Godot Engine v4.8.dev7.official.c971f93e7 - https://godotengine.org

S03R {"can_draw":false,"display":"headless","engine":"4.8-dev7 (official)","event":"start","pid":204305,"profile":"adverse","renderer":"forward_plus","role":"client","time_ms":2187,"user_dir":"/tmp/s03-r-fix-enet/adverse/client/user/data/godot/app_userdata/Fun Things","wall_ms":1791412046809.42,"window_mode":1,"window_visible":true}
S03R {"entity":2,"event":"apply","pose":{"control":1,"durable":2,"entity":2,"position":[6.0,0.00100000004749745,14.0],"receipt_ms":2180,"sequence":0,"tick":125,"velocity":[0.0,0.0,0.0],"yaw":0.0},"position":[6.0,0.00100000004749745,14.0],"time_ms":2187,"wall_ms":1791412046809.59,"yaw":0.0}
S03R {"event":"input","index":1,"move":1.0,"position":[6.0,0.00100000004749745,14.0],"role":"client","sequence_floor":1,"tick":1,"time_ms":2208,"turn":0.0,"wall_ms":1791412046830.16,"yaw":0.0}
S03R {"event":"keys","move":1.0,"role":"client","tick":1,"time_ms":2208,"turn":0.0,"wall_ms":1791412046830.19}
S03R {"event":"keys","move":0.0,"role":"client","tick":12,"time_ms":2387,"turn":0.0,"wall_ms":1791412047009.55}
S03R {"entity":1,"event":"apply","pose":{"control":1,"durable":2,"entity":1,"position":[0.0,0.00100011611357331,6.0],"receipt_ms":2401,"sequence":0,"tick":144,"velocity":[0.0,0.0,0.0],"yaw":0.0},"position":[0.0,0.00100011611357331,6.0],"time_ms":2408,"wall_ms":1791412047030.23,"yaw":0.0}
S03R {"entity":2,"event":"apply","pose":{"control":1,"durable":2,"entity":2,"position":[6.0,0.00100005290005356,14.0],"receipt_ms":2401,"sequence":0,"tick":144,"velocity":[0.0,0.0,0.0],"yaw":0.0},"position":[6.0,0.00100005290005356,14.0],"time_ms":2408,"wall_ms":1791412047030.28,"yaw":0.0}
S03R {"entity":1,"event":"apply","pose":{"control":1,"durable":2,"entity":1,"position":[0.0,0.00100011611357331,6.0],"receipt_ms":2484,"sequence":2,"tick":147,"velocity":[0.0,0.0,0.0],"yaw":0.0},"position":[0.0,0.00100011611357331,6.0],"time_ms":2491,"wall_ms":1791412047113.08,"yaw":0.0}
S03R {"entity":2,"event":"apply","pose":{"control":1,"durable":2,"entity":2,"position":[6.0,0.00100005290005356,13.9166669845581],"receipt_ms":2484,"sequence":2,"tick":147,"velocity":[0.0,0.0,-5.0],"yaw":0.0},"position":[6.0,0.00100005290005356,13.9166669845581],"time_ms":2491,"wall_ms":1791412047113.14,"yaw":0.0}
S03R {"entity":1,"event":"apply","pose":{"control":1,"durable":2,"entity":1,"position":[0.0,0.00100011611357331,6.0],"receipt_ms":2553,"sequence":3,"tick":150,"velocity":[0.0,0.0,0.0],"yaw":0.0},"position":[0.0,0.00100011611357331,6.0],"time_ms":2560,"wall_ms":1791412047182.08,"yaw":0.0}
S03R {"entity":2,"event":"apply","pose":{"control":1,"durable":2,"entity":2,"position":[6.0,0.00100005290005356,13.6666679382324],"receipt_ms":2553,"sequence":2,"tick":150,"velocity":[0.0,0.0,-5.0],"yaw":0.0},"position":[6.0,0.00100005290005356,13.6666679382324],"time_ms":2560,"wall_ms":1791412047182.13,"yaw":0.0}
S03R {"entity":1,"event":"apply","pose":{"control":1,"durable":2,"entity":1,"position":[0.0,0.00100011611357331,6.0],"receipt_ms":2622,"sequence":5,"tick":153,"velocity":[0.0,0.0,0.0],"yaw":0.0},"position":[0.0,0.00100011611357331,6.0],"time_ms":2642,"wall_ms":1791412047264.83,"yaw":0.0}
S03R {"entity":2,"event":"apply","pose":{"control":1,"durable":2,"entity":2,"position":[6.0,0.00100005290005356,13.4166688919067],"receipt_ms":2622,"sequence":4,"tick":153,"velocity":[0.0,0.0,-5.0],"yaw":0.0},"position":[6.0,0.00100005290005356,13.4166688919067],"time_ms":2642,"wall_ms":1791412047264.89,"yaw":0.0}
S03R {"event":"input","index":2,"move":0.0,"position":[6.0,0.00100005290005356,13.4166688919067],"role":"client","sequence_floor":15,"tick":30,"time_ms":2691,"turn":1.0,"wall_ms":1791412047313.18,"yaw":0.0}
S03R {"event":"keys","move":0.0,"role":"client","tick":30,"time_ms":2691,"turn":1.0,"wall_ms":1791412047313.22}
S03R {"entity":1,"event":"apply","pose":{"control":1,"durable":2,"entity":1,"position":[0.0,0.00100011611357331,6.0],"receipt_ms":2711,"sequence":9,"tick":162,"velocity":[0.0,0.0,0.0],"yaw":0.0},"position":[0.0,0.00100011611357331,6.0],"time_ms":2725,"wall_ms":1791412047347.67,"yaw":0.0}
S03R {"entity":2,"event":"apply","pose":{"control":1,"durable":2,"entity":2,"position":[6.0,0.00100005290005356,13.0833368301392],"receipt_ms":2711,"sequence":9,"tick":162,"velocity":[0.0,0.0,0.0],"yaw":0.0},"position":[6.0,0.00100005290005356,13.0833368301392],"time_ms":2725,"wall_ms":1791412047347.74,"yaw":0.0}
S03R {"entity":1,"event":"apply","pose":{"control":1,"durable":2,"entity":1,"position":[0.0,0.00100011611357331,6.0],"receipt_ms":2801,"sequence":12,"tick":168,"velocity":[0.0,0.0,0.0],"yaw":0.0},"position":[0.0,0.00100011611357331,6.0],"time_ms":2808,"wall_ms":1791412047430.43,"yaw":0.0}
S03R {"entity":2,"event":"apply","pose":{"control":1,"durable":2,"entity":2,"position":[6.0,0.00100005290005356,13.0833368301392],"receipt_ms":2801,"sequence":11,"tick":168,"velocity":[0.0,0.0,0.0],"yaw":0.0},"position":[6.0,0.00100005290005356,13.0833368301392],"time_ms":2808,"wall_ms":1791412047430.49,"yaw":0.0}
S03R {"event":"keys","move":0.0,"role":"client","tick":42,"time_ms":2891,"turn":0.0,"wall_ms":1791412047513.27}
S03R {"entity":1,"event":"apply","pose":{"control":1,"durable":2,"entity":1,"position":[0.0,0.00100011611357331,6.0],"receipt_ms":2953,"sequence":15,"tick":174,"velocity":[0.0,0.0,0.0],"yaw":0.0},"position":[0.0,0.00100011611357331,6.0],"time_ms":2960,"wall_ms":1791412047582.32,"yaw":0.0}
S03R {"entity":2,"event":"apply","pose":{"control":1,"durable":2,"entity":2,"position":[6.0,0.00100005290005356,13.0833368301392],"receipt_ms":2953,"sequence":15,"tick":174,"velocity":[0.0,0.0,0.0],"yaw":-0.157079622149467},"position":[6.0,0.00100005290005356,13.0833368301392],"time_ms":2960,"wall_ms":1791412047582.4,"yaw":-0.157079622149467}
S03R {"entity":1,"event":"apply","pose":{"control":1,"durable":2,"entity":1,"position":[0.0,0.00100011611357331,6.0],"receipt_ms":3001,"sequence":17,"tick":177,"velocity":[0.0,0.0,0.0],"yaw":0.0},"position":[0.0,0.00100011611357331,6.0],"time_ms":3008,"wall_ms":1791412047630.53,"yaw":0.0}
S03R {"entity":2,"event":"apply","pose":{"control":1,"durable":2,"entity":2,"position":[6.0,0.00100005290005356,13.0833368301392],"receipt_ms":3001,"sequence":15,"tick":177,"velocity":[0.0,0.0,0.0],"yaw":-0.314159244298935},"position":[6.0,0.00100005290005356,13.0833368301392],"time_ms":3008,"wall_ms":1791412047630.57,"yaw":-0.314159244298935}
S03R {"entity":1,"event":"apply","pose":{"control":1,"durable":2,"entity":1,"position":[0.0,0.00100011611357331,6.0],"receipt_ms":3050,"sequence":18,"tick":180,"velocity":[0.0,0.0,0.0],"yaw":0.0},"position":[0.0,0.00100011611357331,6.0],"time_ms":3056,"wall_ms":1791412047678.87,"yaw":0.0}
S03R {"entity":2,"event":"apply","pose":{"control":1,"durable":2,"entity":2,"position":[6.0,0.00100005290005356,13.0833368301392],"receipt_ms":3050,"sequence":18,"tick":180,"velocity":[0.0,0.0,0.0],"yaw":-0.471238851547241},"position":[6.0,0.00100005290005356,13.0833368301392],"time_ms":3056,"wall_ms":1791412047678.93,"yaw":-0.471238851547241}
S03R {"entity":1,"event":"apply","pose":{"control":1,"durable":2,"entity":1,"position":[0.0,0.00100011611357331,6.0],"receipt_ms":3119,"sequence":21,"tick":186,"velocity":[0.0,0.0,0.0],"yaw":0.0},"position":[0.0,0.00100011611357331,6.0],"time_ms":3125,"wall_ms":1791412047747.89,"yaw":0.0}
S03R {"entity":2,"event":"apply","pose":{"control":1,"durable":2,"entity":2,"position":[6.0,0.00100005290005356,13.0833368301392],"receipt_ms":3119,"sequence":20,"tick":186,"velocity":[0.0,0.0,0.0],"yaw":-0.785398185253143},"position":[6.0,0.00100005290005356,13.0833368301392],"time_ms":3126,"wall_ms":1791412047747.95,"yaw":-0.785398185253143}
S03R {"event":"input","index":3,"move":1.0,"position":[6.0,0.00100005290005356,13.0833368301392],"role":"client","sequence_floor":30,"tick":60,"time_ms":3188,"turn":0.0,"wall_ms":1791412047809.97,"yaw":-0.785398185253143}
S03R {"event":"keys","move":1.0,"role":"client","tick":60,"time_ms":3188,"turn":0.0,"wall_ms":1791412047810.01}
S03R {"entity":1,"event":"apply","pose":{"control":1,"durable":2,"entity":1,"position":[0.0,0.00100011611357331,6.0],"receipt_ms":3181,"sequence":23,"tick":189,"velocity":[0.0,0.0,0.0],"yaw":0.0},"position":[0.0,0.00100011611357331,6.0],"time_ms":3188,"wall_ms":1791412047810.07,"yaw":0.0}
S03R {"entity":2,"event":"apply","pose":{"control":1,"durable":2,"entity":2,"position":[6.0,0.00100005290005356,13.0833368301392],"receipt_ms":3181,"sequence":22,"tick":189,"velocity":[0.0,0.0,0.0],"yaw":-0.837758123874664},"position":[6.0,0.00100005290005356,13.0833368301392],"time_ms":3188,"wall_ms":1791412047810.12,"yaw":-0.837758123874664}
S03R {"entity":1,"event":"apply","pose":{"control":1,"durable":2,"entity":1,"position":[0.0,0.00100011611357331,6.0],"receipt_ms":3215,"sequence":24,"tick":192,"velocity":[0.0,0.0,0.0],"yaw":0.0},"position":[0.0,0.00100011611357331,6.0],"time_ms":3222,"wall_ms":1791412047844.5,"yaw":0.0}
S03R {"entity":2,"event":"apply","pose":{"control":1,"durable":2,"entity":2,"position":[6.0,0.00100005290005356,13.0833368301392],"receipt_ms":3215,"sequence":23,"tick":192,"velocity":[0.0,0.0,0.0],"yaw":-0.837758123874664},"position":[6.0,0.00100005290005356,13.0833368301392],"time_ms":3222,"wall_ms":1791412047844.56,"yaw":-0.837758123874664}
S03R {"entity":1,"event":"apply","pose":{"control":1,"durable":2,"entity":1,"position":[0.0,0.00100011611357331,6.0],"receipt_ms":3291,"sequence":26,"tick":195,"velocity":[0.0,0.0,0.0],"yaw":0.0},"position":[0.0,0.00100011611357331,6.0],"time_ms":3305,"wall_ms":1791412047927.23,"yaw":0.0}
S03R {"entity":2,"event":"apply","pose":{"control":1,"durable":2,"entity":2,"position":[6.0,0.00100005290005356,13.0833368301392],"receipt_ms":3291,"sequence":24,"tick":195,"velocity":[0.0,0.0,0.0],"yaw":-0.837758123874664},"position":[6.0,0.00100005290005356,13.0833368301392],"time_ms":3305,"wall_ms":1791412047927.29,"yaw":-0.837758123874664}
S03R {"entity":1,"event":"apply","pose":{"control":1,"durable":2,"entity":1,"position":[0.0,0.00100011611357331,6.0],"receipt_ms":3305,"sequence":27,"tick":198,"velocity":[0.0,0.0,0.0],"yaw":0.0},"position":[0.0,0.00100011611357331,6.0],"time_ms":3326,"wall_ms":1791412047947.98,"yaw":0.0}
S03R {"entity":2,"event":"apply","pose":{"control":1,"durable":2,"entity":2,"position":[6.0,0.00100005290005356,13.0833368301392],"receipt_ms":3305,"sequence":27,"tick":198,"velocity":[0.0,0.0,0.0],"yaw":-0.837758123874664},"position":[6.0,0.00100005290005356,13.0833368301392],"time_ms":3326,"wall_ms":1791412047948.04,"yaw":-0.837758123874664}
S03R {"entity":1,"event":"apply","pose":{"control":1,"durable":2,"entity":1,"position":[0.0,0.00100011611357331,6.0],"receipt_ms":3353,"sequence":29,"tick":201,"velocity":[0.0,0.0,0.0],"yaw":0.0},"position":[0.0,0.00100011611357331,6.0],"time_ms":3360,"wall_ms":1791412047982.48,"yaw":0.0}
S03R {"entity":2,"event":"apply","pose":{"control":1,"durable":2,"entity":2,"position":[6.0,0.00100005290005356,13.0833368301392],"receipt_ms":3353,"sequence":27,"tick":201,"velocity":[0.0,0.0,0.0],"yaw":-0.837758123874664},"position":[6.0,0.00100005290005356,13.0833368301392],"time_ms":3360,"wall_ms":1791412047982.53,"yaw":-0.837758123874664}
S03R {"event":"keys","move":0.0,"role":"client","tick":72,"time_ms":3388,"turn":0.0,"wall_ms":1791412048010.05}
S03R {"entity":1,"event":"apply","pose":{"control":1,"durable":2,"entity":1,"position":[0.0,0.00100011611357331,6.0],"receipt_ms":3436,"sequence":30,"tick":204,"velocity":[0.0,0.0,0.0],"yaw":0.0},"position":[0.0,0.00100011611357331,6.0],"time_ms":3443,"wall_ms":1791412048065.25,"yaw":0.0}
S03R {"entity":2,"event":"apply","pose":{"control":1,"durable":2,"entity":2,"position":[6.0,0.00100005290005356,13.0833368301392],"receipt_ms":3436,"sequence":29,"tick":204,"velocity":[0.0,0.0,0.0],"yaw":-0.837758123874664},"position":[6.0,0.00100005290005356,13.0833368301392],"time_ms":3443,"wall_ms":1791412048065.31,"yaw":-0.837758123874664}
S03R {"entity":1,"event":"apply","pose":{"control":1,"durable":2,"entity":1,"position":[0.0,0.00100011611357331,6.0],"receipt_ms":3464,"sequence":32,"tick":207,"velocity":[0.0,0.0,0.0],"yaw":0.0},"position":[0.0,0.00100011611357331,6.0],"time_ms":3470,"wall_ms":1791412048092.84,"yaw":0.0}
S03R {"entity":2,"event":"apply","pose":{"control":1,"durable":2,"entity":2,"position":[6.12385749816895,0.00100005290005356,12.9718141555786],"receipt_ms":3464,"sequence":32,"tick":207,"velocity":[3.71572375297546,0.0,-3.34565210342407],"yaw":-0.837758123874664},"position":[6.12385749816895,0.00100005290005356,12.9718141555786],"time_ms":3470,"wall_ms":1791412048092.9,"yaw":-0.837758123874664}
S03R {"entity":1,"event":"apply","pose":{"control":1,"durable":2,"entity":1,"position":[0.0,0.00100011611357331,6.0],"receipt_ms":3553,"sequence":35,"tick":213,"velocity":[0.0,0.0,0.0],"yaw":0.0},"position":[0.0,0.00100011611357331,6.0],"time_ms":3560,"wall_ms":1791412048182.58,"yaw":0.0}
S03R {"entity":2,"event":"apply","pose":{"control":1,"durable":2,"entity":2,"position":[6.49542999267578,0.00100005290005356,12.637246131897],"receipt_ms":3553,"sequence":34,"tick":213,"velocity":[3.71572375297546,0.0,-3.34565210342407],"yaw":-0.837758123874664},"position":[6.49542999267578,0.00100005290005356,12.637246131897],"time_ms":3560,"wall_ms":1791412048182.64,"yaw":-0.837758123874664}
S03R {"event":"input","index":4,"move":0.0,"position":[6.49542999267578,0.00100005290005356,12.637246131897],"role":"client","sequence_floor":45,"tick":90,"time_ms":3691,"turn":-1.0,"wall_ms":1791412048313.69,"yaw":-0.837758123874664}
S03R {"event":"keys","move":0.0,"role":"client","tick":90,"time_ms":3691,"turn":-1.0,"wall_ms":1791412048313.74}
S03R {"entity":1,"event":"apply","pose":{"control":1,"durable":2,"entity":1,"position":[0.0,0.00100011611357331,6.0],"receipt_ms":3692,"sequence":36,"tick":216,"velocity":[0.0,0.0,0.0],"yaw":0.0},"position":[0.0,0.00100011611357331,6.0],"time_ms":3705,"wall_ms":1791412048327.45,"yaw":0.0}
S03R {"entity":2,"event":"apply","pose":{"control":1,"durable":2,"entity":2,"position":[6.61928749084473,0.00100005290005356,12.5257234573364],"receipt_ms":3692,"sequence":36,"tick":216,"velocity":[0.0,0.0,0.0],"yaw":-0.837758123874664},"position":[6.61928749084473,0.00100005290005356,12.5257234573364],"time_ms":3705,"wall_ms":1791412048327.5,"yaw":-0.837758123874664}
S03R {"entity":1,"event":"apply","pose":{"control":1,"durable":2,"entity":1,"position":[0.0,0.00100011611357331,6.0],"receipt_ms":3740,"sequence":38,"tick":219,"velocity":[0.0,0.0,0.0],"yaw":0.0},"position":[0.0,0.00100011611357331,6.0],"time_ms":3760,"wall_ms":1791412048382.7,"yaw":0.0}
S03R {"entity":2,"event":"apply","pose":{"control":1,"durable":2,"entity":2,"position":[6.61928749084473,0.00100005290005356,12.5257234573364],"receipt_ms":3740,"sequence":37,"tick":219,"velocity":[0.0,0.0,0.0],"yaw":-0.837758123874664},"position":[6.61928749084473,0.00100005290005356,12.5257234573364],"time_ms":3760,"wall_ms":1791412048382.76,"yaw":-0.837758123874664}
S03R {"entity":1,"event":"apply","pose":{"control":1,"durable":2,"entity":1,"position":[0.0,0.00100011611357331,6.0],"receipt_ms":3761,"sequence":39,"tick":222,"velocity":[0.0,0.0,0.0],"yaw":0.0},"position":[0.0,0.00100011611357331,6.0],"time_ms":3774,"wall_ms":1791412048396.45,"yaw":0.0}
S03R {"entity":2,"event":"apply","pose":{"control":1,"durable":2,"entity":2,"position":[6.61928749084473,0.00100005290005356,12.5257234573364],"receipt_ms":3761,"sequence":38,"tick":222,"velocity":[0.0,0.0,0.0],"yaw":-0.837758123874664},"position":[6.61928749084473,0.00100005290005356,12.5257234573364],"time_ms":3774,"wall_ms":1791412048396.5,"yaw":-0.837758123874664}
S03R {"entity":1,"event":"apply","pose":{"control":1,"durable":2,"entity":1,"position":[0.0,0.00100011611357331,6.0],"receipt_ms":3802,"sequence":42,"tick":228,"velocity":[0.0,0.0,0.0],"yaw":0.0},"position":[0.0,0.00100011611357331,6.0],"time_ms":3809,"wall_ms":1791412048430.95,"yaw":0.0}
S03R {"entity":2,"event":"apply","pose":{"control":1,"durable":2,"entity":2,"position":[6.61928749084473,0.00100005290005356,12.5257234573364],"receipt_ms":3802,"sequence":41,"tick":228,"velocity":[0.0,0.0,0.0],"yaw":-0.837758123874664},"position":[6.61928749084473,0.00100005290005356,12.5257234573364],"time_ms":3809,"wall_ms":1791412048431.0,"yaw":-0.837758123874664}
S03R {"event":"keys","move":0.0,"role":"client","tick":102,"time_ms":3891,"turn":0.0,"wall_ms":1791412048513.78}
S03R {"entity":1,"event":"apply","pose":{"control":1,"durable":2,"entity":1,"position":[0.0,0.00100011611357331,6.0],"receipt_ms":3906,"sequence":45,"tick":234,"velocity":[0.0,0.0,0.0],"yaw":0.0},"position":[0.0,0.00100011611357331,6.0],"time_ms":3926,"wall_ms":1791412048548.26,"yaw":0.0}
S03R {"entity":2,"event":"apply","pose":{"control":1,"durable":2,"entity":2,"position":[6.61928749084473,0.00100005290005356,12.5257234573364],"receipt_ms":3906,"sequence":44,"tick":234,"velocity":[0.0,0.0,0.0],"yaw":-0.837758123874664},"position":[6.61928749084473,0.00100005290005356,12.5257234573364],"time_ms":3926,"wall_ms":1791412048548.29,"yaw":-0.837758123874664}
S03R {"entity":1,"event":"apply","pose":{"control":1,"durable":2,"entity":1,"position":[0.0,0.00100011611357331,6.0],"receipt_ms":4036,"sequence":48,"tick":240,"velocity":[0.0,0.0,0.0],"yaw":0.0},"position":[0.0,0.00100011611357331,6.0],"time_ms":4043,"wall_ms":1791412048665.56,"yaw":0.0}
S03R {"entity":2,"event":"apply","pose":{"control":1,"durable":2,"entity":2,"position":[6.61928749084473,0.00100005290005356,12.5257234573364],"receipt_ms":4036,"sequence":48,"tick":240,"velocity":[0.0,0.0,0.0],"yaw":-0.628318607807159},"position":[6.61928749084473,0.00100005290005356,12.5257234573364],"time_ms":4043,"wall_ms":1791412048665.63,"yaw":-0.628318607807159}
S03R {"entity":1,"event":"apply","pose":{"control":1,"durable":2,"entity":1,"position":[0.0,0.00100011611357331,6.0],"receipt_ms":4071,"sequence":50,"tick":243,"velocity":[0.0,0.0,0.0],"yaw":0.0},"position":[0.0,0.00100011611357331,6.0],"time_ms":4091,"wall_ms":1791412048713.9,"yaw":0.0}
S03R {"entity":2,"event":"apply","pose":{"control":1,"durable":2,"entity":2,"position":[6.61928749084473,0.00100005290005356,12.5257234573364],"receipt_ms":4071,"sequence":49,"tick":243,"velocity":[0.0,0.0,0.0],"yaw":-0.471238970756531},"position":[6.61928749084473,0.00100005290005356,12.5257234573364],"time_ms":4092,"wall_ms":1791412048713.96,"yaw":-0.471238970756531}
S03R {"entity":1,"event":"apply","pose":{"control":1,"durable":2,"entity":1,"position":[0.0,0.00100011611357331,6.0],"receipt_ms":4140,"sequence":51,"tick":246,"velocity":[0.0,0.0,0.0],"yaw":0.0},"position":[0.0,0.00100011611357331,6.0],"time_ms":4154,"wall_ms":1791412048776.0,"yaw":0.0}
S03R {"entity":2,"event":"apply","pose":{"control":1,"durable":2,"entity":2,"position":[6.61928749084473,0.00100005290005356,12.5257234573364],"receipt_ms":4140,"sequence":50,"tick":246,"velocity":[0.0,0.0,0.0],"yaw":-0.314159274101257},"position":[6.61928749084473,0.00100005290005356,12.5257234573364],"time_ms":4154,"wall_ms":1791412048776.06,"yaw":-0.314159274101257}
S03R {"event":"input","index":5,"move":1.0,"position":[6.61928749084473,0.00100005290005356,12.5257234573364],"role":"client","sequence_floor":60,"tick":120,"time_ms":4188,"turn":0.0,"wall_ms":1791412048810.5,"yaw":-0.314159274101257}
S03R {"event":"keys","move":1.0,"role":"client","tick":120,"time_ms":4188,"turn":0.0,"wall_ms":1791412048810.54}
S03R {"entity":1,"event":"apply","pose":{"control":1,"durable":2,"entity":1,"position":[0.0,0.00100011611357331,6.0],"receipt_ms":4223,"sequence":54,"tick":252,"velocity":[0.0,0.0,0.0],"yaw":0.0},"position":[0.0,0.00100011611357331,6.0],"time_ms":4243,"wall_ms":1791412048865.66,"yaw":0.0}
S03R {"entity":2,"event":"apply","pose":{"control":1,"durable":2,"entity":2,"position":[6.61928749084473,0.00100005290005356,12.5257234573364],"receipt_ms":4223,"sequence":54,"tick":252,"velocity":[0.0,0.0,0.0],"yaw":-0.314159274101257},"position":[6.61928749084473,0.00100005290005356,12.5257234573364],"time_ms":4243,"wall_ms":1791412048865.72,"yaw":-0.314159274101257}
S03R {"entity":1,"event":"apply","pose":{"control":1,"durable":2,"entity":1,"position":[0.0,0.00100011611357331,6.0],"receipt_ms":4271,"sequence":56,"tick":255,"velocity":[0.0,0.0,0.0],"yaw":0.0},"position":[0.0,0.00100011611357331,6.0],"time_ms":4292,"wall_ms":1791412048914.01,"yaw":0.0}
S03R {"entity":2,"event":"apply","pose":{"control":1,"durable":2,"entity":2,"position":[6.61928749084473,0.00100005290005356,12.5257234573364],"receipt_ms":4271,"sequence":54,"tick":255,"velocity":[0.0,0.0,0.0],"yaw":-0.314159274101257},"position":[6.61928749084473,0.00100005290005356,12.5257234573364],"time_ms":4292,"wall_ms":1791412048914.07,"yaw":-0.314159274101257}
S03R {"entity":1,"event":"apply","pose":{"control":1,"durable":2,"entity":1,"position":[0.0,0.00100011611357331,6.0],"receipt_ms":4312,"sequence":57,"tick":258,"velocity":[0.0,0.0,0.0],"yaw":0.0},"position":[0.0,0.00100011611357331,6.0],"time_ms":4326,"wall_ms":1791412048948.5,"yaw":0.0}
S03R {"entity":2,"event":"apply","pose":{"control":1,"durable":2,"entity":2,"position":[6.61928749084473,0.00100005290005356,12.5257234573364],"receipt_ms":4312,"sequence":55,"tick":258,"velocity":[0.0,0.0,0.0],"yaw":-0.314159274101257},"position":[6.61928749084473,0.00100005290005356,12.5257234573364],"time_ms":4326,"wall_ms":1791412048948.56,"yaw":-0.314159274101257}
S03R {"event":"keys","move":0.0,"role":"client","tick":132,"time_ms":4388,"turn":0.0,"wall_ms":1791412049010.58}
S03R {"entity":1,"event":"apply","pose":{"control":1,"durable":2,"entity":1,"position":[0.0,0.00100011611357331,6.0],"receipt_ms":4402,"sequence":59,"tick":261,"velocity":[0.0,0.0,0.0],"yaw":0.0},"position":[0.0,0.00100011611357331,6.0],"time_ms":4409,"wall_ms":1791412049031.27,"yaw":0.0}
S03R {"entity":2,"event":"apply","pose":{"control":1,"durable":2,"entity":2,"position":[6.61928749084473,0.00100005290005356,12.5257234573364],"receipt_ms":4402,"sequence":58,"tick":261,"velocity":[0.0,0.0,0.0],"yaw":-0.314159274101257},"position":[6.61928749084473,0.00100005290005356,12.5257234573364],"time_ms":4409,"wall_ms":1791412049031.32,"yaw":-0.314159274101257}
S03R {"entity":1,"event":"apply","pose":{"control":1,"durable":2,"entity":1,"position":[0.0,0.00100011611357331,6.10000038146973],"receipt_ms":4478,"sequence":60,"tick":264,"velocity":[0.0,0.0,3.0],"yaw":0.0},"position":[0.0,0.00100011611357331,6.10000038146973],"time_ms":4492,"wall_ms":1791412049114.11,"yaw":0.0}
S03R {"entity":2,"event":"apply","pose":{"control":1,"durable":2,"entity":2,"position":[6.61928749084473,0.00100005290005356,12.5257234573364],"receipt_ms":4478,"sequence":59,"tick":264,"velocity":[0.0,0.0,0.0],"yaw":-0.314159274101257},"position":[6.61928749084473,0.00100005290005356,12.5257234573364],"time_ms":4492,"wall_ms":1791412049114.17,"yaw":-0.314159274101257}
S03R {"entity":1,"event":"apply","pose":{"control":1,"durable":2,"entity":1,"position":[0.0,0.00100011611357331,6.40000152587891],"receipt_ms":4519,"sequence":63,"tick":270,"velocity":[0.0,0.0,3.0],"yaw":0.0},"position":[0.0,0.00100011611357331,6.40000152587891],"time_ms":4526,"wall_ms":1791412049148.61,"yaw":0.0}
S03R {"entity":2,"event":"apply","pose":{"control":1,"durable":2,"entity":2,"position":[6.77379703521729,0.00100005290005356,12.0501928329468],"receipt_ms":4519,"sequence":62,"tick":270,"velocity":[1.54508447647095,0.0,-4.7552809715271],"yaw":-0.314159274101257},"position":[6.77379703521729,0.00100005290005356,12.0501928329468],"time_ms":4526,"wall_ms":1791412049148.66,"yaw":-0.314159274101257}
S03R {"entity":1,"event":"apply","pose":{"control":1,"durable":2,"entity":1,"position":[0.0,0.00100011611357331,6.5500020980835],"receipt_ms":4568,"sequence":65,"tick":273,"velocity":[0.0,0.0,3.0],"yaw":0.0},"position":[0.0,0.00100011611357331,6.5500020980835],"time_ms":4574,"wall_ms":1791412049196.86,"yaw":0.0}
S03R {"entity":2,"event":"apply","pose":{"control":1,"durable":2,"entity":2,"position":[6.85105180740356,0.00100005290005356,11.812427520752],"receipt_ms":4568,"sequence":64,"tick":273,"velocity":[1.54508447647095,0.0,-4.7552809715271],"yaw":-0.314159274101257},"position":[6.85105180740356,0.00100005290005356,11.812427520752],"time_ms":4574,"wall_ms":1791412049196.92,"yaw":-0.314159274101257}
S03R {"entity":1,"event":"apply","pose":{"control":1,"durable":2,"entity":1,"position":[0.0,0.00100011611357331,6.70000267028809],"receipt_ms":4644,"sequence":66,"tick":276,"velocity":[0.0,0.0,3.0],"yaw":0.0},"position":[0.0,0.00100011611357331,6.70000267028809],"time_ms":4657,"wall_ms":1791412049279.72,"yaw":0.0}
S03R {"entity":2,"event":"apply","pose":{"control":1,"durable":2,"entity":2,"position":[6.92830657958984,0.00100005290005356,11.5746622085571],"receipt_ms":4644,"sequence":65,"tick":276,"velocity":[1.54508447647095,0.0,-4.7552809715271],"yaw":-0.314159274101257},"position":[6.92830657958984,0.00100005290005356,11.5746622085571],"time_ms":4657,"wall_ms":1791412049279.78,"yaw":-0.314159274101257}
S03R {"event":"input","index":6,"move":0.0,"position":[6.92830657958984,0.00100005290005356,11.5746622085571],"role":"client","sequence_floor":75,"tick":150,"time_ms":4692,"turn":1.0,"wall_ms":1791412049314.2,"yaw":-0.314159274101257}
S03R {"event":"keys","move":0.0,"role":"client","tick":150,"time_ms":4692,"turn":1.0,"wall_ms":1791412049314.25}
S03R {"entity":1,"event":"apply","pose":{"control":1,"durable":2,"entity":1,"position":[0.0,0.00100011611357331,6.85000324249268],"receipt_ms":4671,"sequence":68,"tick":279,"velocity":[0.0,0.0,3.0],"yaw":0.0},"position":[0.0,0.00100011611357331,6.85000324249268],"time_ms":4692,"wall_ms":1791412049314.32,"yaw":0.0}
S03R {"entity":2,"event":"apply","pose":{"control":1,"durable":2,"entity":2,"position":[6.9540581703186,0.00100005290005356,11.4954071044922],"receipt_ms":4671,"sequence":66,"tick":279,"velocity":[0.0,0.0,0.0],"yaw":-0.314159274101257},"position":[6.9540581703186,0.00100005290005356,11.4954071044922],"time_ms":4692,"wall_ms":1791412049314.38,"yaw":-0.314159274101257}
S03R {"entity":1,"event":"apply","pose":{"control":1,"durable":2,"entity":1,"position":[0.0,0.00100011611357331,7.00000381469727],"receipt_ms":4727,"sequence":69,"tick":282,"velocity":[0.0,0.0,3.0],"yaw":0.0},"position":[0.0,0.00100011611357331,7.00000381469727],"time_ms":4740,"wall_ms":1791412049362.46,"yaw":0.0}
S03R {"entity":2,"event":"apply","pose":{"control":1,"durable":2,"entity":2,"position":[6.9540581703186,0.00100005290005356,11.4954071044922],"receipt_ms":4727,"sequence":70,"tick":282,"velocity":[0.0,0.0,0.0],"yaw":-0.314159274101257},"position":[6.9540581703186,0.00100005290005356,11.4954071044922],"time_ms":4740,"wall_ms":1791412049362.52,"yaw":-0.314159274101257}
S03R {"entity":1,"event":"apply","pose":{"control":1,"durable":2,"entity":1,"position":[0.0,0.00100011611357331,7.15000438690186],"receipt_ms":4781,"sequence":71,"tick":285,"velocity":[0.0,0.0,3.0],"yaw":0.0},"position":[0.0,0.00100011611357331,7.15000438690186],"time_ms":4788,"wall_ms":1791412049410.82,"yaw":0.0}
S03R {"entity":2,"event":"apply","pose":{"control":1,"durable":2,"entity":2,"position":[6.9540581703186,0.00100005290005356,11.4954071044922],"receipt_ms":4781,"sequence":70,"tick":285,"velocity":[0.0,0.0,0.0],"yaw":-0.314159274101257},"position":[6.9540581703186,0.00100005290005356,11.4954071044922],"time_ms":4788,"wall_ms":1791412049410.88,"yaw":-0.314159274101257}
S03R {"event":"keys","move":0.0,"role":"client","tick":162,"time_ms":4892,"turn":0.0,"wall_ms":1791412049514.29}
S03R {"entity":1,"event":"apply","pose":{"control":1,"durable":2,"entity":1,"position":[0.0,0.00100011611357331,7.30000495910645],"receipt_ms":4892,"sequence":72,"tick":288,"velocity":[0.0,0.0,3.0],"yaw":0.0},"position":[0.0,0.00100011611357331,7.30000495910645],"time_ms":4906,"wall_ms":1791412049528.07,"yaw":0.0}
S03R {"entity":2,"event":"apply","pose":{"control":1,"durable":2,"entity":2,"position":[6.9540581703186,0.00100005290005356,11.4954071044922],"receipt_ms":4892,"sequence":71,"tick":288,"velocity":[0.0,0.0,0.0],"yaw":-0.314159274101257},"position":[6.9540581703186,0.00100005290005356,11.4954071044922],"time_ms":4906,"wall_ms":1791412049528.12,"yaw":-0.314159274101257}
S03R {"entity":1,"event":"apply","pose":{"control":1,"durable":2,"entity":1,"position":[0.0,0.00100011611357331,7.60000610351562],"receipt_ms":4919,"sequence":75,"tick":294,"velocity":[0.0,0.0,3.0],"yaw":0.0},"position":[0.0,0.00100011611357331,7.60000610351562],"time_ms":4926,"wall_ms":1791412049548.81,"yaw":0.0}
S03R {"entity":2,"event":"apply","pose":{"control":1,"durable":2,"entity":2,"position":[6.9540581703186,0.00100005290005356,11.4954071044922],"receipt_ms":4919,"sequence":74,"tick":294,"velocity":[0.0,0.0,0.0],"yaw":-0.314159274101257},"position":[6.9540581703186,0.00100005290005356,11.4954071044922],"time_ms":4926,"wall_ms":1791412049548.87,"yaw":-0.314159274101257}
S03R {"entity":1,"event":"apply","pose":{"control":1,"durable":2,"entity":1,"position":[0.0,0.00100011611357331,7.75000667572021],"receipt_ms":5002,"sequence":77,"tick":297,"velocity":[0.0,0.0,3.0],"yaw":0.0},"position":[0.0,0.00100011611357331,7.75000667572021],"time_ms":5009,"wall_ms":1791412049631.58,"yaw":0.0}
S03R {"entity":2,"event":"apply","pose":{"control":1,"durable":2,"entity":2,"position":[6.9540581703186,0.00100005290005356,11.4954071044922],"receipt_ms":5002,"sequence":77,"tick":297,"velocity":[0.0,0.0,0.0],"yaw":-0.418879061937332},"position":[6.9540581703186,0.00100005290005356,11.4954071044922],"time_ms":5009,"wall_ms":1791412049631.64,"yaw":-0.418879061937332}
S03R {"entity":1,"event":"apply","pose":{"control":1,"durable":2,"entity":1,"position":[0.0,0.00100011611357331,7.9000072479248],"receipt_ms":5078,"sequence":78,"tick":300,"velocity":[0.0,0.0,3.0],"yaw":0.0},"position":[0.0,0.00100011611357331,7.9000072479248],"time_ms":5092,"wall_ms":1791412049714.42,"yaw":0.0}
S03R {"entity":2,"event":"apply","pose":{"control":1,"durable":2,"entity":2,"position":[6.9540581703186,0.00100005290005356,11.4954071044922],"receipt_ms":5078,"sequence":78,"tick":300,"velocity":[0.0,0.0,0.0],"yaw":-0.575958669185638},"position":[6.9540581703186,0.00100005290005356,11.4954071044922],"time_ms":5092,"wall_ms":1791412049714.48,"yaw":-0.575958669185638}
S03R {"entity":1,"event":"apply","pose":{"control":1,"durable":2,"entity":1,"position":[0.0,0.00100011611357331,8.05000782012939],"receipt_ms":5099,"sequence":80,"tick":303,"velocity":[0.0,0.0,3.0],"yaw":0.0},"position":[0.0,0.00100011611357331,8.05000782012939],"time_ms":5106,"wall_ms":1791412049728.17,"yaw":0.0}
S03R {"entity":2,"event":"apply","pose":{"control":1,"durable":2,"entity":2,"position":[6.9540581703186,0.00100005290005356,11.4954071044922],"receipt_ms":5099,"sequence":79,"tick":303,"velocity":[0.0,0.0,0.0],"yaw":-0.733038306236267},"position":[6.9540581703186,0.00100005290005356,11.4954071044922],"time_ms":5106,"wall_ms":1791412049728.23,"yaw":-0.733038306236267}
S03R {"entity":1,"event":"apply","pose":{"control":1,"durable":2,"entity":1,"position":[0.0,0.00100011611357331,8.20000839233398],"receipt_ms":5141,"sequence":81,"tick":306,"velocity":[0.0,0.0,3.0],"yaw":0.0},"position":[0.0,0.00100011611357331,8.20000839233398],"time_ms":5154,"wall_ms":1791412049776.51,"yaw":0.0}
S03R {"entity":2,"event":"apply","pose":{"control":1,"durable":2,"entity":2,"position":[6.9540581703186,0.00100005290005356,11.4954071044922],"receipt_ms":5141,"sequence":79,"tick":306,"velocity":[0.0,0.0,0.0],"yaw":-0.890118002891541},"position":[6.9540581703186,0.00100005290005356,11.4954071044922],"time_ms":5154,"wall_ms":1791412049776.57,"yaw":-0.890118002891541}
S03R {"event":"input","index":7,"move":1.0,"position":[6.9540581703186,0.00100005290005356,11.4954071044922],"role":"client","sequence_floor":90,"tick":180,"time_ms":5189,"turn":0.0,"wall_ms":1791412049811.01,"yaw":-0.890118002891541}
S03R {"event":"keys","move":1.0,"role":"client","tick":180,"time_ms":5189,"turn":0.0,"wall_ms":1791412049811.05}
S03R {"entity":1,"event":"apply","pose":{"control":1,"durable":2,"entity":1,"position":[0.0,0.00100011611357331,8.35000896453857],"receipt_ms":5230,"sequence":83,"tick":309,"velocity":[0.0,0.0,3.0],"yaw":0.0},"position":[0.0,0.00100011611357331,8.35000896453857],"time_ms":5237,"wall_ms":1791412049859.27,"yaw":0.0}
S03R {"entity":2,"event":"apply","pose":{"control":1,"durable":2,"entity":2,"position":[6.9540581703186,0.00100005290005356,11.4954071044922],"receipt_ms":5230,"sequence":81,"tick":309,"velocity":[0.0,0.0,0.0],"yaw":-0.994837820529938},"position":[6.9540581703186,0.00100005290005356,11.4954071044922],"time_ms":5237,"wall_ms":1791412049859.33,"yaw":-0.994837820529938}
S03R {"entity":1,"event":"apply","pose":{"control":1,"durable":2,"entity":1,"position":[0.0,0.00100011611357331,8.50000953674316],"receipt_ms":5237,"sequence":84,"tick":312,"velocity":[0.0,0.0,3.0],"yaw":0.0},"position":[0.0,0.00100011611357331,8.50000953674316],"time_ms":5258,"wall_ms":1791412049880.03,"yaw":0.0}
S03R {"entity":2,"event":"apply","pose":{"control":1,"durable":2,"entity":2,"position":[6.9540581703186,0.00100005290005356,11.4954071044922],"receipt_ms":5237,"sequence":84,"tick":312,"velocity":[0.0,0.0,0.0],"yaw":-0.994837820529938},"position":[6.9540581703186,0.00100005290005356,11.4954071044922],"time_ms":5258,"wall_ms":1791412049880.09,"yaw":-0.994837820529938}
S03R {"entity":1,"event":"apply","pose":{"control":1,"durable":2,"entity":1,"position":[0.0,0.00100011611357331,8.65001010894775],"receipt_ms":5272,"sequence":86,"tick":315,"velocity":[0.0,0.0,3.0],"yaw":0.0},"position":[0.0,0.00100011611357331,8.65001010894775],"time_ms":5292,"wall_ms":1791412049914.52,"yaw":0.0}
S03R {"entity":2,"event":"apply","pose":{"control":1,"durable":2,"entity":2,"position":[6.9540581703186,0.00100005290005356,11.4954071044922],"receipt_ms":5272,"sequence":85,"tick":315,"velocity":[0.0,0.0,0.0],"yaw":-0.994837820529938},"position":[6.9540581703186,0.00100005290005356,11.4954071044922],"time_ms":5292,"wall_ms":1791412049914.58,"yaw":-0.994837820529938}
S03R {"entity":1,"event":"apply","pose":{"control":1,"durable":2,"entity":1,"position":[0.0,0.00100011611357331,8.95001125335693],"receipt_ms":5368,"sequence":89,"tick":321,"velocity":[0.0,0.0,3.0],"yaw":0.0},"position":[0.0,0.00100011611357331,8.95001125335693],"time_ms":5375,"wall_ms":1791412049997.28,"yaw":0.0}
S03R {"entity":2,"event":"apply","pose":{"control":1,"durable":2,"entity":2,"position":[6.9540581703186,0.00100005290005356,11.4954071044922],"receipt_ms":5368,"sequence":88,"tick":321,"velocity":[0.0,0.0,0.0],"yaw":-0.994837820529938},"position":[6.9540581703186,0.00100005290005356,11.4954071044922],"time_ms":5375,"wall_ms":1791412049997.34,"yaw":-0.994837820529938}
S03R {"event":"keys","move":0.0,"role":"client","tick":192,"time_ms":5389,"turn":0.0,"wall_ms":1791412050011.1}
S03R {"entity":1,"event":"apply","pose":{"control":1,"durable":2,"entity":1,"position":[0.0,0.00100011611357331,9.0000114440918],"receipt_ms":5458,"sequence":90,"tick":324,"velocity":[0.0,0.0,0.0],"yaw":0.0},"position":[0.0,0.00100011611357331,9.0000114440918],"time_ms":5471,"wall_ms":1791412050093.88,"yaw":0.0}
S03R {"entity":2,"event":"apply","pose":{"control":1,"durable":2,"entity":2,"position":[7.16372537612915,0.00100005290005356,11.3592481613159],"receipt_ms":5458,"sequence":91,"tick":324,"velocity":[4.19335174560547,0.0,-2.72319340705872],"yaw":-0.994837820529938},"position":[7.16372537612915,0.00100005290005356,11.3592481613159],"time_ms":5471,"wall_ms":1791412050093.94,"yaw":-0.994837820529938}
S03R {"entity":1,"event":"apply","pose":{"control":1,"durable":2,"entity":1,"position":[0.0,0.00100011611357331,9.0000114440918],"receipt_ms":5478,"sequence":92,"tick":327,"velocity":[0.0,0.0,0.0],"yaw":0.0},"position":[0.0,0.00100011611357331,9.0000114440918],"time_ms":5492,"wall_ms":1791412050114.63,"yaw":0.0}
S03R {"entity":2,"event":"apply","pose":{"control":1,"durable":2,"entity":2,"position":[7.3733925819397,0.00100005290005356,11.2230892181396],"receipt_ms":5478,"sequence":91,"tick":327,"velocity":[4.19335174560547,0.0,-2.72319340705872],"yaw":-0.994837820529938},"position":[7.3733925819397,0.00100005290005356,11.2230892181396],"time_ms":5492,"wall_ms":1791412050114.69,"yaw":-0.994837820529938}
S03R {"entity":1,"event":"apply","pose":{"control":1,"durable":2,"entity":1,"position":[0.0,0.00100011611357331,9.0000114440918],"receipt_ms":5520,"sequence":93,"tick":330,"velocity":[0.0,0.0,0.0],"yaw":0.0},"position":[0.0,0.00100011611357331,9.0000114440918],"time_ms":5527,"wall_ms":1791412050149.13,"yaw":0.0}
S03R {"entity":2,"event":"apply","pose":{"control":1,"durable":2,"entity":2,"position":[7.58305978775024,0.00100005290005356,11.0869302749634],"receipt_ms":5520,"sequence":92,"tick":330,"velocity":[4.19335174560547,0.0,-2.72319340705872],"yaw":-0.994837820529938},"position":[7.58305978775024,0.00100005290005356,11.0869302749634],"time_ms":5527,"wall_ms":1791412050149.18,"yaw":-0.994837820529938}
S03R {"entity":1,"event":"apply","pose":{"control":1,"durable":2,"entity":1,"position":[0.0,0.00100011611357331,9.0000114440918],"receipt_ms":5603,"sequence":95,"tick":333,"velocity":[0.0,0.0,0.0],"yaw":0.0},"position":[0.0,0.00100011611357331,9.0000114440918],"time_ms":5609,"wall_ms":1791412050231.88,"yaw":0.0}
S03R {"entity":2,"event":"apply","pose":{"control":1,"durable":2,"entity":2,"position":[7.79272699356079,0.00100005290005356,10.9507713317871],"receipt_ms":5603,"sequence":94,"tick":333,"velocity":[4.19335174560547,0.0,-2.72319340705872],"yaw":-0.994837820529938},"position":[7.79272699356079,0.00100005290005356,10.9507713317871],"time_ms":5609,"wall_ms":1791412050231.94,"yaw":-0.994837820529938}
S03R {"event":"input","index":8,"move":0.0,"position":[7.79272699356079,0.00100005290005356,10.9507713317871],"role":"client","sequence_floor":105,"tick":210,"time_ms":5692,"turn":-1.0,"wall_ms":1791412050314.72,"yaw":-0.994837820529938}
S03R {"event":"keys","move":0.0,"role":"client","tick":210,"time_ms":5692,"turn":-1.0,"wall_ms":1791412050314.76}
S03R {"entity":1,"event":"apply","pose":{"control":1,"durable":2,"entity":1,"position":[0.0,0.00100011611357331,9.0000114440918],"receipt_ms":5678,"sequence":96,"tick":336,"velocity":[0.0,0.0,0.0],"yaw":0.0},"position":[0.0,0.00100011611357331,9.0000114440918],"time_ms":5692,"wall_ms":1791412050314.84,"yaw":0.0}
S03R {"entity":2,"event":"apply","pose":{"control":1,"durable":2,"entity":2,"position":[7.86261606216431,0.00100005290005356,10.905385017395],"receipt_ms":5678,"sequence":96,"tick":336,"velocity":[0.0,0.0,0.0],"yaw":-0.994837820529938},"position":[7.86261606216431,0.00100005290005356,10.905385017395],"time_ms":5692,"wall_ms":1791412050314.88,"yaw":-0.994837820529938}
S03R {"entity":1,"event":"apply","pose":{"control":1,"durable":2,"entity":1,"position":[0.0,0.00100011611357331,9.0000114440918],"receipt_ms":5693,"sequence":98,"tick":339,"velocity":[0.0,0.0,0.0],"yaw":0.0},"position":[0.0,0.00100011611357331,9.0000114440918],"time_ms":5706,"wall_ms":1791412050328.48,"yaw":0.0}
S03R {"entity":2,"event":"apply","pose":{"control":1,"durable":2,"entity":2,"position":[7.86261606216431,0.00100005290005356,10.905385017395],"receipt_ms":5693,"sequence":97,"tick":339,"velocity":[0.0,0.0,0.0],"yaw":-0.994837820529938},"position":[7.86261606216431,0.00100005290005356,10.905385017395],"time_ms":5706,"wall_ms":1791412050328.51,"yaw":-0.994837820529938}
S03R {"entity":1,"event":"apply","pose":{"control":1,"durable":2,"entity":1,"position":[0.0,0.00100011611357331,9.0000114440918],"receipt_ms":5782,"sequence":101,"tick":345,"velocity":[0.0,0.0,0.0],"yaw":0.0},"position":[0.0,0.00100011611357331,9.0000114440918],"time_ms":5789,"wall_ms":1791412050411.34,"yaw":0.0}
S03R {"entity":2,"event":"apply","pose":{"control":1,"durable":2,"entity":2,"position":[7.86261606216431,0.00100005290005356,10.905385017395],"receipt_ms":5782,"sequence":99,"tick":345,"velocity":[0.0,0.0,0.0],"yaw":-0.994837820529938},"position":[7.86261606216431,0.00100005290005356,10.905385017395],"time_ms":5789,"wall_ms":1791412050411.4,"yaw":-0.994837820529938}
S03R {"entity":1,"event":"apply","pose":{"control":1,"durable":2,"entity":1,"position":[0.0,0.00100011611357331,9.0000114440918],"receipt_ms":5830,"sequence":102,"tick":348,"velocity":[0.0,0.0,0.0],"yaw":0.0},"position":[0.0,0.00100011611357331,9.0000114440918],"time_ms":5837,"wall_ms":1791412050459.58,"yaw":0.0}
S03R {"entity":2,"event":"apply","pose":{"control":1,"durable":2,"entity":2,"position":[7.86261606216431,0.00100005290005356,10.905385017395],"receipt_ms":5830,"sequence":101,"tick":348,"velocity":[0.0,0.0,0.0],"yaw":-0.994837820529938},"position":[7.86261606216431,0.00100005290005356,10.905385017395],"time_ms":5837,"wall_ms":1791412050459.64,"yaw":-0.994837820529938}
S03R {"event":"keys","move":0.0,"role":"client","tick":222,"time_ms":5892,"turn":0.0,"wall_ms":1791412050514.82}
S03R {"entity":1,"event":"apply","pose":{"control":1,"durable":2,"entity":1,"position":[0.0,0.00100011611357331,9.0000114440918],"receipt_ms":5927,"sequence":104,"tick":351,"velocity":[0.0,0.0,0.0],"yaw":0.0},"position":[0.0,0.00100011611357331,9.0000114440918],"time_ms":5941,"wall_ms":1791412050563.07,"yaw":0.0}
S03R {"entity":2,"event":"apply","pose":{"control":1,"durable":2,"entity":2,"position":[7.86261606216431,0.00100005290005356,10.905385017395],"receipt_ms":5927,"sequence":103,"tick":351,"velocity":[0.0,0.0,0.0],"yaw":-0.994837820529938},"position":[7.86261606216431,0.00100005290005356,10.905385017395],"time_ms":5941,"wall_ms":1791412050563.11,"yaw":-0.994837820529938}
S03R {"entity":1,"event":"apply","pose":{"control":1,"durable":2,"entity":1,"position":[0.0,0.00100011611357331,9.0000114440918],"receipt_ms":5961,"sequence":105,"tick":354,"velocity":[0.0,0.0,0.0],"yaw":0.0},"position":[0.0,0.00100011611357331,9.0000114440918],"time_ms":5975,"wall_ms":1791412050597.59,"yaw":0.0}
S03R {"entity":2,"event":"apply","pose":{"control":1,"durable":2,"entity":2,"position":[7.86261606216431,0.00100005290005356,10.905385017395],"receipt_ms":5961,"sequence":104,"tick":354,"velocity":[0.0,0.0,0.0],"yaw":-0.994837820529938},"position":[7.86261606216431,0.00100005290005356,10.905385017395],"time_ms":5975,"wall_ms":1791412050597.65,"yaw":-0.994837820529938}
S03R {"entity":1,"event":"apply","pose":{"control":1,"durable":2,"entity":1,"position":[0.0,0.00100011611357331,9.0000114440918],"receipt_ms":6093,"sequence":108,"tick":360,"velocity":[0.0,0.0,0.0],"yaw":0.0},"position":[0.0,0.00100011611357331,9.0000114440918],"time_ms":6106,"wall_ms":1791412050728.69,"yaw":0.0}
S03R {"entity":2,"event":"apply","pose":{"control":1,"durable":2,"entity":2,"position":[7.86261606216431,0.00100005290005356,10.905385017395],"receipt_ms":6093,"sequence":107,"tick":360,"velocity":[0.0,0.0,0.0],"yaw":-0.680678486824036},"position":[7.86261606216431,0.00100005290005356,10.905385017395],"time_ms":6106,"wall_ms":1791412050728.75,"yaw":-0.680678486824036}
S03R {"entity":1,"event":"apply","pose":{"control":1,"durable":2,"entity":1,"position":[0.0,0.00100011611357331,9.0000114440918],"receipt_ms":6120,"sequence":110,"tick":363,"velocity":[0.0,0.0,0.0],"yaw":0.0},"position":[0.0,0.00100011611357331,9.0000114440918],"time_ms":6127,"wall_ms":1791412050749.44,"yaw":0.0}
S03R {"entity":2,"event":"apply","pose":{"control":1,"durable":2,"entity":2,"position":[7.86261606216431,0.00100005290005356,10.905385017395],"receipt_ms":6120,"sequence":109,"tick":363,"velocity":[0.0,0.0,0.0],"yaw":-0.523598790168762},"position":[7.86261606216431,0.00100005290005356,10.905385017395],"time_ms":6127,"wall_ms":1791412050749.5,"yaw":-0.523598790168762}
S03R {"event":"input","index":9,"move":1.0,"position":[7.86261606216431,0.00100005290005356,10.905385017395],"role":"client","sequence_floor":120,"tick":240,"time_ms":6189,"turn":0.0,"wall_ms":1791412050811.53,"yaw":-0.523598790168762}
S03R {"event":"keys","move":1.0,"role":"client","tick":240,"time_ms":6189,"turn":0.0,"wall_ms":1791412050811.57}
S03R {"entity":1,"event":"apply","pose":{"control":1,"durable":2,"entity":1,"position":[0.0,0.00100011611357331,9.0000114440918],"receipt_ms":6176,"sequence":113,"tick":369,"velocity":[0.0,0.0,0.0],"yaw":0.0},"position":[0.0,0.00100011611357331,9.0000114440918],"time_ms":6189,"wall_ms":1791412050811.65,"yaw":0.0}
S03R {"entity":2,"event":"apply","pose":{"control":1,"durable":2,"entity":2,"position":[7.86261606216431,0.00100005290005356,10.905385017395],"receipt_ms":6176,"sequence":113,"tick":369,"velocity":[0.0,0.0,0.0],"yaw":-0.366519212722778},"position":[7.86261606216431,0.00100005290005356,10.905385017395],"time_ms":6189,"wall_ms":1791412050811.69,"yaw":-0.366519212722778}
S03R {"entity":1,"event":"apply","pose":{"control":1,"durable":2,"entity":1,"position":[0.0,0.00100011611357331,9.0000114440918],"receipt_ms":6258,"sequence":116,"tick":375,"velocity":[0.0,0.0,0.0],"yaw":0.0},"position":[0.0,0.00100011611357331,9.0000114440918],"time_ms":6272,"wall_ms":1791412050894.29,"yaw":0.0}
S03R {"entity":2,"event":"apply","pose":{"control":1,"durable":2,"entity":2,"position":[7.86261606216431,0.00100005290005356,10.905385017395],"receipt_ms":6258,"sequence":115,"tick":375,"velocity":[0.0,0.0,0.0],"yaw":-0.366519212722778},"position":[7.86261606216431,0.00100005290005356,10.905385017395],"time_ms":6272,"wall_ms":1791412050894.35,"yaw":-0.366519212722778}
S03R {"entity":1,"event":"apply","pose":{"control":1,"durable":2,"entity":1,"position":[0.0,0.00100011611357331,9.0000114440918],"receipt_ms":6368,"sequence":117,"tick":378,"velocity":[0.0,0.0,0.0],"yaw":0.0},"position":[0.0,0.00100011611357331,9.0000114440918],"time_ms":6375,"wall_ms":1791412050997.8,"yaw":0.0}
S03R {"entity":2,"event":"apply","pose":{"control":1,"durable":2,"entity":2,"position":[7.86261606216431,0.00100005290005356,10.905385017395],"receipt_ms":6368,"sequence":116,"tick":378,"velocity":[0.0,0.0,0.0],"yaw":-0.366519212722778},"position":[7.86261606216431,0.00100005290005356,10.905385017395],"time_ms":6375,"wall_ms":1791412050997.86,"yaw":-0.366519212722778}
S03R {"event":"keys","move":0.0,"role":"client","tick":252,"time_ms":6389,"turn":0.0,"wall_ms":1791412051011.62}
S03R {"entity":1,"event":"apply","pose":{"control":1,"durable":2,"entity":1,"position":[0.0,0.00100011611357331,9.0000114440918],"receipt_ms":6451,"sequence":119,"tick":381,"velocity":[0.0,0.0,0.0],"yaw":0.0},"position":[0.0,0.00100011611357331,9.0000114440918],"time_ms":6458,"wall_ms":1791412051080.64,"yaw":0.0}
S03R {"entity":2,"event":"apply","pose":{"control":1,"durable":2,"entity":2,"position":[7.86261606216431,0.00100005290005356,10.905385017395],"receipt_ms":6451,"sequence":118,"tick":381,"velocity":[0.0,0.0,0.0],"yaw":-0.366519212722778},"position":[7.86261606216431,0.00100005290005356,10.905385017395],"time_ms":6458,"wall_ms":1791412051080.7,"yaw":-0.366519212722778}
S03R {"entity":1,"event":"apply","pose":{"control":1,"durable":2,"entity":1,"position":[0.0,0.00100011611357331,9.0000114440918],"receipt_ms":6472,"sequence":122,"tick":387,"velocity":[0.0,0.0,0.0],"yaw":0.0},"position":[0.0,0.00100011611357331,9.0000114440918],"time_ms":6493,"wall_ms":1791412051115.14,"yaw":0.0}
S03R {"entity":2,"event":"apply","pose":{"control":1,"durable":2,"entity":2,"position":[8.04179954528809,0.00100005290005356,10.4385976791382],"receipt_ms":6472,"sequence":120,"tick":387,"velocity":[1.79183912277222,0.0,-4.66790008544922],"yaw":-0.366519212722778},"position":[8.04179954528809,0.00100005290005356,10.4385976791382],"time_ms":6493,"wall_ms":1791412051115.2,"yaw":-0.366519212722778}
S03R {"entity":1,"event":"apply","pose":{"control":1,"durable":2,"entity":1,"position":[0.0,0.00100011611357331,9.0000114440918],"receipt_ms":6582,"sequence":125,"tick":393,"velocity":[0.0,0.0,0.0],"yaw":0.0},"position":[0.0,0.00100011611357331,9.0000114440918],"time_ms":6589,"wall_ms":1791412051211.76,"yaw":0.0}
S03R {"entity":2,"event":"apply","pose":{"control":1,"durable":2,"entity":2,"position":[8.22098541259766,0.00100005290005356,9.97181034088135],"receipt_ms":6582,"sequence":124,"tick":393,"velocity":[1.79183912277222,0.0,-4.66790008544922],"yaw":-0.366519212722778},"position":[8.22098541259766,0.00100005290005356,9.97181034088135],"time_ms":6589,"wall_ms":1791412051211.82,"yaw":-0.366519212722778}
S03R {"entity":1,"event":"apply","pose":{"control":1,"durable":2,"entity":1,"position":[0.0,0.00100011611357331,9.0000114440918],"receipt_ms":6617,"sequence":126,"tick":396,"velocity":[0.0,0.0,0.0],"yaw":0.0},"position":[0.0,0.00100011611357331,9.0000114440918],"time_ms":6624,"wall_ms":1791412051246.25,"yaw":0.0}
S03R {"entity":2,"event":"apply","pose":{"control":1,"durable":2,"entity":2,"position":[8.28071403503418,0.00100005290005356,9.8162145614624],"receipt_ms":6617,"sequence":126,"tick":396,"velocity":[0.0,0.0,0.0],"yaw":-0.366519212722778},"position":[8.28071403503418,0.00100005290005356,9.8162145614624],"time_ms":6624,"wall_ms":1791412051246.31,"yaw":-0.366519212722778}
S03R {"event":"input","index":10,"move":0.0,"position":[8.28071403503418,0.00100005290005356,9.8162145614624],"role":"client","sequence_floor":135,"tick":270,"time_ms":6693,"turn":1.0,"wall_ms":1791412051315.24,"yaw":-0.366519212722778}
S03R {"event":"keys","move":0.0,"role":"client","tick":270,"time_ms":6693,"turn":1.0,"wall_ms":1791412051315.29}
S03R {"entity":1,"event":"apply","pose":{"control":1,"durable":2,"entity":1,"position":[0.0,0.00100011611357331,9.0000114440918],"receipt_ms":6693,"sequence":128,"tick":399,"velocity":[0.0,0.0,0.0],"yaw":0.0},"position":[0.0,0.00100011611357331,9.0000114440918],"time_ms":6707,"wall_ms":1791412051329.0,"yaw":0.0}
S03R {"entity":2,"event":"apply","pose":{"control":1,"durable":2,"entity":2,"position":[8.28071403503418,0.00100005290005356,9.8162145614624],"receipt_ms":6693,"sequence":127,"tick":399,"velocity":[0.0,0.0,0.0],"yaw":-0.366519212722778},"position":[8.28071403503418,0.00100005290005356,9.8162145614624],"time_ms":6707,"wall_ms":1791412051329.06,"yaw":-0.366519212722778}
S03R {"entity":1,"event":"apply","pose":{"control":1,"durable":2,"entity":1,"position":[0.0,0.00100011611357331,9.0000114440918],"receipt_ms":6755,"sequence":131,"tick":405,"velocity":[0.0,0.0,0.0],"yaw":0.0},"position":[0.0,0.00100011611357331,9.0000114440918],"time_ms":6776,"wall_ms":1791412051398.01,"yaw":0.0}
S03R {"entity":2,"event":"apply","pose":{"control":1,"durable":2,"entity":2,"position":[8.28071403503418,0.00100005290005356,9.8162145614624],"receipt_ms":6755,"sequence":130,"tick":405,"velocity":[0.0,0.0,0.0],"yaw":-0.366519212722778},"position":[8.28071403503418,0.00100005290005356,9.8162145614624],"time_ms":6776,"wall_ms":1791412051398.06,"yaw":-0.366519212722778}
S03R {"entity":1,"event":"apply","pose":{"control":1,"durable":2,"entity":1,"position":[0.0,0.00100011611357331,9.0000114440918],"receipt_ms":6865,"sequence":132,"tick":408,"velocity":[0.0,0.0,0.0],"yaw":0.0},"position":[0.0,0.00100011611357331,9.0000114440918],"time_ms":6872,"wall_ms":1791412051494.61,"yaw":0.0}
S03R {"entity":2,"event":"apply","pose":{"control":1,"durable":2,"entity":2,"position":[8.28071403503418,0.00100005290005356,9.8162145614624],"receipt_ms":6865,"sequence":132,"tick":408,"velocity":[0.0,0.0,0.0],"yaw":-0.366519212722778},"position":[8.28071403503418,0.00100005290005356,9.8162145614624],"time_ms":6872,"wall_ms":1791412051494.66,"yaw":-0.366519212722778}
S03R {"event":"keys","move":0.0,"role":"client","tick":282,"time_ms":6893,"turn":0.0,"wall_ms":1791412051515.34}
S03R {"entity":1,"event":"apply","pose":{"control":1,"durable":2,"entity":1,"position":[0.0,0.00100011611357331,9.0000114440918],"receipt_ms":6873,"sequence":134,"tick":411,"velocity":[0.0,0.0,0.0],"yaw":0.0},"position":[0.0,0.00100011611357331,9.0000114440918],"time_ms":6893,"wall_ms":1791412051515.43,"yaw":0.0}
S03R {"entity":2,"event":"apply","pose":{"control":1,"durable":2,"entity":2,"position":[8.28071403503418,0.00100005290005356,9.8162145614624],"receipt_ms":6873,"sequence":132,"tick":411,"velocity":[0.0,0.0,0.0],"yaw":-0.366519212722778},"position":[8.28071403503418,0.00100005290005356,9.8162145614624],"time_ms":6893,"wall_ms":1791412051515.48,"yaw":-0.366519212722778}
S03R {"entity":1,"event":"apply","pose":{"control":1,"durable":2,"entity":1,"position":[0.0,0.00100011611357331,9.0000114440918],"receipt_ms":6914,"sequence":135,"tick":414,"velocity":[0.0,0.0,0.0],"yaw":0.0},"position":[0.0,0.00100011611357331,9.0000114440918],"time_ms":6920,"wall_ms":1791412051542.95,"yaw":0.0}
S03R {"entity":2,"event":"apply","pose":{"control":1,"durable":2,"entity":2,"position":[8.28071403503418,0.00100005290005356,9.8162145614624],"receipt_ms":6914,"sequence":133,"tick":414,"velocity":[0.0,0.0,0.0],"yaw":-0.366519212722778},"position":[8.28071403503418,0.00100005290005356,9.8162145614624],"time_ms":6921,"wall_ms":1791412051543.01,"yaw":-0.366519212722778}
S03R {"entity":1,"event":"apply","pose":{"control":1,"durable":2,"entity":1,"position":[0.0,0.00100011611357331,9.0000114440918],"receipt_ms":6969,"sequence":137,"tick":417,"velocity":[0.0,0.0,0.0],"yaw":0.0},"position":[0.0,0.00100011611357331,9.0000114440918],"time_ms":6976,"wall_ms":1791412051598.12,"yaw":0.0}
S03R {"entity":2,"event":"apply","pose":{"control":1,"durable":2,"entity":2,"position":[8.28071403503418,0.00100005290005356,9.8162145614624],"receipt_ms":6969,"sequence":136,"tick":417,"velocity":[0.0,0.0,0.0],"yaw":-0.523598849773407},"position":[8.28071403503418,0.00100005290005356,9.8162145614624],"time_ms":6976,"wall_ms":1791412051598.2,"yaw":-0.523598849773407}
S03R {"entity":1,"event":"apply","pose":{"control":1,"durable":2,"entity":1,"position":[0.0,0.00100011611357331,9.0000114440918],"receipt_ms":7017,"sequence":138,"tick":420,"velocity":[0.0,0.0,0.0],"yaw":0.0},"position":[0.0,0.00100011611357331,9.0000114440918],"time_ms":7024,"wall_ms":1791412051646.43,"yaw":0.0}
S03R {"entity":2,"event":"apply","pose":{"control":1,"durable":2,"entity":2,"position":[8.28071403503418,0.00100005290005356,9.8162145614624],"receipt_ms":7017,"sequence":137,"tick":420,"velocity":[0.0,0.0,0.0],"yaw":-0.680678486824036},"position":[8.28071403503418,0.00100005290005356,9.8162145614624],"time_ms":7024,"wall_ms":1791412051646.49,"yaw":-0.680678486824036}
S03R {"entity":1,"event":"apply","pose":{"control":1,"durable":2,"entity":1,"position":[0.0,0.00100011611357331,9.0000114440918],"receipt_ms":7142,"sequence":140,"tick":423,"velocity":[0.0,0.0,0.0],"yaw":0.0},"position":[0.0,0.00100011611357331,9.0000114440918],"time_ms":7155,"wall_ms":1791412051777.56,"yaw":0.0}
S03R {"entity":2,"event":"apply","pose":{"control":1,"durable":2,"entity":2,"position":[8.28071403503418,0.00100005290005356,9.8162145614624],"receipt_ms":7142,"sequence":139,"tick":423,"velocity":[0.0,0.0,0.0],"yaw":-0.837758123874664},"position":[8.28071403503418,0.00100005290005356,9.8162145614624],"time_ms":7155,"wall_ms":1791412051777.62,"yaw":-0.837758123874664}
S03R {"event":"input","index":11,"move":1.0,"position":[8.28071403503418,0.00100005290005356,9.8162145614624],"role":"client","sequence_floor":150,"tick":300,"time_ms":7190,"turn":0.0,"wall_ms":1791412051812.05,"yaw":-0.837758123874664}
S03R {"event":"keys","move":1.0,"role":"client","tick":300,"time_ms":7190,"turn":0.0,"wall_ms":1791412051812.09}
S03R {"entity":1,"event":"apply","pose":{"control":1,"durable":2,"entity":1,"position":[0.0,0.00100011611357331,9.0000114440918],"receipt_ms":7238,"sequence":143,"tick":429,"velocity":[0.0,0.0,0.0],"yaw":0.0},"position":[0.0,0.00100011611357331,9.0000114440918],"time_ms":7259,"wall_ms":1791412051881.06,"yaw":0.0}
S03R {"entity":2,"event":"apply","pose":{"control":1,"durable":2,"entity":2,"position":[8.28071403503418,0.00100005290005356,9.8162145614624],"receipt_ms":7238,"sequence":142,"tick":429,"velocity":[0.0,0.0,0.0],"yaw":-0.942477941513062},"position":[8.28071403503418,0.00100005290005356,9.8162145614624],"time_ms":7259,"wall_ms":1791412051881.12,"yaw":-0.942477941513062}
S03R {"entity":1,"event":"apply","pose":{"control":1,"durable":2,"entity":1,"position":[0.0,0.00100011611357331,9.0000114440918],"receipt_ms":7265,"sequence":144,"tick":432,"velocity":[0.0,0.0,0.0],"yaw":0.0},"position":[0.0,0.00100011611357331,9.0000114440918],"time_ms":7272,"wall_ms":1791412051894.8,"yaw":0.0}
S03R {"entity":2,"event":"apply","pose":{"control":1,"durable":2,"entity":2,"position":[8.28071403503418,0.00100005290005356,9.8162145614624],"receipt_ms":7265,"sequence":144,"tick":432,"velocity":[0.0,0.0,0.0],"yaw":-0.942477941513062},"position":[8.28071403503418,0.00100005290005356,9.8162145614624],"time_ms":7272,"wall_ms":1791412051894.83,"yaw":-0.942477941513062}
S03R {"entity":1,"event":"apply","pose":{"control":1,"durable":2,"entity":1,"position":[0.0,0.00100011611357331,9.0000114440918],"receipt_ms":7273,"sequence":146,"tick":435,"velocity":[0.0,0.0,0.0],"yaw":0.0},"position":[0.0,0.00100011611357331,9.0000114440918],"time_ms":7293,"wall_ms":1791412051915.57,"yaw":0.0}
S03R {"entity":2,"event":"apply","pose":{"control":1,"durable":2,"entity":2,"position":[8.28071403503418,0.00100005290005356,9.8162145614624],"receipt_ms":7273,"sequence":144,"tick":435,"velocity":[0.0,0.0,0.0],"yaw":-0.942477941513062},"position":[8.28071403503418,0.00100005290005356,9.8162145614624],"time_ms":7293,"wall_ms":1791412051915.62,"yaw":-0.942477941513062}
S03R {"entity":1,"event":"apply","pose":{"control":1,"durable":2,"entity":1,"position":[0.0,0.00100011611357331,9.0000114440918],"receipt_ms":7348,"sequence":147,"tick":438,"velocity":[0.0,0.0,0.0],"yaw":0.0},"position":[0.0,0.00100011611357331,9.0000114440918],"time_ms":7355,"wall_ms":1791412051977.62,"yaw":0.0}
S03R {"entity":2,"event":"apply","pose":{"control":1,"durable":2,"entity":2,"position":[8.28071403503418,0.00100005290005356,9.8162145614624],"receipt_ms":7348,"sequence":145,"tick":438,"velocity":[0.0,0.0,0.0],"yaw":-0.942477941513062},"position":[8.28071403503418,0.00100005290005356,9.8162145614624],"time_ms":7355,"wall_ms":1791412051977.66,"yaw":-0.942477941513062}
S03R {"event":"keys","move":0.0,"role":"client","tick":312,"time_ms":7390,"turn":0.0,"wall_ms":1791412052012.15}
S03R {"entity":1,"event":"apply","pose":{"control":1,"durable":2,"entity":1,"position":[0.0,0.00100011611357331,9.0000114440918],"receipt_ms":7411,"sequence":150,"tick":444,"velocity":[0.0,0.0,0.0],"yaw":0.0},"position":[0.0,0.00100011611357331,9.0000114440918],"time_ms":7424,"wall_ms":1791412052046.67,"yaw":0.0}
S03R {"entity":2,"event":"apply","pose":{"control":1,"durable":2,"entity":2,"position":[8.41555023193359,0.00100005290005356,9.71825122833252],"receipt_ms":7411,"sequence":150,"tick":444,"velocity":[4.04508352279663,0.0,-2.93892431259155],"yaw":-0.942477941513062},"position":[8.41555023193359,0.00100005290005356,9.71825122833252],"time_ms":7424,"wall_ms":1791412052046.72,"yaw":-0.942477941513062}
S03R {"entity":1,"event":"apply","pose":{"control":1,"durable":2,"entity":1,"position":[0.0,0.00100011611357331,9.0000114440918],"receipt_ms":7542,"sequence":152,"tick":447,"velocity":[0.0,0.0,0.0],"yaw":0.0},"position":[0.0,0.00100011611357331,9.0000114440918],"time_ms":7555,"wall_ms":1791412052177.76,"yaw":0.0}
S03R {"entity":2,"event":"apply","pose":{"control":1,"durable":2,"entity":2,"position":[8.61780452728271,0.00100005290005356,9.5713062286377],"receipt_ms":7542,"sequence":152,"tick":447,"velocity":[4.04508352279663,0.0,-2.93892431259155],"yaw":-0.942477941513062},"position":[8.61780452728271,0.00100005290005356,9.5713062286377],"time_ms":7555,"wall_ms":1791412052177.82,"yaw":-0.942477941513062}
S03R {"entity":1,"event":"apply","pose":{"control":1,"durable":2,"entity":1,"position":[0.0,0.00100011611357331,9.0000114440918],"receipt_ms":7597,"sequence":153,"tick":450,"velocity":[0.0,0.0,0.0],"yaw":0.0},"position":[0.0,0.00100011611357331,9.0000114440918],"time_ms":7610,"wall_ms":1791412052232.9,"yaw":0.0}
S03R {"entity":2,"event":"apply","pose":{"control":1,"durable":2,"entity":2,"position":[8.82005882263184,0.00100005290005356,9.42436122894287],"receipt_ms":7597,"sequence":153,"tick":450,"velocity":[4.04508352279663,0.0,-2.93892431259155],"yaw":-0.942477941513062},"position":[8.82005882263184,0.00100005290005356,9.42436122894287],"time_ms":7610,"wall_ms":1791412052232.93,"yaw":-0.942477941513062}
S03R {"entity":1,"event":"apply","pose":{"control":1,"durable":2,"entity":1,"position":[0.0,0.00100011611357331,9.0000114440918],"receipt_ms":7631,"sequence":155,"tick":453,"velocity":[0.0,0.0,0.0],"yaw":0.0},"position":[0.0,0.00100011611357331,9.0000114440918],"time_ms":7638,"wall_ms":1791412052260.52,"yaw":0.0}
S03R {"entity":2,"event":"apply","pose":{"control":1,"durable":2,"entity":2,"position":[9.02231311798096,0.00100005290005356,9.27741622924805],"receipt_ms":7631,"sequence":153,"tick":453,"velocity":[4.04508352279663,0.0,-2.93892431259155],"yaw":-0.942477941513062},"position":[9.02231311798096,0.00100005290005356,9.27741622924805],"time_ms":7638,"wall_ms":1791412052260.57,"yaw":-0.942477941513062}
S03R {"event":"input","index":12,"move":0.0,"position":[9.02231311798096,0.00100005290005356,9.27741622924805],"role":"client","sequence_floor":165,"tick":330,"time_ms":7693,"turn":-1.0,"wall_ms":1791412052315.76,"yaw":-0.942477941513062}
S03R {"event":"keys","move":0.0,"role":"client","tick":330,"time_ms":7693,"turn":-1.0,"wall_ms":1791412052315.8}
S03R {"entity":1,"event":"apply","pose":{"control":1,"durable":2,"entity":1,"position":[0.0,0.00100011611357331,9.0000114440918],"receipt_ms":7673,"sequence":158,"tick":459,"velocity":[0.0,0.0,0.0],"yaw":0.0},"position":[0.0,0.00100011611357331,9.0000114440918],"time_ms":7693,"wall_ms":1791412052315.88,"yaw":0.0}
S03R {"entity":2,"event":"apply","pose":{"control":1,"durable":2,"entity":2,"position":[9.29198551177979,0.00100005290005356,9.08148956298828],"receipt_ms":7673,"sequence":157,"tick":459,"velocity":[0.0,0.0,0.0],"yaw":-0.942477941513062},"position":[9.29198551177979,0.00100005290005356,9.08148956298828],"time_ms":7693,"wall_ms":1791412052315.92,"yaw":-0.942477941513062}
S03R {"entity":1,"event":"apply","pose":{"control":1,"durable":2,"entity":1,"position":[0.0,0.00100011611357331,9.0000114440918],"receipt_ms":7728,"sequence":159,"tick":462,"velocity":[0.0,0.0,0.0],"yaw":0.0},"position":[0.0,0.00100011611357331,9.0000114440918],"time_ms":7741,"wall_ms":1791412052364.0,"yaw":0.0}
S03R {"entity":2,"event":"apply","pose":{"control":1,"durable":2,"entity":2,"position":[9.29198551177979,0.00100005290005356,9.08148956298828],"receipt_ms":7728,"sequence":157,"tick":462,"velocity":[0.0,0.0,0.0],"yaw":-0.942477941513062},"position":[9.29198551177979,0.00100005290005356,9.08148956298828],"time_ms":7742,"wall_ms":1791412052364.04,"yaw":-0.942477941513062}
S03R {"entity":1,"event":"apply","pose":{"control":1,"durable":2,"entity":1,"position":[0.0,0.00100011611357331,9.0000114440918],"receipt_ms":7817,"sequence":161,"tick":465,"velocity":[0.0,0.0,0.0],"yaw":0.0},"position":[0.0,0.00100011611357331,9.0000114440918],"time_ms":7824,"wall_ms":1791412052446.83,"yaw":0.0}
S03R {"entity":2,"event":"apply","pose":{"control":1,"durable":2,"entity":2,"position":[9.29198551177979,0.00100005290005356,9.08148956298828],"receipt_ms":7817,"sequence":160,"tick":465,"velocity":[0.0,0.0,0.0],"yaw":-0.942477941513062},"position":[9.29198551177979,0.00100005290005356,9.08148956298828],"time_ms":7824,"wall_ms":1791412052446.86,"yaw":-0.942477941513062}
S03R {"event":"keys","move":0.0,"role":"client","tick":342,"time_ms":7893,"turn":0.0,"wall_ms":1791412052515.86}
S03R {"entity":1,"event":"apply","pose":{"control":1,"durable":2,"entity":1,"position":[0.0,0.00100011611357331,9.0000114440918],"receipt_ms":7894,"sequence":164,"tick":471,"velocity":[0.0,0.0,0.0],"yaw":0.0},"position":[0.0,0.00100011611357331,9.0000114440918],"time_ms":7907,"wall_ms":1791412052529.64,"yaw":0.0}
S03R {"entity":2,"event":"apply","pose":{"control":1,"durable":2,"entity":2,"position":[9.29198551177979,0.00100005290005356,9.08148956298828],"receipt_ms":7894,"sequence":164,"tick":471,"velocity":[0.0,0.0,0.0],"yaw":-0.942477941513062},"position":[9.29198551177979,0.00100005290005356,9.08148956298828],"time_ms":7907,"wall_ms":1791412052529.7,"yaw":-0.942477941513062}
S03R {"entity":1,"event":"apply","pose":{"control":1,"durable":2,"entity":1,"position":[0.0,0.00100011611357331,9.0000114440918],"receipt_ms":7956,"sequence":165,"tick":474,"velocity":[0.0,0.0,0.0],"yaw":0.0},"position":[0.0,0.00100011611357331,9.0000114440918],"time_ms":7976,"wall_ms":1791412052598.63,"yaw":0.0}
S03R {"entity":2,"event":"apply","pose":{"control":1,"durable":2,"entity":2,"position":[9.29198551177979,0.00100005290005356,9.08148956298828],"receipt_ms":7956,"sequence":165,"tick":474,"velocity":[0.0,0.0,0.0],"yaw":-0.837758183479309},"position":[9.29198551177979,0.00100005290005356,9.08148956298828],"time_ms":7976,"wall_ms":1791412052598.68,"yaw":-0.837758183479309}
S03R {"entity":1,"event":"apply","pose":{"control":1,"durable":2,"entity":1,"position":[0.0,0.00100011611357331,9.0000114440918],"receipt_ms":7983,"sequence":167,"tick":477,"velocity":[0.0,0.0,0.0],"yaw":0.0},"position":[0.0,0.00100011611357331,9.0000114440918],"time_ms":7990,"wall_ms":1791412052612.48,"yaw":0.0}
S03R {"entity":2,"event":"apply","pose":{"control":1,"durable":2,"entity":2,"position":[9.29198551177979,0.00100005290005356,9.08148956298828],"receipt_ms":7983,"sequence":166,"tick":477,"velocity":[0.0,0.0,0.0],"yaw":-0.680678486824036},"position":[9.29198551177979,0.00100005290005356,9.08148956298828],"time_ms":7990,"wall_ms":1791412052612.54,"yaw":-0.680678486824036}
S03R {"entity":1,"event":"apply","pose":{"control":1,"durable":2,"entity":1,"position":[0.0,0.00100011611357331,9.0000114440918],"receipt_ms":8059,"sequence":168,"tick":480,"velocity":[0.0,0.0,0.0],"yaw":0.0},"position":[0.0,0.00100011611357331,9.0000114440918],"time_ms":8073,"wall_ms":1791412052695.21,"yaw":0.0}
S03R {"entity":2,"event":"apply","pose":{"control":1,"durable":2,"entity":2,"position":[9.29198551177979,0.00100005290005356,9.08148956298828],"receipt_ms":8059,"sequence":166,"tick":480,"velocity":[0.0,0.0,0.0],"yaw":-0.523598790168762},"position":[9.29198551177979,0.00100005290005356,9.08148956298828],"time_ms":8073,"wall_ms":1791412052695.24,"yaw":-0.523598790168762}
S03R {"entity":1,"event":"apply","pose":{"control":1,"durable":2,"entity":1,"position":[0.0,0.00100011611357331,9.0000114440918],"receipt_ms":8114,"sequence":171,"tick":486,"velocity":[0.0,0.0,0.0],"yaw":0.0},"position":[0.0,0.00100011611357331,9.0000114440918],"time_ms":8121,"wall_ms":1791412052743.54,"yaw":0.0}
S03R {"entity":2,"event":"apply","pose":{"control":1,"durable":2,"entity":2,"position":[9.29198551177979,0.00100005290005356,9.08148956298828],"receipt_ms":8114,"sequence":172,"tick":486,"velocity":[0.0,0.0,0.0],"yaw":-0.261799454689026},"position":[9.29198551177979,0.00100005290005356,9.08148956298828],"time_ms":8121,"wall_ms":1791412052743.58,"yaw":-0.261799454689026}
S03R {"event":"input","index":13,"move":1.0,"position":[9.29198551177979,0.00100005290005356,9.08148956298828],"role":"client","sequence_floor":180,"tick":360,"time_ms":8190,"turn":0.0,"wall_ms":1791412052812.54,"yaw":-0.261799454689026}
S03R {"event":"keys","move":1.0,"role":"client","tick":360,"time_ms":8190,"turn":0.0,"wall_ms":1791412052812.56}
S03R {"entity":1,"event":"apply","pose":{"control":1,"durable":2,"entity":1,"position":[0.0,0.00100011611357331,9.0000114440918],"receipt_ms":8183,"sequence":173,"tick":489,"velocity":[0.0,0.0,0.0],"yaw":0.0},"position":[0.0,0.00100011611357331,9.0000114440918],"time_ms":8190,"wall_ms":1791412052812.6,"yaw":0.0}
S03R {"entity":2,"event":"apply","pose":{"control":1,"durable":2,"entity":2,"position":[9.29198551177979,0.00100005290005356,9.08148956298828],"receipt_ms":8183,"sequence":172,"tick":489,"velocity":[0.0,0.0,0.0],"yaw":-0.261799454689026},"position":[9.29198551177979,0.00100005290005356,9.08148956298828],"time_ms":8190,"wall_ms":1791412052812.62,"yaw":-0.261799454689026}
S03R {"entity":1,"event":"apply","pose":{"control":1,"durable":2,"entity":1,"position":[0.0,0.00100011611357331,9.0000114440918],"receipt_ms":8259,"sequence":174,"tick":492,"velocity":[0.0,0.0,0.0],"yaw":0.0},"position":[0.0,0.00100011611357331,9.0000114440918],"time_ms":8273,"wall_ms":1791412052895.31,"yaw":0.0}
S03R {"entity":2,"event":"apply","pose":{"control":1,"durable":2,"entity":2,"position":[9.29198551177979,0.00100005290005356,9.08148956298828],"receipt_ms":8259,"sequence":172,"tick":492,"velocity":[0.0,0.0,0.0],"yaw":-0.261799454689026},"position":[9.29198551177979,0.00100005290005356,9.08148956298828],"time_ms":8273,"wall_ms":1791412052895.36,"yaw":-0.261799454689026}
S03R {"entity":1,"event":"apply","pose":{"control":1,"durable":2,"entity":1,"position":[0.0,0.00100011611357331,9.0000114440918],"receipt_ms":8300,"sequence":176,"tick":495,"velocity":[0.0,0.0,0.0],"yaw":0.0},"position":[0.0,0.00100011611357331,9.0000114440918],"time_ms":8307,"wall_ms":1791412052929.84,"yaw":0.0}
S03R {"entity":2,"event":"apply","pose":{"control":1,"durable":2,"entity":2,"position":[9.29198551177979,0.00100005290005356,9.08148956298828],"receipt_ms":8300,"sequence":175,"tick":495,"velocity":[0.0,0.0,0.0],"yaw":-0.261799454689026},"position":[9.29198551177979,0.00100005290005356,9.08148956298828],"time_ms":8307,"wall_ms":1791412052929.9,"yaw":-0.261799454689026}
S03R {"event":"keys","move":0.0,"role":"client","tick":372,"time_ms":8390,"turn":0.0,"wall_ms":1791412053012.63}
S03R {"entity":1,"event":"apply","pose":{"control":1,"durable":2,"entity":1,"position":[0.0,0.00100011611357331,9.0000114440918],"receipt_ms":8377,"sequence":177,"tick":498,"velocity":[0.0,0.0,0.0],"yaw":0.0},"position":[0.0,0.00100011611357331,9.0000114440918],"time_ms":8390,"wall_ms":1791412053012.68,"yaw":0.0}
S03R {"entity":2,"event":"apply","pose":{"control":1,"durable":2,"entity":2,"position":[9.29198551177979,0.00100005290005356,9.08148956298828],"receipt_ms":8377,"sequence":175,"tick":498,"velocity":[0.0,0.0,0.0],"yaw":-0.261799454689026},"position":[9.29198551177979,0.00100005290005356,9.08148956298828],"time_ms":8390,"wall_ms":1791412053012.7,"yaw":-0.261799454689026}
S03R {"entity":1,"event":"apply","pose":{"control":1,"durable":2,"entity":1,"position":[0.0,0.00100011611357331,9.0000114440918],"receipt_ms":8445,"sequence":180,"tick":504,"velocity":[0.0,0.0,0.0],"yaw":0.0},"position":[0.0,0.00100011611357331,9.0000114440918],"time_ms":8459,"wall_ms":1791412053081.64,"yaw":0.0}
S03R {"entity":2,"event":"apply","pose":{"control":1,"durable":2,"entity":2,"position":[9.31355381011963,0.00100005290005356,9.00099563598633],"receipt_ms":8445,"sequence":181,"tick":504,"velocity":[1.29409492015839,0.0,-4.82962656021118],"yaw":-0.261799454689026},"position":[9.31355381011963,0.00100005290005356,9.00099563598633],"time_ms":8459,"wall_ms":1791412053081.67,"yaw":-0.261799454689026}
S03R {"entity":1,"event":"apply","pose":{"control":1,"durable":2,"entity":1,"position":[0.0,0.00100011611357331,9.0000114440918],"receipt_ms":8501,"sequence":182,"tick":507,"velocity":[0.0,0.0,0.0],"yaw":0.0},"position":[0.0,0.00100011611357331,9.0000114440918],"time_ms":8507,"wall_ms":1791412053129.94,"yaw":0.0}
S03R {"entity":2,"event":"apply","pose":{"control":1,"durable":2,"entity":2,"position":[9.37825870513916,0.00100005290005356,8.75951385498047],"receipt_ms":8501,"sequence":181,"tick":507,"velocity":[1.29409492015839,0.0,-4.82962656021118],"yaw":-0.261799454689026},"position":[9.37825870513916,0.00100005290005356,8.75951385498047],"time_ms":8507,"wall_ms":1791412053130.0,"yaw":-0.261799454689026}
S03R {"entity":1,"event":"apply","pose":{"control":1,"durable":2,"entity":1,"position":[0.0,0.00100011611357331,9.0000114440918],"receipt_ms":8556,"sequence":183,"tick":510,"velocity":[0.0,0.0,0.0],"yaw":0.0},"position":[0.0,0.00100011611357331,9.0000114440918],"time_ms":8576,"wall_ms":1791412053198.92,"yaw":0.0}
S03R {"entity":2,"event":"apply","pose":{"control":1,"durable":2,"entity":2,"position":[9.44296360015869,0.00100005290005356,8.51803207397461],"receipt_ms":8556,"sequence":184,"tick":510,"velocity":[1.29409492015839,0.0,-4.82962656021118],"yaw":-0.261799454689026},"position":[9.44296360015869,0.00100005290005356,8.51803207397461],"time_ms":8576,"wall_ms":1791412053198.95,"yaw":-0.261799454689026}
S03R {"entity":1,"event":"apply","pose":{"control":1,"durable":2,"entity":1,"position":[0.0,0.00100011611357331,9.0000114440918],"receipt_ms":8611,"sequence":185,"tick":513,"velocity":[0.0,0.0,0.0],"yaw":0.0},"position":[0.0,0.00100011611357331,9.0000114440918],"time_ms":8625,"wall_ms":1791412053247.26,"yaw":0.0}
S03R {"entity":2,"event":"apply","pose":{"control":1,"durable":2,"entity":2,"position":[9.50766849517822,0.00100005290005356,8.27655029296875],"receipt_ms":8611,"sequence":184,"tick":513,"velocity":[1.29409492015839,0.0,-4.82962656021118],"yaw":-0.261799454689026},"position":[9.50766849517822,0.00100005290005356,8.27655029296875],"time_ms":8625,"wall_ms":1791412053247.29,"yaw":-0.261799454689026}
S03R {"event":"input","index":14,"move":0.0,"position":[9.50766849517822,0.00100005290005356,8.27655029296875],"role":"client","sequence_floor":195,"tick":390,"time_ms":8694,"turn":1.0,"wall_ms":1791412053316.28,"yaw":-0.261799454689026}
S03R {"event":"keys","move":0.0,"role":"client","tick":390,"time_ms":8694,"turn":1.0,"wall_ms":1791412053316.32}
S03R {"entity":1,"event":"apply","pose":{"control":1,"durable":2,"entity":1,"position":[0.0,0.00100011611357331,9.0000114440918],"receipt_ms":8680,"sequence":188,"tick":519,"velocity":[0.0,0.0,0.0],"yaw":0.0},"position":[0.0,0.00100011611357331,9.0000114440918],"time_ms":8694,"wall_ms":1791412053316.4,"yaw":0.0}
S03R {"entity":2,"event":"apply","pose":{"control":1,"durable":2,"entity":2,"position":[9.63707828521729,0.00100005290005356,7.79358673095703],"receipt_ms":8680,"sequence":185,"tick":519,"velocity":[1.29409492015839,0.0,-4.82962656021118],"yaw":-0.261799454689026},"position":[9.63707828521729,0.00100005290005356,7.79358673095703],"time_ms":8694,"wall_ms":1791412053316.44,"yaw":-0.261799454689026}
S03R {"entity":1,"event":"apply","pose":{"control":1,"durable":2,"entity":1,"position":[0.0,0.00100011611357331,9.0000114440918],"receipt_ms":8742,"sequence":189,"tick":522,"velocity":[0.0,0.0,0.0],"yaw":0.0},"position":[0.0,0.00100011611357331,9.0000114440918],"time_ms":8756,"wall_ms":1791412053378.39,"yaw":0.0}
S03R {"entity":2,"event":"apply","pose":{"control":1,"durable":2,"entity":2,"position":[9.63707828521729,0.00100005290005356,7.79358673095703],"receipt_ms":8742,"sequence":188,"tick":522,"velocity":[0.0,0.0,0.0],"yaw":-0.261799454689026},"position":[9.63707828521729,0.00100005290005356,7.79358673095703],"time_ms":8756,"wall_ms":1791412053378.44,"yaw":-0.261799454689026}
S03R {"entity":1,"event":"apply","pose":{"control":1,"durable":2,"entity":1,"position":[0.0,0.00100011611357331,9.0000114440918],"receipt_ms":8853,"sequence":194,"tick":531,"velocity":[0.0,0.0,0.0],"yaw":0.0},"position":[0.0,0.00100011611357331,9.0000114440918],"time_ms":8859,"wall_ms":1791412053481.9,"yaw":0.0}
S03R {"entity":2,"event":"apply","pose":{"control":1,"durable":2,"entity":2,"position":[9.63707828521729,0.00100005290005356,7.79358673095703],"receipt_ms":8853,"sequence":193,"tick":531,"velocity":[0.0,0.0,0.0],"yaw":-0.261799454689026},"position":[9.63707828521729,0.00100005290005356,7.79358673095703],"time_ms":8859,"wall_ms":1791412053481.96,"yaw":-0.261799454689026}
S03R {"event":"keys","move":0.0,"role":"client","tick":402,"time_ms":8894,"turn":0.0,"wall_ms":1791412053516.35}
S03R {"entity":1,"event":"apply","pose":{"control":1,"durable":2,"entity":1,"position":[0.0,0.00100011611357331,9.0000114440918],"receipt_ms":8977,"sequence":197,"tick":537,"velocity":[0.0,0.0,0.0],"yaw":0.0},"position":[0.0,0.00100011611357331,9.0000114440918],"time_ms":8990,"wall_ms":1791412053612.95,"yaw":0.0}
S03R {"entity":2,"event":"apply","pose":{"control":1,"durable":2,"entity":2,"position":[9.63707828521729,0.00100005290005356,7.79358673095703],"receipt_ms":8977,"sequence":195,"tick":537,"velocity":[0.0,0.0,0.0],"yaw":-0.366519212722778},"position":[9.63707828521729,0.00100005290005356,7.79358673095703],"time_ms":8990,"wall_ms":1791412053612.98,"yaw":-0.366519212722778}
S03R {"entity":1,"event":"apply","pose":{"control":1,"durable":2,"entity":1,"position":[0.0,0.00100011611357331,9.0000114440918],"receipt_ms":9060,"sequence":200,"tick":543,"velocity":[0.0,0.0,0.0],"yaw":0.0},"position":[0.0,0.00100011611357331,9.0000114440918],"time_ms":9073,"wall_ms":1791412053695.73,"yaw":0.0}
S03R {"entity":2,"event":"apply","pose":{"control":1,"durable":2,"entity":2,"position":[9.63707828521729,0.00100005290005356,7.79358673095703],"receipt_ms":9060,"sequence":199,"tick":543,"velocity":[0.0,0.0,0.0],"yaw":-0.680678486824036},"position":[9.63707828521729,0.00100005290005356,7.79358673095703],"time_ms":9073,"wall_ms":1791412053695.76,"yaw":-0.680678486824036}
S03R {"event":"input","index":15,"move":1.0,"position":[9.63707828521729,0.00100005290005356,7.79358673095703],"role":"client","sequence_floor":210,"tick":420,"time_ms":9191,"turn":0.0,"wall_ms":1791412053813.05,"yaw":-0.680678486824036}
S03R {"event":"keys","move":1.0,"role":"client","tick":420,"time_ms":9191,"turn":0.0,"wall_ms":1791412053813.08}
S03R {"entity":1,"event":"apply","pose":{"control":1,"durable":2,"entity":1,"position":[0.0,0.00100011611357331,9.0000114440918],"receipt_ms":9191,"sequence":201,"tick":546,"velocity":[0.0,0.0,0.0],"yaw":0.0},"position":[0.0,0.00100011611357331,9.0000114440918],"time_ms":9211,"wall_ms":1791412053833.73,"yaw":0.0}
S03R {"entity":2,"event":"apply","pose":{"control":1,"durable":2,"entity":2,"position":[9.63707828521729,0.00100005290005356,7.79358673095703],"receipt_ms":9191,"sequence":201,"tick":546,"velocity":[0.0,0.0,0.0],"yaw":-0.733038365840912},"position":[9.63707828521729,0.00100005290005356,7.79358673095703],"time_ms":9211,"wall_ms":1791412053833.76,"yaw":-0.733038365840912}
S03R {"entity":1,"event":"apply","pose":{"control":1,"durable":2,"entity":1,"position":[0.0,0.00100011611357331,9.0000114440918],"receipt_ms":9246,"sequence":203,"tick":549,"velocity":[0.0,0.0,0.0],"yaw":0.0},"position":[0.0,0.00100011611357331,9.0000114440918],"time_ms":9260,"wall_ms":1791412053882.06,"yaw":0.0}
S03R {"entity":2,"event":"apply","pose":{"control":1,"durable":2,"entity":2,"position":[9.63707828521729,0.00100005290005356,7.79358673095703],"receipt_ms":9246,"sequence":203,"tick":549,"velocity":[0.0,0.0,0.0],"yaw":-0.733038365840912},"position":[9.63707828521729,0.00100005290005356,7.79358673095703],"time_ms":9260,"wall_ms":1791412053882.09,"yaw":-0.733038365840912}
S03R {"entity":1,"event":"apply","pose":{"control":1,"durable":2,"entity":1,"position":[0.0,0.00100011611357331,9.0000114440918],"receipt_ms":9295,"sequence":206,"tick":555,"velocity":[0.0,0.0,0.0],"yaw":0.0},"position":[0.0,0.00100011611357331,9.0000114440918],"time_ms":9308,"wall_ms":1791412053930.36,"yaw":0.0}
S03R {"entity":2,"event":"apply","pose":{"control":1,"durable":2,"entity":2,"position":[9.63707828521729,0.00100005290005356,7.79358673095703],"receipt_ms":9295,"sequence":204,"tick":555,"velocity":[0.0,0.0,0.0],"yaw":-0.733038365840912},"position":[9.63707828521729,0.00100005290005356,7.79358673095703],"time_ms":9308,"wall_ms":1791412053930.42,"yaw":-0.733038365840912}
S03R {"entity":1,"event":"apply","pose":{"control":1,"durable":2,"entity":1,"position":[0.0,0.00100011611357331,9.0000114440918],"receipt_ms":9343,"sequence":207,"tick":558,"velocity":[0.0,0.0,0.0],"yaw":0.0},"position":[0.0,0.00100011611357331,9.0000114440918],"time_ms":9356,"wall_ms":1791412053978.66,"yaw":0.0}
S03R {"entity":2,"event":"apply","pose":{"control":1,"durable":2,"entity":2,"position":[9.63707828521729,0.00100005290005356,7.79358673095703],"receipt_ms":9343,"sequence":207,"tick":558,"velocity":[0.0,0.0,0.0],"yaw":-0.733038365840912},"position":[9.63707828521729,0.00100005290005356,7.79358673095703],"time_ms":9356,"wall_ms":1791412053978.69,"yaw":-0.733038365840912}
S03R {"event":"keys","move":0.0,"role":"client","tick":432,"time_ms":9391,"turn":0.0,"wall_ms":1791412054013.18}
S03R {"entity":1,"event":"apply","pose":{"control":1,"durable":2,"entity":1,"position":[0.0,0.00100011611357331,9.0000114440918],"receipt_ms":9453,"sequence":210,"tick":564,"velocity":[0.0,0.0,0.0],"yaw":0.0},"position":[0.0,0.00100011611357331,9.0000114440918],"time_ms":9460,"wall_ms":1791412054082.2,"yaw":0.0}
S03R {"entity":2,"event":"apply","pose":{"control":1,"durable":2,"entity":2,"position":[9.69283962249756,0.00100005290005356,7.73165798187256],"receipt_ms":9453,"sequence":210,"tick":564,"velocity":[3.34565162658691,0.0,-3.71572160720825],"yaw":-0.733038365840912},"position":[9.69283962249756,0.00100005290005356,7.73165798187256],"time_ms":9460,"wall_ms":1791412054082.25,"yaw":-0.733038365840912}
S03R {"entity":1,"event":"apply","pose":{"control":1,"durable":2,"entity":1,"position":[0.0,0.00100011611357331,9.0000114440918],"receipt_ms":9543,"sequence":212,"tick":567,"velocity":[0.0,0.0,0.0],"yaw":0.0},"position":[0.0,0.00100011611357331,9.0000114440918],"time_ms":9556,"wall_ms":1791412054178.8,"yaw":0.0}
S03R {"entity":2,"event":"apply","pose":{"control":1,"durable":2,"entity":2,"position":[9.86012363433838,0.00100005290005356,7.54587173461914],"receipt_ms":9543,"sequence":210,"tick":567,"velocity":[3.34565162658691,0.0,-3.71572160720825],"yaw":-0.733038365840912},"position":[9.86012363433838,0.00100005290005356,7.54587173461914],"time_ms":9556,"wall_ms":1791412054178.86,"yaw":-0.733038365840912}
S03R {"entity":1,"event":"apply","pose":{"control":1,"durable":2,"entity":1,"position":[0.0,0.00100011611357331,9.0000114440918],"receipt_ms":9577,"sequence":213,"tick":570,"velocity":[0.0,0.0,0.0],"yaw":0.0},"position":[0.0,0.00100011611357331,9.0000114440918],"time_ms":9591,"wall_ms":1791412054213.3,"yaw":0.0}
S03R {"entity":2,"event":"apply","pose":{"control":1,"durable":2,"entity":2,"position":[10.0274076461792,0.00100005290005356,7.36008548736572],"receipt_ms":9577,"sequence":212,"tick":570,"velocity":[3.34565162658691,0.0,-3.71572160720825],"yaw":-0.733038365840912},"position":[10.0274076461792,0.00100005290005356,7.36008548736572],"time_ms":9591,"wall_ms":1791412054213.36,"yaw":-0.733038365840912}
S03R {"entity":1,"event":"apply","pose":{"control":1,"durable":2,"entity":1,"position":[0.0,0.00100011611357331,9.0000114440918],"receipt_ms":9646,"sequence":215,"tick":573,"velocity":[0.0,0.0,0.0],"yaw":0.0},"position":[0.0,0.00100011611357331,9.0000114440918],"time_ms":9660,"wall_ms":1791412054282.26,"yaw":0.0}
S03R {"entity":2,"event":"apply","pose":{"control":1,"durable":2,"entity":2,"position":[10.19469165802,0.00100005290005356,7.1742992401123],"receipt_ms":9646,"sequence":214,"tick":573,"velocity":[3.34565162658691,0.0,-3.71572160720825],"yaw":-0.733038365840912},"position":[10.19469165802,0.00100005290005356,7.1742992401123],"time_ms":9660,"wall_ms":1791412054282.29,"yaw":-0.733038365840912}
S03R {"event":"input","index":16,"move":0.0,"position":[10.19469165802,0.00100005290005356,7.1742992401123],"role":"client","sequence_floor":225,"tick":450,"time_ms":9694,"turn":-1.0,"wall_ms":1791412054316.76,"yaw":-0.733038365840912}
S03R {"event":"keys","move":0.0,"role":"client","tick":450,"time_ms":9694,"turn":-1.0,"wall_ms":1791412054316.79}
S03R {"entity":1,"event":"apply","pose":{"control":1,"durable":2,"entity":1,"position":[0.0,0.00100011611357331,9.0000114440918],"receipt_ms":9687,"sequence":216,"tick":576,"velocity":[0.0,0.0,0.0],"yaw":0.0},"position":[0.0,0.00100011611357331,9.0000114440918],"time_ms":9694,"wall_ms":1791412054316.83,"yaw":0.0}
S03R {"entity":2,"event":"apply","pose":{"control":1,"durable":2,"entity":2,"position":[10.3062143325806,0.00100005290005356,7.05044174194336],"receipt_ms":9687,"sequence":217,"tick":576,"velocity":[0.0,0.0,0.0],"yaw":-0.733038365840912},"position":[10.3062143325806,0.00100005290005356,7.05044174194336],"time_ms":9694,"wall_ms":1791412054316.85,"yaw":-0.733038365840912}
S03R {"entity":1,"event":"apply","pose":{"control":1,"durable":2,"entity":1,"position":[0.0,0.00100011611357331,9.0000114440918],"receipt_ms":9763,"sequence":219,"tick":582,"velocity":[0.0,0.0,0.0],"yaw":0.0},"position":[0.0,0.00100011611357331,9.0000114440918],"time_ms":9777,"wall_ms":1791412054399.54,"yaw":0.0}
S03R {"entity":2,"event":"apply","pose":{"control":1,"durable":2,"entity":2,"position":[10.3062143325806,0.00100005290005356,7.05044174194336],"receipt_ms":9763,"sequence":218,"tick":582,"velocity":[0.0,0.0,0.0],"yaw":-0.733038365840912},"position":[10.3062143325806,0.00100005290005356,7.05044174194336],"time_ms":9777,"wall_ms":1791412054399.58,"yaw":-0.733038365840912}
S03R {"entity":1,"event":"apply","pose":{"control":1,"durable":2,"entity":1,"position":[0.0,0.00100011611357331,9.0000114440918],"receipt_ms":9826,"sequence":221,"tick":585,"velocity":[0.0,0.0,0.0],"yaw":0.0},"position":[0.0,0.00100011611357331,9.0000114440918],"time_ms":9839,"wall_ms":1791412054461.64,"yaw":0.0}
S03R {"entity":2,"event":"apply","pose":{"control":1,"durable":2,"entity":2,"position":[10.3062143325806,0.00100005290005356,7.05044174194336],"receipt_ms":9826,"sequence":221,"tick":585,"velocity":[0.0,0.0,0.0],"yaw":-0.733038365840912},"position":[10.3062143325806,0.00100005290005356,7.05044174194336],"time_ms":9839,"wall_ms":1791412054461.68,"yaw":-0.733038365840912}
S03R {"event":"keys","move":0.0,"role":"client","tick":462,"time_ms":9894,"turn":0.0,"wall_ms":1791412054516.89}
S03R {"entity":1,"event":"apply","pose":{"control":1,"durable":2,"entity":1,"position":[0.0,0.00100011611357331,9.0000114440918],"receipt_ms":9887,"sequence":224,"tick":591,"velocity":[0.0,0.0,0.0],"yaw":0.0},"position":[0.0,0.00100011611357331,9.0000114440918],"time_ms":9894,"wall_ms":1791412054516.98,"yaw":0.0}
S03R {"entity":2,"event":"apply","pose":{"control":1,"durable":2,"entity":2,"position":[10.3062143325806,0.00100005290005356,7.05044174194336],"receipt_ms":9887,"sequence":222,"tick":591,"velocity":[0.0,0.0,0.0],"yaw":-0.733038365840912},"position":[10.3062143325806,0.00100005290005356,7.05044174194336],"time_ms":9894,"wall_ms":1791412054517.02,"yaw":-0.733038365840912}
S03R {"entity":1,"event":"apply","pose":{"control":1,"durable":2,"entity":1,"position":[0.0,0.00100011611357331,9.0000114440918],"receipt_ms":9943,"sequence":225,"tick":594,"velocity":[0.0,0.0,0.0],"yaw":0.0},"position":[0.0,0.00100011611357331,9.0000114440918],"time_ms":9956,"wall_ms":1791412054578.95,"yaw":0.0}
S03R {"entity":2,"event":"apply","pose":{"control":1,"durable":2,"entity":2,"position":[10.3062143325806,0.00100005290005356,7.05044174194336],"receipt_ms":9943,"sequence":224,"tick":594,"velocity":[0.0,0.0,0.0],"yaw":-0.733038365840912},"position":[10.3062143325806,0.00100005290005356,7.05044174194336],"time_ms":9956,"wall_ms":1791412054578.98,"yaw":-0.733038365840912}
S03R {"entity":1,"event":"apply","pose":{"control":1,"durable":2,"entity":1,"position":[0.0,0.00100011611357331,9.0000114440918],"receipt_ms":10053,"sequence":227,"tick":597,"velocity":[0.0,0.0,0.0],"yaw":0.0},"position":[0.0,0.00100011611357331,9.0000114440918],"time_ms":10060,"wall_ms":1791412054682.52,"yaw":0.0}
S03R {"entity":2,"event":"apply","pose":{"control":1,"durable":2,"entity":2,"position":[10.3062143325806,0.00100005290005356,7.05044174194336],"receipt_ms":10053,"sequence":225,"tick":597,"velocity":[0.0,0.0,0.0],"yaw":-0.575958728790283},"position":[10.3062143325806,0.00100005290005356,7.05044174194336],"time_ms":10060,"wall_ms":1791412054682.59,"yaw":-0.575958728790283}
S03R {"entity":1,"event":"apply","pose":{"control":1,"durable":2,"entity":1,"position":[0.0,0.00100011611357331,9.0000114440918],"receipt_ms":10101,"sequence":228,"tick":600,"velocity":[0.0,0.0,0.0],"yaw":0.0},"position":[0.0,0.00100011611357331,9.0000114440918],"time_ms":10108,"wall_ms":1791412054730.78,"yaw":0.0}
S03R {"entity":2,"event":"apply","pose":{"control":1,"durable":2,"entity":2,"position":[10.3062143325806,0.00100005290005356,7.05044174194336],"receipt_ms":10101,"sequence":227,"tick":600,"velocity":[0.0,0.0,0.0],"yaw":-0.418879091739655},"position":[10.3062143325806,0.00100005290005356,7.05044174194336],"time_ms":10108,"wall_ms":1791412054730.84,"yaw":-0.418879091739655}
S03R {"entity":1,"event":"apply","pose":{"control":1,"durable":2,"entity":1,"position":[0.0,0.00100011611357331,9.0000114440918],"receipt_ms":10143,"sequence":230,"tick":603,"velocity":[0.0,0.0,0.0],"yaw":0.0},"position":[0.0,0.00100011611357331,9.0000114440918],"time_ms":10157,"wall_ms":1791412054779.11,"yaw":0.0}
S03R {"entity":2,"event":"apply","pose":{"control":1,"durable":2,"entity":2,"position":[10.3062143325806,0.00100005290005356,7.05044174194336],"receipt_ms":10143,"sequence":229,"tick":603,"velocity":[0.0,0.0,0.0],"yaw":-0.261799514293671},"position":[10.3062143325806,0.00100005290005356,7.05044174194336],"time_ms":10157,"wall_ms":1791412054779.17,"yaw":-0.261799514293671}
S03R {"entity":1,"event":"apply","pose":{"control":1,"durable":2,"entity":1,"position":[0.0,0.00100011611357331,9.0000114440918],"receipt_ms":10157,"sequence":231,"tick":606,"velocity":[0.0,0.0,0.0],"yaw":0.0},"position":[0.0,0.00100011611357331,9.0000114440918],"time_ms":10177,"wall_ms":1791412054799.77,"yaw":0.0}
S03R {"entity":2,"event":"apply","pose":{"control":1,"durable":2,"entity":2,"position":[10.3062143325806,0.00100005290005356,7.05044174194336],"receipt_ms":10157,"sequence":229,"tick":606,"velocity":[0.0,0.0,0.0],"yaw":-0.104719862341881},"position":[10.3062143325806,0.00100005290005356,7.05044174194336],"time_ms":10177,"wall_ms":1791412054799.82,"yaw":-0.104719862341881}
S03R {"event":"input","index":17,"move":1.0,"position":[10.3062143325806,0.00100005290005356,7.05044174194336],"role":"client","sequence_floor":240,"tick":480,"time_ms":10191,"turn":0.0,"wall_ms":1791412054813.61,"yaw":-0.104719862341881}
S03R {"event":"keys","move":1.0,"role":"client","tick":480,"time_ms":10191,"turn":0.0,"wall_ms":1791412054813.65}
S03R {"entity":1,"event":"apply","pose":{"control":1,"durable":2,"entity":1,"position":[0.0,0.00100011611357331,9.0000114440918],"receipt_ms":10212,"sequence":233,"tick":609,"velocity":[0.0,0.0,0.0],"yaw":0.0},"position":[0.0,0.00100011611357331,9.0000114440918],"time_ms":10226,"wall_ms":1791412054848.11,"yaw":0.0}
S03R {"entity":2,"event":"apply","pose":{"control":1,"durable":2,"entity":2,"position":[10.3062143325806,0.00100005290005356,7.05044174194336],"receipt_ms":10212,"sequence":233,"tick":609,"velocity":[0.0,0.0,0.0],"yaw":-0.10471984744072},"position":[10.3062143325806,0.00100005290005356,7.05044174194336],"time_ms":10226,"wall_ms":1791412054848.18,"yaw":-0.10471984744072}
S03R {"entity":1,"event":"apply","pose":{"control":1,"durable":2,"entity":1,"position":[0.0,0.00100011611357331,9.0000114440918],"receipt_ms":10253,"sequence":234,"tick":612,"velocity":[0.0,0.0,0.0],"yaw":0.0},"position":[0.0,0.00100011611357331,9.0000114440918],"time_ms":10260,"wall_ms":1791412054882.61,"yaw":0.0}
S03R {"entity":2,"event":"apply","pose":{"control":1,"durable":2,"entity":2,"position":[10.3062143325806,0.00100005290005356,7.05044174194336],"receipt_ms":10253,"sequence":233,"tick":612,"velocity":[0.0,0.0,0.0],"yaw":-0.10471984744072},"position":[10.3062143325806,0.00100005290005356,7.05044174194336],"time_ms":10260,"wall_ms":1791412054882.67,"yaw":-0.10471984744072}
S03R {"entity":1,"event":"apply","pose":{"control":1,"durable":2,"entity":1,"position":[0.0,0.00100011611357331,9.0000114440918],"receipt_ms":10301,"sequence":236,"tick":615,"velocity":[0.0,0.0,0.0],"yaw":0.0},"position":[0.0,0.00100011611357331,9.0000114440918],"time_ms":10308,"wall_ms":1791412054930.87,"yaw":0.0}
S03R {"entity":2,"event":"apply","pose":{"control":1,"durable":2,"entity":2,"position":[10.3062143325806,0.00100005290005356,7.05044174194336],"receipt_ms":10301,"sequence":235,"tick":615,"velocity":[0.0,0.0,0.0],"yaw":-0.104719817638397},"position":[10.3062143325806,0.00100005290005356,7.05044174194336],"time_ms":10308,"wall_ms":1791412054930.92,"yaw":-0.104719817638397}
S03R {"event":"keys","move":0.0,"role":"client","tick":492,"time_ms":10391,"turn":0.0,"wall_ms":1791412055013.7}
S03R {"entity":1,"event":"apply","pose":{"control":1,"durable":2,"entity":1,"position":[0.0,0.00100011611357331,9.0000114440918],"receipt_ms":10398,"sequence":237,"tick":618,"velocity":[0.0,0.0,0.0],"yaw":0.0},"position":[0.0,0.00100011611357331,9.0000114440918],"time_ms":10412,"wall_ms":1791412055034.38,"yaw":0.0}
S03R {"entity":2,"event":"apply","pose":{"control":1,"durable":2,"entity":2,"position":[10.3062143325806,0.00100005290005356,7.05044174194336],"receipt_ms":10398,"sequence":236,"tick":618,"velocity":[0.0,0.0,0.0],"yaw":-0.104719772934914},"position":[10.3062143325806,0.00100005290005356,7.05044174194336],"time_ms":10412,"wall_ms":1791412055034.44,"yaw":-0.104719772934914}
S03R {"entity":1,"event":"apply","pose":{"control":1,"durable":2,"entity":1,"position":[0.0,0.00100011611357331,9.0000114440918],"receipt_ms":10426,"sequence":239,"tick":621,"velocity":[0.0,0.0,0.0],"yaw":0.0},"position":[0.0,0.00100011611357331,9.0000114440918],"time_ms":10439,"wall_ms":1791412055061.97,"yaw":0.0}
S03R {"entity":2,"event":"apply","pose":{"control":1,"durable":2,"entity":2,"position":[10.3062143325806,0.00100005290005356,7.05044174194336],"receipt_ms":10426,"sequence":239,"tick":621,"velocity":[0.0,0.0,0.0],"yaw":-0.10471972823143},"position":[10.3062143325806,0.00100005290005356,7.05044174194336],"time_ms":10439,"wall_ms":1791412055062.03,"yaw":-0.10471972823143}
S03R {"entity":1,"event":"apply","pose":{"control":1,"durable":2,"entity":1,"position":[0.0,0.00100011611357331,9.0000114440918],"receipt_ms":10453,"sequence":240,"tick":624,"velocity":[0.0,0.0,0.0],"yaw":0.0},"position":[0.0,0.00100011611357331,9.0000114440918],"time_ms":10460,"wall_ms":1791412055082.72,"yaw":0.0}
S03R {"entity":2,"event":"apply","pose":{"control":1,"durable":2,"entity":2,"position":[10.3062143325806,0.00100005290005356,7.05044174194336],"receipt_ms":10453,"sequence":239,"tick":624,"velocity":[0.0,0.0,0.0],"yaw":-0.104719698429108},"position":[10.3062143325806,0.00100005290005356,7.05044174194336],"time_ms":10460,"wall_ms":1791412055082.77,"yaw":-0.104719698429108}
S03R {"entity":1,"event":"apply","pose":{"control":1,"durable":2,"entity":1,"position":[0.0,0.00100011611357331,9.0000114440918],"receipt_ms":10467,"sequence":242,"tick":627,"velocity":[0.0,0.0,0.0],"yaw":0.0},"position":[0.0,0.00100011611357331,9.0000114440918],"time_ms":10474,"wall_ms":1791412055096.46,"yaw":0.0}
S03R {"entity":2,"event":"apply","pose":{"control":1,"durable":2,"entity":2,"position":[10.3236360549927,0.00100005290005356,6.88468837738037],"receipt_ms":10467,"sequence":240,"tick":627,"velocity":[0.52264130115509,0.0,-4.97260284423828],"yaw":-0.104719676077366},"position":[10.3236360549927,0.00100005290005356,6.88468837738037],"time_ms":10474,"wall_ms":1791412055096.51,"yaw":-0.104719676077366}
S03R {"entity":1,"event":"apply","pose":{"control":1,"durable":2,"entity":1,"position":[0.0,0.00100011611357331,9.0000114440918],"receipt_ms":10550,"sequence":243,"tick":630,"velocity":[0.0,0.0,0.0],"yaw":0.0},"position":[0.0,0.00100011611357331,9.0000114440918],"time_ms":10557,"wall_ms":1791412055179.31,"yaw":0.0}
S03R {"entity":2,"event":"apply","pose":{"control":1,"durable":2,"entity":2,"position":[10.3497686386108,0.00100005290005356,6.63605833053589],"receipt_ms":10550,"sequence":243,"tick":630,"velocity":[0.522641181945801,0.0,-4.97260284423828],"yaw":-0.104719653725624},"position":[10.3497686386108,0.00100005290005356,6.63605833053589],"time_ms":10557,"wall_ms":1791412055179.38,"yaw":-0.104719653725624}
S03R {"entity":1,"event":"apply","pose":{"control":1,"durable":2,"entity":1,"position":[0.0,0.00100011611357331,9.0000114440918],"receipt_ms":10646,"sequence":245,"tick":633,"velocity":[0.0,0.0,0.0],"yaw":0.0},"position":[0.0,0.00100011611357331,9.0000114440918],"time_ms":10660,"wall_ms":1791412055282.82,"yaw":0.0}
S03R {"entity":2,"event":"apply","pose":{"control":1,"durable":2,"entity":2,"position":[10.375901222229,0.00100005290005356,6.38742828369141],"receipt_ms":10646,"sequence":245,"tick":633,"velocity":[0.522641062736511,0.0,-4.97260284423828],"yaw":-0.104719646275043},"position":[10.375901222229,0.00100005290005356,6.38742828369141],"time_ms":10660,"wall_ms":1791412055282.88,"yaw":-0.104719646275043}
S03R {"event":"input","index":18,"move":0.0,"position":[10.375901222229,0.00100005290005356,6.38742828369141],"role":"client","sequence_floor":255,"tick":510,"time_ms":10695,"turn":1.0,"wall_ms":1791412055317.31,"yaw":-0.104719646275043}
S03R {"event":"keys","move":0.0,"role":"client","tick":510,"time_ms":10695,"turn":1.0,"wall_ms":1791412055317.37}
S03R {"entity":1,"event":"apply","pose":{"control":1,"durable":2,"entity":1,"position":[0.0,0.00100011611357331,9.0000114440918],"receipt_ms":10674,"sequence":246,"tick":636,"velocity":[0.0,0.0,0.0],"yaw":0.0},"position":[0.0,0.00100011611357331,9.0000114440918],"time_ms":10695,"wall_ms":1791412055317.44,"yaw":0.0}
S03R {"entity":2,"event":"apply","pose":{"control":1,"durable":2,"entity":2,"position":[10.4020338058472,0.00100005290005356,6.13879823684692],"receipt_ms":10674,"sequence":245,"tick":636,"velocity":[0.522641062736511,0.0,-4.97260284423828],"yaw":-0.104719646275043},"position":[10.4020338058472,0.00100005290005356,6.13879823684692],"time_ms":10695,"wall_ms":1791412055317.48,"yaw":-0.104719646275043}
S03R {"entity":1,"event":"apply","pose":{"control":1,"durable":2,"entity":1,"position":[0.0,0.00100011611357331,9.0000114440918],"receipt_ms":10709,"sequence":248,"tick":639,"velocity":[0.0,0.0,0.0],"yaw":0.0},"position":[0.0,0.00100011611357331,9.0000114440918],"time_ms":10729,"wall_ms":1791412055351.83,"yaw":0.0}
S03R {"entity":2,"event":"apply","pose":{"control":1,"durable":2,"entity":2,"position":[10.4107446670532,0.00100005290005356,6.05592155456543],"receipt_ms":10709,"sequence":247,"tick":639,"velocity":[0.0,0.0,0.0],"yaw":-0.104719646275043},"position":[10.4107446670532,0.00100005290005356,6.05592155456543],"time_ms":10729,"wall_ms":1791412055351.88,"yaw":-0.104719646275043}
S03R {"entity":1,"event":"apply","pose":{"control":1,"durable":2,"entity":1,"position":[0.0,0.00100011611357331,9.0000114440918],"receipt_ms":10771,"sequence":249,"tick":642,"velocity":[0.0,0.0,0.0],"yaw":0.0},"position":[0.0,0.00100011611357331,9.0000114440918],"time_ms":10778,"wall_ms":1791412055400.08,"yaw":0.0}
S03R {"entity":2,"event":"apply","pose":{"control":1,"durable":2,"entity":2,"position":[10.4107446670532,0.00100005290005356,6.05592155456543],"receipt_ms":10771,"sequence":248,"tick":642,"velocity":[0.0,0.0,0.0],"yaw":-0.104719646275043},"position":[10.4107446670532,0.00100005290005356,6.05592155456543],"time_ms":10778,"wall_ms":1791412055400.15,"yaw":-0.104719646275043}
S03R {"entity":1,"event":"apply","pose":{"control":1,"durable":2,"entity":1,"position":[0.0,0.00100011611357331,9.0000114440918],"receipt_ms":10826,"sequence":251,"tick":645,"velocity":[0.0,0.0,0.0],"yaw":0.0},"position":[0.0,0.00100011611357331,9.0000114440918],"time_ms":10840,"wall_ms":1791412055462.17,"yaw":0.0}
S03R {"entity":2,"event":"apply","pose":{"control":1,"durable":2,"entity":2,"position":[10.4107446670532,0.00100005290005356,6.05592155456543],"receipt_ms":10826,"sequence":251,"tick":645,"velocity":[0.0,0.0,0.0],"yaw":-0.104719646275043},"position":[10.4107446670532,0.00100005290005356,6.05592155456543],"time_ms":10840,"wall_ms":1791412055462.22,"yaw":-0.104719646275043}
S03R {"entity":1,"event":"apply","pose":{"control":1,"durable":2,"entity":1,"position":[0.0,0.00100011611357331,9.0000114440918],"receipt_ms":10840,"sequence":252,"tick":648,"velocity":[0.0,0.0,0.0],"yaw":0.0},"position":[0.0,0.00100011611357331,9.0000114440918],"time_ms":10860,"wall_ms":1791412055482.93,"yaw":0.0}
S03R {"entity":2,"event":"apply","pose":{"control":1,"durable":2,"entity":2,"position":[10.4107446670532,0.00100005290005356,6.05592155456543],"receipt_ms":10840,"sequence":251,"tick":648,"velocity":[0.0,0.0,0.0],"yaw":-0.104719646275043},"position":[10.4107446670532,0.00100005290005356,6.05592155456543],"time_ms":10860,"wall_ms":1791412055482.98,"yaw":-0.104719646275043}
S03R {"event":"keys","move":0.0,"role":"client","tick":522,"time_ms":10895,"turn":0.0,"wall_ms":1791412055517.41}
S03R {"entity":1,"event":"apply","pose":{"control":1,"durable":2,"entity":1,"position":[0.0,0.00100011611357331,9.0000114440918],"receipt_ms":10902,"sequence":255,"tick":654,"velocity":[0.0,0.0,0.0],"yaw":0.0},"position":[0.0,0.00100011611357331,9.0000114440918],"time_ms":10909,"wall_ms":1791412055531.18,"yaw":0.0}
S03R {"entity":2,"event":"apply","pose":{"control":1,"durable":2,"entity":2,"position":[10.4107446670532,0.00100005290005356,6.05592155456543],"receipt_ms":10902,"sequence":256,"tick":654,"velocity":[0.0,0.0,0.0],"yaw":-0.157079517841339},"position":[10.4107446670532,0.00100005290005356,6.05592155456543],"time_ms":10909,"wall_ms":1791412055531.24,"yaw":-0.157079517841339}
S03R {"entity":1,"event":"apply","pose":{"control":1,"durable":2,"entity":1,"position":[0.0,0.00100011611357331,9.0000114440918],"receipt_ms":10964,"sequence":257,"tick":657,"velocity":[0.0,0.0,0.0],"yaw":0.0},"position":[0.0,0.00100011611357331,9.0000114440918],"time_ms":10978,"wall_ms":1791412055600.19,"yaw":0.0}
S03R {"entity":2,"event":"apply","pose":{"control":1,"durable":2,"entity":2,"position":[10.4107446670532,0.00100005290005356,6.05592155456543],"receipt_ms":10964,"sequence":256,"tick":657,"velocity":[0.0,0.0,0.0],"yaw":-0.314159065485001},"position":[10.4107446670532,0.00100005290005356,6.05592155456543],"time_ms":10978,"wall_ms":1791412055600.26,"yaw":-0.314159065485001}
S03R {"entity":1,"event":"apply","pose":{"control":1,"durable":2,"entity":1,"position":[0.0,0.00100011611357331,9.0000114440918],"receipt_ms":11040,"sequence":258,"tick":660,"velocity":[0.0,0.0,0.0],"yaw":0.0},"position":[0.0,0.00100011611357331,9.0000114440918],"time_ms":11060,"wall_ms":1791412055683.04,"yaw":0.0}
S03R {"entity":2,"event":"apply","pose":{"control":1,"durable":2,"entity":2,"position":[10.4107446670532,0.00100005290005356,6.05592155456543],"receipt_ms":11040,"sequence":257,"tick":660,"velocity":[0.0,0.0,0.0],"yaw":-0.471238762140274},"position":[10.4107446670532,0.00100005290005356,6.05592155456543],"time_ms":11061,"wall_ms":1791412055683.1,"yaw":-0.471238762140274}
S03R {"entity":1,"event":"apply","pose":{"control":1,"durable":2,"entity":1,"position":[0.0,0.00100011611357331,9.0000114440918],"receipt_ms":11102,"sequence":260,"tick":663,"velocity":[0.0,0.0,0.0],"yaw":0.0},"position":[0.0,0.00100011611357331,9.0000114440918],"time_ms":11109,"wall_ms":1791412055731.29,"yaw":0.0}
S03R {"entity":2,"event":"apply","pose":{"control":1,"durable":2,"entity":2,"position":[10.4107446670532,0.00100005290005356,6.05592155456543],"receipt_ms":11102,"sequence":258,"tick":663,"velocity":[0.0,0.0,0.0],"yaw":-0.628318309783936},"position":[10.4107446670532,0.00100005290005356,6.05592155456543],"time_ms":11109,"wall_ms":1791412055731.35,"yaw":-0.628318309783936}
S03R {"event":"input","index":19,"move":1.0,"position":[10.4107446670532,0.00100005290005356,6.05592155456543],"role":"client","sequence_floor":270,"tick":540,"time_ms":11192,"turn":0.0,"wall_ms":1791412055814.1,"yaw":-0.628318309783936}
S03R {"event":"keys","move":1.0,"role":"client","tick":540,"time_ms":11192,"turn":0.0,"wall_ms":1791412055814.14}
S03R {"entity":1,"event":"apply","pose":{"control":1,"durable":2,"entity":1,"position":[0.0,0.00100011611357331,9.0000114440918],"receipt_ms":11185,"sequence":261,"tick":666,"velocity":[0.0,0.0,0.0],"yaw":0.0},"position":[0.0,0.00100011611357331,9.0000114440918],"time_ms":11192,"wall_ms":1791412055814.19,"yaw":0.0}
S03R {"entity":2,"event":"apply","pose":{"control":1,"durable":2,"entity":2,"position":[10.4107446670532,0.00100005290005356,6.05592155456543],"receipt_ms":11185,"sequence":260,"tick":666,"velocity":[0.0,0.0,0.0],"yaw":-0.785397946834564},"position":[10.4107446670532,0.00100005290005356,6.05592155456543],"time_ms":11192,"wall_ms":1791412055814.22,"yaw":-0.785397946834564}
S03R {"entity":1,"event":"apply","pose":{"control":1,"durable":2,"entity":1,"position":[0.0,0.00100011611357331,9.0000114440918],"receipt_ms":11198,"sequence":263,"tick":669,"velocity":[0.0,0.0,0.0],"yaw":0.0},"position":[0.0,0.00100011611357331,9.0000114440918],"time_ms":11212,"wall_ms":1791412055834.81,"yaw":0.0}
S03R {"entity":2,"event":"apply","pose":{"control":1,"durable":2,"entity":2,"position":[10.4107446670532,0.00100005290005356,6.05592155456543],"receipt_ms":11198,"sequence":262,"tick":669,"velocity":[0.0,0.0,0.0],"yaw":-0.785397946834564},"position":[10.4107446670532,0.00100005290005356,6.05592155456543],"time_ms":11212,"wall_ms":1791412055834.86,"yaw":-0.785397946834564}
S03R {"entity":1,"event":"apply","pose":{"control":1,"durable":2,"entity":1,"position":[0.0,0.00100011611357331,9.0000114440918],"receipt_ms":11267,"sequence":264,"tick":672,"velocity":[0.0,0.0,0.0],"yaw":0.0},"position":[0.0,0.00100011611357331,9.0000114440918],"time_ms":11274,"wall_ms":1791412055896.87,"yaw":0.0}
S03R {"entity":2,"event":"apply","pose":{"control":1,"durable":2,"entity":2,"position":[10.4107446670532,0.00100005290005356,6.05592155456543],"receipt_ms":11267,"sequence":262,"tick":672,"velocity":[0.0,0.0,0.0],"yaw":-0.785397946834564},"position":[10.4107446670532,0.00100005290005356,6.05592155456543],"time_ms":11274,"wall_ms":1791412055896.92,"yaw":-0.785397946834564}
S03R {"entity":1,"event":"apply","pose":{"control":1,"durable":2,"entity":1,"position":[0.0,0.00100011611357331,9.0000114440918],"receipt_ms":11302,"sequence":266,"tick":675,"velocity":[0.0,0.0,0.0],"yaw":0.0},"position":[0.0,0.00100011611357331,9.0000114440918],"time_ms":11309,"wall_ms":1791412055931.4,"yaw":0.0}
S03R {"entity":2,"event":"apply","pose":{"control":1,"durable":2,"entity":2,"position":[10.4107446670532,0.00100005290005356,6.05592155456543],"receipt_ms":11302,"sequence":265,"tick":675,"velocity":[0.0,0.0,0.0],"yaw":-0.785397946834564},"position":[10.4107446670532,0.00100005290005356,6.05592155456543],"time_ms":11309,"wall_ms":1791412055931.46,"yaw":-0.785397946834564}
S03R {"entity":1,"event":"apply","pose":{"control":1,"durable":2,"entity":1,"position":[0.0,0.00100011611357331,9.0000114440918],"receipt_ms":11330,"sequence":267,"tick":678,"velocity":[0.0,0.0,0.0],"yaw":0.0},"position":[0.0,0.00100011611357331,9.0000114440918],"time_ms":11343,"wall_ms":1791412055965.89,"yaw":0.0}
S03R {"entity":2,"event":"apply","pose":{"control":1,"durable":2,"entity":2,"position":[10.4107446670532,0.00100005290005356,6.05592155456543],"receipt_ms":11330,"sequence":265,"tick":678,"velocity":[0.0,0.0,0.0],"yaw":-0.785397946834564},"position":[10.4107446670532,0.00100005290005356,6.05592155456543],"time_ms":11343,"wall_ms":1791412055965.96,"yaw":-0.785397946834564}
S03R {"event":"keys","move":0.0,"role":"client","tick":552,"time_ms":11392,"turn":0.0,"wall_ms":1791412056014.22}
S03R {"entity":1,"event":"apply","pose":{"control":1,"durable":2,"entity":1,"position":[0.0,0.00100011611357331,9.0000114440918],"receipt_ms":11440,"sequence":269,"tick":681,"velocity":[0.0,0.0,0.0],"yaw":0.0},"position":[0.0,0.00100011611357331,9.0000114440918],"time_ms":11461,"wall_ms":1791412056083.26,"yaw":0.0}
S03R {"entity":2,"event":"apply","pose":{"control":1,"durable":2,"entity":2,"position":[10.4107446670532,0.00100005290005356,6.05592155456543],"receipt_ms":11440,"sequence":268,"tick":681,"velocity":[0.0,0.0,0.0],"yaw":-0.785397946834564},"position":[10.4107446670532,0.00100005290005356,6.05592155456543],"time_ms":11461,"wall_ms":1791412056083.32,"yaw":-0.785397946834564}
S03R {"entity":1,"event":"apply","pose":{"control":1,"durable":2,"entity":1,"position":[0.0,0.00100011611357331,9.0000114440918],"receipt_ms":11468,"sequence":272,"tick":687,"velocity":[0.0,0.0,0.0],"yaw":0.0},"position":[0.0,0.00100011611357331,9.0000114440918],"time_ms":11474,"wall_ms":1791412056096.97,"yaw":0.0}
S03R {"entity":2,"event":"apply","pose":{"control":1,"durable":2,"entity":2,"position":[10.5285959243774,0.00100005290005356,5.93807029724121],"receipt_ms":11468,"sequence":272,"tick":687,"velocity":[3.5355281829834,0.0,-3.53552961349487],"yaw":-0.785397946834564},"position":[10.5285959243774,0.00100005290005356,5.93807029724121],"time_ms":11474,"wall_ms":1791412056097.0,"yaw":-0.785397946834564}
S03R {"entity":1,"event":"apply","pose":{"control":1,"durable":2,"entity":1,"position":[0.0,0.00100011611357331,9.0000114440918],"receipt_ms":11558,"sequence":275,"tick":693,"velocity":[0.0,0.0,0.0],"yaw":0.0},"position":[0.0,0.00100011611357331,9.0000114440918],"time_ms":11578,"wall_ms":1791412056200.5,"yaw":0.0}
S03R {"entity":2,"event":"apply","pose":{"control":1,"durable":2,"entity":2,"position":[10.8821496963501,0.00100005290005356,5.58451652526855],"receipt_ms":11558,"sequence":275,"tick":693,"velocity":[3.5355281829834,0.0,-3.53552961349487],"yaw":-0.785397946834564},"position":[10.8821496963501,0.00100005290005356,5.58451652526855],"time_ms":11578,"wall_ms":1791412056200.56,"yaw":-0.785397946834564}
S03R {"entity":1,"event":"apply","pose":{"control":1,"durable":2,"entity":1,"position":[0.0,0.00100011611357331,9.0000114440918],"receipt_ms":11613,"sequence":276,"tick":696,"velocity":[0.0,0.0,0.0],"yaw":0.0},"position":[0.0,0.00100011611357331,9.0000114440918],"time_ms":11626,"wall_ms":1791412056248.8,"yaw":0.0}
S03R {"entity":2,"event":"apply","pose":{"control":1,"durable":2,"entity":2,"position":[11.0589265823364,0.00100005290005356,5.40773963928223],"receipt_ms":11613,"sequence":275,"tick":696,"velocity":[3.5355281829834,0.0,-3.53552961349487],"yaw":-0.785397946834564},"position":[11.0589265823364,0.00100005290005356,5.40773963928223],"time_ms":11626,"wall_ms":1791412056248.83,"yaw":-0.785397946834564}
S03R {"event":"input","index":20,"move":0.0,"position":[11.0589265823364,0.00100005290005356,5.40773963928223],"role":"client","sequence_floor":285,"tick":570,"time_ms":11695,"turn":-1.0,"wall_ms":1791412056317.85,"yaw":-0.785397946834564}
S03R {"event":"keys","move":0.0,"role":"client","tick":570,"time_ms":11695,"turn":-1.0,"wall_ms":1791412056317.89}
S03R {"entity":1,"event":"apply","pose":{"control":1,"durable":2,"entity":1,"position":[0.0,0.00100011611357331,9.0000114440918],"receipt_ms":11730,"sequence":278,"tick":699,"velocity":[0.0,0.0,0.0],"yaw":0.0},"position":[0.0,0.00100011611357331,9.0000114440918],"time_ms":11744,"wall_ms":1791412056366.09,"yaw":0.0}
S03R {"entity":2,"event":"apply","pose":{"control":1,"durable":2,"entity":2,"position":[11.0589265823364,0.00100005290005356,5.40773963928223],"receipt_ms":11730,"sequence":277,"tick":699,"velocity":[0.0,0.0,0.0],"yaw":-0.785397946834564},"position":[11.0589265823364,0.00100005290005356,5.40773963928223],"time_ms":11744,"wall_ms":1791412056366.16,"yaw":-0.785397946834564}
S03R {"entity":1,"event":"apply","pose":{"control":1,"durable":2,"entity":1,"position":[0.0,0.00100011611357331,9.0000114440918],"receipt_ms":11792,"sequence":281,"tick":705,"velocity":[0.0,0.0,0.0],"yaw":0.0},"position":[0.0,0.00100011611357331,9.0000114440918],"time_ms":11813,"wall_ms":1791412056435.1,"yaw":0.0}
S03R {"entity":2,"event":"apply","pose":{"control":1,"durable":2,"entity":2,"position":[11.0589265823364,0.00100005290005356,5.40773963928223],"receipt_ms":11792,"sequence":280,"tick":705,"velocity":[0.0,0.0,0.0],"yaw":-0.785397946834564},"position":[11.0589265823364,0.00100005290005356,5.40773963928223],"time_ms":11813,"wall_ms":1791412056435.17,"yaw":-0.785397946834564}
S03R {"entity":1,"event":"apply","pose":{"control":1,"durable":2,"entity":1,"position":[0.0,0.00100011611357331,9.0000114440918],"receipt_ms":11827,"sequence":282,"tick":708,"velocity":[0.0,0.0,0.0],"yaw":0.0},"position":[0.0,0.00100011611357331,9.0000114440918],"time_ms":11840,"wall_ms":1791412056462.69,"yaw":0.0}
S03R {"entity":2,"event":"apply","pose":{"control":1,"durable":2,"entity":2,"position":[11.0589265823364,0.00100005290005356,5.40773963928223],"receipt_ms":11827,"sequence":282,"tick":708,"velocity":[0.0,0.0,0.0],"yaw":-0.785397946834564},"position":[11.0589265823364,0.00100005290005356,5.40773963928223],"time_ms":11840,"wall_ms":1791412056462.75,"yaw":-0.785397946834564}
S03R {"event":"keys","move":0.0,"role":"client","tick":582,"time_ms":11895,"turn":0.0,"wall_ms":1791412056517.92}
S03R {"entity":1,"event":"apply","pose":{"control":1,"durable":2,"entity":1,"position":[0.0,0.00100011611357331,9.0000114440918],"receipt_ms":11923,"sequence":284,"tick":711,"velocity":[0.0,0.0,0.0],"yaw":0.0},"position":[0.0,0.00100011611357331,9.0000114440918],"time_ms":11930,"wall_ms":1791412056552.42,"yaw":0.0}
S03R {"entity":2,"event":"apply","pose":{"control":1,"durable":2,"entity":2,"position":[11.0589265823364,0.00100005290005356,5.40773963928223],"receipt_ms":11923,"sequence":282,"tick":711,"velocity":[0.0,0.0,0.0],"yaw":-0.785397946834564},"position":[11.0589265823364,0.00100005290005356,5.40773963928223],"time_ms":11930,"wall_ms":1791412056552.48,"yaw":-0.785397946834564}
S03R {"entity":1,"event":"apply","pose":{"control":1,"durable":2,"entity":1,"position":[0.0,0.00100011611357331,9.0000114440918],"receipt_ms":11958,"sequence":287,"tick":717,"velocity":[0.0,0.0,0.0],"yaw":0.0},"position":[0.0,0.00100011611357331,9.0000114440918],"time_ms":11978,"wall_ms":1791412056600.68,"yaw":0.0}
S03R {"entity":2,"event":"apply","pose":{"control":1,"durable":2,"entity":2,"position":[11.0589265823364,0.00100005290005356,5.40773963928223],"receipt_ms":11958,"sequence":287,"tick":717,"velocity":[0.0,0.0,0.0],"yaw":-0.733038067817688},"position":[11.0589265823364,0.00100005290005356,5.40773963928223],"time_ms":11978,"wall_ms":1791412056600.71,"yaw":-0.733038067817688}
S03R {"entity":1,"event":"apply","pose":{"control":1,"durable":2,"entity":1,"position":[0.0,0.00100011611357331,9.0000114440918],"receipt_ms":12096,"sequence":290,"tick":723,"velocity":[0.0,0.0,0.0],"yaw":0.0},"position":[0.0,0.00100011611357331,9.0000114440918],"time_ms":12109,"wall_ms":1791412056731.81,"yaw":0.0}
S03R {"entity":2,"event":"apply","pose":{"control":1,"durable":2,"entity":2,"position":[11.0589265823364,0.00100005290005356,5.40773963928223],"receipt_ms":12096,"sequence":290,"tick":723,"velocity":[0.0,0.0,0.0],"yaw":-0.418878823518753},"position":[11.0589265823364,0.00100005290005356,5.40773963928223],"time_ms":12109,"wall_ms":1791412056731.88,"yaw":-0.418878823518753}
S03R {"entity":1,"event":"apply","pose":{"control":1,"durable":2,"entity":1,"position":[0.0,0.00100011611357331,9.0000114440918],"receipt_ms":12171,"sequence":291,"tick":726,"velocity":[0.0,0.0,0.0],"yaw":0.0},"position":[0.0,0.00100011611357331,9.0000114440918],"time_ms":12178,"wall_ms":1791412056800.78,"yaw":0.0}
S03R {"entity":2,"event":"apply","pose":{"control":1,"durable":2,"entity":2,"position":[11.0589265823364,0.00100005290005356,5.40773963928223],"receipt_ms":12171,"sequence":290,"tick":726,"velocity":[0.0,0.0,0.0],"yaw":-0.261799186468124},"position":[11.0589265823364,0.00100005290005356,5.40773963928223],"time_ms":12178,"wall_ms":1791412056800.82,"yaw":-0.261799186468124}
S03R {"event":"input","index":21,"move":1.0,"position":[11.0589265823364,0.00100005290005356,5.40773963928223],"role":"client","sequence_floor":300,"tick":600,"time_ms":12192,"turn":0.0,"wall_ms":1791412056814.61,"yaw":-0.261799186468124}
S03R {"event":"keys","move":1.0,"role":"client","tick":600,"time_ms":12192,"turn":0.0,"wall_ms":1791412056814.63}
S03R {"entity":1,"event":"apply","pose":{"control":1,"durable":2,"entity":1,"position":[0.0,0.00100011611357331,9.0000114440918],"receipt_ms":12233,"sequence":293,"tick":729,"velocity":[0.0,0.0,0.0],"yaw":0.0},"position":[0.0,0.00100011611357331,9.0000114440918],"time_ms":12240,"wall_ms":1791412056862.88,"yaw":0.0}
S03R {"entity":2,"event":"apply","pose":{"control":1,"durable":2,"entity":2,"position":[11.0589265823364,0.00100005290005356,5.40773963928223],"receipt_ms":12233,"sequence":293,"tick":729,"velocity":[0.0,0.0,0.0],"yaw":-0.261799216270447},"position":[11.0589265823364,0.00100005290005356,5.40773963928223],"time_ms":12240,"wall_ms":1791412056862.91,"yaw":-0.261799216270447}
S03R {"entity":1,"event":"apply","pose":{"control":1,"durable":2,"entity":1,"position":[0.0,0.00100011611357331,9.0000114440918],"receipt_ms":12289,"sequence":294,"tick":732,"velocity":[0.0,0.0,0.0],"yaw":0.0},"position":[0.0,0.00100011611357331,9.0000114440918],"time_ms":12296,"wall_ms":1791412056918.12,"yaw":0.0}
S03R {"entity":2,"event":"apply","pose":{"control":1,"durable":2,"entity":2,"position":[11.0589265823364,0.00100005290005356,5.40773963928223],"receipt_ms":12289,"sequence":295,"tick":732,"velocity":[0.0,0.0,0.0],"yaw":-0.261799216270447},"position":[11.0589265823364,0.00100005290005356,5.40773963928223],"time_ms":12296,"wall_ms":1791412056918.16,"yaw":-0.261799216270447}
S03R {"entity":1,"event":"apply","pose":{"control":1,"durable":2,"entity":1,"position":[0.0,0.00100011611357331,9.0000114440918],"receipt_ms":12316,"sequence":296,"tick":735,"velocity":[0.0,0.0,0.0],"yaw":0.0},"position":[0.0,0.00100011611357331,9.0000114440918],"time_ms":12330,"wall_ms":1791412056952.61,"yaw":0.0}
S03R {"entity":2,"event":"apply","pose":{"control":1,"durable":2,"entity":2,"position":[11.0589265823364,0.00100005290005356,5.40773963928223],"receipt_ms":12316,"sequence":295,"tick":735,"velocity":[0.0,0.0,0.0],"yaw":-0.261799216270447},"position":[11.0589265823364,0.00100005290005356,5.40773963928223],"time_ms":12330,"wall_ms":1791412056952.64,"yaw":-0.261799216270447}
S03R {"entity":1,"event":"apply","pose":{"control":1,"durable":2,"entity":1,"position":[0.0,0.00100011611357331,9.0000114440918],"receipt_ms":12344,"sequence":297,"tick":738,"velocity":[0.0,0.0,0.0],"yaw":0.0},"position":[0.0,0.00100011611357331,9.0000114440918],"time_ms":12358,"wall_ms":1791412056980.21,"yaw":0.0}
S03R {"entity":2,"event":"apply","pose":{"control":1,"durable":2,"entity":2,"position":[11.0589265823364,0.00100005290005356,5.40773963928223],"receipt_ms":12344,"sequence":297,"tick":738,"velocity":[0.0,0.0,0.0],"yaw":-0.261799216270447},"position":[11.0589265823364,0.00100005290005356,5.40773963928223],"time_ms":12358,"wall_ms":1791412056980.24,"yaw":-0.261799216270447}
S03R {"entity":1,"event":"apply","pose":{"control":1,"durable":2,"entity":1,"position":[0.0,0.00100011611357331,9.0000114440918],"receipt_ms":12385,"sequence":299,"tick":741,"velocity":[0.0,0.0,0.0],"yaw":0.0},"position":[0.0,0.00100011611357331,9.0000114440918],"time_ms":12392,"wall_ms":1791412057014.75,"yaw":0.0}
S03R {"entity":2,"event":"apply","pose":{"control":1,"durable":2,"entity":2,"position":[11.0589265823364,0.00100005290005356,5.40773963928223],"receipt_ms":12385,"sequence":298,"tick":741,"velocity":[0.0,0.0,0.0],"yaw":-0.261799216270447},"position":[11.0589265823364,0.00100005290005356,5.40773963928223],"time_ms":12392,"wall_ms":1791412057014.81,"yaw":-0.261799216270447}
S03R {"entity":1,"event":"apply","pose":{"control":1,"durable":2,"entity":1,"position":[0.0,0.00100011611357331,9.0000114440918],"receipt_ms":12462,"sequence":300,"tick":744,"velocity":[0.0,0.0,0.0],"yaw":0.0},"position":[0.0,0.00100011611357331,9.0000114440918],"time_ms":12475,"wall_ms":1791412057097.51,"yaw":0.0}
S03R {"entity":2,"event":"apply","pose":{"control":1,"durable":2,"entity":2,"position":[6.0,0.00100011611357331,6.0],"receipt_ms":12462,"sequence":298,"tick":744,"velocity":[0.0,0.0,0.0],"yaw":0.0},"position":[6.0,0.00100011611357331,6.0],"time_ms":12475,"wall_ms":1791412057097.57,"yaw":0.0}
S03R {"entity":1,"event":"apply","pose":{"control":1,"durable":2,"entity":1,"position":[0.0,0.00100011611357331,9.0000114440918],"receipt_ms":12516,"sequence":303,"tick":750,"velocity":[0.0,0.0,0.0],"yaw":0.0},"position":[0.0,0.00100011611357331,9.0000114440918],"time_ms":12530,"wall_ms":1791412057152.75,"yaw":0.0}
S03R {"entity":2,"event":"apply","pose":{"control":1,"durable":2,"entity":2,"position":[6.0,0.00100011611357331,5.58333492279053],"receipt_ms":12516,"sequence":302,"tick":750,"velocity":[0.0,0.0,-4.99999284744263],"yaw":0.0},"position":[6.0,0.00100011611357331,5.58333492279053],"time_ms":12530,"wall_ms":1791412057152.8,"yaw":0.0}
S03R {"entity":1,"event":"apply","pose":{"control":1,"durable":2,"entity":1,"position":[0.0,0.00100011611357331,9.0000114440918],"receipt_ms":12572,"sequence":305,"tick":753,"velocity":[0.0,0.0,0.0],"yaw":0.0},"position":[0.0,0.00100011611357331,9.0000114440918],"time_ms":12578,"wall_ms":1791412057201.01,"yaw":0.0}
S03R {"entity":2,"event":"apply","pose":{"control":1,"durable":2,"entity":2,"position":[6.0,0.00100011611357331,5.33333587646484],"receipt_ms":12572,"sequence":304,"tick":753,"velocity":[0.0,0.0,-4.99999284744263],"yaw":0.0},"position":[6.0,0.00100011611357331,5.33333587646484],"time_ms":12578,"wall_ms":1791412057201.07,"yaw":0.0}
S03R {"entity":1,"event":"apply","pose":{"control":1,"durable":2,"entity":1,"position":[0.0,0.00100011611357331,9.0000114440918],"receipt_ms":12662,"sequence":308,"tick":759,"velocity":[0.0,0.0,0.0],"yaw":0.0},"position":[0.0,0.00100011611357331,9.0000114440918],"time_ms":12675,"wall_ms":1791412057297.62,"yaw":0.0}
S03R {"entity":2,"event":"apply","pose":{"control":1,"durable":2,"entity":2,"position":[6.0,0.00100011611357331,4.83333778381348],"receipt_ms":12662,"sequence":307,"tick":759,"velocity":[0.0,0.0,-4.99999284744263],"yaw":0.0},"position":[6.0,0.00100011611357331,4.83333778381348],"time_ms":12675,"wall_ms":1791412057297.68,"yaw":0.0}
S03R {"entity":1,"event":"apply","pose":{"control":1,"durable":2,"entity":1,"position":[0.0,0.00100011611357331,9.0000114440918],"receipt_ms":12772,"sequence":311,"tick":765,"velocity":[0.0,0.0,0.0],"yaw":0.0},"position":[0.0,0.00100011611357331,9.0000114440918],"time_ms":12778,"wall_ms":1791412057401.1,"yaw":0.0}
S03R {"entity":2,"event":"apply","pose":{"control":1,"durable":2,"entity":2,"position":[6.0,0.00100011611357331,4.33333969116211],"receipt_ms":12772,"sequence":309,"tick":765,"velocity":[0.0,0.0,-4.99999284744263],"yaw":0.0},"position":[6.0,0.00100011611357331,4.33333969116211],"time_ms":12779,"wall_ms":1791412057401.13,"yaw":0.0}
S03R {"entity":1,"event":"apply","pose":{"control":1,"durable":2,"entity":1,"position":[0.0,0.00100011611357331,9.0000114440918],"receipt_ms":12848,"sequence":312,"tick":768,"velocity":[0.0,0.0,0.0],"yaw":0.0},"position":[0.0,0.00100011611357331,9.0000114440918],"time_ms":12861,"wall_ms":1791412057483.92,"yaw":0.0}
S03R {"entity":2,"event":"apply","pose":{"control":1,"durable":2,"entity":2,"position":[6.0,0.00100011611357331,4.08334064483643],"receipt_ms":12848,"sequence":312,"tick":768,"velocity":[0.0,0.0,-4.99999284744263],"yaw":0.0},"position":[6.0,0.00100011611357331,4.08334064483643],"time_ms":12861,"wall_ms":1791412057483.95,"yaw":0.0}
S03R {"entity":1,"event":"apply","pose":{"control":1,"durable":2,"entity":1,"position":[0.0,0.00100011611357331,9.0000114440918],"receipt_ms":12862,"sequence":314,"tick":771,"velocity":[0.0,0.0,0.0],"yaw":0.0},"position":[0.0,0.00100011611357331,9.0000114440918],"time_ms":12875,"wall_ms":1791412057497.7,"yaw":0.0}
S03R {"entity":2,"event":"apply","pose":{"control":1,"durable":2,"entity":2,"position":[6.0,0.00100011611357331,3.83334112167358],"receipt_ms":12862,"sequence":314,"tick":771,"velocity":[0.0,0.0,-4.99999284744263],"yaw":0.0},"position":[6.0,0.00100011611357331,3.83334112167358],"time_ms":12875,"wall_ms":1791412057497.73,"yaw":0.0}
S03R {"entity":1,"event":"apply","pose":{"control":1,"durable":2,"entity":1,"position":[0.0,0.00100011611357331,9.0000114440918],"receipt_ms":12951,"sequence":315,"tick":774,"velocity":[0.0,0.0,0.0],"yaw":0.0},"position":[0.0,0.00100011611357331,9.0000114440918],"time_ms":12958,"wall_ms":1791412057580.56,"yaw":0.0}
S03R {"entity":2,"event":"apply","pose":{"control":1,"durable":2,"entity":2,"position":[6.0,0.00100011611357331,3.58334136009216],"receipt_ms":12951,"sequence":315,"tick":774,"velocity":[0.0,0.0,-4.99999284744263],"yaw":0.0},"position":[6.0,0.00100011611357331,3.58334136009216],"time_ms":12958,"wall_ms":1791412057580.62,"yaw":0.0}
S03R {"entity":1,"event":"apply","pose":{"control":1,"durable":2,"entity":1,"position":[0.0,0.00100011611357331,9.0000114440918],"receipt_ms":12979,"sequence":317,"tick":777,"velocity":[0.0,0.0,0.0],"yaw":0.0},"position":[0.0,0.00100011611357331,9.0000114440918],"time_ms":12992,"wall_ms":1791412057615.06,"yaw":0.0}
S03R {"entity":2,"event":"apply","pose":{"control":1,"durable":2,"entity":2,"position":[6.0,0.00100011611357331,3.33334159851074],"receipt_ms":12979,"sequence":316,"tick":777,"velocity":[0.0,0.0,-4.99999284744263],"yaw":0.0},"position":[6.0,0.00100011611357331,3.33334159851074],"time_ms":12993,"wall_ms":1791412057615.12,"yaw":0.0}
S03R {"entity":1,"event":"apply","pose":{"control":1,"durable":2,"entity":1,"position":[0.0,0.00100011611357331,9.0000114440918],"receipt_ms":13076,"sequence":320,"tick":783,"velocity":[0.0,0.0,0.0],"yaw":0.0},"position":[0.0,0.00100011611357331,9.0000114440918],"time_ms":13096,"wall_ms":1791412057718.53,"yaw":0.0}
S03R {"entity":2,"event":"apply","pose":{"control":1,"durable":2,"entity":2,"position":[6.0,0.00100011611357331,2.8333420753479],"receipt_ms":13076,"sequence":319,"tick":783,"velocity":[0.0,0.0,-4.99999284744263],"yaw":0.0},"position":[6.0,0.00100011611357331,2.8333420753479],"time_ms":13096,"wall_ms":1791412057718.56,"yaw":0.0}
S03R {"entity":1,"event":"apply","pose":{"control":1,"durable":2,"entity":1,"position":[0.0,0.00100011611357331,9.0000114440918],"receipt_ms":13186,"sequence":321,"tick":786,"velocity":[0.0,0.0,0.0],"yaw":0.0},"position":[0.0,0.00100011611357331,9.0000114440918],"time_ms":13193,"wall_ms":1791412057815.13,"yaw":0.0}
S03R {"entity":2,"event":"apply","pose":{"control":1,"durable":2,"entity":2,"position":[6.0,0.00100011611357331,2.58334231376648],"receipt_ms":13186,"sequence":320,"tick":786,"velocity":[0.0,0.0,-4.99999284744263],"yaw":0.0},"position":[6.0,0.00100011611357331,2.58334231376648],"time_ms":13193,"wall_ms":1791412057815.17,"yaw":0.0}
S03R {"entity":1,"event":"apply","pose":{"control":1,"durable":2,"entity":1,"position":[0.0,0.00100011611357331,9.0000114440918],"receipt_ms":13214,"sequence":324,"tick":792,"velocity":[0.0,0.0,0.0],"yaw":0.0},"position":[0.0,0.00100011611357331,9.0000114440918],"time_ms":13227,"wall_ms":1791412057849.63,"yaw":0.0}
S03R {"entity":2,"event":"apply","pose":{"control":1,"durable":2,"entity":2,"position":[6.0,0.00100011611357331,2.08334279060364],"receipt_ms":13214,"sequence":324,"tick":792,"velocity":[0.0,0.0,-4.99999284744263],"yaw":0.0},"position":[6.0,0.00100011611357331,2.08334279060364],"time_ms":13227,"wall_ms":1791412057849.66,"yaw":0.0}
S03R {"entity":1,"event":"apply","pose":{"control":1,"durable":2,"entity":1,"position":[0.0,0.00100011611357331,9.0000114440918],"receipt_ms":13317,"sequence":326,"tick":795,"velocity":[0.0,0.0,0.0],"yaw":0.0},"position":[0.0,0.00100011611357331,9.0000114440918],"time_ms":13331,"wall_ms":1791412057953.18,"yaw":0.0}
S03R {"entity":2,"event":"apply","pose":{"control":1,"durable":2,"entity":2,"position":[6.0,0.00100011611357331,1.83334302902222],"receipt_ms":13317,"sequence":325,"tick":795,"velocity":[0.0,0.0,-4.99999284744263],"yaw":0.0},"position":[6.0,0.00100011611357331,1.83334302902222],"time_ms":13331,"wall_ms":1791412057953.26,"yaw":0.0}
S03R {"entity":1,"event":"apply","pose":{"control":1,"durable":2,"entity":1,"position":[0.0,0.00100011611357331,9.0000114440918],"receipt_ms":13337,"sequence":327,"tick":798,"velocity":[0.0,0.0,0.0],"yaw":0.0},"position":[0.0,0.00100011611357331,9.0000114440918],"time_ms":13344,"wall_ms":1791412057966.92,"yaw":0.0}
S03R {"entity":2,"event":"apply","pose":{"control":1,"durable":2,"entity":2,"position":[6.0,0.00100011611357331,1.5833432674408],"receipt_ms":13337,"sequence":325,"tick":798,"velocity":[0.0,0.0,-4.99999284744263],"yaw":0.0},"position":[6.0,0.00100011611357331,1.5833432674408],"time_ms":13344,"wall_ms":1791412057966.98,"yaw":0.0}
S03R {"entity":1,"event":"apply","pose":{"control":1,"durable":2,"entity":1,"position":[0.0,0.00100011611357331,9.0000114440918],"receipt_ms":13400,"sequence":329,"tick":801,"velocity":[0.0,0.0,0.0],"yaw":0.0},"position":[0.0,0.00100011611357331,9.0000114440918],"time_ms":13413,"wall_ms":1791412058035.93,"yaw":0.0}
S03R {"entity":2,"event":"apply","pose":{"control":1,"durable":2,"entity":2,"position":[6.0,0.00100011611357331,1.33334350585938],"receipt_ms":13400,"sequence":328,"tick":801,"velocity":[0.0,0.0,-4.99999284744263],"yaw":0.0},"position":[6.0,0.00100011611357331,1.33334350585938],"time_ms":13413,"wall_ms":1791412058035.99,"yaw":0.0}
S03R {"entity":1,"event":"apply","pose":{"control":1,"durable":2,"entity":1,"position":[0.0,0.00100011611357331,9.0000114440918],"receipt_ms":13476,"sequence":332,"tick":807,"velocity":[0.0,0.0,0.0],"yaw":0.0},"position":[0.0,0.00100011611357331,9.0000114440918],"time_ms":13496,"wall_ms":1791412058118.78,"yaw":0.0}
S03R {"entity":2,"event":"apply","pose":{"control":1,"durable":2,"entity":2,"position":[6.0,0.00100011611357331,0.833344101905823],"receipt_ms":13476,"sequence":331,"tick":807,"velocity":[0.0,0.0,-4.99999284744263],"yaw":0.0},"position":[6.0,0.00100011611357331,0.833344101905823],"time_ms":13496,"wall_ms":1791412058118.84,"yaw":0.0}
S03R {"entity":1,"event":"apply","pose":{"control":1,"durable":2,"entity":1,"position":[0.0,0.00100011611357331,9.0000114440918],"receipt_ms":13531,"sequence":333,"tick":810,"velocity":[0.0,0.0,0.0],"yaw":0.0},"position":[0.0,0.00100011611357331,9.0000114440918],"time_ms":13544,"wall_ms":1791412058167.04,"yaw":0.0}
S03R {"entity":2,"event":"apply","pose":{"control":1,"durable":2,"entity":2,"position":[6.0,0.00100011611357331,0.583344519138336],"receipt_ms":13531,"sequence":332,"tick":810,"velocity":[0.0,0.0,-4.99999284744263],"yaw":0.0},"position":[6.0,0.00100011611357331,0.583344519138336],"time_ms":13544,"wall_ms":1791412058167.1,"yaw":0.0}
S03R {"entity":1,"event":"apply","pose":{"control":1,"durable":2,"entity":1,"position":[0.0,0.00100011611357331,9.0000114440918],"receipt_ms":13655,"sequence":335,"tick":813,"velocity":[0.0,0.0,0.0],"yaw":0.0},"position":[0.0,0.00100011611357331,9.0000114440918],"time_ms":13662,"wall_ms":1791412058284.39,"yaw":0.0}
S03R {"entity":2,"event":"apply","pose":{"control":1,"durable":2,"entity":2,"position":[6.0,0.00100011611357331,0.38021981716156],"receipt_ms":13655,"sequence":334,"tick":813,"velocity":[0.0,0.0,-4.99999284744263],"yaw":0.0},"position":[6.0,0.00100011611357331,0.38021981716156],"time_ms":13662,"wall_ms":1791412058284.45,"yaw":0.0}
S03R {"entity":1,"event":"apply","pose":{"control":1,"durable":2,"entity":1,"position":[0.0,0.00100011611357331,9.0000114440918],"receipt_ms":13676,"sequence":336,"tick":816,"velocity":[0.0,0.0,0.0],"yaw":0.0},"position":[0.0,0.00100011611357331,9.0000114440918],"time_ms":13696,"wall_ms":1791412058318.88,"yaw":0.0}
S03R {"entity":2,"event":"apply","pose":{"control":1,"durable":2,"entity":2,"position":[6.0,0.00100011611357331,0.38021981716156],"receipt_ms":13676,"sequence":334,"tick":816,"velocity":[0.0,0.0,-4.99999284744263],"yaw":0.0},"position":[6.0,0.00100011611357331,0.38021981716156],"time_ms":13696,"wall_ms":1791412058318.94,"yaw":0.0}
S03R {"entity":1,"event":"apply","pose":{"control":1,"durable":2,"entity":1,"position":[0.0,0.00100011611357331,9.0000114440918],"receipt_ms":13703,"sequence":339,"tick":822,"velocity":[0.0,0.0,0.0],"yaw":0.0},"position":[0.0,0.00100011611357331,9.0000114440918],"time_ms":13710,"wall_ms":1791412058332.63,"yaw":0.0}
S03R {"entity":2,"event":"apply","pose":{"control":1,"durable":2,"entity":2,"position":[6.0,0.00100011611357331,0.38021981716156],"receipt_ms":13703,"sequence":337,"tick":822,"velocity":[0.0,0.0,-4.99999284744263],"yaw":0.0},"position":[6.0,0.00100011611357331,0.38021981716156],"time_ms":13710,"wall_ms":1791412058332.69,"yaw":0.0}
S03R {"entity":1,"event":"apply","pose":{"control":1,"durable":2,"entity":1,"position":[0.0,0.00100011611357331,9.0000114440918],"receipt_ms":13834,"sequence":341,"tick":825,"velocity":[0.0,0.0,0.0],"yaw":0.0},"position":[0.0,0.00100011611357331,9.0000114440918],"time_ms":13841,"wall_ms":1791412058463.72,"yaw":0.0}
S03R {"entity":2,"event":"apply","pose":{"control":1,"durable":2,"entity":2,"position":[6.0,0.00100011611357331,0.38021981716156],"receipt_ms":13834,"sequence":341,"tick":825,"velocity":[0.0,0.0,-4.99999284744263],"yaw":0.0},"position":[6.0,0.00100011611357331,0.38021981716156],"time_ms":13841,"wall_ms":1791412058463.76,"yaw":0.0}
S03R {"entity":1,"event":"apply","pose":{"control":1,"durable":2,"entity":1,"position":[0.0,0.00100011611357331,9.0000114440918],"receipt_ms":13862,"sequence":342,"tick":828,"velocity":[0.0,0.0,0.0],"yaw":0.0},"position":[0.0,0.00100011611357331,9.0000114440918],"time_ms":13876,"wall_ms":1791412058498.23,"yaw":0.0}
S03R {"entity":2,"event":"apply","pose":{"control":1,"durable":2,"entity":2,"position":[6.0,0.00100011611357331,0.38021981716156],"receipt_ms":13862,"sequence":341,"tick":828,"velocity":[0.0,0.0,-4.99999284744263],"yaw":0.0},"position":[6.0,0.00100011611357331,0.38021981716156],"time_ms":13876,"wall_ms":1791412058498.29,"yaw":0.0}
S03R {"entity":1,"event":"apply","pose":{"control":1,"durable":2,"entity":1,"position":[0.0,0.00100011611357331,9.0000114440918],"receipt_ms":13911,"sequence":345,"tick":834,"velocity":[0.0,0.0,0.0],"yaw":0.0},"position":[0.0,0.00100011611357331,9.0000114440918],"time_ms":13931,"wall_ms":1791412058553.51,"yaw":0.0}
S03R {"entity":2,"event":"apply","pose":{"control":1,"durable":2,"entity":2,"position":[6.0,0.00100011611357331,0.38021981716156],"receipt_ms":13911,"sequence":345,"tick":834,"velocity":[0.0,0.0,-4.99999284744263],"yaw":0.0},"position":[6.0,0.00100011611357331,0.38021981716156],"time_ms":13931,"wall_ms":1791412058553.57,"yaw":0.0}
S03R {"entity":1,"event":"apply","pose":{"control":1,"durable":2,"entity":1,"position":[0.0,0.00100011611357331,9.0000114440918],"receipt_ms":14028,"sequence":348,"tick":840,"velocity":[0.0,0.0,0.0],"yaw":0.0},"position":[0.0,0.00100011611357331,9.0000114440918],"time_ms":14041,"wall_ms":1791412058663.85,"yaw":0.0}
S03R {"entity":2,"event":"apply","pose":{"control":1,"durable":2,"entity":2,"position":[6.0,0.00100011611357331,0.38021981716156],"receipt_ms":14028,"sequence":348,"tick":840,"velocity":[0.0,0.0,-4.99999284744263],"yaw":0.0},"position":[6.0,0.00100011611357331,0.38021981716156],"time_ms":14041,"wall_ms":1791412058663.91,"yaw":0.0}
S03R {"entity":1,"event":"apply","pose":{"control":1,"durable":2,"entity":1,"position":[0.0,0.00100011611357331,9.0000114440918],"receipt_ms":14172,"sequence":351,"tick":846,"velocity":[0.0,0.0,0.0],"yaw":0.0},"position":[0.0,0.00100011611357331,9.0000114440918],"time_ms":14179,"wall_ms":1791412058801.84,"yaw":0.0}
S03R {"entity":2,"event":"apply","pose":{"control":1,"durable":2,"entity":2,"position":[6.0,0.00100011611357331,0.38021981716156],"receipt_ms":14172,"sequence":351,"tick":846,"velocity":[0.0,0.0,-4.99999284744263],"yaw":0.0},"position":[6.0,0.00100011611357331,0.38021981716156],"time_ms":14179,"wall_ms":1791412058801.91,"yaw":0.0}
S03R {"event":"keys","move":-1.0,"role":"client","tick":720,"time_ms":14193,"turn":0.0,"wall_ms":1791412058815.67}
S03R {"entity":1,"event":"apply","pose":{"control":1,"durable":2,"entity":1,"position":[0.0,0.00100011611357331,9.0000114440918],"receipt_ms":14200,"sequence":353,"tick":849,"velocity":[0.0,0.0,0.0],"yaw":0.0},"position":[0.0,0.00100011611357331,9.0000114440918],"time_ms":14214,"wall_ms":1791412058836.32,"yaw":0.0}
S03R {"entity":2,"event":"apply","pose":{"control":1,"durable":2,"entity":2,"position":[6.0,0.00100011611357331,0.38021981716156],"receipt_ms":14200,"sequence":353,"tick":849,"velocity":[0.0,0.0,-4.99999284744263],"yaw":0.0},"position":[6.0,0.00100011611357331,0.38021981716156],"time_ms":14214,"wall_ms":1791412058836.36,"yaw":0.0}
S03R {"entity":1,"event":"apply","pose":{"control":1,"durable":2,"entity":1,"position":[0.0,0.00100011611357331,9.0000114440918],"receipt_ms":14255,"sequence":354,"tick":852,"velocity":[0.0,0.0,0.0],"yaw":0.0},"position":[0.0,0.00100011611357331,9.0000114440918],"time_ms":14262,"wall_ms":1791412058884.69,"yaw":0.0}
S03R {"entity":2,"event":"apply","pose":{"control":1,"durable":2,"entity":2,"position":[6.0,0.00100011611357331,0.38021981716156],"receipt_ms":14255,"sequence":354,"tick":852,"velocity":[0.0,0.0,-4.99999284744263],"yaw":0.0},"position":[6.0,0.00100011611357331,0.38021981716156],"time_ms":14262,"wall_ms":1791412058884.74,"yaw":0.0}
S03R {"entity":1,"event":"apply","pose":{"control":1,"durable":2,"entity":1,"position":[0.0,0.00100011611357331,9.0000114440918],"receipt_ms":14303,"sequence":357,"tick":858,"velocity":[0.0,0.0,0.0],"yaw":0.0},"position":[0.0,0.00100011611357331,9.0000114440918],"time_ms":14310,"wall_ms":1791412058932.93,"yaw":0.0}
S03R {"entity":2,"event":"apply","pose":{"control":1,"durable":2,"entity":2,"position":[6.0,0.00100011611357331,0.38021981716156],"receipt_ms":14303,"sequence":355,"tick":858,"velocity":[0.0,0.0,-4.99999284744263],"yaw":0.0},"position":[6.0,0.00100011611357331,0.38021981716156],"time_ms":14310,"wall_ms":1791412058932.95,"yaw":0.0}
S03R {"event":"keys","move":0.0,"role":"client","tick":768,"time_ms":14993,"turn":0.0,"wall_ms":1791412059616.05}
S03R {"entity":1,"event":"apply","pose":{"control":1,"durable":2,"entity":1,"position":[0.0,0.00100011611357331,9.0000114440918],"receipt_ms":15456,"sequence":392,"tick":927,"velocity":[0.0,0.0,0.0],"yaw":0.0},"position":[0.0,0.00100011611357331,9.0000114440918],"time_ms":15463,"wall_ms":1791412060085.32,"yaw":0.0}
S03R {"entity":2,"event":"apply","pose":{"control":1,"durable":2,"entity":2,"position":[6.0,0.00100011611357331,1.13089799880981],"receipt_ms":15456,"sequence":361,"tick":927,"velocity":[0.0,0.0,0.0],"yaw":0.0},"position":[6.0,0.00100011611357331,1.13089799880981],"time_ms":15463,"wall_ms":1791412060085.39,"yaw":0.0}
S03R {"entity":1,"event":"apply","pose":{"control":1,"durable":2,"entity":1,"position":[0.0,0.00100011611357331,9.0000114440918],"receipt_ms":15518,"sequence":393,"tick":930,"velocity":[0.0,0.0,0.0],"yaw":0.0},"position":[0.0,0.00100011611357331,9.0000114440918],"time_ms":15532,"wall_ms":1791412060154.28,"yaw":0.0}
S03R {"entity":2,"event":"apply","pose":{"control":1,"durable":2,"entity":2,"position":[6.0,0.00100011611357331,1.13089799880981],"receipt_ms":15518,"sequence":361,"tick":930,"velocity":[0.0,0.0,0.0],"yaw":0.0},"position":[6.0,0.00100011611357331,1.13089799880981],"time_ms":15532,"wall_ms":1791412060154.31,"yaw":0.0}
S03R {"entity":1,"event":"apply","pose":{"control":1,"durable":2,"entity":1,"position":[0.0,0.00100011611357331,9.0000114440918],"receipt_ms":15601,"sequence":395,"tick":933,"velocity":[0.0,0.0,0.0],"yaw":0.0},"position":[0.0,0.00100011611357331,9.0000114440918],"time_ms":15614,"wall_ms":1791412060237.08,"yaw":0.0}
S03R {"entity":2,"event":"apply","pose":{"control":1,"durable":2,"entity":2,"position":[6.0,0.00100011611357331,1.13089799880981],"receipt_ms":15601,"sequence":361,"tick":933,"velocity":[0.0,0.0,0.0],"yaw":0.0},"position":[6.0,0.00100011611357331,1.13089799880981],"time_ms":15614,"wall_ms":1791412060237.14,"yaw":0.0}
S03R {"entity":1,"event":"apply","pose":{"control":1,"durable":2,"entity":1,"position":[0.0,0.00100011611357331,9.0000114440918],"receipt_ms":15621,"sequence":396,"tick":936,"velocity":[0.0,0.0,0.0],"yaw":0.0},"position":[0.0,0.00100011611357331,9.0000114440918],"time_ms":15628,"wall_ms":1791412060250.92,"yaw":0.0}
S03R {"entity":2,"event":"apply","pose":{"control":1,"durable":2,"entity":2,"position":[6.0,0.00100011611357331,1.13089799880981],"receipt_ms":15621,"sequence":395,"tick":936,"velocity":[0.0,0.0,0.0],"yaw":0.0},"position":[6.0,0.00100011611357331,1.13089799880981],"time_ms":15628,"wall_ms":1791412060250.97,"yaw":0.0}
S03R {"entity":1,"event":"apply","pose":{"control":1,"durable":2,"entity":1,"position":[0.0,0.00100011611357331,9.0000114440918],"receipt_ms":15698,"sequence":398,"tick":939,"velocity":[0.0,0.0,0.0],"yaw":0.0},"position":[0.0,0.00100011611357331,9.0000114440918],"time_ms":15711,"wall_ms":1791412060333.68,"yaw":0.0}
S03R {"entity":2,"event":"apply","pose":{"control":1,"durable":2,"entity":2,"position":[6.0,0.00100011611357331,1.13089799880981],"receipt_ms":15698,"sequence":396,"tick":939,"velocity":[0.0,0.0,0.0],"yaw":0.0},"position":[6.0,0.00100011611357331,1.13089799880981],"time_ms":15711,"wall_ms":1791412060333.74,"yaw":0.0}
S03R {"entity":1,"event":"apply","pose":{"control":1,"durable":2,"entity":1,"position":[0.0,0.00100011611357331,9.0000114440918],"receipt_ms":15712,"sequence":399,"tick":942,"velocity":[0.0,0.0,0.0],"yaw":0.0},"position":[0.0,0.00100011611357331,9.0000114440918],"time_ms":15732,"wall_ms":1791412060354.43,"yaw":0.0}
S03R {"entity":2,"event":"apply","pose":{"control":1,"durable":2,"entity":2,"position":[6.0,0.00100011611357331,1.13089799880981],"receipt_ms":15712,"sequence":397,"tick":942,"velocity":[0.0,0.0,0.0],"yaw":0.0},"position":[6.0,0.00100011611357331,1.13089799880981],"time_ms":15732,"wall_ms":1791412060354.49,"yaw":0.0}
S03R {"entity":1,"event":"apply","pose":{"control":1,"durable":2,"entity":1,"position":[0.0,0.00100011611357331,9.0000114440918],"receipt_ms":15808,"sequence":402,"tick":948,"velocity":[0.0,0.0,0.0],"yaw":0.0},"position":[0.0,0.00100011611357331,9.0000114440918],"time_ms":15815,"wall_ms":1791412060437.18,"yaw":0.0}
S03R {"entity":2,"event":"apply","pose":{"control":1,"durable":2,"entity":2,"position":[6.0,0.00100011611357331,1.13089799880981],"receipt_ms":15808,"sequence":402,"tick":948,"velocity":[0.0,0.0,0.0],"yaw":0.0},"position":[6.0,0.00100011611357331,1.13089799880981],"time_ms":15815,"wall_ms":1791412060437.24,"yaw":0.0}
S03R {"entity":1,"event":"apply","pose":{"control":1,"durable":2,"entity":1,"position":[0.0,0.00100011611357331,9.0000114440918],"receipt_ms":15912,"sequence":405,"tick":954,"velocity":[0.0,0.0,0.0],"yaw":0.0},"position":[0.0,0.00100011611357331,9.0000114440918],"time_ms":15932,"wall_ms":1791412060554.52,"yaw":0.0}
S03R {"entity":2,"event":"apply","pose":{"control":1,"durable":2,"entity":2,"position":[6.0,0.00100011611357331,1.13089799880981],"receipt_ms":15912,"sequence":404,"tick":954,"velocity":[0.0,0.0,0.0],"yaw":0.0},"position":[6.0,0.00100011611357331,1.13089799880981],"time_ms":15932,"wall_ms":1791412060554.58,"yaw":0.0}
S03R {"entity":1,"event":"apply","pose":{"control":1,"durable":2,"entity":1,"position":[0.0,0.00100011611357331,9.0000114440918],"receipt_ms":15973,"sequence":407,"tick":957,"velocity":[0.0,0.0,0.0],"yaw":0.0},"position":[0.0,0.00100011611357331,9.0000114440918],"time_ms":15980,"wall_ms":1791412060602.75,"yaw":0.0}
S03R {"entity":2,"event":"apply","pose":{"control":1,"durable":2,"entity":2,"position":[6.0,0.00100011611357331,1.13089799880981],"receipt_ms":15973,"sequence":406,"tick":957,"velocity":[0.0,0.0,0.0],"yaw":0.0},"position":[6.0,0.00100011611357331,1.13089799880981],"time_ms":15980,"wall_ms":1791412060602.78,"yaw":0.0}
S03R {"entity":1,"event":"apply","pose":{"control":1,"durable":2,"entity":1,"position":[0.0,0.00100011611357331,9.0000114440918],"receipt_ms":16029,"sequence":408,"tick":960,"velocity":[0.0,0.0,0.0],"yaw":0.0},"position":[0.0,0.00100011611357331,9.0000114440918],"time_ms":16042,"wall_ms":1791412060664.88,"yaw":0.0}
S03R {"entity":2,"event":"apply","pose":{"control":1,"durable":2,"entity":2,"position":[6.0,0.00100011611357331,1.13089799880981],"receipt_ms":16029,"sequence":407,"tick":960,"velocity":[0.0,0.0,0.0],"yaw":0.0},"position":[6.0,0.00100011611357331,1.13089799880981],"time_ms":16042,"wall_ms":1791412060664.94,"yaw":0.0}
S03R {"entity":1,"event":"apply","pose":{"control":1,"durable":2,"entity":1,"position":[0.0,0.00100011611357331,9.0000114440918],"receipt_ms":16056,"sequence":410,"tick":963,"velocity":[0.0,0.0,0.0],"yaw":0.0},"position":[0.0,0.00100011611357331,9.0000114440918],"time_ms":16063,"wall_ms":1791412060685.59,"yaw":0.0}
S03R {"entity":2,"event":"apply","pose":{"control":1,"durable":2,"entity":2,"position":[6.0,0.00100011611357331,1.13089799880981],"receipt_ms":16056,"sequence":409,"tick":963,"velocity":[0.0,0.0,0.0],"yaw":0.0},"position":[6.0,0.00100011611357331,1.13089799880981],"time_ms":16063,"wall_ms":1791412060685.63,"yaw":0.0}
S03R {"entity":1,"event":"apply","pose":{"control":1,"durable":2,"entity":1,"position":[0.0,0.00100011611357331,9.0000114440918],"receipt_ms":16139,"sequence":411,"tick":966,"velocity":[0.0,0.0,0.0],"yaw":0.0},"position":[0.0,0.00100011611357331,9.0000114440918],"time_ms":16146,"wall_ms":1791412060768.36,"yaw":0.0}
S03R {"entity":2,"event":"apply","pose":{"control":1,"durable":2,"entity":2,"position":[6.0,0.00100011611357331,1.13089799880981],"receipt_ms":16139,"sequence":411,"tick":966,"velocity":[0.0,0.0,0.0],"yaw":0.0},"position":[6.0,0.00100011611357331,1.13089799880981],"time_ms":16146,"wall_ms":1791412060768.4,"yaw":0.0}
S03R {"entity":1,"event":"apply","pose":{"control":1,"durable":2,"entity":1,"position":[0.0,0.00100011611357331,9.0000114440918],"receipt_ms":16270,"sequence":414,"tick":972,"velocity":[0.0,0.0,0.0],"yaw":0.0},"position":[0.0,0.00100011611357331,9.0000114440918],"time_ms":16277,"wall_ms":1791412060899.46,"yaw":0.0}
S03R {"entity":2,"event":"apply","pose":{"control":1,"durable":2,"entity":2,"position":[6.0,0.00100011611357331,1.13089799880981],"receipt_ms":16270,"sequence":413,"tick":972,"velocity":[0.0,0.0,0.0],"yaw":0.0},"position":[6.0,0.00100011611357331,1.13089799880981],"time_ms":16277,"wall_ms":1791412060899.5,"yaw":0.0}
S03R {"entity":1,"event":"apply","pose":{"control":1,"durable":2,"entity":1,"position":[0.0,0.00100011611357331,9.0000114440918],"receipt_ms":16339,"sequence":416,"tick":975,"velocity":[0.0,0.0,0.0],"yaw":0.0},"position":[0.0,0.00100011611357331,9.0000114440918],"time_ms":16346,"wall_ms":1791412060968.48,"yaw":0.0}
S03R {"entity":2,"event":"apply","pose":{"control":1,"durable":2,"entity":2,"position":[6.0,0.00100011611357331,1.13089799880981],"receipt_ms":16339,"sequence":415,"tick":975,"velocity":[0.0,0.0,0.0],"yaw":0.0},"position":[6.0,0.00100011611357331,1.13089799880981],"time_ms":16346,"wall_ms":1791412060968.54,"yaw":0.0}
S03R {"entity":1,"event":"apply","pose":{"control":1,"durable":2,"entity":1,"position":[0.0,0.00100011611357331,9.0000114440918],"receipt_ms":16387,"sequence":419,"tick":981,"velocity":[0.0,0.0,0.0],"yaw":0.0},"position":[0.0,0.00100011611357331,9.0000114440918],"time_ms":16394,"wall_ms":1791412061016.78,"yaw":0.0}
S03R {"entity":2,"event":"apply","pose":{"control":1,"durable":2,"entity":2,"position":[6.0,0.00100011611357331,1.13089799880981],"receipt_ms":16387,"sequence":419,"tick":981,"velocity":[0.0,0.0,0.0],"yaw":0.0},"position":[6.0,0.00100011611357331,1.13089799880981],"time_ms":16394,"wall_ms":1791412061016.81,"yaw":0.0}
S03R {"entity":1,"event":"apply","pose":{"control":1,"durable":2,"entity":1,"position":[0.0,0.00100011611357331,9.0000114440918],"receipt_ms":16463,"sequence":420,"tick":984,"velocity":[0.0,0.0,0.0],"yaw":0.0},"position":[0.0,0.00100011611357331,9.0000114440918],"time_ms":16477,"wall_ms":1791412061099.57,"yaw":0.0}
S03R {"entity":2,"event":"apply","pose":{"control":1,"durable":2,"entity":2,"position":[6.0,0.00100011611357331,1.13089799880981],"receipt_ms":16464,"sequence":421,"tick":984,"velocity":[0.0,0.0,0.0],"yaw":0.0},"position":[6.0,0.00100011611357331,1.13089799880981],"time_ms":16477,"wall_ms":1791412061099.6,"yaw":0.0}
S03R {"entity":1,"event":"apply","pose":{"control":1,"durable":2,"entity":1,"position":[0.0,0.00100011611357331,9.0000114440918],"receipt_ms":16484,"sequence":422,"tick":987,"velocity":[0.0,0.0,0.0],"yaw":0.0},"position":[0.0,0.00100011611357331,9.0000114440918],"time_ms":16498,"wall_ms":1791412061120.33,"yaw":0.0}
S03R {"entity":2,"event":"apply","pose":{"control":1,"durable":2,"entity":2,"position":[6.0,0.00100011611357331,1.13089799880981],"receipt_ms":16484,"sequence":422,"tick":987,"velocity":[0.0,0.0,0.0],"yaw":0.0},"position":[6.0,0.00100011611357331,1.13089799880981],"time_ms":16498,"wall_ms":1791412061120.39,"yaw":0.0}
S03R {"entity":1,"event":"apply","pose":{"control":1,"durable":2,"entity":1,"position":[0.0,0.00100011611357331,9.0000114440918],"receipt_ms":16574,"sequence":425,"tick":993,"velocity":[0.0,0.0,0.0],"yaw":0.0},"position":[0.0,0.00100011611357331,9.0000114440918],"time_ms":16580,"wall_ms":1791412061203.09,"yaw":0.0}
S03R {"entity":2,"event":"apply","pose":{"control":1,"durable":2,"entity":2,"position":[6.0,0.00100011611357331,1.13089799880981],"receipt_ms":16574,"sequence":425,"tick":993,"velocity":[0.0,0.0,0.0],"yaw":0.0},"position":[6.0,0.00100011611357331,1.13089799880981],"time_ms":16580,"wall_ms":1791412061203.16,"yaw":0.0}
S03R {"entity":1,"event":"apply","pose":{"control":1,"durable":2,"entity":1,"position":[0.0,0.00100011611357331,9.0000114440918],"receipt_ms":16649,"sequence":426,"tick":996,"velocity":[0.0,0.0,0.0],"yaw":0.0},"position":[0.0,0.00100011611357331,9.0000114440918],"time_ms":16663,"wall_ms":1791412061285.94,"yaw":0.0}
S03R {"entity":2,"event":"apply","pose":{"control":1,"durable":2,"entity":2,"position":[6.0,0.00100011611357331,1.13089799880981],"receipt_ms":16649,"sequence":425,"tick":996,"velocity":[0.0,0.0,0.0],"yaw":0.0},"position":[6.0,0.00100011611357331,1.13089799880981],"time_ms":16663,"wall_ms":1791412061286.0,"yaw":0.0}
S03R {"entity":1,"event":"apply","pose":{"control":1,"durable":2,"entity":1,"position":[0.0,0.00100011611357331,9.0000114440918],"receipt_ms":16733,"sequence":428,"tick":999,"velocity":[0.0,0.0,0.0],"yaw":0.0},"position":[0.0,0.00100011611357331,9.0000114440918],"time_ms":16746,"wall_ms":1791412061368.67,"yaw":0.0}
S03R {"entity":2,"event":"apply","pose":{"control":1,"durable":2,"entity":2,"position":[6.0,0.00100011611357331,1.13089799880981],"receipt_ms":16733,"sequence":426,"tick":999,"velocity":[0.0,0.0,0.0],"yaw":0.0},"position":[6.0,0.00100011611357331,1.13089799880981],"time_ms":16746,"wall_ms":1791412061368.7,"yaw":0.0}
S03R {"entity":1,"event":"apply","pose":{"control":1,"durable":2,"entity":1,"position":[0.0,0.00100011611357331,9.0000114440918],"receipt_ms":16774,"sequence":429,"tick":1002,"velocity":[0.0,0.0,0.0],"yaw":0.0},"position":[0.0,0.00100011611357331,9.0000114440918],"time_ms":16781,"wall_ms":1791412061403.19,"yaw":0.0}
S03R {"entity":2,"event":"apply","pose":{"control":1,"durable":2,"entity":2,"position":[6.0,0.00100011611357331,1.13089799880981],"receipt_ms":16774,"sequence":429,"tick":1002,"velocity":[0.0,0.0,0.0],"yaw":0.0},"position":[6.0,0.00100011611357331,1.13089799880981],"time_ms":16781,"wall_ms":1791412061403.25,"yaw":0.0}
S03R {"entity":1,"event":"apply","pose":{"control":1,"durable":2,"entity":1,"position":[0.0,0.00100011611357331,9.0000114440918],"receipt_ms":16815,"sequence":431,"tick":1005,"velocity":[0.0,0.0,0.0],"yaw":0.0},"position":[0.0,0.00100011611357331,9.0000114440918],"time_ms":16829,"wall_ms":1791412061451.5,"yaw":0.0}
S03R {"entity":2,"event":"apply","pose":{"control":1,"durable":2,"entity":2,"position":[6.0,0.00100011611357331,1.13089799880981],"receipt_ms":16815,"sequence":429,"tick":1005,"velocity":[0.0,0.0,0.0],"yaw":0.0},"position":[6.0,0.00100011611357331,1.13089799880981],"time_ms":16829,"wall_ms":1791412061451.53,"yaw":0.0}
S03R {"entity":1,"event":"apply","pose":{"control":1,"durable":2,"entity":1,"position":[0.0,0.00100011611357331,9.0000114440918],"receipt_ms":16829,"sequence":432,"tick":1008,"velocity":[0.0,0.0,0.0],"yaw":0.0},"position":[0.0,0.00100011611357331,9.0000114440918],"time_ms":16843,"wall_ms":1791412061465.3,"yaw":0.0}
S03R {"entity":2,"event":"apply","pose":{"control":1,"durable":2,"entity":2,"position":[6.0,0.00100011611357331,1.13089799880981],"receipt_ms":16829,"sequence":431,"tick":1008,"velocity":[0.0,0.0,0.0],"yaw":0.0},"position":[6.0,0.00100011611357331,1.13089799880981],"time_ms":16843,"wall_ms":1791412061465.37,"yaw":0.0}
S03R {"entity":1,"event":"apply","pose":{"control":1,"durable":2,"entity":1,"position":[0.0,0.00100011611357331,9.0000114440918],"receipt_ms":16864,"sequence":434,"tick":1011,"velocity":[0.0,0.0,0.0],"yaw":0.0},"position":[0.0,0.00100011611357331,9.0000114440918],"time_ms":16877,"wall_ms":1791412061499.79,"yaw":0.0}
S03R {"entity":2,"event":"apply","pose":{"control":1,"durable":2,"entity":2,"position":[6.0,0.00100011611357331,1.13089799880981],"receipt_ms":16864,"sequence":433,"tick":1011,"velocity":[0.0,0.0,0.0],"yaw":0.0},"position":[6.0,0.00100011611357331,1.13089799880981],"time_ms":16877,"wall_ms":1791412061499.85,"yaw":0.0}
S03R {"entity":1,"event":"apply","pose":{"control":1,"durable":2,"entity":1,"position":[0.0,0.00100011611357331,9.0000114440918],"receipt_ms":16974,"sequence":437,"tick":1017,"velocity":[0.0,0.0,0.0],"yaw":0.0},"position":[0.0,0.00100011611357331,9.0000114440918],"time_ms":16981,"wall_ms":1791412061603.3,"yaw":0.0}
S03R {"entity":2,"event":"apply","pose":{"control":1,"durable":2,"entity":2,"position":[6.0,0.00100011611357331,1.13089799880981],"receipt_ms":16974,"sequence":435,"tick":1017,"velocity":[0.0,0.0,0.0],"yaw":0.0},"position":[6.0,0.00100011611357331,1.13089799880981],"time_ms":16981,"wall_ms":1791412061603.37,"yaw":0.0}
S03R {"event":"input","index":22,"move":-1.0,"position":[6.0,0.00100011611357331,1.13089799880981],"role":"client","sequence_floor":444,"tick":888,"time_ms":16994,"turn":0.0,"wall_ms":1791412061617.1,"yaw":0.0}
S03R {"event":"keys","move":-1.0,"role":"client","tick":888,"time_ms":16994,"turn":0.0,"wall_ms":1791412061617.13}
S03R {"entity":1,"event":"apply","pose":{"control":1,"durable":2,"entity":1,"position":[0.0,0.00100011611357331,9.0000114440918],"receipt_ms":17015,"sequence":438,"tick":1020,"velocity":[0.0,0.0,0.0],"yaw":0.0},"position":[0.0,0.00100011611357331,9.0000114440918],"time_ms":17029,"wall_ms":1791412061651.64,"yaw":0.0}
S03R {"entity":2,"event":"apply","pose":{"control":1,"durable":2,"entity":2,"position":[6.0,0.00100011611357331,1.13089799880981],"receipt_ms":17015,"sequence":438,"tick":1020,"velocity":[0.0,0.0,0.0],"yaw":0.0},"position":[6.0,0.00100011611357331,1.13089799880981],"time_ms":17029,"wall_ms":1791412061651.7,"yaw":0.0}
S03R {"entity":1,"event":"apply","pose":{"control":1,"durable":2,"entity":1,"position":[0.0,0.00100011611357331,9.0000114440918],"receipt_ms":17112,"sequence":440,"tick":1023,"velocity":[0.0,0.0,0.0],"yaw":0.0},"position":[0.0,0.00100011611357331,9.0000114440918],"time_ms":17132,"wall_ms":1791412061755.15,"yaw":0.0}
S03R {"entity":2,"event":"apply","pose":{"control":1,"durable":2,"entity":2,"position":[6.0,0.00100011611357331,1.13089799880981],"receipt_ms":17112,"sequence":438,"tick":1023,"velocity":[0.0,0.0,0.0],"yaw":0.0},"position":[6.0,0.00100011611357331,1.13089799880981],"time_ms":17133,"wall_ms":1791412061755.21,"yaw":0.0}
S03R {"entity":1,"event":"apply","pose":{"control":1,"durable":2,"entity":1,"position":[0.0,0.00100011611357331,9.0000114440918],"receipt_ms":17243,"sequence":443,"tick":1029,"velocity":[0.0,0.0,0.0],"yaw":0.0},"position":[0.0,0.00100011611357331,9.0000114440918],"time_ms":17264,"wall_ms":1791412061886.21,"yaw":0.0}
S03R {"entity":2,"event":"apply","pose":{"control":1,"durable":2,"entity":2,"position":[6.0,0.00100011611357331,1.13089799880981],"receipt_ms":17243,"sequence":442,"tick":1029,"velocity":[0.0,0.0,0.0],"yaw":0.0},"position":[6.0,0.00100011611357331,1.13089799880981],"time_ms":17264,"wall_ms":1791412061886.24,"yaw":0.0}
S03R {"entity":1,"event":"apply","pose":{"control":1,"durable":2,"entity":1,"position":[0.0,0.00100011611357331,9.0000114440918],"receipt_ms":17291,"sequence":444,"tick":1032,"velocity":[0.0,0.0,0.0],"yaw":0.0},"position":[0.0,0.00100011611357331,9.0000114440918],"time_ms":17298,"wall_ms":1791412061920.72,"yaw":0.0}
S03R {"entity":2,"event":"apply","pose":{"control":1,"durable":2,"entity":2,"position":[6.0,0.00100011611357331,1.13089799880981],"receipt_ms":17291,"sequence":443,"tick":1032,"velocity":[0.0,0.0,0.0],"yaw":0.0},"position":[6.0,0.00100011611357331,1.13089799880981],"time_ms":17298,"wall_ms":1791412061920.76,"yaw":0.0}
S03R {"entity":1,"event":"apply","pose":{"control":1,"durable":2,"entity":1,"position":[0.0,0.00100011611357331,9.0000114440918],"receipt_ms":17339,"sequence":446,"tick":1035,"velocity":[0.0,0.0,0.0],"yaw":0.0},"position":[0.0,0.00100011611357331,9.0000114440918],"time_ms":17346,"wall_ms":1791412061969.01,"yaw":0.0}
S03R {"entity":2,"event":"apply","pose":{"control":1,"durable":2,"entity":2,"position":[6.0,0.00100011611357331,1.28089785575867],"receipt_ms":17339,"sequence":444,"tick":1035,"velocity":[0.0,0.0,2.99999570846558],"yaw":0.0},"position":[6.0,0.00100011611357331,1.28089785575867],"time_ms":17346,"wall_ms":1791412061969.07,"yaw":0.0}
S03R {"entity":1,"event":"apply","pose":{"control":1,"durable":2,"entity":1,"position":[0.0,0.00100011611357331,9.0000114440918],"receipt_ms":17408,"sequence":449,"tick":1041,"velocity":[0.0,0.0,0.0],"yaw":0.0},"position":[0.0,0.00100011611357331,9.0000114440918],"time_ms":17415,"wall_ms":1791412062037.99,"yaw":0.0}
S03R {"entity":2,"event":"apply","pose":{"control":1,"durable":2,"entity":2,"position":[6.0,0.00100011611357331,1.58089756965637],"receipt_ms":17408,"sequence":449,"tick":1041,"velocity":[0.0,0.0,2.99999570846558],"yaw":0.0},"position":[6.0,0.00100011611357331,1.58089756965637],"time_ms":17415,"wall_ms":1791412062038.02,"yaw":0.0}
S03R {"event":"keys","move":0.0,"role":"client","tick":930,"time_ms":17698,"turn":0.0,"wall_ms":1791412062320.91}
S03R {"entity":1,"event":"apply","pose":{"control":1,"durable":2,"entity":1,"position":[0.0,0.00100011611357331,9.0000114440918],"receipt_ms":17705,"sequence":450,"tick":1044,"velocity":[0.0,0.0,0.0],"yaw":0.0},"position":[0.0,0.00100011611357331,9.0000114440918],"time_ms":17712,"wall_ms":1791412062334.69,"yaw":0.0}
S03R {"entity":2,"event":"apply","pose":{"control":1,"durable":2,"entity":2,"position":[6.0,0.00100011611357331,1.68089747428894],"receipt_ms":17705,"sequence":456,"tick":1044,"velocity":[0.0,0.0,2.99999570846558],"yaw":0.0},"position":[6.0,0.00100011611357331,1.68089747428894],"time_ms":17712,"wall_ms":1791412062334.72,"yaw":0.0}
S03R {"entity":1,"event":"apply","pose":{"control":1,"durable":2,"entity":1,"position":[0.0,0.00100011611357331,9.0000114440918],"receipt_ms":17740,"sequence":455,"tick":1053,"velocity":[0.0,0.0,0.0],"yaw":0.0},"position":[0.0,0.00100011611357331,9.0000114440918],"time_ms":17746,"wall_ms":1791412062369.19,"yaw":0.0}
S03R {"entity":2,"event":"apply","pose":{"control":1,"durable":2,"entity":2,"position":[6.0,0.00100011611357331,2.1308970451355],"receipt_ms":17740,"sequence":456,"tick":1053,"velocity":[0.0,0.0,2.99999570846558],"yaw":0.0},"position":[6.0,0.00100011611357331,2.1308970451355],"time_ms":17747,"wall_ms":1791412062369.22,"yaw":0.0}
S03R {"entity":1,"event":"apply","pose":{"control":1,"durable":2,"entity":1,"position":[0.0,0.00100011611357331,9.0000114440918],"receipt_ms":17822,"sequence":458,"tick":1059,"velocity":[0.0,0.0,0.0],"yaw":0.0},"position":[0.0,0.00100011611357331,9.0000114440918],"time_ms":17829,"wall_ms":1791412062452.01,"yaw":0.0}
S03R {"entity":2,"event":"apply","pose":{"control":1,"durable":2,"entity":2,"position":[6.0,0.00100011611357331,2.4308967590332],"receipt_ms":17822,"sequence":460,"tick":1059,"velocity":[0.0,0.0,2.99999570846558],"yaw":0.0},"position":[6.0,0.00100011611357331,2.4308967590332],"time_ms":17829,"wall_ms":1791412062452.05,"yaw":0.0}
S03R {"entity":1,"event":"apply","pose":{"control":1,"durable":2,"entity":1,"position":[0.0,0.00100011611357331,9.0000114440918],"receipt_ms":17884,"sequence":459,"tick":1062,"velocity":[0.0,0.0,0.0],"yaw":0.0},"position":[0.0,0.00100011611357331,9.0000114440918],"time_ms":17898,"wall_ms":1791412062521.02,"yaw":0.0}
S03R {"entity":2,"event":"apply","pose":{"control":1,"durable":2,"entity":2,"position":[6.0,0.00100011611357331,2.58089661598206],"receipt_ms":17885,"sequence":462,"tick":1062,"velocity":[0.0,0.0,2.99999570846558],"yaw":0.0},"position":[6.0,0.00100011611357331,2.58089661598206],"time_ms":17898,"wall_ms":1791412062521.06,"yaw":0.0}
S03R {"entity":1,"event":"apply","pose":{"control":1,"durable":2,"entity":1,"position":[0.0,0.00100011611357331,9.0000114440918],"receipt_ms":17981,"sequence":462,"tick":1068,"velocity":[0.0,0.0,0.0],"yaw":0.0},"position":[0.0,0.00100011611357331,9.0000114440918],"time_ms":17995,"wall_ms":1791412062617.67,"yaw":0.0}
S03R {"entity":2,"event":"apply","pose":{"control":1,"durable":2,"entity":2,"position":[6.0,0.00100011611357331,2.88089632987976],"receipt_ms":17981,"sequence":464,"tick":1068,"velocity":[0.0,0.0,2.99999570846558],"yaw":0.0},"position":[6.0,0.00100011611357331,2.88089632987976],"time_ms":17995,"wall_ms":1791412062617.73,"yaw":0.0}
S03R {"event":"focus_api","neutral":true,"role":"client","time_ms":18029,"wall_ms":1791412062652.14}
S03R {"entity":1,"event":"apply","pose":{"control":1,"durable":2,"entity":1,"position":[0.0,0.00100011611357331,9.0000114440918],"receipt_ms":18030,"sequence":464,"tick":1071,"velocity":[0.0,0.0,0.0],"yaw":0.0},"position":[0.0,0.00100011611357331,9.0000114440918],"time_ms":18050,"wall_ms":1791412062672.82,"yaw":0.0}
S03R {"entity":2,"event":"apply","pose":{"control":1,"durable":2,"entity":2,"position":[6.0,0.00100011611357331,2.93089628219604],"receipt_ms":18030,"sequence":467,"tick":1071,"velocity":[0.0,0.0,0.0],"yaw":0.0},"position":[6.0,0.00100011611357331,2.93089628219604],"time_ms":18050,"wall_ms":1791412062672.88,"yaw":0.0}
S03R {"entity":1,"event":"apply","pose":{"control":1,"durable":2,"entity":1,"position":[0.0,0.00100011611357331,9.0000114440918],"receipt_ms":18057,"sequence":467,"tick":1077,"velocity":[0.0,0.0,0.0],"yaw":0.0},"position":[0.0,0.00100011611357331,9.0000114440918],"time_ms":18064,"wall_ms":1791412062686.62,"yaw":0.0}
S03R {"entity":2,"event":"apply","pose":{"control":1,"durable":2,"entity":2,"position":[6.0,0.00100011611357331,2.93089628219604],"receipt_ms":18057,"sequence":468,"tick":1077,"velocity":[0.0,0.0,0.0],"yaw":0.0},"position":[6.0,0.00100011611357331,2.93089628219604],"time_ms":18064,"wall_ms":1791412062686.65,"yaw":0.0}
S03R {"entity":1,"event":"apply","pose":{"control":1,"durable":2,"entity":1,"position":[0.0,0.00100011611357331,9.0000114440918],"receipt_ms":18105,"sequence":468,"tick":1080,"velocity":[0.0,0.0,0.0],"yaw":0.0},"position":[0.0,0.00100011611357331,9.0000114440918],"time_ms":18112,"wall_ms":1791412062734.9,"yaw":0.0}
S03R {"entity":2,"event":"apply","pose":{"control":1,"durable":2,"entity":2,"position":[6.0,0.00100011611357331,2.93089628219604],"receipt_ms":18105,"sequence":470,"tick":1080,"velocity":[0.0,0.0,0.0],"yaw":0.0},"position":[6.0,0.00100011611357331,2.93089628219604],"time_ms":18112,"wall_ms":1791412062734.93,"yaw":0.0}
S03R {"entity":1,"event":"apply","pose":{"control":1,"durable":2,"entity":1,"position":[0.0,0.00100011611357331,9.0000114440918],"receipt_ms":18223,"sequence":471,"tick":1086,"velocity":[0.0,0.0,0.0],"yaw":0.0},"position":[0.0,0.00100011611357331,9.0000114440918],"time_ms":18230,"wall_ms":1791412062852.22,"yaw":0.0}
S03R {"entity":2,"event":"apply","pose":{"control":1,"durable":2,"entity":2,"position":[6.0,0.00100011611357331,2.93089628219604],"receipt_ms":18223,"sequence":474,"tick":1086,"velocity":[0.0,0.0,0.0],"yaw":0.0},"position":[6.0,0.00100011611357331,2.93089628219604],"time_ms":18230,"wall_ms":1791412062852.25,"yaw":0.0}
S03R {"entity":1,"event":"apply","pose":{"control":1,"durable":2,"entity":1,"position":[0.0,0.00100011611357331,9.0000114440918],"receipt_ms":18333,"sequence":473,"tick":1089,"velocity":[0.0,0.0,0.0],"yaw":0.0},"position":[0.0,0.00100011611357331,9.0000114440918],"time_ms":18347,"wall_ms":1791412062969.47,"yaw":0.0}
S03R {"entity":2,"event":"apply","pose":{"control":1,"durable":2,"entity":2,"position":[6.0,0.00100011611357331,2.93089628219604],"receipt_ms":18333,"sequence":475,"tick":1089,"velocity":[0.0,0.0,0.0],"yaw":0.0},"position":[6.0,0.00100011611357331,2.93089628219604],"time_ms":18347,"wall_ms":1791412062969.51,"yaw":0.0}
S03R {"entity":1,"event":"apply","pose":{"control":1,"durable":2,"entity":1,"position":[0.0,0.00100011611357331,9.0000114440918],"receipt_ms":18354,"sequence":476,"tick":1095,"velocity":[0.0,0.0,0.0],"yaw":0.0},"position":[0.0,0.00100011611357331,9.0000114440918],"time_ms":18361,"wall_ms":1791412062983.32,"yaw":0.0}
S03R {"entity":2,"event":"apply","pose":{"control":1,"durable":2,"entity":2,"position":[6.0,0.00100011611357331,2.93089628219604],"receipt_ms":18354,"sequence":479,"tick":1095,"velocity":[0.0,0.0,0.0],"yaw":0.0},"position":[6.0,0.00100011611357331,2.93089628219604],"time_ms":18361,"wall_ms":1791412062983.35,"yaw":0.0}
S03R {"entity":1,"event":"apply","pose":{"control":1,"durable":2,"entity":1,"position":[0.0,0.00100011611357331,9.0000114440918],"receipt_ms":18478,"sequence":479,"tick":1101,"velocity":[0.0,0.0,0.0],"yaw":0.0},"position":[0.0,0.00100011611357331,9.0000114440918],"time_ms":18499,"wall_ms":1791412063121.38,"yaw":0.0}
S03R {"entity":2,"event":"apply","pose":{"control":1,"durable":2,"entity":2,"position":[6.0,0.00100011611357331,2.93089628219604],"receipt_ms":18478,"sequence":481,"tick":1101,"velocity":[0.0,0.0,0.0],"yaw":0.0},"position":[6.0,0.00100011611357331,2.93089628219604],"time_ms":18499,"wall_ms":1791412063121.44,"yaw":0.0}
S03R {"entity":1,"event":"apply","pose":{"control":1,"durable":2,"entity":1,"position":[0.0,0.00100011611357331,9.0000114440918],"receipt_ms":18547,"sequence":480,"tick":1104,"velocity":[0.0,0.0,0.0],"yaw":0.0},"position":[0.0,0.00100011611357331,9.0000114440918],"time_ms":18561,"wall_ms":1791412063183.39,"yaw":0.0}
S03R {"entity":2,"event":"apply","pose":{"control":1,"durable":2,"entity":2,"position":[6.0,0.00100011611357331,2.93089628219604],"receipt_ms":18547,"sequence":483,"tick":1104,"velocity":[0.0,0.0,0.0],"yaw":0.0},"position":[6.0,0.00100011611357331,2.93089628219604],"time_ms":18561,"wall_ms":1791412063183.42,"yaw":0.0}
S03R {"entity":1,"event":"apply","pose":{"control":1,"durable":2,"entity":1,"position":[0.0,0.00100011611357331,9.0000114440918],"receipt_ms":18596,"sequence":482,"tick":1107,"velocity":[0.0,0.0,0.0],"yaw":0.0},"position":[0.0,0.00100011611357331,9.0000114440918],"time_ms":18616,"wall_ms":1791412063238.62,"yaw":0.0}
S03R {"entity":2,"event":"apply","pose":{"control":1,"durable":2,"entity":2,"position":[6.0,0.00100011611357331,2.93089628219604],"receipt_ms":18596,"sequence":483,"tick":1107,"velocity":[0.0,0.0,0.0],"yaw":0.0},"position":[6.0,0.00100011611357331,2.93089628219604],"time_ms":18616,"wall_ms":1791412063238.68,"yaw":0.0}
S03R {"entity":1,"event":"apply","pose":{"control":1,"durable":2,"entity":1,"position":[0.0,0.00100011611357331,9.0000114440918],"receipt_ms":18651,"sequence":485,"tick":1113,"velocity":[0.0,0.0,0.0],"yaw":0.0},"position":[0.0,0.00100011611357331,9.0000114440918],"time_ms":18664,"wall_ms":1791412063286.98,"yaw":0.0}
S03R {"entity":2,"event":"apply","pose":{"control":1,"durable":2,"entity":2,"position":[6.0,0.00100011611357331,2.93089628219604],"receipt_ms":18651,"sequence":486,"tick":1113,"velocity":[0.0,0.0,0.0],"yaw":0.0},"position":[6.0,0.00100011611357331,2.93089628219604],"time_ms":18664,"wall_ms":1791412063287.03,"yaw":0.0}
S03R {"entity":1,"event":"apply","pose":{"control":1,"durable":2,"entity":1,"position":[0.0,0.00100011611357331,9.0000114440918],"receipt_ms":18747,"sequence":486,"tick":1116,"velocity":[0.0,0.0,0.0],"yaw":0.0},"position":[0.0,0.00100011611357331,9.0000114440918],"time_ms":18761,"wall_ms":1791412063383.53,"yaw":0.0}
S03R {"entity":2,"event":"apply","pose":{"control":1,"durable":2,"entity":2,"position":[6.0,0.00100011611357331,2.93089628219604],"receipt_ms":18747,"sequence":489,"tick":1116,"velocity":[0.0,0.0,0.0],"yaw":0.0},"position":[6.0,0.00100011611357331,2.93089628219604],"time_ms":18761,"wall_ms":1791412063383.56,"yaw":0.0}
S03R {"entity":1,"event":"apply","pose":{"control":1,"durable":2,"entity":1,"position":[0.0,0.00100011611357331,9.0000114440918],"receipt_ms":18788,"sequence":488,"tick":1119,"velocity":[0.0,0.0,0.0],"yaw":0.0},"position":[0.0,0.00100011611357331,9.0000114440918],"time_ms":18795,"wall_ms":1791412063418.02,"yaw":0.0}
S03R {"entity":2,"event":"apply","pose":{"control":1,"durable":2,"entity":2,"position":[6.0,0.00100011611357331,2.93089628219604],"receipt_ms":18788,"sequence":489,"tick":1119,"velocity":[0.0,0.0,0.0],"yaw":0.0},"position":[6.0,0.00100011611357331,2.93089628219604],"time_ms":18795,"wall_ms":1791412063418.05,"yaw":0.0}
S03R {"event":"input","index":23,"move":-1.0,"position":[6.0,0.00100011611357331,2.93089628219604],"role":"client","sequence_floor":500,"tick":1000,"time_ms":18864,"turn":0.0,"wall_ms":1791412063487.07,"yaw":0.0}
S03R {"event":"keys","move":-1.0,"role":"client","tick":1000,"time_ms":18864,"turn":0.0,"wall_ms":1791412063487.11}
S03R {"event":"keys","move":0.0,"role":"client","tick":1002,"time_ms":18899,"turn":0.0,"wall_ms":1791412063521.56}
S03R {"entity":1,"event":"apply","pose":{"control":1,"durable":2,"entity":1,"position":[0.0,0.00100011611357331,9.0000114440918],"receipt_ms":18906,"sequence":492,"tick":1128,"velocity":[0.0,0.0,0.0],"yaw":0.0},"position":[0.0,0.00100011611357331,9.0000114440918],"time_ms":18913,"wall_ms":1791412063535.34,"yaw":0.0}
S03R {"entity":2,"event":"apply","pose":{"control":1,"durable":2,"entity":2,"position":[6.0,0.00100011611357331,2.93089628219604],"receipt_ms":18906,"sequence":494,"tick":1128,"velocity":[0.0,0.0,0.0],"yaw":0.0},"position":[6.0,0.00100011611357331,2.93089628219604],"time_ms":18913,"wall_ms":1791412063535.4,"yaw":0.0}
S03R {"entity":1,"event":"apply","pose":{"control":1,"durable":2,"entity":1,"position":[0.0,0.00100011611357331,9.0000114440918],"receipt_ms":18954,"sequence":494,"tick":1131,"velocity":[0.0,0.0,0.0],"yaw":0.0},"position":[0.0,0.00100011611357331,9.0000114440918],"time_ms":18961,"wall_ms":1791412063583.63,"yaw":0.0}
S03R {"entity":2,"event":"apply","pose":{"control":1,"durable":2,"entity":2,"position":[6.0,0.00100011611357331,2.93089628219604],"receipt_ms":18954,"sequence":496,"tick":1131,"velocity":[0.0,0.0,0.0],"yaw":0.0},"position":[6.0,0.00100011611357331,2.93089628219604],"time_ms":18961,"wall_ms":1791412063583.69,"yaw":0.0}
S03R {"entity":1,"event":"apply","pose":{"control":1,"durable":2,"entity":1,"position":[0.0,0.00100011611357331,9.0000114440918],"receipt_ms":19065,"sequence":495,"tick":1134,"velocity":[0.0,0.0,0.0],"yaw":0.0},"position":[0.0,0.00100011611357331,9.0000114440918],"time_ms":19078,"wall_ms":1791412063700.91,"yaw":0.0}
S03R {"entity":2,"event":"apply","pose":{"control":1,"durable":2,"entity":2,"position":[6.0,0.00100011611357331,2.93089628219604],"receipt_ms":19065,"sequence":497,"tick":1134,"velocity":[0.0,0.0,0.0],"yaw":0.0},"position":[6.0,0.00100011611357331,2.93089628219604],"time_ms":19078,"wall_ms":1791412063700.95,"yaw":0.0}
S03R {"entity":1,"event":"apply","pose":{"control":1,"durable":2,"entity":1,"position":[0.0,0.00100011611357331,9.0000114440918],"receipt_ms":19120,"sequence":497,"tick":1137,"velocity":[0.0,0.0,0.0],"yaw":0.0},"position":[0.0,0.00100011611357331,9.0000114440918],"time_ms":19126,"wall_ms":1791412063749.21,"yaw":0.0}
S03R {"entity":2,"event":"apply","pose":{"control":1,"durable":2,"entity":2,"position":[6.0,0.00100011611357331,2.93089628219604],"receipt_ms":19120,"sequence":497,"tick":1137,"velocity":[0.0,0.0,0.0],"yaw":0.0},"position":[6.0,0.00100011611357331,2.93089628219604],"time_ms":19127,"wall_ms":1791412063749.25,"yaw":0.0}
S03R {"entity":1,"event":"apply","pose":{"control":1,"durable":2,"entity":1,"position":[0.0,0.00100011611357331,9.0000114440918],"receipt_ms":19189,"sequence":500,"tick":1143,"velocity":[0.0,0.0,0.0],"yaw":0.0},"position":[0.0,0.00100011611357331,9.0000114440918],"time_ms":19196,"wall_ms":1791412063818.24,"yaw":0.0}
S03R {"entity":2,"event":"apply","pose":{"control":1,"durable":2,"entity":2,"position":[6.0,0.00100011611357331,3.18089604377747],"receipt_ms":19189,"sequence":500,"tick":1143,"velocity":[0.0,0.0,2.99999570846558],"yaw":0.0},"position":[6.0,0.00100011611357331,3.18089604377747],"time_ms":19196,"wall_ms":1791412063818.3,"yaw":0.0}
S03R {"entity":1,"event":"apply","pose":{"control":1,"durable":2,"entity":1,"position":[0.0,0.00100011611357331,9.0000114440918],"receipt_ms":19230,"sequence":501,"tick":1146,"velocity":[0.0,0.0,0.0],"yaw":0.0},"position":[0.0,0.00100011611357331,9.0000114440918],"time_ms":19244,"wall_ms":1791412063866.53,"yaw":0.0}
S03R {"entity":2,"event":"apply","pose":{"control":1,"durable":2,"entity":2,"position":[6.0,0.00100011611357331,3.33089590072632],"receipt_ms":19230,"sequence":500,"tick":1146,"velocity":[0.0,0.0,2.99999570846558],"yaw":0.0},"position":[6.0,0.00100011611357331,3.33089590072632],"time_ms":19244,"wall_ms":1791412063866.59,"yaw":0.0}
S03R {"entity":1,"event":"apply","pose":{"control":1,"durable":2,"entity":1,"position":[0.0,0.00100011611357331,9.0000114440918],"receipt_ms":19292,"sequence":503,"tick":1149,"velocity":[0.0,0.0,0.0],"yaw":0.0},"position":[0.0,0.00100011611357331,9.0000114440918],"time_ms":19313,"wall_ms":1791412063935.52,"yaw":0.0}
S03R {"entity":2,"event":"apply","pose":{"control":1,"durable":2,"entity":2,"position":[6.0,0.00100011611357331,3.48089575767517],"receipt_ms":19292,"sequence":500,"tick":1149,"velocity":[0.0,0.0,2.99999570846558],"yaw":0.0},"position":[6.0,0.00100011611357331,3.48089575767517],"time_ms":19313,"wall_ms":1791412063935.55,"yaw":0.0}
S03R {"entity":1,"event":"apply","pose":{"control":1,"durable":2,"entity":1,"position":[0.0,0.00100011611357331,9.0000114440918],"receipt_ms":19368,"sequence":506,"tick":1155,"velocity":[0.0,0.0,0.0],"yaw":0.0},"position":[0.0,0.00100011611357331,9.0000114440918],"time_ms":19375,"wall_ms":1791412063997.63,"yaw":0.0}
S03R {"entity":2,"event":"apply","pose":{"control":1,"durable":2,"entity":2,"position":[6.0,0.00100011611357331,3.68089556694031],"receipt_ms":19368,"sequence":500,"tick":1155,"velocity":[0.0,0.0,0.0],"yaw":0.0},"position":[6.0,0.00100011611357331,3.68089556694031],"time_ms":19375,"wall_ms":1791412063997.7,"yaw":0.0}
S03R {"entity":1,"event":"apply","pose":{"control":1,"durable":2,"entity":1,"position":[0.0,0.00100011611357331,9.0000114440918],"receipt_ms":19458,"sequence":509,"tick":1161,"velocity":[0.0,0.0,0.0],"yaw":0.0},"position":[0.0,0.00100011611357331,9.0000114440918],"time_ms":19478,"wall_ms":1791412064101.14,"yaw":0.0}
S03R {"entity":2,"event":"apply","pose":{"control":1,"durable":2,"entity":2,"position":[6.0,0.00100011611357331,3.68089556694031],"receipt_ms":19458,"sequence":500,"tick":1161,"velocity":[0.0,0.0,0.0],"yaw":0.0},"position":[6.0,0.00100011611357331,3.68089556694031],"time_ms":19478,"wall_ms":1791412064101.2,"yaw":0.0}
S03R {"entity":1,"event":"apply","pose":{"control":1,"durable":2,"entity":1,"position":[0.0,0.00100011611357331,9.0000114440918],"receipt_ms":19520,"sequence":510,"tick":1164,"velocity":[0.0,0.0,0.0],"yaw":0.0},"position":[0.0,0.00100011611357331,9.0000114440918],"time_ms":19527,"wall_ms":1791412064149.51,"yaw":0.0}
S03R {"entity":2,"event":"apply","pose":{"control":1,"durable":2,"entity":2,"position":[6.0,0.00100011611357331,3.68089556694031],"receipt_ms":19520,"sequence":500,"tick":1164,"velocity":[0.0,0.0,0.0],"yaw":0.0},"position":[6.0,0.00100011611357331,3.68089556694031],"time_ms":19527,"wall_ms":1791412064149.57,"yaw":0.0}
S03R {"entity":1,"event":"apply","pose":{"control":1,"durable":2,"entity":1,"position":[0.0,0.00100011611357331,9.0000114440918],"receipt_ms":19603,"sequence":512,"tick":1167,"velocity":[0.0,0.0,0.0],"yaw":0.0},"position":[0.0,0.00100011611357331,9.0000114440918],"time_ms":19609,"wall_ms":1791412064232.24,"yaw":0.0}
S03R {"entity":2,"event":"apply","pose":{"control":1,"durable":2,"entity":2,"position":[6.0,0.00100011611357331,3.68089556694031],"receipt_ms":19603,"sequence":500,"tick":1167,"velocity":[0.0,0.0,0.0],"yaw":0.0},"position":[6.0,0.00100011611357331,3.68089556694031],"time_ms":19610,"wall_ms":1791412064232.29,"yaw":0.0}
S03R {"entity":1,"event":"apply","pose":{"control":1,"durable":2,"entity":1,"position":[0.0,0.00100011611357331,9.0000114440918],"receipt_ms":19624,"sequence":513,"tick":1170,"velocity":[0.0,0.0,0.0],"yaw":0.0},"position":[0.0,0.00100011611357331,9.0000114440918],"time_ms":19644,"wall_ms":1791412064266.75,"yaw":0.0}
S03R {"entity":2,"event":"apply","pose":{"control":1,"durable":2,"entity":2,"position":[6.0,0.00100011611357331,3.68089556694031],"receipt_ms":19624,"sequence":500,"tick":1170,"velocity":[0.0,0.0,0.0],"yaw":0.0},"position":[6.0,0.00100011611357331,3.68089556694031],"time_ms":19644,"wall_ms":1791412064266.81,"yaw":0.0}
S03R {"entity":1,"event":"apply","pose":{"control":1,"durable":2,"entity":1,"position":[0.0,0.00100011611357331,9.0000114440918],"receipt_ms":19727,"sequence":515,"tick":1173,"velocity":[0.0,0.0,0.0],"yaw":0.0},"position":[0.0,0.00100011611357331,9.0000114440918],"time_ms":19741,"wall_ms":1791412064363.35,"yaw":0.0}
S03R {"entity":2,"event":"apply","pose":{"control":1,"durable":2,"entity":2,"position":[6.0,0.00100011611357331,3.68089556694031],"receipt_ms":19727,"sequence":500,"tick":1173,"velocity":[0.0,0.0,0.0],"yaw":0.0},"position":[6.0,0.00100011611357331,3.68089556694031],"time_ms":19741,"wall_ms":1791412064363.41,"yaw":0.0}
S03R {"entity":1,"event":"apply","pose":{"control":1,"durable":2,"entity":1,"position":[0.0,0.00100011611357331,9.0000114440918],"receipt_ms":19768,"sequence":518,"tick":1179,"velocity":[0.0,0.0,0.0],"yaw":0.0},"position":[0.0,0.00100011611357331,9.0000114440918],"time_ms":19775,"wall_ms":1791412064397.85,"yaw":0.0}
S03R {"entity":2,"event":"apply","pose":{"control":1,"durable":2,"entity":2,"position":[6.0,0.00100011611357331,3.68089556694031],"receipt_ms":19768,"sequence":521,"tick":1179,"velocity":[0.0,0.0,0.0],"yaw":0.0},"position":[6.0,0.00100011611357331,3.68089556694031],"time_ms":19775,"wall_ms":1791412064397.91,"yaw":0.0}
S03R {"entity":1,"event":"apply","pose":{"control":1,"durable":2,"entity":1,"position":[0.0,0.00100011611357331,9.0000114440918],"receipt_ms":19872,"sequence":519,"tick":1182,"velocity":[0.0,0.0,0.0],"yaw":0.0},"position":[0.0,0.00100011611357331,9.0000114440918],"time_ms":19892,"wall_ms":1791412064515.2,"yaw":0.0}
S03R {"entity":2,"event":"apply","pose":{"control":1,"durable":2,"entity":2,"position":[6.0,0.00100011611357331,3.68089556694031],"receipt_ms":19872,"sequence":522,"tick":1182,"velocity":[0.0,0.0,0.0],"yaw":0.0},"position":[6.0,0.00100011611357331,3.68089556694031],"time_ms":19893,"wall_ms":1791412064515.26,"yaw":0.0}
S03R {"entity":1,"event":"apply","pose":{"control":1,"durable":2,"entity":1,"position":[0.0,0.00100011611357331,9.0000114440918],"receipt_ms":19893,"sequence":521,"tick":1185,"velocity":[0.0,0.0,0.0],"yaw":0.0},"position":[0.0,0.00100011611357331,9.0000114440918],"time_ms":19906,"wall_ms":1791412064528.96,"yaw":0.0}
S03R {"entity":2,"event":"apply","pose":{"control":1,"durable":2,"entity":2,"position":[6.0,0.00100011611357331,3.68089556694031],"receipt_ms":19893,"sequence":523,"tick":1185,"velocity":[0.0,0.0,0.0],"yaw":0.0},"position":[6.0,0.00100011611357331,3.68089556694031],"time_ms":19906,"wall_ms":1791412064529.02,"yaw":0.0}
S03R {"entity":1,"event":"apply","pose":{"control":1,"durable":2,"entity":1,"position":[0.0,0.00100011611357331,9.0000114440918],"receipt_ms":19948,"sequence":524,"tick":1191,"velocity":[0.0,0.0,0.0],"yaw":0.0},"position":[0.0,0.00100011611357331,9.0000114440918],"time_ms":19955,"wall_ms":1791412064577.32,"yaw":0.0}
S03R {"entity":2,"event":"apply","pose":{"control":1,"durable":2,"entity":2,"position":[6.0,0.00100011611357331,3.68089556694031],"receipt_ms":19948,"sequence":525,"tick":1191,"velocity":[0.0,0.0,0.0],"yaw":0.0},"position":[6.0,0.00100011611357331,3.68089556694031],"time_ms":19955,"wall_ms":1791412064577.4,"yaw":0.0}
S03R {"entity":1,"event":"apply","pose":{"control":1,"durable":2,"entity":1,"position":[0.0,0.00100011611357331,9.0000114440918],"receipt_ms":20072,"sequence":525,"tick":1194,"velocity":[0.0,0.0,0.0],"yaw":0.0},"position":[0.0,0.00100011611357331,9.0000114440918],"time_ms":20093,"wall_ms":1791412064715.29,"yaw":0.0}
S03R {"entity":2,"event":"apply","pose":{"control":1,"durable":2,"entity":2,"position":[6.0,0.00100011611357331,3.68089556694031],"receipt_ms":20072,"sequence":528,"tick":1194,"velocity":[0.0,0.0,0.0],"yaw":0.0},"position":[6.0,0.00100011611357331,3.68089556694031],"time_ms":20093,"wall_ms":1791412064715.36,"yaw":0.0}
S03R {"entity":1,"event":"apply","pose":{"control":1,"durable":2,"entity":1,"position":[0.0,0.00100011611357331,9.0000114440918],"receipt_ms":20113,"sequence":527,"tick":1197,"velocity":[0.0,0.0,0.0],"yaw":0.0},"position":[0.0,0.00100011611357331,9.0000114440918],"time_ms":20127,"wall_ms":1791412064749.78,"yaw":0.0}
S03R {"entity":2,"event":"apply","pose":{"control":1,"durable":2,"entity":2,"position":[6.0,0.00100011611357331,3.68089556694031],"receipt_ms":20113,"sequence":529,"tick":1197,"velocity":[0.0,0.0,0.0],"yaw":0.0},"position":[6.0,0.00100011611357331,3.68089556694031],"time_ms":20127,"wall_ms":1791412064749.84,"yaw":0.0}
S03R {"entity":1,"event":"apply","pose":{"control":1,"durable":2,"entity":1,"position":[0.0,0.00100011611357331,9.0000114440918],"receipt_ms":20168,"sequence":528,"tick":1200,"velocity":[0.0,0.0,0.0],"yaw":0.0},"position":[0.0,0.00100011611357331,9.0000114440918],"time_ms":20175,"wall_ms":1791412064798.04,"yaw":0.0}
S03R {"entity":2,"event":"apply","pose":{"control":1,"durable":2,"entity":2,"position":[6.0,0.00100011611357331,3.68089556694031],"receipt_ms":20168,"sequence":530,"tick":1200,"velocity":[0.0,0.0,0.0],"yaw":0.0},"position":[6.0,0.00100011611357331,3.68089556694031],"time_ms":20175,"wall_ms":1791412064798.1,"yaw":0.0}
S03R {"entity":2,"event":"resync_request","health":70,"role":"client","time_ms":20189,"wall_ms":1791412064811.84}
S03R {"entity":1,"event":"apply","pose":{"control":1,"durable":2,"entity":1,"position":[0.0,0.00100011611357331,9.0000114440918],"receipt_ms":20176,"sequence":530,"tick":1203,"velocity":[0.0,0.0,0.0],"yaw":0.0},"position":[0.0,0.00100011611357331,9.0000114440918],"time_ms":20189,"wall_ms":1791412064811.91,"yaw":0.0}
S03R {"entity":2,"event":"apply","pose":{"control":1,"durable":2,"entity":2,"position":[6.0,0.00100011611357331,3.68089556694031],"receipt_ms":20176,"sequence":533,"tick":1203,"velocity":[0.0,0.0,0.0],"yaw":0.0},"position":[6.0,0.00100011611357331,3.68089556694031],"time_ms":20189,"wall_ms":1791412064811.96,"yaw":0.0}
S03R {"entity":1,"event":"apply","pose":{"control":1,"durable":2,"entity":1,"position":[0.0,0.00100011611357331,9.0000114440918],"receipt_ms":20272,"sequence":533,"tick":1209,"velocity":[0.0,0.0,0.0],"yaw":0.0},"position":[0.0,0.00100011611357331,9.0000114440918],"time_ms":20293,"wall_ms":1791412064915.35,"yaw":0.0}
S03R {"entity":2,"event":"apply","pose":{"control":1,"durable":2,"entity":2,"position":[6.0,0.00100011611357331,3.68089556694031],"receipt_ms":20272,"sequence":534,"tick":1209,"velocity":[0.0,0.0,0.0],"yaw":0.0},"position":[6.0,0.00100011611357331,3.68089556694031],"time_ms":20293,"wall_ms":1791412064915.41,"yaw":0.0}
S03R {"entity":1,"event":"apply","pose":{"control":1,"durable":2,"entity":1,"position":[0.0,0.00100011611357331,9.0000114440918],"receipt_ms":20320,"sequence":534,"tick":1212,"velocity":[0.0,0.0,0.0],"yaw":0.0},"position":[0.0,0.00100011611357331,9.0000114440918],"time_ms":20327,"wall_ms":1791412064949.86,"yaw":0.0}
S03R {"entity":2,"event":"apply","pose":{"control":1,"durable":2,"entity":2,"position":[6.0,0.00100011611357331,3.68089556694031],"receipt_ms":20320,"sequence":535,"tick":1212,"velocity":[0.0,0.0,0.0],"yaw":0.0},"position":[6.0,0.00100011611357331,3.68089556694031],"time_ms":20327,"wall_ms":1791412064949.91,"yaw":0.0}
S03R {"entity":1,"event":"apply","pose":{"control":1,"durable":2,"entity":1,"position":[0.0,0.00100011611357331,9.0000114440918],"receipt_ms":20382,"sequence":536,"tick":1215,"velocity":[0.0,0.0,0.0],"yaw":0.0},"position":[0.0,0.00100011611357331,9.0000114440918],"time_ms":20389,"wall_ms":1791412065011.96,"yaw":0.0}
S03R {"entity":2,"event":"apply","pose":{"control":1,"durable":2,"entity":2,"position":[6.0,0.00100011611357331,3.68089556694031],"receipt_ms":20382,"sequence":537,"tick":1215,"velocity":[0.0,0.0,0.0],"yaw":0.0},"position":[6.0,0.00100011611357331,3.68089556694031],"time_ms":20389,"wall_ms":1791412065012.02,"yaw":0.0}
S03R {"entity":1,"event":"apply","pose":{"control":1,"durable":2,"entity":1,"position":[0.0,0.00100011611357331,9.0000114440918],"receipt_ms":20424,"sequence":537,"tick":1218,"velocity":[0.0,0.0,0.0],"yaw":0.0},"position":[0.0,0.00100011611357331,9.0000114440918],"time_ms":20444,"wall_ms":1791412065067.15,"yaw":0.0}
S03R {"entity":2,"event":"apply","pose":{"control":1,"durable":2,"entity":2,"position":[6.0,0.00100011611357331,3.68089556694031],"receipt_ms":20424,"sequence":538,"tick":1218,"velocity":[0.0,0.0,0.0],"yaw":0.0},"position":[6.0,0.00100011611357331,3.68089556694031],"time_ms":20444,"wall_ms":1791412065067.21,"yaw":0.0}
S03R {"entity":1,"event":"apply","pose":{"control":1,"durable":2,"entity":1,"position":[0.0,0.00100011611357331,9.0000114440918],"receipt_ms":20500,"sequence":539,"tick":1221,"velocity":[0.0,0.0,0.0],"yaw":0.0},"position":[0.0,0.00100011611357331,9.0000114440918],"time_ms":20507,"wall_ms":1791412065129.27,"yaw":0.0}
S03R {"entity":2,"event":"apply","pose":{"control":1,"durable":2,"entity":2,"position":[6.0,0.00100011611357331,3.68089556694031],"receipt_ms":20500,"sequence":538,"tick":1221,"velocity":[0.0,0.0,0.0],"yaw":0.0},"position":[6.0,0.00100011611357331,3.68089556694031],"time_ms":20507,"wall_ms":1791412065129.32,"yaw":0.0}
S03R {"entity":1,"event":"apply","pose":{"control":1,"durable":2,"entity":1,"position":[0.0,0.00100011611357331,9.0000114440918],"receipt_ms":20528,"sequence":540,"tick":1224,"velocity":[0.0,0.0,0.0],"yaw":0.0},"position":[0.0,0.00100011611357331,9.0000114440918],"time_ms":20541,"wall_ms":1791412065163.76,"yaw":0.0}
S03R {"entity":2,"event":"apply","pose":{"control":1,"durable":2,"entity":2,"position":[6.0,0.00100011611357331,3.68089556694031],"receipt_ms":20528,"sequence":538,"tick":1224,"velocity":[0.0,0.0,0.0],"yaw":0.0},"position":[6.0,0.00100011611357331,3.68089556694031],"time_ms":20541,"wall_ms":1791412065163.82,"yaw":0.0}
S03R {"entity":1,"event":"apply","pose":{"control":1,"durable":2,"entity":1,"position":[0.0,0.00100011611357331,9.0000114440918],"receipt_ms":20624,"sequence":542,"tick":1227,"velocity":[0.0,0.0,0.0],"yaw":0.0},"position":[0.0,0.00100011611357331,9.0000114440918],"time_ms":20644,"wall_ms":1791412065267.25,"yaw":0.0}
S03R {"entity":2,"event":"apply","pose":{"control":1,"durable":2,"entity":2,"position":[6.0,0.00100011611357331,3.68089556694031],"receipt_ms":20624,"sequence":538,"tick":1227,"velocity":[0.0,0.0,0.0],"yaw":0.0},"position":[6.0,0.00100011611357331,3.68089556694031],"time_ms":20645,"wall_ms":1791412065267.31,"yaw":0.0}
S03R {"entity":1,"event":"apply","pose":{"control":1,"durable":2,"entity":1,"position":[0.0,0.00100011611357331,9.0000114440918],"receipt_ms":20645,"sequence":543,"tick":1230,"velocity":[0.0,0.0,0.0],"yaw":0.0},"position":[0.0,0.00100011611357331,9.0000114440918],"time_ms":20658,"wall_ms":1791412065281.05,"yaw":0.0}
S03R {"entity":2,"event":"apply","pose":{"control":1,"durable":2,"entity":2,"position":[6.0,0.00100011611357331,3.68089556694031],"receipt_ms":20645,"sequence":538,"tick":1230,"velocity":[0.0,0.0,0.0],"yaw":0.0},"position":[6.0,0.00100011611357331,3.68089556694031],"time_ms":20658,"wall_ms":1791412065281.11,"yaw":0.0}
S03R {"entity":1,"event":"apply","pose":{"control":1,"durable":2,"entity":1,"position":[0.0,0.00100011611357331,9.0000114440918],"receipt_ms":20673,"sequence":545,"tick":1233,"velocity":[0.0,0.0,0.0],"yaw":0.0},"position":[0.0,0.00100011611357331,9.0000114440918],"time_ms":20693,"wall_ms":1791412065315.57,"yaw":0.0}
S03R {"entity":2,"event":"apply","pose":{"control":1,"durable":2,"entity":2,"position":[6.0,0.00100011611357331,3.68089556694031],"receipt_ms":20673,"sequence":538,"tick":1233,"velocity":[0.0,0.0,0.0],"yaw":0.0},"position":[6.0,0.00100011611357331,3.68089556694031],"time_ms":20693,"wall_ms":1791412065315.63,"yaw":0.0}
S03R {"entity":1,"event":"apply","pose":{"control":1,"durable":2,"entity":1,"position":[0.0,0.00100011611357331,9.0000114440918],"receipt_ms":20783,"sequence":548,"tick":1239,"velocity":[0.0,0.0,0.0],"yaw":0.0},"position":[0.0,0.00100011611357331,9.0000114440918],"time_ms":20789,"wall_ms":1791412065412.16,"yaw":0.0}
S03R {"entity":2,"event":"apply","pose":{"control":1,"durable":2,"entity":2,"position":[6.0,0.00100011611357331,3.68089556694031],"receipt_ms":20783,"sequence":538,"tick":1239,"velocity":[0.0,0.0,0.0],"yaw":0.0},"position":[6.0,0.00100011611357331,3.68089556694031],"time_ms":20789,"wall_ms":1791412065412.23,"yaw":0.0}
S03R {"entity":1,"event":"apply","pose":{"control":1,"durable":2,"entity":1,"position":[0.0,0.00100011611357331,9.0000114440918],"receipt_ms":20811,"sequence":549,"tick":1242,"velocity":[0.0,0.0,0.0],"yaw":0.0},"position":[0.0,0.00100011611357331,9.0000114440918],"time_ms":20824,"wall_ms":1791412065446.68,"yaw":0.0}
S03R {"entity":2,"event":"apply","pose":{"control":1,"durable":2,"entity":2,"position":[6.0,0.00100011611357331,3.68089556694031],"receipt_ms":20811,"sequence":538,"tick":1242,"velocity":[0.0,0.0,0.0],"yaw":0.0},"position":[6.0,0.00100011611357331,3.68089556694031],"time_ms":20824,"wall_ms":1791412065446.75,"yaw":0.0}
S03R {"entity":1,"event":"apply","pose":{"control":1,"durable":2,"entity":1,"position":[0.0,0.00100011611357331,9.0000114440918],"receipt_ms":20859,"sequence":551,"tick":1245,"velocity":[0.0,0.0,0.0],"yaw":0.0},"position":[0.0,0.00100011611357331,9.0000114440918],"time_ms":20872,"wall_ms":1791412065494.95,"yaw":0.0}
S03R {"entity":2,"event":"apply","pose":{"control":1,"durable":2,"entity":2,"position":[6.0,0.00100011611357331,3.68089556694031],"receipt_ms":20859,"sequence":538,"tick":1245,"velocity":[0.0,0.0,0.0],"yaw":0.0},"position":[6.0,0.00100011611357331,3.68089556694031],"time_ms":20872,"wall_ms":1791412065494.98,"yaw":0.0}
S03R {"control":2,"entity":2,"event":"resync_applied","health":70,"role":"client","time_ms":21410,"wall_ms":1791412066033.16}
S03R {"entity":1,"event":"apply","pose":{"control":1,"durable":4,"entity":1,"position":[0.0,0.00100011611357331,9.0000114440918],"receipt_ms":21404,"sequence":567,"tick":1278,"velocity":[0.0,0.0,0.0],"yaw":0.0},"position":[0.0,0.00100011611357331,9.0000114440918],"time_ms":21410,"wall_ms":1791412066033.22,"yaw":0.0}
S03R {"entity":2,"event":"apply","pose":{"control":2,"durable":4,"entity":2,"position":[6.0,0.00100011611357331,3.68089556694031],"receipt_ms":21404,"sequence":0,"tick":1278,"velocity":[0.0,0.0,0.0],"yaw":0.0},"position":[6.0,0.00100011611357331,3.68089556694031],"time_ms":21410,"wall_ms":1791412066033.26,"yaw":0.0}
S03R {"entity":1,"event":"apply","pose":{"control":1,"durable":4,"entity":1,"position":[0.0,0.00100011611357331,9.0000114440918],"receipt_ms":21500,"sequence":570,"tick":1284,"velocity":[0.0,0.0,0.0],"yaw":0.0},"position":[0.0,0.00100011611357331,9.0000114440918],"time_ms":21507,"wall_ms":1791412066129.79,"yaw":0.0}
S03R {"entity":2,"event":"apply","pose":{"control":2,"durable":4,"entity":2,"position":[6.0,0.00100011611357331,3.68089556694031],"receipt_ms":21500,"sequence":0,"tick":1284,"velocity":[0.0,0.0,0.0],"yaw":0.0},"position":[6.0,0.00100011611357331,3.68089556694031],"time_ms":21507,"wall_ms":1791412066129.85,"yaw":0.0}
S03R {"entity":1,"event":"apply","pose":{"control":1,"durable":4,"entity":1,"position":[0.0,0.00100011611357331,9.0000114440918],"receipt_ms":21556,"sequence":572,"tick":1287,"velocity":[0.0,0.0,0.0],"yaw":0.0},"position":[0.0,0.00100011611357331,9.0000114440918],"time_ms":21576,"wall_ms":1791412066198.76,"yaw":0.0}
S03R {"entity":2,"event":"apply","pose":{"control":2,"durable":4,"entity":2,"position":[6.0,0.00100011611357331,3.68089556694031],"receipt_ms":21556,"sequence":0,"tick":1287,"velocity":[0.0,0.0,0.0],"yaw":0.0},"position":[6.0,0.00100011611357331,3.68089556694031],"time_ms":21576,"wall_ms":1791412066198.8,"yaw":0.0}
S03R {"entity":1,"event":"apply","pose":{"control":1,"durable":4,"entity":1,"position":[0.0,0.00100011611357331,9.0000114440918],"receipt_ms":21652,"sequence":575,"tick":1293,"velocity":[0.0,0.0,0.0],"yaw":0.0},"position":[0.0,0.00100011611357331,9.0000114440918],"time_ms":21659,"wall_ms":1791412066281.59,"yaw":0.0}
S03R {"entity":2,"event":"apply","pose":{"control":2,"durable":4,"entity":2,"position":[6.0,0.00100011611357331,3.68089556694031],"receipt_ms":21652,"sequence":0,"tick":1293,"velocity":[0.0,0.0,0.0],"yaw":0.0},"position":[6.0,0.00100011611357331,3.68089556694031],"time_ms":21659,"wall_ms":1791412066281.62,"yaw":0.0}
S03R {"entity":1,"event":"apply","pose":{"control":1,"durable":4,"entity":1,"position":[0.0,0.00100011611357331,9.0000114440918],"receipt_ms":21783,"sequence":578,"tick":1299,"velocity":[0.0,0.0,0.0],"yaw":0.0},"position":[0.0,0.00100011611357331,9.0000114440918],"time_ms":21790,"wall_ms":1791412066412.74,"yaw":0.0}
S03R {"entity":2,"event":"apply","pose":{"control":2,"durable":4,"entity":2,"position":[6.0,0.00100011611357331,3.68089556694031],"receipt_ms":21783,"sequence":3,"tick":1299,"velocity":[0.0,0.0,0.0],"yaw":0.0},"position":[6.0,0.00100011611357331,3.68089556694031],"time_ms":21790,"wall_ms":1791412066412.8,"yaw":0.0}
S03R {"entity":1,"event":"apply","pose":{"control":1,"durable":4,"entity":1,"position":[0.0,0.00100011611357331,9.0000114440918],"receipt_ms":21908,"sequence":582,"tick":1308,"velocity":[0.0,0.0,0.0],"yaw":0.0},"position":[0.0,0.00100011611357331,9.0000114440918],"time_ms":21928,"wall_ms":1791412066550.74,"yaw":0.0}
S03R {"entity":2,"event":"apply","pose":{"control":2,"durable":4,"entity":2,"position":[6.0,0.00100011611357331,3.68089556694031],"receipt_ms":21908,"sequence":9,"tick":1308,"velocity":[0.0,0.0,0.0],"yaw":0.0},"position":[6.0,0.00100011611357331,3.68089556694031],"time_ms":21928,"wall_ms":1791412066550.8,"yaw":0.0}
S03R {"entity":1,"event":"apply","pose":{"control":1,"durable":4,"entity":1,"position":[0.0,0.00100011611357331,9.0000114440918],"receipt_ms":21956,"sequence":584,"tick":1311,"velocity":[0.0,0.0,0.0],"yaw":0.0},"position":[0.0,0.00100011611357331,9.0000114440918],"time_ms":21976,"wall_ms":1791412066598.99,"yaw":0.0}
S03R {"entity":2,"event":"apply","pose":{"control":2,"durable":4,"entity":2,"position":[6.0,0.00100011611357331,3.68089556694031],"receipt_ms":21956,"sequence":10,"tick":1311,"velocity":[0.0,0.0,0.0],"yaw":0.0},"position":[6.0,0.00100011611357331,3.68089556694031],"time_ms":21976,"wall_ms":1791412066599.04,"yaw":0.0}
S03R {"entity":1,"event":"apply","pose":{"control":1,"durable":4,"entity":1,"position":[0.0,0.00100011611357331,9.0000114440918],"receipt_ms":22094,"sequence":585,"tick":1314,"velocity":[0.0,0.0,0.0],"yaw":0.0},"position":[0.0,0.00100011611357331,9.0000114440918],"time_ms":22107,"wall_ms":1791412066730.1,"yaw":0.0}
S03R {"entity":2,"event":"apply","pose":{"control":2,"durable":4,"entity":2,"position":[6.0,0.00100011611357331,3.68089556694031],"receipt_ms":22094,"sequence":10,"tick":1314,"velocity":[0.0,0.0,0.0],"yaw":0.0},"position":[6.0,0.00100011611357331,3.68089556694031],"time_ms":22107,"wall_ms":1791412066730.16,"yaw":0.0}
S03R {"entity":1,"event":"apply","pose":{"control":1,"durable":4,"entity":1,"position":[0.0,0.00100011611357331,9.0000114440918],"receipt_ms":22114,"sequence":588,"tick":1320,"velocity":[0.0,0.0,0.0],"yaw":0.0},"position":[0.0,0.00100011611357331,9.0000114440918],"time_ms":22128,"wall_ms":1791412066750.85,"yaw":0.0}
S03R {"entity":2,"event":"apply","pose":{"control":2,"durable":4,"entity":2,"position":[6.0,0.00100011611357331,3.68089556694031],"receipt_ms":22114,"sequence":15,"tick":1320,"velocity":[0.0,0.0,0.0],"yaw":0.0},"position":[6.0,0.00100011611357331,3.68089556694031],"time_ms":22128,"wall_ms":1791412066750.91,"yaw":0.0}
S03R {"entity":1,"event":"apply","pose":{"control":1,"durable":4,"entity":1,"position":[0.0,0.00100011611357331,9.0000114440918],"receipt_ms":22191,"sequence":590,"tick":1323,"velocity":[0.0,0.0,0.0],"yaw":0.0},"position":[0.0,0.00100011611357331,9.0000114440918],"time_ms":22211,"wall_ms":1791412066833.59,"yaw":0.0}
S03R {"entity":2,"event":"apply","pose":{"control":2,"durable":4,"entity":2,"position":[6.0,0.00100011611357331,3.68089556694031],"receipt_ms":22191,"sequence":16,"tick":1323,"velocity":[0.0,0.0,0.0],"yaw":0.0},"position":[6.0,0.00100011611357331,3.68089556694031],"time_ms":22211,"wall_ms":1791412066833.65,"yaw":0.0}
S03R {"entity":1,"event":"apply","pose":{"control":1,"durable":4,"entity":1,"position":[0.0,0.00100011611357331,9.0000114440918],"receipt_ms":22218,"sequence":591,"tick":1326,"velocity":[0.0,0.0,0.0],"yaw":0.0},"position":[0.0,0.00100011611357331,9.0000114440918],"time_ms":22225,"wall_ms":1791412066847.38,"yaw":0.0}
S03R {"entity":2,"event":"apply","pose":{"control":2,"durable":4,"entity":2,"position":[6.0,0.00100011611357331,3.68089556694031],"receipt_ms":22218,"sequence":16,"tick":1326,"velocity":[0.0,0.0,0.0],"yaw":0.0},"position":[6.0,0.00100011611357331,3.68089556694031],"time_ms":22225,"wall_ms":1791412066847.41,"yaw":0.0}
S03R {"entity":1,"event":"apply","pose":{"control":1,"durable":4,"entity":1,"position":[0.0,0.00100011611357331,9.0000114440918],"receipt_ms":22266,"sequence":593,"tick":1329,"velocity":[0.0,0.0,0.0],"yaw":0.0},"position":[0.0,0.00100011611357331,9.0000114440918],"time_ms":22273,"wall_ms":1791412066895.7,"yaw":0.0}
S03R {"entity":2,"event":"apply","pose":{"control":2,"durable":4,"entity":2,"position":[6.0,0.00100011611357331,3.68089556694031],"receipt_ms":22266,"sequence":19,"tick":1329,"velocity":[0.0,0.0,0.0],"yaw":0.0},"position":[6.0,0.00100011611357331,3.68089556694031],"time_ms":22273,"wall_ms":1791412066895.75,"yaw":0.0}
S03R {"entity":1,"event":"apply","pose":{"control":1,"durable":4,"entity":1,"position":[0.0,0.00100011611357331,9.0000114440918],"receipt_ms":22301,"sequence":594,"tick":1332,"velocity":[0.0,0.0,0.0],"yaw":0.0},"position":[0.0,0.00100011611357331,9.0000114440918],"time_ms":22307,"wall_ms":1791412066930.19,"yaw":0.0}
S03R {"entity":2,"event":"apply","pose":{"control":2,"durable":4,"entity":2,"position":[6.0,0.00100011611357331,3.68089556694031],"receipt_ms":22301,"sequence":21,"tick":1332,"velocity":[0.0,0.0,0.0],"yaw":0.0},"position":[6.0,0.00100011611357331,3.68089556694031],"time_ms":22307,"wall_ms":1791412066930.25,"yaw":0.0}
S03R {"entity":1,"event":"apply","pose":{"control":1,"durable":4,"entity":1,"position":[0.0,0.00100011611357331,9.0000114440918],"receipt_ms":22411,"sequence":596,"tick":1335,"velocity":[0.0,0.0,0.0],"yaw":0.0},"position":[0.0,0.00100011611357331,9.0000114440918],"time_ms":22425,"wall_ms":1791412067047.55,"yaw":0.0}
S03R {"entity":2,"event":"apply","pose":{"control":2,"durable":4,"entity":2,"position":[6.0,0.00100011611357331,3.68089556694031],"receipt_ms":22411,"sequence":23,"tick":1335,"velocity":[0.0,0.0,0.0],"yaw":0.0},"position":[6.0,0.00100011611357331,3.68089556694031],"time_ms":22425,"wall_ms":1791412067047.61,"yaw":0.0}
S03R {"entity":1,"event":"apply","pose":{"control":1,"durable":4,"entity":1,"position":[0.0,0.00100011611357331,9.0000114440918],"receipt_ms":22439,"sequence":597,"tick":1338,"velocity":[0.0,0.0,0.0],"yaw":0.0},"position":[0.0,0.00100011611357331,9.0000114440918],"time_ms":22445,"wall_ms":1791412067068.19,"yaw":0.0}
S03R {"entity":2,"event":"apply","pose":{"control":2,"durable":4,"entity":2,"position":[6.0,0.00100011611357331,3.68089556694031],"receipt_ms":22439,"sequence":24,"tick":1338,"velocity":[0.0,0.0,0.0],"yaw":0.0},"position":[6.0,0.00100011611357331,3.68089556694031],"time_ms":22445,"wall_ms":1791412067068.24,"yaw":0.0}
S03R {"entity":1,"event":"apply","pose":{"control":1,"durable":4,"entity":1,"position":[0.0,0.00100011611357331,9.0000114440918],"receipt_ms":22508,"sequence":599,"tick":1341,"velocity":[0.0,0.0,0.0],"yaw":0.0},"position":[0.0,0.00100011611357331,9.0000114440918],"time_ms":22528,"wall_ms":1791412067151.01,"yaw":0.0}
S03R {"entity":2,"event":"apply","pose":{"control":2,"durable":4,"entity":2,"position":[6.0,0.00100011611357331,3.68089556694031],"receipt_ms":22508,"sequence":26,"tick":1341,"velocity":[0.0,0.0,0.0],"yaw":0.0},"position":[6.0,0.00100011611357331,3.68089556694031],"time_ms":22528,"wall_ms":1791412067151.04,"yaw":0.0}
S03R {"entity":1,"event":"apply","pose":{"control":1,"durable":4,"entity":1,"position":[0.0,0.00100011611357331,9.0000114440918],"receipt_ms":22542,"sequence":600,"tick":1344,"velocity":[0.0,0.0,0.0],"yaw":0.0},"position":[0.0,0.00100011611357331,9.0000114440918],"time_ms":22556,"wall_ms":1791412067178.6,"yaw":0.0}
S03R {"entity":2,"event":"apply","pose":{"control":2,"durable":4,"entity":2,"position":[6.0,0.00100011611357331,3.68089556694031],"receipt_ms":22542,"sequence":26,"tick":1344,"velocity":[0.0,0.0,0.0],"yaw":0.0},"position":[6.0,0.00100011611357331,3.68089556694031],"time_ms":22556,"wall_ms":1791412067178.63,"yaw":0.0}
S03R {"entity":1,"event":"apply","pose":{"control":1,"durable":4,"entity":1,"position":[0.0,0.00100011611357331,9.0000114440918],"receipt_ms":22625,"sequence":603,"tick":1350,"velocity":[0.0,0.0,0.0],"yaw":0.0},"position":[0.0,0.00100011611357331,9.0000114440918],"time_ms":22646,"wall_ms":1791412067268.3,"yaw":0.0}
S03R {"entity":2,"event":"apply","pose":{"control":2,"durable":4,"entity":2,"position":[6.0,0.00100011611357331,3.68089556694031],"receipt_ms":22625,"sequence":29,"tick":1350,"velocity":[0.0,0.0,0.0],"yaw":0.0},"position":[6.0,0.00100011611357331,3.68089556694031],"time_ms":22646,"wall_ms":1791412067268.38,"yaw":0.0}
S03R {"entity":1,"event":"apply","pose":{"control":1,"durable":4,"entity":1,"position":[0.0,0.00100011611357331,9.0000114440918],"receipt_ms":22694,"sequence":605,"tick":1353,"velocity":[0.0,0.0,0.0],"yaw":0.0},"position":[0.0,0.00100011611357331,9.0000114440918],"time_ms":22708,"wall_ms":1791412067330.36,"yaw":0.0}
S03R {"entity":2,"event":"apply","pose":{"control":2,"durable":4,"entity":2,"position":[6.0,0.00100011611357331,3.68089556694031],"receipt_ms":22694,"sequence":32,"tick":1353,"velocity":[0.0,0.0,0.0],"yaw":0.0},"position":[6.0,0.00100011611357331,3.68089556694031],"time_ms":22708,"wall_ms":1791412067330.4,"yaw":0.0}
S03R {"entity":1,"event":"apply","pose":{"control":1,"durable":4,"entity":1,"position":[0.0,0.00100011611357331,9.0000114440918],"receipt_ms":22784,"sequence":608,"tick":1359,"velocity":[0.0,0.0,0.0],"yaw":0.0},"position":[0.0,0.00100011611357331,9.0000114440918],"time_ms":22790,"wall_ms":1791412067413.26,"yaw":0.0}
S03R {"entity":2,"event":"apply","pose":{"control":2,"durable":4,"entity":2,"position":[6.0,0.00100011611357331,3.68089556694031],"receipt_ms":22784,"sequence":35,"tick":1359,"velocity":[0.0,0.0,0.0],"yaw":0.0},"position":[6.0,0.00100011611357331,3.68089556694031],"time_ms":22791,"wall_ms":1791412067413.32,"yaw":0.0}
S03R {"entity":1,"event":"apply","pose":{"control":1,"durable":4,"entity":1,"position":[0.0,0.00100011611357331,9.0000114440918],"receipt_ms":22818,"sequence":609,"tick":1362,"velocity":[0.0,0.0,0.0],"yaw":0.0},"position":[0.0,0.00100011611357331,9.0000114440918],"time_ms":22825,"wall_ms":1791412067447.71,"yaw":0.0}
S03R {"entity":2,"event":"apply","pose":{"control":2,"durable":4,"entity":2,"position":[6.0,0.00100011611357331,3.68089556694031],"receipt_ms":22818,"sequence":35,"tick":1362,"velocity":[0.0,0.0,0.0],"yaw":0.0},"position":[6.0,0.00100011611357331,3.68089556694031],"time_ms":22825,"wall_ms":1791412067447.74,"yaw":0.0}
S03R {"entity":1,"event":"apply","pose":{"control":1,"durable":4,"entity":1,"position":[0.0,0.00100011611357331,9.0000114440918],"receipt_ms":22880,"sequence":611,"tick":1365,"velocity":[0.0,0.0,0.0],"yaw":0.0},"position":[0.0,0.00100011611357331,9.0000114440918],"time_ms":22894,"wall_ms":1791412067516.75,"yaw":0.0}
S03R {"entity":2,"event":"apply","pose":{"control":2,"durable":4,"entity":2,"position":[6.0,0.00100011611357331,3.68089556694031],"receipt_ms":22880,"sequence":37,"tick":1365,"velocity":[0.0,0.0,0.0],"yaw":0.0},"position":[6.0,0.00100011611357331,3.68089556694031],"time_ms":22894,"wall_ms":1791412067516.81,"yaw":0.0}
S03R {"entity":1,"event":"apply","pose":{"control":1,"durable":4,"entity":1,"position":[0.0,0.00100011611357331,9.0000114440918],"receipt_ms":22963,"sequence":614,"tick":1371,"velocity":[0.0,0.0,0.0],"yaw":0.0},"position":[0.0,0.00100011611357331,9.0000114440918],"time_ms":22977,"wall_ms":1791412067599.5,"yaw":0.0}
S03R {"entity":2,"event":"apply","pose":{"control":2,"durable":4,"entity":2,"position":[6.0,0.00100011611357331,3.68089556694031],"receipt_ms":22963,"sequence":40,"tick":1371,"velocity":[0.0,0.0,0.0],"yaw":0.0},"position":[6.0,0.00100011611357331,3.68089556694031],"time_ms":22977,"wall_ms":1791412067599.54,"yaw":0.0}
S03R {"entity":1,"event":"apply","pose":{"control":1,"durable":4,"entity":1,"position":[0.0,0.00100011611357331,9.0000114440918],"receipt_ms":23101,"sequence":618,"tick":1380,"velocity":[0.0,0.0,0.0],"yaw":0.0},"position":[0.0,0.00100011611357331,9.0000114440918],"time_ms":23108,"wall_ms":1791412067730.61,"yaw":0.0}
S03R {"entity":2,"event":"apply","pose":{"control":2,"durable":4,"entity":2,"position":[6.0,0.00100011611357331,3.68089556694031],"receipt_ms":23101,"sequence":45,"tick":1380,"velocity":[0.0,0.0,0.0],"yaw":0.0},"position":[6.0,0.00100011611357331,3.68089556694031],"time_ms":23108,"wall_ms":1791412067730.68,"yaw":0.0}
S03R {"entity":1,"event":"apply","pose":{"control":1,"durable":4,"entity":1,"position":[0.0,0.00100011611357331,9.0000114440918],"receipt_ms":23218,"sequence":620,"tick":1383,"velocity":[0.0,0.0,0.0],"yaw":0.0},"position":[0.0,0.00100011611357331,9.0000114440918],"time_ms":23225,"wall_ms":1791412067847.91,"yaw":0.0}
S03R {"entity":2,"event":"apply","pose":{"control":2,"durable":4,"entity":2,"position":[6.0,0.00100011611357331,3.68089556694031],"receipt_ms":23218,"sequence":45,"tick":1383,"velocity":[0.0,0.0,0.0],"yaw":0.0},"position":[6.0,0.00100011611357331,3.68089556694031],"time_ms":23225,"wall_ms":1791412067847.96,"yaw":0.0}
S03R {"entity":1,"event":"apply","pose":{"control":1,"durable":4,"entity":1,"position":[0.0,0.00100011611357331,9.0000114440918],"receipt_ms":23246,"sequence":621,"tick":1386,"velocity":[0.0,0.0,0.0],"yaw":0.0},"position":[0.0,0.00100011611357331,9.0000114440918],"time_ms":23260,"wall_ms":1791412067882.38,"yaw":0.0}
S03R {"entity":2,"event":"apply","pose":{"control":2,"durable":4,"entity":2,"position":[6.0,0.00100011611357331,3.68089556694031],"receipt_ms":23246,"sequence":46,"tick":1386,"velocity":[0.0,0.0,0.0],"yaw":0.0},"position":[6.0,0.00100011611357331,3.68089556694031],"time_ms":23260,"wall_ms":1791412067882.42,"yaw":0.0}
S03R {"entity":1,"event":"apply","pose":{"control":1,"durable":4,"entity":1,"position":[0.0,0.00100011611357331,9.0000114440918],"receipt_ms":23295,"sequence":623,"tick":1389,"velocity":[0.0,0.0,0.0],"yaw":0.0},"position":[0.0,0.00100011611357331,9.0000114440918],"time_ms":23308,"wall_ms":1791412067930.72,"yaw":0.0}
S03R {"entity":2,"event":"apply","pose":{"control":2,"durable":4,"entity":2,"position":[6.0,0.00100011611357331,3.68089556694031],"receipt_ms":23295,"sequence":50,"tick":1389,"velocity":[0.0,0.0,0.0],"yaw":0.0},"position":[6.0,0.00100011611357331,3.68089556694031],"time_ms":23308,"wall_ms":1791412067930.77,"yaw":0.0}
S03R {"entity":1,"event":"apply","pose":{"control":1,"durable":4,"entity":1,"position":[0.0,0.00100011611357331,9.0000114440918],"receipt_ms":23315,"sequence":624,"tick":1392,"velocity":[0.0,0.0,0.0],"yaw":0.0},"position":[0.0,0.00100011611357331,9.0000114440918],"time_ms":23329,"wall_ms":1791412067951.38,"yaw":0.0}
S03R {"entity":2,"event":"apply","pose":{"control":2,"durable":4,"entity":2,"position":[6.0,0.00100011611357331,3.68089556694031],"receipt_ms":23315,"sequence":51,"tick":1392,"velocity":[0.0,0.0,0.0],"yaw":0.0},"position":[6.0,0.00100011611357331,3.68089556694031],"time_ms":23329,"wall_ms":1791412067951.42,"yaw":0.0}
S03R {"entity":1,"event":"apply","pose":{"control":1,"durable":4,"entity":1,"position":[0.0,0.00100011611357331,9.0000114440918],"receipt_ms":23357,"sequence":626,"tick":1395,"velocity":[0.0,0.0,0.0],"yaw":0.0},"position":[0.0,0.00100011611357331,9.0000114440918],"time_ms":23377,"wall_ms":1791412067999.69,"yaw":0.0}
S03R {"entity":2,"event":"apply","pose":{"control":2,"durable":4,"entity":2,"position":[6.0,0.00100011611357331,3.68089556694031],"receipt_ms":23357,"sequence":53,"tick":1395,"velocity":[0.0,0.0,0.0],"yaw":0.0},"position":[6.0,0.00100011611357331,3.68089556694031],"time_ms":23377,"wall_ms":1791412067999.72,"yaw":0.0}
S03R {"entity":1,"event":"apply","pose":{"control":1,"durable":4,"entity":1,"position":[0.0,0.00100011611357331,9.0000114440918],"receipt_ms":23446,"sequence":629,"tick":1401,"velocity":[0.0,0.0,0.0],"yaw":0.0},"position":[0.0,0.00100011611357331,9.0000114440918],"time_ms":23460,"wall_ms":1791412068082.57,"yaw":0.0}
S03R {"entity":2,"event":"apply","pose":{"control":2,"durable":4,"entity":2,"position":[6.0,0.00100011611357331,3.68089556694031],"receipt_ms":23446,"sequence":54,"tick":1401,"velocity":[0.0,0.0,0.0],"yaw":0.0},"position":[6.0,0.00100011611357331,3.68089556694031],"time_ms":23460,"wall_ms":1791412068082.64,"yaw":0.0}
S03R {"entity":1,"event":"apply","pose":{"control":1,"durable":4,"entity":1,"position":[0.0,0.00100011611357331,9.0000114440918],"receipt_ms":23577,"sequence":632,"tick":1407,"velocity":[0.0,0.0,0.0],"yaw":0.0},"position":[0.0,0.00100011611357331,9.0000114440918],"time_ms":23591,"wall_ms":1791412068213.63,"yaw":0.0}
S03R {"entity":2,"event":"apply","pose":{"control":2,"durable":4,"entity":2,"position":[6.0,0.00100011611357331,3.68089556694031],"receipt_ms":23577,"sequence":58,"tick":1407,"velocity":[0.0,0.0,0.0],"yaw":0.0},"position":[6.0,0.00100011611357331,3.68089556694031],"time_ms":23591,"wall_ms":1791412068213.66,"yaw":0.0}
S03R {"entity":1,"event":"apply","pose":{"control":1,"durable":4,"entity":1,"position":[0.0,0.00100011611357331,9.0000114440918],"receipt_ms":23674,"sequence":633,"tick":1410,"velocity":[0.0,0.0,0.0],"yaw":0.0},"position":[0.0,0.00100011611357331,9.0000114440918],"time_ms":23694,"wall_ms":1791412068317.16,"yaw":0.0}
S03R {"entity":2,"event":"apply","pose":{"control":2,"durable":4,"entity":2,"position":[6.0,0.00100011611357331,3.68089556694031],"receipt_ms":23674,"sequence":60,"tick":1410,"velocity":[0.0,0.0,0.0],"yaw":0.0},"position":[6.0,0.00100011611357331,3.68089556694031],"time_ms":23694,"wall_ms":1791412068317.22,"yaw":0.0}
S03R {"entity":1,"event":"apply","pose":{"control":1,"durable":4,"entity":1,"position":[0.0,0.00100011611357331,9.0000114440918],"receipt_ms":23729,"sequence":636,"tick":1416,"velocity":[0.0,0.0,0.0],"yaw":0.0},"position":[0.0,0.00100011611357331,9.0000114440918],"time_ms":23743,"wall_ms":1791412068365.36,"yaw":0.0}
S03R {"entity":2,"event":"apply","pose":{"control":2,"durable":4,"entity":2,"position":[6.0,0.00100011611357331,3.68089556694031],"receipt_ms":23729,"sequence":61,"tick":1416,"velocity":[0.0,0.0,0.0],"yaw":0.0},"position":[6.0,0.00100011611357331,3.68089556694031],"time_ms":23743,"wall_ms":1791412068365.39,"yaw":0.0}
S03R {"entity":1,"event":"apply","pose":{"control":1,"durable":4,"entity":1,"position":[0.0,0.00100011611357331,9.0000114440918],"receipt_ms":23826,"sequence":638,"tick":1419,"velocity":[0.0,0.0,0.0],"yaw":0.0},"position":[0.0,0.00100011611357331,9.0000114440918],"time_ms":23846,"wall_ms":1791412068468.92,"yaw":0.0}
S03R {"entity":2,"event":"apply","pose":{"control":2,"durable":4,"entity":2,"position":[6.0,0.00100011611357331,3.68089556694031],"receipt_ms":23826,"sequence":62,"tick":1419,"velocity":[0.0,0.0,0.0],"yaw":0.0},"position":[6.0,0.00100011611357331,3.68089556694031],"time_ms":23846,"wall_ms":1791412068468.98,"yaw":0.0}
S03R {"entity":1,"event":"apply","pose":{"control":1,"durable":4,"entity":1,"position":[0.0,0.00100011611357331,9.0000114440918],"receipt_ms":23874,"sequence":641,"tick":1425,"velocity":[0.0,0.0,0.0],"yaw":0.0},"position":[0.0,0.00100011611357331,9.0000114440918],"time_ms":23894,"wall_ms":1791412068517.29,"yaw":0.0}
S03R {"entity":2,"event":"apply","pose":{"control":2,"durable":4,"entity":2,"position":[6.0,0.00100011611357331,3.68089556694031],"receipt_ms":23874,"sequence":67,"tick":1425,"velocity":[0.0,0.0,0.0],"yaw":0.0},"position":[6.0,0.00100011611357331,3.68089556694031],"time_ms":23895,"wall_ms":1791412068517.36,"yaw":0.0}
S03R {"entity":1,"event":"apply","pose":{"control":1,"durable":4,"entity":1,"position":[0.0,0.00100011611357331,9.0000114440918],"receipt_ms":23970,"sequence":644,"tick":1431,"velocity":[0.0,0.0,0.0],"yaw":0.0},"position":[0.0,0.00100011611357331,9.0000114440918],"time_ms":23977,"wall_ms":1791412068600.03,"yaw":0.0}
S03R {"entity":2,"event":"apply","pose":{"control":2,"durable":4,"entity":2,"position":[6.0,0.00100011611357331,3.68089556694031],"receipt_ms":23970,"sequence":70,"tick":1431,"velocity":[0.0,0.0,0.0],"yaw":0.0},"position":[6.0,0.00100011611357331,3.68089556694031],"time_ms":23977,"wall_ms":1791412068600.1,"yaw":0.0}
S03R {"entity":1,"event":"apply","pose":{"control":1,"durable":4,"entity":1,"position":[0.0,0.00100011611357331,9.0000114440918],"receipt_ms":24032,"sequence":645,"tick":1434,"velocity":[0.0,0.0,0.0],"yaw":0.0},"position":[0.0,0.00100011611357331,9.0000114440918],"time_ms":24046,"wall_ms":1791412068669.03,"yaw":0.0}
S03R {"entity":2,"event":"apply","pose":{"control":2,"durable":4,"entity":2,"position":[6.0,0.00100011611357331,3.68089556694031],"receipt_ms":24032,"sequence":70,"tick":1434,"velocity":[0.0,0.0,0.0],"yaw":0.0},"position":[6.0,0.00100011611357331,3.68089556694031],"time_ms":24046,"wall_ms":1791412068669.09,"yaw":0.0}
S03R {"entity":1,"event":"apply","pose":{"control":1,"durable":4,"entity":1,"position":[0.0,0.00100011611357331,9.0000114440918],"receipt_ms":24109,"sequence":648,"tick":1440,"velocity":[0.0,0.0,0.0],"yaw":0.0},"position":[0.0,0.00100011611357331,9.0000114440918],"time_ms":24129,"wall_ms":1791412068751.89,"yaw":0.0}
S03R {"entity":2,"event":"apply","pose":{"control":2,"durable":4,"entity":2,"position":[6.0,0.00100011611357331,3.68089556694031],"receipt_ms":24109,"sequence":75,"tick":1440,"velocity":[0.0,0.0,0.0],"yaw":0.0},"position":[6.0,0.00100011611357331,3.68089556694031],"time_ms":24129,"wall_ms":1791412068751.96,"yaw":0.0}
S03R {"entity":1,"event":"apply","pose":{"control":1,"durable":4,"entity":1,"position":[0.0,0.00100011611357331,9.0000114440918],"receipt_ms":24233,"sequence":650,"tick":1443,"velocity":[0.0,0.0,0.0],"yaw":0.0},"position":[0.0,0.00100011611357331,9.0000114440918],"time_ms":24246,"wall_ms":1791412068869.12,"yaw":0.0}
S03R {"entity":2,"event":"apply","pose":{"control":2,"durable":4,"entity":2,"position":[6.0,0.00100011611357331,3.68089556694031],"receipt_ms":24233,"sequence":75,"tick":1443,"velocity":[0.0,0.0,0.0],"yaw":0.0},"position":[6.0,0.00100011611357331,3.68089556694031],"time_ms":24246,"wall_ms":1791412068869.18,"yaw":0.0}
S03R {"entity":1,"event":"apply","pose":{"control":1,"durable":4,"entity":1,"position":[0.0,0.00100011611357331,9.0000114440918],"receipt_ms":24267,"sequence":653,"tick":1449,"velocity":[0.0,0.0,0.0],"yaw":0.0},"position":[0.0,0.00100011611357331,9.0000114440918],"time_ms":24274,"wall_ms":1791412068896.73,"yaw":0.0}
S03R {"entity":2,"event":"apply","pose":{"control":2,"durable":4,"entity":2,"position":[6.0,0.00100011611357331,3.68089556694031],"receipt_ms":24267,"sequence":80,"tick":1449,"velocity":[0.0,0.0,0.0],"yaw":0.0},"position":[6.0,0.00100011611357331,3.68089556694031],"time_ms":24274,"wall_ms":1791412068896.78,"yaw":0.0}
S03R {"entity":1,"event":"apply","pose":{"control":1,"durable":4,"entity":1,"position":[0.0,0.00100011611357331,9.0000114440918],"receipt_ms":24330,"sequence":654,"tick":1452,"velocity":[0.0,0.0,0.0],"yaw":0.0},"position":[0.0,0.00100011611357331,9.0000114440918],"time_ms":24343,"wall_ms":1791412068965.74,"yaw":0.0}
S03R {"entity":2,"event":"apply","pose":{"control":2,"durable":4,"entity":2,"position":[6.0,0.00100011611357331,3.68089556694031],"receipt_ms":24330,"sequence":80,"tick":1452,"velocity":[0.0,0.0,0.0],"yaw":0.0},"position":[6.0,0.00100011611357331,3.68089556694031],"time_ms":24343,"wall_ms":1791412068965.8,"yaw":0.0}
S03R {"entity":1,"event":"apply","pose":{"control":1,"durable":4,"entity":1,"position":[0.0,0.00100011611357331,9.0000114440918],"receipt_ms":24405,"sequence":657,"tick":1458,"velocity":[0.0,0.0,0.0],"yaw":0.0},"position":[0.0,0.00100011611357331,9.0000114440918],"time_ms":24412,"wall_ms":1791412069034.72,"yaw":0.0}
S03R {"entity":2,"event":"apply","pose":{"control":2,"durable":4,"entity":2,"position":[6.0,0.00100011611357331,3.68089556694031],"receipt_ms":24405,"sequence":84,"tick":1458,"velocity":[0.0,0.0,0.0],"yaw":0.0},"position":[6.0,0.00100011611357331,3.68089556694031],"time_ms":24412,"wall_ms":1791412069034.75,"yaw":0.0}
S03R {"entity":1,"event":"apply","pose":{"control":1,"durable":4,"entity":1,"position":[0.0,0.00100011611357331,9.0000114440918],"receipt_ms":24474,"sequence":659,"tick":1461,"velocity":[0.0,0.0,0.0],"yaw":0.0},"position":[0.0,0.00100011611357331,9.0000114440918],"time_ms":24495,"wall_ms":1791412069117.66,"yaw":0.0}
S03R {"entity":2,"event":"apply","pose":{"control":2,"durable":4,"entity":2,"position":[6.0,0.00100011611357331,3.68089556694031],"receipt_ms":24474,"sequence":85,"tick":1461,"velocity":[0.0,0.0,0.0],"yaw":0.0},"position":[6.0,0.00100011611357331,3.68089556694031],"time_ms":24495,"wall_ms":1791412069117.74,"yaw":0.0}
S03R {"accepted":0,"event":"result","failures":[],"max_held_bytes":0,"max_movement_bytes":0,"ok":true,"reason":"HOST_LOST","rejected":{},"role":"client","time_ms":24612,"wall_ms":1791412069234.83}
