Godot Engine v4.8.dev7.official.c971f93e7 - https://godotengine.org

S03R {"event":"state_receive","role":"client","rows":[{"entity":2,"sequence":0,"tick":40}],"time_ms":411,"wall_ms":1791529722607.0}
S03R {"can_draw":false,"display":"headless","engine":"4.8-dev7 (official)","event":"start","low_processor_mode":false,"max_fps":0,"pid":68396,"profile":"baseline","renderer":"forward_plus","role":"client","time_ms":424,"user_dir":"C:/tmp/ft/lanes/s03-l/matrix-01/proxied-hires/baseline/client/user/appdata/Godot/app_userdata/Fun Things","vsync_mode":1,"wall_ms":1791529722621.0,"window_mode":1,"window_visible":true}
S03R {"entity":2,"event":"apply","pose":{"control":1,"durable":2,"entity":2,"position":[6.0,0.00100000004749745,14.0],"receipt_ms":411,"sequence":0,"tick":40,"velocity":[0.0,0.0,0.0],"yaw":0.0},"position":[6.0,0.00100000004749745,14.0],"time_ms":429,"wall_ms":1791529722626.0,"yaw":0.0}
S03R {"event":"input","index":1,"move":1.0,"position":[6.0,0.00100000004749745,14.0],"role":"client","sequence_floor":1,"tick":1,"time_ms":445,"turn":0.0,"wall_ms":1791529722642.0,"yaw":0.0}
S03R {"event":"keys","move":1.0,"role":"client","tick":1,"time_ms":448,"turn":0.0,"wall_ms":1791529722645.0}
S03R {"event":"state_receive","role":"client","rows":[{"entity":1,"sequence":0,"tick":42},{"entity":2,"sequence":0,"tick":42}],"time_ms":453,"wall_ms":1791529722650.0}
S03R {"event":"input_send","index":1,"move":1.0,"role":"client","sample_ticks_ms":458,"sample_wall_ms":1791529722656.0,"send_ticks_ms":458,"send_wall_ms":1791529722656.0,"sequence":1,"time_ms":458,"turn":0.0,"wall_ms":1791529722656.0}
S03R {"entity":1,"event":"apply","pose":{"control":1,"durable":2,"entity":1,"position":[0.0,0.00100011611357331,6.0],"receipt_ms":453,"sequence":0,"tick":42,"velocity":[0.0,0.0,0.0],"yaw":0.0},"position":[0.0,0.00100011611357331,6.0],"time_ms":462,"wall_ms":1791529722658.0,"yaw":0.0}
S03R {"entity":2,"event":"apply","pose":{"control":1,"durable":2,"entity":2,"position":[6.0,0.00100005290005356,14.0],"receipt_ms":453,"sequence":0,"tick":42,"velocity":[0.0,0.0,0.0],"yaw":0.0},"position":[6.0,0.00100005290005356,14.0],"time_ms":466,"wall_ms":1791529722663.0,"yaw":0.0}
S03R {"event":"input_send","index":1,"move":1.0,"role":"client","sample_ticks_ms":493,"sample_wall_ms":1791529722689.0,"send_ticks_ms":493,"send_wall_ms":1791529722691.0,"sequence":2,"time_ms":493,"turn":0.0,"wall_ms":1791529722691.0}
S03R {"event":"state_receive","role":"client","rows":[{"entity":1,"sequence":2,"tick":45},{"entity":2,"sequence":1,"tick":45}],"time_ms":507,"wall_ms":1791529722704.0}
S03R {"entity":1,"event":"apply","pose":{"control":1,"durable":2,"entity":1,"position":[0.0,0.00100011611357331,6.0],"receipt_ms":507,"sequence":2,"tick":45,"velocity":[0.0,0.0,0.0],"yaw":0.0},"position":[0.0,0.00100011611357331,6.0],"time_ms":513,"wall_ms":1791529722710.0,"yaw":0.0}
S03R {"entity":2,"event":"apply","pose":{"control":1,"durable":2,"entity":2,"position":[6.0,0.00100005290005356,13.8333339691162],"receipt_ms":507,"sequence":1,"tick":45,"velocity":[0.0,0.0,-5.0],"yaw":0.0},"position":[6.0,0.00100005290005356,13.8333339691162],"time_ms":516,"wall_ms":1791529722712.0,"yaw":0.0}
S03R {"event":"input_send","index":1,"move":1.0,"role":"client","sample_ticks_ms":527,"sample_wall_ms":1791529722724.0,"send_ticks_ms":527,"send_wall_ms":1791529722725.0,"sequence":3,"time_ms":527,"turn":0.0,"wall_ms":1791529722725.0}
S03R {"event":"state_receive","role":"client","rows":[{"entity":1,"sequence":3,"tick":48},{"entity":2,"sequence":3,"tick":48}],"time_ms":549,"wall_ms":1791529722745.0}
S03R {"event":"input_send","index":1,"move":1.0,"role":"client","sample_ticks_ms":562,"sample_wall_ms":1791529722759.0,"send_ticks_ms":562,"send_wall_ms":1791529722759.0,"sequence":4,"time_ms":562,"turn":0.0,"wall_ms":1791529722759.0}
S03R {"entity":1,"event":"apply","pose":{"control":1,"durable":2,"entity":1,"position":[0.0,0.00100011611357331,6.0],"receipt_ms":549,"sequence":3,"tick":48,"velocity":[0.0,0.0,0.0],"yaw":0.0},"position":[0.0,0.00100011611357331,6.0],"time_ms":564,"wall_ms":1791529722761.0,"yaw":0.0}
S03R {"entity":2,"event":"apply","pose":{"control":1,"durable":2,"entity":2,"position":[6.0,0.00100005290005356,13.5833349227905],"receipt_ms":549,"sequence":3,"tick":48,"velocity":[0.0,0.0,-5.0],"yaw":0.0},"position":[6.0,0.00100005290005356,13.5833349227905],"time_ms":567,"wall_ms":1791529722764.0,"yaw":0.0}
S03R {"event":"input_send","index":1,"move":1.0,"role":"client","sample_ticks_ms":596,"sample_wall_ms":1791529722794.0,"send_ticks_ms":596,"send_wall_ms":1791529722794.0,"sequence":5,"time_ms":596,"turn":0.0,"wall_ms":1791529722794.0}
S03R {"event":"state_receive","role":"client","rows":[{"entity":1,"sequence":5,"tick":51},{"entity":2,"sequence":4,"tick":51}],"time_ms":600,"wall_ms":1791529722797.0}
S03R {"entity":1,"event":"apply","pose":{"control":1,"durable":2,"entity":1,"position":[0.0,0.00100011611357331,6.0],"receipt_ms":600,"sequence":5,"tick":51,"velocity":[0.0,0.0,0.0],"yaw":0.0},"position":[0.0,0.00100011611357331,6.0],"time_ms":617,"wall_ms":1791529722814.0,"yaw":0.0}
S03R {"entity":2,"event":"apply","pose":{"control":1,"durable":2,"entity":2,"position":[6.0,0.00100005290005356,13.3333358764648],"receipt_ms":600,"sequence":4,"tick":51,"velocity":[0.0,0.0,-5.0],"yaw":0.0},"position":[6.0,0.00100005290005356,13.3333358764648],"time_ms":619,"wall_ms":1791529722817.0,"yaw":0.0}
S03R {"event":"keys","move":0.0,"role":"client","tick":12,"time_ms":631,"turn":0.0,"wall_ms":1791529722828.0}
S03R {"event":"state_receive","role":"client","rows":[{"entity":1,"sequence":6,"tick":54},{"entity":2,"sequence":5,"tick":54}],"time_ms":652,"wall_ms":1791529722849.0}
S03R {"entity":1,"event":"apply","pose":{"control":1,"durable":2,"entity":1,"position":[0.0,0.00100011611357331,6.0],"receipt_ms":652,"sequence":6,"tick":54,"velocity":[0.0,0.0,0.0],"yaw":0.0},"position":[0.0,0.00100011611357331,6.0],"time_ms":665,"wall_ms":1791529722863.0,"yaw":0.0}
S03R {"entity":2,"event":"apply","pose":{"control":1,"durable":2,"entity":2,"position":[6.0,0.00100005290005356,13.0833368301392],"receipt_ms":652,"sequence":5,"tick":54,"velocity":[0.0,0.0,-5.0],"yaw":0.0},"position":[6.0,0.00100005290005356,13.0833368301392],"time_ms":668,"wall_ms":1791529722864.0,"yaw":0.0}
S03R {"event":"state_receive","role":"client","rows":[{"entity":1,"sequence":8,"tick":57},{"entity":2,"sequence":7,"tick":57}],"time_ms":700,"wall_ms":1791529722897.0}
S03R {"entity":1,"event":"apply","pose":{"control":1,"durable":2,"entity":1,"position":[0.0,0.00100011611357331,6.0],"receipt_ms":700,"sequence":8,"tick":57,"velocity":[0.0,0.0,0.0],"yaw":0.0},"position":[0.0,0.00100011611357331,6.0],"time_ms":714,"wall_ms":1791529722910.0,"yaw":0.0}
S03R {"entity":2,"event":"apply","pose":{"control":1,"durable":2,"entity":2,"position":[6.0,0.00100005290005356,13.0833368301392],"receipt_ms":700,"sequence":7,"tick":57,"velocity":[0.0,0.0,0.0],"yaw":0.0},"position":[6.0,0.00100005290005356,13.0833368301392],"time_ms":716,"wall_ms":1791529722913.0,"yaw":0.0}
S03R {"event":"state_receive","role":"client","rows":[{"entity":1,"sequence":9,"tick":60},{"entity":2,"sequence":8,"tick":60}],"time_ms":755,"wall_ms":1791529722952.0}
S03R {"entity":1,"event":"apply","pose":{"control":1,"durable":2,"entity":1,"position":[0.0,0.00100011611357331,6.0],"receipt_ms":755,"sequence":9,"tick":60,"velocity":[0.0,0.0,0.0],"yaw":0.0},"position":[0.0,0.00100011611357331,6.0],"time_ms":769,"wall_ms":1791529722967.0,"yaw":0.0}
S03R {"entity":2,"event":"apply","pose":{"control":1,"durable":2,"entity":2,"position":[6.0,0.00100005290005356,13.0833368301392],"receipt_ms":755,"sequence":8,"tick":60,"velocity":[0.0,0.0,0.0],"yaw":0.0},"position":[6.0,0.00100005290005356,13.0833368301392],"time_ms":771,"wall_ms":1791529722968.0,"yaw":0.0}
S03R {"event":"state_receive","role":"client","rows":[{"entity":1,"sequence":11,"tick":63},{"entity":2,"sequence":9,"tick":63}],"time_ms":790,"wall_ms":1791529722986.0}
S03R {"entity":1,"event":"apply","pose":{"control":1,"durable":2,"entity":1,"position":[0.0,0.00100011611357331,6.0],"receipt_ms":790,"sequence":11,"tick":63,"velocity":[0.0,0.0,0.0],"yaw":0.0},"position":[0.0,0.00100011611357331,6.0],"time_ms":797,"wall_ms":1791529722994.0,"yaw":0.0}
S03R {"entity":2,"event":"apply","pose":{"control":1,"durable":2,"entity":2,"position":[6.0,0.00100005290005356,13.0833368301392],"receipt_ms":790,"sequence":9,"tick":63,"velocity":[0.0,0.0,0.0],"yaw":0.0},"position":[6.0,0.00100005290005356,13.0833368301392],"time_ms":799,"wall_ms":1791529722996.0,"yaw":0.0}
S03R {"event":"state_receive","role":"client","rows":[{"entity":1,"sequence":12,"tick":66},{"entity":2,"sequence":11,"tick":66}],"time_ms":838,"wall_ms":1791529723034.0}
S03R {"entity":1,"event":"apply","pose":{"control":1,"durable":2,"entity":1,"position":[0.0,0.00100011611357331,6.0],"receipt_ms":838,"sequence":12,"tick":66,"velocity":[0.0,0.0,0.0],"yaw":0.0},"position":[0.0,0.00100011611357331,6.0],"time_ms":852,"wall_ms":1791529723049.0,"yaw":0.0}
S03R {"entity":2,"event":"apply","pose":{"control":1,"durable":2,"entity":2,"position":[6.0,0.00100005290005356,13.0833368301392],"receipt_ms":838,"sequence":11,"tick":66,"velocity":[0.0,0.0,0.0],"yaw":0.0},"position":[6.0,0.00100005290005356,13.0833368301392],"time_ms":854,"wall_ms":1791529723052.0,"yaw":0.0}
S03R {"event":"state_receive","role":"client","rows":[{"entity":1,"sequence":14,"tick":69},{"entity":2,"sequence":12,"tick":69}],"time_ms":887,"wall_ms":1791529723084.0}
S03R {"entity":1,"event":"apply","pose":{"control":1,"durable":2,"entity":1,"position":[0.0,0.00100011611357331,6.0],"receipt_ms":887,"sequence":14,"tick":69,"velocity":[0.0,0.0,0.0],"yaw":0.0},"position":[0.0,0.00100011611357331,6.0],"time_ms":900,"wall_ms":1791529723097.0,"yaw":0.0}
S03R {"entity":2,"event":"apply","pose":{"control":1,"durable":2,"entity":2,"position":[6.0,0.00100005290005356,13.0833368301392],"receipt_ms":887,"sequence":12,"tick":69,"velocity":[0.0,0.0,0.0],"yaw":0.0},"position":[6.0,0.00100005290005356,13.0833368301392],"time_ms":902,"wall_ms":1791529723100.0,"yaw":0.0}
S03R {"event":"input","index":2,"move":0.0,"position":[6.0,0.00100005290005356,13.0833368301392],"role":"client","sequence_floor":15,"tick":30,"time_ms":934,"turn":1.0,"wall_ms":1791529723132.0,"yaw":0.0}
S03R {"event":"keys","move":0.0,"role":"client","tick":30,"time_ms":937,"turn":1.0,"wall_ms":1791529723134.0}
S03R {"event":"input_send","index":2,"move":0.0,"role":"client","sample_ticks_ms":939,"sample_wall_ms":1791529723136.0,"send_ticks_ms":939,"send_wall_ms":1791529723136.0,"sequence":15,"time_ms":939,"turn":1.0,"wall_ms":1791529723136.0}
S03R {"event":"state_receive","role":"client","rows":[{"entity":1,"sequence":15,"tick":72},{"entity":2,"sequence":14,"tick":72}],"time_ms":949,"wall_ms":1791529723146.0}
S03R {"event":"input_send","index":2,"move":0.0,"role":"client","sample_ticks_ms":969,"sample_wall_ms":1791529723166.0,"send_ticks_ms":969,"send_wall_ms":1791529723166.0,"sequence":16,"time_ms":969,"turn":1.0,"wall_ms":1791529723166.0}
S03R {"entity":1,"event":"apply","pose":{"control":1,"durable":2,"entity":1,"position":[0.0,0.00100011611357331,6.0],"receipt_ms":949,"sequence":15,"tick":72,"velocity":[0.0,0.0,0.0],"yaw":0.0},"position":[0.0,0.00100011611357331,6.0],"time_ms":973,"wall_ms":1791529723170.0,"yaw":0.0}
S03R {"entity":2,"event":"apply","pose":{"control":1,"durable":2,"entity":2,"position":[6.0,0.00100005290005356,13.0833368301392],"receipt_ms":949,"sequence":14,"tick":72,"velocity":[0.0,0.0,0.0],"yaw":0.0},"position":[6.0,0.00100005290005356,13.0833368301392],"time_ms":979,"wall_ms":1791529723176.0,"yaw":0.0}
S03R {"event":"input_send","index":2,"move":0.0,"role":"client","sample_ticks_ms":998,"sample_wall_ms":1791529723195.0,"send_ticks_ms":998,"send_wall_ms":1791529723195.0,"sequence":17,"time_ms":998,"turn":1.0,"wall_ms":1791529723195.0}
S03R {"event":"state_receive","role":"client","rows":[{"entity":1,"sequence":17,"tick":75},{"entity":2,"sequence":16,"tick":75}],"time_ms":1002,"wall_ms":1791529723199.0}
S03R {"entity":1,"event":"apply","pose":{"control":1,"durable":2,"entity":1,"position":[0.0,0.00100011611357331,6.0],"receipt_ms":1002,"sequence":17,"tick":75,"velocity":[0.0,0.0,0.0],"yaw":0.0},"position":[0.0,0.00100011611357331,6.0],"time_ms":1019,"wall_ms":1791529723215.0,"yaw":0.0}
S03R {"entity":2,"event":"apply","pose":{"control":1,"durable":2,"entity":2,"position":[6.0,0.00100005290005356,13.0833368301392],"receipt_ms":1002,"sequence":16,"tick":75,"velocity":[0.0,0.0,0.0],"yaw":-0.157079622149467},"position":[6.0,0.00100005290005356,13.0833368301392],"time_ms":1021,"wall_ms":1791529723218.0,"yaw":-0.157079622149467}
S03R {"event":"input_send","index":2,"move":0.0,"role":"client","sample_ticks_ms":1032,"sample_wall_ms":1791529723230.0,"send_ticks_ms":1033,"send_wall_ms":1791529723230.0,"sequence":18,"time_ms":1033,"turn":1.0,"wall_ms":1791529723230.0}
S03R {"event":"state_receive","role":"client","rows":[{"entity":1,"sequence":18,"tick":78},{"entity":2,"sequence":17,"tick":78}],"time_ms":1046,"wall_ms":1791529723243.0}
S03R {"entity":1,"event":"apply","pose":{"control":1,"durable":2,"entity":1,"position":[0.0,0.00100011611357331,6.0],"receipt_ms":1046,"sequence":18,"tick":78,"velocity":[0.0,0.0,0.0],"yaw":0.0},"position":[0.0,0.00100011611357331,6.0],"time_ms":1053,"wall_ms":1791529723250.0,"yaw":0.0}
S03R {"entity":2,"event":"apply","pose":{"control":1,"durable":2,"entity":2,"position":[6.0,0.00100005290005356,13.0833368301392],"receipt_ms":1046,"sequence":17,"tick":78,"velocity":[0.0,0.0,0.0],"yaw":-0.314159244298935},"position":[6.0,0.00100005290005356,13.0833368301392],"time_ms":1056,"wall_ms":1791529723253.0,"yaw":-0.314159244298935}
S03R {"event":"input_send","index":2,"move":0.0,"role":"client","sample_ticks_ms":1067,"sample_wall_ms":1791529723264.0,"send_ticks_ms":1067,"send_wall_ms":1791529723264.0,"sequence":19,"time_ms":1067,"turn":1.0,"wall_ms":1791529723264.0}
S03R {"event":"state_receive","role":"client","rows":[{"entity":1,"sequence":20,"tick":81},{"entity":2,"sequence":19,"tick":81}],"time_ms":1095,"wall_ms":1791529723292.0}
S03R {"event":"input_send","index":2,"move":0.0,"role":"client","sample_ticks_ms":1101,"sample_wall_ms":1791529723299.0,"send_ticks_ms":1101,"send_wall_ms":1791529723299.0,"sequence":20,"time_ms":1102,"turn":1.0,"wall_ms":1791529723299.0}
S03R {"entity":1,"event":"apply","pose":{"control":1,"durable":2,"entity":1,"position":[0.0,0.00100011611357331,6.0],"receipt_ms":1095,"sequence":20,"tick":81,"velocity":[0.0,0.0,0.0],"yaw":0.0},"position":[0.0,0.00100011611357331,6.0],"time_ms":1104,"wall_ms":1791529723300.0,"yaw":0.0}
S03R {"entity":2,"event":"apply","pose":{"control":1,"durable":2,"entity":2,"position":[6.0,0.00100005290005356,13.0833368301392],"receipt_ms":1095,"sequence":19,"tick":81,"velocity":[0.0,0.0,0.0],"yaw":-0.471238851547241},"position":[6.0,0.00100005290005356,13.0833368301392],"time_ms":1109,"wall_ms":1791529723306.0,"yaw":-0.471238851547241}
S03R {"event":"keys","move":0.0,"role":"client","tick":42,"time_ms":1136,"turn":0.0,"wall_ms":1791529723333.0}
S03R {"event":"state_receive","role":"client","rows":[{"entity":1,"sequence":21,"tick":84},{"entity":2,"sequence":20,"tick":84}],"time_ms":1150,"wall_ms":1791529723347.0}
S03R {"entity":1,"event":"apply","pose":{"control":1,"durable":2,"entity":1,"position":[0.0,0.00100011611357331,6.0],"receipt_ms":1150,"sequence":21,"tick":84,"velocity":[0.0,0.0,0.0],"yaw":0.0},"position":[0.0,0.00100011611357331,6.0],"time_ms":1164,"wall_ms":1791529723361.0,"yaw":0.0}
S03R {"entity":2,"event":"apply","pose":{"control":1,"durable":2,"entity":2,"position":[6.0,0.00100005290005356,13.0833368301392],"receipt_ms":1150,"sequence":20,"tick":84,"velocity":[0.0,0.0,0.0],"yaw":-0.628318548202515},"position":[6.0,0.00100005290005356,13.0833368301392],"time_ms":1166,"wall_ms":1791529723363.0,"yaw":-0.628318548202515}
S03R {"event":"state_receive","role":"client","rows":[{"entity":1,"sequence":23,"tick":87},{"entity":2,"sequence":22,"tick":87}],"time_ms":1199,"wall_ms":1791529723396.0}
S03R {"entity":1,"event":"apply","pose":{"control":1,"durable":2,"entity":1,"position":[0.0,0.00100011611357331,6.0],"receipt_ms":1199,"sequence":23,"tick":87,"velocity":[0.0,0.0,0.0],"yaw":0.0},"position":[0.0,0.00100011611357331,6.0],"time_ms":1219,"wall_ms":1791529723416.0,"yaw":0.0}
S03R {"entity":2,"event":"apply","pose":{"control":1,"durable":2,"entity":2,"position":[6.0,0.00100005290005356,13.0833368301392],"receipt_ms":1199,"sequence":22,"tick":87,"velocity":[0.0,0.0,0.0],"yaw":-0.628318548202515},"position":[6.0,0.00100005290005356,13.0833368301392],"time_ms":1221,"wall_ms":1791529723418.0,"yaw":-0.628318548202515}
S03R {"event":"state_receive","role":"client","rows":[{"entity":1,"sequence":24,"tick":90},{"entity":2,"sequence":23,"tick":90}],"time_ms":1247,"wall_ms":1791529723444.0}
S03R {"entity":1,"event":"apply","pose":{"control":1,"durable":2,"entity":1,"position":[0.0,0.00100011611357331,6.0],"receipt_ms":1247,"sequence":24,"tick":90,"velocity":[0.0,0.0,0.0],"yaw":0.0},"position":[0.0,0.00100011611357331,6.0],"time_ms":1267,"wall_ms":1791529723464.0,"yaw":0.0}
S03R {"entity":2,"event":"apply","pose":{"control":1,"durable":2,"entity":2,"position":[6.0,0.00100005290005356,13.0833368301392],"receipt_ms":1247,"sequence":23,"tick":90,"velocity":[0.0,0.0,0.0],"yaw":-0.628318548202515},"position":[6.0,0.00100005290005356,13.0833368301392],"time_ms":1270,"wall_ms":1791529723468.0,"yaw":-0.628318548202515}
S03R {"event":"state_receive","role":"client","rows":[{"entity":1,"sequence":26,"tick":93},{"entity":2,"sequence":25,"tick":93}],"time_ms":1295,"wall_ms":1791529723492.0}
S03R {"entity":1,"event":"apply","pose":{"control":1,"durable":2,"entity":1,"position":[0.0,0.00100011611357331,6.0],"receipt_ms":1295,"sequence":26,"tick":93,"velocity":[0.0,0.0,0.0],"yaw":0.0},"position":[0.0,0.00100011611357331,6.0],"time_ms":1302,"wall_ms":1791529723499.0,"yaw":0.0}
S03R {"entity":2,"event":"apply","pose":{"control":1,"durable":2,"entity":2,"position":[6.0,0.00100005290005356,13.0833368301392],"receipt_ms":1295,"sequence":25,"tick":93,"velocity":[0.0,0.0,0.0],"yaw":-0.628318548202515},"position":[6.0,0.00100005290005356,13.0833368301392],"time_ms":1304,"wall_ms":1791529723501.0,"yaw":-0.628318548202515}
S03R {"event":"state_receive","role":"client","rows":[{"entity":1,"sequence":27,"tick":96},{"entity":2,"sequence":26,"tick":96}],"time_ms":1343,"wall_ms":1791529723540.0}
S03R {"entity":1,"event":"apply","pose":{"control":1,"durable":2,"entity":1,"position":[0.0,0.00100011611357331,6.0],"receipt_ms":1343,"sequence":27,"tick":96,"velocity":[0.0,0.0,0.0],"yaw":0.0},"position":[0.0,0.00100011611357331,6.0],"time_ms":1350,"wall_ms":1791529723547.0,"yaw":0.0}
S03R {"entity":2,"event":"apply","pose":{"control":1,"durable":2,"entity":2,"position":[6.0,0.00100005290005356,13.0833368301392],"receipt_ms":1343,"sequence":26,"tick":96,"velocity":[0.0,0.0,0.0],"yaw":-0.628318548202515},"position":[6.0,0.00100005290005356,13.0833368301392],"time_ms":1352,"wall_ms":1791529723550.0,"yaw":-0.628318548202515}
S03R {"event":"state_receive","role":"client","rows":[{"entity":1,"sequence":29,"tick":99},{"entity":2,"sequence":28,"tick":99}],"time_ms":1399,"wall_ms":1791529723595.0}
S03R {"entity":1,"event":"apply","pose":{"control":1,"durable":2,"entity":1,"position":[0.0,0.00100011611357331,6.0],"receipt_ms":1399,"sequence":29,"tick":99,"velocity":[0.0,0.0,0.0],"yaw":0.0},"position":[0.0,0.00100011611357331,6.0],"time_ms":1419,"wall_ms":1791529723616.0,"yaw":0.0}
S03R {"entity":2,"event":"apply","pose":{"control":1,"durable":2,"entity":2,"position":[6.0,0.00100005290005356,13.0833368301392],"receipt_ms":1399,"sequence":28,"tick":99,"velocity":[0.0,0.0,0.0],"yaw":-0.628318548202515},"position":[6.0,0.00100005290005356,13.0833368301392],"time_ms":1421,"wall_ms":1791529723619.0,"yaw":-0.628318548202515}
S03R {"event":"input","index":3,"move":1.0,"position":[6.0,0.00100005290005356,13.0833368301392],"role":"client","sequence_floor":30,"tick":60,"time_ms":1433,"turn":0.0,"wall_ms":1791529723630.0,"yaw":-0.628318548202515}
S03R {"event":"keys","move":1.0,"role":"client","tick":60,"time_ms":1437,"turn":0.0,"wall_ms":1791529723633.0}
S03R {"event":"input_send","index":3,"move":1.0,"role":"client","sample_ticks_ms":1441,"sample_wall_ms":1791529723638.0,"send_ticks_ms":1441,"send_wall_ms":1791529723639.0,"sequence":30,"time_ms":1441,"turn":0.0,"wall_ms":1791529723639.0}
S03R {"event":"state_receive","role":"client","rows":[{"entity":1,"sequence":30,"tick":102},{"entity":2,"sequence":29,"tick":102}],"time_ms":1446,"wall_ms":1791529723644.0}
S03R {"entity":1,"event":"apply","pose":{"control":1,"durable":2,"entity":1,"position":[0.0,0.00100011611357331,6.0],"receipt_ms":1446,"sequence":30,"tick":102,"velocity":[0.0,0.0,0.0],"yaw":0.0},"position":[0.0,0.00100011611357331,6.0],"time_ms":1450,"wall_ms":1791529723647.0,"yaw":0.0}
S03R {"entity":2,"event":"apply","pose":{"control":1,"durable":2,"entity":2,"position":[6.0,0.00100005290005356,13.0833368301392],"receipt_ms":1446,"sequence":29,"tick":102,"velocity":[0.0,0.0,0.0],"yaw":-0.628318548202515},"position":[6.0,0.00100005290005356,13.0833368301392],"time_ms":1454,"wall_ms":1791529723651.0,"yaw":-0.628318548202515}
S03R {"event":"input_send","index":3,"move":1.0,"role":"client","sample_ticks_ms":1471,"sample_wall_ms":1791529723668.0,"send_ticks_ms":1471,"send_wall_ms":1791529723668.0,"sequence":31,"time_ms":1471,"turn":0.0,"wall_ms":1791529723668.0}
S03R {"event":"state_receive","role":"client","rows":[{"entity":1,"sequence":32,"tick":105},{"entity":2,"sequence":31,"tick":105}],"time_ms":1498,"wall_ms":1791529723695.0}
S03R {"event":"input_send","index":3,"move":1.0,"role":"client","sample_ticks_ms":1505,"sample_wall_ms":1791529723702.0,"send_ticks_ms":1505,"send_wall_ms":1791529723703.0,"sequence":32,"time_ms":1505,"turn":0.0,"wall_ms":1791529723703.0}
S03R {"entity":1,"event":"apply","pose":{"control":1,"durable":2,"entity":1,"position":[0.0,0.00100011611357331,6.0],"receipt_ms":1498,"sequence":32,"tick":105,"velocity":[0.0,0.0,0.0],"yaw":0.0},"position":[0.0,0.00100011611357331,6.0],"time_ms":1508,"wall_ms":1791529723705.0,"yaw":0.0}
S03R {"entity":2,"event":"apply","pose":{"control":1,"durable":2,"entity":2,"position":[6.1469464302063,0.00100005290005356,12.88108253479],"receipt_ms":1498,"sequence":31,"tick":105,"velocity":[2.93892574310303,0.0,-4.04508447647095],"yaw":-0.628318548202515},"position":[6.1469464302063,0.00100005290005356,12.88108253479],"time_ms":1512,"wall_ms":1791529723709.0,"yaw":-0.628318548202515}
S03R {"event":"input_send","index":3,"move":1.0,"role":"client","sample_ticks_ms":1533,"sample_wall_ms":1791529723730.0,"send_ticks_ms":1533,"send_wall_ms":1791529723730.0,"sequence":33,"time_ms":1533,"turn":0.0,"wall_ms":1791529723730.0}
S03R {"event":"state_receive","role":"client","rows":[{"entity":1,"sequence":33,"tick":108},{"entity":2,"sequence":32,"tick":108}],"time_ms":1547,"wall_ms":1791529723744.0}
S03R {"entity":1,"event":"apply","pose":{"control":1,"durable":2,"entity":1,"position":[0.0,0.00100011611357331,6.0],"receipt_ms":1547,"sequence":33,"tick":108,"velocity":[0.0,0.0,0.0],"yaw":0.0},"position":[0.0,0.00100011611357331,6.0],"time_ms":1553,"wall_ms":1791529723751.0,"yaw":0.0}
S03R {"entity":2,"event":"apply","pose":{"control":1,"durable":2,"entity":2,"position":[6.2938928604126,0.00100005290005356,12.6788282394409],"receipt_ms":1547,"sequence":32,"tick":108,"velocity":[2.93892574310303,0.0,-4.04508447647095],"yaw":-0.628318548202515},"position":[6.2938928604126,0.00100005290005356,12.6788282394409],"time_ms":1556,"wall_ms":1791529723753.0,"yaw":-0.628318548202515}
S03R {"event":"input_send","index":3,"move":1.0,"role":"client","sample_ticks_ms":1567,"sample_wall_ms":1791529723764.0,"send_ticks_ms":1567,"send_wall_ms":1791529723764.0,"sequence":34,"time_ms":1567,"turn":0.0,"wall_ms":1791529723764.0}
S03R {"event":"input_send","index":3,"move":1.0,"role":"client","sample_ticks_ms":1602,"sample_wall_ms":1791529723799.0,"send_ticks_ms":1602,"send_wall_ms":1791529723799.0,"sequence":35,"time_ms":1602,"turn":0.0,"wall_ms":1791529723799.0}
S03R {"event":"state_receive","role":"client","rows":[{"entity":1,"sequence":35,"tick":111},{"entity":2,"sequence":34,"tick":111}],"time_ms":1605,"wall_ms":1791529723802.0}
S03R {"entity":1,"event":"apply","pose":{"control":1,"durable":2,"entity":1,"position":[0.0,0.00100011611357331,6.0],"receipt_ms":1605,"sequence":35,"tick":111,"velocity":[0.0,0.0,0.0],"yaw":0.0},"position":[0.0,0.00100011611357331,6.0],"time_ms":1615,"wall_ms":1791529723813.0,"yaw":0.0}
S03R {"entity":2,"event":"apply","pose":{"control":1,"durable":2,"entity":2,"position":[6.4408392906189,0.00100005290005356,12.4765739440918],"receipt_ms":1605,"sequence":34,"tick":111,"velocity":[2.93892574310303,0.0,-4.04508447647095],"yaw":-0.628318548202515},"position":[6.4408392906189,0.00100005290005356,12.4765739440918],"time_ms":1618,"wall_ms":1791529723815.0,"yaw":-0.628318548202515}
S03R {"event":"keys","move":0.0,"role":"client","tick":72,"time_ms":1636,"turn":0.0,"wall_ms":1791529723833.0}
S03R {"event":"state_receive","role":"client","rows":[{"entity":1,"sequence":36,"tick":114},{"entity":2,"sequence":35,"tick":114}],"time_ms":1650,"wall_ms":1791529723847.0}
S03R {"entity":1,"event":"apply","pose":{"control":1,"durable":2,"entity":1,"position":[0.0,0.00100011611357331,6.0],"receipt_ms":1650,"sequence":36,"tick":114,"velocity":[0.0,0.0,0.0],"yaw":0.0},"position":[0.0,0.00100011611357331,6.0],"time_ms":1671,"wall_ms":1791529723868.0,"yaw":0.0}
S03R {"entity":2,"event":"apply","pose":{"control":1,"durable":2,"entity":2,"position":[6.5877857208252,0.00100005290005356,12.2743196487427],"receipt_ms":1650,"sequence":35,"tick":114,"velocity":[2.93892574310303,0.0,-4.04508447647095],"yaw":-0.628318548202515},"position":[6.5877857208252,0.00100005290005356,12.2743196487427],"time_ms":1673,"wall_ms":1791529723871.0,"yaw":-0.628318548202515}
S03R {"event":"state_receive","role":"client","rows":[{"entity":1,"sequence":38,"tick":117},{"entity":2,"sequence":37,"tick":117}],"time_ms":1699,"wall_ms":1791529723896.0}
S03R {"entity":1,"event":"apply","pose":{"control":1,"durable":2,"entity":1,"position":[0.0,0.00100011611357331,6.0],"receipt_ms":1699,"sequence":38,"tick":117,"velocity":[0.0,0.0,0.0],"yaw":0.0},"position":[0.0,0.00100011611357331,6.0],"time_ms":1719,"wall_ms":1791529723917.0,"yaw":0.0}
S03R {"entity":2,"event":"apply","pose":{"control":1,"durable":2,"entity":2,"position":[6.5877857208252,0.00100005290005356,12.2743196487427],"receipt_ms":1699,"sequence":37,"tick":117,"velocity":[0.0,0.0,0.0],"yaw":-0.628318548202515},"position":[6.5877857208252,0.00100005290005356,12.2743196487427],"time_ms":1734,"wall_ms":1791529723930.0,"yaw":-0.628318548202515}
S03R {"event":"state_receive","role":"client","rows":[{"entity":1,"sequence":39,"tick":120},{"entity":2,"sequence":38,"tick":120}],"time_ms":1746,"wall_ms":1791529723942.0}
S03R {"entity":1,"event":"apply","pose":{"control":1,"durable":2,"entity":1,"position":[0.0,0.00100011611357331,6.0],"receipt_ms":1746,"sequence":39,"tick":120,"velocity":[0.0,0.0,0.0],"yaw":0.0},"position":[0.0,0.00100011611357331,6.0],"time_ms":1759,"wall_ms":1791529723957.0,"yaw":0.0}
S03R {"entity":2,"event":"apply","pose":{"control":1,"durable":2,"entity":2,"position":[6.5877857208252,0.00100005290005356,12.2743196487427],"receipt_ms":1746,"sequence":38,"tick":120,"velocity":[0.0,0.0,0.0],"yaw":-0.628318548202515},"position":[6.5877857208252,0.00100005290005356,12.2743196487427],"time_ms":1763,"wall_ms":1791529723960.0,"yaw":-0.628318548202515}
S03R {"event":"state_receive","role":"client","rows":[{"entity":1,"sequence":41,"tick":123},{"entity":2,"sequence":40,"tick":123}],"time_ms":1808,"wall_ms":1791529724005.0}
S03R {"entity":1,"event":"apply","pose":{"control":1,"durable":2,"entity":1,"position":[0.0,0.00100011611357331,6.0],"receipt_ms":1808,"sequence":41,"tick":123,"velocity":[0.0,0.0,0.0],"yaw":0.0},"position":[0.0,0.00100011611357331,6.0],"time_ms":1821,"wall_ms":1791529724019.0,"yaw":0.0}
S03R {"entity":2,"event":"apply","pose":{"control":1,"durable":2,"entity":2,"position":[6.5877857208252,0.00100005290005356,12.2743196487427],"receipt_ms":1808,"sequence":40,"tick":123,"velocity":[0.0,0.0,0.0],"yaw":-0.628318548202515},"position":[6.5877857208252,0.00100005290005356,12.2743196487427],"time_ms":1824,"wall_ms":1791529724021.0,"yaw":-0.628318548202515}
S03R {"event":"state_receive","role":"client","rows":[{"entity":1,"sequence":42,"tick":126},{"entity":2,"sequence":42,"tick":126}],"time_ms":1856,"wall_ms":1791529724054.0}
S03R {"entity":1,"event":"apply","pose":{"control":1,"durable":2,"entity":1,"position":[0.0,0.00100011611357331,6.0],"receipt_ms":1856,"sequence":42,"tick":126,"velocity":[0.0,0.0,0.0],"yaw":0.0},"position":[0.0,0.00100011611357331,6.0],"time_ms":1876,"wall_ms":1791529724073.0,"yaw":0.0}
S03R {"entity":2,"event":"apply","pose":{"control":1,"durable":2,"entity":2,"position":[6.5877857208252,0.00100005290005356,12.2743196487427],"receipt_ms":1856,"sequence":42,"tick":126,"velocity":[0.0,0.0,0.0],"yaw":-0.628318548202515},"position":[6.5877857208252,0.00100005290005356,12.2743196487427],"time_ms":1879,"wall_ms":1791529724076.0,"yaw":-0.628318548202515}
S03R {"event":"state_receive","role":"client","rows":[{"entity":1,"sequence":44,"tick":129},{"entity":2,"sequence":43,"tick":129}],"time_ms":1891,"wall_ms":1791529724088.0}
S03R {"entity":1,"event":"apply","pose":{"control":1,"durable":2,"entity":1,"position":[0.0,0.00100011611357331,6.0],"receipt_ms":1891,"sequence":44,"tick":129,"velocity":[0.0,0.0,0.0],"yaw":0.0},"position":[0.0,0.00100011611357331,6.0],"time_ms":1911,"wall_ms":1791529724108.0,"yaw":0.0}
S03R {"entity":2,"event":"apply","pose":{"control":1,"durable":2,"entity":2,"position":[6.5877857208252,0.00100005290005356,12.2743196487427],"receipt_ms":1891,"sequence":43,"tick":129,"velocity":[0.0,0.0,0.0],"yaw":-0.628318548202515},"position":[6.5877857208252,0.00100005290005356,12.2743196487427],"time_ms":1914,"wall_ms":1791529724111.0,"yaw":-0.628318548202515}
S03R {"event":"input","index":4,"move":0.0,"position":[6.5877857208252,0.00100005290005356,12.2743196487427],"role":"client","sequence_floor":45,"tick":90,"time_ms":1925,"turn":-1.0,"wall_ms":1791529724122.0,"yaw":-0.628318548202515}
S03R {"event":"keys","move":0.0,"role":"client","tick":90,"time_ms":1927,"turn":-1.0,"wall_ms":1791529724124.0}
S03R {"event":"input_send","index":4,"move":0.0,"role":"client","sample_ticks_ms":1931,"sample_wall_ms":1791529724128.0,"send_ticks_ms":1932,"send_wall_ms":1791529724128.0,"sequence":45,"time_ms":1932,"turn":-1.0,"wall_ms":1791529724128.0}
S03R {"event":"state_receive","role":"client","rows":[{"entity":1,"sequence":45,"tick":132},{"entity":2,"sequence":44,"tick":132}],"time_ms":1937,"wall_ms":1791529724134.0}
S03R {"entity":1,"event":"apply","pose":{"control":1,"durable":2,"entity":1,"position":[0.0,0.00100011611357331,6.0],"receipt_ms":1937,"sequence":45,"tick":132,"velocity":[0.0,0.0,0.0],"yaw":0.0},"position":[0.0,0.00100011611357331,6.0],"time_ms":1947,"wall_ms":1791529724145.0,"yaw":0.0}
S03R {"entity":2,"event":"apply","pose":{"control":1,"durable":2,"entity":2,"position":[6.5877857208252,0.00100005290005356,12.2743196487427],"receipt_ms":1937,"sequence":44,"tick":132,"velocity":[0.0,0.0,0.0],"yaw":-0.628318548202515},"position":[6.5877857208252,0.00100005290005356,12.2743196487427],"time_ms":1951,"wall_ms":1791529724148.0,"yaw":-0.628318548202515}
S03R {"event":"input_send","index":4,"move":0.0,"role":"client","sample_ticks_ms":1961,"sample_wall_ms":1791529724158.0,"send_ticks_ms":1961,"send_wall_ms":1791529724159.0,"sequence":46,"time_ms":1961,"turn":-1.0,"wall_ms":1791529724159.0}
S03R {"event":"state_receive","role":"client","rows":[{"entity":1,"sequence":47,"tick":135},{"entity":2,"sequence":46,"tick":135}],"time_ms":1989,"wall_ms":1791529724186.0}
S03R {"event":"input_send","index":4,"move":0.0,"role":"client","sample_ticks_ms":1996,"sample_wall_ms":1791529724193.0,"send_ticks_ms":1996,"send_wall_ms":1791529724193.0,"sequence":47,"time_ms":1996,"turn":-1.0,"wall_ms":1791529724193.0}
S03R {"entity":1,"event":"apply","pose":{"control":1,"durable":2,"entity":1,"position":[0.0,0.00100011611357331,6.0],"receipt_ms":1989,"sequence":47,"tick":135,"velocity":[0.0,0.0,0.0],"yaw":0.0},"position":[0.0,0.00100011611357331,6.0],"time_ms":1998,"wall_ms":1791529724195.0,"yaw":0.0}
S03R {"entity":2,"event":"apply","pose":{"control":1,"durable":2,"entity":2,"position":[6.5877857208252,0.00100005290005356,12.2743196487427],"receipt_ms":1989,"sequence":46,"tick":135,"velocity":[0.0,0.0,0.0],"yaw":-0.471238911151886},"position":[6.5877857208252,0.00100005290005356,12.2743196487427],"time_ms":2003,"wall_ms":1791529724200.0,"yaw":-0.471238911151886}
S03R {"event":"input_send","index":4,"move":0.0,"role":"client","sample_ticks_ms":2030,"sample_wall_ms":1791529724227.0,"send_ticks_ms":2030,"send_wall_ms":1791529724228.0,"sequence":48,"time_ms":2030,"turn":-1.0,"wall_ms":1791529724228.0}
S03R {"event":"state_receive","role":"client","rows":[{"entity":1,"sequence":48,"tick":138},{"entity":2,"sequence":47,"tick":138}],"time_ms":2034,"wall_ms":1791529724231.0}
S03R {"entity":1,"event":"apply","pose":{"control":1,"durable":2,"entity":1,"position":[0.0,0.00100011611357331,6.0],"receipt_ms":2034,"sequence":48,"tick":138,"velocity":[0.0,0.0,0.0],"yaw":0.0},"position":[0.0,0.00100011611357331,6.0],"time_ms":2051,"wall_ms":1791529724248.0,"yaw":0.0}
S03R {"entity":2,"event":"apply","pose":{"control":1,"durable":2,"entity":2,"position":[6.5877857208252,0.00100005290005356,12.2743196487427],"receipt_ms":2034,"sequence":47,"tick":138,"velocity":[0.0,0.0,0.0],"yaw":-0.314159244298935},"position":[6.5877857208252,0.00100005290005356,12.2743196487427],"time_ms":2054,"wall_ms":1791529724251.0,"yaw":-0.314159244298935}
S03R {"event":"input_send","index":4,"move":0.0,"role":"client","sample_ticks_ms":2065,"sample_wall_ms":1791529724262.0,"send_ticks_ms":2065,"send_wall_ms":1791529724262.0,"sequence":49,"time_ms":2065,"turn":-1.0,"wall_ms":1791529724262.0}
S03R {"event":"state_receive","role":"client","rows":[{"entity":1,"sequence":50,"tick":141},{"entity":2,"sequence":49,"tick":141}],"time_ms":2086,"wall_ms":1791529724283.0}
S03R {"event":"input_send","index":4,"move":0.0,"role":"client","sample_ticks_ms":2099,"sample_wall_ms":1791529724296.0,"send_ticks_ms":2099,"send_wall_ms":1791529724296.0,"sequence":50,"time_ms":2099,"turn":-1.0,"wall_ms":1791529724296.0}
S03R {"entity":1,"event":"apply","pose":{"control":1,"durable":2,"entity":1,"position":[0.0,0.00100011611357331,6.0],"receipt_ms":2086,"sequence":50,"tick":141,"velocity":[0.0,0.0,0.0],"yaw":0.0},"position":[0.0,0.00100011611357331,6.0],"time_ms":2102,"wall_ms":1791529724299.0,"yaw":0.0}
S03R {"entity":2,"event":"apply","pose":{"control":1,"durable":2,"entity":2,"position":[6.5877857208252,0.00100005290005356,12.2743196487427],"receipt_ms":2086,"sequence":49,"tick":141,"velocity":[0.0,0.0,0.0],"yaw":-0.157079592347145},"position":[6.5877857208252,0.00100005290005356,12.2743196487427],"time_ms":2106,"wall_ms":1791529724302.0,"yaw":-0.157079592347145}
S03R {"event":"keys","move":0.0,"role":"client","tick":102,"time_ms":2134,"turn":0.0,"wall_ms":1791529724330.0}
S03R {"event":"state_receive","role":"client","rows":[{"entity":1,"sequence":51,"tick":144},{"entity":2,"sequence":50,"tick":144}],"time_ms":2137,"wall_ms":1791529724334.0}
S03R {"entity":1,"event":"apply","pose":{"control":1,"durable":2,"entity":1,"position":[0.0,0.00100011611357331,6.0],"receipt_ms":2137,"sequence":51,"tick":144,"velocity":[0.0,0.0,0.0],"yaw":0.0},"position":[0.0,0.00100011611357331,6.0],"time_ms":2148,"wall_ms":1791529724344.0,"yaw":0.0}
S03R {"entity":2,"event":"apply","pose":{"control":1,"durable":2,"entity":2,"position":[6.5877857208252,0.00100005290005356,12.2743196487427],"receipt_ms":2137,"sequence":50,"tick":144,"velocity":[0.0,0.0,0.0],"yaw":0.000000039521147243704},"position":[6.5877857208252,0.00100005290005356,12.2743196487427],"time_ms":2152,"wall_ms":1791529724348.0,"yaw":0.000000039521147243704}
S03R {"event":"state_receive","role":"client","rows":[{"entity":1,"sequence":53,"tick":147},{"entity":2,"sequence":52,"tick":147}],"time_ms":2189,"wall_ms":1791529724386.0}
S03R {"entity":1,"event":"apply","pose":{"control":1,"durable":2,"entity":1,"position":[0.0,0.00100011611357331,6.0],"receipt_ms":2189,"sequence":53,"tick":147,"velocity":[0.0,0.0,0.0],"yaw":0.0},"position":[0.0,0.00100011611357331,6.0],"time_ms":2203,"wall_ms":1791529724400.0,"yaw":0.0}
S03R {"entity":2,"event":"apply","pose":{"control":1,"durable":2,"entity":2,"position":[6.5877857208252,0.00100005290005356,12.2743196487427],"receipt_ms":2189,"sequence":52,"tick":147,"velocity":[0.0,0.0,0.0],"yaw":0.000000039521147243704},"position":[6.5877857208252,0.00100005290005356,12.2743196487427],"time_ms":2208,"wall_ms":1791529724404.0,"yaw":0.000000039521147243704}
S03R {"event":"state_receive","role":"client","rows":[{"entity":1,"sequence":54,"tick":150},{"entity":2,"sequence":53,"tick":150}],"time_ms":2244,"wall_ms":1791529724440.0}
S03R {"entity":1,"event":"apply","pose":{"control":1,"durable":2,"entity":1,"position":[0.0,0.00100011611357331,6.0],"receipt_ms":2244,"sequence":54,"tick":150,"velocity":[0.0,0.0,0.0],"yaw":0.0},"position":[0.0,0.00100011611357331,6.0],"time_ms":2251,"wall_ms":1791529724449.0,"yaw":0.0}
S03R {"entity":2,"event":"apply","pose":{"control":1,"durable":2,"entity":2,"position":[6.5877857208252,0.00100005290005356,12.2743196487427],"receipt_ms":2244,"sequence":53,"tick":150,"velocity":[0.0,0.0,0.0],"yaw":0.000000039521147243704},"position":[6.5877857208252,0.00100005290005356,12.2743196487427],"time_ms":2253,"wall_ms":1791529724450.0,"yaw":0.000000039521147243704}
S03R {"event":"state_receive","role":"client","rows":[{"entity":1,"sequence":56,"tick":153},{"entity":2,"sequence":55,"tick":153}],"time_ms":2286,"wall_ms":1791529724484.0}
S03R {"entity":1,"event":"apply","pose":{"control":1,"durable":2,"entity":1,"position":[0.0,0.00100011611357331,6.0],"receipt_ms":2286,"sequence":56,"tick":153,"velocity":[0.0,0.0,0.0],"yaw":0.0},"position":[0.0,0.00100011611357331,6.0],"time_ms":2299,"wall_ms":1791529724496.0,"yaw":0.0}
S03R {"entity":2,"event":"apply","pose":{"control":1,"durable":2,"entity":2,"position":[6.5877857208252,0.00100005290005356,12.2743196487427],"receipt_ms":2286,"sequence":55,"tick":153,"velocity":[0.0,0.0,0.0],"yaw":0.000000039521147243704},"position":[6.5877857208252,0.00100005290005356,12.2743196487427],"time_ms":2302,"wall_ms":1791529724499.0,"yaw":0.000000039521147243704}
S03R {"event":"state_receive","role":"client","rows":[{"entity":1,"sequence":57,"tick":156},{"entity":2,"sequence":56,"tick":156}],"time_ms":2341,"wall_ms":1791529724538.0}
S03R {"entity":1,"event":"apply","pose":{"control":1,"durable":2,"entity":1,"position":[0.0,0.00100011611357331,6.0],"receipt_ms":2341,"sequence":57,"tick":156,"velocity":[0.0,0.0,0.0],"yaw":0.0},"position":[0.0,0.00100011611357331,6.0],"time_ms":2348,"wall_ms":1791529724544.0,"yaw":0.0}
S03R {"entity":2,"event":"apply","pose":{"control":1,"durable":2,"entity":2,"position":[6.5877857208252,0.00100005290005356,12.2743196487427],"receipt_ms":2341,"sequence":56,"tick":156,"velocity":[0.0,0.0,0.0],"yaw":0.000000039521147243704},"position":[6.5877857208252,0.00100005290005356,12.2743196487427],"time_ms":2350,"wall_ms":1791529724546.0,"yaw":0.000000039521147243704}
S03R {"event":"state_receive","role":"client","rows":[{"entity":1,"sequence":59,"tick":159},{"entity":2,"sequence":58,"tick":159}],"time_ms":2389,"wall_ms":1791529724586.0}
S03R {"entity":1,"event":"apply","pose":{"control":1,"durable":2,"entity":1,"position":[0.0,0.00100011611357331,6.0],"receipt_ms":2389,"sequence":59,"tick":159,"velocity":[0.0,0.0,0.0],"yaw":0.0},"position":[0.0,0.00100011611357331,6.0],"time_ms":2403,"wall_ms":1791529724599.0,"yaw":0.0}
S03R {"entity":2,"event":"apply","pose":{"control":1,"durable":2,"entity":2,"position":[6.5877857208252,0.00100005290005356,12.2743196487427],"receipt_ms":2389,"sequence":58,"tick":159,"velocity":[0.0,0.0,0.0],"yaw":0.000000039521147243704},"position":[6.5877857208252,0.00100005290005356,12.2743196487427],"time_ms":2406,"wall_ms":1791529724602.0,"yaw":0.000000039521147243704}
S03R {"event":"input","index":5,"move":1.0,"position":[6.5877857208252,0.00100005290005356,12.2743196487427],"role":"client","sequence_floor":60,"tick":120,"time_ms":2431,"turn":0.0,"wall_ms":1791529724628.0,"yaw":0.000000039521147243704}
S03R {"event":"keys","move":1.0,"role":"client","tick":120,"time_ms":2433,"turn":0.0,"wall_ms":1791529724631.0}
S03R {"event":"input_send","index":5,"move":1.0,"role":"client","sample_ticks_ms":2438,"sample_wall_ms":1791529724635.0,"send_ticks_ms":2438,"send_wall_ms":1791529724635.0,"sequence":60,"time_ms":2438,"turn":0.0,"wall_ms":1791529724635.0}
S03R {"event":"state_receive","role":"client","rows":[{"entity":1,"sequence":60,"tick":162},{"entity":2,"sequence":59,"tick":162}],"time_ms":2452,"wall_ms":1791529724649.0}
S03R {"event":"input_send","index":5,"move":1.0,"role":"client","sample_ticks_ms":2465,"sample_wall_ms":1791529724662.0,"send_ticks_ms":2465,"send_wall_ms":1791529724663.0,"sequence":61,"time_ms":2465,"turn":0.0,"wall_ms":1791529724663.0}
S03R {"entity":1,"event":"apply","pose":{"control":1,"durable":2,"entity":1,"position":[0.0,0.00100011611357331,6.10000038146973],"receipt_ms":2452,"sequence":60,"tick":162,"velocity":[0.0,0.0,3.0],"yaw":0.0},"position":[0.0,0.00100011611357331,6.10000038146973],"time_ms":2469,"wall_ms":1791529724666.0,"yaw":0.0}
S03R {"entity":2,"event":"apply","pose":{"control":1,"durable":2,"entity":2,"position":[6.5877857208252,0.00100005290005356,12.2743196487427],"receipt_ms":2452,"sequence":59,"tick":162,"velocity":[0.0,0.0,0.0],"yaw":0.000000039521147243704},"position":[6.5877857208252,0.00100005290005356,12.2743196487427],"time_ms":2472,"wall_ms":1791529724669.0,"yaw":0.000000039521147243704}
S03R {"event":"state_receive","role":"client","rows":[{"entity":1,"sequence":62,"tick":165},{"entity":2,"sequence":61,"tick":165}],"time_ms":2493,"wall_ms":1791529724689.0}
S03R {"event":"input_send","index":5,"move":1.0,"role":"client","sample_ticks_ms":2499,"sample_wall_ms":1791529724697.0,"send_ticks_ms":2500,"send_wall_ms":1791529724697.0,"sequence":62,"time_ms":2500,"turn":0.0,"wall_ms":1791529724697.0}
S03R {"entity":1,"event":"apply","pose":{"control":1,"durable":2,"entity":1,"position":[0.0,0.00100011611357331,6.25000095367432],"receipt_ms":2493,"sequence":62,"tick":165,"velocity":[0.0,0.0,3.0],"yaw":0.0},"position":[0.0,0.00100011611357331,6.25000095367432],"time_ms":2503,"wall_ms":1791529724699.0,"yaw":0.0}
S03R {"entity":2,"event":"apply","pose":{"control":1,"durable":2,"entity":2,"position":[6.5877857208252,0.00100005290005356,12.024320602417],"receipt_ms":2493,"sequence":61,"tick":165,"velocity":[-0.000000197605643847965,0.0,-4.99999809265137],"yaw":0.000000039521147243704},"position":[6.5877857208252,0.00100005290005356,12.024320602417],"time_ms":2507,"wall_ms":1791529724704.0,"yaw":0.000000039521147243704}
S03R {"event":"input_send","index":5,"move":1.0,"role":"client","sample_ticks_ms":2534,"sample_wall_ms":1791529724730.0,"send_ticks_ms":2534,"send_wall_ms":1791529724730.0,"sequence":63,"time_ms":2534,"turn":0.0,"wall_ms":1791529724730.0}
S03R {"event":"state_receive","role":"client","rows":[{"entity":1,"sequence":63,"tick":168},{"entity":2,"sequence":62,"tick":168}],"time_ms":2541,"wall_ms":1791529724738.0}
S03R {"entity":1,"event":"apply","pose":{"control":1,"durable":2,"entity":1,"position":[0.0,0.00100011611357331,6.40000152587891],"receipt_ms":2541,"sequence":63,"tick":168,"velocity":[0.0,0.0,3.0],"yaw":0.0},"position":[0.0,0.00100011611357331,6.40000152587891],"time_ms":2548,"wall_ms":1791529724745.0,"yaw":0.0}
S03R {"entity":2,"event":"apply","pose":{"control":1,"durable":2,"entity":2,"position":[6.5877857208252,0.00100005290005356,11.7743215560913],"receipt_ms":2541,"sequence":62,"tick":168,"velocity":[-0.000000197605643847965,0.0,-4.99999809265137],"yaw":0.000000039521147243704},"position":[6.5877857208252,0.00100005290005356,11.7743215560913],"time_ms":2551,"wall_ms":1791529724749.0,"yaw":0.000000039521147243704}
S03R {"event":"input_send","index":5,"move":1.0,"role":"client","sample_ticks_ms":2568,"sample_wall_ms":1791529724765.0,"send_ticks_ms":2569,"send_wall_ms":1791529724765.0,"sequence":64,"time_ms":2569,"turn":0.0,"wall_ms":1791529724765.0}
S03R {"event":"state_receive","role":"client","rows":[{"entity":1,"sequence":65,"tick":171},{"entity":2,"sequence":64,"tick":171}],"time_ms":2596,"wall_ms":1791529724793.0}
S03R {"event":"input_send","index":5,"move":1.0,"role":"client","sample_ticks_ms":2603,"sample_wall_ms":1791529724800.0,"send_ticks_ms":2603,"send_wall_ms":1791529724800.0,"sequence":65,"time_ms":2603,"turn":0.0,"wall_ms":1791529724800.0}
S03R {"entity":1,"event":"apply","pose":{"control":1,"durable":2,"entity":1,"position":[0.0,0.00100011611357331,6.5500020980835],"receipt_ms":2596,"sequence":65,"tick":171,"velocity":[0.0,0.0,3.0],"yaw":0.0},"position":[0.0,0.00100011611357331,6.5500020980835],"time_ms":2605,"wall_ms":1791529724803.0,"yaw":0.0}
S03R {"entity":2,"event":"apply","pose":{"control":1,"durable":2,"entity":2,"position":[6.5877857208252,0.00100005290005356,11.5243225097656],"receipt_ms":2596,"sequence":64,"tick":171,"velocity":[-0.000000197605643847965,0.0,-4.99999809265137],"yaw":0.000000039521147243704},"position":[6.5877857208252,0.00100005290005356,11.5243225097656],"time_ms":2608,"wall_ms":1791529724805.0,"yaw":0.000000039521147243704}
S03R {"event":"keys","move":0.0,"role":"client","tick":132,"time_ms":2631,"turn":0.0,"wall_ms":1791529724828.0}
S03R {"event":"state_receive","role":"client","rows":[{"entity":1,"sequence":66,"tick":174},{"entity":2,"sequence":66,"tick":174}],"time_ms":2666,"wall_ms":1791529724863.0}
S03R {"entity":1,"event":"apply","pose":{"control":1,"durable":2,"entity":1,"position":[0.0,0.00100011611357331,6.70000267028809],"receipt_ms":2666,"sequence":66,"tick":174,"velocity":[0.0,0.0,3.0],"yaw":0.0},"position":[0.0,0.00100011611357331,6.70000267028809],"time_ms":2686,"wall_ms":1791529724884.0,"yaw":0.0}
S03R {"entity":2,"event":"apply","pose":{"control":1,"durable":2,"entity":2,"position":[6.5877857208252,0.00100005290005356,11.3576564788818],"receipt_ms":2666,"sequence":66,"tick":174,"velocity":[0.0,0.0,0.0],"yaw":0.000000039521147243704},"position":[6.5877857208252,0.00100005290005356,11.3576564788818],"time_ms":2689,"wall_ms":1791529724886.0,"yaw":0.000000039521147243704}
S03R {"event":"state_receive","role":"client","rows":[{"entity":1,"sequence":68,"tick":177},{"entity":2,"sequence":67,"tick":177}],"time_ms":2692,"wall_ms":1791529724889.0}
S03R {"entity":1,"event":"apply","pose":{"control":1,"durable":2,"entity":1,"position":[0.0,0.00100011611357331,6.85000324249268],"receipt_ms":2692,"sequence":68,"tick":177,"velocity":[0.0,0.0,3.0],"yaw":0.0},"position":[0.0,0.00100011611357331,6.85000324249268],"time_ms":2700,"wall_ms":1791529724897.0,"yaw":0.0}
S03R {"entity":2,"event":"apply","pose":{"control":1,"durable":2,"entity":2,"position":[6.5877857208252,0.00100005290005356,11.3576564788818],"receipt_ms":2692,"sequence":67,"tick":177,"velocity":[0.0,0.0,0.0],"yaw":0.000000039521147243704},"position":[6.5877857208252,0.00100005290005356,11.3576564788818],"time_ms":2703,"wall_ms":1791529724900.0,"yaw":0.000000039521147243704}
S03R {"event":"state_receive","role":"client","rows":[{"entity":1,"sequence":69,"tick":180},{"entity":2,"sequence":68,"tick":180}],"time_ms":2748,"wall_ms":1791529724945.0}
S03R {"entity":1,"event":"apply","pose":{"control":1,"durable":2,"entity":1,"position":[0.0,0.00100011611357331,7.00000381469727],"receipt_ms":2748,"sequence":69,"tick":180,"velocity":[0.0,0.0,3.0],"yaw":0.0},"position":[0.0,0.00100011611357331,7.00000381469727],"time_ms":2769,"wall_ms":1791529724966.0,"yaw":0.0}
S03R {"entity":2,"event":"apply","pose":{"control":1,"durable":2,"entity":2,"position":[6.5877857208252,0.00100005290005356,11.3576564788818],"receipt_ms":2748,"sequence":68,"tick":180,"velocity":[0.0,0.0,0.0],"yaw":0.000000039521147243704},"position":[6.5877857208252,0.00100005290005356,11.3576564788818],"time_ms":2771,"wall_ms":1791529724968.0,"yaw":0.000000039521147243704}
S03R {"event":"state_receive","role":"client","rows":[{"entity":1,"sequence":71,"tick":183},{"entity":2,"sequence":69,"tick":183}],"time_ms":2789,"wall_ms":1791529724986.0}
S03R {"entity":1,"event":"apply","pose":{"control":1,"durable":2,"entity":1,"position":[0.0,0.00100011611357331,7.15000438690186],"receipt_ms":2789,"sequence":71,"tick":183,"velocity":[0.0,0.0,3.0],"yaw":0.0},"position":[0.0,0.00100011611357331,7.15000438690186],"time_ms":2796,"wall_ms":1791529724994.0,"yaw":0.0}
S03R {"entity":2,"event":"apply","pose":{"control":1,"durable":2,"entity":2,"position":[6.5877857208252,0.00100005290005356,11.3576564788818],"receipt_ms":2789,"sequence":69,"tick":183,"velocity":[0.0,0.0,0.0],"yaw":0.000000039521147243704},"position":[6.5877857208252,0.00100005290005356,11.3576564788818],"time_ms":2801,"wall_ms":1791529724998.0,"yaw":0.000000039521147243704}
S03R {"event":"state_receive","role":"client","rows":[{"entity":1,"sequence":72,"tick":186},{"entity":2,"sequence":71,"tick":186}],"time_ms":2845,"wall_ms":1791529725042.0}
S03R {"entity":1,"event":"apply","pose":{"control":1,"durable":2,"entity":1,"position":[0.0,0.00100011611357331,7.30000495910645],"receipt_ms":2845,"sequence":72,"tick":186,"velocity":[0.0,0.0,3.0],"yaw":0.0},"position":[0.0,0.00100011611357331,7.30000495910645],"time_ms":2851,"wall_ms":1791529725047.0,"yaw":0.0}
S03R {"entity":2,"event":"apply","pose":{"control":1,"durable":2,"entity":2,"position":[6.5877857208252,0.00100005290005356,11.3576564788818],"receipt_ms":2845,"sequence":71,"tick":186,"velocity":[0.0,0.0,0.0],"yaw":0.000000039521147243704},"position":[6.5877857208252,0.00100005290005356,11.3576564788818],"time_ms":2856,"wall_ms":1791529725053.0,"yaw":0.000000039521147243704}
S03R {"event":"state_receive","role":"client","rows":[{"entity":1,"sequence":74,"tick":189},{"entity":2,"sequence":73,"tick":189}],"time_ms":2900,"wall_ms":1791529725098.0}
S03R {"entity":1,"event":"apply","pose":{"control":1,"durable":2,"entity":1,"position":[0.0,0.00100011611357331,7.45000553131104],"receipt_ms":2900,"sequence":74,"tick":189,"velocity":[0.0,0.0,3.0],"yaw":0.0},"position":[0.0,0.00100011611357331,7.45000553131104],"time_ms":2913,"wall_ms":1791529725111.0,"yaw":0.0}
S03R {"entity":2,"event":"apply","pose":{"control":1,"durable":2,"entity":2,"position":[6.5877857208252,0.00100005290005356,11.3576564788818],"receipt_ms":2900,"sequence":73,"tick":189,"velocity":[0.0,0.0,0.0],"yaw":0.000000039521147243704},"position":[6.5877857208252,0.00100005290005356,11.3576564788818],"time_ms":2916,"wall_ms":1791529725113.0,"yaw":0.000000039521147243704}
S03R {"event":"input","index":6,"move":0.0,"position":[6.5877857208252,0.00100005290005356,11.3576564788818],"role":"client","sequence_floor":75,"tick":150,"time_ms":2935,"turn":1.0,"wall_ms":1791529725132.0,"yaw":0.000000039521147243704}
S03R {"event":"keys","move":0.0,"role":"client","tick":150,"time_ms":2939,"turn":1.0,"wall_ms":1791529725136.0}
S03R {"event":"input_send","index":6,"move":0.0,"role":"client","sample_ticks_ms":2945,"sample_wall_ms":1791529725142.0,"send_ticks_ms":2946,"send_wall_ms":1791529725142.0,"sequence":75,"time_ms":2946,"turn":1.0,"wall_ms":1791529725142.0}
S03R {"event":"state_receive","role":"client","rows":[{"entity":1,"sequence":75,"tick":192},{"entity":2,"sequence":74,"tick":192}],"time_ms":2966,"wall_ms":1791529725163.0}
S03R {"event":"input_send","index":6,"move":0.0,"role":"client","sample_ticks_ms":2981,"sample_wall_ms":1791529725179.0,"send_ticks_ms":2982,"send_wall_ms":1791529725179.0,"sequence":76,"time_ms":2982,"turn":1.0,"wall_ms":1791529725179.0}
S03R {"entity":1,"event":"apply","pose":{"control":1,"durable":2,"entity":1,"position":[0.0,0.00100011611357331,7.60000610351563],"receipt_ms":2966,"sequence":75,"tick":192,"velocity":[0.0,0.0,3.0],"yaw":0.0},"position":[0.0,0.00100011611357331,7.60000610351563],"time_ms":2986,"wall_ms":1791529725182.0,"yaw":0.0}
S03R {"entity":2,"event":"apply","pose":{"control":1,"durable":2,"entity":2,"position":[6.5877857208252,0.00100005290005356,11.3576564788818],"receipt_ms":2966,"sequence":74,"tick":192,"velocity":[0.0,0.0,0.0],"yaw":0.000000039521147243704},"position":[6.5877857208252,0.00100005290005356,11.3576564788818],"time_ms":2990,"wall_ms":1791529725188.0,"yaw":0.000000039521147243704}
S03R {"event":"state_receive","role":"client","rows":[{"entity":1,"sequence":77,"tick":195},{"entity":2,"sequence":75,"tick":195}],"time_ms":2995,"wall_ms":1791529725193.0}
S03R {"entity":1,"event":"apply","pose":{"control":1,"durable":2,"entity":1,"position":[0.0,0.00100011611357331,7.75000667572021],"receipt_ms":2995,"sequence":77,"tick":195,"velocity":[0.0,0.0,3.0],"yaw":0.0},"position":[0.0,0.00100011611357331,7.75000667572021],"time_ms":2999,"wall_ms":1791529725197.0,"yaw":0.0}
S03R {"entity":2,"event":"apply","pose":{"control":1,"durable":2,"entity":2,"position":[6.5877857208252,0.00100005290005356,11.3576564788818],"receipt_ms":2995,"sequence":75,"tick":195,"velocity":[0.0,0.0,0.0],"yaw":-0.157079577445984},"position":[6.5877857208252,0.00100005290005356,11.3576564788818],"time_ms":3003,"wall_ms":1791529725200.0,"yaw":-0.157079577445984}
S03R {"event":"input_send","index":6,"move":0.0,"role":"client","sample_ticks_ms":3009,"sample_wall_ms":1791529725206.0,"send_ticks_ms":3009,"send_wall_ms":1791529725206.0,"sequence":77,"time_ms":3009,"turn":1.0,"wall_ms":1791529725206.0}
S03R {"event":"input_send","index":6,"move":0.0,"role":"client","sample_ticks_ms":3030,"sample_wall_ms":1791529725227.0,"send_ticks_ms":3030,"send_wall_ms":1791529725227.0,"sequence":78,"time_ms":3030,"turn":1.0,"wall_ms":1791529725227.0}
S03R {"event":"state_receive","role":"client","rows":[{"entity":1,"sequence":78,"tick":198},{"entity":2,"sequence":77,"tick":198}],"time_ms":3045,"wall_ms":1791529725242.0}
S03R {"event":"input_send","index":6,"move":0.0,"role":"client","sample_ticks_ms":3060,"sample_wall_ms":1791529725257.0,"send_ticks_ms":3060,"send_wall_ms":1791529725257.0,"sequence":79,"time_ms":3060,"turn":1.0,"wall_ms":1791529725257.0}
S03R {"entity":1,"event":"apply","pose":{"control":1,"durable":2,"entity":1,"position":[0.0,0.00100011611357331,7.9000072479248],"receipt_ms":3045,"sequence":78,"tick":198,"velocity":[0.0,0.0,3.0],"yaw":0.0},"position":[0.0,0.00100011611357331,7.9000072479248],"time_ms":3062,"wall_ms":1791529725260.0,"yaw":0.0}
S03R {"entity":2,"event":"apply","pose":{"control":1,"durable":2,"entity":2,"position":[6.5877857208252,0.00100005290005356,11.3576564788818],"receipt_ms":3045,"sequence":77,"tick":198,"velocity":[0.0,0.0,0.0],"yaw":-0.31415918469429},"position":[6.5877857208252,0.00100005290005356,11.3576564788818],"time_ms":3069,"wall_ms":1791529725266.0,"yaw":-0.31415918469429}
S03R {"event":"input_send","index":6,"move":0.0,"role":"client","sample_ticks_ms":3091,"sample_wall_ms":1791529725289.0,"send_ticks_ms":3091,"send_wall_ms":1791529725289.0,"sequence":80,"time_ms":3091,"turn":1.0,"wall_ms":1791529725289.0}
S03R {"event":"state_receive","role":"client","rows":[{"entity":1,"sequence":80,"tick":201},{"entity":2,"sequence":79,"tick":201}],"time_ms":3097,"wall_ms":1791529725294.0}
S03R {"entity":1,"event":"apply","pose":{"control":1,"durable":2,"entity":1,"position":[0.0,0.00100011611357331,8.05000782012939],"receipt_ms":3097,"sequence":80,"tick":201,"velocity":[0.0,0.0,3.0],"yaw":0.0},"position":[0.0,0.00100011611357331,8.05000782012939],"time_ms":3122,"wall_ms":1791529725320.0,"yaw":0.0}
S03R {"entity":2,"event":"apply","pose":{"control":1,"durable":2,"entity":2,"position":[6.5877857208252,0.00100005290005356,11.3576564788818],"receipt_ms":3097,"sequence":79,"tick":201,"velocity":[0.0,0.0,0.0],"yaw":-0.471238851547241},"position":[6.5877857208252,0.00100005290005356,11.3576564788818],"time_ms":3125,"wall_ms":1791529725322.0,"yaw":-0.471238851547241}
S03R {"event":"keys","move":0.0,"role":"client","tick":162,"time_ms":3132,"turn":0.0,"wall_ms":1791529725329.0}
S03R {"event":"state_receive","role":"client","rows":[{"entity":1,"sequence":81,"tick":204},{"entity":2,"sequence":80,"tick":204}],"time_ms":3156,"wall_ms":1791529725353.0}
S03R {"entity":1,"event":"apply","pose":{"control":1,"durable":2,"entity":1,"position":[0.0,0.00100011611357331,8.20000839233398],"receipt_ms":3156,"sequence":81,"tick":204,"velocity":[0.0,0.0,3.0],"yaw":0.0},"position":[0.0,0.00100011611357331,8.20000839233398],"time_ms":3169,"wall_ms":1791529725366.0,"yaw":0.0}
S03R {"entity":2,"event":"apply","pose":{"control":1,"durable":2,"entity":2,"position":[6.5877857208252,0.00100005290005356,11.3576564788818],"receipt_ms":3156,"sequence":80,"tick":204,"velocity":[0.0,0.0,0.0],"yaw":-0.628318548202515},"position":[6.5877857208252,0.00100005290005356,11.3576564788818],"time_ms":3173,"wall_ms":1791529725371.0,"yaw":-0.628318548202515}
S03R {"event":"state_receive","role":"client","rows":[{"entity":1,"sequence":83,"tick":207},{"entity":2,"sequence":82,"tick":207}],"time_ms":3201,"wall_ms":1791529725398.0}
S03R {"entity":1,"event":"apply","pose":{"control":1,"durable":2,"entity":1,"position":[0.0,0.00100011611357331,8.35000896453857],"receipt_ms":3201,"sequence":83,"tick":207,"velocity":[0.0,0.0,3.0],"yaw":0.0},"position":[0.0,0.00100011611357331,8.35000896453857],"time_ms":3214,"wall_ms":1791529725412.0,"yaw":0.0}
S03R {"entity":2,"event":"apply","pose":{"control":1,"durable":2,"entity":2,"position":[6.5877857208252,0.00100005290005356,11.3576564788818],"receipt_ms":3201,"sequence":82,"tick":207,"velocity":[0.0,0.0,0.0],"yaw":-0.628318548202515},"position":[6.5877857208252,0.00100005290005356,11.3576564788818],"time_ms":3217,"wall_ms":1791529725414.0,"yaw":-0.628318548202515}
S03R {"event":"state_receive","role":"client","rows":[{"entity":1,"sequence":84,"tick":210},{"entity":2,"sequence":84,"tick":210}],"time_ms":3262,"wall_ms":1791529725459.0}
S03R {"entity":1,"event":"apply","pose":{"control":1,"durable":2,"entity":1,"position":[0.0,0.00100011611357331,8.50000953674316],"receipt_ms":3262,"sequence":84,"tick":210,"velocity":[0.0,0.0,3.0],"yaw":0.0},"position":[0.0,0.00100011611357331,8.50000953674316],"time_ms":3276,"wall_ms":1791529725474.0,"yaw":0.0}
S03R {"entity":2,"event":"apply","pose":{"control":1,"durable":2,"entity":2,"position":[6.5877857208252,0.00100005290005356,11.3576564788818],"receipt_ms":3262,"sequence":84,"tick":210,"velocity":[0.0,0.0,0.0],"yaw":-0.628318548202515},"position":[6.5877857208252,0.00100005290005356,11.3576564788818],"time_ms":3288,"wall_ms":1791529725486.0,"yaw":-0.628318548202515}
S03R {"event":"state_receive","role":"client","rows":[{"entity":1,"sequence":86,"tick":213},{"entity":2,"sequence":85,"tick":213}],"time_ms":3310,"wall_ms":1791529725506.0}
S03R {"entity":1,"event":"apply","pose":{"control":1,"durable":2,"entity":1,"position":[0.0,0.00100011611357331,8.65001010894775],"receipt_ms":3308,"sequence":86,"tick":213,"velocity":[0.0,0.0,3.0],"yaw":0.0},"position":[0.0,0.00100011611357331,8.65001010894775],"time_ms":3314,"wall_ms":1791529725512.0,"yaw":0.0}
S03R {"entity":2,"event":"apply","pose":{"control":1,"durable":2,"entity":2,"position":[6.5877857208252,0.00100005290005356,11.3576564788818],"receipt_ms":3310,"sequence":85,"tick":213,"velocity":[0.0,0.0,0.0],"yaw":-0.628318548202515},"position":[6.5877857208252,0.00100005290005356,11.3576564788818],"time_ms":3317,"wall_ms":1791529725515.0,"yaw":-0.628318548202515}
S03R {"event":"state_receive","role":"client","rows":[{"entity":1,"sequence":87,"tick":216},{"entity":2,"sequence":86,"tick":216}],"time_ms":3355,"wall_ms":1791529725552.0}
S03R {"entity":1,"event":"apply","pose":{"control":1,"durable":2,"entity":1,"position":[0.0,0.00100011611357331,8.80001068115234],"receipt_ms":3355,"sequence":87,"tick":216,"velocity":[0.0,0.0,3.0],"yaw":0.0},"position":[0.0,0.00100011611357331,8.80001068115234],"time_ms":3369,"wall_ms":1791529725566.0,"yaw":0.0}
S03R {"entity":2,"event":"apply","pose":{"control":1,"durable":2,"entity":2,"position":[6.5877857208252,0.00100005290005356,11.3576564788818],"receipt_ms":3355,"sequence":86,"tick":216,"velocity":[0.0,0.0,0.0],"yaw":-0.628318548202515},"position":[6.5877857208252,0.00100005290005356,11.3576564788818],"time_ms":3374,"wall_ms":1791529725571.0,"yaw":-0.628318548202515}
S03R {"event":"state_receive","role":"client","rows":[{"entity":1,"sequence":89,"tick":219},{"entity":2,"sequence":87,"tick":219}],"time_ms":3400,"wall_ms":1791529725597.0}
S03R {"entity":1,"event":"apply","pose":{"control":1,"durable":2,"entity":1,"position":[0.0,0.00100011611357331,8.95001125335693],"receipt_ms":3400,"sequence":89,"tick":219,"velocity":[0.0,0.0,3.0],"yaw":0.0},"position":[0.0,0.00100011611357331,8.95001125335693],"time_ms":3404,"wall_ms":1791529725601.0,"yaw":0.0}
S03R {"entity":2,"event":"apply","pose":{"control":1,"durable":2,"entity":2,"position":[6.5877857208252,0.00100005290005356,11.3576564788818],"receipt_ms":3400,"sequence":87,"tick":219,"velocity":[0.0,0.0,0.0],"yaw":-0.628318548202515},"position":[6.5877857208252,0.00100005290005356,11.3576564788818],"time_ms":3409,"wall_ms":1791529725606.0,"yaw":-0.628318548202515}
S03R {"event":"input","index":7,"move":1.0,"position":[6.5877857208252,0.00100005290005356,11.3576564788818],"role":"client","sequence_floor":90,"tick":180,"time_ms":3432,"turn":0.0,"wall_ms":1791529725629.0,"yaw":-0.628318548202515}
S03R {"event":"keys","move":1.0,"role":"client","tick":180,"time_ms":3435,"turn":0.0,"wall_ms":1791529725632.0}
S03R {"event":"input_send","index":7,"move":1.0,"role":"client","sample_ticks_ms":3439,"sample_wall_ms":1791529725635.0,"send_ticks_ms":3439,"send_wall_ms":1791529725635.0,"sequence":90,"time_ms":3439,"turn":0.0,"wall_ms":1791529725635.0}
S03R {"event":"state_receive","role":"client","rows":[{"entity":1,"sequence":90,"tick":222},{"entity":2,"sequence":89,"tick":222}],"time_ms":3442,"wall_ms":1791529725639.0}
S03R {"entity":1,"event":"apply","pose":{"control":1,"durable":2,"entity":1,"position":[0.0,0.00100011611357331,9.0000114440918],"receipt_ms":3442,"sequence":90,"tick":222,"velocity":[0.0,0.0,0.0],"yaw":0.0},"position":[0.0,0.00100011611357331,9.0000114440918],"time_ms":3445,"wall_ms":1791529725643.0,"yaw":0.0}
S03R {"entity":2,"event":"apply","pose":{"control":1,"durable":2,"entity":2,"position":[6.5877857208252,0.00100005290005356,11.3576564788818],"receipt_ms":3442,"sequence":89,"tick":222,"velocity":[0.0,0.0,0.0],"yaw":-0.628318548202515},"position":[6.5877857208252,0.00100005290005356,11.3576564788818],"time_ms":3449,"wall_ms":1791529725646.0,"yaw":-0.628318548202515}
S03R {"event":"input_send","index":7,"move":1.0,"role":"client","sample_ticks_ms":3477,"sample_wall_ms":1791529725675.0,"send_ticks_ms":3478,"send_wall_ms":1791529725675.0,"sequence":91,"time_ms":3478,"turn":0.0,"wall_ms":1791529725675.0}
S03R {"event":"state_receive","role":"client","rows":[{"entity":1,"sequence":92,"tick":225},{"entity":2,"sequence":90,"tick":225}],"time_ms":3495,"wall_ms":1791529725692.0}
S03R {"event":"input_send","index":7,"move":1.0,"role":"client","sample_ticks_ms":3505,"sample_wall_ms":1791529725702.0,"send_ticks_ms":3505,"send_wall_ms":1791529725702.0,"sequence":92,"time_ms":3505,"turn":0.0,"wall_ms":1791529725703.0}
S03R {"entity":1,"event":"apply","pose":{"control":1,"durable":2,"entity":1,"position":[0.0,0.00100011611357331,9.0000114440918],"receipt_ms":3495,"sequence":92,"tick":225,"velocity":[0.0,0.0,0.0],"yaw":0.0},"position":[0.0,0.00100011611357331,9.0000114440918],"time_ms":3508,"wall_ms":1791529725705.0,"yaw":0.0}
S03R {"entity":2,"event":"apply","pose":{"control":1,"durable":2,"entity":2,"position":[6.68575000762939,0.00100005290005356,11.2228202819824],"receipt_ms":3495,"sequence":90,"tick":225,"velocity":[2.93892502784729,0.0,-4.04508304595947],"yaw":-0.628318548202515},"position":[6.68575000762939,0.00100005290005356,11.2228202819824],"time_ms":3510,"wall_ms":1791529725707.0,"yaw":-0.628318548202515}
S03R {"event":"input_send","index":7,"move":1.0,"role":"client","sample_ticks_ms":3540,"sample_wall_ms":1791529725737.0,"send_ticks_ms":3541,"send_wall_ms":1791529725738.0,"sequence":93,"time_ms":3541,"turn":0.0,"wall_ms":1791529725738.0}
S03R {"event":"state_receive","role":"client","rows":[{"entity":1,"sequence":93,"tick":228},{"entity":2,"sequence":92,"tick":228}],"time_ms":3550,"wall_ms":1791529725747.0}
S03R {"event":"input_send","index":7,"move":1.0,"role":"client","sample_ticks_ms":3570,"sample_wall_ms":1791529725768.0,"send_ticks_ms":3571,"send_wall_ms":1791529725768.0,"sequence":94,"time_ms":3571,"turn":0.0,"wall_ms":1791529725768.0}
S03R {"entity":1,"event":"apply","pose":{"control":1,"durable":2,"entity":1,"position":[0.0,0.00100011611357331,9.0000114440918],"receipt_ms":3550,"sequence":93,"tick":228,"velocity":[0.0,0.0,0.0],"yaw":0.0},"position":[0.0,0.00100011611357331,9.0000114440918],"time_ms":3574,"wall_ms":1791529725771.0,"yaw":0.0}
S03R {"entity":2,"event":"apply","pose":{"control":1,"durable":2,"entity":2,"position":[6.83269643783569,0.00100005290005356,11.0205659866333],"receipt_ms":3550,"sequence":92,"tick":228,"velocity":[2.93892502784729,0.0,-4.04508304595947],"yaw":-0.628318548202515},"position":[6.83269643783569,0.00100005290005356,11.0205659866333],"time_ms":3577,"wall_ms":1791529725774.0,"yaw":-0.628318548202515}
S03R {"event":"state_receive","role":"client","rows":[{"entity":1,"sequence":95,"tick":231},{"entity":2,"sequence":93,"tick":231}],"time_ms":3601,"wall_ms":1791529725798.0}
S03R {"event":"input_send","index":7,"move":1.0,"role":"client","sample_ticks_ms":3605,"sample_wall_ms":1791529725802.0,"send_ticks_ms":3605,"send_wall_ms":1791529725802.0,"sequence":95,"time_ms":3605,"turn":0.0,"wall_ms":1791529725802.0}
S03R {"entity":1,"event":"apply","pose":{"control":1,"durable":2,"entity":1,"position":[0.0,0.00100011611357331,9.0000114440918],"receipt_ms":3601,"sequence":95,"tick":231,"velocity":[0.0,0.0,0.0],"yaw":0.0},"position":[0.0,0.00100011611357331,9.0000114440918],"time_ms":3609,"wall_ms":1791529725807.0,"yaw":0.0}
S03R {"entity":2,"event":"apply","pose":{"control":1,"durable":2,"entity":2,"position":[6.97964286804199,0.00100005290005356,10.8183116912842],"receipt_ms":3601,"sequence":93,"tick":231,"velocity":[2.93892502784729,0.0,-4.04508304595947],"yaw":-0.628318548202515},"position":[6.97964286804199,0.00100005290005356,10.8183116912842],"time_ms":3613,"wall_ms":1791529725810.0,"yaw":-0.628318548202515}
S03R {"event":"keys","move":0.0,"role":"client","tick":192,"time_ms":3633,"turn":0.0,"wall_ms":1791529725830.0}
S03R {"event":"state_receive","role":"client","rows":[{"entity":1,"sequence":96,"tick":234},{"entity":2,"sequence":95,"tick":234}],"time_ms":3646,"wall_ms":1791529725844.0}
S03R {"entity":1,"event":"apply","pose":{"control":1,"durable":2,"entity":1,"position":[0.0,0.00100011611357331,9.0000114440918],"receipt_ms":3646,"sequence":96,"tick":234,"velocity":[0.0,0.0,0.0],"yaw":0.0},"position":[0.0,0.00100011611357331,9.0000114440918],"time_ms":3650,"wall_ms":1791529725846.0,"yaw":0.0}
S03R {"entity":2,"event":"apply","pose":{"control":1,"durable":2,"entity":2,"position":[7.12658929824829,0.00100005290005356,10.6160573959351],"receipt_ms":3646,"sequence":95,"tick":234,"velocity":[2.93892502784729,0.0,-4.04508304595947],"yaw":-0.628318548202515},"position":[7.12658929824829,0.00100005290005356,10.6160573959351],"time_ms":3655,"wall_ms":1791529725852.0,"yaw":-0.628318548202515}
S03R {"event":"state_receive","role":"client","rows":[{"entity":1,"sequence":98,"tick":237},{"entity":2,"sequence":96,"tick":237}],"time_ms":3693,"wall_ms":1791529725891.0}
S03R {"entity":1,"event":"apply","pose":{"control":1,"durable":2,"entity":1,"position":[0.0,0.00100011611357331,9.0000114440918],"receipt_ms":3693,"sequence":98,"tick":237,"velocity":[0.0,0.0,0.0],"yaw":0.0},"position":[0.0,0.00100011611357331,9.0000114440918],"time_ms":3700,"wall_ms":1791529725897.0,"yaw":0.0}
S03R {"entity":2,"event":"apply","pose":{"control":1,"durable":2,"entity":2,"position":[7.12658929824829,0.00100005290005356,10.6160573959351],"receipt_ms":3693,"sequence":96,"tick":237,"velocity":[0.0,0.0,0.0],"yaw":-0.628318548202515},"position":[7.12658929824829,0.00100005290005356,10.6160573959351],"time_ms":3708,"wall_ms":1791529725905.0,"yaw":-0.628318548202515}
S03R {"event":"state_receive","role":"client","rows":[{"entity":1,"sequence":99,"tick":240},{"entity":2,"sequence":98,"tick":240}],"time_ms":3758,"wall_ms":1791529725955.0}
S03R {"entity":1,"event":"apply","pose":{"control":1,"durable":2,"entity":1,"position":[0.0,0.00100011611357331,9.0000114440918],"receipt_ms":3758,"sequence":99,"tick":240,"velocity":[0.0,0.0,0.0],"yaw":0.0},"position":[0.0,0.00100011611357331,9.0000114440918],"time_ms":3763,"wall_ms":1791529725960.0,"yaw":0.0}
S03R {"entity":2,"event":"apply","pose":{"control":1,"durable":2,"entity":2,"position":[7.12658929824829,0.00100005290005356,10.6160573959351],"receipt_ms":3758,"sequence":98,"tick":240,"velocity":[0.0,0.0,0.0],"yaw":-0.628318548202515},"position":[7.12658929824829,0.00100005290005356,10.6160573959351],"time_ms":3765,"wall_ms":1791529725962.0,"yaw":-0.628318548202515}
S03R {"event":"state_receive","role":"client","rows":[{"entity":1,"sequence":101,"tick":243},{"entity":2,"sequence":100,"tick":243}],"time_ms":3805,"wall_ms":1791529726002.0}
S03R {"entity":1,"event":"apply","pose":{"control":1,"durable":2,"entity":1,"position":[0.0,0.00100011611357331,9.0000114440918],"receipt_ms":3805,"sequence":101,"tick":243,"velocity":[0.0,0.0,0.0],"yaw":0.0},"position":[0.0,0.00100011611357331,9.0000114440918],"time_ms":3811,"wall_ms":1791529726008.0,"yaw":0.0}
S03R {"entity":2,"event":"apply","pose":{"control":1,"durable":2,"entity":2,"position":[7.12658929824829,0.00100005290005356,10.6160573959351],"receipt_ms":3805,"sequence":100,"tick":243,"velocity":[0.0,0.0,0.0],"yaw":-0.628318548202515},"position":[7.12658929824829,0.00100005290005356,10.6160573959351],"time_ms":3814,"wall_ms":1791529726011.0,"yaw":-0.628318548202515}
S03R {"event":"state_receive","role":"client","rows":[{"entity":1,"sequence":102,"tick":246},{"entity":2,"sequence":101,"tick":246}],"time_ms":3852,"wall_ms":1791529726049.0}
S03R {"entity":1,"event":"apply","pose":{"control":1,"durable":2,"entity":1,"position":[0.0,0.00100011611357331,9.0000114440918],"receipt_ms":3852,"sequence":102,"tick":246,"velocity":[0.0,0.0,0.0],"yaw":0.0},"position":[0.0,0.00100011611357331,9.0000114440918],"time_ms":3865,"wall_ms":1791529726063.0,"yaw":0.0}
S03R {"entity":2,"event":"apply","pose":{"control":1,"durable":2,"entity":2,"position":[7.12658929824829,0.00100005290005356,10.6160573959351],"receipt_ms":3852,"sequence":101,"tick":246,"velocity":[0.0,0.0,0.0],"yaw":-0.628318548202515},"position":[7.12658929824829,0.00100005290005356,10.6160573959351],"time_ms":3870,"wall_ms":1791529726067.0,"yaw":-0.628318548202515}
S03R {"event":"state_receive","role":"client","rows":[{"entity":1,"sequence":104,"tick":249},{"entity":2,"sequence":103,"tick":249}],"time_ms":3911,"wall_ms":1791529726108.0}
S03R {"entity":1,"event":"apply","pose":{"control":1,"durable":2,"entity":1,"position":[0.0,0.00100011611357331,9.0000114440918],"receipt_ms":3911,"sequence":104,"tick":249,"velocity":[0.0,0.0,0.0],"yaw":0.0},"position":[0.0,0.00100011611357331,9.0000114440918],"time_ms":3913,"wall_ms":1791529726110.0,"yaw":0.0}
S03R {"entity":2,"event":"apply","pose":{"control":1,"durable":2,"entity":2,"position":[7.12658929824829,0.00100005290005356,10.6160573959351],"receipt_ms":3911,"sequence":103,"tick":249,"velocity":[0.0,0.0,0.0],"yaw":-0.628318548202515},"position":[7.12658929824829,0.00100005290005356,10.6160573959351],"time_ms":3918,"wall_ms":1791529726115.0,"yaw":-0.628318548202515}
S03R {"event":"input","index":8,"move":0.0,"position":[7.12658929824829,0.00100005290005356,10.6160573959351],"role":"client","sequence_floor":105,"tick":210,"time_ms":3924,"turn":-1.0,"wall_ms":1791529726122.0,"yaw":-0.628318548202515}
S03R {"event":"keys","move":0.0,"role":"client","tick":210,"time_ms":3927,"turn":-1.0,"wall_ms":1791529726124.0}
S03R {"event":"input_send","index":8,"move":0.0,"role":"client","sample_ticks_ms":3931,"sample_wall_ms":1791529726128.0,"send_ticks_ms":3931,"send_wall_ms":1791529726128.0,"sequence":105,"time_ms":3931,"turn":-1.0,"wall_ms":1791529726128.0}
S03R {"event":"input_send","index":8,"move":0.0,"role":"client","sample_ticks_ms":3973,"sample_wall_ms":1791529726170.0,"send_ticks_ms":3973,"send_wall_ms":1791529726170.0,"sequence":106,"time_ms":3973,"turn":-1.0,"wall_ms":1791529726170.0}
S03R {"event":"input_send","index":8,"move":0.0,"role":"client","sample_ticks_ms":4006,"sample_wall_ms":1791529726203.0,"send_ticks_ms":4006,"send_wall_ms":1791529726203.0,"sequence":107,"time_ms":4006,"turn":-1.0,"wall_ms":1791529726203.0}
S03R {"event":"input_send","index":8,"move":0.0,"role":"client","sample_ticks_ms":4036,"sample_wall_ms":1791529726233.0,"send_ticks_ms":4037,"send_wall_ms":1791529726234.0,"sequence":108,"time_ms":4037,"turn":-1.0,"wall_ms":1791529726234.0}
S03R {"event":"input_send","index":8,"move":0.0,"role":"client","sample_ticks_ms":4085,"sample_wall_ms":1791529726282.0,"send_ticks_ms":4085,"send_wall_ms":1791529726282.0,"sequence":109,"time_ms":4085,"turn":-1.0,"wall_ms":1791529726282.0}
S03R {"event":"input_send","index":8,"move":0.0,"role":"client","sample_ticks_ms":4096,"sample_wall_ms":1791529726293.0,"send_ticks_ms":4096,"send_wall_ms":1791529726293.0,"sequence":110,"time_ms":4096,"turn":-1.0,"wall_ms":1791529726293.0}
S03R {"event":"state_receive","role":"client","rows":[{"entity":1,"sequence":108,"tick":258},{"entity":2,"sequence":108,"tick":258}],"time_ms":4102,"wall_ms":1791529726298.0}
S03R {"entity":1,"event":"apply","pose":{"control":1,"durable":2,"entity":1,"position":[0.0,0.00100011611357331,9.0000114440918],"receipt_ms":4102,"sequence":108,"tick":258,"velocity":[0.0,0.0,0.0],"yaw":0.0},"position":[0.0,0.00100011611357331,9.0000114440918],"time_ms":4105,"wall_ms":1791529726302.0,"yaw":0.0}
S03R {"entity":2,"event":"apply","pose":{"control":1,"durable":2,"entity":2,"position":[7.12658929824829,0.00100005290005356,10.6160573959351],"receipt_ms":4102,"sequence":108,"tick":258,"velocity":[0.0,0.0,0.0],"yaw":-0.314159333705902},"position":[7.12658929824829,0.00100005290005356,10.6160573959351],"time_ms":4109,"wall_ms":1791529726307.0,"yaw":-0.314159333705902}
S03R {"event":"keys","move":0.0,"role":"client","tick":222,"time_ms":4127,"turn":0.0,"wall_ms":1791529726324.0}
S03R {"event":"state_receive","role":"client","rows":[{"entity":1,"sequence":110,"tick":261},{"entity":2,"sequence":108,"tick":261}],"time_ms":4131,"wall_ms":1791529726327.0}
S03R {"entity":1,"event":"apply","pose":{"control":1,"durable":2,"entity":1,"position":[0.0,0.00100011611357331,9.0000114440918],"receipt_ms":4131,"sequence":110,"tick":261,"velocity":[0.0,0.0,0.0],"yaw":0.0},"position":[0.0,0.00100011611357331,9.0000114440918],"time_ms":4143,"wall_ms":1791529726340.0,"yaw":0.0}
S03R {"entity":2,"event":"apply","pose":{"control":1,"durable":2,"entity":2,"position":[7.12658929824829,0.00100005290005356,10.6160573959351],"receipt_ms":4131,"sequence":108,"tick":261,"velocity":[0.0,0.0,0.0],"yaw":-0.157079666852951},"position":[7.12658929824829,0.00100005290005356,10.6160573959351],"time_ms":4149,"wall_ms":1791529726346.0,"yaw":-0.157079666852951}
S03R {"event":"state_receive","role":"client","rows":[{"entity":1,"sequence":114,"tick":270},{"entity":2,"sequence":113,"tick":270}],"time_ms":4249,"wall_ms":1791529726446.0}
S03R {"entity":1,"event":"apply","pose":{"control":1,"durable":2,"entity":1,"position":[0.0,0.00100011611357331,9.0000114440918],"receipt_ms":4249,"sequence":114,"tick":270,"velocity":[0.0,0.0,0.0],"yaw":0.0},"position":[0.0,0.00100011611357331,9.0000114440918],"time_ms":4261,"wall_ms":1791529726459.0,"yaw":0.0}
S03R {"entity":2,"event":"apply","pose":{"control":1,"durable":2,"entity":2,"position":[7.12658929824829,0.00100005290005356,10.6160573959351],"receipt_ms":4249,"sequence":113,"tick":270,"velocity":[0.0,0.0,0.0],"yaw":-0.0000000312593684270723},"position":[7.12658929824829,0.00100005290005356,10.6160573959351],"time_ms":4265,"wall_ms":1791529726463.0,"yaw":-0.0000000312593684270723}
S03R {"event":"state_receive","role":"client","rows":[{"entity":1,"sequence":116,"tick":273},{"entity":2,"sequence":114,"tick":273}],"time_ms":4311,"wall_ms":1791529726507.0}
S03R {"entity":1,"event":"apply","pose":{"control":1,"durable":2,"entity":1,"position":[0.0,0.00100011611357331,9.0000114440918],"receipt_ms":4311,"sequence":116,"tick":273,"velocity":[0.0,0.0,0.0],"yaw":0.0},"position":[0.0,0.00100011611357331,9.0000114440918],"time_ms":4326,"wall_ms":1791529726524.0,"yaw":0.0}
S03R {"entity":2,"event":"apply","pose":{"control":1,"durable":2,"entity":2,"position":[7.12658929824829,0.00100005290005356,10.6160573959351],"receipt_ms":4311,"sequence":114,"tick":273,"velocity":[0.0,0.0,0.0],"yaw":-0.0000000312593684270723},"position":[7.12658929824829,0.00100005290005356,10.6160573959351],"time_ms":4329,"wall_ms":1791529726526.0,"yaw":-0.0000000312593684270723}
S03R {"event":"input","index":9,"move":1.0,"position":[7.12658929824829,0.00100005290005356,10.6160573959351],"role":"client","sequence_floor":120,"tick":240,"time_ms":4436,"turn":0.0,"wall_ms":1791529726633.0,"yaw":-0.0000000312593684270723}
S03R {"event":"keys","move":1.0,"role":"client","tick":240,"time_ms":4439,"turn":0.0,"wall_ms":1791529726637.0}
S03R {"event":"input_send","index":9,"move":1.0,"role":"client","sample_ticks_ms":4442,"sample_wall_ms":1791529726639.0,"send_ticks_ms":4442,"send_wall_ms":1791529726639.0,"sequence":120,"time_ms":4442,"turn":0.0,"wall_ms":1791529726639.0}
S03R {"event":"input_send","index":9,"move":1.0,"role":"client","sample_ticks_ms":4465,"sample_wall_ms":1791529726663.0,"send_ticks_ms":4466,"send_wall_ms":1791529726663.0,"sequence":121,"time_ms":4466,"turn":0.0,"wall_ms":1791529726663.0}
S03R {"event":"input_send","index":9,"move":1.0,"role":"client","sample_ticks_ms":4497,"sample_wall_ms":1791529726695.0,"send_ticks_ms":4498,"send_wall_ms":1791529726695.0,"sequence":122,"time_ms":4498,"turn":0.0,"wall_ms":1791529726695.0}
S03R {"event":"state_receive","role":"client","rows":[{"entity":1,"sequence":122,"tick":285},{"entity":2,"sequence":121,"tick":285}],"time_ms":4513,"wall_ms":1791529726710.0}
S03R {"event":"input_send","index":9,"move":1.0,"role":"client","sample_ticks_ms":4528,"sample_wall_ms":1791529726725.0,"send_ticks_ms":4528,"send_wall_ms":1791529726725.0,"sequence":123,"time_ms":4528,"turn":0.0,"wall_ms":1791529726725.0}
S03R {"entity":1,"event":"apply","pose":{"control":1,"durable":2,"entity":1,"position":[0.0,0.00100011611357331,9.0000114440918],"receipt_ms":4513,"sequence":122,"tick":285,"velocity":[0.0,0.0,0.0],"yaw":0.0},"position":[0.0,0.00100011611357331,9.0000114440918],"time_ms":4535,"wall_ms":1791529726732.0,"yaw":0.0}
S03R {"entity":2,"event":"apply","pose":{"control":1,"durable":2,"entity":2,"position":[7.12658929824829,0.00100005290005356,10.4493913650513],"receipt_ms":4513,"sequence":121,"tick":285,"velocity":[0.000000156296749764806,0.0,-4.99999713897705],"yaw":-0.0000000312593684270723},"position":[7.12658929824829,0.00100005290005356,10.4493913650513],"time_ms":4539,"wall_ms":1791529726736.0,"yaw":-0.0000000312593684270723}
S03R {"event":"state_receive","role":"client","rows":[{"entity":1,"sequence":123,"tick":288},{"entity":2,"sequence":122,"tick":288}],"time_ms":4545,"wall_ms":1791529726742.0}
S03R {"entity":1,"event":"apply","pose":{"control":1,"durable":2,"entity":1,"position":[0.0,0.00100011611357331,9.0000114440918],"receipt_ms":4545,"sequence":123,"tick":288,"velocity":[0.0,0.0,0.0],"yaw":0.0},"position":[0.0,0.00100011611357331,9.0000114440918],"time_ms":4548,"wall_ms":1791529726746.0,"yaw":0.0}
S03R {"entity":2,"event":"apply","pose":{"control":1,"durable":2,"entity":2,"position":[7.12658929824829,0.00100005290005356,10.1993923187256],"receipt_ms":4545,"sequence":122,"tick":288,"velocity":[0.000000156296749764806,0.0,-4.99999713897705],"yaw":-0.0000000312593684270723},"position":[7.12658929824829,0.00100005290005356,10.1993923187256],"time_ms":4552,"wall_ms":1791529726749.0,"yaw":-0.0000000312593684270723}
S03R {"event":"input_send","index":9,"move":1.0,"role":"client","sample_ticks_ms":4573,"sample_wall_ms":1791529726771.0,"send_ticks_ms":4573,"send_wall_ms":1791529726771.0,"sequence":124,"time_ms":4573,"turn":0.0,"wall_ms":1791529726771.0}
S03R {"event":"input_send","index":9,"move":1.0,"role":"client","sample_ticks_ms":4605,"sample_wall_ms":1791529726802.0,"send_ticks_ms":4605,"send_wall_ms":1791529726802.0,"sequence":125,"time_ms":4605,"turn":0.0,"wall_ms":1791529726802.0}
S03R {"event":"keys","move":0.0,"role":"client","tick":252,"time_ms":4635,"turn":0.0,"wall_ms":1791529726833.0}
S03R {"event":"state_receive","role":"client","rows":[{"entity":1,"sequence":128,"tick":297},{"entity":2,"sequence":127,"tick":297}],"time_ms":4696,"wall_ms":1791529726893.0}
S03R {"entity":1,"event":"apply","pose":{"control":1,"durable":2,"entity":1,"position":[0.0,0.00100011611357331,9.0000114440918],"receipt_ms":4696,"sequence":128,"tick":297,"velocity":[0.0,0.0,0.0],"yaw":0.0},"position":[0.0,0.00100011611357331,9.0000114440918],"time_ms":4700,"wall_ms":1791529726896.0,"yaw":0.0}
S03R {"entity":2,"event":"apply","pose":{"control":1,"durable":2,"entity":2,"position":[7.12658929824829,0.00100005290005356,9.61606121063232],"receipt_ms":4696,"sequence":127,"tick":297,"velocity":[0.0,0.0,0.0],"yaw":-0.0000000312593684270723},"position":[7.12658929824829,0.00100005290005356,9.61606121063232],"time_ms":4704,"wall_ms":1791529726901.0,"yaw":-0.0000000312593684270723}
S03R {"event":"state_receive","role":"client","rows":[{"entity":1,"sequence":129,"tick":300},{"entity":2,"sequence":128,"tick":300}],"time_ms":4745,"wall_ms":1791529726942.0}
S03R {"entity":1,"event":"apply","pose":{"control":1,"durable":2,"entity":1,"position":[0.0,0.00100011611357331,9.0000114440918],"receipt_ms":4744,"sequence":129,"tick":300,"velocity":[0.0,0.0,0.0],"yaw":0.0},"position":[0.0,0.00100011611357331,9.0000114440918],"time_ms":4750,"wall_ms":1791529726947.0,"yaw":0.0}
S03R {"entity":2,"event":"apply","pose":{"control":1,"durable":2,"entity":2,"position":[7.12658929824829,0.00100005290005356,9.61606121063232],"receipt_ms":4745,"sequence":128,"tick":300,"velocity":[0.0,0.0,0.0],"yaw":-0.0000000312593684270723},"position":[7.12658929824829,0.00100005290005356,9.61606121063232],"time_ms":4753,"wall_ms":1791529726949.0,"yaw":-0.0000000312593684270723}
S03R {"event":"state_receive","role":"client","rows":[{"entity":1,"sequence":131,"tick":303},{"entity":2,"sequence":130,"tick":303}],"time_ms":4805,"wall_ms":1791529727002.0}
S03R {"entity":1,"event":"apply","pose":{"control":1,"durable":2,"entity":1,"position":[0.0,0.00100011611357331,9.0000114440918],"receipt_ms":4805,"sequence":131,"tick":303,"velocity":[0.0,0.0,0.0],"yaw":0.0},"position":[0.0,0.00100011611357331,9.0000114440918],"time_ms":4819,"wall_ms":1791529727016.0,"yaw":0.0}
S03R {"entity":2,"event":"apply","pose":{"control":1,"durable":2,"entity":2,"position":[7.12658929824829,0.00100005290005356,9.61606121063232],"receipt_ms":4805,"sequence":130,"tick":303,"velocity":[0.0,0.0,0.0],"yaw":-0.0000000312593684270723},"position":[7.12658929824829,0.00100005290005356,9.61606121063232],"time_ms":4822,"wall_ms":1791529727019.0,"yaw":-0.0000000312593684270723}
S03R {"event":"input","index":10,"move":0.0,"position":[7.12658929824829,0.00100005290005356,9.61606121063232],"role":"client","sequence_floor":135,"tick":270,"time_ms":4927,"turn":1.0,"wall_ms":1791529727124.0,"yaw":-0.0000000312593684270723}
S03R {"event":"keys","move":0.0,"role":"client","tick":270,"time_ms":4931,"turn":1.0,"wall_ms":1791529727128.0}
S03R {"event":"input_send","index":10,"move":0.0,"role":"client","sample_ticks_ms":4936,"sample_wall_ms":1791529727132.0,"send_ticks_ms":4936,"send_wall_ms":1791529727132.0,"sequence":135,"time_ms":4936,"turn":1.0,"wall_ms":1791529727132.0}
S03R {"event":"state_receive","role":"client","rows":[{"entity":1,"sequence":135,"tick":312},{"entity":2,"sequence":134,"tick":312}],"time_ms":4957,"wall_ms":1791529727154.0}
S03R {"event":"input_send","index":10,"move":0.0,"role":"client","sample_ticks_ms":4960,"sample_wall_ms":1791529727158.0,"send_ticks_ms":4961,"send_wall_ms":1791529727158.0,"sequence":136,"time_ms":4961,"turn":1.0,"wall_ms":1791529727158.0}
S03R {"entity":1,"event":"apply","pose":{"control":1,"durable":2,"entity":1,"position":[0.0,0.00100011611357331,9.0000114440918],"receipt_ms":4957,"sequence":135,"tick":312,"velocity":[0.0,0.0,0.0],"yaw":0.0},"position":[0.0,0.00100011611357331,9.0000114440918],"time_ms":4963,"wall_ms":1791529727160.0,"yaw":0.0}
S03R {"entity":2,"event":"apply","pose":{"control":1,"durable":2,"entity":2,"position":[7.12658929824829,0.00100005290005356,9.61606121063232],"receipt_ms":4957,"sequence":134,"tick":312,"velocity":[0.0,0.0,0.0],"yaw":-0.0000000312593684270723},"position":[7.12658929824829,0.00100005290005356,9.61606121063232],"time_ms":4966,"wall_ms":1791529727163.0,"yaw":-0.0000000312593684270723}
S03R {"event":"input_send","index":10,"move":0.0,"role":"client","sample_ticks_ms":5003,"sample_wall_ms":1791529727201.0,"send_ticks_ms":5003,"send_wall_ms":1791529727201.0,"sequence":137,"time_ms":5003,"turn":1.0,"wall_ms":1791529727201.0}
S03R {"event":"state_receive","role":"client","rows":[{"entity":1,"sequence":137,"tick":315},{"entity":2,"sequence":136,"tick":315}],"time_ms":5009,"wall_ms":1791529727206.0}
S03R {"entity":1,"event":"apply","pose":{"control":1,"durable":2,"entity":1,"position":[0.0,0.00100011611357331,9.0000114440918],"receipt_ms":5009,"sequence":137,"tick":315,"velocity":[0.0,0.0,0.0],"yaw":0.0},"position":[0.0,0.00100011611357331,9.0000114440918],"time_ms":5013,"wall_ms":1791529727210.0,"yaw":0.0}
S03R {"entity":2,"event":"apply","pose":{"control":1,"durable":2,"entity":2,"position":[7.12658929824829,0.00100005290005356,9.61606121063232],"receipt_ms":5009,"sequence":136,"tick":315,"velocity":[0.0,0.0,0.0],"yaw":-0.157079666852951},"position":[7.12658929824829,0.00100005290005356,9.61606121063232],"time_ms":5017,"wall_ms":1791529727215.0,"yaw":-0.157079666852951}
S03R {"event":"input_send","index":10,"move":0.0,"role":"client","sample_ticks_ms":5035,"sample_wall_ms":1791529727232.0,"send_ticks_ms":5035,"send_wall_ms":1791529727232.0,"sequence":138,"time_ms":5035,"turn":1.0,"wall_ms":1791529727232.0}
S03R {"event":"state_receive","role":"client","rows":[{"entity":1,"sequence":138,"tick":318},{"entity":2,"sequence":136,"tick":318}],"time_ms":5050,"wall_ms":1791529727248.0}
S03R {"event":"input_send","index":10,"move":0.0,"role":"client","sample_ticks_ms":5065,"sample_wall_ms":1791529727263.0,"send_ticks_ms":5066,"send_wall_ms":1791529727263.0,"sequence":139,"time_ms":5066,"turn":1.0,"wall_ms":1791529727263.0}
S03R {"entity":1,"event":"apply","pose":{"control":1,"durable":2,"entity":1,"position":[0.0,0.00100011611357331,9.0000114440918],"receipt_ms":5050,"sequence":138,"tick":318,"velocity":[0.0,0.0,0.0],"yaw":0.0},"position":[0.0,0.00100011611357331,9.0000114440918],"time_ms":5071,"wall_ms":1791529727269.0,"yaw":0.0}
S03R {"entity":2,"event":"apply","pose":{"control":1,"durable":2,"entity":2,"position":[7.12658929824829,0.00100005290005356,9.61606121063232],"receipt_ms":5050,"sequence":136,"tick":318,"velocity":[0.0,0.0,0.0],"yaw":-0.314159333705902},"position":[7.12658929824829,0.00100005290005356,9.61606121063232],"time_ms":5076,"wall_ms":1791529727273.0,"yaw":-0.314159333705902}
S03R {"event":"input_send","index":10,"move":0.0,"role":"client","sample_ticks_ms":5097,"sample_wall_ms":1791529727295.0,"send_ticks_ms":5097,"send_wall_ms":1791529727295.0,"sequence":140,"time_ms":5098,"turn":1.0,"wall_ms":1791529727295.0}
S03R {"event":"keys","move":0.0,"role":"client","tick":282,"time_ms":5129,"turn":0.0,"wall_ms":1791529727326.0}
S03R {"event":"state_receive","role":"client","rows":[{"entity":1,"sequence":141,"tick":324},{"entity":2,"sequence":140,"tick":324}],"time_ms":5160,"wall_ms":1791529727358.0}
S03R {"entity":1,"event":"apply","pose":{"control":1,"durable":2,"entity":1,"position":[0.0,0.00100011611357331,9.0000114440918],"receipt_ms":5160,"sequence":141,"tick":324,"velocity":[0.0,0.0,0.0],"yaw":0.0},"position":[0.0,0.00100011611357331,9.0000114440918],"time_ms":5164,"wall_ms":1791529727361.0,"yaw":0.0}
S03R {"entity":2,"event":"apply","pose":{"control":1,"durable":2,"entity":2,"position":[7.12658929824829,0.00100005290005356,9.61606121063232],"receipt_ms":5160,"sequence":140,"tick":324,"velocity":[0.0,0.0,0.0],"yaw":-0.628318607807159},"position":[7.12658929824829,0.00100005290005356,9.61606121063232],"time_ms":5168,"wall_ms":1791529727365.0,"yaw":-0.628318607807159}
S03R {"event":"state_receive","role":"client","rows":[{"entity":1,"sequence":143,"tick":327},{"entity":2,"sequence":142,"tick":327}],"time_ms":5194,"wall_ms":1791529727390.0}
S03R {"entity":1,"event":"apply","pose":{"control":1,"durable":2,"entity":1,"position":[0.0,0.00100011611357331,9.0000114440918],"receipt_ms":5194,"sequence":143,"tick":327,"velocity":[0.0,0.0,0.0],"yaw":0.0},"position":[0.0,0.00100011611357331,9.0000114440918],"time_ms":5200,"wall_ms":1791529727398.0,"yaw":0.0}
S03R {"entity":2,"event":"apply","pose":{"control":1,"durable":2,"entity":2,"position":[7.12658929824829,0.00100005290005356,9.61606121063232],"receipt_ms":5194,"sequence":142,"tick":327,"velocity":[0.0,0.0,0.0],"yaw":-0.628318607807159},"position":[7.12658929824829,0.00100005290005356,9.61606121063232],"time_ms":5203,"wall_ms":1791529727401.0,"yaw":-0.628318607807159}
S03R {"event":"state_receive","role":"client","rows":[{"entity":1,"sequence":144,"tick":330},{"entity":2,"sequence":143,"tick":330}],"time_ms":5255,"wall_ms":1791529727453.0}
S03R {"entity":1,"event":"apply","pose":{"control":1,"durable":2,"entity":1,"position":[0.0,0.00100011611357331,9.0000114440918],"receipt_ms":5255,"sequence":144,"tick":330,"velocity":[0.0,0.0,0.0],"yaw":0.0},"position":[0.0,0.00100011611357331,9.0000114440918],"time_ms":5260,"wall_ms":1791529727457.0,"yaw":0.0}
S03R {"entity":2,"event":"apply","pose":{"control":1,"durable":2,"entity":2,"position":[7.12658929824829,0.00100005290005356,9.61606121063232],"receipt_ms":5255,"sequence":143,"tick":330,"velocity":[0.0,0.0,0.0],"yaw":-0.628318607807159},"position":[7.12658929824829,0.00100005290005356,9.61606121063232],"time_ms":5264,"wall_ms":1791529727461.0,"yaw":-0.628318607807159}
S03R {"event":"state_receive","role":"client","rows":[{"entity":1,"sequence":146,"tick":333},{"entity":2,"sequence":145,"tick":333}],"time_ms":5301,"wall_ms":1791529727497.0}
S03R {"entity":1,"event":"apply","pose":{"control":1,"durable":2,"entity":1,"position":[0.0,0.00100011611357331,9.0000114440918],"receipt_ms":5301,"sequence":146,"tick":333,"velocity":[0.0,0.0,0.0],"yaw":0.0},"position":[0.0,0.00100011611357331,9.0000114440918],"time_ms":5314,"wall_ms":1791529727511.0,"yaw":0.0}
S03R {"entity":2,"event":"apply","pose":{"control":1,"durable":2,"entity":2,"position":[7.12658929824829,0.00100005290005356,9.61606121063232],"receipt_ms":5301,"sequence":145,"tick":333,"velocity":[0.0,0.0,0.0],"yaw":-0.628318607807159},"position":[7.12658929824829,0.00100005290005356,9.61606121063232],"time_ms":5317,"wall_ms":1791529727514.0,"yaw":-0.628318607807159}
S03R {"event":"state_receive","role":"client","rows":[{"entity":1,"sequence":149,"tick":339},{"entity":2,"sequence":148,"tick":339}],"time_ms":5422,"wall_ms":1791529727619.0}
S03R {"event":"input","index":11,"move":1.0,"position":[7.12658929824829,0.00100005290005356,9.61606121063232],"role":"client","sequence_floor":150,"tick":300,"time_ms":5437,"turn":0.0,"wall_ms":1791529727634.0,"yaw":-0.628318607807159}
S03R {"event":"keys","move":1.0,"role":"client","tick":300,"time_ms":5439,"turn":0.0,"wall_ms":1791529727637.0}
S03R {"event":"input_send","index":11,"move":1.0,"role":"client","sample_ticks_ms":5442,"sample_wall_ms":1791529727639.0,"send_ticks_ms":5442,"send_wall_ms":1791529727639.0,"sequence":150,"time_ms":5442,"turn":0.0,"wall_ms":1791529727639.0}
S03R {"entity":1,"event":"apply","pose":{"control":1,"durable":2,"entity":1,"position":[0.0,0.00100011611357331,9.0000114440918],"receipt_ms":5422,"sequence":149,"tick":339,"velocity":[0.0,0.0,0.0],"yaw":0.0},"position":[0.0,0.00100011611357331,9.0000114440918],"time_ms":5445,"wall_ms":1791529727642.0,"yaw":0.0}
S03R {"entity":2,"event":"apply","pose":{"control":1,"durable":2,"entity":2,"position":[7.12658929824829,0.00100005290005356,9.61606121063232],"receipt_ms":5422,"sequence":148,"tick":339,"velocity":[0.0,0.0,0.0],"yaw":-0.628318607807159},"position":[7.12658929824829,0.00100005290005356,9.61606121063232],"time_ms":5448,"wall_ms":1791529727645.0,"yaw":-0.628318607807159}
S03R {"event":"state_receive","role":"client","rows":[{"entity":1,"sequence":150,"tick":342},{"entity":2,"sequence":149,"tick":342}],"time_ms":5452,"wall_ms":1791529727648.0}
S03R {"entity":1,"event":"apply","pose":{"control":1,"durable":2,"entity":1,"position":[0.0,0.00100011611357331,9.0000114440918],"receipt_ms":5452,"sequence":150,"tick":342,"velocity":[0.0,0.0,0.0],"yaw":0.0},"position":[0.0,0.00100011611357331,9.0000114440918],"time_ms":5454,"wall_ms":1791529727652.0,"yaw":0.0}
S03R {"entity":2,"event":"apply","pose":{"control":1,"durable":2,"entity":2,"position":[7.12658929824829,0.00100005290005356,9.61606121063232],"receipt_ms":5452,"sequence":149,"tick":342,"velocity":[0.0,0.0,0.0],"yaw":-0.628318607807159},"position":[7.12658929824829,0.00100005290005356,9.61606121063232],"time_ms":5459,"wall_ms":1791529727656.0,"yaw":-0.628318607807159}
S03R {"event":"input_send","index":11,"move":1.0,"role":"client","sample_ticks_ms":5464,"sample_wall_ms":1791529727661.0,"send_ticks_ms":5464,"send_wall_ms":1791529727661.0,"sequence":151,"time_ms":5464,"turn":0.0,"wall_ms":1791529727661.0}
S03R {"event":"state_receive","role":"client","rows":[{"entity":1,"sequence":152,"tick":345},{"entity":2,"sequence":151,"tick":345}],"time_ms":5499,"wall_ms":1791529727696.0}
S03R {"event":"input_send","index":11,"move":1.0,"role":"client","sample_ticks_ms":5504,"sample_wall_ms":1791529727701.0,"send_ticks_ms":5504,"send_wall_ms":1791529727702.0,"sequence":152,"time_ms":5504,"turn":0.0,"wall_ms":1791529727702.0}
S03R {"entity":1,"event":"apply","pose":{"control":1,"durable":2,"entity":1,"position":[0.0,0.00100011611357331,9.0000114440918],"receipt_ms":5499,"sequence":152,"tick":345,"velocity":[0.0,0.0,0.0],"yaw":0.0},"position":[0.0,0.00100011611357331,9.0000114440918],"time_ms":5509,"wall_ms":1791529727706.0,"yaw":0.0}
S03R {"entity":2,"event":"apply","pose":{"control":1,"durable":2,"entity":2,"position":[7.22455358505249,0.00100005290005356,9.48122501373291],"receipt_ms":5499,"sequence":151,"tick":345,"velocity":[2.93892478942871,0.0,-4.04508209228516],"yaw":-0.628318607807159},"position":[7.22455358505249,0.00100005290005356,9.48122501373291],"time_ms":5513,"wall_ms":1791529727710.0,"yaw":-0.628318607807159}
S03R {"event":"input_send","index":11,"move":1.0,"role":"client","sample_ticks_ms":5548,"sample_wall_ms":1791529727745.0,"send_ticks_ms":5548,"send_wall_ms":1791529727745.0,"sequence":153,"time_ms":5548,"turn":0.0,"wall_ms":1791529727745.0}
S03R {"event":"state_receive","role":"client","rows":[{"entity":1,"sequence":153,"tick":348},{"entity":2,"sequence":152,"tick":348}],"time_ms":5554,"wall_ms":1791529727750.0}
S03R {"entity":1,"event":"apply","pose":{"control":1,"durable":2,"entity":1,"position":[0.0,0.00100011611357331,9.0000114440918],"receipt_ms":5553,"sequence":153,"tick":348,"velocity":[0.0,0.0,0.0],"yaw":0.0},"position":[0.0,0.00100011611357331,9.0000114440918],"time_ms":5556,"wall_ms":1791529727754.0,"yaw":0.0}
S03R {"entity":2,"event":"apply","pose":{"control":1,"durable":2,"entity":2,"position":[7.37150001525879,0.00100005290005356,9.27897071838379],"receipt_ms":5553,"sequence":152,"tick":348,"velocity":[2.93892478942871,0.0,-4.04508209228516],"yaw":-0.628318607807159},"position":[7.37150001525879,0.00100005290005356,9.27897071838379],"time_ms":5559,"wall_ms":1791529727756.0,"yaw":-0.628318607807159}
S03R {"event":"input_send","index":11,"move":1.0,"role":"client","sample_ticks_ms":5563,"sample_wall_ms":1791529727760.0,"send_ticks_ms":5563,"send_wall_ms":1791529727761.0,"sequence":154,"time_ms":5563,"turn":0.0,"wall_ms":1791529727761.0}
S03R {"event":"state_receive","role":"client","rows":[{"entity":1,"sequence":155,"tick":351},{"entity":2,"sequence":154,"tick":351}],"time_ms":5593,"wall_ms":1791529727790.0}
S03R {"event":"input_send","index":11,"move":1.0,"role":"client","sample_ticks_ms":5600,"sample_wall_ms":1791529727797.0,"send_ticks_ms":5600,"send_wall_ms":1791529727797.0,"sequence":155,"time_ms":5600,"turn":0.0,"wall_ms":1791529727797.0}
S03R {"entity":1,"event":"apply","pose":{"control":1,"durable":2,"entity":1,"position":[0.0,0.00100011611357331,9.0000114440918],"receipt_ms":5593,"sequence":155,"tick":351,"velocity":[0.0,0.0,0.0],"yaw":0.0},"position":[0.0,0.00100011611357331,9.0000114440918],"time_ms":5604,"wall_ms":1791529727801.0,"yaw":0.0}
S03R {"entity":2,"event":"apply","pose":{"control":1,"durable":2,"entity":2,"position":[7.51844644546509,0.00100005290005356,9.07671642303467],"receipt_ms":5593,"sequence":154,"tick":351,"velocity":[2.93892478942871,0.0,-4.04508209228516],"yaw":-0.628318607807159},"position":[7.51844644546509,0.00100005290005356,9.07671642303467],"time_ms":5607,"wall_ms":1791529727803.0,"yaw":-0.628318607807159}
S03R {"event":"keys","move":0.0,"role":"client","tick":312,"time_ms":5625,"turn":0.0,"wall_ms":1791529727822.0}
S03R {"event":"state_receive","role":"client","rows":[{"entity":1,"sequence":156,"tick":354},{"entity":2,"sequence":156,"tick":354}],"time_ms":5655,"wall_ms":1791529727852.0}
S03R {"entity":1,"event":"apply","pose":{"control":1,"durable":2,"entity":1,"position":[0.0,0.00100011611357331,9.0000114440918],"receipt_ms":5655,"sequence":156,"tick":354,"velocity":[0.0,0.0,0.0],"yaw":0.0},"position":[0.0,0.00100011611357331,9.0000114440918],"time_ms":5658,"wall_ms":1791529727854.0,"yaw":0.0}
S03R {"entity":2,"event":"apply","pose":{"control":1,"durable":2,"entity":2,"position":[7.61641073226929,0.00100005290005356,8.94188022613525],"receipt_ms":5655,"sequence":156,"tick":354,"velocity":[0.0,0.0,0.0],"yaw":-0.628318607807159},"position":[7.61641073226929,0.00100005290005356,8.94188022613525],"time_ms":5662,"wall_ms":1791529727859.0,"yaw":-0.628318607807159}
S03R {"event":"state_receive","role":"client","rows":[{"entity":1,"sequence":158,"tick":357},{"entity":2,"sequence":157,"tick":357}],"time_ms":5702,"wall_ms":1791529727899.0}
S03R {"entity":1,"event":"apply","pose":{"control":1,"durable":2,"entity":1,"position":[0.0,0.00100011611357331,9.0000114440918],"receipt_ms":5702,"sequence":158,"tick":357,"velocity":[0.0,0.0,0.0],"yaw":0.0},"position":[0.0,0.00100011611357331,9.0000114440918],"time_ms":5717,"wall_ms":1791529727915.0,"yaw":0.0}
S03R {"entity":2,"event":"apply","pose":{"control":1,"durable":2,"entity":2,"position":[7.61641073226929,0.00100005290005356,8.94188022613525],"receipt_ms":5702,"sequence":157,"tick":357,"velocity":[0.0,0.0,0.0],"yaw":-0.628318607807159},"position":[7.61641073226929,0.00100005290005356,8.94188022613525],"time_ms":5722,"wall_ms":1791529727919.0,"yaw":-0.628318607807159}
S03R {"event":"state_receive","role":"client","rows":[{"entity":1,"sequence":159,"tick":360},{"entity":2,"sequence":158,"tick":360}],"time_ms":5749,"wall_ms":1791529727947.0}
S03R {"entity":1,"event":"apply","pose":{"control":1,"durable":2,"entity":1,"position":[0.0,0.00100011611357331,9.0000114440918],"receipt_ms":5749,"sequence":159,"tick":360,"velocity":[0.0,0.0,0.0],"yaw":0.0},"position":[0.0,0.00100011611357331,9.0000114440918],"time_ms":5764,"wall_ms":1791529727961.0,"yaw":0.0}
S03R {"entity":2,"event":"apply","pose":{"control":1,"durable":2,"entity":2,"position":[7.61641073226929,0.00100005290005356,8.94188022613525],"receipt_ms":5749,"sequence":158,"tick":360,"velocity":[0.0,0.0,0.0],"yaw":-0.628318607807159},"position":[7.61641073226929,0.00100005290005356,8.94188022613525],"time_ms":5768,"wall_ms":1791529727966.0,"yaw":-0.628318607807159}
S03R {"event":"state_receive","role":"client","rows":[{"entity":1,"sequence":161,"tick":363},{"entity":2,"sequence":160,"tick":363}],"time_ms":5795,"wall_ms":1791529727992.0}
S03R {"entity":1,"event":"apply","pose":{"control":1,"durable":2,"entity":1,"position":[0.0,0.00100011611357331,9.0000114440918],"receipt_ms":5795,"sequence":161,"tick":363,"velocity":[0.0,0.0,0.0],"yaw":0.0},"position":[0.0,0.00100011611357331,9.0000114440918],"time_ms":5801,"wall_ms":1791529727998.0,"yaw":0.0}
S03R {"entity":2,"event":"apply","pose":{"control":1,"durable":2,"entity":2,"position":[7.61641073226929,0.00100005290005356,8.94188022613525],"receipt_ms":5795,"sequence":160,"tick":363,"velocity":[0.0,0.0,0.0],"yaw":-0.628318607807159},"position":[7.61641073226929,0.00100005290005356,8.94188022613525],"time_ms":5804,"wall_ms":1791529728001.0,"yaw":-0.628318607807159}
S03R {"event":"state_receive","role":"client","rows":[{"entity":1,"sequence":162,"tick":366},{"entity":2,"sequence":161,"tick":366}],"time_ms":5842,"wall_ms":1791529728039.0}
S03R {"entity":1,"event":"apply","pose":{"control":1,"durable":2,"entity":1,"position":[0.0,0.00100011611357331,9.0000114440918],"receipt_ms":5842,"sequence":162,"tick":366,"velocity":[0.0,0.0,0.0],"yaw":0.0},"position":[0.0,0.00100011611357331,9.0000114440918],"time_ms":5848,"wall_ms":1791529728045.0,"yaw":0.0}
S03R {"entity":2,"event":"apply","pose":{"control":1,"durable":2,"entity":2,"position":[7.61641073226929,0.00100005290005356,8.94188022613525],"receipt_ms":5842,"sequence":161,"tick":366,"velocity":[0.0,0.0,0.0],"yaw":-0.628318607807159},"position":[7.61641073226929,0.00100005290005356,8.94188022613525],"time_ms":5850,"wall_ms":1791529728048.0,"yaw":-0.628318607807159}
S03R {"event":"state_receive","role":"client","rows":[{"entity":1,"sequence":164,"tick":369},{"entity":2,"sequence":163,"tick":369}],"time_ms":5890,"wall_ms":1791529728087.0}
S03R {"entity":1,"event":"apply","pose":{"control":1,"durable":2,"entity":1,"position":[0.0,0.00100011611357331,9.0000114440918],"receipt_ms":5890,"sequence":164,"tick":369,"velocity":[0.0,0.0,0.0],"yaw":0.0},"position":[0.0,0.00100011611357331,9.0000114440918],"time_ms":5904,"wall_ms":1791529728101.0,"yaw":0.0}
S03R {"entity":2,"event":"apply","pose":{"control":1,"durable":2,"entity":2,"position":[7.61641073226929,0.00100005290005356,8.94188022613525],"receipt_ms":5890,"sequence":163,"tick":369,"velocity":[0.0,0.0,0.0],"yaw":-0.628318607807159},"position":[7.61641073226929,0.00100005290005356,8.94188022613525],"time_ms":5911,"wall_ms":1791529728107.0,"yaw":-0.628318607807159}
S03R {"event":"input","index":12,"move":0.0,"position":[7.61641073226929,0.00100005290005356,8.94188022613525],"role":"client","sequence_floor":165,"tick":330,"time_ms":5935,"turn":-1.0,"wall_ms":1791529728132.0,"yaw":-0.628318607807159}
S03R {"event":"keys","move":0.0,"role":"client","tick":330,"time_ms":5939,"turn":-1.0,"wall_ms":1791529728137.0}
S03R {"event":"input_send","index":12,"move":0.0,"role":"client","sample_ticks_ms":5942,"sample_wall_ms":1791529728139.0,"send_ticks_ms":5942,"send_wall_ms":1791529728139.0,"sequence":165,"time_ms":5942,"turn":-1.0,"wall_ms":1791529728139.0}
S03R {"event":"state_receive","role":"client","rows":[{"entity":1,"sequence":165,"tick":372},{"entity":2,"sequence":164,"tick":372}],"time_ms":5966,"wall_ms":1791529728164.0}
S03R {"event":"input_send","index":12,"move":0.0,"role":"client","sample_ticks_ms":5969,"sample_wall_ms":1791529728167.0,"send_ticks_ms":5970,"send_wall_ms":1791529728167.0,"sequence":166,"time_ms":5970,"turn":-1.0,"wall_ms":1791529728167.0}
S03R {"entity":1,"event":"apply","pose":{"control":1,"durable":2,"entity":1,"position":[0.0,0.00100011611357331,9.0000114440918],"receipt_ms":5966,"sequence":165,"tick":372,"velocity":[0.0,0.0,0.0],"yaw":0.0},"position":[0.0,0.00100011611357331,9.0000114440918],"time_ms":5974,"wall_ms":1791529728170.0,"yaw":0.0}
S03R {"entity":2,"event":"apply","pose":{"control":1,"durable":2,"entity":2,"position":[7.61641073226929,0.00100005290005356,8.94188022613525],"receipt_ms":5966,"sequence":164,"tick":372,"velocity":[0.0,0.0,0.0],"yaw":-0.628318607807159},"position":[7.61641073226929,0.00100005290005356,8.94188022613525],"time_ms":5978,"wall_ms":1791529728176.0,"yaw":-0.628318607807159}
S03R {"event":"state_receive","role":"client","rows":[{"entity":1,"sequence":167,"tick":375},{"entity":2,"sequence":166,"tick":375}],"time_ms":5998,"wall_ms":1791529728195.0}
S03R {"event":"input_send","index":12,"move":0.0,"role":"client","sample_ticks_ms":6001,"sample_wall_ms":1791529728198.0,"send_ticks_ms":6001,"send_wall_ms":1791529728198.0,"sequence":167,"time_ms":6001,"turn":-1.0,"wall_ms":1791529728198.0}
S03R {"entity":1,"event":"apply","pose":{"control":1,"durable":2,"entity":1,"position":[0.0,0.00100011611357331,9.0000114440918],"receipt_ms":5998,"sequence":167,"tick":375,"velocity":[0.0,0.0,0.0],"yaw":0.0},"position":[0.0,0.00100011611357331,9.0000114440918],"time_ms":6005,"wall_ms":1791529728202.0,"yaw":0.0}
S03R {"entity":2,"event":"apply","pose":{"control":1,"durable":2,"entity":2,"position":[7.61641073226929,0.00100005290005356,8.94188022613525],"receipt_ms":5998,"sequence":166,"tick":375,"velocity":[0.0,0.0,0.0],"yaw":-0.471239000558853},"position":[7.61641073226929,0.00100005290005356,8.94188022613525],"time_ms":6009,"wall_ms":1791529728205.0,"yaw":-0.471239000558853}
S03R {"event":"input_send","index":12,"move":0.0,"role":"client","sample_ticks_ms":6044,"sample_wall_ms":1791529728242.0,"send_ticks_ms":6044,"send_wall_ms":1791529728242.0,"sequence":168,"time_ms":6044,"turn":-1.0,"wall_ms":1791529728242.0}
S03R {"event":"state_receive","role":"client","rows":[{"entity":1,"sequence":168,"tick":378},{"entity":2,"sequence":167,"tick":378}],"time_ms":6049,"wall_ms":1791529728246.0}
S03R {"entity":1,"event":"apply","pose":{"control":1,"durable":2,"entity":1,"position":[0.0,0.00100011611357331,9.0000114440918],"receipt_ms":6048,"sequence":168,"tick":378,"velocity":[0.0,0.0,0.0],"yaw":0.0},"position":[0.0,0.00100011611357331,9.0000114440918],"time_ms":6051,"wall_ms":1791529728249.0,"yaw":0.0}
S03R {"entity":2,"event":"apply","pose":{"control":1,"durable":2,"entity":2,"position":[7.61641073226929,0.00100005290005356,8.94188022613525],"receipt_ms":6049,"sequence":167,"tick":378,"velocity":[0.0,0.0,0.0],"yaw":-0.31415930390358},"position":[7.61641073226929,0.00100005290005356,8.94188022613525],"time_ms":6054,"wall_ms":1791529728250.0,"yaw":-0.31415930390358}
S03R {"event":"input_send","index":12,"move":0.0,"role":"client","sample_ticks_ms":6075,"sample_wall_ms":1791529728273.0,"send_ticks_ms":6075,"send_wall_ms":1791529728273.0,"sequence":169,"time_ms":6075,"turn":-1.0,"wall_ms":1791529728273.0}
S03R {"event":"state_receive","role":"client","rows":[{"entity":1,"sequence":170,"tick":381},{"entity":2,"sequence":168,"tick":381}],"time_ms":6091,"wall_ms":1791529728288.0}
S03R {"event":"input_send","index":12,"move":0.0,"role":"client","sample_ticks_ms":6097,"sample_wall_ms":1791529728294.0,"send_ticks_ms":6098,"send_wall_ms":1791529728295.0,"sequence":170,"time_ms":6098,"turn":-1.0,"wall_ms":1791529728295.0}
S03R {"entity":1,"event":"apply","pose":{"control":1,"durable":2,"entity":1,"position":[0.0,0.00100011611357331,9.0000114440918],"receipt_ms":6091,"sequence":170,"tick":381,"velocity":[0.0,0.0,0.0],"yaw":0.0},"position":[0.0,0.00100011611357331,9.0000114440918],"time_ms":6104,"wall_ms":1791529728300.0,"yaw":0.0}
S03R {"entity":2,"event":"apply","pose":{"control":1,"durable":2,"entity":2,"position":[7.61641073226929,0.00100005290005356,8.94188022613525],"receipt_ms":6091,"sequence":168,"tick":381,"velocity":[0.0,0.0,0.0],"yaw":-0.157079666852951},"position":[7.61641073226929,0.00100005290005356,8.94188022613525],"time_ms":6108,"wall_ms":1791529728306.0,"yaw":-0.157079666852951}
S03R {"event":"keys","move":0.0,"role":"client","tick":342,"time_ms":6137,"turn":0.0,"wall_ms":1791529728335.0}
S03R {"event":"state_receive","role":"client","rows":[{"entity":1,"sequence":171,"tick":384},{"entity":2,"sequence":170,"tick":384}],"time_ms":6154,"wall_ms":1791529728351.0}
S03R {"entity":1,"event":"apply","pose":{"control":1,"durable":2,"entity":1,"position":[0.0,0.00100011611357331,9.0000114440918],"receipt_ms":6154,"sequence":171,"tick":384,"velocity":[0.0,0.0,0.0],"yaw":0.0},"position":[0.0,0.00100011611357331,9.0000114440918],"time_ms":6168,"wall_ms":1791529728366.0,"yaw":0.0}
S03R {"entity":2,"event":"apply","pose":{"control":1,"durable":2,"entity":2,"position":[7.61641073226929,0.00100005290005356,8.94188022613525],"receipt_ms":6154,"sequence":170,"tick":384,"velocity":[0.0,0.0,0.0],"yaw":-0.0000000275340781286104},"position":[7.61641073226929,0.00100005290005356,8.94188022613525],"time_ms":6182,"wall_ms":1791529728379.0,"yaw":-0.0000000275340781286104}
S03R {"event":"state_receive","role":"client","rows":[{"entity":1,"sequence":173,"tick":387},{"entity":2,"sequence":172,"tick":387}],"time_ms":6202,"wall_ms":1791529728399.0}
S03R {"entity":1,"event":"apply","pose":{"control":1,"durable":2,"entity":1,"position":[0.0,0.00100011611357331,9.0000114440918],"receipt_ms":6202,"sequence":173,"tick":387,"velocity":[0.0,0.0,0.0],"yaw":0.0},"position":[0.0,0.00100011611357331,9.0000114440918],"time_ms":6215,"wall_ms":1791529728412.0,"yaw":0.0}
S03R {"entity":2,"event":"apply","pose":{"control":1,"durable":2,"entity":2,"position":[7.61641073226929,0.00100005290005356,8.94188022613525],"receipt_ms":6202,"sequence":172,"tick":387,"velocity":[0.0,0.0,0.0],"yaw":-0.0000000275340781286104},"position":[7.61641073226929,0.00100005290005356,8.94188022613525],"time_ms":6217,"wall_ms":1791529728414.0,"yaw":-0.0000000275340781286104}
S03R {"event":"state_receive","role":"client","rows":[{"entity":1,"sequence":174,"tick":390},{"entity":2,"sequence":173,"tick":390}],"time_ms":6246,"wall_ms":1791529728443.0}
S03R {"entity":1,"event":"apply","pose":{"control":1,"durable":2,"entity":1,"position":[0.0,0.00100011611357331,9.0000114440918],"receipt_ms":6246,"sequence":174,"tick":390,"velocity":[0.0,0.0,0.0],"yaw":0.0},"position":[0.0,0.00100011611357331,9.0000114440918],"time_ms":6252,"wall_ms":1791529728449.0,"yaw":0.0}
S03R {"entity":2,"event":"apply","pose":{"control":1,"durable":2,"entity":2,"position":[7.61641073226929,0.00100005290005356,8.94188022613525],"receipt_ms":6246,"sequence":173,"tick":390,"velocity":[0.0,0.0,0.0],"yaw":-0.0000000275340781286104},"position":[7.61641073226929,0.00100005290005356,8.94188022613525],"time_ms":6254,"wall_ms":1791529728452.0,"yaw":-0.0000000275340781286104}
S03R {"event":"state_receive","role":"client","rows":[{"entity":1,"sequence":176,"tick":393},{"entity":2,"sequence":174,"tick":393}],"time_ms":6309,"wall_ms":1791529728507.0}
S03R {"entity":1,"event":"apply","pose":{"control":1,"durable":2,"entity":1,"position":[0.0,0.00100011611357331,9.0000114440918],"receipt_ms":6309,"sequence":176,"tick":393,"velocity":[0.0,0.0,0.0],"yaw":0.0},"position":[0.0,0.00100011611357331,9.0000114440918],"time_ms":6314,"wall_ms":1791529728511.0,"yaw":0.0}
S03R {"entity":2,"event":"apply","pose":{"control":1,"durable":2,"entity":2,"position":[7.61641073226929,0.00100005290005356,8.94188022613525],"receipt_ms":6309,"sequence":174,"tick":393,"velocity":[0.0,0.0,0.0],"yaw":-0.0000000275340781286104},"position":[7.61641073226929,0.00100005290005356,8.94188022613525],"time_ms":6317,"wall_ms":1791529728514.0,"yaw":-0.0000000275340781286104}
S03R {"event":"state_receive","role":"client","rows":[{"entity":1,"sequence":177,"tick":396},{"entity":2,"sequence":176,"tick":396}],"time_ms":6356,"wall_ms":1791529728553.0}
S03R {"entity":1,"event":"apply","pose":{"control":1,"durable":2,"entity":1,"position":[0.0,0.00100011611357331,9.0000114440918],"receipt_ms":6356,"sequence":177,"tick":396,"velocity":[0.0,0.0,0.0],"yaw":0.0},"position":[0.0,0.00100011611357331,9.0000114440918],"time_ms":6370,"wall_ms":1791529728567.0,"yaw":0.0}
S03R {"entity":2,"event":"apply","pose":{"control":1,"durable":2,"entity":2,"position":[7.61641073226929,0.00100005290005356,8.94188022613525],"receipt_ms":6356,"sequence":176,"tick":396,"velocity":[0.0,0.0,0.0],"yaw":-0.0000000275340781286104},"position":[7.61641073226929,0.00100005290005356,8.94188022613525],"time_ms":6373,"wall_ms":1791529728570.0,"yaw":-0.0000000275340781286104}
S03R {"event":"state_receive","role":"client","rows":[{"entity":1,"sequence":179,"tick":399},{"entity":2,"sequence":178,"tick":399}],"time_ms":6404,"wall_ms":1791529728601.0}
S03R {"entity":1,"event":"apply","pose":{"control":1,"durable":2,"entity":1,"position":[0.0,0.00100011611357331,9.0000114440918],"receipt_ms":6404,"sequence":179,"tick":399,"velocity":[0.0,0.0,0.0],"yaw":0.0},"position":[0.0,0.00100011611357331,9.0000114440918],"time_ms":6409,"wall_ms":1791529728606.0,"yaw":0.0}
S03R {"entity":2,"event":"apply","pose":{"control":1,"durable":2,"entity":2,"position":[7.61641073226929,0.00100005290005356,8.94188022613525],"receipt_ms":6404,"sequence":178,"tick":399,"velocity":[0.0,0.0,0.0],"yaw":-0.0000000275340781286104},"position":[7.61641073226929,0.00100005290005356,8.94188022613525],"time_ms":6412,"wall_ms":1791529728609.0,"yaw":-0.0000000275340781286104}
S03R {"event":"input","index":13,"move":1.0,"position":[7.61641073226929,0.00100005290005356,8.94188022613525],"role":"client","sequence_floor":180,"tick":360,"time_ms":6433,"turn":0.0,"wall_ms":1791529728631.0,"yaw":-0.0000000275340781286104}
S03R {"event":"keys","move":1.0,"role":"client","tick":360,"time_ms":6438,"turn":0.0,"wall_ms":1791529728635.0}
S03R {"event":"input_send","index":13,"move":1.0,"role":"client","sample_ticks_ms":6443,"sample_wall_ms":1791529728640.0,"send_ticks_ms":6443,"send_wall_ms":1791529728640.0,"sequence":180,"time_ms":6443,"turn":0.0,"wall_ms":1791529728640.0}
S03R {"event":"state_receive","role":"client","rows":[{"entity":1,"sequence":180,"tick":402},{"entity":2,"sequence":179,"tick":402}],"time_ms":6448,"wall_ms":1791529728645.0}
S03R {"entity":1,"event":"apply","pose":{"control":1,"durable":2,"entity":1,"position":[0.0,0.00100011611357331,9.0000114440918],"receipt_ms":6448,"sequence":180,"tick":402,"velocity":[0.0,0.0,0.0],"yaw":0.0},"position":[0.0,0.00100011611357331,9.0000114440918],"time_ms":6452,"wall_ms":1791529728648.0,"yaw":0.0}
S03R {"entity":2,"event":"apply","pose":{"control":1,"durable":2,"entity":2,"position":[7.61641073226929,0.00100005290005356,8.94188022613525],"receipt_ms":6448,"sequence":179,"tick":402,"velocity":[0.0,0.0,0.0],"yaw":-0.0000000275340781286104},"position":[7.61641073226929,0.00100005290005356,8.94188022613525],"time_ms":6456,"wall_ms":1791529728652.0,"yaw":-0.0000000275340781286104}
S03R {"event":"input_send","index":13,"move":1.0,"role":"client","sample_ticks_ms":6479,"sample_wall_ms":1791529728677.0,"send_ticks_ms":6480,"send_wall_ms":1791529728677.0,"sequence":181,"time_ms":6480,"turn":0.0,"wall_ms":1791529728677.0}
S03R {"event":"state_receive","role":"client","rows":[{"entity":1,"sequence":182,"tick":405},{"entity":2,"sequence":180,"tick":405}],"time_ms":6495,"wall_ms":1791529728692.0}
S03R {"event":"input_send","index":13,"move":1.0,"role":"client","sample_ticks_ms":6500,"sample_wall_ms":1791529728697.0,"send_ticks_ms":6500,"send_wall_ms":1791529728698.0,"sequence":182,"time_ms":6500,"turn":0.0,"wall_ms":1791529728698.0}
S03R {"entity":1,"event":"apply","pose":{"control":1,"durable":2,"entity":1,"position":[0.0,0.00100011611357331,9.0000114440918],"receipt_ms":6495,"sequence":182,"tick":405,"velocity":[0.0,0.0,0.0],"yaw":0.0},"position":[0.0,0.00100011611357331,9.0000114440918],"time_ms":6503,"wall_ms":1791529728700.0,"yaw":0.0}
S03R {"entity":2,"event":"apply","pose":{"control":1,"durable":2,"entity":2,"position":[7.61641073226929,0.00100005290005356,8.69188117980957],"receipt_ms":6495,"sequence":180,"tick":405,"velocity":[0.000000137670298272496,0.0,-4.99999618530273],"yaw":-0.0000000275340781286104},"position":[7.61641073226929,0.00100005290005356,8.69188117980957],"time_ms":6505,"wall_ms":1791529728702.0,"yaw":-0.0000000275340781286104}
S03R {"event":"input_send","index":13,"move":1.0,"role":"client","sample_ticks_ms":6540,"sample_wall_ms":1791529728737.0,"send_ticks_ms":6540,"send_wall_ms":1791529728737.0,"sequence":183,"time_ms":6540,"turn":0.0,"wall_ms":1791529728737.0}
S03R {"event":"state_receive","role":"client","rows":[{"entity":1,"sequence":183,"tick":408},{"entity":2,"sequence":182,"tick":408}],"time_ms":6555,"wall_ms":1791529728753.0}
S03R {"event":"input_send","index":13,"move":1.0,"role":"client","sample_ticks_ms":6572,"sample_wall_ms":1791529728770.0,"send_ticks_ms":6573,"send_wall_ms":1791529728771.0,"sequence":184,"time_ms":6573,"turn":0.0,"wall_ms":1791529728771.0}
S03R {"entity":1,"event":"apply","pose":{"control":1,"durable":2,"entity":1,"position":[0.0,0.00100011611357331,9.0000114440918],"receipt_ms":6555,"sequence":183,"tick":408,"velocity":[0.0,0.0,0.0],"yaw":0.0},"position":[0.0,0.00100011611357331,9.0000114440918],"time_ms":6576,"wall_ms":1791529728773.0,"yaw":0.0}
S03R {"entity":2,"event":"apply","pose":{"control":1,"durable":2,"entity":2,"position":[7.61641073226929,0.00100005290005356,8.44188213348389],"receipt_ms":6555,"sequence":182,"tick":408,"velocity":[0.000000137670298272496,0.0,-4.99999618530273],"yaw":-0.0000000275340781286104},"position":[7.61641073226929,0.00100005290005356,8.44188213348389],"time_ms":6579,"wall_ms":1791529728776.0,"yaw":-0.0000000275340781286104}
S03R {"event":"state_receive","role":"client","rows":[{"entity":1,"sequence":185,"tick":411},{"entity":2,"sequence":183,"tick":411}],"time_ms":6603,"wall_ms":1791529728800.0}
S03R {"event":"input_send","index":13,"move":1.0,"role":"client","sample_ticks_ms":6608,"sample_wall_ms":1791529728804.0,"send_ticks_ms":6608,"send_wall_ms":1791529728804.0,"sequence":185,"time_ms":6608,"turn":0.0,"wall_ms":1791529728804.0}
S03R {"entity":1,"event":"apply","pose":{"control":1,"durable":2,"entity":1,"position":[0.0,0.00100011611357331,9.0000114440918],"receipt_ms":6603,"sequence":185,"tick":411,"velocity":[0.0,0.0,0.0],"yaw":0.0},"position":[0.0,0.00100011611357331,9.0000114440918],"time_ms":6611,"wall_ms":1791529728807.0,"yaw":0.0}
S03R {"entity":2,"event":"apply","pose":{"control":1,"durable":2,"entity":2,"position":[7.61641073226929,0.00100005290005356,8.1918830871582],"receipt_ms":6603,"sequence":183,"tick":411,"velocity":[0.000000137670298272496,0.0,-4.99999618530273],"yaw":-0.0000000275340781286104},"position":[7.61641073226929,0.00100005290005356,8.1918830871582],"time_ms":6613,"wall_ms":1791529728810.0,"yaw":-0.0000000275340781286104}
S03R {"event":"state_receive","role":"client","rows":[{"entity":1,"sequence":186,"tick":414},{"entity":2,"sequence":185,"tick":414}],"time_ms":6635,"wall_ms":1791529728832.0}
S03R {"event":"keys","move":0.0,"role":"client","tick":372,"time_ms":6638,"turn":0.0,"wall_ms":1791529728836.0}
S03R {"entity":1,"event":"apply","pose":{"control":1,"durable":2,"entity":1,"position":[0.0,0.00100011611357331,9.0000114440918],"receipt_ms":6635,"sequence":186,"tick":414,"velocity":[0.0,0.0,0.0],"yaw":0.0},"position":[0.0,0.00100011611357331,9.0000114440918],"time_ms":6641,"wall_ms":1791529728838.0,"yaw":0.0}
S03R {"entity":2,"event":"apply","pose":{"control":1,"durable":2,"entity":2,"position":[7.61641073226929,0.00100005290005356,7.94188356399536],"receipt_ms":6635,"sequence":185,"tick":414,"velocity":[0.000000137670298272496,0.0,-4.99999618530273],"yaw":-0.0000000275340781286104},"position":[7.61641073226929,0.00100005290005356,7.94188356399536],"time_ms":6644,"wall_ms":1791529728841.0,"yaw":-0.0000000275340781286104}
S03R {"event":"state_receive","role":"client","rows":[{"entity":1,"sequence":188,"tick":417},{"entity":2,"sequence":186,"tick":417}],"time_ms":6697,"wall_ms":1791529728894.0}
S03R {"entity":1,"event":"apply","pose":{"control":1,"durable":2,"entity":1,"position":[0.0,0.00100011611357331,9.0000114440918],"receipt_ms":6697,"sequence":188,"tick":417,"velocity":[0.0,0.0,0.0],"yaw":0.0},"position":[0.0,0.00100011611357331,9.0000114440918],"time_ms":6702,"wall_ms":1791529728899.0,"yaw":0.0}
S03R {"entity":2,"event":"apply","pose":{"control":1,"durable":2,"entity":2,"position":[7.61641073226929,0.00100005290005356,7.85855007171631],"receipt_ms":6697,"sequence":186,"tick":417,"velocity":[0.0,0.0,0.0],"yaw":-0.0000000275340781286104},"position":[7.61641073226929,0.00100005290005356,7.85855007171631],"time_ms":6705,"wall_ms":1791529728902.0,"yaw":-0.0000000275340781286104}
S03R {"event":"state_receive","role":"client","rows":[{"entity":1,"sequence":189,"tick":420},{"entity":2,"sequence":188,"tick":420}],"time_ms":6760,"wall_ms":1791529728956.0}
S03R {"entity":1,"event":"apply","pose":{"control":1,"durable":2,"entity":1,"position":[0.0,0.00100011611357331,9.0000114440918],"receipt_ms":6760,"sequence":189,"tick":420,"velocity":[0.0,0.0,0.0],"yaw":0.0},"position":[0.0,0.00100011611357331,9.0000114440918],"time_ms":6774,"wall_ms":1791529728971.0,"yaw":0.0}
S03R {"entity":2,"event":"apply","pose":{"control":1,"durable":2,"entity":2,"position":[7.61641073226929,0.00100005290005356,7.85855007171631],"receipt_ms":6760,"sequence":188,"tick":420,"velocity":[0.0,0.0,0.0],"yaw":-0.0000000275340781286104},"position":[7.61641073226929,0.00100005290005356,7.85855007171631],"time_ms":6777,"wall_ms":1791529728974.0,"yaw":-0.0000000275340781286104}
S03R {"event":"state_receive","role":"client","rows":[{"entity":1,"sequence":191,"tick":423},{"entity":2,"sequence":190,"tick":423}],"time_ms":6808,"wall_ms":1791529729005.0}
S03R {"entity":1,"event":"apply","pose":{"control":1,"durable":2,"entity":1,"position":[0.0,0.00100011611357331,9.0000114440918],"receipt_ms":6808,"sequence":191,"tick":423,"velocity":[0.0,0.0,0.0],"yaw":0.0},"position":[0.0,0.00100011611357331,9.0000114440918],"time_ms":6814,"wall_ms":1791529729011.0,"yaw":0.0}
S03R {"entity":2,"event":"apply","pose":{"control":1,"durable":2,"entity":2,"position":[7.61641073226929,0.00100005290005356,7.85855007171631],"receipt_ms":6808,"sequence":190,"tick":423,"velocity":[0.0,0.0,0.0],"yaw":-0.0000000275340781286104},"position":[7.61641073226929,0.00100005290005356,7.85855007171631],"time_ms":6817,"wall_ms":1791529729014.0,"yaw":-0.0000000275340781286104}
S03R {"event":"state_receive","role":"client","rows":[{"entity":1,"sequence":192,"tick":426},{"entity":2,"sequence":191,"tick":426}],"time_ms":6852,"wall_ms":1791529729049.0}
S03R {"entity":1,"event":"apply","pose":{"control":1,"durable":2,"entity":1,"position":[0.0,0.00100011611357331,9.0000114440918],"receipt_ms":6852,"sequence":192,"tick":426,"velocity":[0.0,0.0,0.0],"yaw":0.0},"position":[0.0,0.00100011611357331,9.0000114440918],"time_ms":6870,"wall_ms":1791529729066.0,"yaw":0.0}
S03R {"entity":2,"event":"apply","pose":{"control":1,"durable":2,"entity":2,"position":[7.61641073226929,0.00100005290005356,7.85855007171631],"receipt_ms":6852,"sequence":191,"tick":426,"velocity":[0.0,0.0,0.0],"yaw":-0.0000000275340781286104},"position":[7.61641073226929,0.00100005290005356,7.85855007171631],"time_ms":6873,"wall_ms":1791529729069.0,"yaw":-0.0000000275340781286104}
S03R {"event":"state_receive","role":"client","rows":[{"entity":1,"sequence":194,"tick":429},{"entity":2,"sequence":192,"tick":429}],"time_ms":6900,"wall_ms":1791529729097.0}
S03R {"entity":1,"event":"apply","pose":{"control":1,"durable":2,"entity":1,"position":[0.0,0.00100011611357331,9.0000114440918],"receipt_ms":6900,"sequence":194,"tick":429,"velocity":[0.0,0.0,0.0],"yaw":0.0},"position":[0.0,0.00100011611357331,9.0000114440918],"time_ms":6906,"wall_ms":1791529729103.0,"yaw":0.0}
S03R {"entity":2,"event":"apply","pose":{"control":1,"durable":2,"entity":2,"position":[7.61641073226929,0.00100005290005356,7.85855007171631],"receipt_ms":6900,"sequence":192,"tick":429,"velocity":[0.0,0.0,0.0],"yaw":-0.0000000275340781286104},"position":[7.61641073226929,0.00100005290005356,7.85855007171631],"time_ms":6909,"wall_ms":1791529729106.0,"yaw":-0.0000000275340781286104}
S03R {"event":"input","index":14,"move":0.0,"position":[7.61641073226929,0.00100005290005356,7.85855007171631],"role":"client","sequence_floor":195,"tick":390,"time_ms":6930,"turn":1.0,"wall_ms":1791529729127.0,"yaw":-0.0000000275340781286104}
S03R {"event":"keys","move":0.0,"role":"client","tick":390,"time_ms":6934,"turn":1.0,"wall_ms":1791529729131.0}
S03R {"event":"input_send","index":14,"move":0.0,"role":"client","sample_ticks_ms":6939,"sample_wall_ms":1791529729135.0,"send_ticks_ms":6939,"send_wall_ms":1791529729135.0,"sequence":195,"time_ms":6939,"turn":1.0,"wall_ms":1791529729135.0}
S03R {"event":"state_receive","role":"client","rows":[{"entity":1,"sequence":195,"tick":432},{"entity":2,"sequence":194,"tick":432}],"time_ms":6942,"wall_ms":1791529729139.0}
S03R {"entity":1,"event":"apply","pose":{"control":1,"durable":2,"entity":1,"position":[0.0,0.00100011611357331,9.0000114440918],"receipt_ms":6942,"sequence":195,"tick":432,"velocity":[0.0,0.0,0.0],"yaw":0.0},"position":[0.0,0.00100011611357331,9.0000114440918],"time_ms":6960,"wall_ms":1791529729158.0,"yaw":0.0}
S03R {"entity":2,"event":"apply","pose":{"control":1,"durable":2,"entity":2,"position":[7.61641073226929,0.00100005290005356,7.85855007171631],"receipt_ms":6942,"sequence":194,"tick":432,"velocity":[0.0,0.0,0.0],"yaw":-0.0000000275340781286104},"position":[7.61641073226929,0.00100005290005356,7.85855007171631],"time_ms":6964,"wall_ms":1791529729160.0,"yaw":-0.0000000275340781286104}
S03R {"event":"input_send","index":14,"move":0.0,"role":"client","sample_ticks_ms":6971,"sample_wall_ms":1791529729167.0,"send_ticks_ms":6971,"send_wall_ms":1791529729168.0,"sequence":196,"time_ms":6971,"turn":1.0,"wall_ms":1791529729168.0}
S03R {"event":"state_receive","role":"client","rows":[{"entity":1,"sequence":197,"tick":435},{"entity":2,"sequence":195,"tick":435}],"time_ms":6992,"wall_ms":1791529729189.0}
S03R {"event":"input_send","index":14,"move":0.0,"role":"client","sample_ticks_ms":6998,"sample_wall_ms":1791529729195.0,"send_ticks_ms":6998,"send_wall_ms":1791529729195.0,"sequence":197,"time_ms":6998,"turn":1.0,"wall_ms":1791529729195.0}
S03R {"entity":1,"event":"apply","pose":{"control":1,"durable":2,"entity":1,"position":[0.0,0.00100011611357331,9.0000114440918],"receipt_ms":6992,"sequence":197,"tick":435,"velocity":[0.0,0.0,0.0],"yaw":0.0},"position":[0.0,0.00100011611357331,9.0000114440918],"time_ms":7001,"wall_ms":1791529729198.0,"yaw":0.0}
S03R {"entity":2,"event":"apply","pose":{"control":1,"durable":2,"entity":2,"position":[7.61641073226929,0.00100005290005356,7.85855007171631],"receipt_ms":6992,"sequence":195,"tick":435,"velocity":[0.0,0.0,0.0],"yaw":-0.104719780385494},"position":[7.61641073226929,0.00100005290005356,7.85855007171631],"time_ms":7003,"wall_ms":1791529729200.0,"yaw":-0.104719780385494}
S03R {"event":"input_send","index":14,"move":0.0,"role":"client","sample_ticks_ms":7038,"sample_wall_ms":1791529729235.0,"send_ticks_ms":7039,"send_wall_ms":1791529729237.0,"sequence":198,"time_ms":7039,"turn":1.0,"wall_ms":1791529729237.0}
S03R {"event":"state_receive","role":"client","rows":[{"entity":1,"sequence":198,"tick":438},{"entity":2,"sequence":197,"tick":438}],"time_ms":7054,"wall_ms":1791529729252.0}
S03R {"event":"input_send","index":14,"move":0.0,"role":"client","sample_ticks_ms":7059,"sample_wall_ms":1791529729257.0,"send_ticks_ms":7059,"send_wall_ms":1791529729257.0,"sequence":199,"time_ms":7059,"turn":1.0,"wall_ms":1791529729257.0}
S03R {"entity":1,"event":"apply","pose":{"control":1,"durable":2,"entity":1,"position":[0.0,0.00100011611357331,9.0000114440918],"receipt_ms":7054,"sequence":198,"tick":438,"velocity":[0.0,0.0,0.0],"yaw":0.0},"position":[0.0,0.00100011611357331,9.0000114440918],"time_ms":7063,"wall_ms":1791529729260.0,"yaw":0.0}
S03R {"entity":2,"event":"apply","pose":{"control":1,"durable":2,"entity":2,"position":[7.61641073226929,0.00100005290005356,7.85855007171631],"receipt_ms":7054,"sequence":197,"tick":438,"velocity":[0.0,0.0,0.0],"yaw":-0.261799395084381},"position":[7.61641073226929,0.00100005290005356,7.85855007171631],"time_ms":7066,"wall_ms":1791529729262.0,"yaw":-0.261799395084381}
S03R {"event":"input_send","index":14,"move":0.0,"role":"client","sample_ticks_ms":7100,"sample_wall_ms":1791529729297.0,"send_ticks_ms":7100,"send_wall_ms":1791529729298.0,"sequence":200,"time_ms":7100,"turn":1.0,"wall_ms":1791529729298.0}
S03R {"event":"state_receive","role":"client","rows":[{"entity":1,"sequence":200,"tick":441},{"entity":2,"sequence":199,"tick":441}],"time_ms":7105,"wall_ms":1791529729303.0}
S03R {"entity":1,"event":"apply","pose":{"control":1,"durable":2,"entity":1,"position":[0.0,0.00100011611357331,9.0000114440918],"receipt_ms":7105,"sequence":200,"tick":441,"velocity":[0.0,0.0,0.0],"yaw":0.0},"position":[0.0,0.00100011611357331,9.0000114440918],"time_ms":7108,"wall_ms":1791529729304.0,"yaw":0.0}
S03R {"entity":2,"event":"apply","pose":{"control":1,"durable":2,"entity":2,"position":[7.61641073226929,0.00100005290005356,7.85855007171631],"receipt_ms":7105,"sequence":199,"tick":441,"velocity":[0.0,0.0,0.0],"yaw":-0.418879002332687},"position":[7.61641073226929,0.00100005290005356,7.85855007171631],"time_ms":7111,"wall_ms":1791529729308.0,"yaw":-0.418879002332687}
S03R {"event":"keys","move":0.0,"role":"client","tick":402,"time_ms":7131,"turn":0.0,"wall_ms":1791529729328.0}
S03R {"event":"state_receive","role":"client","rows":[{"entity":1,"sequence":201,"tick":444},{"entity":2,"sequence":200,"tick":444}],"time_ms":7162,"wall_ms":1791529729359.0}
S03R {"entity":1,"event":"apply","pose":{"control":1,"durable":2,"entity":1,"position":[0.0,0.00100011611357331,9.0000114440918],"receipt_ms":7162,"sequence":201,"tick":444,"velocity":[0.0,0.0,0.0],"yaw":0.0},"position":[0.0,0.00100011611357331,9.0000114440918],"time_ms":7165,"wall_ms":1791529729363.0,"yaw":0.0}
S03R {"entity":2,"event":"apply","pose":{"control":1,"durable":2,"entity":2,"position":[7.61641073226929,0.00100005290005356,7.85855007171631],"receipt_ms":7162,"sequence":200,"tick":444,"velocity":[0.0,0.0,0.0],"yaw":-0.575958669185638},"position":[7.61641073226929,0.00100005290005356,7.85855007171631],"time_ms":7170,"wall_ms":1791529729367.0,"yaw":-0.575958669185638}
S03R {"event":"state_receive","role":"client","rows":[{"entity":1,"sequence":203,"tick":447},{"entity":2,"sequence":202,"tick":447}],"time_ms":7193,"wall_ms":1791529729390.0}
S03R {"entity":1,"event":"apply","pose":{"control":1,"durable":2,"entity":1,"position":[0.0,0.00100011611357331,9.0000114440918],"receipt_ms":7193,"sequence":203,"tick":447,"velocity":[0.0,0.0,0.0],"yaw":0.0},"position":[0.0,0.00100011611357331,9.0000114440918],"time_ms":7199,"wall_ms":1791529729396.0,"yaw":0.0}
S03R {"entity":2,"event":"apply","pose":{"control":1,"durable":2,"entity":2,"position":[7.61641073226929,0.00100005290005356,7.85855007171631],"receipt_ms":7193,"sequence":202,"tick":447,"velocity":[0.0,0.0,0.0],"yaw":-0.680678486824036},"position":[7.61641073226929,0.00100005290005356,7.85855007171631],"time_ms":7203,"wall_ms":1791529729399.0,"yaw":-0.680678486824036}
S03R {"event":"state_receive","role":"client","rows":[{"entity":1,"sequence":204,"tick":450},{"entity":2,"sequence":203,"tick":450}],"time_ms":7241,"wall_ms":1791529729439.0}
S03R {"entity":1,"event":"apply","pose":{"control":1,"durable":2,"entity":1,"position":[0.0,0.00100011611357331,9.0000114440918],"receipt_ms":7241,"sequence":204,"tick":450,"velocity":[0.0,0.0,0.0],"yaw":0.0},"position":[0.0,0.00100011611357331,9.0000114440918],"time_ms":7245,"wall_ms":1791529729442.0,"yaw":0.0}
S03R {"entity":2,"event":"apply","pose":{"control":1,"durable":2,"entity":2,"position":[7.61641073226929,0.00100005290005356,7.85855007171631],"receipt_ms":7241,"sequence":203,"tick":450,"velocity":[0.0,0.0,0.0],"yaw":-0.680678486824036},"position":[7.61641073226929,0.00100005290005356,7.85855007171631],"time_ms":7249,"wall_ms":1791529729446.0,"yaw":-0.680678486824036}
S03R {"event":"state_receive","role":"client","rows":[{"entity":1,"sequence":206,"tick":453},{"entity":2,"sequence":205,"tick":453}],"time_ms":7289,"wall_ms":1791529729486.0}
S03R {"entity":1,"event":"apply","pose":{"control":1,"durable":2,"entity":1,"position":[0.0,0.00100011611357331,9.0000114440918],"receipt_ms":7289,"sequence":206,"tick":453,"velocity":[0.0,0.0,0.0],"yaw":0.0},"position":[0.0,0.00100011611357331,9.0000114440918],"time_ms":7292,"wall_ms":1791529729489.0,"yaw":0.0}
S03R {"entity":2,"event":"apply","pose":{"control":1,"durable":2,"entity":2,"position":[7.61641073226929,0.00100005290005356,7.85855007171631],"receipt_ms":7289,"sequence":205,"tick":453,"velocity":[0.0,0.0,0.0],"yaw":-0.680678486824036},"position":[7.61641073226929,0.00100005290005356,7.85855007171631],"time_ms":7296,"wall_ms":1791529729493.0,"yaw":-0.680678486824036}
S03R {"event":"state_receive","role":"client","rows":[{"entity":1,"sequence":207,"tick":456},{"entity":2,"sequence":206,"tick":456}],"time_ms":7352,"wall_ms":1791529729550.0}
S03R {"entity":1,"event":"apply","pose":{"control":1,"durable":2,"entity":1,"position":[0.0,0.00100011611357331,9.0000114440918],"receipt_ms":7352,"sequence":207,"tick":456,"velocity":[0.0,0.0,0.0],"yaw":0.0},"position":[0.0,0.00100011611357331,9.0000114440918],"time_ms":7358,"wall_ms":1791529729555.0,"yaw":0.0}
S03R {"entity":2,"event":"apply","pose":{"control":1,"durable":2,"entity":2,"position":[7.61641073226929,0.00100005290005356,7.85855007171631],"receipt_ms":7352,"sequence":206,"tick":456,"velocity":[0.0,0.0,0.0],"yaw":-0.680678486824036},"position":[7.61641073226929,0.00100005290005356,7.85855007171631],"time_ms":7361,"wall_ms":1791529729558.0,"yaw":-0.680678486824036}
S03R {"event":"state_receive","role":"client","rows":[{"entity":1,"sequence":209,"tick":459},{"entity":2,"sequence":208,"tick":459}],"time_ms":7398,"wall_ms":1791529729595.0}
S03R {"entity":1,"event":"apply","pose":{"control":1,"durable":2,"entity":1,"position":[0.0,0.00100011611357331,9.0000114440918],"receipt_ms":7398,"sequence":209,"tick":459,"velocity":[0.0,0.0,0.0],"yaw":0.0},"position":[0.0,0.00100011611357331,9.0000114440918],"time_ms":7414,"wall_ms":1791529729611.0,"yaw":0.0}
S03R {"entity":2,"event":"apply","pose":{"control":1,"durable":2,"entity":2,"position":[7.61641073226929,0.00100005290005356,7.85855007171631],"receipt_ms":7398,"sequence":208,"tick":459,"velocity":[0.0,0.0,0.0],"yaw":-0.680678486824036},"position":[7.61641073226929,0.00100005290005356,7.85855007171631],"time_ms":7420,"wall_ms":1791529729617.0,"yaw":-0.680678486824036}
S03R {"event":"input","index":15,"move":1.0,"position":[7.61641073226929,0.00100005290005356,7.85855007171631],"role":"client","sequence_floor":210,"tick":420,"time_ms":7430,"turn":0.0,"wall_ms":1791529729627.0,"yaw":-0.680678486824036}
S03R {"event":"keys","move":1.0,"role":"client","tick":420,"time_ms":7435,"turn":0.0,"wall_ms":1791529729632.0}
S03R {"event":"input_send","index":15,"move":1.0,"role":"client","sample_ticks_ms":7439,"sample_wall_ms":1791529729635.0,"send_ticks_ms":7439,"send_wall_ms":1791529729637.0,"sequence":210,"time_ms":7439,"turn":0.0,"wall_ms":1791529729637.0}
S03R {"event":"state_receive","role":"client","rows":[{"entity":1,"sequence":210,"tick":462},{"entity":2,"sequence":209,"tick":462}],"time_ms":7460,"wall_ms":1791529729656.0}
S03R {"event":"input_send","index":15,"move":1.0,"role":"client","sample_ticks_ms":7475,"sample_wall_ms":1791529729672.0,"send_ticks_ms":7475,"send_wall_ms":1791529729672.0,"sequence":211,"time_ms":7475,"turn":0.0,"wall_ms":1791529729672.0}
S03R {"entity":1,"event":"apply","pose":{"control":1,"durable":2,"entity":1,"position":[0.0,0.00100011611357331,9.0000114440918],"receipt_ms":7460,"sequence":210,"tick":462,"velocity":[0.0,0.0,0.0],"yaw":0.0},"position":[0.0,0.00100011611357331,9.0000114440918],"time_ms":7478,"wall_ms":1791529729675.0,"yaw":0.0}
S03R {"entity":2,"event":"apply","pose":{"control":1,"durable":2,"entity":2,"position":[7.61641073226929,0.00100005290005356,7.85855007171631],"receipt_ms":7460,"sequence":209,"tick":462,"velocity":[0.0,0.0,0.0],"yaw":-0.680678486824036},"position":[7.61641073226929,0.00100005290005356,7.85855007171631],"time_ms":7482,"wall_ms":1791529729679.0,"yaw":-0.680678486824036}
S03R {"event":"state_receive","role":"client","rows":[{"entity":1,"sequence":212,"tick":465},{"entity":2,"sequence":210,"tick":465}],"time_ms":7487,"wall_ms":1791529729684.0}
S03R {"entity":1,"event":"apply","pose":{"control":1,"durable":2,"entity":1,"position":[0.0,0.00100011611357331,9.0000114440918],"receipt_ms":7487,"sequence":212,"tick":465,"velocity":[0.0,0.0,0.0],"yaw":0.0},"position":[0.0,0.00100011611357331,9.0000114440918],"time_ms":7491,"wall_ms":1791529729688.0,"yaw":0.0}
S03R {"entity":2,"event":"apply","pose":{"control":1,"durable":2,"entity":2,"position":[7.77374124526978,0.00100005290005356,7.66426372528076],"receipt_ms":7487,"sequence":210,"tick":465,"velocity":[3.14659929275513,0.0,-3.88572597503662],"yaw":-0.680678486824036},"position":[7.77374124526978,0.00100005290005356,7.66426372528076],"time_ms":7495,"wall_ms":1791529729692.0,"yaw":-0.680678486824036}
S03R {"event":"input_send","index":15,"move":1.0,"role":"client","sample_ticks_ms":7501,"sample_wall_ms":1791529729697.0,"send_ticks_ms":7501,"send_wall_ms":1791529729698.0,"sequence":212,"time_ms":7501,"turn":0.0,"wall_ms":1791529729698.0}
S03R {"event":"input_send","index":15,"move":1.0,"role":"client","sample_ticks_ms":7537,"sample_wall_ms":1791529729734.0,"send_ticks_ms":7537,"send_wall_ms":1791529729734.0,"sequence":213,"time_ms":7537,"turn":0.0,"wall_ms":1791529729734.0}
S03R {"event":"state_receive","role":"client","rows":[{"entity":1,"sequence":213,"tick":468},{"entity":2,"sequence":212,"tick":468}],"time_ms":7542,"wall_ms":1791529729738.0}
S03R {"entity":1,"event":"apply","pose":{"control":1,"durable":2,"entity":1,"position":[0.0,0.00100011611357331,9.0000114440918],"receipt_ms":7542,"sequence":213,"tick":468,"velocity":[0.0,0.0,0.0],"yaw":0.0},"position":[0.0,0.00100011611357331,9.0000114440918],"time_ms":7546,"wall_ms":1791529729743.0,"yaw":0.0}
S03R {"entity":2,"event":"apply","pose":{"control":1,"durable":2,"entity":2,"position":[7.93107175827026,0.00100005290005356,7.46997737884521],"receipt_ms":7542,"sequence":212,"tick":468,"velocity":[3.14659929275513,0.0,-3.88572597503662],"yaw":-0.680678486824036},"position":[7.93107175827026,0.00100005290005356,7.46997737884521],"time_ms":7551,"wall_ms":1791529729749.0,"yaw":-0.680678486824036}
S03R {"event":"input_send","index":15,"move":1.0,"role":"client","sample_ticks_ms":7567,"sample_wall_ms":1791529729765.0,"send_ticks_ms":7568,"send_wall_ms":1791529729765.0,"sequence":214,"time_ms":7568,"turn":0.0,"wall_ms":1791529729765.0}
S03R {"event":"input_send","index":15,"move":1.0,"role":"client","sample_ticks_ms":7599,"sample_wall_ms":1791529729796.0,"send_ticks_ms":7599,"send_wall_ms":1791529729796.0,"sequence":215,"time_ms":7599,"turn":0.0,"wall_ms":1791529729796.0}
S03R {"event":"state_receive","role":"client","rows":[{"entity":1,"sequence":215,"tick":471},{"entity":2,"sequence":214,"tick":471}],"time_ms":7607,"wall_ms":1791529729805.0}
S03R {"entity":1,"event":"apply","pose":{"control":1,"durable":2,"entity":1,"position":[0.0,0.00100011611357331,9.0000114440918],"receipt_ms":7607,"sequence":215,"tick":471,"velocity":[0.0,0.0,0.0],"yaw":0.0},"position":[0.0,0.00100011611357331,9.0000114440918],"time_ms":7611,"wall_ms":1791529729809.0,"yaw":0.0}
S03R {"entity":2,"event":"apply","pose":{"control":1,"durable":2,"entity":2,"position":[8.08840179443359,0.00100005290005356,7.27569103240967],"receipt_ms":7607,"sequence":214,"tick":471,"velocity":[3.14659929275513,0.0,-3.88572597503662],"yaw":-0.680678486824036},"position":[8.08840179443359,0.00100005290005356,7.27569103240967],"time_ms":7615,"wall_ms":1791529729813.0,"yaw":-0.680678486824036}
S03R {"event":"keys","move":0.0,"role":"client","tick":432,"time_ms":7630,"turn":0.0,"wall_ms":1791529729827.0}
S03R {"event":"state_receive","role":"client","rows":[{"entity":1,"sequence":216,"tick":474},{"entity":2,"sequence":215,"tick":474}],"time_ms":7649,"wall_ms":1791529729845.0}
S03R {"entity":1,"event":"apply","pose":{"control":1,"durable":2,"entity":1,"position":[0.0,0.00100011611357331,9.0000114440918],"receipt_ms":7649,"sequence":216,"tick":474,"velocity":[0.0,0.0,0.0],"yaw":0.0},"position":[0.0,0.00100011611357331,9.0000114440918],"time_ms":7660,"wall_ms":1791529729858.0,"yaw":0.0}
S03R {"entity":2,"event":"apply","pose":{"control":1,"durable":2,"entity":2,"position":[8.24573230743408,0.00100005290005356,7.08140468597412],"receipt_ms":7649,"sequence":215,"tick":474,"velocity":[3.14659929275513,0.0,-3.88572597503662],"yaw":-0.680678486824036},"position":[8.24573230743408,0.00100005290005356,7.08140468597412],"time_ms":7663,"wall_ms":1791529729861.0,"yaw":-0.680678486824036}
S03R {"event":"state_receive","role":"client","rows":[{"entity":1,"sequence":218,"tick":477},{"entity":2,"sequence":217,"tick":477}],"time_ms":7706,"wall_ms":1791529729903.0}
S03R {"entity":1,"event":"apply","pose":{"control":1,"durable":2,"entity":1,"position":[0.0,0.00100011611357331,9.0000114440918],"receipt_ms":7706,"sequence":218,"tick":477,"velocity":[0.0,0.0,0.0],"yaw":0.0},"position":[0.0,0.00100011611357331,9.0000114440918],"time_ms":7711,"wall_ms":1791529729908.0,"yaw":0.0}
S03R {"entity":2,"event":"apply","pose":{"control":1,"durable":2,"entity":2,"position":[8.24573230743408,0.00100005290005356,7.08140468597412],"receipt_ms":7706,"sequence":217,"tick":477,"velocity":[0.0,0.0,0.0],"yaw":-0.680678486824036},"position":[8.24573230743408,0.00100005290005356,7.08140468597412],"time_ms":7716,"wall_ms":1791529729913.0,"yaw":-0.680678486824036}
S03R {"event":"state_receive","role":"client","rows":[{"entity":1,"sequence":219,"tick":480},{"entity":2,"sequence":219,"tick":480}],"time_ms":7753,"wall_ms":1791529729950.0}
S03R {"entity":1,"event":"apply","pose":{"control":1,"durable":2,"entity":1,"position":[0.0,0.00100011611357331,9.0000114440918],"receipt_ms":7753,"sequence":219,"tick":480,"velocity":[0.0,0.0,0.0],"yaw":0.0},"position":[0.0,0.00100011611357331,9.0000114440918],"time_ms":7759,"wall_ms":1791529729956.0,"yaw":0.0}
S03R {"entity":2,"event":"apply","pose":{"control":1,"durable":2,"entity":2,"position":[8.24573230743408,0.00100005290005356,7.08140468597412],"receipt_ms":7753,"sequence":219,"tick":480,"velocity":[0.0,0.0,0.0],"yaw":-0.680678486824036},"position":[8.24573230743408,0.00100005290005356,7.08140468597412],"time_ms":7764,"wall_ms":1791529729962.0,"yaw":-0.680678486824036}
S03R {"event":"state_receive","role":"client","rows":[{"entity":1,"sequence":221,"tick":483},{"entity":2,"sequence":220,"tick":483}],"time_ms":7801,"wall_ms":1791529729998.0}
S03R {"entity":1,"event":"apply","pose":{"control":1,"durable":2,"entity":1,"position":[0.0,0.00100011611357331,9.0000114440918],"receipt_ms":7801,"sequence":221,"tick":483,"velocity":[0.0,0.0,0.0],"yaw":0.0},"position":[0.0,0.00100011611357331,9.0000114440918],"time_ms":7807,"wall_ms":1791529730003.0,"yaw":0.0}
S03R {"entity":2,"event":"apply","pose":{"control":1,"durable":2,"entity":2,"position":[8.24573230743408,0.00100005290005356,7.08140468597412],"receipt_ms":7801,"sequence":220,"tick":483,"velocity":[0.0,0.0,0.0],"yaw":-0.680678486824036},"position":[8.24573230743408,0.00100005290005356,7.08140468597412],"time_ms":7809,"wall_ms":1791529730006.0,"yaw":-0.680678486824036}
S03R {"event":"state_receive","role":"client","rows":[{"entity":1,"sequence":222,"tick":486},{"entity":2,"sequence":221,"tick":486}],"time_ms":7861,"wall_ms":1791529730058.0}
S03R {"entity":1,"event":"apply","pose":{"control":1,"durable":2,"entity":1,"position":[0.0,0.00100011611357331,9.0000114440918],"receipt_ms":7861,"sequence":222,"tick":486,"velocity":[0.0,0.0,0.0],"yaw":0.0},"position":[0.0,0.00100011611357331,9.0000114440918],"time_ms":7866,"wall_ms":1791529730063.0,"yaw":0.0}
S03R {"entity":2,"event":"apply","pose":{"control":1,"durable":2,"entity":2,"position":[8.24573230743408,0.00100005290005356,7.08140468597412],"receipt_ms":7861,"sequence":221,"tick":486,"velocity":[0.0,0.0,0.0],"yaw":-0.680678486824036},"position":[8.24573230743408,0.00100005290005356,7.08140468597412],"time_ms":7870,"wall_ms":1791529730068.0,"yaw":-0.680678486824036}
S03R {"event":"state_receive","role":"client","rows":[{"entity":1,"sequence":224,"tick":489},{"entity":2,"sequence":223,"tick":489}],"time_ms":7891,"wall_ms":1791529730088.0}
S03R {"entity":1,"event":"apply","pose":{"control":1,"durable":2,"entity":1,"position":[0.0,0.00100011611357331,9.0000114440918],"receipt_ms":7891,"sequence":224,"tick":489,"velocity":[0.0,0.0,0.0],"yaw":0.0},"position":[0.0,0.00100011611357331,9.0000114440918],"time_ms":7894,"wall_ms":1791529730092.0,"yaw":0.0}
S03R {"entity":2,"event":"apply","pose":{"control":1,"durable":2,"entity":2,"position":[8.24573230743408,0.00100005290005356,7.08140468597412],"receipt_ms":7891,"sequence":223,"tick":489,"velocity":[0.0,0.0,0.0],"yaw":-0.680678486824036},"position":[8.24573230743408,0.00100005290005356,7.08140468597412],"time_ms":7898,"wall_ms":1791529730094.0,"yaw":-0.680678486824036}
S03R {"event":"input","index":16,"move":0.0,"position":[8.24573230743408,0.00100005290005356,7.08140468597412],"role":"client","sequence_floor":225,"tick":450,"time_ms":7937,"turn":-1.0,"wall_ms":1791529730134.0,"yaw":-0.680678486824036}
S03R {"event":"keys","move":0.0,"role":"client","tick":450,"time_ms":7940,"turn":-1.0,"wall_ms":1791529730137.0}
S03R {"event":"input_send","index":16,"move":0.0,"role":"client","sample_ticks_ms":7946,"sample_wall_ms":1791529730144.0,"send_ticks_ms":7946,"send_wall_ms":1791529730144.0,"sequence":225,"time_ms":7946,"turn":-1.0,"wall_ms":1791529730144.0}
S03R {"event":"state_receive","role":"client","rows":[{"entity":1,"sequence":225,"tick":492},{"entity":2,"sequence":224,"tick":492}],"time_ms":7954,"wall_ms":1791529730151.0}
S03R {"event":"input_send","index":16,"move":0.0,"role":"client","sample_ticks_ms":7968,"sample_wall_ms":1791529730166.0,"send_ticks_ms":7969,"send_wall_ms":1791529730166.0,"sequence":226,"time_ms":7969,"turn":-1.0,"wall_ms":1791529730166.0}
S03R {"entity":1,"event":"apply","pose":{"control":1,"durable":2,"entity":1,"position":[0.0,0.00100011611357331,9.0000114440918],"receipt_ms":7954,"sequence":225,"tick":492,"velocity":[0.0,0.0,0.0],"yaw":0.0},"position":[0.0,0.00100011611357331,9.0000114440918],"time_ms":7975,"wall_ms":1791529730172.0,"yaw":0.0}
S03R {"entity":2,"event":"apply","pose":{"control":1,"durable":2,"entity":2,"position":[8.24573230743408,0.00100005290005356,7.08140468597412],"receipt_ms":7954,"sequence":224,"tick":492,"velocity":[0.0,0.0,0.0],"yaw":-0.680678486824036},"position":[8.24573230743408,0.00100005290005356,7.08140468597412],"time_ms":7981,"wall_ms":1791529730178.0,"yaw":-0.680678486824036}
S03R {"event":"input_send","index":16,"move":0.0,"role":"client","sample_ticks_ms":7999,"sample_wall_ms":1791529730196.0,"send_ticks_ms":7999,"send_wall_ms":1791529730196.0,"sequence":227,"time_ms":7999,"turn":-1.0,"wall_ms":1791529730196.0}
S03R {"event":"state_receive","role":"client","rows":[{"entity":1,"sequence":227,"tick":495},{"entity":2,"sequence":226,"tick":495}],"time_ms":8003,"wall_ms":1791529730199.0}
S03R {"entity":1,"event":"apply","pose":{"control":1,"durable":2,"entity":1,"position":[0.0,0.00100011611357331,9.0000114440918],"receipt_ms":8003,"sequence":227,"tick":495,"velocity":[0.0,0.0,0.0],"yaw":0.0},"position":[0.0,0.00100011611357331,9.0000114440918],"time_ms":8014,"wall_ms":1791529730211.0,"yaw":0.0}
S03R {"entity":2,"event":"apply","pose":{"control":1,"durable":2,"entity":2,"position":[8.24573230743408,0.00100005290005356,7.08140468597412],"receipt_ms":8003,"sequence":226,"tick":495,"velocity":[0.0,0.0,0.0],"yaw":-0.523598790168762},"position":[8.24573230743408,0.00100005290005356,7.08140468597412],"time_ms":8018,"wall_ms":1791529730215.0,"yaw":-0.523598790168762}
S03R {"event":"input_send","index":16,"move":0.0,"role":"client","sample_ticks_ms":8024,"sample_wall_ms":1791529730221.0,"send_ticks_ms":8024,"send_wall_ms":1791529730221.0,"sequence":228,"time_ms":8024,"turn":-1.0,"wall_ms":1791529730221.0}
S03R {"event":"state_receive","role":"client","rows":[{"entity":1,"sequence":228,"tick":498},{"entity":2,"sequence":227,"tick":498}],"time_ms":8045,"wall_ms":1791529730242.0}
S03R {"entity":1,"event":"apply","pose":{"control":1,"durable":2,"entity":1,"position":[0.0,0.00100011611357331,9.0000114440918],"receipt_ms":8044,"sequence":228,"tick":498,"velocity":[0.0,0.0,0.0],"yaw":0.0},"position":[0.0,0.00100011611357331,9.0000114440918],"time_ms":8048,"wall_ms":1791529730245.0,"yaw":0.0}
S03R {"entity":2,"event":"apply","pose":{"control":1,"durable":2,"entity":2,"position":[8.24573230743408,0.00100005290005356,7.08140468597412],"receipt_ms":8045,"sequence":227,"tick":498,"velocity":[0.0,0.0,0.0],"yaw":-0.366519153118134},"position":[8.24573230743408,0.00100005290005356,7.08140468597412],"time_ms":8052,"wall_ms":1791529730250.0,"yaw":-0.366519153118134}
S03R {"event":"input_send","index":16,"move":0.0,"role":"client","sample_ticks_ms":8060,"sample_wall_ms":1791529730257.0,"send_ticks_ms":8060,"send_wall_ms":1791529730257.0,"sequence":229,"time_ms":8060,"turn":-1.0,"wall_ms":1791529730257.0}
S03R {"event":"input_send","index":16,"move":0.0,"role":"client","sample_ticks_ms":8091,"sample_wall_ms":1791529730289.0,"send_ticks_ms":8091,"send_wall_ms":1791529730289.0,"sequence":230,"time_ms":8091,"turn":-1.0,"wall_ms":1791529730289.0}
S03R {"event":"state_receive","role":"client","rows":[{"entity":1,"sequence":230,"tick":501},{"entity":2,"sequence":229,"tick":501}],"time_ms":8106,"wall_ms":1791529730304.0}
S03R {"entity":1,"event":"apply","pose":{"control":1,"durable":2,"entity":1,"position":[0.0,0.00100011611357331,9.0000114440918],"receipt_ms":8106,"sequence":230,"tick":501,"velocity":[0.0,0.0,0.0],"yaw":0.0},"position":[0.0,0.00100011611357331,9.0000114440918],"time_ms":8110,"wall_ms":1791529730306.0,"yaw":0.0}
S03R {"entity":2,"event":"apply","pose":{"control":1,"durable":2,"entity":2,"position":[8.24573230743408,0.00100005290005356,7.08140468597412],"receipt_ms":8106,"sequence":229,"tick":501,"velocity":[0.0,0.0,0.0],"yaw":-0.209439486265183},"position":[8.24573230743408,0.00100005290005356,7.08140468597412],"time_ms":8114,"wall_ms":1791529730311.0,"yaw":-0.209439486265183}
S03R {"event":"keys","move":0.0,"role":"client","tick":462,"time_ms":8138,"turn":0.0,"wall_ms":1791529730335.0}
S03R {"event":"state_receive","role":"client","rows":[{"entity":1,"sequence":231,"tick":504},{"entity":2,"sequence":230,"tick":504}],"time_ms":8154,"wall_ms":1791529730351.0}
S03R {"entity":1,"event":"apply","pose":{"control":1,"durable":2,"entity":1,"position":[0.0,0.00100011611357331,9.0000114440918],"receipt_ms":8154,"sequence":231,"tick":504,"velocity":[0.0,0.0,0.0],"yaw":0.0},"position":[0.0,0.00100011611357331,9.0000114440918],"time_ms":8159,"wall_ms":1791529730356.0,"yaw":0.0}
S03R {"entity":2,"event":"apply","pose":{"control":1,"durable":2,"entity":2,"position":[8.24573230743408,0.00100005290005356,7.08140468597412],"receipt_ms":8154,"sequence":230,"tick":504,"velocity":[0.0,0.0,0.0],"yaw":-0.0523598417639732},"position":[8.24573230743408,0.00100005290005356,7.08140468597412],"time_ms":8161,"wall_ms":1791529730358.0,"yaw":-0.0523598417639732}
S03R {"event":"state_receive","role":"client","rows":[{"entity":1,"sequence":233,"tick":507},{"entity":2,"sequence":232,"tick":507}],"time_ms":8201,"wall_ms":1791529730399.0}
S03R {"entity":1,"event":"apply","pose":{"control":1,"durable":2,"entity":1,"position":[0.0,0.00100011611357331,9.0000114440918],"receipt_ms":8200,"sequence":233,"tick":507,"velocity":[0.0,0.0,0.0],"yaw":0.0},"position":[0.0,0.00100011611357331,9.0000114440918],"time_ms":8214,"wall_ms":1791529730412.0,"yaw":0.0}
S03R {"entity":2,"event":"apply","pose":{"control":1,"durable":2,"entity":2,"position":[8.24573230743408,0.00100005290005356,7.08140468597412],"receipt_ms":8201,"sequence":232,"tick":507,"velocity":[0.0,0.0,0.0],"yaw":-0.052359864115715},"position":[8.24573230743408,0.00100005290005356,7.08140468597412],"time_ms":8217,"wall_ms":1791529730415.0,"yaw":-0.052359864115715}
S03R {"event":"state_receive","role":"client","rows":[{"entity":1,"sequence":234,"tick":510},{"entity":2,"sequence":232,"tick":510}],"time_ms":8246,"wall_ms":1791529730442.0}
S03R {"entity":1,"event":"apply","pose":{"control":1,"durable":2,"entity":1,"position":[0.0,0.00100011611357331,9.0000114440918],"receipt_ms":8246,"sequence":234,"tick":510,"velocity":[0.0,0.0,0.0],"yaw":0.0},"position":[0.0,0.00100011611357331,9.0000114440918],"time_ms":8249,"wall_ms":1791529730446.0,"yaw":0.0}
S03R {"entity":2,"event":"apply","pose":{"control":1,"durable":2,"entity":2,"position":[8.24573230743408,0.00100005290005356,7.08140468597412],"receipt_ms":8246,"sequence":232,"tick":510,"velocity":[0.0,0.0,0.0],"yaw":-0.0523598864674568},"position":[8.24573230743408,0.00100005290005356,7.08140468597412],"time_ms":8253,"wall_ms":1791529730450.0,"yaw":-0.0523598864674568}
S03R {"event":"state_receive","role":"client","rows":[{"entity":1,"sequence":236,"tick":513},{"entity":2,"sequence":235,"tick":513}],"time_ms":8291,"wall_ms":1791529730489.0}
S03R {"entity":1,"event":"apply","pose":{"control":1,"durable":2,"entity":1,"position":[0.0,0.00100011611357331,9.0000114440918],"receipt_ms":8291,"sequence":236,"tick":513,"velocity":[0.0,0.0,0.0],"yaw":0.0},"position":[0.0,0.00100011611357331,9.0000114440918],"time_ms":8297,"wall_ms":1791529730494.0,"yaw":0.0}
S03R {"entity":2,"event":"apply","pose":{"control":1,"durable":2,"entity":2,"position":[8.24573230743408,0.00100005290005356,7.08140468597412],"receipt_ms":8291,"sequence":235,"tick":513,"velocity":[0.0,0.0,0.0],"yaw":-0.0523599088191986},"position":[8.24573230743408,0.00100005290005356,7.08140468597412],"time_ms":8301,"wall_ms":1791529730498.0,"yaw":-0.0523599088191986}
S03R {"event":"state_receive","role":"client","rows":[{"entity":1,"sequence":237,"tick":516},{"entity":2,"sequence":236,"tick":516}],"time_ms":8341,"wall_ms":1791529730538.0}
S03R {"entity":1,"event":"apply","pose":{"control":1,"durable":2,"entity":1,"position":[0.0,0.00100011611357331,9.0000114440918],"receipt_ms":8341,"sequence":237,"tick":516,"velocity":[0.0,0.0,0.0],"yaw":0.0},"position":[0.0,0.00100011611357331,9.0000114440918],"time_ms":8346,"wall_ms":1791529730543.0,"yaw":0.0}
S03R {"entity":2,"event":"apply","pose":{"control":1,"durable":2,"entity":2,"position":[8.24573230743408,0.00100005290005356,7.08140468597412],"receipt_ms":8341,"sequence":236,"tick":516,"velocity":[0.0,0.0,0.0],"yaw":-0.0523599311709404},"position":[8.24573230743408,0.00100005290005356,7.08140468597412],"time_ms":8349,"wall_ms":1791529730546.0,"yaw":-0.0523599311709404}
S03R {"event":"state_receive","role":"client","rows":[{"entity":1,"sequence":239,"tick":519},{"entity":2,"sequence":238,"tick":519}],"time_ms":8403,"wall_ms":1791529730601.0}
S03R {"entity":1,"event":"apply","pose":{"control":1,"durable":2,"entity":1,"position":[0.0,0.00100011611357331,9.0000114440918],"receipt_ms":8403,"sequence":239,"tick":519,"velocity":[0.0,0.0,0.0],"yaw":0.0},"position":[0.0,0.00100011611357331,9.0000114440918],"time_ms":8417,"wall_ms":1791529730614.0,"yaw":0.0}
S03R {"entity":2,"event":"apply","pose":{"control":1,"durable":2,"entity":2,"position":[8.24573230743408,0.00100005290005356,7.08140468597412],"receipt_ms":8403,"sequence":238,"tick":519,"velocity":[0.0,0.0,0.0],"yaw":-0.0523599535226822},"position":[8.24573230743408,0.00100005290005356,7.08140468597412],"time_ms":8420,"wall_ms":1791529730616.0,"yaw":-0.0523599535226822}
S03R {"event":"input","index":17,"move":1.0,"position":[8.24573230743408,0.00100005290005356,7.08140468597412],"role":"client","sequence_floor":240,"tick":480,"time_ms":8433,"turn":0.0,"wall_ms":1791529730630.0,"yaw":-0.0523599535226822}
S03R {"event":"keys","move":1.0,"role":"client","tick":480,"time_ms":8448,"turn":0.0,"wall_ms":1791529730645.0}
S03R {"event":"input_send","index":17,"move":1.0,"role":"client","sample_ticks_ms":8453,"sample_wall_ms":1791529730649.0,"send_ticks_ms":8453,"send_wall_ms":1791529730649.0,"sequence":240,"time_ms":8453,"turn":0.0,"wall_ms":1791529730649.0}
S03R {"event":"input_send","index":17,"move":1.0,"role":"client","sample_ticks_ms":8478,"sample_wall_ms":1791529730676.0,"send_ticks_ms":8479,"send_wall_ms":1791529730676.0,"sequence":241,"time_ms":8479,"turn":0.0,"wall_ms":1791529730676.0}
S03R {"event":"state_receive","role":"client","rows":[{"entity":1,"sequence":240,"tick":522},{"entity":2,"sequence":239,"tick":522}],"time_ms":8486,"wall_ms":1791529730684.0}
S03R {"entity":1,"event":"apply","pose":{"control":1,"durable":2,"entity":1,"position":[0.0,0.00100011611357331,9.0000114440918],"receipt_ms":8486,"sequence":240,"tick":522,"velocity":[0.0,0.0,0.0],"yaw":0.0},"position":[0.0,0.00100011611357331,9.0000114440918],"time_ms":8492,"wall_ms":1791529730689.0,"yaw":0.0}
S03R {"entity":2,"event":"apply","pose":{"control":1,"durable":2,"entity":2,"position":[8.24573230743408,0.00100005290005356,7.08140468597412],"receipt_ms":8486,"sequence":239,"tick":522,"velocity":[0.0,0.0,0.0],"yaw":-0.052359975874424},"position":[8.24573230743408,0.00100005290005356,7.08140468597412],"time_ms":8498,"wall_ms":1791529730696.0,"yaw":-0.052359975874424}
S03R {"event":"input_send","index":17,"move":1.0,"role":"client","sample_ticks_ms":8505,"sample_wall_ms":1791529730703.0,"send_ticks_ms":8505,"send_wall_ms":1791529730703.0,"sequence":242,"time_ms":8505,"turn":0.0,"wall_ms":1791529730703.0}
S03R {"event":"input_send","index":17,"move":1.0,"role":"client","sample_ticks_ms":8525,"sample_wall_ms":1791529730722.0,"send_ticks_ms":8525,"send_wall_ms":1791529730722.0,"sequence":243,"time_ms":8525,"turn":0.0,"wall_ms":1791529730722.0}
S03R {"event":"state_receive","role":"client","rows":[{"entity":1,"sequence":242,"tick":525},{"entity":2,"sequence":241,"tick":525}],"time_ms":8532,"wall_ms":1791529730729.0}
S03R {"entity":1,"event":"apply","pose":{"control":1,"durable":2,"entity":1,"position":[0.0,0.00100011611357331,9.0000114440918],"receipt_ms":8532,"sequence":242,"tick":525,"velocity":[0.0,0.0,0.0],"yaw":0.0},"position":[0.0,0.00100011611357331,9.0000114440918],"time_ms":8556,"wall_ms":1791529730753.0,"yaw":0.0}
S03R {"entity":2,"event":"apply","pose":{"control":1,"durable":2,"entity":2,"position":[8.25881576538086,0.00100005290005356,6.83174753189087],"receipt_ms":8532,"sequence":241,"tick":525,"velocity":[0.261680126190186,0.0,-4.99314308166504],"yaw":-0.0523599982261658},"position":[8.25881576538086,0.00100005290005356,6.83174753189087],"time_ms":8559,"wall_ms":1791529730756.0,"yaw":-0.0523599982261658}
S03R {"event":"state_receive","role":"client","rows":[{"entity":1,"sequence":243,"tick":528},{"entity":2,"sequence":243,"tick":528}],"time_ms":8567,"wall_ms":1791529730764.0}
S03R {"event":"input_send","index":17,"move":1.0,"role":"client","sample_ticks_ms":8572,"sample_wall_ms":1791529730768.0,"send_ticks_ms":8572,"send_wall_ms":1791529730768.0,"sequence":244,"time_ms":8572,"turn":0.0,"wall_ms":1791529730768.0}
S03R {"entity":1,"event":"apply","pose":{"control":1,"durable":2,"entity":1,"position":[0.0,0.00100011611357331,9.0000114440918],"receipt_ms":8566,"sequence":243,"tick":528,"velocity":[0.0,0.0,0.0],"yaw":0.0},"position":[0.0,0.00100011611357331,9.0000114440918],"time_ms":8578,"wall_ms":1791529730775.0,"yaw":0.0}
S03R {"entity":2,"event":"apply","pose":{"control":1,"durable":2,"entity":2,"position":[8.27189922332764,0.00100005290005356,6.58209037780762],"receipt_ms":8566,"sequence":243,"tick":528,"velocity":[0.261680215597153,0.0,-4.99314308166504],"yaw":-0.0523600205779076},"position":[8.27189922332764,0.00100005290005356,6.58209037780762],"time_ms":8585,"wall_ms":1791529730782.0,"yaw":-0.0523600205779076}
S03R {"event":"input_send","index":17,"move":1.0,"role":"client","sample_ticks_ms":8601,"sample_wall_ms":1791529730799.0,"send_ticks_ms":8602,"send_wall_ms":1791529730799.0,"sequence":245,"time_ms":8602,"turn":0.0,"wall_ms":1791529730799.0}
S03R {"event":"state_receive","role":"client","rows":[{"entity":1,"sequence":245,"tick":531},{"entity":2,"sequence":244,"tick":531}],"time_ms":8607,"wall_ms":1791529730804.0}
S03R {"entity":1,"event":"apply","pose":{"control":1,"durable":2,"entity":1,"position":[0.0,0.00100011611357331,9.0000114440918],"receipt_ms":8607,"sequence":245,"tick":531,"velocity":[0.0,0.0,0.0],"yaw":0.0},"position":[0.0,0.00100011611357331,9.0000114440918],"time_ms":8613,"wall_ms":1791529730809.0,"yaw":0.0}
S03R {"entity":2,"event":"apply","pose":{"control":1,"durable":2,"entity":2,"position":[8.28498268127441,0.00100005290005356,6.33243322372437],"receipt_ms":8607,"sequence":244,"tick":531,"velocity":[0.261680334806442,0.0,-4.99314308166504],"yaw":-0.0523600429296494},"position":[8.28498268127441,0.00100005290005356,6.33243322372437],"time_ms":8619,"wall_ms":1791529730817.0,"yaw":-0.0523600429296494}
S03R {"event":"keys","move":0.0,"role":"client","tick":492,"time_ms":8627,"turn":0.0,"wall_ms":1791529730824.0}
S03R {"event":"state_receive","role":"client","rows":[{"entity":1,"sequence":246,"tick":534},{"entity":2,"sequence":246,"tick":534}],"time_ms":8665,"wall_ms":1791529730863.0}
S03R {"entity":1,"event":"apply","pose":{"control":1,"durable":2,"entity":1,"position":[0.0,0.00100011611357331,9.0000114440918],"receipt_ms":8665,"sequence":246,"tick":534,"velocity":[0.0,0.0,0.0],"yaw":0.0},"position":[0.0,0.00100011611357331,9.0000114440918],"time_ms":8679,"wall_ms":1791529730876.0,"yaw":0.0}
S03R {"entity":2,"event":"apply","pose":{"control":1,"durable":2,"entity":2,"position":[8.29370498657227,0.00100005290005356,6.1659951210022],"receipt_ms":8665,"sequence":246,"tick":534,"velocity":[0.0,0.0,0.0],"yaw":-0.0523600652813911},"position":[8.29370498657227,0.00100005290005356,6.1659951210022],"time_ms":8684,"wall_ms":1791529730881.0,"yaw":-0.0523600652813911}
S03R {"event":"state_receive","role":"client","rows":[{"entity":1,"sequence":248,"tick":537},{"entity":2,"sequence":247,"tick":537}],"time_ms":8691,"wall_ms":1791529730888.0}
S03R {"entity":1,"event":"apply","pose":{"control":1,"durable":2,"entity":1,"position":[0.0,0.00100011611357331,9.0000114440918],"receipt_ms":8691,"sequence":248,"tick":537,"velocity":[0.0,0.0,0.0],"yaw":0.0},"position":[0.0,0.00100011611357331,9.0000114440918],"time_ms":8696,"wall_ms":1791529730893.0,"yaw":0.0}
S03R {"entity":2,"event":"apply","pose":{"control":1,"durable":2,"entity":2,"position":[8.29370498657227,0.00100005290005356,6.1659951210022],"receipt_ms":8691,"sequence":247,"tick":537,"velocity":[0.0,0.0,0.0],"yaw":-0.0523600876331329},"position":[8.29370498657227,0.00100005290005356,6.1659951210022],"time_ms":8702,"wall_ms":1791529730899.0,"yaw":-0.0523600876331329}
S03R {"event":"state_receive","role":"client","rows":[{"entity":1,"sequence":249,"tick":540},{"entity":2,"sequence":248,"tick":540}],"time_ms":8742,"wall_ms":1791529730940.0}
S03R {"entity":1,"event":"apply","pose":{"control":1,"durable":2,"entity":1,"position":[0.0,0.00100011611357331,9.0000114440918],"receipt_ms":8742,"sequence":249,"tick":540,"velocity":[0.0,0.0,0.0],"yaw":0.0},"position":[0.0,0.00100011611357331,9.0000114440918],"time_ms":8749,"wall_ms":1791529730945.0,"yaw":0.0}
S03R {"entity":2,"event":"apply","pose":{"control":1,"durable":2,"entity":2,"position":[8.29370498657227,0.00100005290005356,6.1659951210022],"receipt_ms":8742,"sequence":248,"tick":540,"velocity":[0.0,0.0,0.0],"yaw":-0.0523601099848747},"position":[8.29370498657227,0.00100005290005356,6.1659951210022],"time_ms":8754,"wall_ms":1791529730952.0,"yaw":-0.0523601099848747}
S03R {"event":"state_receive","role":"client","rows":[{"entity":1,"sequence":251,"tick":543},{"entity":2,"sequence":249,"tick":543}],"time_ms":8790,"wall_ms":1791529730987.0}
S03R {"entity":1,"event":"apply","pose":{"control":1,"durable":2,"entity":1,"position":[0.0,0.00100011611357331,9.0000114440918],"receipt_ms":8790,"sequence":251,"tick":543,"velocity":[0.0,0.0,0.0],"yaw":0.0},"position":[0.0,0.00100011611357331,9.0000114440918],"time_ms":8796,"wall_ms":1791529730992.0,"yaw":0.0}
S03R {"entity":2,"event":"apply","pose":{"control":1,"durable":2,"entity":2,"position":[8.29370498657227,0.00100005290005356,6.1659951210022],"receipt_ms":8790,"sequence":249,"tick":543,"velocity":[0.0,0.0,0.0],"yaw":-0.0523601323366165},"position":[8.29370498657227,0.00100005290005356,6.1659951210022],"time_ms":8800,"wall_ms":1791529730997.0,"yaw":-0.0523601323366165}
S03R {"event":"state_receive","role":"client","rows":[{"entity":1,"sequence":252,"tick":546},{"entity":2,"sequence":251,"tick":546}],"time_ms":8853,"wall_ms":1791529731051.0}
S03R {"entity":1,"event":"apply","pose":{"control":1,"durable":2,"entity":1,"position":[0.0,0.00100011611357331,9.0000114440918],"receipt_ms":8853,"sequence":252,"tick":546,"velocity":[0.0,0.0,0.0],"yaw":0.0},"position":[0.0,0.00100011611357331,9.0000114440918],"time_ms":8869,"wall_ms":1791529731067.0,"yaw":0.0}
S03R {"entity":2,"event":"apply","pose":{"control":1,"durable":2,"entity":2,"position":[8.29370498657227,0.00100005290005356,6.1659951210022],"receipt_ms":8853,"sequence":251,"tick":546,"velocity":[0.0,0.0,0.0],"yaw":-0.0523601546883583},"position":[8.29370498657227,0.00100005290005356,6.1659951210022],"time_ms":8875,"wall_ms":1791529731073.0,"yaw":-0.0523601546883583}
S03R {"event":"state_receive","role":"client","rows":[{"entity":1,"sequence":254,"tick":549},{"entity":2,"sequence":253,"tick":549}],"time_ms":8901,"wall_ms":1791529731097.0}
S03R {"entity":1,"event":"apply","pose":{"control":1,"durable":2,"entity":1,"position":[0.0,0.00100011611357331,9.0000114440918],"receipt_ms":8901,"sequence":254,"tick":549,"velocity":[0.0,0.0,0.0],"yaw":0.0},"position":[0.0,0.00100011611357331,9.0000114440918],"time_ms":8907,"wall_ms":1791529731104.0,"yaw":0.0}
S03R {"entity":2,"event":"apply","pose":{"control":1,"durable":2,"entity":2,"position":[8.29370498657227,0.00100005290005356,6.1659951210022],"receipt_ms":8901,"sequence":253,"tick":549,"velocity":[0.0,0.0,0.0],"yaw":-0.0523601770401001},"position":[8.29370498657227,0.00100005290005356,6.1659951210022],"time_ms":8912,"wall_ms":1791529731109.0,"yaw":-0.0523601770401001}
S03R {"event":"state_receive","role":"client","rows":[{"entity":1,"sequence":255,"tick":552},{"entity":2,"sequence":254,"tick":552}],"time_ms":8932,"wall_ms":1791529731129.0}
S03R {"event":"input","index":18,"move":0.0,"position":[8.29370498657227,0.00100005290005356,6.1659951210022],"role":"client","sequence_floor":255,"tick":510,"time_ms":8935,"turn":1.0,"wall_ms":1791529731132.0,"yaw":-0.0523601770401001}
S03R {"event":"keys","move":0.0,"role":"client","tick":510,"time_ms":8939,"turn":1.0,"wall_ms":1791529731136.0}
S03R {"event":"input_send","index":18,"move":0.0,"role":"client","sample_ticks_ms":8941,"sample_wall_ms":1791529731138.0,"send_ticks_ms":8941,"send_wall_ms":1791529731138.0,"sequence":255,"time_ms":8941,"turn":1.0,"wall_ms":1791529731138.0}
S03R {"entity":1,"event":"apply","pose":{"control":1,"durable":2,"entity":1,"position":[0.0,0.00100011611357331,9.0000114440918],"receipt_ms":8932,"sequence":255,"tick":552,"velocity":[0.0,0.0,0.0],"yaw":0.0},"position":[0.0,0.00100011611357331,9.0000114440918],"time_ms":8945,"wall_ms":1791529731143.0,"yaw":0.0}
S03R {"entity":2,"event":"apply","pose":{"control":1,"durable":2,"entity":2,"position":[8.29370498657227,0.00100005290005356,6.1659951210022],"receipt_ms":8932,"sequence":254,"tick":552,"velocity":[0.0,0.0,0.0],"yaw":-0.0523601993918419},"position":[8.29370498657227,0.00100005290005356,6.1659951210022],"time_ms":8950,"wall_ms":1791529731147.0,"yaw":-0.0523601993918419}
S03R {"event":"input_send","index":18,"move":0.0,"role":"client","sample_ticks_ms":8964,"sample_wall_ms":1791529731161.0,"send_ticks_ms":8964,"send_wall_ms":1791529731161.0,"sequence":256,"time_ms":8964,"turn":1.0,"wall_ms":1791529731161.0}
S03R {"event":"state_receive","role":"client","rows":[{"entity":1,"sequence":257,"tick":555},{"entity":2,"sequence":256,"tick":555}],"time_ms":8994,"wall_ms":1791529731191.0}
S03R {"event":"input_send","index":18,"move":0.0,"role":"client","sample_ticks_ms":8998,"sample_wall_ms":1791529731194.0,"send_ticks_ms":8998,"send_wall_ms":1791529731195.0,"sequence":257,"time_ms":8998,"turn":1.0,"wall_ms":1791529731195.0}
S03R {"entity":1,"event":"apply","pose":{"control":1,"durable":2,"entity":1,"position":[0.0,0.00100011611357331,9.0000114440918],"receipt_ms":8994,"sequence":257,"tick":555,"velocity":[0.0,0.0,0.0],"yaw":0.0},"position":[0.0,0.00100011611357331,9.0000114440918],"time_ms":9002,"wall_ms":1791529731199.0,"yaw":0.0}
S03R {"entity":2,"event":"apply","pose":{"control":1,"durable":2,"entity":2,"position":[8.29370498657227,0.00100005290005356,6.1659951210022],"receipt_ms":8994,"sequence":256,"tick":555,"velocity":[0.0,0.0,0.0],"yaw":-0.157079949975014},"position":[8.29370498657227,0.00100005290005356,6.1659951210022],"time_ms":9004,"wall_ms":1791529731202.0,"yaw":-0.157079949975014}
S03R {"event":"input_send","index":18,"move":0.0,"role":"client","sample_ticks_ms":9024,"sample_wall_ms":1791529731222.0,"send_ticks_ms":9024,"send_wall_ms":1791529731222.0,"sequence":258,"time_ms":9024,"turn":1.0,"wall_ms":1791529731222.0}
S03R {"event":"state_receive","role":"client","rows":[{"entity":1,"sequence":258,"tick":558},{"entity":2,"sequence":257,"tick":558}],"time_ms":9055,"wall_ms":1791529731252.0}
S03R {"event":"input_send","index":18,"move":0.0,"role":"client","sample_ticks_ms":9058,"sample_wall_ms":1791529731255.0,"send_ticks_ms":9058,"send_wall_ms":1791529731255.0,"sequence":259,"time_ms":9058,"turn":1.0,"wall_ms":1791529731255.0}
S03R {"entity":1,"event":"apply","pose":{"control":1,"durable":2,"entity":1,"position":[0.0,0.00100011611357331,9.0000114440918],"receipt_ms":9055,"sequence":258,"tick":558,"velocity":[0.0,0.0,0.0],"yaw":0.0},"position":[0.0,0.00100011611357331,9.0000114440918],"time_ms":9063,"wall_ms":1791529731259.0,"yaw":0.0}
S03R {"entity":2,"event":"apply","pose":{"control":1,"durable":2,"entity":2,"position":[8.29370498657227,0.00100005290005356,6.1659951210022],"receipt_ms":9055,"sequence":257,"tick":558,"velocity":[0.0,0.0,0.0],"yaw":-0.314159601926804},"position":[8.29370498657227,0.00100005290005356,6.1659951210022],"time_ms":9065,"wall_ms":1791529731262.0,"yaw":-0.314159601926804}
S03R {"event":"input_send","index":18,"move":0.0,"role":"client","sample_ticks_ms":9100,"sample_wall_ms":1791529731297.0,"send_ticks_ms":9100,"send_wall_ms":1791529731297.0,"sequence":260,"time_ms":9100,"turn":1.0,"wall_ms":1791529731297.0}
S03R {"event":"state_receive","role":"client","rows":[{"entity":1,"sequence":260,"tick":561},{"entity":2,"sequence":259,"tick":561}],"time_ms":9103,"wall_ms":1791529731300.0}
S03R {"entity":1,"event":"apply","pose":{"control":1,"durable":2,"entity":1,"position":[0.0,0.00100011611357331,9.0000114440918],"receipt_ms":9103,"sequence":260,"tick":561,"velocity":[0.0,0.0,0.0],"yaw":0.0},"position":[0.0,0.00100011611357331,9.0000114440918],"time_ms":9107,"wall_ms":1791529731304.0,"yaw":0.0}
S03R {"entity":2,"event":"apply","pose":{"control":1,"durable":2,"entity":2,"position":[8.29370498657227,0.00100005290005356,6.1659951210022],"receipt_ms":9103,"sequence":259,"tick":561,"velocity":[0.0,0.0,0.0],"yaw":-0.471239268779755},"position":[8.29370498657227,0.00100005290005356,6.1659951210022],"time_ms":9109,"wall_ms":1791529731306.0,"yaw":-0.471239268779755}
S03R {"event":"keys","move":0.0,"role":"client","tick":522,"time_ms":9130,"turn":0.0,"wall_ms":1791529731327.0}
S03R {"event":"state_receive","role":"client","rows":[{"entity":1,"sequence":261,"tick":564},{"entity":2,"sequence":260,"tick":564}],"time_ms":9147,"wall_ms":1791529731344.0}
S03R {"entity":1,"event":"apply","pose":{"control":1,"durable":2,"entity":1,"position":[0.0,0.00100011611357331,9.0000114440918],"receipt_ms":9147,"sequence":261,"tick":564,"velocity":[0.0,0.0,0.0],"yaw":0.0},"position":[0.0,0.00100011611357331,9.0000114440918],"time_ms":9161,"wall_ms":1791529731358.0,"yaw":0.0}
S03R {"entity":2,"event":"apply","pose":{"control":1,"durable":2,"entity":2,"position":[8.29370498657227,0.00100005290005356,6.1659951210022],"receipt_ms":9147,"sequence":260,"tick":564,"velocity":[0.0,0.0,0.0],"yaw":-0.628318965435028},"position":[8.29370498657227,0.00100005290005356,6.1659951210022],"time_ms":9165,"wall_ms":1791529731362.0,"yaw":-0.628318965435028}
S03R {"event":"state_receive","role":"client","rows":[{"entity":1,"sequence":263,"tick":567},{"entity":2,"sequence":262,"tick":567}],"time_ms":9192,"wall_ms":1791529731389.0}
S03R {"entity":1,"event":"apply","pose":{"control":1,"durable":2,"entity":1,"position":[0.0,0.00100011611357331,9.0000114440918],"receipt_ms":9192,"sequence":263,"tick":567,"velocity":[0.0,0.0,0.0],"yaw":0.0},"position":[0.0,0.00100011611357331,9.0000114440918],"time_ms":9196,"wall_ms":1791529731394.0,"yaw":0.0}
S03R {"entity":2,"event":"apply","pose":{"control":1,"durable":2,"entity":2,"position":[8.29370498657227,0.00100005290005356,6.1659951210022],"receipt_ms":9192,"sequence":262,"tick":567,"velocity":[0.0,0.0,0.0],"yaw":-0.628318965435028},"position":[8.29370498657227,0.00100005290005356,6.1659951210022],"time_ms":9199,"wall_ms":1791529731396.0,"yaw":-0.628318965435028}
S03R {"event":"state_receive","role":"client","rows":[{"entity":1,"sequence":264,"tick":570},{"entity":2,"sequence":263,"tick":570}],"time_ms":9254,"wall_ms":1791529731450.0}
S03R {"entity":1,"event":"apply","pose":{"control":1,"durable":2,"entity":1,"position":[0.0,0.00100011611357331,9.0000114440918],"receipt_ms":9254,"sequence":264,"tick":570,"velocity":[0.0,0.0,0.0],"yaw":0.0},"position":[0.0,0.00100011611357331,9.0000114440918],"time_ms":9260,"wall_ms":1791529731456.0,"yaw":0.0}
S03R {"entity":2,"event":"apply","pose":{"control":1,"durable":2,"entity":2,"position":[8.29370498657227,0.00100005290005356,6.1659951210022],"receipt_ms":9254,"sequence":263,"tick":570,"velocity":[0.0,0.0,0.0],"yaw":-0.628318965435028},"position":[8.29370498657227,0.00100005290005356,6.1659951210022],"time_ms":9265,"wall_ms":1791529731462.0,"yaw":-0.628318965435028}
S03R {"event":"state_receive","role":"client","rows":[{"entity":1,"sequence":266,"tick":573},{"entity":2,"sequence":264,"tick":573}],"time_ms":9300,"wall_ms":1791529731497.0}
S03R {"entity":1,"event":"apply","pose":{"control":1,"durable":2,"entity":1,"position":[0.0,0.00100011611357331,9.0000114440918],"receipt_ms":9300,"sequence":266,"tick":573,"velocity":[0.0,0.0,0.0],"yaw":0.0},"position":[0.0,0.00100011611357331,9.0000114440918],"time_ms":9303,"wall_ms":1791529731500.0,"yaw":0.0}
S03R {"entity":2,"event":"apply","pose":{"control":1,"durable":2,"entity":2,"position":[8.29370498657227,0.00100005290005356,6.1659951210022],"receipt_ms":9300,"sequence":264,"tick":573,"velocity":[0.0,0.0,0.0],"yaw":-0.628318965435028},"position":[8.29370498657227,0.00100005290005356,6.1659951210022],"time_ms":9307,"wall_ms":1791529731503.0,"yaw":-0.628318965435028}
S03R {"event":"state_receive","role":"client","rows":[{"entity":1,"sequence":267,"tick":576},{"entity":2,"sequence":266,"tick":576}],"time_ms":9347,"wall_ms":1791529731544.0}
S03R {"entity":1,"event":"apply","pose":{"control":1,"durable":2,"entity":1,"position":[0.0,0.00100011611357331,9.0000114440918],"receipt_ms":9347,"sequence":267,"tick":576,"velocity":[0.0,0.0,0.0],"yaw":0.0},"position":[0.0,0.00100011611357331,9.0000114440918],"time_ms":9351,"wall_ms":1791529731548.0,"yaw":0.0}
S03R {"entity":2,"event":"apply","pose":{"control":1,"durable":2,"entity":2,"position":[8.29370498657227,0.00100005290005356,6.1659951210022],"receipt_ms":9347,"sequence":266,"tick":576,"velocity":[0.0,0.0,0.0],"yaw":-0.628318965435028},"position":[8.29370498657227,0.00100005290005356,6.1659951210022],"time_ms":9355,"wall_ms":1791529731553.0,"yaw":-0.628318965435028}
S03R {"event":"state_receive","role":"client","rows":[{"entity":1,"sequence":269,"tick":579},{"entity":2,"sequence":267,"tick":579}],"time_ms":9394,"wall_ms":1791529731592.0}
S03R {"entity":1,"event":"apply","pose":{"control":1,"durable":2,"entity":1,"position":[0.0,0.00100011611357331,9.0000114440918],"receipt_ms":9394,"sequence":269,"tick":579,"velocity":[0.0,0.0,0.0],"yaw":0.0},"position":[0.0,0.00100011611357331,9.0000114440918],"time_ms":9400,"wall_ms":1791529731597.0,"yaw":0.0}
S03R {"entity":2,"event":"apply","pose":{"control":1,"durable":2,"entity":2,"position":[8.29370498657227,0.00100005290005356,6.1659951210022],"receipt_ms":9394,"sequence":267,"tick":579,"velocity":[0.0,0.0,0.0],"yaw":-0.628318965435028},"position":[8.29370498657227,0.00100005290005356,6.1659951210022],"time_ms":9405,"wall_ms":1791529731603.0,"yaw":-0.628318965435028}
S03R {"event":"input","index":19,"move":1.0,"position":[8.29370498657227,0.00100005290005356,6.1659951210022],"role":"client","sequence_floor":270,"tick":540,"time_ms":9440,"turn":0.0,"wall_ms":1791529731637.0,"yaw":-0.628318965435028}
S03R {"event":"keys","move":1.0,"role":"client","tick":540,"time_ms":9443,"turn":0.0,"wall_ms":1791529731640.0}
S03R {"event":"input_send","index":19,"move":1.0,"role":"client","sample_ticks_ms":9447,"sample_wall_ms":1791529731645.0,"send_ticks_ms":9447,"send_wall_ms":1791529731645.0,"sequence":270,"time_ms":9447,"turn":0.0,"wall_ms":1791529731645.0}
S03R {"event":"state_receive","role":"client","rows":[{"entity":1,"sequence":270,"tick":582},{"entity":2,"sequence":269,"tick":582}],"time_ms":9452,"wall_ms":1791529731650.0}
S03R {"entity":1,"event":"apply","pose":{"control":1,"durable":2,"entity":1,"position":[0.0,0.00100011611357331,9.0000114440918],"receipt_ms":9452,"sequence":270,"tick":582,"velocity":[0.0,0.0,0.0],"yaw":0.0},"position":[0.0,0.00100011611357331,9.0000114440918],"time_ms":9455,"wall_ms":1791529731652.0,"yaw":0.0}
S03R {"entity":2,"event":"apply","pose":{"control":1,"durable":2,"entity":2,"position":[8.29370498657227,0.00100005290005356,6.1659951210022],"receipt_ms":9452,"sequence":269,"tick":582,"velocity":[0.0,0.0,0.0],"yaw":-0.628318965435028},"position":[8.29370498657227,0.00100005290005356,6.1659951210022],"time_ms":9460,"wall_ms":1791529731657.0,"yaw":-0.628318965435028}
S03R {"event":"input_send","index":19,"move":1.0,"role":"client","sample_ticks_ms":9467,"sample_wall_ms":1791529731664.0,"send_ticks_ms":9467,"send_wall_ms":1791529731664.0,"sequence":271,"time_ms":9467,"turn":0.0,"wall_ms":1791529731664.0}
S03R {"event":"state_receive","role":"client","rows":[{"entity":1,"sequence":272,"tick":585},{"entity":2,"sequence":271,"tick":585}],"time_ms":9501,"wall_ms":1791529731698.0}
S03R {"event":"input_send","index":19,"move":1.0,"role":"client","sample_ticks_ms":9505,"sample_wall_ms":1791529731702.0,"send_ticks_ms":9505,"send_wall_ms":1791529731702.0,"sequence":272,"time_ms":9505,"turn":0.0,"wall_ms":1791529731702.0}
S03R {"entity":1,"event":"apply","pose":{"control":1,"durable":2,"entity":1,"position":[0.0,0.00100011611357331,9.0000114440918],"receipt_ms":9501,"sequence":272,"tick":585,"velocity":[0.0,0.0,0.0],"yaw":0.0},"position":[0.0,0.00100011611357331,9.0000114440918],"time_ms":9508,"wall_ms":1791529731704.0,"yaw":0.0}
S03R {"entity":2,"event":"apply","pose":{"control":1,"durable":2,"entity":2,"position":[8.39166831970215,0.00100005290005356,6.03115892410278],"receipt_ms":9501,"sequence":271,"tick":585,"velocity":[2.93892478942871,0.0,-4.04507923126221],"yaw":-0.628318965435028},"position":[8.39166831970215,0.00100005290005356,6.03115892410278],"time_ms":9510,"wall_ms":1791529731707.0,"yaw":-0.628318965435028}
S03R {"event":"input_send","index":19,"move":1.0,"role":"client","sample_ticks_ms":9532,"sample_wall_ms":1791529731730.0,"send_ticks_ms":9533,"send_wall_ms":1791529731730.0,"sequence":273,"time_ms":9533,"turn":0.0,"wall_ms":1791529731730.0}
S03R {"event":"input_send","index":19,"move":1.0,"role":"client","sample_ticks_ms":9563,"sample_wall_ms":1791529731760.0,"send_ticks_ms":9563,"send_wall_ms":1791529731760.0,"sequence":274,"time_ms":9563,"turn":0.0,"wall_ms":1791529731760.0}
S03R {"event":"state_receive","role":"client","rows":[{"entity":1,"sequence":273,"tick":588},{"entity":2,"sequence":272,"tick":588}],"time_ms":9567,"wall_ms":1791529731764.0}
S03R {"entity":1,"event":"apply","pose":{"control":1,"durable":2,"entity":1,"position":[0.0,0.00100011611357331,9.0000114440918],"receipt_ms":9567,"sequence":273,"tick":588,"velocity":[0.0,0.0,0.0],"yaw":0.0},"position":[0.0,0.00100011611357331,9.0000114440918],"time_ms":9572,"wall_ms":1791529731769.0,"yaw":0.0}
S03R {"entity":2,"event":"apply","pose":{"control":1,"durable":2,"entity":2,"position":[8.53861331939697,0.00100005290005356,5.82890462875366],"receipt_ms":9567,"sequence":272,"tick":588,"velocity":[2.93892478942871,0.0,-4.04507923126221],"yaw":-0.628318965435028},"position":[8.53861331939697,0.00100005290005356,5.82890462875366],"time_ms":9578,"wall_ms":1791529731775.0,"yaw":-0.628318965435028}
S03R {"event":"input_send","index":19,"move":1.0,"role":"client","sample_ticks_ms":9593,"sample_wall_ms":1791529731791.0,"send_ticks_ms":9593,"send_wall_ms":1791529731791.0,"sequence":275,"time_ms":9593,"turn":0.0,"wall_ms":1791529731791.0}
S03R {"event":"state_receive","role":"client","rows":[{"entity":1,"sequence":275,"tick":591},{"entity":2,"sequence":274,"tick":591}],"time_ms":9598,"wall_ms":1791529731794.0}
S03R {"entity":1,"event":"apply","pose":{"control":1,"durable":2,"entity":1,"position":[0.0,0.00100011611357331,9.0000114440918],"receipt_ms":9598,"sequence":275,"tick":591,"velocity":[0.0,0.0,0.0],"yaw":0.0},"position":[0.0,0.00100011611357331,9.0000114440918],"time_ms":9608,"wall_ms":1791529731806.0,"yaw":0.0}
S03R {"entity":2,"event":"apply","pose":{"control":1,"durable":2,"entity":2,"position":[8.6855583190918,0.00100005290005356,5.62665033340454],"receipt_ms":9598,"sequence":274,"tick":591,"velocity":[2.93892478942871,0.0,-4.04507923126221],"yaw":-0.628318965435028},"position":[8.6855583190918,0.00100005290005356,5.62665033340454],"time_ms":9611,"wall_ms":1791529731808.0,"yaw":-0.628318965435028}
S03R {"event":"keys","move":0.0,"role":"client","tick":552,"time_ms":9625,"turn":0.0,"wall_ms":1791529731822.0}
S03R {"event":"state_receive","role":"client","rows":[{"entity":1,"sequence":276,"tick":594},{"entity":2,"sequence":275,"tick":594}],"time_ms":9641,"wall_ms":1791529731837.0}
S03R {"entity":1,"event":"apply","pose":{"control":1,"durable":2,"entity":1,"position":[0.0,0.00100011611357331,9.0000114440918],"receipt_ms":9641,"sequence":276,"tick":594,"velocity":[0.0,0.0,0.0],"yaw":0.0},"position":[0.0,0.00100011611357331,9.0000114440918],"time_ms":9656,"wall_ms":1791529731853.0,"yaw":0.0}
S03R {"entity":2,"event":"apply","pose":{"control":1,"durable":2,"entity":2,"position":[8.83250331878662,0.00100005290005356,5.42439603805542],"receipt_ms":9641,"sequence":275,"tick":594,"velocity":[2.93892478942871,0.0,-4.04507923126221],"yaw":-0.628318965435028},"position":[8.83250331878662,0.00100005290005356,5.42439603805542],"time_ms":9660,"wall_ms":1791529731858.0,"yaw":-0.628318965435028}
S03R {"event":"state_receive","role":"client","rows":[{"entity":1,"sequence":278,"tick":597},{"entity":2,"sequence":277,"tick":597}],"time_ms":9718,"wall_ms":1791529731915.0}
S03R {"entity":1,"event":"apply","pose":{"control":1,"durable":2,"entity":1,"position":[0.0,0.00100011611357331,9.0000114440918],"receipt_ms":9718,"sequence":278,"tick":597,"velocity":[0.0,0.0,0.0],"yaw":0.0},"position":[0.0,0.00100011611357331,9.0000114440918],"time_ms":9724,"wall_ms":1791529731922.0,"yaw":0.0}
S03R {"entity":2,"event":"apply","pose":{"control":1,"durable":2,"entity":2,"position":[8.83250331878662,0.00100005290005356,5.42439603805542],"receipt_ms":9718,"sequence":277,"tick":597,"velocity":[0.0,0.0,0.0],"yaw":-0.628318965435028},"position":[8.83250331878662,0.00100005290005356,5.42439603805542],"time_ms":9732,"wall_ms":1791529731928.0,"yaw":-0.628318965435028}
S03R {"event":"state_receive","role":"client","rows":[{"entity":1,"sequence":279,"tick":600},{"entity":2,"sequence":279,"tick":600}],"time_ms":9764,"wall_ms":1791529731961.0}
S03R {"entity":1,"event":"apply","pose":{"control":1,"durable":2,"entity":1,"position":[0.0,0.00100011611357331,9.0000114440918],"receipt_ms":9764,"sequence":279,"tick":600,"velocity":[0.0,0.0,0.0],"yaw":0.0},"position":[0.0,0.00100011611357331,9.0000114440918],"time_ms":9771,"wall_ms":1791529731968.0,"yaw":0.0}
S03R {"entity":2,"event":"apply","pose":{"control":1,"durable":2,"entity":2,"position":[8.83250331878662,0.00100005290005356,5.42439603805542],"receipt_ms":9764,"sequence":279,"tick":600,"velocity":[0.0,0.0,0.0],"yaw":-0.628318965435028},"position":[8.83250331878662,0.00100005290005356,5.42439603805542],"time_ms":9776,"wall_ms":1791529731973.0,"yaw":-0.628318965435028}
S03R {"event":"state_receive","role":"client","rows":[{"entity":1,"sequence":281,"tick":603},{"entity":2,"sequence":280,"tick":603}],"time_ms":9810,"wall_ms":1791529732008.0}
S03R {"entity":1,"event":"apply","pose":{"control":1,"durable":2,"entity":1,"position":[0.0,0.00100011611357331,9.0000114440918],"receipt_ms":9810,"sequence":281,"tick":603,"velocity":[0.0,0.0,0.0],"yaw":0.0},"position":[0.0,0.00100011611357331,9.0000114440918],"time_ms":9817,"wall_ms":1791529732014.0,"yaw":0.0}
S03R {"entity":2,"event":"apply","pose":{"control":1,"durable":2,"entity":2,"position":[8.83250331878662,0.00100005290005356,5.42439603805542],"receipt_ms":9810,"sequence":280,"tick":603,"velocity":[0.0,0.0,0.0],"yaw":-0.628318965435028},"position":[8.83250331878662,0.00100005290005356,5.42439603805542],"time_ms":9823,"wall_ms":1791529732020.0,"yaw":-0.628318965435028}
S03R {"event":"state_receive","role":"client","rows":[{"entity":1,"sequence":282,"tick":606},{"entity":2,"sequence":281,"tick":606}],"time_ms":9858,"wall_ms":1791529732055.0}
S03R {"entity":1,"event":"apply","pose":{"control":1,"durable":2,"entity":1,"position":[0.0,0.00100011611357331,9.0000114440918],"receipt_ms":9858,"sequence":282,"tick":606,"velocity":[0.0,0.0,0.0],"yaw":0.0},"position":[0.0,0.00100011611357331,9.0000114440918],"time_ms":9864,"wall_ms":1791529732062.0,"yaw":0.0}
S03R {"entity":2,"event":"apply","pose":{"control":1,"durable":2,"entity":2,"position":[8.83250331878662,0.00100005290005356,5.42439603805542],"receipt_ms":9858,"sequence":281,"tick":606,"velocity":[0.0,0.0,0.0],"yaw":-0.628318965435028},"position":[8.83250331878662,0.00100005290005356,5.42439603805542],"time_ms":9869,"wall_ms":1791529732066.0,"yaw":-0.628318965435028}
S03R {"event":"state_receive","role":"client","rows":[{"entity":1,"sequence":284,"tick":609},{"entity":2,"sequence":283,"tick":609}],"time_ms":9907,"wall_ms":1791529732104.0}
S03R {"entity":1,"event":"apply","pose":{"control":1,"durable":2,"entity":1,"position":[0.0,0.00100011611357331,9.0000114440918],"receipt_ms":9907,"sequence":284,"tick":609,"velocity":[0.0,0.0,0.0],"yaw":0.0},"position":[0.0,0.00100011611357331,9.0000114440918],"time_ms":9921,"wall_ms":1791529732118.0,"yaw":0.0}
S03R {"entity":2,"event":"apply","pose":{"control":1,"durable":2,"entity":2,"position":[8.83250331878662,0.00100005290005356,5.42439603805542],"receipt_ms":9907,"sequence":283,"tick":609,"velocity":[0.0,0.0,0.0],"yaw":-0.628318965435028},"position":[8.83250331878662,0.00100005290005356,5.42439603805542],"time_ms":9927,"wall_ms":1791529732124.0,"yaw":-0.628318965435028}
S03R {"event":"input","index":20,"move":0.0,"position":[8.83250331878662,0.00100005290005356,5.42439603805542],"role":"client","sequence_floor":285,"tick":570,"time_ms":9938,"turn":-1.0,"wall_ms":1791529732135.0,"yaw":-0.628318965435028}
S03R {"event":"keys","move":0.0,"role":"client","tick":570,"time_ms":9945,"turn":-1.0,"wall_ms":1791529732142.0}
S03R {"event":"input_send","index":20,"move":0.0,"role":"client","sample_ticks_ms":9951,"sample_wall_ms":1791529732148.0,"send_ticks_ms":9951,"send_wall_ms":1791529732148.0,"sequence":285,"time_ms":9951,"turn":-1.0,"wall_ms":1791529732148.0}
S03R {"event":"state_receive","role":"client","rows":[{"entity":1,"sequence":285,"tick":612},{"entity":2,"sequence":284,"tick":612}],"time_ms":9958,"wall_ms":1791529732155.0}
S03R {"entity":1,"event":"apply","pose":{"control":1,"durable":2,"entity":1,"position":[0.0,0.00100011611357331,9.0000114440918],"receipt_ms":9958,"sequence":285,"tick":612,"velocity":[0.0,0.0,0.0],"yaw":0.0},"position":[0.0,0.00100011611357331,9.0000114440918],"time_ms":9965,"wall_ms":1791529732162.0,"yaw":0.0}
S03R {"entity":2,"event":"apply","pose":{"control":1,"durable":2,"entity":2,"position":[8.83250331878662,0.00100005290005356,5.42439603805542],"receipt_ms":9958,"sequence":284,"tick":612,"velocity":[0.0,0.0,0.0],"yaw":-0.628318965435028},"position":[8.83250331878662,0.00100005290005356,5.42439603805542],"time_ms":9972,"wall_ms":1791529732169.0,"yaw":-0.628318965435028}
S03R {"event":"input_send","index":20,"move":0.0,"role":"client","sample_ticks_ms":9981,"sample_wall_ms":1791529732178.0,"send_ticks_ms":9981,"send_wall_ms":1791529732178.0,"sequence":286,"time_ms":9981,"turn":-1.0,"wall_ms":1791529732178.0}
S03R {"event":"input_send","index":20,"move":0.0,"role":"client","sample_ticks_ms":9997,"sample_wall_ms":1791529732194.0,"send_ticks_ms":9997,"send_wall_ms":1791529732194.0,"sequence":287,"time_ms":9997,"turn":-1.0,"wall_ms":1791529732194.0}
S03R {"event":"state_receive","role":"client","rows":[{"entity":1,"sequence":287,"tick":615},{"entity":2,"sequence":286,"tick":615}],"time_ms":10017,"wall_ms":1791529732214.0}
S03R {"event":"input_send","index":20,"move":0.0,"role":"client","sample_ticks_ms":10022,"sample_wall_ms":1791529732219.0,"send_ticks_ms":10023,"send_wall_ms":1791529732219.0,"sequence":288,"time_ms":10023,"turn":-1.0,"wall_ms":1791529732219.0}
S03R {"entity":1,"event":"apply","pose":{"control":1,"durable":2,"entity":1,"position":[0.0,0.00100011611357331,9.0000114440918],"receipt_ms":10017,"sequence":287,"tick":615,"velocity":[0.0,0.0,0.0],"yaw":0.0},"position":[0.0,0.00100011611357331,9.0000114440918],"time_ms":10029,"wall_ms":1791529732226.0,"yaw":0.0}
S03R {"entity":2,"event":"apply","pose":{"control":1,"durable":2,"entity":2,"position":[8.83250331878662,0.00100005290005356,5.42439603805542],"receipt_ms":10017,"sequence":286,"tick":615,"velocity":[0.0,0.0,0.0],"yaw":-0.471239298582077},"position":[8.83250331878662,0.00100005290005356,5.42439603805542],"time_ms":10035,"wall_ms":1791529732232.0,"yaw":-0.471239298582077}
S03R {"event":"input_send","index":20,"move":0.0,"role":"client","sample_ticks_ms":10060,"sample_wall_ms":1791529732257.0,"send_ticks_ms":10061,"send_wall_ms":1791529732258.0,"sequence":289,"time_ms":10061,"turn":-1.0,"wall_ms":1791529732258.0}
S03R {"event":"state_receive","role":"client","rows":[{"entity":1,"sequence":288,"tick":618},{"entity":2,"sequence":288,"tick":618}],"time_ms":10068,"wall_ms":1791529732265.0}
S03R {"entity":1,"event":"apply","pose":{"control":1,"durable":2,"entity":1,"position":[0.0,0.00100011611357331,9.0000114440918],"receipt_ms":10068,"sequence":288,"tick":618,"velocity":[0.0,0.0,0.0],"yaw":0.0},"position":[0.0,0.00100011611357331,9.0000114440918],"time_ms":10076,"wall_ms":1791529732273.0,"yaw":0.0}
S03R {"entity":2,"event":"apply","pose":{"control":1,"durable":2,"entity":2,"position":[8.83250331878662,0.00100005290005356,5.42439603805542],"receipt_ms":10068,"sequence":288,"tick":618,"velocity":[0.0,0.0,0.0],"yaw":-0.314159631729126},"position":[8.83250331878662,0.00100005290005356,5.42439603805542],"time_ms":10080,"wall_ms":1791529732276.0,"yaw":-0.314159631729126}
S03R {"event":"input_send","index":20,"move":0.0,"role":"client","sample_ticks_ms":10107,"sample_wall_ms":1791529732304.0,"send_ticks_ms":10107,"send_wall_ms":1791529732304.0,"sequence":290,"time_ms":10107,"turn":-1.0,"wall_ms":1791529732304.0}
S03R {"event":"state_receive","role":"client","rows":[{"entity":1,"sequence":290,"tick":621},{"entity":2,"sequence":289,"tick":621}],"time_ms":10114,"wall_ms":1791529732311.0}
S03R {"entity":1,"event":"apply","pose":{"control":1,"durable":2,"entity":1,"position":[0.0,0.00100011611357331,9.0000114440918],"receipt_ms":10114,"sequence":290,"tick":621,"velocity":[0.0,0.0,0.0],"yaw":0.0},"position":[0.0,0.00100011611357331,9.0000114440918],"time_ms":10120,"wall_ms":1791529732316.0,"yaw":0.0}
S03R {"entity":2,"event":"apply","pose":{"control":1,"durable":2,"entity":2,"position":[8.83250331878662,0.00100005290005356,5.42439603805542],"receipt_ms":10114,"sequence":289,"tick":621,"velocity":[0.0,0.0,0.0],"yaw":-0.157079994678497},"position":[8.83250331878662,0.00100005290005356,5.42439603805542],"time_ms":10125,"wall_ms":1791529732323.0,"yaw":-0.157079994678497}
S03R {"event":"keys","move":0.0,"role":"client","tick":582,"time_ms":10134,"turn":0.0,"wall_ms":1791529732331.0}
S03R {"event":"state_receive","role":"client","rows":[{"entity":1,"sequence":291,"tick":624},{"entity":2,"sequence":291,"tick":624}],"time_ms":10173,"wall_ms":1791529732370.0}
S03R {"entity":1,"event":"apply","pose":{"control":1,"durable":2,"entity":1,"position":[0.0,0.00100011611357331,9.0000114440918],"receipt_ms":10173,"sequence":291,"tick":624,"velocity":[0.0,0.0,0.0],"yaw":0.0},"position":[0.0,0.00100011611357331,9.0000114440918],"time_ms":10183,"wall_ms":1791529732380.0,"yaw":0.0}
S03R {"entity":2,"event":"apply","pose":{"control":1,"durable":2,"entity":2,"position":[8.83250331878662,0.00100005290005356,5.42439603805542],"receipt_ms":10173,"sequence":291,"tick":624,"velocity":[0.0,0.0,0.0],"yaw":-0.0523602440953255},"position":[8.83250331878662,0.00100005290005356,5.42439603805542],"time_ms":10186,"wall_ms":1791529732384.0,"yaw":-0.0523602440953255}
S03R {"event":"state_receive","role":"client","rows":[{"entity":1,"sequence":293,"tick":627},{"entity":2,"sequence":292,"tick":627}],"time_ms":10200,"wall_ms":1791529732397.0}
S03R {"entity":1,"event":"apply","pose":{"control":1,"durable":2,"entity":1,"position":[0.0,0.00100011611357331,9.0000114440918],"receipt_ms":10200,"sequence":293,"tick":627,"velocity":[0.0,0.0,0.0],"yaw":0.0},"position":[0.0,0.00100011611357331,9.0000114440918],"time_ms":10215,"wall_ms":1791529732412.0,"yaw":0.0}
S03R {"entity":2,"event":"apply","pose":{"control":1,"durable":2,"entity":2,"position":[8.83250331878662,0.00100005290005356,5.42439603805542],"receipt_ms":10200,"sequence":292,"tick":627,"velocity":[0.0,0.0,0.0],"yaw":-0.0523602552711964},"position":[8.83250331878662,0.00100005290005356,5.42439603805542],"time_ms":10221,"wall_ms":1791529732418.0,"yaw":-0.0523602552711964}
S03R {"event":"state_receive","role":"client","rows":[{"entity":1,"sequence":294,"tick":630},{"entity":2,"sequence":293,"tick":630}],"time_ms":10246,"wall_ms":1791529732444.0}
S03R {"entity":1,"event":"apply","pose":{"control":1,"durable":2,"entity":1,"position":[0.0,0.00100011611357331,9.0000114440918],"receipt_ms":10246,"sequence":294,"tick":630,"velocity":[0.0,0.0,0.0],"yaw":0.0},"position":[0.0,0.00100011611357331,9.0000114440918],"time_ms":10254,"wall_ms":1791529732450.0,"yaw":0.0}
S03R {"entity":2,"event":"apply","pose":{"control":1,"durable":2,"entity":2,"position":[8.83250331878662,0.00100005290005356,5.42439603805542],"receipt_ms":10246,"sequence":293,"tick":630,"velocity":[0.0,0.0,0.0],"yaw":-0.0523602664470673},"position":[8.83250331878662,0.00100005290005356,5.42439603805542],"time_ms":10259,"wall_ms":1791529732457.0,"yaw":-0.0523602664470673}
S03R {"event":"state_receive","role":"client","rows":[{"entity":1,"sequence":296,"tick":633},{"entity":2,"sequence":294,"tick":633}],"time_ms":10295,"wall_ms":1791529732492.0}
S03R {"entity":1,"event":"apply","pose":{"control":1,"durable":2,"entity":1,"position":[0.0,0.00100011611357331,9.0000114440918],"receipt_ms":10295,"sequence":296,"tick":633,"velocity":[0.0,0.0,0.0],"yaw":0.0},"position":[0.0,0.00100011611357331,9.0000114440918],"time_ms":10302,"wall_ms":1791529732499.0,"yaw":0.0}
S03R {"entity":2,"event":"apply","pose":{"control":1,"durable":2,"entity":2,"position":[8.83250331878662,0.00100005290005356,5.42439603805542],"receipt_ms":10295,"sequence":294,"tick":633,"velocity":[0.0,0.0,0.0],"yaw":-0.0523602776229382},"position":[8.83250331878662,0.00100005290005356,5.42439603805542],"time_ms":10308,"wall_ms":1791529732505.0,"yaw":-0.0523602776229382}
S03R {"event":"state_receive","role":"client","rows":[{"entity":1,"sequence":297,"tick":636},{"entity":2,"sequence":296,"tick":636}],"time_ms":10341,"wall_ms":1791529732538.0}
S03R {"entity":1,"event":"apply","pose":{"control":1,"durable":2,"entity":1,"position":[0.0,0.00100011611357331,9.0000114440918],"receipt_ms":10341,"sequence":297,"tick":636,"velocity":[0.0,0.0,0.0],"yaw":0.0},"position":[0.0,0.00100011611357331,9.0000114440918],"time_ms":10355,"wall_ms":1791529732553.0,"yaw":0.0}
S03R {"entity":2,"event":"apply","pose":{"control":1,"durable":2,"entity":2,"position":[8.83250331878662,0.00100005290005356,5.42439603805542],"receipt_ms":10341,"sequence":296,"tick":636,"velocity":[0.0,0.0,0.0],"yaw":-0.0523602887988091},"position":[8.83250331878662,0.00100005290005356,5.42439603805542],"time_ms":10360,"wall_ms":1791529732558.0,"yaw":-0.0523602887988091}
S03R {"event":"state_receive","role":"client","rows":[{"entity":1,"sequence":299,"tick":639},{"entity":2,"sequence":298,"tick":639}],"time_ms":10402,"wall_ms":1791529732600.0}
S03R {"entity":1,"event":"apply","pose":{"control":1,"durable":2,"entity":1,"position":[0.0,0.00100011611357331,9.0000114440918],"receipt_ms":10402,"sequence":299,"tick":639,"velocity":[0.0,0.0,0.0],"yaw":0.0},"position":[0.0,0.00100011611357331,9.0000114440918],"time_ms":10410,"wall_ms":1791529732608.0,"yaw":0.0}
S03R {"entity":2,"event":"apply","pose":{"control":1,"durable":2,"entity":2,"position":[8.83250331878662,0.00100005290005356,5.42439603805542],"receipt_ms":10402,"sequence":298,"tick":639,"velocity":[0.0,0.0,0.0],"yaw":-0.0523602999746799},"position":[8.83250331878662,0.00100005290005356,5.42439603805542],"time_ms":10418,"wall_ms":1791529732615.0,"yaw":-0.0523602999746799}
S03R {"event":"input","index":21,"move":1.0,"position":[8.83250331878662,0.00100005290005356,5.42439603805542],"role":"client","sequence_floor":300,"tick":600,"time_ms":10434,"turn":0.0,"wall_ms":1791529732631.0,"yaw":-0.0523602999746799}
S03R {"event":"keys","move":1.0,"role":"client","tick":600,"time_ms":10441,"turn":0.0,"wall_ms":1791529732637.0}
S03R {"entity":1,"event":"apply","pose":{"control":1,"durable":2,"entity":1,"position":[0.0,0.00100011611357331,9.0000114440918],"receipt_ms":10464,"sequence":300,"tick":642,"velocity":[0.0,0.0,0.0],"yaw":0.0},"position":[0.0,0.00100011611357331,9.0000114440918],"time_ms":10465,"wall_ms":1791529732662.0,"yaw":0.0}
S03R {"entity":2,"event":"apply","pose":{"control":1,"durable":2,"entity":2,"position":[6.0,0.00100011611357331,6.0],"receipt_ms":10464,"sequence":299,"tick":642,"velocity":[0.0,0.0,0.0],"yaw":0.0},"position":[6.0,0.00100011611357331,6.0],"time_ms":10471,"wall_ms":1791529732668.0,"yaw":0.0}
S03R {"entity":1,"event":"apply","pose":{"control":1,"durable":2,"entity":1,"position":[0.0,0.00100011611357331,9.0000114440918],"receipt_ms":10510,"sequence":302,"tick":645,"velocity":[0.0,0.0,0.0],"yaw":0.0},"position":[0.0,0.00100011611357331,9.0000114440918],"time_ms":10510,"wall_ms":1791529732708.0,"yaw":0.0}
S03R {"entity":2,"event":"apply","pose":{"control":1,"durable":2,"entity":2,"position":[6.0,0.00100011611357331,5.75000095367432],"receipt_ms":10510,"sequence":301,"tick":645,"velocity":[0.0,0.0,-4.9999942779541],"yaw":0.0},"position":[6.0,0.00100011611357331,5.75000095367432],"time_ms":10516,"wall_ms":1791529732714.0,"yaw":0.0}
S03R {"entity":1,"event":"apply","pose":{"control":1,"durable":2,"entity":1,"position":[0.0,0.00100011611357331,9.0000114440918],"receipt_ms":10556,"sequence":303,"tick":648,"velocity":[0.0,0.0,0.0],"yaw":0.0},"position":[0.0,0.00100011611357331,9.0000114440918],"time_ms":10557,"wall_ms":1791529732754.0,"yaw":0.0}
S03R {"entity":2,"event":"apply","pose":{"control":1,"durable":2,"entity":2,"position":[6.0,0.00100011611357331,5.50000190734863],"receipt_ms":10556,"sequence":302,"tick":648,"velocity":[0.0,0.0,-4.9999942779541],"yaw":0.0},"position":[6.0,0.00100011611357331,5.50000190734863],"time_ms":10563,"wall_ms":1791529732760.0,"yaw":0.0}
S03R {"entity":1,"event":"apply","pose":{"control":1,"durable":2,"entity":1,"position":[0.0,0.00100011611357331,9.0000114440918],"receipt_ms":10604,"sequence":305,"tick":651,"velocity":[0.0,0.0,0.0],"yaw":0.0},"position":[0.0,0.00100011611357331,9.0000114440918],"time_ms":10618,"wall_ms":1791529732815.0,"yaw":0.0}
S03R {"entity":2,"event":"apply","pose":{"control":1,"durable":2,"entity":2,"position":[6.0,0.00100011611357331,5.25000286102295],"receipt_ms":10604,"sequence":304,"tick":651,"velocity":[0.0,0.0,-4.9999942779541],"yaw":0.0},"position":[6.0,0.00100011611357331,5.25000286102295],"time_ms":10622,"wall_ms":1791529732819.0,"yaw":0.0}
S03R {"entity":1,"event":"apply","pose":{"control":1,"durable":2,"entity":1,"position":[0.0,0.00100011611357331,9.0000114440918],"receipt_ms":10651,"sequence":306,"tick":654,"velocity":[0.0,0.0,0.0],"yaw":0.0},"position":[0.0,0.00100011611357331,9.0000114440918],"time_ms":10651,"wall_ms":1791529732848.0,"yaw":0.0}
S03R {"entity":2,"event":"apply","pose":{"control":1,"durable":2,"entity":2,"position":[6.0,0.00100011611357331,5.00000381469727],"receipt_ms":10651,"sequence":306,"tick":654,"velocity":[0.0,0.0,-4.9999942779541],"yaw":0.0},"position":[6.0,0.00100011611357331,5.00000381469727],"time_ms":10657,"wall_ms":1791529732855.0,"yaw":0.0}
S03R {"entity":1,"event":"apply","pose":{"control":1,"durable":2,"entity":1,"position":[0.0,0.00100011611357331,9.0000114440918],"receipt_ms":10697,"sequence":308,"tick":657,"velocity":[0.0,0.0,0.0],"yaw":0.0},"position":[0.0,0.00100011611357331,9.0000114440918],"time_ms":10698,"wall_ms":1791529732895.0,"yaw":0.0}
S03R {"entity":2,"event":"apply","pose":{"control":1,"durable":2,"entity":2,"position":[6.0,0.00100011611357331,4.75000476837158],"receipt_ms":10697,"sequence":307,"tick":657,"velocity":[0.0,0.0,-4.9999942779541],"yaw":0.0},"position":[6.0,0.00100011611357331,4.75000476837158],"time_ms":10701,"wall_ms":1791529732898.0,"yaw":0.0}
S03R {"entity":1,"event":"apply","pose":{"control":1,"durable":2,"entity":1,"position":[0.0,0.00100011611357331,9.0000114440918],"receipt_ms":10746,"sequence":309,"tick":660,"velocity":[0.0,0.0,0.0],"yaw":0.0},"position":[0.0,0.00100011611357331,9.0000114440918],"time_ms":10759,"wall_ms":1791529732957.0,"yaw":0.0}
S03R {"entity":2,"event":"apply","pose":{"control":1,"durable":2,"entity":2,"position":[6.0,0.00100011611357331,4.5000057220459],"receipt_ms":10746,"sequence":308,"tick":660,"velocity":[0.0,0.0,-4.9999942779541],"yaw":0.0},"position":[6.0,0.00100011611357331,4.5000057220459],"time_ms":10765,"wall_ms":1791529732963.0,"yaw":0.0}
S03R {"entity":1,"event":"apply","pose":{"control":1,"durable":2,"entity":1,"position":[0.0,0.00100011611357331,9.0000114440918],"receipt_ms":10805,"sequence":311,"tick":663,"velocity":[0.0,0.0,0.0],"yaw":0.0},"position":[0.0,0.00100011611357331,9.0000114440918],"time_ms":10820,"wall_ms":1791529733017.0,"yaw":0.0}
S03R {"entity":2,"event":"apply","pose":{"control":1,"durable":2,"entity":2,"position":[6.0,0.00100011611357331,4.25000667572021],"receipt_ms":10806,"sequence":309,"tick":663,"velocity":[0.0,0.0,-4.9999942779541],"yaw":0.0},"position":[6.0,0.00100011611357331,4.25000667572021],"time_ms":10822,"wall_ms":1791529733020.0,"yaw":0.0}
S03R {"entity":1,"event":"apply","pose":{"control":1,"durable":2,"entity":1,"position":[0.0,0.00100011611357331,9.0000114440918],"receipt_ms":10852,"sequence":312,"tick":666,"velocity":[0.0,0.0,0.0],"yaw":0.0},"position":[0.0,0.00100011611357331,9.0000114440918],"time_ms":10866,"wall_ms":1791529733063.0,"yaw":0.0}
S03R {"entity":2,"event":"apply","pose":{"control":1,"durable":2,"entity":2,"position":[6.0,0.00100011611357331,4.00000762939453],"receipt_ms":10852,"sequence":312,"tick":666,"velocity":[0.0,0.0,-4.9999942779541],"yaw":0.0},"position":[6.0,0.00100011611357331,4.00000762939453],"time_ms":10871,"wall_ms":1791529733068.0,"yaw":0.0}
S03R {"entity":1,"event":"apply","pose":{"control":1,"durable":2,"entity":1,"position":[0.0,0.00100011611357331,9.0000114440918],"receipt_ms":10899,"sequence":314,"tick":669,"velocity":[0.0,0.0,0.0],"yaw":0.0},"position":[0.0,0.00100011611357331,9.0000114440918],"time_ms":10913,"wall_ms":1791529733110.0,"yaw":0.0}
S03R {"entity":2,"event":"apply","pose":{"control":1,"durable":2,"entity":2,"position":[6.0,0.00100011611357331,3.75000786781311],"receipt_ms":10899,"sequence":313,"tick":669,"velocity":[0.0,0.0,-4.9999942779541],"yaw":0.0},"position":[6.0,0.00100011611357331,3.75000786781311],"time_ms":10917,"wall_ms":1791529733114.0,"yaw":0.0}
S03R {"entity":1,"event":"apply","pose":{"control":1,"durable":2,"entity":1,"position":[0.0,0.00100011611357331,9.0000114440918],"receipt_ms":10947,"sequence":315,"tick":672,"velocity":[0.0,0.0,0.0],"yaw":0.0},"position":[0.0,0.00100011611357331,9.0000114440918],"time_ms":10948,"wall_ms":1791529733145.0,"yaw":0.0}
S03R {"entity":2,"event":"apply","pose":{"control":1,"durable":2,"entity":2,"position":[6.0,0.00100011611357331,3.50000810623169],"receipt_ms":10947,"sequence":314,"tick":672,"velocity":[0.0,0.0,-4.9999942779541],"yaw":0.0},"position":[6.0,0.00100011611357331,3.50000810623169],"time_ms":10952,"wall_ms":1791529733149.0,"yaw":0.0}
S03R {"entity":1,"event":"apply","pose":{"control":1,"durable":2,"entity":1,"position":[0.0,0.00100011611357331,9.0000114440918],"receipt_ms":10991,"sequence":317,"tick":675,"velocity":[0.0,0.0,0.0],"yaw":0.0},"position":[0.0,0.00100011611357331,9.0000114440918],"time_ms":11006,"wall_ms":1791529733203.0,"yaw":0.0}
S03R {"entity":2,"event":"apply","pose":{"control":1,"durable":2,"entity":2,"position":[6.0,0.00100011611357331,3.25000834465027],"receipt_ms":10991,"sequence":316,"tick":675,"velocity":[0.0,0.0,-4.9999942779541],"yaw":0.0},"position":[6.0,0.00100011611357331,3.25000834465027],"time_ms":11010,"wall_ms":1791529733207.0,"yaw":0.0}
S03R {"entity":1,"event":"apply","pose":{"control":1,"durable":2,"entity":1,"position":[0.0,0.00100011611357331,9.0000114440918],"receipt_ms":11053,"sequence":318,"tick":678,"velocity":[0.0,0.0,0.0],"yaw":0.0},"position":[0.0,0.00100011611357331,9.0000114440918],"time_ms":11067,"wall_ms":1791529733264.0,"yaw":0.0}
S03R {"entity":2,"event":"apply","pose":{"control":1,"durable":2,"entity":2,"position":[6.0,0.00100011611357331,3.00000858306885],"receipt_ms":11053,"sequence":317,"tick":678,"velocity":[0.0,0.0,-4.9999942779541],"yaw":0.0},"position":[6.0,0.00100011611357331,3.00000858306885],"time_ms":11072,"wall_ms":1791529733269.0,"yaw":0.0}
S03R {"entity":1,"event":"apply","pose":{"control":1,"durable":2,"entity":1,"position":[0.0,0.00100011611357331,9.0000114440918],"receipt_ms":11097,"sequence":320,"tick":681,"velocity":[0.0,0.0,0.0],"yaw":0.0},"position":[0.0,0.00100011611357331,9.0000114440918],"time_ms":11098,"wall_ms":1791529733295.0,"yaw":0.0}
S03R {"entity":2,"event":"apply","pose":{"control":1,"durable":2,"entity":2,"position":[6.0,0.00100011611357331,2.75000882148743],"receipt_ms":11097,"sequence":319,"tick":681,"velocity":[0.0,0.0,-4.9999942779541],"yaw":0.0},"position":[6.0,0.00100011611357331,2.75000882148743],"time_ms":11104,"wall_ms":1791529733300.0,"yaw":0.0}
S03R {"entity":1,"event":"apply","pose":{"control":1,"durable":2,"entity":1,"position":[0.0,0.00100011611357331,9.0000114440918],"receipt_ms":11144,"sequence":321,"tick":684,"velocity":[0.0,0.0,0.0],"yaw":0.0},"position":[0.0,0.00100011611357331,9.0000114440918],"time_ms":11144,"wall_ms":1791529733342.0,"yaw":0.0}
S03R {"entity":2,"event":"apply","pose":{"control":1,"durable":2,"entity":2,"position":[6.0,0.00100011611357331,2.50000905990601],"receipt_ms":11144,"sequence":320,"tick":684,"velocity":[0.0,0.0,-4.9999942779541],"yaw":0.0},"position":[6.0,0.00100011611357331,2.50000905990601],"time_ms":11148,"wall_ms":1791529733345.0,"yaw":0.0}
S03R {"entity":1,"event":"apply","pose":{"control":1,"durable":2,"entity":1,"position":[0.0,0.00100011611357331,9.0000114440918],"receipt_ms":11189,"sequence":323,"tick":687,"velocity":[0.0,0.0,0.0],"yaw":0.0},"position":[0.0,0.00100011611357331,9.0000114440918],"time_ms":11190,"wall_ms":1791529733386.0,"yaw":0.0}
S03R {"entity":2,"event":"apply","pose":{"control":1,"durable":2,"entity":2,"position":[6.0,0.00100011611357331,2.25000929832459],"receipt_ms":11189,"sequence":322,"tick":687,"velocity":[0.0,0.0,-4.9999942779541],"yaw":0.0},"position":[6.0,0.00100011611357331,2.25000929832459],"time_ms":11192,"wall_ms":1791529733390.0,"yaw":0.0}
S03R {"entity":1,"event":"apply","pose":{"control":1,"durable":2,"entity":1,"position":[0.0,0.00100011611357331,9.0000114440918],"receipt_ms":11252,"sequence":324,"tick":690,"velocity":[0.0,0.0,0.0],"yaw":0.0},"position":[0.0,0.00100011611357331,9.0000114440918],"time_ms":11267,"wall_ms":1791529733464.0,"yaw":0.0}
S03R {"entity":2,"event":"apply","pose":{"control":1,"durable":2,"entity":2,"position":[6.0,0.00100011611357331,2.00000953674316],"receipt_ms":11252,"sequence":323,"tick":690,"velocity":[0.0,0.0,-4.9999942779541],"yaw":0.0},"position":[6.0,0.00100011611357331,2.00000953674316],"time_ms":11271,"wall_ms":1791529733468.0,"yaw":0.0}
S03R {"entity":1,"event":"apply","pose":{"control":1,"durable":2,"entity":1,"position":[0.0,0.00100011611357331,9.0000114440918],"receipt_ms":11312,"sequence":326,"tick":693,"velocity":[0.0,0.0,0.0],"yaw":0.0},"position":[0.0,0.00100011611357331,9.0000114440918],"time_ms":11327,"wall_ms":1791529733524.0,"yaw":0.0}
S03R {"entity":2,"event":"apply","pose":{"control":1,"durable":2,"entity":2,"position":[6.0,0.00100011611357331,1.75000977516174],"receipt_ms":11312,"sequence":325,"tick":693,"velocity":[0.0,0.0,-4.9999942779541],"yaw":0.0},"position":[6.0,0.00100011611357331,1.75000977516174],"time_ms":11332,"wall_ms":1791529733529.0,"yaw":0.0}
S03R {"entity":1,"event":"apply","pose":{"control":1,"durable":2,"entity":1,"position":[0.0,0.00100011611357331,9.0000114440918],"receipt_ms":11376,"sequence":327,"tick":696,"velocity":[0.0,0.0,0.0],"yaw":0.0},"position":[0.0,0.00100011611357331,9.0000114440918],"time_ms":11391,"wall_ms":1791529733588.0,"yaw":0.0}
S03R {"entity":2,"event":"apply","pose":{"control":1,"durable":2,"entity":2,"position":[6.0,0.00100011611357331,1.50001001358032],"receipt_ms":11376,"sequence":326,"tick":696,"velocity":[0.0,0.0,-4.9999942779541],"yaw":0.0},"position":[6.0,0.00100011611357331,1.50001001358032],"time_ms":11394,"wall_ms":1791529733591.0,"yaw":0.0}
S03R {"entity":1,"event":"apply","pose":{"control":1,"durable":2,"entity":1,"position":[0.0,0.00100011611357331,9.0000114440918],"receipt_ms":11399,"sequence":329,"tick":699,"velocity":[0.0,0.0,0.0],"yaw":0.0},"position":[0.0,0.00100011611357331,9.0000114440918],"time_ms":11400,"wall_ms":1791529733597.0,"yaw":0.0}
S03R {"entity":2,"event":"apply","pose":{"control":1,"durable":2,"entity":2,"position":[6.0,0.00100011611357331,1.2500102519989],"receipt_ms":11399,"sequence":328,"tick":699,"velocity":[0.0,0.0,-4.9999942779541],"yaw":0.0},"position":[6.0,0.00100011611357331,1.2500102519989],"time_ms":11403,"wall_ms":1791529733600.0,"yaw":0.0}
S03R {"entity":1,"event":"apply","pose":{"control":1,"durable":2,"entity":1,"position":[0.0,0.00100011611357331,9.0000114440918],"receipt_ms":11455,"sequence":330,"tick":702,"velocity":[0.0,0.0,0.0],"yaw":0.0},"position":[0.0,0.00100011611357331,9.0000114440918],"time_ms":11470,"wall_ms":1791529733666.0,"yaw":0.0}
S03R {"entity":2,"event":"apply","pose":{"control":1,"durable":2,"entity":2,"position":[6.0,0.00100011611357331,1.00001049041748],"receipt_ms":11455,"sequence":329,"tick":702,"velocity":[0.0,0.0,-4.9999942779541],"yaw":0.0},"position":[6.0,0.00100011611357331,1.00001049041748],"time_ms":11475,"wall_ms":1791529733672.0,"yaw":0.0}
S03R {"entity":1,"event":"apply","pose":{"control":1,"durable":2,"entity":1,"position":[0.0,0.00100011611357331,9.0000114440918],"receipt_ms":11515,"sequence":332,"tick":705,"velocity":[0.0,0.0,0.0],"yaw":0.0},"position":[0.0,0.00100011611357331,9.0000114440918],"time_ms":11530,"wall_ms":1791529733727.0,"yaw":0.0}
S03R {"entity":2,"event":"apply","pose":{"control":1,"durable":2,"entity":2,"position":[6.0,0.00100011611357331,0.75001072883606],"receipt_ms":11515,"sequence":331,"tick":705,"velocity":[0.0,0.0,-4.9999942779541],"yaw":0.0},"position":[6.0,0.00100011611357331,0.75001072883606],"time_ms":11534,"wall_ms":1791529733731.0,"yaw":0.0}
S03R {"entity":1,"event":"apply","pose":{"control":1,"durable":2,"entity":1,"position":[0.0,0.00100011611357331,9.0000114440918],"receipt_ms":11562,"sequence":333,"tick":708,"velocity":[0.0,0.0,0.0],"yaw":0.0},"position":[0.0,0.00100011611357331,9.0000114440918],"time_ms":11576,"wall_ms":1791529733773.0,"yaw":0.0}
S03R {"entity":2,"event":"apply","pose":{"control":1,"durable":2,"entity":2,"position":[6.0,0.00100011611357331,0.500010967254639],"receipt_ms":11562,"sequence":332,"tick":708,"velocity":[0.0,0.0,-4.9999942779541],"yaw":0.0},"position":[6.0,0.00100011611357331,0.500010967254639],"time_ms":11581,"wall_ms":1791529733777.0,"yaw":0.0}
S03R {"entity":1,"event":"apply","pose":{"control":1,"durable":2,"entity":1,"position":[0.0,0.00100011611357331,9.0000114440918],"receipt_ms":11607,"sequence":335,"tick":711,"velocity":[0.0,0.0,0.0],"yaw":0.0},"position":[0.0,0.00100011611357331,9.0000114440918],"time_ms":11607,"wall_ms":1791529733804.0,"yaw":0.0}
S03R {"entity":2,"event":"apply","pose":{"control":1,"durable":2,"entity":2,"position":[6.0,0.00100011611357331,0.380219429731369],"receipt_ms":11607,"sequence":334,"tick":711,"velocity":[0.0,0.0,-4.9999942779541],"yaw":0.0},"position":[6.0,0.00100011611357331,0.380219429731369],"time_ms":11611,"wall_ms":1791529733807.0,"yaw":0.0}
S03R {"entity":1,"event":"apply","pose":{"control":1,"durable":2,"entity":1,"position":[0.0,0.00100011611357331,9.0000114440918],"receipt_ms":11653,"sequence":336,"tick":714,"velocity":[0.0,0.0,0.0],"yaw":0.0},"position":[0.0,0.00100011611357331,9.0000114440918],"time_ms":11670,"wall_ms":1791529733867.0,"yaw":0.0}
S03R {"entity":2,"event":"apply","pose":{"control":1,"durable":2,"entity":2,"position":[6.0,0.00100011611357331,0.380219429731369],"receipt_ms":11653,"sequence":336,"tick":714,"velocity":[0.0,0.0,-4.9999942779541],"yaw":0.0},"position":[6.0,0.00100011611357331,0.380219429731369],"time_ms":11676,"wall_ms":1791529733873.0,"yaw":0.0}
S03R {"entity":1,"event":"apply","pose":{"control":1,"durable":2,"entity":1,"position":[0.0,0.00100011611357331,9.0000114440918],"receipt_ms":11699,"sequence":338,"tick":717,"velocity":[0.0,0.0,0.0],"yaw":0.0},"position":[0.0,0.00100011611357331,9.0000114440918],"time_ms":11699,"wall_ms":1791529733897.0,"yaw":0.0}
S03R {"entity":2,"event":"apply","pose":{"control":1,"durable":2,"entity":2,"position":[6.0,0.00100011611357331,0.380219429731369],"receipt_ms":11699,"sequence":337,"tick":717,"velocity":[0.0,0.0,-4.9999942779541],"yaw":0.0},"position":[6.0,0.00100011611357331,0.380219429731369],"time_ms":11702,"wall_ms":1791529733900.0,"yaw":0.0}
S03R {"entity":1,"event":"apply","pose":{"control":1,"durable":2,"entity":1,"position":[0.0,0.00100011611357331,9.0000114440918],"receipt_ms":11761,"sequence":339,"tick":720,"velocity":[0.0,0.0,0.0],"yaw":0.0},"position":[0.0,0.00100011611357331,9.0000114440918],"time_ms":11775,"wall_ms":1791529733973.0,"yaw":0.0}
S03R {"entity":2,"event":"apply","pose":{"control":1,"durable":2,"entity":2,"position":[6.0,0.00100011611357331,0.380219429731369],"receipt_ms":11761,"sequence":338,"tick":720,"velocity":[0.0,0.0,-4.9999942779541],"yaw":0.0},"position":[6.0,0.00100011611357331,0.380219429731369],"time_ms":11779,"wall_ms":1791529733977.0,"yaw":0.0}
S03R {"entity":1,"event":"apply","pose":{"control":1,"durable":2,"entity":1,"position":[0.0,0.00100011611357331,9.0000114440918],"receipt_ms":11808,"sequence":341,"tick":723,"velocity":[0.0,0.0,0.0],"yaw":0.0},"position":[0.0,0.00100011611357331,9.0000114440918],"time_ms":11822,"wall_ms":1791529734020.0,"yaw":0.0}
S03R {"entity":2,"event":"apply","pose":{"control":1,"durable":2,"entity":2,"position":[6.0,0.00100011611357331,0.380219429731369],"receipt_ms":11808,"sequence":339,"tick":723,"velocity":[0.0,0.0,-4.9999942779541],"yaw":0.0},"position":[6.0,0.00100011611357331,0.380219429731369],"time_ms":11826,"wall_ms":1791529734023.0,"yaw":0.0}
S03R {"entity":1,"event":"apply","pose":{"control":1,"durable":2,"entity":1,"position":[0.0,0.00100011611357331,9.0000114440918],"receipt_ms":11854,"sequence":342,"tick":726,"velocity":[0.0,0.0,0.0],"yaw":0.0},"position":[0.0,0.00100011611357331,9.0000114440918],"time_ms":11869,"wall_ms":1791529734067.0,"yaw":0.0}
S03R {"entity":2,"event":"apply","pose":{"control":1,"durable":2,"entity":2,"position":[6.0,0.00100011611357331,0.380219429731369],"receipt_ms":11854,"sequence":341,"tick":726,"velocity":[0.0,0.0,-4.9999942779541],"yaw":0.0},"position":[6.0,0.00100011611357331,0.380219429731369],"time_ms":11874,"wall_ms":1791529734072.0,"yaw":0.0}
S03R {"entity":1,"event":"apply","pose":{"control":1,"durable":2,"entity":1,"position":[0.0,0.00100011611357331,9.0000114440918],"receipt_ms":11902,"sequence":344,"tick":729,"velocity":[0.0,0.0,0.0],"yaw":0.0},"position":[0.0,0.00100011611357331,9.0000114440918],"time_ms":11915,"wall_ms":1791529734113.0,"yaw":0.0}
S03R {"entity":2,"event":"apply","pose":{"control":1,"durable":2,"entity":2,"position":[6.0,0.00100011611357331,0.380219429731369],"receipt_ms":11902,"sequence":343,"tick":729,"velocity":[0.0,0.0,-4.9999942779541],"yaw":0.0},"position":[6.0,0.00100011611357331,0.380219429731369],"time_ms":11923,"wall_ms":1791529734120.0,"yaw":0.0}
S03R {"entity":1,"event":"apply","pose":{"control":1,"durable":2,"entity":1,"position":[0.0,0.00100011611357331,9.0000114440918],"receipt_ms":11948,"sequence":345,"tick":732,"velocity":[0.0,0.0,0.0],"yaw":0.0},"position":[0.0,0.00100011611357331,9.0000114440918],"time_ms":11949,"wall_ms":1791529734146.0,"yaw":0.0}
S03R {"entity":2,"event":"apply","pose":{"control":1,"durable":2,"entity":2,"position":[6.0,0.00100011611357331,0.380219429731369],"receipt_ms":11948,"sequence":344,"tick":732,"velocity":[0.0,0.0,-4.9999942779541],"yaw":0.0},"position":[6.0,0.00100011611357331,0.380219429731369],"time_ms":11952,"wall_ms":1791529734148.0,"yaw":0.0}
S03R {"entity":1,"event":"apply","pose":{"control":1,"durable":2,"entity":1,"position":[0.0,0.00100011611357331,9.0000114440918],"receipt_ms":11994,"sequence":347,"tick":735,"velocity":[0.0,0.0,0.0],"yaw":0.0},"position":[0.0,0.00100011611357331,9.0000114440918],"time_ms":11996,"wall_ms":1791529734193.0,"yaw":0.0}
S03R {"entity":2,"event":"apply","pose":{"control":1,"durable":2,"entity":2,"position":[6.0,0.00100011611357331,0.380219429731369],"receipt_ms":11994,"sequence":346,"tick":735,"velocity":[0.0,0.0,-4.9999942779541],"yaw":0.0},"position":[6.0,0.00100011611357331,0.380219429731369],"time_ms":12000,"wall_ms":1791529734196.0,"yaw":0.0}
S03R {"entity":1,"event":"apply","pose":{"control":1,"durable":2,"entity":1,"position":[0.0,0.00100011611357331,9.0000114440918],"receipt_ms":12040,"sequence":348,"tick":738,"velocity":[0.0,0.0,0.0],"yaw":0.0},"position":[0.0,0.00100011611357331,9.0000114440918],"time_ms":12040,"wall_ms":1791529734237.0,"yaw":0.0}
S03R {"entity":2,"event":"apply","pose":{"control":1,"durable":2,"entity":2,"position":[6.0,0.00100011611357331,0.380219429731369],"receipt_ms":12040,"sequence":347,"tick":738,"velocity":[0.0,0.0,-4.9999942779541],"yaw":0.0},"position":[6.0,0.00100011611357331,0.380219429731369],"time_ms":12045,"wall_ms":1791529734242.0,"yaw":0.0}
S03R {"entity":1,"event":"apply","pose":{"control":1,"durable":2,"entity":1,"position":[0.0,0.00100011611357331,9.0000114440918],"receipt_ms":12105,"sequence":350,"tick":741,"velocity":[0.0,0.0,0.0],"yaw":0.0},"position":[0.0,0.00100011611357331,9.0000114440918],"time_ms":12118,"wall_ms":1791529734315.0,"yaw":0.0}
S03R {"entity":2,"event":"apply","pose":{"control":1,"durable":2,"entity":2,"position":[6.0,0.00100011611357331,0.380219429731369],"receipt_ms":12105,"sequence":349,"tick":741,"velocity":[0.0,0.0,-4.9999942779541],"yaw":0.0},"position":[6.0,0.00100011611357331,0.380219429731369],"time_ms":12120,"wall_ms":1791529734317.0,"yaw":0.0}
S03R {"entity":1,"event":"apply","pose":{"control":1,"durable":2,"entity":1,"position":[0.0,0.00100011611357331,9.0000114440918],"receipt_ms":12150,"sequence":351,"tick":744,"velocity":[0.0,0.0,0.0],"yaw":0.0},"position":[0.0,0.00100011611357331,9.0000114440918],"time_ms":12164,"wall_ms":1791529734361.0,"yaw":0.0}
S03R {"entity":2,"event":"apply","pose":{"control":1,"durable":2,"entity":2,"position":[6.0,0.00100011611357331,0.380219429731369],"receipt_ms":12150,"sequence":350,"tick":744,"velocity":[0.0,0.0,-4.9999942779541],"yaw":0.0},"position":[6.0,0.00100011611357331,0.380219429731369],"time_ms":12167,"wall_ms":1791529734364.0,"yaw":0.0}
S03R {"entity":1,"event":"apply","pose":{"control":1,"durable":2,"entity":1,"position":[0.0,0.00100011611357331,9.0000114440918],"receipt_ms":12197,"sequence":353,"tick":747,"velocity":[0.0,0.0,0.0],"yaw":0.0},"position":[0.0,0.00100011611357331,9.0000114440918],"time_ms":12197,"wall_ms":1791529734394.0,"yaw":0.0}
S03R {"entity":2,"event":"apply","pose":{"control":1,"durable":2,"entity":2,"position":[6.0,0.00100011611357331,0.380219429731369],"receipt_ms":12197,"sequence":352,"tick":747,"velocity":[0.0,0.0,-4.9999942779541],"yaw":0.0},"position":[6.0,0.00100011611357331,0.380219429731369],"time_ms":12211,"wall_ms":1791529734408.0,"yaw":0.0}
S03R {"entity":1,"event":"apply","pose":{"control":1,"durable":2,"entity":1,"position":[0.0,0.00100011611357331,9.0000114440918],"receipt_ms":12260,"sequence":354,"tick":750,"velocity":[0.0,0.0,0.0],"yaw":0.0},"position":[0.0,0.00100011611357331,9.0000114440918],"time_ms":12275,"wall_ms":1791529734472.0,"yaw":0.0}
S03R {"entity":2,"event":"apply","pose":{"control":1,"durable":2,"entity":2,"position":[6.0,0.00100011611357331,0.380219429731369],"receipt_ms":12260,"sequence":353,"tick":750,"velocity":[0.0,0.0,-4.9999942779541],"yaw":0.0},"position":[6.0,0.00100011611357331,0.380219429731369],"time_ms":12280,"wall_ms":1791529734477.0,"yaw":0.0}
S03R {"entity":1,"event":"apply","pose":{"control":1,"durable":2,"entity":1,"position":[0.0,0.00100011611357331,9.0000114440918],"receipt_ms":12306,"sequence":356,"tick":753,"velocity":[0.0,0.0,0.0],"yaw":0.0},"position":[0.0,0.00100011611357331,9.0000114440918],"time_ms":12320,"wall_ms":1791529734518.0,"yaw":0.0}
S03R {"entity":2,"event":"apply","pose":{"control":1,"durable":2,"entity":2,"position":[6.0,0.00100011611357331,0.380219429731369],"receipt_ms":12306,"sequence":355,"tick":753,"velocity":[0.0,0.0,-4.9999942779541],"yaw":0.0},"position":[6.0,0.00100011611357331,0.380219429731369],"time_ms":12323,"wall_ms":1791529734521.0,"yaw":0.0}
S03R {"entity":1,"event":"apply","pose":{"control":1,"durable":2,"entity":1,"position":[0.0,0.00100011611357331,9.0000114440918],"receipt_ms":12352,"sequence":357,"tick":756,"velocity":[0.0,0.0,0.0],"yaw":0.0},"position":[0.0,0.00100011611357331,9.0000114440918],"time_ms":12353,"wall_ms":1791529734550.0,"yaw":0.0}
S03R {"entity":2,"event":"apply","pose":{"control":1,"durable":2,"entity":2,"position":[6.0,0.00100011611357331,0.380219429731369],"receipt_ms":12352,"sequence":357,"tick":756,"velocity":[0.0,0.0,-4.9999942779541],"yaw":0.0},"position":[6.0,0.00100011611357331,0.380219429731369],"time_ms":12357,"wall_ms":1791529734555.0,"yaw":0.0}
S03R {"entity":1,"event":"apply","pose":{"control":1,"durable":2,"entity":1,"position":[0.0,0.00100011611357331,9.0000114440918],"receipt_ms":12399,"sequence":359,"tick":759,"velocity":[0.0,0.0,0.0],"yaw":0.0},"position":[0.0,0.00100011611357331,9.0000114440918],"time_ms":12413,"wall_ms":1791529734610.0,"yaw":0.0}
S03R {"entity":2,"event":"apply","pose":{"control":1,"durable":2,"entity":2,"position":[6.0,0.00100011611357331,0.380219429731369],"receipt_ms":12399,"sequence":358,"tick":759,"velocity":[0.0,0.0,-4.9999942779541],"yaw":0.0},"position":[6.0,0.00100011611357331,0.380219429731369],"time_ms":12420,"wall_ms":1791529734617.0,"yaw":0.0}
S03R {"event":"keys","move":-1.0,"role":"client","tick":720,"time_ms":12426,"turn":0.0,"wall_ms":1791529734623.0}
S03R {"entity":1,"event":"apply","pose":{"control":1,"durable":2,"entity":1,"position":[0.0,0.00100011611357331,9.0000114440918],"receipt_ms":12444,"sequence":360,"tick":762,"velocity":[0.0,0.0,0.0],"yaw":0.0},"position":[0.0,0.00100011611357331,9.0000114440918],"time_ms":12444,"wall_ms":1791529734642.0,"yaw":0.0}
S03R {"entity":2,"event":"apply","pose":{"control":1,"durable":2,"entity":2,"position":[6.0,0.00100011611357331,0.380219429731369],"receipt_ms":12444,"sequence":359,"tick":762,"velocity":[0.0,0.0,-4.9999942779541],"yaw":0.0},"position":[6.0,0.00100011611357331,0.380219429731369],"time_ms":12447,"wall_ms":1791529734645.0,"yaw":0.0}
S03R {"entity":1,"event":"apply","pose":{"control":1,"durable":2,"entity":1,"position":[0.0,0.00100011611357331,9.0000114440918],"receipt_ms":12506,"sequence":362,"tick":765,"velocity":[0.0,0.0,0.0],"yaw":0.0},"position":[0.0,0.00100011611357331,9.0000114440918],"time_ms":12507,"wall_ms":1791529734704.0,"yaw":0.0}
S03R {"entity":2,"event":"apply","pose":{"control":1,"durable":2,"entity":2,"position":[6.0,0.00100011611357331,0.530898630619049],"receipt_ms":12506,"sequence":361,"tick":765,"velocity":[0.0,0.0,2.99999666213989],"yaw":0.0},"position":[6.0,0.00100011611357331,0.530898630619049],"time_ms":12510,"wall_ms":1791529734707.0,"yaw":0.0}
S03R {"entity":1,"event":"apply","pose":{"control":1,"durable":2,"entity":1,"position":[0.0,0.00100011611357331,9.0000114440918],"receipt_ms":12554,"sequence":363,"tick":768,"velocity":[0.0,0.0,0.0],"yaw":0.0},"position":[0.0,0.00100011611357331,9.0000114440918],"time_ms":12568,"wall_ms":1791529734765.0,"yaw":0.0}
S03R {"entity":2,"event":"apply","pose":{"control":1,"durable":2,"entity":2,"position":[6.0,0.00100011611357331,0.680898487567902],"receipt_ms":12554,"sequence":362,"tick":768,"velocity":[0.0,0.0,2.99999666213989],"yaw":0.0},"position":[6.0,0.00100011611357331,0.680898487567902],"time_ms":12572,"wall_ms":1791529734769.0,"yaw":0.0}
S03R {"entity":1,"event":"apply","pose":{"control":1,"durable":2,"entity":1,"position":[0.0,0.00100011611357331,9.0000114440918],"receipt_ms":12601,"sequence":365,"tick":771,"velocity":[0.0,0.0,0.0],"yaw":0.0},"position":[0.0,0.00100011611357331,9.0000114440918],"time_ms":12615,"wall_ms":1791529734812.0,"yaw":0.0}
S03R {"entity":2,"event":"apply","pose":{"control":1,"durable":2,"entity":2,"position":[6.0,0.00100011611357331,0.830898344516754],"receipt_ms":12601,"sequence":364,"tick":771,"velocity":[0.0,0.0,2.99999666213989],"yaw":0.0},"position":[6.0,0.00100011611357331,0.830898344516754],"time_ms":12619,"wall_ms":1791529734816.0,"yaw":0.0}
S03R {"entity":1,"event":"apply","pose":{"control":1,"durable":2,"entity":1,"position":[0.0,0.00100011611357331,9.0000114440918],"receipt_ms":12646,"sequence":366,"tick":774,"velocity":[0.0,0.0,0.0],"yaw":0.0},"position":[0.0,0.00100011611357331,9.0000114440918],"time_ms":12660,"wall_ms":1791529734858.0,"yaw":0.0}
S03R {"entity":2,"event":"apply","pose":{"control":1,"durable":2,"entity":2,"position":[6.0,0.00100011611357331,0.980898201465607],"receipt_ms":12646,"sequence":365,"tick":774,"velocity":[0.0,0.0,2.99999666213989],"yaw":0.0},"position":[6.0,0.00100011611357331,0.980898201465607],"time_ms":12666,"wall_ms":1791529734863.0,"yaw":0.0}
S03R {"entity":1,"event":"apply","pose":{"control":1,"durable":2,"entity":1,"position":[0.0,0.00100011611357331,9.0000114440918],"receipt_ms":12709,"sequence":368,"tick":777,"velocity":[0.0,0.0,0.0],"yaw":0.0},"position":[0.0,0.00100011611357331,9.0000114440918],"time_ms":12723,"wall_ms":1791529734921.0,"yaw":0.0}
S03R {"entity":2,"event":"apply","pose":{"control":1,"durable":2,"entity":2,"position":[6.0,0.00100011611357331,1.13089799880981],"receipt_ms":12709,"sequence":366,"tick":777,"velocity":[0.0,0.0,2.99999666213989],"yaw":0.0},"position":[6.0,0.00100011611357331,1.13089799880981],"time_ms":12732,"wall_ms":1791529734928.0,"yaw":0.0}
S03R {"entity":1,"event":"apply","pose":{"control":1,"durable":2,"entity":1,"position":[0.0,0.00100011611357331,9.0000114440918],"receipt_ms":12756,"sequence":369,"tick":780,"velocity":[0.0,0.0,0.0],"yaw":0.0},"position":[0.0,0.00100011611357331,9.0000114440918],"time_ms":12770,"wall_ms":1791529734967.0,"yaw":0.0}
S03R {"entity":2,"event":"apply","pose":{"control":1,"durable":2,"entity":2,"position":[6.0,0.00100011611357331,1.28089785575867],"receipt_ms":12756,"sequence":368,"tick":780,"velocity":[0.0,0.0,2.99999666213989],"yaw":0.0},"position":[6.0,0.00100011611357331,1.28089785575867],"time_ms":12773,"wall_ms":1791529734970.0,"yaw":0.0}
S03R {"entity":1,"event":"apply","pose":{"control":1,"durable":2,"entity":1,"position":[0.0,0.00100011611357331,9.0000114440918],"receipt_ms":12802,"sequence":371,"tick":783,"velocity":[0.0,0.0,0.0],"yaw":0.0},"position":[0.0,0.00100011611357331,9.0000114440918],"time_ms":12816,"wall_ms":1791529735014.0,"yaw":0.0}
S03R {"entity":2,"event":"apply","pose":{"control":1,"durable":2,"entity":2,"position":[6.0,0.00100011611357331,1.43089771270752],"receipt_ms":12802,"sequence":370,"tick":783,"velocity":[0.0,0.0,2.99999666213989],"yaw":0.0},"position":[6.0,0.00100011611357331,1.43089771270752],"time_ms":12820,"wall_ms":1791529735018.0,"yaw":0.0}
S03R {"entity":1,"event":"apply","pose":{"control":1,"durable":2,"entity":1,"position":[0.0,0.00100011611357331,9.0000114440918],"receipt_ms":12850,"sequence":372,"tick":786,"velocity":[0.0,0.0,0.0],"yaw":0.0},"position":[0.0,0.00100011611357331,9.0000114440918],"time_ms":12863,"wall_ms":1791529735060.0,"yaw":0.0}
S03R {"entity":2,"event":"apply","pose":{"control":1,"durable":2,"entity":2,"position":[6.0,0.00100011611357331,1.58089756965637],"receipt_ms":12850,"sequence":372,"tick":786,"velocity":[0.0,0.0,2.99999666213989],"yaw":0.0},"position":[6.0,0.00100011611357331,1.58089756965637],"time_ms":12866,"wall_ms":1791529735064.0,"yaw":0.0}
S03R {"entity":1,"event":"apply","pose":{"control":1,"durable":2,"entity":1,"position":[0.0,0.00100011611357331,9.0000114440918],"receipt_ms":12893,"sequence":374,"tick":789,"velocity":[0.0,0.0,0.0],"yaw":0.0},"position":[0.0,0.00100011611357331,9.0000114440918],"time_ms":12894,"wall_ms":1791529735091.0,"yaw":0.0}
S03R {"entity":2,"event":"apply","pose":{"control":1,"durable":2,"entity":2,"position":[6.0,0.00100011611357331,1.73089742660522],"receipt_ms":12893,"sequence":373,"tick":789,"velocity":[0.0,0.0,2.99999666213989],"yaw":0.0},"position":[6.0,0.00100011611357331,1.73089742660522],"time_ms":12898,"wall_ms":1791529735095.0,"yaw":0.0}
S03R {"entity":1,"event":"apply","pose":{"control":1,"durable":2,"entity":1,"position":[0.0,0.00100011611357331,9.0000114440918],"receipt_ms":12940,"sequence":375,"tick":792,"velocity":[0.0,0.0,0.0],"yaw":0.0},"position":[0.0,0.00100011611357331,9.0000114440918],"time_ms":12941,"wall_ms":1791529735138.0,"yaw":0.0}
S03R {"entity":2,"event":"apply","pose":{"control":1,"durable":2,"entity":2,"position":[6.0,0.00100011611357331,1.88089728355408],"receipt_ms":12941,"sequence":374,"tick":792,"velocity":[0.0,0.0,2.99999666213989],"yaw":0.0},"position":[6.0,0.00100011611357331,1.88089728355408],"time_ms":12945,"wall_ms":1791529735143.0,"yaw":0.0}
S03R {"entity":1,"event":"apply","pose":{"control":1,"durable":2,"entity":1,"position":[0.0,0.00100011611357331,9.0000114440918],"receipt_ms":13004,"sequence":377,"tick":795,"velocity":[0.0,0.0,0.0],"yaw":0.0},"position":[0.0,0.00100011611357331,9.0000114440918],"time_ms":13019,"wall_ms":1791529735216.0,"yaw":0.0}
S03R {"entity":2,"event":"apply","pose":{"control":1,"durable":2,"entity":2,"position":[6.0,0.00100011611357331,2.03089714050293],"receipt_ms":13004,"sequence":375,"tick":795,"velocity":[0.0,0.0,2.99999666213989],"yaw":0.0},"position":[6.0,0.00100011611357331,2.03089714050293],"time_ms":13024,"wall_ms":1791529735222.0,"yaw":0.0}
S03R {"entity":1,"event":"apply","pose":{"control":1,"durable":2,"entity":1,"position":[0.0,0.00100011611357331,9.0000114440918],"receipt_ms":13052,"sequence":378,"tick":798,"velocity":[0.0,0.0,0.0],"yaw":0.0},"position":[0.0,0.00100011611357331,9.0000114440918],"time_ms":13052,"wall_ms":1791529735249.0,"yaw":0.0}
S03R {"entity":2,"event":"apply","pose":{"control":1,"durable":2,"entity":2,"position":[6.0,0.00100011611357331,2.18089699745178],"receipt_ms":13052,"sequence":377,"tick":798,"velocity":[0.0,0.0,2.99999666213989],"yaw":0.0},"position":[6.0,0.00100011611357331,2.18089699745178],"time_ms":13055,"wall_ms":1791529735252.0,"yaw":0.0}
S03R {"entity":1,"event":"apply","pose":{"control":1,"durable":2,"entity":1,"position":[0.0,0.00100011611357331,9.0000114440918],"receipt_ms":13112,"sequence":380,"tick":801,"velocity":[0.0,0.0,0.0],"yaw":0.0},"position":[0.0,0.00100011611357331,9.0000114440918],"time_ms":13127,"wall_ms":1791529735325.0,"yaw":0.0}
S03R {"entity":2,"event":"apply","pose":{"control":1,"durable":2,"entity":2,"position":[6.0,0.00100011611357331,2.33089685440063],"receipt_ms":13112,"sequence":379,"tick":801,"velocity":[0.0,0.0,2.99999666213989],"yaw":0.0},"position":[6.0,0.00100011611357331,2.33089685440063],"time_ms":13131,"wall_ms":1791529735328.0,"yaw":0.0}
S03R {"entity":1,"event":"apply","pose":{"control":1,"durable":2,"entity":1,"position":[0.0,0.00100011611357331,9.0000114440918],"receipt_ms":13175,"sequence":381,"tick":804,"velocity":[0.0,0.0,0.0],"yaw":0.0},"position":[0.0,0.00100011611357331,9.0000114440918],"time_ms":13190,"wall_ms":1791529735387.0,"yaw":0.0}
S03R {"entity":2,"event":"apply","pose":{"control":1,"durable":2,"entity":2,"position":[6.0,0.00100011611357331,2.48089671134949],"receipt_ms":13175,"sequence":380,"tick":804,"velocity":[0.0,0.0,2.99999666213989],"yaw":0.0},"position":[6.0,0.00100011611357331,2.48089671134949],"time_ms":13193,"wall_ms":1791529735390.0,"yaw":0.0}
S03R {"entity":1,"event":"apply","pose":{"control":1,"durable":2,"entity":1,"position":[0.0,0.00100011611357331,9.0000114440918],"receipt_ms":13206,"sequence":383,"tick":807,"velocity":[0.0,0.0,0.0],"yaw":0.0},"position":[0.0,0.00100011611357331,9.0000114440918],"time_ms":13221,"wall_ms":1791529735419.0,"yaw":0.0}
S03R {"entity":2,"event":"apply","pose":{"control":1,"durable":2,"entity":2,"position":[6.0,0.00100011611357331,2.63089656829834],"receipt_ms":13206,"sequence":381,"tick":807,"velocity":[0.0,0.0,2.99999666213989],"yaw":0.0},"position":[6.0,0.00100011611357331,2.63089656829834],"time_ms":13224,"wall_ms":1791529735422.0,"yaw":0.0}
S03R {"event":"keys","move":0.0,"role":"client","tick":768,"time_ms":13237,"turn":0.0,"wall_ms":1791529735434.0}
S03R {"entity":1,"event":"apply","pose":{"control":1,"durable":2,"entity":1,"position":[0.0,0.00100011611357331,9.0000114440918],"receipt_ms":13253,"sequence":384,"tick":810,"velocity":[0.0,0.0,0.0],"yaw":0.0},"position":[0.0,0.00100011611357331,9.0000114440918],"time_ms":13268,"wall_ms":1791529735465.0,"yaw":0.0}
S03R {"entity":2,"event":"apply","pose":{"control":1,"durable":2,"entity":2,"position":[6.0,0.00100011611357331,2.78089642524719],"receipt_ms":13253,"sequence":383,"tick":810,"velocity":[0.0,0.0,2.99999666213989],"yaw":0.0},"position":[6.0,0.00100011611357331,2.78089642524719],"time_ms":13271,"wall_ms":1791529735469.0,"yaw":0.0}
S03R {"entity":1,"event":"apply","pose":{"control":1,"durable":2,"entity":1,"position":[0.0,0.00100011611357331,9.0000114440918],"receipt_ms":13299,"sequence":386,"tick":813,"velocity":[0.0,0.0,0.0],"yaw":0.0},"position":[0.0,0.00100011611357331,9.0000114440918],"time_ms":13299,"wall_ms":1791529735496.0,"yaw":0.0}
S03R {"entity":2,"event":"apply","pose":{"control":1,"durable":2,"entity":2,"position":[6.0,0.00100011611357331,2.78089642524719],"receipt_ms":13299,"sequence":385,"tick":813,"velocity":[0.0,0.0,0.0],"yaw":0.0},"position":[6.0,0.00100011611357331,2.78089642524719],"time_ms":13304,"wall_ms":1791529735502.0,"yaw":0.0}
S03R {"entity":1,"event":"apply","pose":{"control":1,"durable":2,"entity":1,"position":[0.0,0.00100011611357331,9.0000114440918],"receipt_ms":13345,"sequence":387,"tick":816,"velocity":[0.0,0.0,0.0],"yaw":0.0},"position":[0.0,0.00100011611357331,9.0000114440918],"time_ms":13360,"wall_ms":1791529735557.0,"yaw":0.0}
S03R {"entity":2,"event":"apply","pose":{"control":1,"durable":2,"entity":2,"position":[6.0,0.00100011611357331,2.78089642524719],"receipt_ms":13345,"sequence":387,"tick":816,"velocity":[0.0,0.0,0.0],"yaw":0.0},"position":[6.0,0.00100011611357331,2.78089642524719],"time_ms":13364,"wall_ms":1791529735562.0,"yaw":0.0}
S03R {"entity":1,"event":"apply","pose":{"control":1,"durable":2,"entity":1,"position":[0.0,0.00100011611357331,9.0000114440918],"receipt_ms":13406,"sequence":389,"tick":819,"velocity":[0.0,0.0,0.0],"yaw":0.0},"position":[0.0,0.00100011611357331,9.0000114440918],"time_ms":13421,"wall_ms":1791529735618.0,"yaw":0.0}
S03R {"entity":2,"event":"apply","pose":{"control":1,"durable":2,"entity":2,"position":[6.0,0.00100011611357331,2.78089642524719],"receipt_ms":13406,"sequence":388,"tick":819,"velocity":[0.0,0.0,0.0],"yaw":0.0},"position":[6.0,0.00100011611357331,2.78089642524719],"time_ms":13426,"wall_ms":1791529735623.0,"yaw":0.0}
S03R {"entity":1,"event":"apply","pose":{"control":1,"durable":2,"entity":1,"position":[0.0,0.00100011611357331,9.0000114440918],"receipt_ms":13453,"sequence":390,"tick":822,"velocity":[0.0,0.0,0.0],"yaw":0.0},"position":[0.0,0.00100011611357331,9.0000114440918],"time_ms":13453,"wall_ms":1791529735650.0,"yaw":0.0}
S03R {"entity":2,"event":"apply","pose":{"control":1,"durable":2,"entity":2,"position":[6.0,0.00100011611357331,2.78089642524719],"receipt_ms":13453,"sequence":389,"tick":822,"velocity":[0.0,0.0,0.0],"yaw":0.0},"position":[6.0,0.00100011611357331,2.78089642524719],"time_ms":13457,"wall_ms":1791529735655.0,"yaw":0.0}
S03R {"entity":1,"event":"apply","pose":{"control":1,"durable":2,"entity":1,"position":[0.0,0.00100011611357331,9.0000114440918],"receipt_ms":13498,"sequence":392,"tick":825,"velocity":[0.0,0.0,0.0],"yaw":0.0},"position":[0.0,0.00100011611357331,9.0000114440918],"time_ms":13499,"wall_ms":1791529735697.0,"yaw":0.0}
S03R {"entity":2,"event":"apply","pose":{"control":1,"durable":2,"entity":2,"position":[6.0,0.00100011611357331,2.78089642524719],"receipt_ms":13498,"sequence":391,"tick":825,"velocity":[0.0,0.0,0.0],"yaw":0.0},"position":[6.0,0.00100011611357331,2.78089642524719],"time_ms":13503,"wall_ms":1791529735701.0,"yaw":0.0}
S03R {"entity":1,"event":"apply","pose":{"control":1,"durable":2,"entity":1,"position":[0.0,0.00100011611357331,9.0000114440918],"receipt_ms":13546,"sequence":393,"tick":828,"velocity":[0.0,0.0,0.0],"yaw":0.0},"position":[0.0,0.00100011611357331,9.0000114440918],"time_ms":13559,"wall_ms":1791529735756.0,"yaw":0.0}
S03R {"entity":2,"event":"apply","pose":{"control":1,"durable":2,"entity":2,"position":[6.0,0.00100011611357331,2.78089642524719],"receipt_ms":13546,"sequence":392,"tick":828,"velocity":[0.0,0.0,0.0],"yaw":0.0},"position":[6.0,0.00100011611357331,2.78089642524719],"time_ms":13562,"wall_ms":1791529735759.0,"yaw":0.0}
S03R {"entity":1,"event":"apply","pose":{"control":1,"durable":2,"entity":1,"position":[0.0,0.00100011611357331,9.0000114440918],"receipt_ms":13591,"sequence":395,"tick":831,"velocity":[0.0,0.0,0.0],"yaw":0.0},"position":[0.0,0.00100011611357331,9.0000114440918],"time_ms":13607,"wall_ms":1791529735804.0,"yaw":0.0}
S03R {"entity":2,"event":"apply","pose":{"control":1,"durable":2,"entity":2,"position":[6.0,0.00100011611357331,2.78089642524719],"receipt_ms":13591,"sequence":394,"tick":831,"velocity":[0.0,0.0,0.0],"yaw":0.0},"position":[6.0,0.00100011611357331,2.78089642524719],"time_ms":13612,"wall_ms":1791529735808.0,"yaw":0.0}
S03R {"entity":1,"event":"apply","pose":{"control":1,"durable":2,"entity":1,"position":[0.0,0.00100011611357331,9.0000114440918],"receipt_ms":13654,"sequence":396,"tick":834,"velocity":[0.0,0.0,0.0],"yaw":0.0},"position":[0.0,0.00100011611357331,9.0000114440918],"time_ms":13669,"wall_ms":1791529735866.0,"yaw":0.0}
S03R {"entity":2,"event":"apply","pose":{"control":1,"durable":2,"entity":2,"position":[6.0,0.00100011611357331,2.78089642524719],"receipt_ms":13654,"sequence":395,"tick":834,"velocity":[0.0,0.0,0.0],"yaw":0.0},"position":[6.0,0.00100011611357331,2.78089642524719],"time_ms":13672,"wall_ms":1791529735869.0,"yaw":0.0}
S03R {"entity":1,"event":"apply","pose":{"control":1,"durable":2,"entity":1,"position":[0.0,0.00100011611357331,9.0000114440918],"receipt_ms":13716,"sequence":398,"tick":837,"velocity":[0.0,0.0,0.0],"yaw":0.0},"position":[0.0,0.00100011611357331,9.0000114440918],"time_ms":13730,"wall_ms":1791529735927.0,"yaw":0.0}
S03R {"entity":2,"event":"apply","pose":{"control":1,"durable":2,"entity":2,"position":[6.0,0.00100011611357331,2.78089642524719],"receipt_ms":13716,"sequence":397,"tick":837,"velocity":[0.0,0.0,0.0],"yaw":0.0},"position":[6.0,0.00100011611357331,2.78089642524719],"time_ms":13734,"wall_ms":1791529735931.0,"yaw":0.0}
S03R {"entity":1,"event":"apply","pose":{"control":1,"durable":2,"entity":1,"position":[0.0,0.00100011611357331,9.0000114440918],"receipt_ms":13746,"sequence":399,"tick":840,"velocity":[0.0,0.0,0.0],"yaw":0.0},"position":[0.0,0.00100011611357331,9.0000114440918],"time_ms":13761,"wall_ms":1791529735958.0,"yaw":0.0}
S03R {"entity":2,"event":"apply","pose":{"control":1,"durable":2,"entity":2,"position":[6.0,0.00100011611357331,2.78089642524719],"receipt_ms":13746,"sequence":398,"tick":840,"velocity":[0.0,0.0,0.0],"yaw":0.0},"position":[6.0,0.00100011611357331,2.78089642524719],"time_ms":13767,"wall_ms":1791529735964.0,"yaw":0.0}
S03R {"entity":1,"event":"apply","pose":{"control":1,"durable":2,"entity":1,"position":[0.0,0.00100011611357331,9.0000114440918],"receipt_ms":13792,"sequence":401,"tick":843,"velocity":[0.0,0.0,0.0],"yaw":0.0},"position":[0.0,0.00100011611357331,9.0000114440918],"time_ms":13793,"wall_ms":1791529735990.0,"yaw":0.0}
S03R {"entity":2,"event":"apply","pose":{"control":1,"durable":2,"entity":2,"position":[6.0,0.00100011611357331,2.78089642524719],"receipt_ms":13792,"sequence":400,"tick":843,"velocity":[0.0,0.0,0.0],"yaw":0.0},"position":[6.0,0.00100011611357331,2.78089642524719],"time_ms":13797,"wall_ms":1791529735994.0,"yaw":0.0}
S03R {"entity":1,"event":"apply","pose":{"control":1,"durable":2,"entity":1,"position":[0.0,0.00100011611357331,9.0000114440918],"receipt_ms":13839,"sequence":402,"tick":846,"velocity":[0.0,0.0,0.0],"yaw":0.0},"position":[0.0,0.00100011611357331,9.0000114440918],"time_ms":13839,"wall_ms":1791529736036.0,"yaw":0.0}
S03R {"entity":2,"event":"apply","pose":{"control":1,"durable":2,"entity":2,"position":[6.0,0.00100011611357331,2.78089642524719],"receipt_ms":13839,"sequence":401,"tick":846,"velocity":[0.0,0.0,0.0],"yaw":0.0},"position":[6.0,0.00100011611357331,2.78089642524719],"time_ms":13843,"wall_ms":1791529736039.0,"yaw":0.0}
S03R {"entity":1,"event":"apply","pose":{"control":1,"durable":2,"entity":1,"position":[0.0,0.00100011611357331,9.0000114440918],"receipt_ms":13917,"sequence":404,"tick":849,"velocity":[0.0,0.0,0.0],"yaw":0.0},"position":[0.0,0.00100011611357331,9.0000114440918],"time_ms":13932,"wall_ms":1791529736129.0,"yaw":0.0}
S03R {"entity":2,"event":"apply","pose":{"control":1,"durable":2,"entity":2,"position":[6.0,0.00100011611357331,2.78089642524719],"receipt_ms":13917,"sequence":403,"tick":849,"velocity":[0.0,0.0,0.0],"yaw":0.0},"position":[6.0,0.00100011611357331,2.78089642524719],"time_ms":13939,"wall_ms":1791529736136.0,"yaw":0.0}
S03R {"entity":1,"event":"apply","pose":{"control":1,"durable":2,"entity":1,"position":[0.0,0.00100011611357331,9.0000114440918],"receipt_ms":13963,"sequence":405,"tick":852,"velocity":[0.0,0.0,0.0],"yaw":0.0},"position":[0.0,0.00100011611357331,9.0000114440918],"time_ms":13963,"wall_ms":1791529736160.0,"yaw":0.0}
S03R {"entity":2,"event":"apply","pose":{"control":1,"durable":2,"entity":2,"position":[6.0,0.00100011611357331,2.78089642524719],"receipt_ms":13963,"sequence":404,"tick":852,"velocity":[0.0,0.0,0.0],"yaw":0.0},"position":[6.0,0.00100011611357331,2.78089642524719],"time_ms":13970,"wall_ms":1791529736167.0,"yaw":0.0}
S03R {"entity":1,"event":"apply","pose":{"control":1,"durable":2,"entity":1,"position":[0.0,0.00100011611357331,9.0000114440918],"receipt_ms":13994,"sequence":407,"tick":855,"velocity":[0.0,0.0,0.0],"yaw":0.0},"position":[0.0,0.00100011611357331,9.0000114440918],"time_ms":14009,"wall_ms":1791529736207.0,"yaw":0.0}
S03R {"entity":2,"event":"apply","pose":{"control":1,"durable":2,"entity":2,"position":[6.0,0.00100011611357331,2.78089642524719],"receipt_ms":13994,"sequence":406,"tick":855,"velocity":[0.0,0.0,0.0],"yaw":0.0},"position":[6.0,0.00100011611357331,2.78089642524719],"time_ms":14012,"wall_ms":1791529736210.0,"yaw":0.0}
S03R {"entity":1,"event":"apply","pose":{"control":1,"durable":2,"entity":1,"position":[0.0,0.00100011611357331,9.0000114440918],"receipt_ms":14041,"sequence":408,"tick":858,"velocity":[0.0,0.0,0.0],"yaw":0.0},"position":[0.0,0.00100011611357331,9.0000114440918],"time_ms":14056,"wall_ms":1791529736253.0,"yaw":0.0}
S03R {"entity":2,"event":"apply","pose":{"control":1,"durable":2,"entity":2,"position":[6.0,0.00100011611357331,2.78089642524719],"receipt_ms":14041,"sequence":407,"tick":858,"velocity":[0.0,0.0,0.0],"yaw":0.0},"position":[6.0,0.00100011611357331,2.78089642524719],"time_ms":14059,"wall_ms":1791529736256.0,"yaw":0.0}
S03R {"entity":1,"event":"apply","pose":{"control":1,"durable":2,"entity":1,"position":[0.0,0.00100011611357331,9.0000114440918],"receipt_ms":14104,"sequence":410,"tick":861,"velocity":[0.0,0.0,0.0],"yaw":0.0},"position":[0.0,0.00100011611357331,9.0000114440918],"time_ms":14118,"wall_ms":1791529736315.0,"yaw":0.0}
S03R {"entity":2,"event":"apply","pose":{"control":1,"durable":2,"entity":2,"position":[6.0,0.00100011611357331,2.78089642524719],"receipt_ms":14104,"sequence":409,"tick":861,"velocity":[0.0,0.0,0.0],"yaw":0.0},"position":[6.0,0.00100011611357331,2.78089642524719],"time_ms":14125,"wall_ms":1791529736322.0,"yaw":0.0}
S03R {"entity":1,"event":"apply","pose":{"control":1,"durable":2,"entity":1,"position":[0.0,0.00100011611357331,9.0000114440918],"receipt_ms":14149,"sequence":411,"tick":864,"velocity":[0.0,0.0,0.0],"yaw":0.0},"position":[0.0,0.00100011611357331,9.0000114440918],"time_ms":14150,"wall_ms":1791529736347.0,"yaw":0.0}
S03R {"entity":2,"event":"apply","pose":{"control":1,"durable":2,"entity":2,"position":[6.0,0.00100011611357331,2.78089642524719],"receipt_ms":14149,"sequence":410,"tick":864,"velocity":[0.0,0.0,0.0],"yaw":0.0},"position":[6.0,0.00100011611357331,2.78089642524719],"time_ms":14156,"wall_ms":1791529736354.0,"yaw":0.0}
S03R {"entity":1,"event":"apply","pose":{"control":1,"durable":2,"entity":1,"position":[0.0,0.00100011611357331,9.0000114440918],"receipt_ms":14196,"sequence":413,"tick":867,"velocity":[0.0,0.0,0.0],"yaw":0.0},"position":[0.0,0.00100011611357331,9.0000114440918],"time_ms":14211,"wall_ms":1791529736408.0,"yaw":0.0}
S03R {"entity":2,"event":"apply","pose":{"control":1,"durable":2,"entity":2,"position":[6.0,0.00100011611357331,2.78089642524719],"receipt_ms":14196,"sequence":412,"tick":867,"velocity":[0.0,0.0,0.0],"yaw":0.0},"position":[6.0,0.00100011611357331,2.78089642524719],"time_ms":14216,"wall_ms":1791529736413.0,"yaw":0.0}
S03R {"entity":1,"event":"apply","pose":{"control":1,"durable":2,"entity":1,"position":[0.0,0.00100011611357331,9.0000114440918],"receipt_ms":14258,"sequence":414,"tick":870,"velocity":[0.0,0.0,0.0],"yaw":0.0},"position":[0.0,0.00100011611357331,9.0000114440918],"time_ms":14272,"wall_ms":1791529736470.0,"yaw":0.0}
S03R {"entity":2,"event":"apply","pose":{"control":1,"durable":2,"entity":2,"position":[6.0,0.00100011611357331,2.78089642524719],"receipt_ms":14258,"sequence":413,"tick":870,"velocity":[0.0,0.0,0.0],"yaw":0.0},"position":[6.0,0.00100011611357331,2.78089642524719],"time_ms":14286,"wall_ms":1791529736483.0,"yaw":0.0}
S03R {"entity":1,"event":"apply","pose":{"control":1,"durable":2,"entity":1,"position":[0.0,0.00100011611357331,9.0000114440918],"receipt_ms":14305,"sequence":416,"tick":873,"velocity":[0.0,0.0,0.0],"yaw":0.0},"position":[0.0,0.00100011611357331,9.0000114440918],"time_ms":14319,"wall_ms":1791529736516.0,"yaw":0.0}
S03R {"entity":2,"event":"apply","pose":{"control":1,"durable":2,"entity":2,"position":[6.0,0.00100011611357331,2.78089642524719],"receipt_ms":14305,"sequence":415,"tick":873,"velocity":[0.0,0.0,0.0],"yaw":0.0},"position":[6.0,0.00100011611357331,2.78089642524719],"time_ms":14322,"wall_ms":1791529736519.0,"yaw":0.0}
S03R {"entity":1,"event":"apply","pose":{"control":1,"durable":2,"entity":1,"position":[0.0,0.00100011611357331,9.0000114440918],"receipt_ms":14365,"sequence":417,"tick":876,"velocity":[0.0,0.0,0.0],"yaw":0.0},"position":[0.0,0.00100011611357331,9.0000114440918],"time_ms":14380,"wall_ms":1791529736577.0,"yaw":0.0}
S03R {"entity":2,"event":"apply","pose":{"control":1,"durable":2,"entity":2,"position":[6.0,0.00100011611357331,2.78089642524719],"receipt_ms":14365,"sequence":417,"tick":876,"velocity":[0.0,0.0,0.0],"yaw":0.0},"position":[6.0,0.00100011611357331,2.78089642524719],"time_ms":14385,"wall_ms":1791529736582.0,"yaw":0.0}
S03R {"entity":1,"event":"apply","pose":{"control":1,"durable":2,"entity":1,"position":[0.0,0.00100011611357331,9.0000114440918],"receipt_ms":14390,"sequence":419,"tick":879,"velocity":[0.0,0.0,0.0],"yaw":0.0},"position":[0.0,0.00100011611357331,9.0000114440918],"time_ms":14391,"wall_ms":1791529736588.0,"yaw":0.0}
S03R {"entity":2,"event":"apply","pose":{"control":1,"durable":2,"entity":2,"position":[6.0,0.00100011611357331,2.78089642524719],"receipt_ms":14390,"sequence":418,"tick":879,"velocity":[0.0,0.0,0.0],"yaw":0.0},"position":[6.0,0.00100011611357331,2.78089642524719],"time_ms":14393,"wall_ms":1791529736590.0,"yaw":0.0}
S03R {"entity":1,"event":"apply","pose":{"control":1,"durable":2,"entity":1,"position":[0.0,0.00100011611357331,9.0000114440918],"receipt_ms":14442,"sequence":420,"tick":882,"velocity":[0.0,0.0,0.0],"yaw":0.0},"position":[0.0,0.00100011611357331,9.0000114440918],"time_ms":14458,"wall_ms":1791529736655.0,"yaw":0.0}
S03R {"entity":2,"event":"apply","pose":{"control":1,"durable":2,"entity":2,"position":[6.0,0.00100011611357331,2.78089642524719],"receipt_ms":14442,"sequence":419,"tick":882,"velocity":[0.0,0.0,0.0],"yaw":0.0},"position":[6.0,0.00100011611357331,2.78089642524719],"time_ms":14464,"wall_ms":1791529736660.0,"yaw":0.0}
S03R {"entity":1,"event":"apply","pose":{"control":1,"durable":2,"entity":1,"position":[0.0,0.00100011611357331,9.0000114440918],"receipt_ms":14505,"sequence":422,"tick":885,"velocity":[0.0,0.0,0.0],"yaw":0.0},"position":[0.0,0.00100011611357331,9.0000114440918],"time_ms":14519,"wall_ms":1791529736716.0,"yaw":0.0}
S03R {"entity":2,"event":"apply","pose":{"control":1,"durable":2,"entity":2,"position":[6.0,0.00100011611357331,2.78089642524719],"receipt_ms":14505,"sequence":421,"tick":885,"velocity":[0.0,0.0,0.0],"yaw":0.0},"position":[6.0,0.00100011611357331,2.78089642524719],"time_ms":14521,"wall_ms":1791529736718.0,"yaw":0.0}
S03R {"entity":1,"event":"apply","pose":{"control":1,"durable":2,"entity":1,"position":[0.0,0.00100011611357331,9.0000114440918],"receipt_ms":14550,"sequence":423,"tick":888,"velocity":[0.0,0.0,0.0],"yaw":0.0},"position":[0.0,0.00100011611357331,9.0000114440918],"time_ms":14565,"wall_ms":1791529736762.0,"yaw":0.0}
S03R {"entity":2,"event":"apply","pose":{"control":1,"durable":2,"entity":2,"position":[6.0,0.00100011611357331,2.78089642524719],"receipt_ms":14550,"sequence":422,"tick":888,"velocity":[0.0,0.0,0.0],"yaw":0.0},"position":[6.0,0.00100011611357331,2.78089642524719],"time_ms":14570,"wall_ms":1791529736767.0,"yaw":0.0}
S03R {"entity":1,"event":"apply","pose":{"control":1,"durable":2,"entity":1,"position":[0.0,0.00100011611357331,9.0000114440918],"receipt_ms":14596,"sequence":425,"tick":891,"velocity":[0.0,0.0,0.0],"yaw":0.0},"position":[0.0,0.00100011611357331,9.0000114440918],"time_ms":14611,"wall_ms":1791529736808.0,"yaw":0.0}
S03R {"entity":2,"event":"apply","pose":{"control":1,"durable":2,"entity":2,"position":[6.0,0.00100011611357331,2.78089642524719],"receipt_ms":14597,"sequence":424,"tick":891,"velocity":[0.0,0.0,0.0],"yaw":0.0},"position":[6.0,0.00100011611357331,2.78089642524719],"time_ms":14616,"wall_ms":1791529736813.0,"yaw":0.0}
S03R {"entity":1,"event":"apply","pose":{"control":1,"durable":2,"entity":1,"position":[0.0,0.00100011611357331,9.0000114440918],"receipt_ms":14643,"sequence":426,"tick":894,"velocity":[0.0,0.0,0.0],"yaw":0.0},"position":[0.0,0.00100011611357331,9.0000114440918],"time_ms":14657,"wall_ms":1791529736855.0,"yaw":0.0}
S03R {"entity":2,"event":"apply","pose":{"control":1,"durable":2,"entity":2,"position":[6.0,0.00100011611357331,2.78089642524719],"receipt_ms":14643,"sequence":425,"tick":894,"velocity":[0.0,0.0,0.0],"yaw":0.0},"position":[6.0,0.00100011611357331,2.78089642524719],"time_ms":14661,"wall_ms":1791529736858.0,"yaw":0.0}
S03R {"entity":1,"event":"apply","pose":{"control":1,"durable":2,"entity":1,"position":[0.0,0.00100011611357331,9.0000114440918],"receipt_ms":14705,"sequence":428,"tick":897,"velocity":[0.0,0.0,0.0],"yaw":0.0},"position":[0.0,0.00100011611357331,9.0000114440918],"time_ms":14720,"wall_ms":1791529736917.0,"yaw":0.0}
S03R {"entity":2,"event":"apply","pose":{"control":1,"durable":2,"entity":2,"position":[6.0,0.00100011611357331,2.78089642524719],"receipt_ms":14705,"sequence":427,"tick":897,"velocity":[0.0,0.0,0.0],"yaw":0.0},"position":[6.0,0.00100011611357331,2.78089642524719],"time_ms":14734,"wall_ms":1791529736931.0,"yaw":0.0}
S03R {"entity":1,"event":"apply","pose":{"control":1,"durable":2,"entity":1,"position":[0.0,0.00100011611357331,9.0000114440918],"receipt_ms":14752,"sequence":429,"tick":900,"velocity":[0.0,0.0,0.0],"yaw":0.0},"position":[0.0,0.00100011611357331,9.0000114440918],"time_ms":14767,"wall_ms":1791529736963.0,"yaw":0.0}
S03R {"entity":2,"event":"apply","pose":{"control":1,"durable":2,"entity":2,"position":[6.0,0.00100011611357331,2.78089642524719],"receipt_ms":14752,"sequence":428,"tick":900,"velocity":[0.0,0.0,0.0],"yaw":0.0},"position":[6.0,0.00100011611357331,2.78089642524719],"time_ms":14778,"wall_ms":1791529736976.0,"yaw":0.0}
S03R {"entity":1,"event":"apply","pose":{"control":1,"durable":2,"entity":1,"position":[0.0,0.00100011611357331,9.0000114440918],"receipt_ms":14798,"sequence":431,"tick":903,"velocity":[0.0,0.0,0.0],"yaw":0.0},"position":[0.0,0.00100011611357331,9.0000114440918],"time_ms":14798,"wall_ms":1791529736995.0,"yaw":0.0}
S03R {"entity":2,"event":"apply","pose":{"control":1,"durable":2,"entity":2,"position":[6.0,0.00100011611357331,2.78089642524719],"receipt_ms":14798,"sequence":430,"tick":903,"velocity":[0.0,0.0,0.0],"yaw":0.0},"position":[6.0,0.00100011611357331,2.78089642524719],"time_ms":14801,"wall_ms":1791529736998.0,"yaw":0.0}
S03R {"entity":1,"event":"apply","pose":{"control":1,"durable":2,"entity":1,"position":[0.0,0.00100011611357331,9.0000114440918],"receipt_ms":14859,"sequence":432,"tick":906,"velocity":[0.0,0.0,0.0],"yaw":0.0},"position":[0.0,0.00100011611357331,9.0000114440918],"time_ms":14860,"wall_ms":1791529737056.0,"yaw":0.0}
S03R {"entity":2,"event":"apply","pose":{"control":1,"durable":2,"entity":2,"position":[6.0,0.00100011611357331,2.78089642524719],"receipt_ms":14859,"sequence":432,"tick":906,"velocity":[0.0,0.0,0.0],"yaw":0.0},"position":[6.0,0.00100011611357331,2.78089642524719],"time_ms":14862,"wall_ms":1791529737059.0,"yaw":0.0}
S03R {"entity":1,"event":"apply","pose":{"control":1,"durable":2,"entity":1,"position":[0.0,0.00100011611357331,9.0000114440918],"receipt_ms":14890,"sequence":434,"tick":909,"velocity":[0.0,0.0,0.0],"yaw":0.0},"position":[0.0,0.00100011611357331,9.0000114440918],"time_ms":14890,"wall_ms":1791529737087.0,"yaw":0.0}
S03R {"entity":2,"event":"apply","pose":{"control":1,"durable":2,"entity":2,"position":[6.0,0.00100011611357331,2.78089642524719],"receipt_ms":14890,"sequence":433,"tick":909,"velocity":[0.0,0.0,0.0],"yaw":0.0},"position":[6.0,0.00100011611357331,2.78089642524719],"time_ms":14901,"wall_ms":1791529737099.0,"yaw":0.0}
S03R {"entity":1,"event":"apply","pose":{"control":1,"durable":2,"entity":1,"position":[0.0,0.00100011611357331,9.0000114440918],"receipt_ms":14970,"sequence":435,"tick":912,"velocity":[0.0,0.0,0.0],"yaw":0.0},"position":[0.0,0.00100011611357331,9.0000114440918],"time_ms":14985,"wall_ms":1791529737182.0,"yaw":0.0}
S03R {"entity":2,"event":"apply","pose":{"control":1,"durable":2,"entity":2,"position":[6.0,0.00100011611357331,2.78089642524719],"receipt_ms":14970,"sequence":435,"tick":912,"velocity":[0.0,0.0,0.0],"yaw":0.0},"position":[6.0,0.00100011611357331,2.78089642524719],"time_ms":14990,"wall_ms":1791529737187.0,"yaw":0.0}
S03R {"entity":1,"event":"apply","pose":{"control":1,"durable":2,"entity":1,"position":[0.0,0.00100011611357331,9.0000114440918],"receipt_ms":15017,"sequence":437,"tick":915,"velocity":[0.0,0.0,0.0],"yaw":0.0},"position":[0.0,0.00100011611357331,9.0000114440918],"time_ms":15018,"wall_ms":1791529737215.0,"yaw":0.0}
S03R {"entity":2,"event":"apply","pose":{"control":1,"durable":2,"entity":2,"position":[6.0,0.00100011611357331,2.78089642524719],"receipt_ms":15018,"sequence":436,"tick":915,"velocity":[0.0,0.0,0.0],"yaw":0.0},"position":[6.0,0.00100011611357331,2.78089642524719],"time_ms":15032,"wall_ms":1791529737229.0,"yaw":0.0}
S03R {"entity":1,"event":"apply","pose":{"control":1,"durable":2,"entity":1,"position":[0.0,0.00100011611357331,9.0000114440918],"receipt_ms":15046,"sequence":438,"tick":918,"velocity":[0.0,0.0,0.0],"yaw":0.0},"position":[0.0,0.00100011611357331,9.0000114440918],"time_ms":15061,"wall_ms":1791529737259.0,"yaw":0.0}
S03R {"entity":2,"event":"apply","pose":{"control":1,"durable":2,"entity":2,"position":[6.0,0.00100011611357331,2.78089642524719],"receipt_ms":15046,"sequence":437,"tick":918,"velocity":[0.0,0.0,0.0],"yaw":0.0},"position":[6.0,0.00100011611357331,2.78089642524719],"time_ms":15070,"wall_ms":1791529737267.0,"yaw":0.0}
S03R {"entity":1,"event":"apply","pose":{"control":1,"durable":2,"entity":1,"position":[0.0,0.00100011611357331,9.0000114440918],"receipt_ms":15110,"sequence":440,"tick":921,"velocity":[0.0,0.0,0.0],"yaw":0.0},"position":[0.0,0.00100011611357331,9.0000114440918],"time_ms":15125,"wall_ms":1791529737322.0,"yaw":0.0}
S03R {"entity":2,"event":"apply","pose":{"control":1,"durable":2,"entity":2,"position":[6.0,0.00100011611357331,2.78089642524719],"receipt_ms":15110,"sequence":438,"tick":921,"velocity":[0.0,0.0,0.0],"yaw":0.0},"position":[6.0,0.00100011611357331,2.78089642524719],"time_ms":15142,"wall_ms":1791529737339.0,"yaw":0.0}
S03R {"entity":1,"event":"apply","pose":{"control":1,"durable":2,"entity":1,"position":[0.0,0.00100011611357331,9.0000114440918],"receipt_ms":15158,"sequence":441,"tick":924,"velocity":[0.0,0.0,0.0],"yaw":0.0},"position":[0.0,0.00100011611357331,9.0000114440918],"time_ms":15171,"wall_ms":1791529737368.0,"yaw":0.0}
S03R {"entity":2,"event":"apply","pose":{"control":1,"durable":2,"entity":2,"position":[6.0,0.00100011611357331,2.78089642524719],"receipt_ms":15158,"sequence":440,"tick":924,"velocity":[0.0,0.0,0.0],"yaw":0.0},"position":[6.0,0.00100011611357331,2.78089642524719],"time_ms":15176,"wall_ms":1791529737374.0,"yaw":0.0}
S03R {"entity":1,"event":"apply","pose":{"control":1,"durable":2,"entity":1,"position":[0.0,0.00100011611357331,9.0000114440918],"receipt_ms":15204,"sequence":443,"tick":927,"velocity":[0.0,0.0,0.0],"yaw":0.0},"position":[0.0,0.00100011611357331,9.0000114440918],"time_ms":15217,"wall_ms":1791529737415.0,"yaw":0.0}
S03R {"entity":2,"event":"apply","pose":{"control":1,"durable":2,"entity":2,"position":[6.0,0.00100011611357331,2.78089642524719],"receipt_ms":15204,"sequence":442,"tick":927,"velocity":[0.0,0.0,0.0],"yaw":0.0},"position":[6.0,0.00100011611357331,2.78089642524719],"time_ms":15222,"wall_ms":1791529737419.0,"yaw":0.0}
S03R {"event":"input","index":22,"move":-1.0,"position":[6.0,0.00100011611357331,2.78089642524719],"role":"client","sequence_floor":444,"tick":888,"time_ms":15228,"turn":0.0,"wall_ms":1791529737425.0,"yaw":0.0}
S03R {"event":"keys","move":-1.0,"role":"client","tick":888,"time_ms":15234,"turn":0.0,"wall_ms":1791529737431.0}
S03R {"entity":1,"event":"apply","pose":{"control":1,"durable":2,"entity":1,"position":[0.0,0.00100011611357331,9.0000114440918],"receipt_ms":15252,"sequence":444,"tick":930,"velocity":[0.0,0.0,0.0],"yaw":0.0},"position":[0.0,0.00100011611357331,9.0000114440918],"time_ms":15252,"wall_ms":1791529737449.0,"yaw":0.0}
S03R {"entity":2,"event":"apply","pose":{"control":1,"durable":2,"entity":2,"position":[6.0,0.00100011611357331,2.78089642524719],"receipt_ms":15252,"sequence":443,"tick":930,"velocity":[0.0,0.0,0.0],"yaw":0.0},"position":[6.0,0.00100011611357331,2.78089642524719],"time_ms":15256,"wall_ms":1791529737453.0,"yaw":0.0}
S03R {"entity":1,"event":"apply","pose":{"control":1,"durable":2,"entity":1,"position":[0.0,0.00100011611357331,9.0000114440918],"receipt_ms":15311,"sequence":446,"tick":933,"velocity":[0.0,0.0,0.0],"yaw":0.0},"position":[0.0,0.00100011611357331,9.0000114440918],"time_ms":15311,"wall_ms":1791529737508.0,"yaw":0.0}
S03R {"entity":2,"event":"apply","pose":{"control":1,"durable":2,"entity":2,"position":[6.0,0.00100011611357331,2.88089632987976],"receipt_ms":15311,"sequence":444,"tick":933,"velocity":[0.0,0.0,2.99999666213989],"yaw":0.0},"position":[6.0,0.00100011611357331,2.88089632987976],"time_ms":15333,"wall_ms":1791529737531.0,"yaw":0.0}
S03R {"entity":1,"event":"apply","pose":{"control":1,"durable":2,"entity":1,"position":[0.0,0.00100011611357331,9.0000114440918],"receipt_ms":15359,"sequence":447,"tick":936,"velocity":[0.0,0.0,0.0],"yaw":0.0},"position":[0.0,0.00100011611357331,9.0000114440918],"time_ms":15373,"wall_ms":1791529737570.0,"yaw":0.0}
S03R {"entity":2,"event":"apply","pose":{"control":1,"durable":2,"entity":2,"position":[6.0,0.00100011611357331,3.03089618682861],"receipt_ms":15359,"sequence":446,"tick":936,"velocity":[0.0,0.0,2.99999666213989],"yaw":0.0},"position":[6.0,0.00100011611357331,3.03089618682861],"time_ms":15379,"wall_ms":1791529737576.0,"yaw":0.0}
S03R {"entity":1,"event":"apply","pose":{"control":1,"durable":2,"entity":1,"position":[0.0,0.00100011611357331,9.0000114440918],"receipt_ms":15420,"sequence":449,"tick":939,"velocity":[0.0,0.0,0.0],"yaw":0.0},"position":[0.0,0.00100011611357331,9.0000114440918],"time_ms":15434,"wall_ms":1791529737632.0,"yaw":0.0}
S03R {"entity":2,"event":"apply","pose":{"control":1,"durable":2,"entity":2,"position":[6.0,0.00100011611357331,3.18089604377747],"receipt_ms":15420,"sequence":448,"tick":939,"velocity":[0.0,0.0,2.99999666213989],"yaw":0.0},"position":[6.0,0.00100011611357331,3.18089604377747],"time_ms":15444,"wall_ms":1791529737641.0,"yaw":0.0}
S03R {"entity":1,"event":"apply","pose":{"control":1,"durable":2,"entity":1,"position":[0.0,0.00100011611357331,9.0000114440918],"receipt_ms":15483,"sequence":450,"tick":942,"velocity":[0.0,0.0,0.0],"yaw":0.0},"position":[0.0,0.00100011611357331,9.0000114440918],"time_ms":15483,"wall_ms":1791529737680.0,"yaw":0.0}
S03R {"entity":2,"event":"apply","pose":{"control":1,"durable":2,"entity":2,"position":[6.0,0.00100011611357331,3.33089590072632],"receipt_ms":15483,"sequence":449,"tick":942,"velocity":[0.0,0.0,2.99999666213989],"yaw":0.0},"position":[6.0,0.00100011611357331,3.33089590072632],"time_ms":15493,"wall_ms":1791529737690.0,"yaw":0.0}
S03R {"entity":1,"event":"apply","pose":{"control":1,"durable":2,"entity":1,"position":[0.0,0.00100011611357331,9.0000114440918],"receipt_ms":15545,"sequence":452,"tick":945,"velocity":[0.0,0.0,0.0],"yaw":0.0},"position":[0.0,0.00100011611357331,9.0000114440918],"time_ms":15545,"wall_ms":1791529737742.0,"yaw":0.0}
S03R {"entity":2,"event":"apply","pose":{"control":1,"durable":2,"entity":2,"position":[6.0,0.00100011611357331,3.48089575767517],"receipt_ms":15545,"sequence":451,"tick":945,"velocity":[0.0,0.0,2.99999666213989],"yaw":0.0},"position":[6.0,0.00100011611357331,3.48089575767517],"time_ms":15565,"wall_ms":1791529737763.0,"yaw":0.0}
S03R {"entity":1,"event":"apply","pose":{"control":1,"durable":2,"entity":1,"position":[0.0,0.00100011611357331,9.0000114440918],"receipt_ms":15592,"sequence":453,"tick":948,"velocity":[0.0,0.0,0.0],"yaw":0.0},"position":[0.0,0.00100011611357331,9.0000114440918],"time_ms":15592,"wall_ms":1791529737789.0,"yaw":0.0}
S03R {"entity":2,"event":"apply","pose":{"control":1,"durable":2,"entity":2,"position":[6.0,0.00100011611357331,3.63089561462402],"receipt_ms":15592,"sequence":453,"tick":948,"velocity":[0.0,0.0,2.99999666213989],"yaw":0.0},"position":[6.0,0.00100011611357331,3.63089561462402],"time_ms":15596,"wall_ms":1791529737793.0,"yaw":0.0}
S03R {"entity":1,"event":"apply","pose":{"control":1,"durable":2,"entity":1,"position":[0.0,0.00100011611357331,9.0000114440918],"receipt_ms":15607,"sequence":455,"tick":951,"velocity":[0.0,0.0,0.0],"yaw":0.0},"position":[0.0,0.00100011611357331,9.0000114440918],"time_ms":15624,"wall_ms":1791529737822.0,"yaw":0.0}
S03R {"entity":2,"event":"apply","pose":{"control":1,"durable":2,"entity":2,"position":[6.0,0.00100011611357331,3.78089547157288],"receipt_ms":15607,"sequence":454,"tick":951,"velocity":[0.0,0.0,2.99999666213989],"yaw":0.0},"position":[6.0,0.00100011611357331,3.78089547157288],"time_ms":15630,"wall_ms":1791529737828.0,"yaw":0.0}
S03R {"entity":1,"event":"apply","pose":{"control":1,"durable":2,"entity":1,"position":[0.0,0.00100011611357331,9.0000114440918],"receipt_ms":15672,"sequence":456,"tick":954,"velocity":[0.0,0.0,0.0],"yaw":0.0},"position":[0.0,0.00100011611357331,9.0000114440918],"time_ms":15672,"wall_ms":1791529737869.0,"yaw":0.0}
S03R {"entity":2,"event":"apply","pose":{"control":1,"durable":2,"entity":2,"position":[6.0,0.00100011611357331,3.93089532852173],"receipt_ms":15672,"sequence":455,"tick":954,"velocity":[0.0,0.0,2.99999666213989],"yaw":0.0},"position":[6.0,0.00100011611357331,3.93089532852173],"time_ms":15680,"wall_ms":1791529737878.0,"yaw":0.0}
S03R {"entity":1,"event":"apply","pose":{"control":1,"durable":2,"entity":1,"position":[0.0,0.00100011611357331,9.0000114440918],"receipt_ms":15701,"sequence":458,"tick":957,"velocity":[0.0,0.0,0.0],"yaw":0.0},"position":[0.0,0.00100011611357331,9.0000114440918],"time_ms":15716,"wall_ms":1791529737914.0,"yaw":0.0}
S03R {"entity":2,"event":"apply","pose":{"control":1,"durable":2,"entity":2,"position":[6.0,0.00100011611357331,4.080894947052],"receipt_ms":15701,"sequence":457,"tick":957,"velocity":[0.0,0.0,2.99999666213989],"yaw":0.0},"position":[6.0,0.00100011611357331,4.080894947052],"time_ms":15731,"wall_ms":1791529737928.0,"yaw":0.0}
S03R {"entity":1,"event":"apply","pose":{"control":1,"durable":2,"entity":1,"position":[0.0,0.00100011611357331,9.0000114440918],"receipt_ms":15778,"sequence":459,"tick":960,"velocity":[0.0,0.0,0.0],"yaw":0.0},"position":[0.0,0.00100011611357331,9.0000114440918],"time_ms":15793,"wall_ms":1791529737990.0,"yaw":0.0}
S03R {"entity":2,"event":"apply","pose":{"control":1,"durable":2,"entity":2,"position":[6.0,0.00100011611357331,4.23089408874512],"receipt_ms":15778,"sequence":458,"tick":960,"velocity":[0.0,0.0,2.99999666213989],"yaw":0.0},"position":[6.0,0.00100011611357331,4.23089408874512],"time_ms":15806,"wall_ms":1791529738003.0,"yaw":0.0}
S03R {"entity":1,"event":"apply","pose":{"control":1,"durable":2,"entity":1,"position":[0.0,0.00100011611357331,9.0000114440918],"receipt_ms":15842,"sequence":461,"tick":963,"velocity":[0.0,0.0,0.0],"yaw":0.0},"position":[0.0,0.00100011611357331,9.0000114440918],"time_ms":15855,"wall_ms":1791529738052.0,"yaw":0.0}
S03R {"entity":2,"event":"apply","pose":{"control":1,"durable":2,"entity":2,"position":[6.0,0.00100011611357331,4.38089323043823],"receipt_ms":15842,"sequence":460,"tick":963,"velocity":[0.0,0.0,2.99999666213989],"yaw":0.0},"position":[6.0,0.00100011611357331,4.38089323043823],"time_ms":15884,"wall_ms":1791529738082.0,"yaw":0.0}
S03R {"entity":1,"event":"apply","pose":{"control":1,"durable":2,"entity":1,"position":[0.0,0.00100011611357331,9.0000114440918],"receipt_ms":15890,"sequence":462,"tick":966,"velocity":[0.0,0.0,0.0],"yaw":0.0},"position":[0.0,0.00100011611357331,9.0000114440918],"time_ms":15890,"wall_ms":1791529738087.0,"yaw":0.0}
S03R {"entity":2,"event":"apply","pose":{"control":1,"durable":2,"entity":2,"position":[6.0,0.00100011611357331,4.53089237213135],"receipt_ms":15890,"sequence":462,"tick":966,"velocity":[0.0,0.0,2.99999666213989],"yaw":0.0},"position":[6.0,0.00100011611357331,4.53089237213135],"time_ms":15897,"wall_ms":1791529738094.0,"yaw":0.0}
S03R {"event":"keys","move":0.0,"role":"client","tick":930,"time_ms":15933,"turn":0.0,"wall_ms":1791529738131.0}
S03R {"entity":1,"event":"apply","pose":{"control":1,"durable":2,"entity":1,"position":[0.0,0.00100011611357331,9.0000114440918],"receipt_ms":15965,"sequence":464,"tick":969,"velocity":[0.0,0.0,0.0],"yaw":0.0},"position":[0.0,0.00100011611357331,9.0000114440918],"time_ms":15965,"wall_ms":1791529738162.0,"yaw":0.0}
S03R {"entity":2,"event":"apply","pose":{"control":1,"durable":2,"entity":2,"position":[6.0,0.00100011611357331,4.68089151382446],"receipt_ms":15965,"sequence":463,"tick":969,"velocity":[0.0,0.0,2.99999666213989],"yaw":0.0},"position":[6.0,0.00100011611357331,4.68089151382446],"time_ms":15998,"wall_ms":1791529738195.0,"yaw":0.0}
S03R {"entity":1,"event":"apply","pose":{"control":1,"durable":2,"entity":1,"position":[0.0,0.00100011611357331,9.0000114440918],"receipt_ms":16013,"sequence":465,"tick":972,"velocity":[0.0,0.0,0.0],"yaw":0.0},"position":[0.0,0.00100011611357331,9.0000114440918],"time_ms":16027,"wall_ms":1791529738224.0,"yaw":0.0}
S03R {"entity":2,"event":"apply","pose":{"control":1,"durable":2,"entity":2,"position":[6.0,0.00100011611357331,4.68089151382446],"receipt_ms":16013,"sequence":465,"tick":972,"velocity":[0.0,0.0,0.0],"yaw":0.0},"position":[6.0,0.00100011611357331,4.68089151382446],"time_ms":16055,"wall_ms":1791529738252.0,"yaw":0.0}
S03R {"entity":1,"event":"apply","pose":{"control":1,"durable":2,"entity":1,"position":[0.0,0.00100011611357331,9.0000114440918],"receipt_ms":16062,"sequence":467,"tick":975,"velocity":[0.0,0.0,0.0],"yaw":0.0},"position":[0.0,0.00100011611357331,9.0000114440918],"time_ms":16062,"wall_ms":1791529738259.0,"yaw":0.0}
S03R {"entity":2,"event":"apply","pose":{"control":1,"durable":2,"entity":2,"position":[6.0,0.00100011611357331,4.68089151382446],"receipt_ms":16062,"sequence":466,"tick":975,"velocity":[0.0,0.0,0.0],"yaw":0.0},"position":[6.0,0.00100011611357331,4.68089151382446],"time_ms":16067,"wall_ms":1791529738264.0,"yaw":0.0}
S03R {"entity":1,"event":"apply","pose":{"control":1,"durable":2,"entity":1,"position":[0.0,0.00100011611357331,9.0000114440918],"receipt_ms":16092,"sequence":468,"tick":978,"velocity":[0.0,0.0,0.0],"yaw":0.0},"position":[0.0,0.00100011611357331,9.0000114440918],"time_ms":16106,"wall_ms":1791529738303.0,"yaw":0.0}
S03R {"entity":2,"event":"apply","pose":{"control":1,"durable":2,"entity":2,"position":[6.0,0.00100011611357331,4.68089151382446],"receipt_ms":16092,"sequence":467,"tick":978,"velocity":[0.0,0.0,0.0],"yaw":0.0},"position":[6.0,0.00100011611357331,4.68089151382446],"time_ms":16123,"wall_ms":1791529738321.0,"yaw":0.0}
S03R {"entity":1,"event":"apply","pose":{"control":1,"durable":2,"entity":1,"position":[0.0,0.00100011611357331,9.0000114440918],"receipt_ms":16152,"sequence":470,"tick":981,"velocity":[0.0,0.0,0.0],"yaw":0.0},"position":[0.0,0.00100011611357331,9.0000114440918],"time_ms":16168,"wall_ms":1791529738366.0,"yaw":0.0}
S03R {"entity":2,"event":"apply","pose":{"control":1,"durable":2,"entity":2,"position":[6.0,0.00100011611357331,4.68089151382446],"receipt_ms":16152,"sequence":470,"tick":981,"velocity":[0.0,0.0,0.0],"yaw":0.0},"position":[6.0,0.00100011611357331,4.68089151382446],"time_ms":16172,"wall_ms":1791529738369.0,"yaw":0.0}
S03R {"entity":1,"event":"apply","pose":{"control":1,"durable":2,"entity":1,"position":[0.0,0.00100011611357331,9.0000114440918],"receipt_ms":16201,"sequence":471,"tick":984,"velocity":[0.0,0.0,0.0],"yaw":0.0},"position":[0.0,0.00100011611357331,9.0000114440918],"time_ms":16216,"wall_ms":1791529738412.0,"yaw":0.0}
S03R {"entity":2,"event":"apply","pose":{"control":1,"durable":2,"entity":2,"position":[6.0,0.00100011611357331,4.68089151382446],"receipt_ms":16201,"sequence":471,"tick":984,"velocity":[0.0,0.0,0.0],"yaw":0.0},"position":[6.0,0.00100011611357331,4.68089151382446],"time_ms":16220,"wall_ms":1791529738417.0,"yaw":0.0}
S03R {"entity":1,"event":"apply","pose":{"control":1,"durable":2,"entity":1,"position":[0.0,0.00100011611357331,9.0000114440918],"receipt_ms":16224,"sequence":473,"tick":987,"velocity":[0.0,0.0,0.0],"yaw":0.0},"position":[0.0,0.00100011611357331,9.0000114440918],"time_ms":16225,"wall_ms":1791529738422.0,"yaw":0.0}
S03R {"entity":2,"event":"apply","pose":{"control":1,"durable":2,"entity":2,"position":[6.0,0.00100011611357331,4.68089151382446],"receipt_ms":16224,"sequence":473,"tick":987,"velocity":[0.0,0.0,0.0],"yaw":0.0},"position":[6.0,0.00100011611357331,4.68089151382446],"time_ms":16244,"wall_ms":1791529738441.0,"yaw":0.0}
S03R {"event":"focus_api","neutral":true,"role":"client","time_ms":16275,"wall_ms":1791529738473.0}
S03R {"entity":1,"event":"apply","pose":{"control":1,"durable":2,"entity":1,"position":[0.0,0.00100011611357331,9.0000114440918],"receipt_ms":16283,"sequence":474,"tick":990,"velocity":[0.0,0.0,0.0],"yaw":0.0},"position":[0.0,0.00100011611357331,9.0000114440918],"time_ms":16291,"wall_ms":1791529738488.0,"yaw":0.0}
S03R {"entity":2,"event":"apply","pose":{"control":1,"durable":2,"entity":2,"position":[6.0,0.00100011611357331,4.68089151382446],"receipt_ms":16283,"sequence":474,"tick":990,"velocity":[0.0,0.0,0.0],"yaw":0.0},"position":[6.0,0.00100011611357331,4.68089151382446],"time_ms":16294,"wall_ms":1791529738491.0,"yaw":0.0}
S03R {"entity":1,"event":"apply","pose":{"control":1,"durable":2,"entity":1,"position":[0.0,0.00100011611357331,9.0000114440918],"receipt_ms":16341,"sequence":476,"tick":993,"velocity":[0.0,0.0,0.0],"yaw":0.0},"position":[0.0,0.00100011611357331,9.0000114440918],"time_ms":16341,"wall_ms":1791529738538.0,"yaw":0.0}
S03R {"entity":2,"event":"apply","pose":{"control":1,"durable":2,"entity":2,"position":[6.0,0.00100011611357331,4.68089151382446],"receipt_ms":16341,"sequence":475,"tick":993,"velocity":[0.0,0.0,0.0],"yaw":0.0},"position":[6.0,0.00100011611357331,4.68089151382446],"time_ms":16352,"wall_ms":1791529738550.0,"yaw":0.0}
S03R {"entity":1,"event":"apply","pose":{"control":1,"durable":2,"entity":1,"position":[0.0,0.00100011611357331,9.0000114440918],"receipt_ms":16401,"sequence":477,"tick":996,"velocity":[0.0,0.0,0.0],"yaw":0.0},"position":[0.0,0.00100011611357331,9.0000114440918],"time_ms":16416,"wall_ms":1791529738614.0,"yaw":0.0}
S03R {"entity":2,"event":"apply","pose":{"control":1,"durable":2,"entity":2,"position":[6.0,0.00100011611357331,4.68089151382446],"receipt_ms":16401,"sequence":477,"tick":996,"velocity":[0.0,0.0,0.0],"yaw":0.0},"position":[6.0,0.00100011611357331,4.68089151382446],"time_ms":16420,"wall_ms":1791529738618.0,"yaw":0.0}
S03R {"entity":1,"event":"apply","pose":{"control":1,"durable":2,"entity":1,"position":[0.0,0.00100011611357331,9.0000114440918],"receipt_ms":16464,"sequence":479,"tick":999,"velocity":[0.0,0.0,0.0],"yaw":0.0},"position":[0.0,0.00100011611357331,9.0000114440918],"time_ms":16465,"wall_ms":1791529738662.0,"yaw":0.0}
S03R {"entity":2,"event":"apply","pose":{"control":1,"durable":2,"entity":2,"position":[6.0,0.00100011611357331,4.68089151382446],"receipt_ms":16464,"sequence":479,"tick":999,"velocity":[0.0,0.0,0.0],"yaw":0.0},"position":[6.0,0.00100011611357331,4.68089151382446],"time_ms":16469,"wall_ms":1791529738666.0,"yaw":0.0}
S03R {"entity":1,"event":"apply","pose":{"control":1,"durable":2,"entity":1,"position":[0.0,0.00100011611357331,9.0000114440918],"receipt_ms":16541,"sequence":480,"tick":1002,"velocity":[0.0,0.0,0.0],"yaw":0.0},"position":[0.0,0.00100011611357331,9.0000114440918],"time_ms":16558,"wall_ms":1791529738755.0,"yaw":0.0}
S03R {"entity":2,"event":"apply","pose":{"control":1,"durable":2,"entity":2,"position":[6.0,0.00100011611357331,4.68089151382446],"receipt_ms":16541,"sequence":481,"tick":1002,"velocity":[0.0,0.0,0.0],"yaw":0.0},"position":[6.0,0.00100011611357331,4.68089151382446],"time_ms":16564,"wall_ms":1791529738762.0,"yaw":0.0}
S03R {"entity":1,"event":"apply","pose":{"control":1,"durable":2,"entity":1,"position":[0.0,0.00100011611357331,9.0000114440918],"receipt_ms":16653,"sequence":482,"tick":1005,"velocity":[0.0,0.0,0.0],"yaw":0.0},"position":[0.0,0.00100011611357331,9.0000114440918],"time_ms":16668,"wall_ms":1791529738865.0,"yaw":0.0}
S03R {"entity":2,"event":"apply","pose":{"control":1,"durable":2,"entity":2,"position":[6.0,0.00100011611357331,4.68089151382446],"receipt_ms":16653,"sequence":481,"tick":1005,"velocity":[0.0,0.0,0.0],"yaw":0.0},"position":[6.0,0.00100011611357331,4.68089151382446],"time_ms":16699,"wall_ms":1791529738897.0,"yaw":0.0}
S03R {"entity":1,"event":"apply","pose":{"control":1,"durable":2,"entity":1,"position":[0.0,0.00100011611357331,9.0000114440918],"receipt_ms":16713,"sequence":483,"tick":1008,"velocity":[0.0,0.0,0.0],"yaw":0.0},"position":[0.0,0.00100011611357331,9.0000114440918],"time_ms":16729,"wall_ms":1791529738926.0,"yaw":0.0}
S03R {"entity":2,"event":"apply","pose":{"control":1,"durable":2,"entity":2,"position":[6.0,0.00100011611357331,4.68089151382446],"receipt_ms":16713,"sequence":486,"tick":1008,"velocity":[0.0,0.0,0.0],"yaw":0.0},"position":[6.0,0.00100011611357331,4.68089151382446],"time_ms":16733,"wall_ms":1791529738930.0,"yaw":0.0}
S03R {"entity":1,"event":"apply","pose":{"control":1,"durable":2,"entity":1,"position":[0.0,0.00100011611357331,9.0000114440918],"receipt_ms":16761,"sequence":485,"tick":1011,"velocity":[0.0,0.0,0.0],"yaw":0.0},"position":[0.0,0.00100011611357331,9.0000114440918],"time_ms":16775,"wall_ms":1791529738972.0,"yaw":0.0}
S03R {"entity":2,"event":"apply","pose":{"control":1,"durable":2,"entity":2,"position":[6.0,0.00100011611357331,4.68089151382446],"receipt_ms":16761,"sequence":486,"tick":1011,"velocity":[0.0,0.0,0.0],"yaw":0.0},"position":[6.0,0.00100011611357331,4.68089151382446],"time_ms":16778,"wall_ms":1791529738976.0,"yaw":0.0}
S03R {"entity":1,"event":"apply","pose":{"control":1,"durable":2,"entity":1,"position":[0.0,0.00100011611357331,9.0000114440918],"receipt_ms":16787,"sequence":486,"tick":1014,"velocity":[0.0,0.0,0.0],"yaw":0.0},"position":[0.0,0.00100011611357331,9.0000114440918],"time_ms":16806,"wall_ms":1791529739004.0,"yaw":0.0}
S03R {"entity":2,"event":"apply","pose":{"control":1,"durable":2,"entity":2,"position":[6.0,0.00100011611357331,4.68089151382446],"receipt_ms":16787,"sequence":490,"tick":1014,"velocity":[0.0,0.0,0.0],"yaw":0.0},"position":[6.0,0.00100011611357331,4.68089151382446],"time_ms":16813,"wall_ms":1791529739011.0,"yaw":0.0}
S03R {"entity":1,"event":"apply","pose":{"control":1,"durable":2,"entity":1,"position":[0.0,0.00100011611357331,9.0000114440918],"receipt_ms":16836,"sequence":488,"tick":1017,"velocity":[0.0,0.0,0.0],"yaw":0.0},"position":[0.0,0.00100011611357331,9.0000114440918],"time_ms":16836,"wall_ms":1791529739033.0,"yaw":0.0}
S03R {"entity":2,"event":"apply","pose":{"control":1,"durable":2,"entity":2,"position":[6.0,0.00100011611357331,4.68089151382446],"receipt_ms":16836,"sequence":490,"tick":1017,"velocity":[0.0,0.0,0.0],"yaw":0.0},"position":[6.0,0.00100011611357331,4.68089151382446],"time_ms":16843,"wall_ms":1791529739040.0,"yaw":0.0}
S03R {"entity":1,"event":"apply","pose":{"control":1,"durable":2,"entity":1,"position":[0.0,0.00100011611357331,9.0000114440918],"receipt_ms":16870,"sequence":489,"tick":1020,"velocity":[0.0,0.0,0.0],"yaw":0.0},"position":[0.0,0.00100011611357331,9.0000114440918],"time_ms":16870,"wall_ms":1791529739067.0,"yaw":0.0}
S03R {"entity":2,"event":"apply","pose":{"control":1,"durable":2,"entity":2,"position":[6.0,0.00100011611357331,4.68089151382446],"receipt_ms":16870,"sequence":490,"tick":1020,"velocity":[0.0,0.0,0.0],"yaw":0.0},"position":[6.0,0.00100011611357331,4.68089151382446],"time_ms":16887,"wall_ms":1791529739085.0,"yaw":0.0}
S03R {"entity":1,"event":"apply","pose":{"control":1,"durable":2,"entity":1,"position":[0.0,0.00100011611357331,9.0000114440918],"receipt_ms":16916,"sequence":491,"tick":1023,"velocity":[0.0,0.0,0.0],"yaw":0.0},"position":[0.0,0.00100011611357331,9.0000114440918],"time_ms":16932,"wall_ms":1791529739129.0,"yaw":0.0}
S03R {"entity":2,"event":"apply","pose":{"control":1,"durable":2,"entity":2,"position":[6.0,0.00100011611357331,4.68089151382446],"receipt_ms":16916,"sequence":493,"tick":1023,"velocity":[0.0,0.0,0.0],"yaw":0.0},"position":[6.0,0.00100011611357331,4.68089151382446],"time_ms":16937,"wall_ms":1791529739134.0,"yaw":0.0}
S03R {"entity":1,"event":"apply","pose":{"control":1,"durable":2,"entity":1,"position":[0.0,0.00100011611357331,9.0000114440918],"receipt_ms":16943,"sequence":492,"tick":1026,"velocity":[0.0,0.0,0.0],"yaw":0.0},"position":[0.0,0.00100011611357331,9.0000114440918],"time_ms":16943,"wall_ms":1791529739140.0,"yaw":0.0}
S03R {"entity":2,"event":"apply","pose":{"control":1,"durable":2,"entity":2,"position":[6.0,0.00100011611357331,4.68089151382446],"receipt_ms":16943,"sequence":493,"tick":1026,"velocity":[0.0,0.0,0.0],"yaw":0.0},"position":[6.0,0.00100011611357331,4.68089151382446],"time_ms":16962,"wall_ms":1791529739159.0,"yaw":0.0}
S03R {"entity":1,"event":"apply","pose":{"control":1,"durable":2,"entity":1,"position":[0.0,0.00100011611357331,9.0000114440918],"receipt_ms":17012,"sequence":494,"tick":1029,"velocity":[0.0,0.0,0.0],"yaw":0.0},"position":[0.0,0.00100011611357331,9.0000114440918],"time_ms":17024,"wall_ms":1791529739222.0,"yaw":0.0}
S03R {"entity":2,"event":"apply","pose":{"control":1,"durable":2,"entity":2,"position":[6.0,0.00100011611357331,4.68089151382446],"receipt_ms":17012,"sequence":496,"tick":1029,"velocity":[0.0,0.0,0.0],"yaw":0.0},"position":[6.0,0.00100011611357331,4.68089151382446],"time_ms":17042,"wall_ms":1791529739239.0,"yaw":0.0}
S03R {"event":"input","index":23,"move":-1.0,"position":[6.0,0.00100011611357331,4.68089151382446],"role":"client","sequence_floor":500,"tick":1000,"time_ms":17101,"turn":0.0,"wall_ms":1791529739298.0,"yaw":0.0}
S03R {"event":"keys","move":-1.0,"role":"client","tick":1000,"time_ms":17130,"turn":0.0,"wall_ms":1791529739327.0}
S03R {"entity":1,"event":"apply","pose":{"control":1,"durable":2,"entity":1,"position":[0.0,0.00100011611357331,9.0000114440918],"receipt_ms":17163,"sequence":495,"tick":1032,"velocity":[0.0,0.0,0.0],"yaw":0.0},"position":[0.0,0.00100011611357331,9.0000114440918],"time_ms":17163,"wall_ms":1791529739360.0,"yaw":0.0}
S03R {"entity":2,"event":"apply","pose":{"control":1,"durable":2,"entity":2,"position":[6.0,0.00100011611357331,4.68089151382446],"receipt_ms":17163,"sequence":496,"tick":1032,"velocity":[0.0,0.0,0.0],"yaw":0.0},"position":[6.0,0.00100011611357331,4.68089151382446],"time_ms":17228,"wall_ms":1791529739426.0,"yaw":0.0}
S03R {"event":"keys","move":0.0,"role":"client","tick":1002,"time_ms":17249,"turn":0.0,"wall_ms":1791529739446.0}
S03R {"entity":1,"event":"apply","pose":{"control":1,"durable":2,"entity":1,"position":[0.0,0.00100011611357331,9.0000114440918],"receipt_ms":17274,"sequence":497,"tick":1035,"velocity":[0.0,0.0,0.0],"yaw":0.0},"position":[0.0,0.00100011611357331,9.0000114440918],"time_ms":17274,"wall_ms":1791529739471.0,"yaw":0.0}
S03R {"entity":2,"event":"apply","pose":{"control":1,"durable":2,"entity":2,"position":[6.0,0.00100011611357331,4.73089122772217],"receipt_ms":17274,"sequence":500,"tick":1035,"velocity":[0.0,0.0,2.99999666213989],"yaw":0.0},"position":[6.0,0.00100011611357331,4.73089122772217],"time_ms":17298,"wall_ms":1791529739495.0,"yaw":0.0}
S03R {"entity":1,"event":"apply","pose":{"control":1,"durable":2,"entity":1,"position":[0.0,0.00100011611357331,9.0000114440918],"receipt_ms":17383,"sequence":498,"tick":1038,"velocity":[0.0,0.0,0.0],"yaw":0.0},"position":[0.0,0.00100011611357331,9.0000114440918],"time_ms":17397,"wall_ms":1791529739595.0,"yaw":0.0}
S03R {"entity":2,"event":"apply","pose":{"control":1,"durable":2,"entity":2,"position":[6.0,0.00100011611357331,4.88089036941528],"receipt_ms":17383,"sequence":500,"tick":1038,"velocity":[0.0,0.0,2.99999666213989],"yaw":0.0},"position":[6.0,0.00100011611357331,4.88089036941528],"time_ms":17421,"wall_ms":1791529739618.0,"yaw":0.0}
S03R {"entity":1,"event":"apply","pose":{"control":1,"durable":2,"entity":1,"position":[0.0,0.00100011611357331,9.0000114440918],"receipt_ms":17492,"sequence":500,"tick":1041,"velocity":[0.0,0.0,0.0],"yaw":0.0},"position":[0.0,0.00100011611357331,9.0000114440918],"time_ms":17505,"wall_ms":1791529739702.0,"yaw":0.0}
S03R {"entity":2,"event":"apply","pose":{"control":1,"durable":2,"entity":2,"position":[6.0,0.00100011611357331,4.98088979721069],"receipt_ms":17492,"sequence":500,"tick":1041,"velocity":[0.0,0.0,0.0],"yaw":0.0},"position":[6.0,0.00100011611357331,4.98088979721069],"time_ms":17511,"wall_ms":1791529739708.0,"yaw":0.0}
S03R {"entity":1,"event":"apply","pose":{"control":1,"durable":2,"entity":1,"position":[0.0,0.00100011611357331,9.0000114440918],"receipt_ms":17537,"sequence":501,"tick":1044,"velocity":[0.0,0.0,0.0],"yaw":0.0},"position":[0.0,0.00100011611357331,9.0000114440918],"time_ms":17552,"wall_ms":1791529739749.0,"yaw":0.0}
S03R {"entity":2,"event":"apply","pose":{"control":1,"durable":2,"entity":2,"position":[6.0,0.00100011611357331,4.98088979721069],"receipt_ms":17537,"sequence":500,"tick":1044,"velocity":[0.0,0.0,0.0],"yaw":0.0},"position":[6.0,0.00100011611357331,4.98088979721069],"time_ms":17556,"wall_ms":1791529739754.0,"yaw":0.0}
S03R {"entity":1,"event":"apply","pose":{"control":1,"durable":2,"entity":1,"position":[0.0,0.00100011611357331,9.0000114440918],"receipt_ms":17564,"sequence":503,"tick":1047,"velocity":[0.0,0.0,0.0],"yaw":0.0},"position":[0.0,0.00100011611357331,9.0000114440918],"time_ms":17564,"wall_ms":1791529739761.0,"yaw":0.0}
S03R {"entity":2,"event":"apply","pose":{"control":1,"durable":2,"entity":2,"position":[6.0,0.00100011611357331,4.98088979721069],"receipt_ms":17564,"sequence":500,"tick":1047,"velocity":[0.0,0.0,0.0],"yaw":0.0},"position":[6.0,0.00100011611357331,4.98088979721069],"time_ms":17568,"wall_ms":1791529739766.0,"yaw":0.0}
S03R {"entity":1,"event":"apply","pose":{"control":1,"durable":2,"entity":1,"position":[0.0,0.00100011611357331,9.0000114440918],"receipt_ms":17618,"sequence":504,"tick":1050,"velocity":[0.0,0.0,0.0],"yaw":0.0},"position":[0.0,0.00100011611357331,9.0000114440918],"time_ms":17633,"wall_ms":1791529739830.0,"yaw":0.0}
S03R {"entity":2,"event":"apply","pose":{"control":1,"durable":2,"entity":2,"position":[6.0,0.00100011611357331,4.98088979721069],"receipt_ms":17618,"sequence":500,"tick":1050,"velocity":[0.0,0.0,0.0],"yaw":0.0},"position":[6.0,0.00100011611357331,4.98088979721069],"time_ms":17651,"wall_ms":1791529739848.0,"yaw":0.0}
S03R {"entity":1,"event":"apply","pose":{"control":1,"durable":2,"entity":1,"position":[0.0,0.00100011611357331,9.0000114440918],"receipt_ms":17657,"sequence":506,"tick":1053,"velocity":[0.0,0.0,0.0],"yaw":0.0},"position":[0.0,0.00100011611357331,9.0000114440918],"time_ms":17657,"wall_ms":1791529739854.0,"yaw":0.0}
S03R {"entity":2,"event":"apply","pose":{"control":1,"durable":2,"entity":2,"position":[6.0,0.00100011611357331,4.98088979721069],"receipt_ms":17657,"sequence":500,"tick":1053,"velocity":[0.0,0.0,0.0],"yaw":0.0},"position":[6.0,0.00100011611357331,4.98088979721069],"time_ms":17666,"wall_ms":1791529739862.0,"yaw":0.0}
S03R {"entity":1,"event":"apply","pose":{"control":1,"durable":2,"entity":1,"position":[0.0,0.00100011611357331,9.0000114440918],"receipt_ms":17709,"sequence":507,"tick":1056,"velocity":[0.0,0.0,0.0],"yaw":0.0},"position":[0.0,0.00100011611357331,9.0000114440918],"time_ms":17709,"wall_ms":1791529739906.0,"yaw":0.0}
S03R {"entity":2,"event":"apply","pose":{"control":1,"durable":2,"entity":2,"position":[6.0,0.00100011611357331,4.98088979721069],"receipt_ms":17709,"sequence":500,"tick":1056,"velocity":[0.0,0.0,0.0],"yaw":0.0},"position":[6.0,0.00100011611357331,4.98088979721069],"time_ms":17747,"wall_ms":1791529739944.0,"yaw":0.0}
S03R {"entity":1,"event":"apply","pose":{"control":1,"durable":2,"entity":1,"position":[0.0,0.00100011611357331,9.0000114440918],"receipt_ms":17881,"sequence":509,"tick":1059,"velocity":[0.0,0.0,0.0],"yaw":0.0},"position":[0.0,0.00100011611357331,9.0000114440918],"time_ms":17894,"wall_ms":1791529740091.0,"yaw":0.0}
S03R {"entity":2,"event":"apply","pose":{"control":1,"durable":2,"entity":2,"position":[6.0,0.00100011611357331,4.98088979721069],"receipt_ms":17881,"sequence":522,"tick":1059,"velocity":[0.0,0.0,0.0],"yaw":0.0},"position":[6.0,0.00100011611357331,4.98088979721069],"time_ms":17901,"wall_ms":1791529740098.0,"yaw":0.0}
S03R {"entity":1,"event":"apply","pose":{"control":1,"durable":2,"entity":1,"position":[0.0,0.00100011611357331,9.0000114440918],"receipt_ms":17989,"sequence":510,"tick":1062,"velocity":[0.0,0.0,0.0],"yaw":0.0},"position":[0.0,0.00100011611357331,9.0000114440918],"time_ms":18003,"wall_ms":1791529740200.0,"yaw":0.0}
S03R {"entity":2,"event":"apply","pose":{"control":1,"durable":2,"entity":2,"position":[6.0,0.00100011611357331,4.98088979721069],"receipt_ms":17989,"sequence":522,"tick":1062,"velocity":[0.0,0.0,0.0],"yaw":0.0},"position":[6.0,0.00100011611357331,4.98088979721069],"time_ms":18015,"wall_ms":1791529740212.0,"yaw":0.0}
S03R {"entity":1,"event":"apply","pose":{"control":1,"durable":2,"entity":1,"position":[0.0,0.00100011611357331,9.0000114440918],"receipt_ms":18127,"sequence":512,"tick":1065,"velocity":[0.0,0.0,0.0],"yaw":0.0},"position":[0.0,0.00100011611357331,9.0000114440918],"time_ms":18143,"wall_ms":1791529740339.0,"yaw":0.0}
S03R {"entity":2,"event":"apply","pose":{"control":1,"durable":2,"entity":2,"position":[6.0,0.00100011611357331,4.98088979721069],"receipt_ms":18127,"sequence":522,"tick":1065,"velocity":[0.0,0.0,0.0],"yaw":0.0},"position":[6.0,0.00100011611357331,4.98088979721069],"time_ms":18162,"wall_ms":1791529740359.0,"yaw":0.0}
S03R {"entity":1,"event":"apply","pose":{"control":1,"durable":2,"entity":1,"position":[0.0,0.00100011611357331,9.0000114440918],"receipt_ms":18237,"sequence":513,"tick":1068,"velocity":[0.0,0.0,0.0],"yaw":0.0},"position":[0.0,0.00100011611357331,9.0000114440918],"time_ms":18253,"wall_ms":1791529740450.0,"yaw":0.0}
S03R {"entity":2,"event":"apply","pose":{"control":1,"durable":2,"entity":2,"position":[6.0,0.00100011611357331,4.98088979721069],"receipt_ms":18237,"sequence":530,"tick":1068,"velocity":[0.0,0.0,0.0],"yaw":0.0},"position":[6.0,0.00100011611357331,4.98088979721069],"time_ms":18285,"wall_ms":1791529740483.0,"yaw":0.0}
S03R {"entity":1,"event":"apply","pose":{"control":1,"durable":2,"entity":1,"position":[0.0,0.00100011611357331,9.0000114440918],"receipt_ms":18309,"sequence":515,"tick":1071,"velocity":[0.0,0.0,0.0],"yaw":0.0},"position":[0.0,0.00100011611357331,9.0000114440918],"time_ms":18310,"wall_ms":1791529740507.0,"yaw":0.0}
S03R {"entity":2,"event":"apply","pose":{"control":1,"durable":2,"entity":2,"position":[6.0,0.00100011611357331,4.98088979721069],"receipt_ms":18309,"sequence":530,"tick":1071,"velocity":[0.0,0.0,0.0],"yaw":0.0},"position":[6.0,0.00100011611357331,4.98088979721069],"time_ms":18313,"wall_ms":1791529740510.0,"yaw":0.0}
S03R {"entity":1,"event":"apply","pose":{"control":1,"durable":2,"entity":1,"position":[0.0,0.00100011611357331,9.0000114440918],"receipt_ms":18408,"sequence":516,"tick":1074,"velocity":[0.0,0.0,0.0],"yaw":0.0},"position":[0.0,0.00100011611357331,9.0000114440918],"time_ms":18423,"wall_ms":1791529740621.0,"yaw":0.0}
S03R {"entity":2,"event":"apply","pose":{"control":1,"durable":2,"entity":2,"position":[6.0,0.00100011611357331,4.98088979721069],"receipt_ms":18408,"sequence":530,"tick":1074,"velocity":[0.0,0.0,0.0],"yaw":0.0},"position":[6.0,0.00100011611357331,4.98088979721069],"time_ms":18441,"wall_ms":1791529740638.0,"yaw":0.0}
S03R {"entity":2,"event":"resync_request","health":70,"role":"client","time_ms":18449,"wall_ms":1791529740646.0}
S03R {"entity":1,"event":"apply","pose":{"control":1,"durable":2,"entity":1,"position":[0.0,0.00100011611357331,9.0000114440918],"receipt_ms":18519,"sequence":518,"tick":1077,"velocity":[0.0,0.0,0.0],"yaw":0.0},"position":[0.0,0.00100011611357331,9.0000114440918],"time_ms":18532,"wall_ms":1791529740730.0,"yaw":0.0}
S03R {"entity":2,"event":"apply","pose":{"control":1,"durable":2,"entity":2,"position":[6.0,0.00100011611357331,4.98088979721069],"receipt_ms":18519,"sequence":538,"tick":1077,"velocity":[0.0,0.0,0.0],"yaw":0.0},"position":[6.0,0.00100011611357331,4.98088979721069],"time_ms":18547,"wall_ms":1791529740744.0,"yaw":0.0}
S03R {"entity":1,"event":"apply","pose":{"control":1,"durable":2,"entity":1,"position":[0.0,0.00100011611357331,9.0000114440918],"receipt_ms":18627,"sequence":519,"tick":1080,"velocity":[0.0,0.0,0.0],"yaw":0.0},"position":[0.0,0.00100011611357331,9.0000114440918],"time_ms":18642,"wall_ms":1791529740839.0,"yaw":0.0}
S03R {"entity":2,"event":"apply","pose":{"control":1,"durable":2,"entity":2,"position":[6.0,0.00100011611357331,4.98088979721069],"receipt_ms":18627,"sequence":538,"tick":1080,"velocity":[0.0,0.0,0.0],"yaw":0.0},"position":[6.0,0.00100011611357331,4.98088979721069],"time_ms":18650,"wall_ms":1791529740847.0,"yaw":0.0}
S03R {"control":2,"entity":2,"event":"resync_applied","health":70,"role":"client","time_ms":18980,"wall_ms":1791529741177.0}
S03R {"entity":2,"event":"apply","pose":{"control":2,"durable":4,"entity":2,"position":[6.0,0.00100011611357331,4.98088979721069],"receipt_ms":19018,"sequence":0,"tick":1098,"velocity":[0.0,0.0,0.0],"yaw":0.0},"position":[6.0,0.00100011611357331,4.98088979721069],"time_ms":19018,"wall_ms":1791529741215.0,"yaw":0.0}
S03R {"entity":1,"event":"apply","pose":{"control":1,"durable":4,"entity":1,"position":[0.0,0.00100011611357331,9.0000114440918],"receipt_ms":19027,"sequence":530,"tick":1101,"velocity":[0.0,0.0,0.0],"yaw":0.0},"position":[0.0,0.00100011611357331,9.0000114440918],"time_ms":19027,"wall_ms":1791529741224.0,"yaw":0.0}
S03R {"entity":2,"event":"apply","pose":{"control":2,"durable":4,"entity":2,"position":[6.0,0.00100011611357331,4.98088979721069],"receipt_ms":19027,"sequence":0,"tick":1101,"velocity":[0.0,0.0,0.0],"yaw":0.0},"position":[6.0,0.00100011611357331,4.98088979721069],"time_ms":19031,"wall_ms":1791529741228.0,"yaw":0.0}
S03R {"entity":1,"event":"apply","pose":{"control":1,"durable":4,"entity":1,"position":[0.0,0.00100011611357331,9.0000114440918],"receipt_ms":19104,"sequence":531,"tick":1104,"velocity":[0.0,0.0,0.0],"yaw":0.0},"position":[0.0,0.00100011611357331,9.0000114440918],"time_ms":19119,"wall_ms":1791529741317.0,"yaw":0.0}
S03R {"entity":2,"event":"apply","pose":{"control":2,"durable":4,"entity":2,"position":[6.0,0.00100011611357331,4.98088979721069],"receipt_ms":19104,"sequence":0,"tick":1104,"velocity":[0.0,0.0,0.0],"yaw":0.0},"position":[6.0,0.00100011611357331,4.98088979721069],"time_ms":19140,"wall_ms":1791529741337.0,"yaw":0.0}
S03R {"entity":1,"event":"apply","pose":{"control":1,"durable":4,"entity":1,"position":[0.0,0.00100011611357331,9.0000114440918],"receipt_ms":19168,"sequence":533,"tick":1107,"velocity":[0.0,0.0,0.0],"yaw":0.0},"position":[0.0,0.00100011611357331,9.0000114440918],"time_ms":19181,"wall_ms":1791529741378.0,"yaw":0.0}
S03R {"entity":2,"event":"apply","pose":{"control":2,"durable":4,"entity":2,"position":[6.0,0.00100011611357331,4.98088979721069],"receipt_ms":19168,"sequence":4,"tick":1107,"velocity":[0.0,0.0,0.0],"yaw":0.0},"position":[6.0,0.00100011611357331,4.98088979721069],"time_ms":19186,"wall_ms":1791529741383.0,"yaw":0.0}
S03R {"entity":1,"event":"apply","pose":{"control":1,"durable":4,"entity":1,"position":[0.0,0.00100011611357331,9.0000114440918],"receipt_ms":19291,"sequence":534,"tick":1110,"velocity":[0.0,0.0,0.0],"yaw":0.0},"position":[0.0,0.00100011611357331,9.0000114440918],"time_ms":19293,"wall_ms":1791529741491.0,"yaw":0.0}
S03R {"entity":2,"event":"apply","pose":{"control":2,"durable":4,"entity":2,"position":[6.0,0.00100011611357331,4.98088979721069],"receipt_ms":19291,"sequence":4,"tick":1110,"velocity":[0.0,0.0,0.0],"yaw":0.0},"position":[6.0,0.00100011611357331,4.98088979721069],"time_ms":19343,"wall_ms":1791529741540.0,"yaw":0.0}
S03R {"entity":1,"event":"apply","pose":{"control":1,"durable":4,"entity":1,"position":[0.0,0.00100011611357331,9.0000114440918],"receipt_ms":19400,"sequence":536,"tick":1113,"velocity":[0.0,0.0,0.0],"yaw":0.0},"position":[0.0,0.00100011611357331,9.0000114440918],"time_ms":19415,"wall_ms":1791529741612.0,"yaw":0.0}
S03R {"entity":2,"event":"apply","pose":{"control":2,"durable":4,"entity":2,"position":[6.0,0.00100011611357331,4.98088979721069],"receipt_ms":19400,"sequence":4,"tick":1113,"velocity":[0.0,0.0,0.0],"yaw":0.0},"position":[6.0,0.00100011611357331,4.98088979721069],"time_ms":19462,"wall_ms":1791529741659.0,"yaw":0.0}
S03R {"entity":1,"event":"apply","pose":{"control":1,"durable":4,"entity":1,"position":[0.0,0.00100011611357331,9.0000114440918],"receipt_ms":19499,"sequence":537,"tick":1116,"velocity":[0.0,0.0,0.0],"yaw":0.0},"position":[0.0,0.00100011611357331,9.0000114440918],"time_ms":19510,"wall_ms":1791529741707.0,"yaw":0.0}
S03R {"entity":2,"event":"apply","pose":{"control":2,"durable":4,"entity":2,"position":[6.0,0.00100011611357331,4.98088979721069],"receipt_ms":19499,"sequence":12,"tick":1116,"velocity":[0.0,0.0,0.0],"yaw":0.0},"position":[6.0,0.00100011611357331,4.98088979721069],"time_ms":19567,"wall_ms":1791529741764.0,"yaw":0.0}
S03R {"entity":1,"event":"apply","pose":{"control":1,"durable":4,"entity":1,"position":[0.0,0.00100011611357331,9.0000114440918],"receipt_ms":19653,"sequence":539,"tick":1119,"velocity":[0.0,0.0,0.0],"yaw":0.0},"position":[0.0,0.00100011611357331,9.0000114440918],"time_ms":19667,"wall_ms":1791529741865.0,"yaw":0.0}
S03R {"entity":2,"event":"apply","pose":{"control":2,"durable":4,"entity":2,"position":[6.0,0.00100011611357331,4.98088979721069],"receipt_ms":19653,"sequence":12,"tick":1119,"velocity":[0.0,0.0,0.0],"yaw":0.0},"position":[6.0,0.00100011611357331,4.98088979721069],"time_ms":19699,"wall_ms":1791529741896.0,"yaw":0.0}
S03R {"entity":1,"event":"apply","pose":{"control":1,"durable":4,"entity":1,"position":[0.0,0.00100011611357331,9.0000114440918],"receipt_ms":19820,"sequence":540,"tick":1122,"velocity":[0.0,0.0,0.0],"yaw":0.0},"position":[0.0,0.00100011611357331,9.0000114440918],"time_ms":19835,"wall_ms":1791529742033.0,"yaw":0.0}
S03R {"entity":2,"event":"apply","pose":{"control":2,"durable":4,"entity":2,"position":[6.0,0.00100011611357331,4.98088979721069],"receipt_ms":19820,"sequence":12,"tick":1122,"velocity":[0.0,0.0,0.0],"yaw":0.0},"position":[6.0,0.00100011611357331,4.98088979721069],"time_ms":19899,"wall_ms":1791529742096.0,"yaw":0.0}
S03R {"entity":1,"event":"apply","pose":{"control":1,"durable":4,"entity":1,"position":[0.0,0.00100011611357331,9.0000114440918],"receipt_ms":20008,"sequence":542,"tick":1125,"velocity":[0.0,0.0,0.0],"yaw":0.0},"position":[0.0,0.00100011611357331,9.0000114440918],"time_ms":20024,"wall_ms":1791529742221.0,"yaw":0.0}
S03R {"entity":2,"event":"apply","pose":{"control":2,"durable":4,"entity":2,"position":[6.0,0.00100011611357331,4.98088979721069],"receipt_ms":20008,"sequence":21,"tick":1125,"velocity":[0.0,0.0,0.0],"yaw":0.0},"position":[6.0,0.00100011611357331,4.98088979721069],"time_ms":20065,"wall_ms":1791529742263.0,"yaw":0.0}
S03R {"entity":1,"event":"apply","pose":{"control":1,"durable":4,"entity":1,"position":[0.0,0.00100011611357331,9.0000114440918],"receipt_ms":20199,"sequence":543,"tick":1128,"velocity":[0.0,0.0,0.0],"yaw":0.0},"position":[0.0,0.00100011611357331,9.0000114440918],"time_ms":20211,"wall_ms":1791529742408.0,"yaw":0.0}
S03R {"entity":2,"event":"apply","pose":{"control":2,"durable":4,"entity":2,"position":[6.0,0.00100011611357331,4.98088979721069],"receipt_ms":20199,"sequence":21,"tick":1128,"velocity":[0.0,0.0,0.0],"yaw":0.0},"position":[6.0,0.00100011611357331,4.98088979721069],"time_ms":20217,"wall_ms":1791529742414.0,"yaw":0.0}
S03R {"entity":1,"event":"apply","pose":{"control":1,"durable":4,"entity":1,"position":[0.0,0.00100011611357331,9.0000114440918],"receipt_ms":20292,"sequence":545,"tick":1131,"velocity":[0.0,0.0,0.0],"yaw":0.0},"position":[0.0,0.00100011611357331,9.0000114440918],"time_ms":20304,"wall_ms":1791529742502.0,"yaw":0.0}
S03R {"entity":2,"event":"apply","pose":{"control":2,"durable":4,"entity":2,"position":[6.0,0.00100011611357331,4.98088979721069],"receipt_ms":20292,"sequence":33,"tick":1131,"velocity":[0.0,0.0,0.0],"yaw":0.0},"position":[6.0,0.00100011611357331,4.98088979721069],"time_ms":20322,"wall_ms":1791529742519.0,"yaw":0.0}
S03R {"entity":1,"event":"apply","pose":{"control":1,"durable":4,"entity":1,"position":[0.0,0.00100011611357331,9.0000114440918],"receipt_ms":20368,"sequence":546,"tick":1134,"velocity":[0.0,0.0,0.0],"yaw":0.0},"position":[0.0,0.00100011611357331,9.0000114440918],"time_ms":20383,"wall_ms":1791529742580.0,"yaw":0.0}
S03R {"entity":2,"event":"apply","pose":{"control":2,"durable":4,"entity":2,"position":[6.0,0.00100011611357331,4.98088979721069],"receipt_ms":20368,"sequence":33,"tick":1134,"velocity":[0.0,0.0,0.0],"yaw":0.0},"position":[6.0,0.00100011611357331,4.98088979721069],"time_ms":20387,"wall_ms":1791529742584.0,"yaw":0.0}
S03R {"entity":1,"event":"apply","pose":{"control":1,"durable":4,"entity":1,"position":[0.0,0.00100011611357331,9.0000114440918],"receipt_ms":20446,"sequence":548,"tick":1137,"velocity":[0.0,0.0,0.0],"yaw":0.0},"position":[0.0,0.00100011611357331,9.0000114440918],"time_ms":20461,"wall_ms":1791529742658.0,"yaw":0.0}
S03R {"entity":2,"event":"apply","pose":{"control":2,"durable":4,"entity":2,"position":[6.0,0.00100011611357331,4.98088979721069],"receipt_ms":20446,"sequence":33,"tick":1137,"velocity":[0.0,0.0,0.0],"yaw":0.0},"position":[6.0,0.00100011611357331,4.98088979721069],"time_ms":20470,"wall_ms":1791529742667.0,"yaw":0.0}
S03R {"entity":1,"event":"apply","pose":{"control":1,"durable":4,"entity":1,"position":[0.0,0.00100011611357331,9.0000114440918],"receipt_ms":20524,"sequence":549,"tick":1140,"velocity":[0.0,0.0,0.0],"yaw":0.0},"position":[0.0,0.00100011611357331,9.0000114440918],"time_ms":20539,"wall_ms":1791529742736.0,"yaw":0.0}
S03R {"entity":2,"event":"apply","pose":{"control":2,"durable":4,"entity":2,"position":[6.0,0.00100011611357331,4.98088979721069],"receipt_ms":20524,"sequence":44,"tick":1140,"velocity":[0.0,0.0,0.0],"yaw":0.0},"position":[6.0,0.00100011611357331,4.98088979721069],"time_ms":20545,"wall_ms":1791529742742.0,"yaw":0.0}
S03R {"entity":1,"event":"apply","pose":{"control":1,"durable":4,"entity":1,"position":[0.0,0.00100011611357331,9.0000114440918],"receipt_ms":20585,"sequence":551,"tick":1143,"velocity":[0.0,0.0,0.0],"yaw":0.0},"position":[0.0,0.00100011611357331,9.0000114440918],"time_ms":20600,"wall_ms":1791529742797.0,"yaw":0.0}
S03R {"entity":2,"event":"apply","pose":{"control":2,"durable":4,"entity":2,"position":[6.0,0.00100011611357331,4.98088979721069],"receipt_ms":20585,"sequence":44,"tick":1143,"velocity":[0.0,0.0,0.0],"yaw":0.0},"position":[6.0,0.00100011611357331,4.98088979721069],"time_ms":20603,"wall_ms":1791529742800.0,"yaw":0.0}
S03R {"entity":1,"event":"apply","pose":{"control":1,"durable":4,"entity":1,"position":[0.0,0.00100011611357331,9.0000114440918],"receipt_ms":20633,"sequence":552,"tick":1146,"velocity":[0.0,0.0,0.0],"yaw":0.0},"position":[0.0,0.00100011611357331,9.0000114440918],"time_ms":20647,"wall_ms":1791529742844.0,"yaw":0.0}
S03R {"entity":2,"event":"apply","pose":{"control":2,"durable":4,"entity":2,"position":[6.0,0.00100011611357331,4.98088979721069],"receipt_ms":20633,"sequence":44,"tick":1146,"velocity":[0.0,0.0,0.0],"yaw":0.0},"position":[6.0,0.00100011611357331,4.98088979721069],"time_ms":20663,"wall_ms":1791529742860.0,"yaw":0.0}
S03R {"entity":1,"event":"apply","pose":{"control":1,"durable":4,"entity":1,"position":[0.0,0.00100011611357331,9.0000114440918],"receipt_ms":20693,"sequence":554,"tick":1149,"velocity":[0.0,0.0,0.0],"yaw":0.0},"position":[0.0,0.00100011611357331,9.0000114440918],"time_ms":20707,"wall_ms":1791529742904.0,"yaw":0.0}
S03R {"entity":2,"event":"apply","pose":{"control":2,"durable":4,"entity":2,"position":[6.0,0.00100011611357331,4.98088979721069],"receipt_ms":20693,"sequence":49,"tick":1149,"velocity":[0.0,0.0,0.0],"yaw":0.0},"position":[6.0,0.00100011611357331,4.98088979721069],"time_ms":20713,"wall_ms":1791529742910.0,"yaw":0.0}
S03R {"entity":1,"event":"apply","pose":{"control":1,"durable":4,"entity":1,"position":[0.0,0.00100011611357331,9.0000114440918],"receipt_ms":20815,"sequence":555,"tick":1152,"velocity":[0.0,0.0,0.0],"yaw":0.0},"position":[0.0,0.00100011611357331,9.0000114440918],"time_ms":20830,"wall_ms":1791529743027.0,"yaw":0.0}
S03R {"entity":2,"event":"apply","pose":{"control":2,"durable":4,"entity":2,"position":[6.0,0.00100011611357331,4.98088979721069],"receipt_ms":20815,"sequence":49,"tick":1152,"velocity":[0.0,0.0,0.0],"yaw":0.0},"position":[6.0,0.00100011611357331,4.98088979721069],"time_ms":20879,"wall_ms":1791529743076.0,"yaw":0.0}
S03R {"entity":1,"event":"apply","pose":{"control":1,"durable":4,"entity":1,"position":[0.0,0.00100011611357331,9.0000114440918],"receipt_ms":20987,"sequence":557,"tick":1155,"velocity":[0.0,0.0,0.0],"yaw":0.0},"position":[0.0,0.00100011611357331,9.0000114440918],"time_ms":21001,"wall_ms":1791529743198.0,"yaw":0.0}
S03R {"entity":2,"event":"apply","pose":{"control":2,"durable":4,"entity":2,"position":[6.0,0.00100011611357331,4.98088979721069],"receipt_ms":20987,"sequence":56,"tick":1155,"velocity":[0.0,0.0,0.0],"yaw":0.0},"position":[6.0,0.00100011611357331,4.98088979721069],"time_ms":21036,"wall_ms":1791529743232.0,"yaw":0.0}
S03R {"entity":1,"event":"apply","pose":{"control":1,"durable":4,"entity":1,"position":[0.0,0.00100011611357331,9.0000114440918],"receipt_ms":21158,"sequence":558,"tick":1158,"velocity":[0.0,0.0,0.0],"yaw":0.0},"position":[0.0,0.00100011611357331,9.0000114440918],"time_ms":21173,"wall_ms":1791529743369.0,"yaw":0.0}
S03R {"entity":2,"event":"apply","pose":{"control":2,"durable":4,"entity":2,"position":[6.0,0.00100011611357331,4.98088979721069],"receipt_ms":21158,"sequence":56,"tick":1158,"velocity":[0.0,0.0,0.0],"yaw":0.0},"position":[6.0,0.00100011611357331,4.98088979721069],"time_ms":21189,"wall_ms":1791529743386.0,"yaw":0.0}
S03R {"entity":1,"event":"apply","pose":{"control":1,"durable":4,"entity":1,"position":[0.0,0.00100011611357331,9.0000114440918],"receipt_ms":21297,"sequence":560,"tick":1161,"velocity":[0.0,0.0,0.0],"yaw":0.0},"position":[0.0,0.00100011611357331,9.0000114440918],"time_ms":21312,"wall_ms":1791529743509.0,"yaw":0.0}
S03R {"entity":2,"event":"apply","pose":{"control":2,"durable":4,"entity":2,"position":[6.0,0.00100011611357331,4.98088979721069],"receipt_ms":21297,"sequence":56,"tick":1161,"velocity":[0.0,0.0,0.0],"yaw":0.0},"position":[6.0,0.00100011611357331,4.98088979721069],"time_ms":21348,"wall_ms":1791529743545.0,"yaw":0.0}
S03R {"entity":1,"event":"apply","pose":{"control":1,"durable":4,"entity":1,"position":[0.0,0.00100011611357331,9.0000114440918],"receipt_ms":21500,"sequence":561,"tick":1164,"velocity":[0.0,0.0,0.0],"yaw":0.0},"position":[0.0,0.00100011611357331,9.0000114440918],"time_ms":21515,"wall_ms":1791529743712.0,"yaw":0.0}
S03R {"entity":2,"event":"apply","pose":{"control":2,"durable":4,"entity":2,"position":[6.0,0.00100011611357331,4.98088979721069],"receipt_ms":21500,"sequence":64,"tick":1164,"velocity":[0.0,0.0,0.0],"yaw":0.0},"position":[6.0,0.00100011611357331,4.98088979721069],"time_ms":21537,"wall_ms":1791529743734.0,"yaw":0.0}
S03R {"entity":1,"event":"apply","pose":{"control":1,"durable":4,"entity":1,"position":[0.0,0.00100011611357331,9.0000114440918],"receipt_ms":21702,"sequence":563,"tick":1167,"velocity":[0.0,0.0,0.0],"yaw":0.0},"position":[0.0,0.00100011611357331,9.0000114440918],"time_ms":21717,"wall_ms":1791529743914.0,"yaw":0.0}
S03R {"entity":2,"event":"apply","pose":{"control":2,"durable":4,"entity":2,"position":[6.0,0.00100011611357331,4.98088979721069],"receipt_ms":21702,"sequence":64,"tick":1167,"velocity":[0.0,0.0,0.0],"yaw":0.0},"position":[6.0,0.00100011611357331,4.98088979721069],"time_ms":21723,"wall_ms":1791529743920.0,"yaw":0.0}
S03R {"entity":1,"event":"apply","pose":{"control":1,"durable":4,"entity":1,"position":[0.0,0.00100011611357331,9.0000114440918],"receipt_ms":21766,"sequence":564,"tick":1170,"velocity":[0.0,0.0,0.0],"yaw":0.0},"position":[0.0,0.00100011611357331,9.0000114440918],"time_ms":21778,"wall_ms":1791529743975.0,"yaw":0.0}
S03R {"entity":2,"event":"apply","pose":{"control":2,"durable":4,"entity":2,"position":[6.0,0.00100011611357331,4.98088979721069],"receipt_ms":21766,"sequence":64,"tick":1170,"velocity":[0.0,0.0,0.0],"yaw":0.0},"position":[6.0,0.00100011611357331,4.98088979721069],"time_ms":21796,"wall_ms":1791529743993.0,"yaw":0.0}
S03R {"entity":1,"event":"apply","pose":{"control":1,"durable":4,"entity":1,"position":[0.0,0.00100011611357331,9.0000114440918],"receipt_ms":21827,"sequence":566,"tick":1173,"velocity":[0.0,0.0,0.0],"yaw":0.0},"position":[0.0,0.00100011611357331,9.0000114440918],"time_ms":21845,"wall_ms":1791529744042.0,"yaw":0.0}
S03R {"entity":2,"event":"apply","pose":{"control":2,"durable":4,"entity":2,"position":[6.0,0.00100011611357331,4.98088979721069],"receipt_ms":21827,"sequence":78,"tick":1173,"velocity":[0.0,0.0,0.0],"yaw":0.0},"position":[6.0,0.00100011611357331,4.98088979721069],"time_ms":21853,"wall_ms":1791529744050.0,"yaw":0.0}
S03R {"entity":1,"event":"apply","pose":{"control":1,"durable":4,"entity":1,"position":[0.0,0.00100011611357331,9.0000114440918],"receipt_ms":21890,"sequence":567,"tick":1176,"velocity":[0.0,0.0,0.0],"yaw":0.0},"position":[0.0,0.00100011611357331,9.0000114440918],"time_ms":21890,"wall_ms":1791529744087.0,"yaw":0.0}
S03R {"entity":2,"event":"apply","pose":{"control":2,"durable":4,"entity":2,"position":[6.0,0.00100011611357331,4.98088979721069],"receipt_ms":21890,"sequence":78,"tick":1176,"velocity":[0.0,0.0,0.0],"yaw":0.0},"position":[6.0,0.00100011611357331,4.98088979721069],"time_ms":21911,"wall_ms":1791529744109.0,"yaw":0.0}
S03R {"entity":1,"event":"apply","pose":{"control":1,"durable":4,"entity":1,"position":[0.0,0.00100011611357331,9.0000114440918],"receipt_ms":21936,"sequence":569,"tick":1179,"velocity":[0.0,0.0,0.0],"yaw":0.0},"position":[0.0,0.00100011611357331,9.0000114440918],"time_ms":21950,"wall_ms":1791529744148.0,"yaw":0.0}
S03R {"entity":2,"event":"apply","pose":{"control":2,"durable":4,"entity":2,"position":[6.0,0.00100011611357331,4.98088979721069],"receipt_ms":21936,"sequence":88,"tick":1179,"velocity":[0.0,0.0,0.0],"yaw":0.0},"position":[6.0,0.00100011611357331,4.98088979721069],"time_ms":21955,"wall_ms":1791529744153.0,"yaw":0.0}
S03R {"entity":1,"event":"apply","pose":{"control":1,"durable":4,"entity":1,"position":[0.0,0.00100011611357331,9.0000114440918],"receipt_ms":21983,"sequence":570,"tick":1182,"velocity":[0.0,0.0,0.0],"yaw":0.0},"position":[0.0,0.00100011611357331,9.0000114440918],"time_ms":21997,"wall_ms":1791529744195.0,"yaw":0.0}
S03R {"entity":2,"event":"apply","pose":{"control":2,"durable":4,"entity":2,"position":[6.0,0.00100011611357331,4.98088979721069],"receipt_ms":21983,"sequence":88,"tick":1182,"velocity":[0.0,0.0,0.0],"yaw":0.0},"position":[6.0,0.00100011611357331,4.98088979721069],"time_ms":22010,"wall_ms":1791529744207.0,"yaw":0.0}
S03R {"entity":1,"event":"apply","pose":{"control":1,"durable":4,"entity":1,"position":[0.0,0.00100011611357331,9.0000114440918],"receipt_ms":22029,"sequence":572,"tick":1185,"velocity":[0.0,0.0,0.0],"yaw":0.0},"position":[0.0,0.00100011611357331,9.0000114440918],"time_ms":22044,"wall_ms":1791529744241.0,"yaw":0.0}
S03R {"entity":2,"event":"apply","pose":{"control":2,"durable":4,"entity":2,"position":[6.0,0.00100011611357331,4.98088979721069],"receipt_ms":22029,"sequence":88,"tick":1185,"velocity":[0.0,0.0,0.0],"yaw":0.0},"position":[6.0,0.00100011611357331,4.98088979721069],"time_ms":22083,"wall_ms":1791529744280.0,"yaw":0.0}
S03R {"entity":1,"event":"apply","pose":{"control":1,"durable":4,"entity":1,"position":[0.0,0.00100011611357331,9.0000114440918],"receipt_ms":22108,"sequence":573,"tick":1188,"velocity":[0.0,0.0,0.0],"yaw":0.0},"position":[0.0,0.00100011611357331,9.0000114440918],"time_ms":22123,"wall_ms":1791529744320.0,"yaw":0.0}
S03R {"entity":2,"event":"apply","pose":{"control":2,"durable":4,"entity":2,"position":[6.0,0.00100011611357331,4.98088979721069],"receipt_ms":22108,"sequence":91,"tick":1188,"velocity":[0.0,0.0,0.0],"yaw":0.0},"position":[6.0,0.00100011611357331,4.98088979721069],"time_ms":22133,"wall_ms":1791529744331.0,"yaw":0.0}
S03R {"entity":1,"event":"apply","pose":{"control":1,"durable":4,"entity":1,"position":[0.0,0.00100011611357331,9.0000114440918],"receipt_ms":22154,"sequence":575,"tick":1191,"velocity":[0.0,0.0,0.0],"yaw":0.0},"position":[0.0,0.00100011611357331,9.0000114440918],"time_ms":22169,"wall_ms":1791529744366.0,"yaw":0.0}
S03R {"entity":2,"event":"apply","pose":{"control":2,"durable":4,"entity":2,"position":[6.0,0.00100011611357331,4.98088979721069],"receipt_ms":22154,"sequence":91,"tick":1191,"velocity":[0.0,0.0,0.0],"yaw":0.0},"position":[6.0,0.00100011611357331,4.98088979721069],"time_ms":22176,"wall_ms":1791529744373.0,"yaw":0.0}
S03R {"entity":1,"event":"apply","pose":{"control":1,"durable":4,"entity":1,"position":[0.0,0.00100011611357331,9.0000114440918],"receipt_ms":22218,"sequence":576,"tick":1194,"velocity":[0.0,0.0,0.0],"yaw":0.0},"position":[0.0,0.00100011611357331,9.0000114440918],"time_ms":22232,"wall_ms":1791529744430.0,"yaw":0.0}
S03R {"entity":2,"event":"apply","pose":{"control":2,"durable":4,"entity":2,"position":[6.0,0.00100011611357331,4.98088979721069],"receipt_ms":22218,"sequence":96,"tick":1194,"velocity":[0.0,0.0,0.0],"yaw":0.0},"position":[6.0,0.00100011611357331,4.98088979721069],"time_ms":22246,"wall_ms":1791529744443.0,"yaw":0.0}
S03R {"entity":1,"event":"apply","pose":{"control":1,"durable":4,"entity":1,"position":[0.0,0.00100011611357331,9.0000114440918],"receipt_ms":22256,"sequence":578,"tick":1197,"velocity":[0.0,0.0,0.0],"yaw":0.0},"position":[0.0,0.00100011611357331,9.0000114440918],"time_ms":22256,"wall_ms":1791529744453.0,"yaw":0.0}
S03R {"entity":2,"event":"apply","pose":{"control":2,"durable":4,"entity":2,"position":[6.0,0.00100011611357331,4.98088979721069],"receipt_ms":22256,"sequence":96,"tick":1197,"velocity":[0.0,0.0,0.0],"yaw":0.0},"position":[6.0,0.00100011611357331,4.98088979721069],"time_ms":22294,"wall_ms":1791529744491.0,"yaw":0.0}
S03R {"entity":1,"event":"apply","pose":{"control":1,"durable":4,"entity":1,"position":[0.0,0.00100011611357331,9.0000114440918],"receipt_ms":22372,"sequence":579,"tick":1200,"velocity":[0.0,0.0,0.0],"yaw":0.0},"position":[0.0,0.00100011611357331,9.0000114440918],"time_ms":22403,"wall_ms":1791529744600.0,"yaw":0.0}
S03R {"entity":2,"event":"apply","pose":{"control":2,"durable":4,"entity":2,"position":[6.0,0.00100011611357331,4.98088979721069],"receipt_ms":22372,"sequence":96,"tick":1200,"velocity":[0.0,0.0,0.0],"yaw":0.0},"position":[6.0,0.00100011611357331,4.98088979721069],"time_ms":22411,"wall_ms":1791529744608.0,"yaw":0.0}
S03R {"entity":1,"event":"apply","pose":{"control":1,"durable":4,"entity":1,"position":[0.0,0.00100011611357331,9.0000114440918],"receipt_ms":22486,"sequence":581,"tick":1203,"velocity":[0.0,0.0,0.0],"yaw":0.0},"position":[0.0,0.00100011611357331,9.0000114440918],"time_ms":22497,"wall_ms":1791529744694.0,"yaw":0.0}
S03R {"entity":2,"event":"apply","pose":{"control":2,"durable":4,"entity":2,"position":[6.0,0.00100011611357331,4.98088979721069],"receipt_ms":22486,"sequence":102,"tick":1203,"velocity":[0.0,0.0,0.0],"yaw":0.0},"position":[6.0,0.00100011611357331,4.98088979721069],"time_ms":22525,"wall_ms":1791529744722.0,"yaw":0.0}
S03R {"entity":1,"event":"apply","pose":{"control":1,"durable":4,"entity":1,"position":[0.0,0.00100011611357331,9.0000114440918],"receipt_ms":22620,"sequence":582,"tick":1206,"velocity":[0.0,0.0,0.0],"yaw":0.0},"position":[0.0,0.00100011611357331,9.0000114440918],"time_ms":22636,"wall_ms":1791529744833.0,"yaw":0.0}
S03R {"entity":2,"event":"apply","pose":{"control":2,"durable":4,"entity":2,"position":[6.0,0.00100011611357331,4.98088979721069],"receipt_ms":22620,"sequence":102,"tick":1206,"velocity":[0.0,0.0,0.0],"yaw":0.0},"position":[6.0,0.00100011611357331,4.98088979721069],"time_ms":22673,"wall_ms":1791529744870.0,"yaw":0.0}
S03R {"entity":1,"event":"apply","pose":{"control":1,"durable":4,"entity":1,"position":[0.0,0.00100011611357331,9.0000114440918],"receipt_ms":22762,"sequence":584,"tick":1209,"velocity":[0.0,0.0,0.0],"yaw":0.0},"position":[0.0,0.00100011611357331,9.0000114440918],"time_ms":22776,"wall_ms":1791529744973.0,"yaw":0.0}
S03R {"entity":2,"event":"apply","pose":{"control":2,"durable":4,"entity":2,"position":[6.0,0.00100011611357331,4.98088979721069],"receipt_ms":22762,"sequence":110,"tick":1209,"velocity":[0.0,0.0,0.0],"yaw":0.0},"position":[6.0,0.00100011611357331,4.98088979721069],"time_ms":22797,"wall_ms":1791529744994.0,"yaw":0.0}
S03R {"entity":1,"event":"apply","pose":{"control":1,"durable":4,"entity":1,"position":[0.0,0.00100011611357331,9.0000114440918],"receipt_ms":22838,"sequence":585,"tick":1212,"velocity":[0.0,0.0,0.0],"yaw":0.0},"position":[0.0,0.00100011611357331,9.0000114440918],"time_ms":22854,"wall_ms":1791529745051.0,"yaw":0.0}
S03R {"entity":2,"event":"apply","pose":{"control":2,"durable":4,"entity":2,"position":[6.0,0.00100011611357331,4.98088979721069],"receipt_ms":22838,"sequence":110,"tick":1212,"velocity":[0.0,0.0,0.0],"yaw":0.0},"position":[6.0,0.00100011611357331,4.98088979721069],"time_ms":22878,"wall_ms":1791529745075.0,"yaw":0.0}
S03R {"entity":1,"event":"apply","pose":{"control":1,"durable":4,"entity":1,"position":[0.0,0.00100011611357331,9.0000114440918],"receipt_ms":22916,"sequence":587,"tick":1215,"velocity":[0.0,0.0,0.0],"yaw":0.0},"position":[0.0,0.00100011611357331,9.0000114440918],"time_ms":22932,"wall_ms":1791529745129.0,"yaw":0.0}
S03R {"entity":2,"event":"apply","pose":{"control":2,"durable":4,"entity":2,"position":[6.0,0.00100011611357331,4.98088979721069],"receipt_ms":22916,"sequence":110,"tick":1215,"velocity":[0.0,0.0,0.0],"yaw":0.0},"position":[6.0,0.00100011611357331,4.98088979721069],"time_ms":22938,"wall_ms":1791529745134.0,"yaw":0.0}
S03R {"entity":1,"event":"apply","pose":{"control":1,"durable":4,"entity":1,"position":[0.0,0.00100011611357331,9.0000114440918],"receipt_ms":22978,"sequence":588,"tick":1218,"velocity":[0.0,0.0,0.0],"yaw":0.0},"position":[0.0,0.00100011611357331,9.0000114440918],"time_ms":22993,"wall_ms":1791529745191.0,"yaw":0.0}
S03R {"entity":2,"event":"apply","pose":{"control":2,"durable":4,"entity":2,"position":[6.0,0.00100011611357331,4.98088979721069],"receipt_ms":22978,"sequence":119,"tick":1218,"velocity":[0.0,0.0,0.0],"yaw":0.0},"position":[6.0,0.00100011611357331,4.98088979721069],"time_ms":23000,"wall_ms":1791529745197.0,"yaw":0.0}
S03R {"entity":1,"event":"apply","pose":{"control":1,"durable":4,"entity":1,"position":[0.0,0.00100011611357331,9.0000114440918],"receipt_ms":23042,"sequence":590,"tick":1221,"velocity":[0.0,0.0,0.0],"yaw":0.0},"position":[0.0,0.00100011611357331,9.0000114440918],"time_ms":23055,"wall_ms":1791529745252.0,"yaw":0.0}
S03R {"entity":2,"event":"apply","pose":{"control":2,"durable":4,"entity":2,"position":[6.0,0.00100011611357331,4.98088979721069],"receipt_ms":23042,"sequence":119,"tick":1221,"velocity":[0.0,0.0,0.0],"yaw":0.0},"position":[6.0,0.00100011611357331,4.98088979721069],"time_ms":23058,"wall_ms":1791529745255.0,"yaw":0.0}
S03R {"entity":1,"event":"apply","pose":{"control":1,"durable":4,"entity":1,"position":[0.0,0.00100011611357331,9.0000114440918],"receipt_ms":23063,"sequence":591,"tick":1224,"velocity":[0.0,0.0,0.0],"yaw":0.0},"position":[0.0,0.00100011611357331,9.0000114440918],"time_ms":23072,"wall_ms":1791529745269.0,"yaw":0.0}
S03R {"entity":2,"event":"apply","pose":{"control":2,"durable":4,"entity":2,"position":[6.0,0.00100011611357331,4.98088979721069],"receipt_ms":23063,"sequence":119,"tick":1224,"velocity":[0.0,0.0,0.0],"yaw":0.0},"position":[6.0,0.00100011611357331,4.98088979721069],"time_ms":23093,"wall_ms":1791529745289.0,"yaw":0.0}
S03R {"entity":1,"event":"apply","pose":{"control":1,"durable":4,"entity":1,"position":[0.0,0.00100011611357331,9.0000114440918],"receipt_ms":23099,"sequence":593,"tick":1227,"velocity":[0.0,0.0,0.0],"yaw":0.0},"position":[0.0,0.00100011611357331,9.0000114440918],"time_ms":23100,"wall_ms":1791529745297.0,"yaw":0.0}
S03R {"entity":2,"event":"apply","pose":{"control":2,"durable":4,"entity":2,"position":[6.0,0.00100011611357331,4.98088979721069],"receipt_ms":23099,"sequence":122,"tick":1227,"velocity":[0.0,0.0,0.0],"yaw":0.0},"position":[6.0,0.00100011611357331,4.98088979721069],"time_ms":23107,"wall_ms":1791529745304.0,"yaw":0.0}
S03R {"entity":1,"event":"apply","pose":{"control":1,"durable":4,"entity":1,"position":[0.0,0.00100011611357331,9.0000114440918],"receipt_ms":23165,"sequence":594,"tick":1230,"velocity":[0.0,0.0,0.0],"yaw":0.0},"position":[0.0,0.00100011611357331,9.0000114440918],"time_ms":23179,"wall_ms":1791529745377.0,"yaw":0.0}
S03R {"entity":2,"event":"apply","pose":{"control":2,"durable":4,"entity":2,"position":[6.0,0.00100011611357331,4.98088979721069],"receipt_ms":23165,"sequence":122,"tick":1230,"velocity":[0.0,0.0,0.0],"yaw":0.0},"position":[6.0,0.00100011611357331,4.98088979721069],"time_ms":23183,"wall_ms":1791529745380.0,"yaw":0.0}
S03R {"entity":1,"event":"apply","pose":{"control":1,"durable":4,"entity":1,"position":[0.0,0.00100011611357331,9.0000114440918],"receipt_ms":23240,"sequence":596,"tick":1233,"velocity":[0.0,0.0,0.0],"yaw":0.0},"position":[0.0,0.00100011611357331,9.0000114440918],"time_ms":23256,"wall_ms":1791529745454.0,"yaw":0.0}
S03R {"entity":2,"event":"apply","pose":{"control":2,"durable":4,"entity":2,"position":[6.0,0.00100011611357331,4.98088979721069],"receipt_ms":23240,"sequence":125,"tick":1233,"velocity":[0.0,0.0,0.0],"yaw":0.0},"position":[6.0,0.00100011611357331,4.98088979721069],"time_ms":23273,"wall_ms":1791529745470.0,"yaw":0.0}
S03R {"entity":1,"event":"apply","pose":{"control":1,"durable":4,"entity":1,"position":[0.0,0.00100011611357331,9.0000114440918],"receipt_ms":23319,"sequence":597,"tick":1236,"velocity":[0.0,0.0,0.0],"yaw":0.0},"position":[0.0,0.00100011611357331,9.0000114440918],"time_ms":23338,"wall_ms":1791529745535.0,"yaw":0.0}
S03R {"entity":2,"event":"apply","pose":{"control":2,"durable":4,"entity":2,"position":[6.0,0.00100011611357331,4.98088979721069],"receipt_ms":23319,"sequence":125,"tick":1236,"velocity":[0.0,0.0,0.0],"yaw":0.0},"position":[6.0,0.00100011611357331,4.98088979721069],"time_ms":23354,"wall_ms":1791529745551.0,"yaw":0.0}
S03R {"entity":1,"event":"apply","pose":{"control":1,"durable":4,"entity":1,"position":[0.0,0.00100011611357331,9.0000114440918],"receipt_ms":23432,"sequence":599,"tick":1239,"velocity":[0.0,0.0,0.0],"yaw":0.0},"position":[0.0,0.00100011611357331,9.0000114440918],"time_ms":23444,"wall_ms":1791529745641.0,"yaw":0.0}
S03R {"entity":2,"event":"apply","pose":{"control":2,"durable":4,"entity":2,"position":[6.0,0.00100011611357331,4.98088979721069],"receipt_ms":23432,"sequence":131,"tick":1239,"velocity":[0.0,0.0,0.0],"yaw":0.0},"position":[6.0,0.00100011611357331,4.98088979721069],"time_ms":23470,"wall_ms":1791529745667.0,"yaw":0.0}
S03R {"entity":1,"event":"apply","pose":{"control":1,"durable":4,"entity":1,"position":[0.0,0.00100011611357331,9.0000114440918],"receipt_ms":23506,"sequence":600,"tick":1242,"velocity":[0.0,0.0,0.0],"yaw":0.0},"position":[0.0,0.00100011611357331,9.0000114440918],"time_ms":23522,"wall_ms":1791529745719.0,"yaw":0.0}
S03R {"entity":2,"event":"apply","pose":{"control":2,"durable":4,"entity":2,"position":[6.0,0.00100011611357331,4.98088979721069],"receipt_ms":23506,"sequence":131,"tick":1242,"velocity":[0.0,0.0,0.0],"yaw":0.0},"position":[6.0,0.00100011611357331,4.98088979721069],"time_ms":23540,"wall_ms":1791529745737.0,"yaw":0.0}
S03R {"entity":1,"event":"apply","pose":{"control":1,"durable":4,"entity":1,"position":[0.0,0.00100011611357331,9.0000114440918],"receipt_ms":23569,"sequence":602,"tick":1245,"velocity":[0.0,0.0,0.0],"yaw":0.0},"position":[0.0,0.00100011611357331,9.0000114440918],"time_ms":23583,"wall_ms":1791529745781.0,"yaw":0.0}
S03R {"entity":2,"event":"apply","pose":{"control":2,"durable":4,"entity":2,"position":[6.0,0.00100011611357331,4.98088979721069],"receipt_ms":23569,"sequence":131,"tick":1245,"velocity":[0.0,0.0,0.0],"yaw":0.0},"position":[6.0,0.00100011611357331,4.98088979721069],"time_ms":23587,"wall_ms":1791529745785.0,"yaw":0.0}
S03R {"entity":1,"event":"apply","pose":{"control":1,"durable":4,"entity":1,"position":[0.0,0.00100011611357331,9.0000114440918],"receipt_ms":23632,"sequence":603,"tick":1248,"velocity":[0.0,0.0,0.0],"yaw":0.0},"position":[0.0,0.00100011611357331,9.0000114440918],"time_ms":23647,"wall_ms":1791529745844.0,"yaw":0.0}
S03R {"entity":2,"event":"apply","pose":{"control":2,"durable":4,"entity":2,"position":[6.0,0.00100011611357331,4.98088979721069],"receipt_ms":23632,"sequence":138,"tick":1248,"velocity":[0.0,0.0,0.0],"yaw":0.0},"position":[6.0,0.00100011611357331,4.98088979721069],"time_ms":23664,"wall_ms":1791529745861.0,"yaw":0.0}
S03R {"entity":1,"event":"apply","pose":{"control":1,"durable":4,"entity":1,"position":[0.0,0.00100011611357331,9.0000114440918],"receipt_ms":23694,"sequence":605,"tick":1251,"velocity":[0.0,0.0,0.0],"yaw":0.0},"position":[0.0,0.00100011611357331,9.0000114440918],"time_ms":23694,"wall_ms":1791529745891.0,"yaw":0.0}
S03R {"entity":2,"event":"apply","pose":{"control":2,"durable":4,"entity":2,"position":[6.0,0.00100011611357331,4.98088979721069],"receipt_ms":23694,"sequence":138,"tick":1251,"velocity":[0.0,0.0,0.0],"yaw":0.0},"position":[6.0,0.00100011611357331,4.98088979721069],"time_ms":23718,"wall_ms":1791529745915.0,"yaw":0.0}
S03R {"entity":1,"event":"apply","pose":{"control":1,"durable":4,"entity":1,"position":[0.0,0.00100011611357331,9.0000114440918],"receipt_ms":23754,"sequence":606,"tick":1254,"velocity":[0.0,0.0,0.0],"yaw":0.0},"position":[0.0,0.00100011611357331,9.0000114440918],"time_ms":23756,"wall_ms":1791529745954.0,"yaw":0.0}
S03R {"entity":2,"event":"apply","pose":{"control":2,"durable":4,"entity":2,"position":[6.0,0.00100011611357331,4.98088979721069],"receipt_ms":23754,"sequence":138,"tick":1254,"velocity":[0.0,0.0,0.0],"yaw":0.0},"position":[6.0,0.00100011611357331,4.98088979721069],"time_ms":23759,"wall_ms":1791529745956.0,"yaw":0.0}
S03R {"entity":1,"event":"apply","pose":{"control":1,"durable":4,"entity":1,"position":[0.0,0.00100011611357331,9.0000114440918],"receipt_ms":23770,"sequence":608,"tick":1257,"velocity":[0.0,0.0,0.0],"yaw":0.0},"position":[0.0,0.00100011611357331,9.0000114440918],"time_ms":23786,"wall_ms":1791529745983.0,"yaw":0.0}
S03R {"entity":2,"event":"apply","pose":{"control":2,"durable":4,"entity":2,"position":[6.0,0.00100011611357331,4.98088979721069],"receipt_ms":23770,"sequence":143,"tick":1257,"velocity":[0.0,0.0,0.0],"yaw":0.0},"position":[6.0,0.00100011611357331,4.98088979721069],"time_ms":23790,"wall_ms":1791529745987.0,"yaw":0.0}
S03R {"entity":1,"event":"apply","pose":{"control":1,"durable":4,"entity":1,"position":[0.0,0.00100011611357331,9.0000114440918],"receipt_ms":23796,"sequence":609,"tick":1260,"velocity":[0.0,0.0,0.0],"yaw":0.0},"position":[0.0,0.00100011611357331,9.0000114440918],"time_ms":23797,"wall_ms":1791529745993.0,"yaw":0.0}
S03R {"entity":2,"event":"apply","pose":{"control":2,"durable":4,"entity":2,"position":[6.0,0.00100011611357331,4.98088979721069],"receipt_ms":23796,"sequence":143,"tick":1260,"velocity":[0.0,0.0,0.0],"yaw":0.0},"position":[6.0,0.00100011611357331,4.98088979721069],"time_ms":23802,"wall_ms":1791529745999.0,"yaw":0.0}
S03R {"entity":1,"event":"apply","pose":{"control":1,"durable":4,"entity":1,"position":[0.0,0.00100011611357331,9.0000114440918],"receipt_ms":23817,"sequence":611,"tick":1263,"velocity":[0.0,0.0,0.0],"yaw":0.0},"position":[0.0,0.00100011611357331,9.0000114440918],"time_ms":23832,"wall_ms":1791529746029.0,"yaw":0.0}
S03R {"entity":2,"event":"apply","pose":{"control":2,"durable":4,"entity":2,"position":[6.0,0.00100011611357331,4.98088979721069],"receipt_ms":23817,"sequence":145,"tick":1263,"velocity":[0.0,0.0,0.0],"yaw":0.0},"position":[6.0,0.00100011611357331,4.98088979721069],"time_ms":23836,"wall_ms":1791529746033.0,"yaw":0.0}
S03R {"entity":1,"event":"apply","pose":{"control":1,"durable":4,"entity":1,"position":[0.0,0.00100011611357331,9.0000114440918],"receipt_ms":23839,"sequence":612,"tick":1266,"velocity":[0.0,0.0,0.0],"yaw":0.0},"position":[0.0,0.00100011611357331,9.0000114440918],"time_ms":23839,"wall_ms":1791529746035.0,"yaw":0.0}
S03R {"entity":2,"event":"apply","pose":{"control":2,"durable":4,"entity":2,"position":[6.0,0.00100011611357331,4.98088979721069],"receipt_ms":23839,"sequence":145,"tick":1266,"velocity":[0.0,0.0,0.0],"yaw":0.0},"position":[6.0,0.00100011611357331,4.98088979721069],"time_ms":23842,"wall_ms":1791529746039.0,"yaw":0.0}
S03R {"entity":1,"event":"apply","pose":{"control":1,"durable":4,"entity":1,"position":[0.0,0.00100011611357331,9.0000114440918],"receipt_ms":23879,"sequence":614,"tick":1269,"velocity":[0.0,0.0,0.0],"yaw":0.0},"position":[0.0,0.00100011611357331,9.0000114440918],"time_ms":23879,"wall_ms":1791529746077.0,"yaw":0.0}
S03R {"entity":2,"event":"apply","pose":{"control":2,"durable":4,"entity":2,"position":[6.0,0.00100011611357331,4.98088979721069],"receipt_ms":23879,"sequence":146,"tick":1269,"velocity":[0.0,0.0,0.0],"yaw":0.0},"position":[6.0,0.00100011611357331,4.98088979721069],"time_ms":23888,"wall_ms":1791529746085.0,"yaw":0.0}
S03R {"entity":1,"event":"apply","pose":{"control":1,"durable":4,"entity":1,"position":[0.0,0.00100011611357331,9.0000114440918],"receipt_ms":23927,"sequence":615,"tick":1272,"velocity":[0.0,0.0,0.0],"yaw":0.0},"position":[0.0,0.00100011611357331,9.0000114440918],"time_ms":23927,"wall_ms":1791529746124.0,"yaw":0.0}
S03R {"entity":2,"event":"apply","pose":{"control":2,"durable":4,"entity":2,"position":[6.0,0.00100011611357331,4.98088979721069],"receipt_ms":23927,"sequence":148,"tick":1272,"velocity":[0.0,0.0,0.0],"yaw":0.0},"position":[6.0,0.00100011611357331,4.98088979721069],"time_ms":23930,"wall_ms":1791529746128.0,"yaw":0.0}
S03R {"entity":1,"event":"apply","pose":{"control":1,"durable":4,"entity":1,"position":[0.0,0.00100011611357331,9.0000114440918],"receipt_ms":23976,"sequence":617,"tick":1275,"velocity":[0.0,0.0,0.0],"yaw":0.0},"position":[0.0,0.00100011611357331,9.0000114440918],"time_ms":23988,"wall_ms":1791529746185.0,"yaw":0.0}
S03R {"entity":2,"event":"apply","pose":{"control":2,"durable":4,"entity":2,"position":[6.0,0.00100011611357331,4.98088979721069],"receipt_ms":23976,"sequence":149,"tick":1275,"velocity":[0.0,0.0,0.0],"yaw":0.0},"position":[6.0,0.00100011611357331,4.98088979721069],"time_ms":23993,"wall_ms":1791529746190.0,"yaw":0.0}
S03R {"entity":1,"event":"apply","pose":{"control":1,"durable":4,"entity":1,"position":[0.0,0.00100011611357331,9.0000114440918],"receipt_ms":24034,"sequence":618,"tick":1278,"velocity":[0.0,0.0,0.0],"yaw":0.0},"position":[0.0,0.00100011611357331,9.0000114440918],"time_ms":24049,"wall_ms":1791529746247.0,"yaw":0.0}
S03R {"entity":2,"event":"apply","pose":{"control":2,"durable":4,"entity":2,"position":[6.0,0.00100011611357331,4.98088979721069],"receipt_ms":24034,"sequence":151,"tick":1278,"velocity":[0.0,0.0,0.0],"yaw":0.0},"position":[6.0,0.00100011611357331,4.98088979721069],"time_ms":24055,"wall_ms":1791529746252.0,"yaw":0.0}
S03R {"entity":1,"event":"apply","pose":{"control":1,"durable":4,"entity":1,"position":[0.0,0.00100011611357331,9.0000114440918],"receipt_ms":24081,"sequence":620,"tick":1281,"velocity":[0.0,0.0,0.0],"yaw":0.0},"position":[0.0,0.00100011611357331,9.0000114440918],"time_ms":24081,"wall_ms":1791529746278.0,"yaw":0.0}
S03R {"entity":2,"event":"apply","pose":{"control":2,"durable":4,"entity":2,"position":[6.0,0.00100011611357331,4.98088979721069],"receipt_ms":24081,"sequence":152,"tick":1281,"velocity":[0.0,0.0,0.0],"yaw":0.0},"position":[6.0,0.00100011611357331,4.98088979721069],"time_ms":24088,"wall_ms":1791529746285.0,"yaw":0.0}
S03R {"entity":1,"event":"apply","pose":{"control":1,"durable":4,"entity":1,"position":[0.0,0.00100011611357331,9.0000114440918],"receipt_ms":24131,"sequence":621,"tick":1284,"velocity":[0.0,0.0,0.0],"yaw":0.0},"position":[0.0,0.00100011611357331,9.0000114440918],"time_ms":24133,"wall_ms":1791529746329.0,"yaw":0.0}
S03R {"entity":2,"event":"apply","pose":{"control":2,"durable":4,"entity":2,"position":[6.0,0.00100011611357331,4.98088979721069],"receipt_ms":24131,"sequence":153,"tick":1284,"velocity":[0.0,0.0,0.0],"yaw":0.0},"position":[6.0,0.00100011611357331,4.98088979721069],"time_ms":24136,"wall_ms":1791529746333.0,"yaw":0.0}
S03R {"entity":1,"event":"apply","pose":{"control":1,"durable":4,"entity":1,"position":[0.0,0.00100011611357331,9.0000114440918],"receipt_ms":24190,"sequence":623,"tick":1287,"velocity":[0.0,0.0,0.0],"yaw":0.0},"position":[0.0,0.00100011611357331,9.0000114440918],"time_ms":24206,"wall_ms":1791529746403.0,"yaw":0.0}
S03R {"entity":2,"event":"apply","pose":{"control":2,"durable":4,"entity":2,"position":[6.0,0.00100011611357331,4.98088979721069],"receipt_ms":24190,"sequence":155,"tick":1287,"velocity":[0.0,0.0,0.0],"yaw":0.0},"position":[6.0,0.00100011611357331,4.98088979721069],"time_ms":24210,"wall_ms":1791529746407.0,"yaw":0.0}
S03R {"entity":1,"event":"apply","pose":{"control":1,"durable":4,"entity":1,"position":[0.0,0.00100011611357331,9.0000114440918],"receipt_ms":24236,"sequence":624,"tick":1290,"velocity":[0.0,0.0,0.0],"yaw":0.0},"position":[0.0,0.00100011611357331,9.0000114440918],"time_ms":24236,"wall_ms":1791529746434.0,"yaw":0.0}
S03R {"entity":2,"event":"apply","pose":{"control":2,"durable":4,"entity":2,"position":[6.0,0.00100011611357331,4.98088979721069],"receipt_ms":24236,"sequence":157,"tick":1290,"velocity":[0.0,0.0,0.0],"yaw":0.0},"position":[6.0,0.00100011611357331,4.98088979721069],"time_ms":24252,"wall_ms":1791529746449.0,"yaw":0.0}
S03R {"entity":1,"event":"apply","pose":{"control":1,"durable":4,"entity":1,"position":[0.0,0.00100011611357331,9.0000114440918],"receipt_ms":24297,"sequence":626,"tick":1293,"velocity":[0.0,0.0,0.0],"yaw":0.0},"position":[0.0,0.00100011611357331,9.0000114440918],"time_ms":24297,"wall_ms":1791529746495.0,"yaw":0.0}
S03R {"entity":2,"event":"apply","pose":{"control":2,"durable":4,"entity":2,"position":[6.0,0.00100011611357331,4.98088979721069],"receipt_ms":24297,"sequence":159,"tick":1293,"velocity":[0.0,0.0,0.0],"yaw":0.0},"position":[6.0,0.00100011611357331,4.98088979721069],"time_ms":24303,"wall_ms":1791529746500.0,"yaw":0.0}
S03R {"entity":1,"event":"apply","pose":{"control":1,"durable":4,"entity":1,"position":[0.0,0.00100011611357331,9.0000114440918],"receipt_ms":24345,"sequence":627,"tick":1296,"velocity":[0.0,0.0,0.0],"yaw":0.0},"position":[0.0,0.00100011611357331,9.0000114440918],"time_ms":24345,"wall_ms":1791529746542.0,"yaw":0.0}
S03R {"entity":2,"event":"apply","pose":{"control":2,"durable":4,"entity":2,"position":[6.0,0.00100011611357331,4.98088979721069],"receipt_ms":24345,"sequence":160,"tick":1296,"velocity":[0.0,0.0,0.0],"yaw":0.0},"position":[6.0,0.00100011611357331,4.98088979721069],"time_ms":24350,"wall_ms":1791529746547.0,"yaw":0.0}
S03R {"entity":1,"event":"apply","pose":{"control":1,"durable":4,"entity":1,"position":[0.0,0.00100011611357331,9.0000114440918],"receipt_ms":24391,"sequence":629,"tick":1299,"velocity":[0.0,0.0,0.0],"yaw":0.0},"position":[0.0,0.00100011611357331,9.0000114440918],"time_ms":24391,"wall_ms":1791529746588.0,"yaw":0.0}
S03R {"entity":2,"event":"apply","pose":{"control":2,"durable":4,"entity":2,"position":[6.0,0.00100011611357331,4.98088979721069],"receipt_ms":24391,"sequence":162,"tick":1299,"velocity":[0.0,0.0,0.0],"yaw":0.0},"position":[6.0,0.00100011611357331,4.98088979721069],"time_ms":24396,"wall_ms":1791529746592.0,"yaw":0.0}
S03R {"entity":1,"event":"apply","pose":{"control":1,"durable":4,"entity":1,"position":[0.0,0.00100011611357331,9.0000114440918],"receipt_ms":24440,"sequence":630,"tick":1302,"velocity":[0.0,0.0,0.0],"yaw":0.0},"position":[0.0,0.00100011611357331,9.0000114440918],"time_ms":24440,"wall_ms":1791529746637.0,"yaw":0.0}
S03R {"entity":2,"event":"apply","pose":{"control":2,"durable":4,"entity":2,"position":[6.0,0.00100011611357331,4.98088979721069],"receipt_ms":24440,"sequence":163,"tick":1302,"velocity":[0.0,0.0,0.0],"yaw":0.0},"position":[6.0,0.00100011611357331,4.98088979721069],"time_ms":24442,"wall_ms":1791529746640.0,"yaw":0.0}
S03R {"entity":1,"event":"apply","pose":{"control":1,"durable":4,"entity":1,"position":[0.0,0.00100011611357331,9.0000114440918],"receipt_ms":24470,"sequence":632,"tick":1305,"velocity":[0.0,0.0,0.0],"yaw":0.0},"position":[0.0,0.00100011611357331,9.0000114440918],"time_ms":24483,"wall_ms":1791529746680.0,"yaw":0.0}
S03R {"entity":2,"event":"apply","pose":{"control":2,"durable":4,"entity":2,"position":[6.0,0.00100011611357331,4.98088979721069],"receipt_ms":24470,"sequence":164,"tick":1305,"velocity":[0.0,0.0,0.0],"yaw":0.0},"position":[6.0,0.00100011611357331,4.98088979721069],"time_ms":24490,"wall_ms":1791529746686.0,"yaw":0.0}
S03R {"entity":1,"event":"apply","pose":{"control":1,"durable":4,"entity":1,"position":[0.0,0.00100011611357331,9.0000114440918],"receipt_ms":24545,"sequence":633,"tick":1308,"velocity":[0.0,0.0,0.0],"yaw":0.0},"position":[0.0,0.00100011611357331,9.0000114440918],"time_ms":24560,"wall_ms":1791529746758.0,"yaw":0.0}
S03R {"entity":2,"event":"apply","pose":{"control":2,"durable":4,"entity":2,"position":[6.0,0.00100011611357331,4.98088979721069],"receipt_ms":24545,"sequence":166,"tick":1308,"velocity":[0.0,0.0,0.0],"yaw":0.0},"position":[6.0,0.00100011611357331,4.98088979721069],"time_ms":24565,"wall_ms":1791529746762.0,"yaw":0.0}
S03R {"entity":1,"event":"apply","pose":{"control":1,"durable":4,"entity":1,"position":[0.0,0.00100011611357331,9.0000114440918],"receipt_ms":24594,"sequence":635,"tick":1311,"velocity":[0.0,0.0,0.0],"yaw":0.0},"position":[0.0,0.00100011611357331,9.0000114440918],"time_ms":24608,"wall_ms":1791529746806.0,"yaw":0.0}
S03R {"entity":2,"event":"apply","pose":{"control":2,"durable":4,"entity":2,"position":[6.0,0.00100011611357331,4.98088979721069],"receipt_ms":24594,"sequence":167,"tick":1311,"velocity":[0.0,0.0,0.0],"yaw":0.0},"position":[6.0,0.00100011611357331,4.98088979721069],"time_ms":24617,"wall_ms":1791529746815.0,"yaw":0.0}
S03R {"entity":1,"event":"apply","pose":{"control":1,"durable":4,"entity":1,"position":[0.0,0.00100011611357331,9.0000114440918],"receipt_ms":24639,"sequence":636,"tick":1314,"velocity":[0.0,0.0,0.0],"yaw":0.0},"position":[0.0,0.00100011611357331,9.0000114440918],"time_ms":24655,"wall_ms":1791529746852.0,"yaw":0.0}
S03R {"entity":2,"event":"apply","pose":{"control":2,"durable":4,"entity":2,"position":[6.0,0.00100011611357331,4.98088979721069],"receipt_ms":24639,"sequence":169,"tick":1314,"velocity":[0.0,0.0,0.0],"yaw":0.0},"position":[6.0,0.00100011611357331,4.98088979721069],"time_ms":24660,"wall_ms":1791529746857.0,"yaw":0.0}
S03R {"entity":1,"event":"apply","pose":{"control":1,"durable":4,"entity":1,"position":[0.0,0.00100011611357331,9.0000114440918],"receipt_ms":24687,"sequence":638,"tick":1317,"velocity":[0.0,0.0,0.0],"yaw":0.0},"position":[0.0,0.00100011611357331,9.0000114440918],"time_ms":24700,"wall_ms":1791529746898.0,"yaw":0.0}
S03R {"entity":2,"event":"apply","pose":{"control":2,"durable":4,"entity":2,"position":[6.0,0.00100011611357331,4.98088979721069],"receipt_ms":24687,"sequence":170,"tick":1317,"velocity":[0.0,0.0,0.0],"yaw":0.0},"position":[6.0,0.00100011611357331,4.98088979721069],"time_ms":24708,"wall_ms":1791529746905.0,"yaw":0.0}
S03R {"entity":1,"event":"apply","pose":{"control":1,"durable":4,"entity":1,"position":[0.0,0.00100011611357331,9.0000114440918],"receipt_ms":24731,"sequence":639,"tick":1320,"velocity":[0.0,0.0,0.0],"yaw":0.0},"position":[0.0,0.00100011611357331,9.0000114440918],"time_ms":24748,"wall_ms":1791529746945.0,"yaw":0.0}
S03R {"entity":2,"event":"apply","pose":{"control":2,"durable":4,"entity":2,"position":[6.0,0.00100011611357331,4.98088979721069],"receipt_ms":24731,"sequence":172,"tick":1320,"velocity":[0.0,0.0,0.0],"yaw":0.0},"position":[6.0,0.00100011611357331,4.98088979721069],"time_ms":24756,"wall_ms":1791529746953.0,"yaw":0.0}
S03R {"entity":1,"event":"apply","pose":{"control":1,"durable":4,"entity":1,"position":[0.0,0.00100011611357331,9.0000114440918],"receipt_ms":24777,"sequence":641,"tick":1323,"velocity":[0.0,0.0,0.0],"yaw":0.0},"position":[0.0,0.00100011611357331,9.0000114440918],"time_ms":24778,"wall_ms":1791529746974.0,"yaw":0.0}
S03R {"entity":2,"event":"apply","pose":{"control":2,"durable":4,"entity":2,"position":[6.0,0.00100011611357331,4.98088979721069],"receipt_ms":24777,"sequence":173,"tick":1323,"velocity":[0.0,0.0,0.0],"yaw":0.0},"position":[6.0,0.00100011611357331,4.98088979721069],"time_ms":24788,"wall_ms":1791529746985.0,"yaw":0.0}
S03R {"entity":1,"event":"apply","pose":{"control":1,"durable":4,"entity":1,"position":[0.0,0.00100011611357331,9.0000114440918],"receipt_ms":24840,"sequence":642,"tick":1326,"velocity":[0.0,0.0,0.0],"yaw":0.0},"position":[0.0,0.00100011611357331,9.0000114440918],"time_ms":24872,"wall_ms":1791529747069.0,"yaw":0.0}
S03R {"entity":2,"event":"apply","pose":{"control":2,"durable":4,"entity":2,"position":[6.0,0.00100011611357331,4.98088979721069],"receipt_ms":24840,"sequence":175,"tick":1326,"velocity":[0.0,0.0,0.0],"yaw":0.0},"position":[6.0,0.00100011611357331,4.98088979721069],"time_ms":24879,"wall_ms":1791529747076.0,"yaw":0.0}
S03R {"entity":1,"event":"apply","pose":{"control":1,"durable":4,"entity":1,"position":[0.0,0.00100011611357331,9.0000114440918],"receipt_ms":24888,"sequence":644,"tick":1329,"velocity":[0.0,0.0,0.0],"yaw":0.0},"position":[0.0,0.00100011611357331,9.0000114440918],"time_ms":24901,"wall_ms":1791529747098.0,"yaw":0.0}
S03R {"entity":2,"event":"apply","pose":{"control":2,"durable":4,"entity":2,"position":[6.0,0.00100011611357331,4.98088979721069],"receipt_ms":24888,"sequence":176,"tick":1329,"velocity":[0.0,0.0,0.0],"yaw":0.0},"position":[6.0,0.00100011611357331,4.98088979721069],"time_ms":24910,"wall_ms":1791529747108.0,"yaw":0.0}
S03R {"entity":1,"event":"apply","pose":{"control":1,"durable":4,"entity":1,"position":[0.0,0.00100011611357331,9.0000114440918],"receipt_ms":24953,"sequence":645,"tick":1332,"velocity":[0.0,0.0,0.0],"yaw":0.0},"position":[0.0,0.00100011611357331,9.0000114440918],"time_ms":24966,"wall_ms":1791529747163.0,"yaw":0.0}
S03R {"entity":2,"event":"apply","pose":{"control":2,"durable":4,"entity":2,"position":[6.0,0.00100011611357331,4.98088979721069],"receipt_ms":24953,"sequence":178,"tick":1332,"velocity":[0.0,0.0,0.0],"yaw":0.0},"position":[6.0,0.00100011611357331,4.98088979721069],"time_ms":24971,"wall_ms":1791529747168.0,"yaw":0.0}
S03R {"entity":1,"event":"apply","pose":{"control":1,"durable":4,"entity":1,"position":[0.0,0.00100011611357331,9.0000114440918],"receipt_ms":24974,"sequence":647,"tick":1335,"velocity":[0.0,0.0,0.0],"yaw":0.0},"position":[0.0,0.00100011611357331,9.0000114440918],"time_ms":24974,"wall_ms":1791529747172.0,"yaw":0.0}
S03R {"entity":2,"event":"apply","pose":{"control":2,"durable":4,"entity":2,"position":[6.0,0.00100011611357331,4.98088979721069],"receipt_ms":24974,"sequence":179,"tick":1335,"velocity":[0.0,0.0,0.0],"yaw":0.0},"position":[6.0,0.00100011611357331,4.98088979721069],"time_ms":24978,"wall_ms":1791529747175.0,"yaw":0.0}
S03R {"entity":1,"event":"apply","pose":{"control":1,"durable":4,"entity":1,"position":[0.0,0.00100011611357331,9.0000114440918],"receipt_ms":25027,"sequence":648,"tick":1338,"velocity":[0.0,0.0,0.0],"yaw":0.0},"position":[0.0,0.00100011611357331,9.0000114440918],"time_ms":25028,"wall_ms":1791529747224.0,"yaw":0.0}
S03R {"entity":2,"event":"apply","pose":{"control":2,"durable":4,"entity":2,"position":[6.0,0.00100011611357331,4.98088979721069],"receipt_ms":25027,"sequence":181,"tick":1338,"velocity":[0.0,0.0,0.0],"yaw":0.0},"position":[6.0,0.00100011611357331,4.98088979721069],"time_ms":25034,"wall_ms":1791529747232.0,"yaw":0.0}
S03R {"entity":1,"event":"apply","pose":{"control":1,"durable":4,"entity":1,"position":[0.0,0.00100011611357331,9.0000114440918],"receipt_ms":25090,"sequence":650,"tick":1341,"velocity":[0.0,0.0,0.0],"yaw":0.0},"position":[0.0,0.00100011611357331,9.0000114440918],"time_ms":25119,"wall_ms":1791529747317.0,"yaw":0.0}
S03R {"entity":2,"event":"apply","pose":{"control":2,"durable":4,"entity":2,"position":[6.0,0.00100011611357331,4.98088979721069],"receipt_ms":25090,"sequence":182,"tick":1341,"velocity":[0.0,0.0,0.0],"yaw":0.0},"position":[6.0,0.00100011611357331,4.98088979721069],"time_ms":25125,"wall_ms":1791529747323.0,"yaw":0.0}
S03R {"entity":1,"event":"apply","pose":{"control":1,"durable":4,"entity":1,"position":[0.0,0.00100011611357331,9.0000114440918],"receipt_ms":25150,"sequence":651,"tick":1344,"velocity":[0.0,0.0,0.0],"yaw":0.0},"position":[0.0,0.00100011611357331,9.0000114440918],"time_ms":25165,"wall_ms":1791529747363.0,"yaw":0.0}
S03R {"entity":2,"event":"apply","pose":{"control":2,"durable":4,"entity":2,"position":[6.0,0.00100011611357331,4.98088979721069],"receipt_ms":25150,"sequence":184,"tick":1344,"velocity":[0.0,0.0,0.0],"yaw":0.0},"position":[6.0,0.00100011611357331,4.98088979721069],"time_ms":25168,"wall_ms":1791529747366.0,"yaw":0.0}
S03R {"entity":1,"event":"apply","pose":{"control":1,"durable":4,"entity":1,"position":[0.0,0.00100011611357331,9.0000114440918],"receipt_ms":25196,"sequence":653,"tick":1347,"velocity":[0.0,0.0,0.0],"yaw":0.0},"position":[0.0,0.00100011611357331,9.0000114440918],"time_ms":25196,"wall_ms":1791529747393.0,"yaw":0.0}
S03R {"entity":2,"event":"apply","pose":{"control":2,"durable":4,"entity":2,"position":[6.0,0.00100011611357331,4.98088979721069],"receipt_ms":25196,"sequence":185,"tick":1347,"velocity":[0.0,0.0,0.0],"yaw":0.0},"position":[6.0,0.00100011611357331,4.98088979721069],"time_ms":25203,"wall_ms":1791529747400.0,"yaw":0.0}
S03R {"entity":1,"event":"apply","pose":{"control":1,"durable":4,"entity":1,"position":[0.0,0.00100011611357331,9.0000114440918],"receipt_ms":25273,"sequence":654,"tick":1350,"velocity":[0.0,0.0,0.0],"yaw":0.0},"position":[0.0,0.00100011611357331,9.0000114440918],"time_ms":25273,"wall_ms":1791529747470.0,"yaw":0.0}
S03R {"entity":2,"event":"apply","pose":{"control":2,"durable":4,"entity":2,"position":[6.0,0.00100011611357331,4.98088979721069],"receipt_ms":25273,"sequence":188,"tick":1350,"velocity":[0.0,0.0,0.0],"yaw":0.0},"position":[6.0,0.00100011611357331,4.98088979721069],"time_ms":25281,"wall_ms":1791529747479.0,"yaw":0.0}
S03R {"entity":1,"event":"apply","pose":{"control":1,"durable":4,"entity":1,"position":[0.0,0.00100011611357331,9.0000114440918],"receipt_ms":25304,"sequence":656,"tick":1353,"velocity":[0.0,0.0,0.0],"yaw":0.0},"position":[0.0,0.00100011611357331,9.0000114440918],"time_ms":25321,"wall_ms":1791529747518.0,"yaw":0.0}
S03R {"entity":2,"event":"apply","pose":{"control":2,"durable":4,"entity":2,"position":[6.0,0.00100011611357331,4.98088979721069],"receipt_ms":25304,"sequence":189,"tick":1353,"velocity":[0.0,0.0,0.0],"yaw":0.0},"position":[6.0,0.00100011611357331,4.98088979721069],"time_ms":25329,"wall_ms":1791529747526.0,"yaw":0.0}
S03R {"entity":1,"event":"apply","pose":{"control":1,"durable":4,"entity":1,"position":[0.0,0.00100011611357331,9.0000114440918],"receipt_ms":25336,"sequence":657,"tick":1356,"velocity":[0.0,0.0,0.0],"yaw":0.0},"position":[0.0,0.00100011611357331,9.0000114440918],"time_ms":25337,"wall_ms":1791529747534.0,"yaw":0.0}
S03R {"entity":2,"event":"apply","pose":{"control":2,"durable":4,"entity":2,"position":[6.0,0.00100011611357331,4.98088979721069],"receipt_ms":25336,"sequence":190,"tick":1356,"velocity":[0.0,0.0,0.0],"yaw":0.0},"position":[6.0,0.00100011611357331,4.98088979721069],"time_ms":25339,"wall_ms":1791529747536.0,"yaw":0.0}
S03R {"entity":1,"event":"apply","pose":{"control":1,"durable":4,"entity":1,"position":[0.0,0.00100011611357331,9.0000114440918],"receipt_ms":25370,"sequence":659,"tick":1359,"velocity":[0.0,0.0,0.0],"yaw":0.0},"position":[0.0,0.00100011611357331,9.0000114440918],"time_ms":25382,"wall_ms":1791529747579.0,"yaw":0.0}
S03R {"entity":2,"event":"apply","pose":{"control":2,"durable":4,"entity":2,"position":[6.0,0.00100011611357331,4.98088979721069],"receipt_ms":25370,"sequence":191,"tick":1359,"velocity":[0.0,0.0,0.0],"yaw":0.0},"position":[6.0,0.00100011611357331,4.98088979721069],"time_ms":25390,"wall_ms":1791529747588.0,"yaw":0.0}
S03R {"accepted":0,"event":"result","failures":[],"max_held_bytes":0,"max_movement_bytes":0,"ok":true,"reason":"HOST_LOST","rejected":{},"role":"client","time_ms":25414,"wall_ms":1791529747611.0}
