Godot Engine v4.8.dev7.official.c971f93e7 - https://godotengine.org
Vulkan 1.4.312 - Forward+ - Using Device #0: NVIDIA - NVIDIA GeForce GTX 1070

WARNING: The "move_to_foreground()" method is deprecated, use "grab_focus()" instead.
     at: move_to_foreground (scene/main/window.cpp:702)
     GDScript backtrace (most recent call first):
         [0] _start (res://tests/fixtures/s03_r/proof.gd:142)
         [1] _physics_process (res://tests/fixtures/s03_r/proof.gd:79)
S03R {"can_draw":false,"engine":"4.8-dev7 (official)","event":"start","pid":190659,"profile":"baseline","renderer":"forward_plus","role":"client","time_ms":3010,"user_dir":"/tmp/s03-r-baseline-v3/baseline/client/user/data/godot/app_userdata/Fun Things","wall_ms":1791410633000.13,"window_mode":1,"window_visible":true}
S03R {"entity":2,"event":"apply","pose":{"control":1,"durable":2,"entity":2,"position":[6.0,0.00100000004749745,14.0],"receipt_ms":3003,"sequence":0,"tick":127,"velocity":[0.0,0.0,0.0],"yaw":0.0},"position":[6.0,0.00100000004749745,14.0],"time_ms":3010,"wall_ms":1791410633000.25,"yaw":0.0}
S03R {"event":"input","index":1,"move":1.0,"position":[6.0,0.00100000004749745,14.0],"role":"client","sequence_floor":1,"tick":1,"time_ms":3080,"turn":0.0,"wall_ms":1791410633069.88,"yaw":0.0}
S03R {"event":"keys","move":1.0,"role":"client","tick":1,"time_ms":3080,"turn":0.0,"wall_ms":1791410633069.91}
S03R {"entity":1,"event":"apply","pose":{"control":1,"durable":2,"entity":1,"position":[0.0,0.00100011611357331,6.0],"receipt_ms":3080,"sequence":0,"tick":129,"velocity":[0.0,0.0,0.0],"yaw":0.0},"position":[0.0,0.00100011611357331,6.0],"time_ms":3080,"wall_ms":1791410633070.54,"yaw":0.0}
S03R {"entity":2,"event":"apply","pose":{"control":1,"durable":2,"entity":2,"position":[6.0,0.00100005290005356,14.0],"receipt_ms":3080,"sequence":0,"tick":129,"velocity":[0.0,0.0,0.0],"yaw":0.0},"position":[6.0,0.00100005290005356,14.0],"time_ms":3080,"wall_ms":1791410633070.57,"yaw":0.0}
S03R {"entity":1,"event":"apply","pose":{"control":1,"durable":2,"entity":1,"position":[0.0,0.00100011611357331,6.0],"receipt_ms":3087,"sequence":2,"tick":132,"velocity":[0.0,0.0,0.0],"yaw":0.0},"position":[0.0,0.00100011611357331,6.0],"time_ms":3094,"wall_ms":1791410633084.38,"yaw":0.0}
S03R {"entity":2,"event":"apply","pose":{"control":1,"durable":2,"entity":2,"position":[6.0,0.00100005290005356,14.0],"receipt_ms":3087,"sequence":0,"tick":132,"velocity":[0.0,0.0,0.0],"yaw":0.0},"position":[6.0,0.00100005290005356,14.0],"time_ms":3094,"wall_ms":1791410633084.44,"yaw":0.0}
S03R {"entity":1,"event":"apply","pose":{"control":1,"durable":2,"entity":1,"position":[0.0,0.00100011611357331,6.0],"receipt_ms":3136,"sequence":3,"tick":135,"velocity":[0.0,0.0,0.0],"yaw":0.0},"position":[0.0,0.00100011611357331,6.0],"time_ms":3143,"wall_ms":1791410633132.67,"yaw":0.0}
S03R {"entity":2,"event":"apply","pose":{"control":1,"durable":2,"entity":2,"position":[6.0,0.00100005290005356,13.7500009536743],"receipt_ms":3136,"sequence":3,"tick":135,"velocity":[0.0,0.0,-5.0],"yaw":0.0},"position":[6.0,0.00100005290005356,13.7500009536743],"time_ms":3143,"wall_ms":1791410633132.71,"yaw":0.0}
S03R {"event":"keys","move":0.0,"role":"client","tick":12,"time_ms":3212,"turn":0.0,"wall_ms":1791410633201.71}
S03R {"entity":1,"event":"apply","pose":{"control":1,"durable":2,"entity":1,"position":[0.0,0.00100011611357331,6.0],"receipt_ms":3191,"sequence":5,"tick":138,"velocity":[0.0,0.0,0.0],"yaw":0.0},"position":[0.0,0.00100011611357331,6.0],"time_ms":3212,"wall_ms":1791410633201.81,"yaw":0.0}
S03R {"entity":2,"event":"apply","pose":{"control":1,"durable":2,"entity":2,"position":[6.0,0.00100005290005356,13.5000019073486],"receipt_ms":3191,"sequence":5,"tick":138,"velocity":[0.0,0.0,-5.0],"yaw":0.0},"position":[6.0,0.00100005290005356,13.5000019073486],"time_ms":3212,"wall_ms":1791410633201.85,"yaw":0.0}
S03R {"entity":1,"event":"apply","pose":{"control":1,"durable":2,"entity":1,"position":[0.0,0.00100011611357331,6.0],"receipt_ms":3239,"sequence":6,"tick":141,"velocity":[0.0,0.0,0.0],"yaw":0.0},"position":[0.0,0.00100011611357331,6.0],"time_ms":3246,"wall_ms":1791410633236.23,"yaw":0.0}
S03R {"entity":2,"event":"apply","pose":{"control":1,"durable":2,"entity":2,"position":[6.0,0.00100005290005356,13.3333358764648],"receipt_ms":3239,"sequence":6,"tick":141,"velocity":[0.0,0.0,0.0],"yaw":0.0},"position":[6.0,0.00100005290005356,13.3333358764648],"time_ms":3246,"wall_ms":1791410633236.3,"yaw":0.0}
S03R {"entity":1,"event":"apply","pose":{"control":1,"durable":2,"entity":1,"position":[0.0,0.00100011611357331,6.0],"receipt_ms":3287,"sequence":8,"tick":144,"velocity":[0.0,0.0,0.0],"yaw":0.0},"position":[0.0,0.00100011611357331,6.0],"time_ms":3294,"wall_ms":1791410633284.47,"yaw":0.0}
S03R {"entity":2,"event":"apply","pose":{"control":1,"durable":2,"entity":2,"position":[6.0,0.00100005290005356,13.3333358764648],"receipt_ms":3287,"sequence":8,"tick":144,"velocity":[0.0,0.0,0.0],"yaw":0.0},"position":[6.0,0.00100005290005356,13.3333358764648],"time_ms":3294,"wall_ms":1791410633284.53,"yaw":0.0}
S03R {"entity":1,"event":"apply","pose":{"control":1,"durable":2,"entity":1,"position":[0.0,0.00100011611357331,6.0],"receipt_ms":3336,"sequence":9,"tick":147,"velocity":[0.0,0.0,0.0],"yaw":0.0},"position":[0.0,0.00100011611357331,6.0],"time_ms":3343,"wall_ms":1791410633332.81,"yaw":0.0}
S03R {"entity":2,"event":"apply","pose":{"control":1,"durable":2,"entity":2,"position":[6.0,0.00100005290005356,13.3333358764648],"receipt_ms":3336,"sequence":9,"tick":147,"velocity":[0.0,0.0,0.0],"yaw":0.0},"position":[6.0,0.00100005290005356,13.3333358764648],"time_ms":3343,"wall_ms":1791410633332.87,"yaw":0.0}
S03R {"entity":1,"event":"apply","pose":{"control":1,"durable":2,"entity":1,"position":[0.0,0.00100011611357331,6.0],"receipt_ms":3391,"sequence":11,"tick":150,"velocity":[0.0,0.0,0.0],"yaw":0.0},"position":[0.0,0.00100011611357331,6.0],"time_ms":3398,"wall_ms":1791410633387.98,"yaw":0.0}
S03R {"entity":2,"event":"apply","pose":{"control":1,"durable":2,"entity":2,"position":[6.0,0.00100005290005356,13.3333358764648],"receipt_ms":3391,"sequence":11,"tick":150,"velocity":[0.0,0.0,0.0],"yaw":0.0},"position":[6.0,0.00100005290005356,13.3333358764648],"time_ms":3398,"wall_ms":1791410633388.05,"yaw":0.0}
S03R {"entity":1,"event":"apply","pose":{"control":1,"durable":2,"entity":1,"position":[0.0,0.00100011611357331,6.0],"receipt_ms":3439,"sequence":12,"tick":153,"velocity":[0.0,0.0,0.0],"yaw":0.0},"position":[0.0,0.00100011611357331,6.0],"time_ms":3446,"wall_ms":1791410633436.32,"yaw":0.0}
S03R {"entity":2,"event":"apply","pose":{"control":1,"durable":2,"entity":2,"position":[6.0,0.00100005290005356,13.3333358764648],"receipt_ms":3439,"sequence":12,"tick":153,"velocity":[0.0,0.0,0.0],"yaw":0.0},"position":[6.0,0.00100005290005356,13.3333358764648],"time_ms":3446,"wall_ms":1791410633436.39,"yaw":0.0}
S03R {"entity":1,"event":"apply","pose":{"control":1,"durable":2,"entity":1,"position":[0.0,0.00100011611357331,6.0],"receipt_ms":3488,"sequence":14,"tick":156,"velocity":[0.0,0.0,0.0],"yaw":0.0},"position":[0.0,0.00100011611357331,6.0],"time_ms":3501,"wall_ms":1791410633491.48,"yaw":0.0}
S03R {"entity":2,"event":"apply","pose":{"control":1,"durable":2,"entity":2,"position":[6.0,0.00100005290005356,13.3333358764648],"receipt_ms":3488,"sequence":13,"tick":156,"velocity":[0.0,0.0,0.0],"yaw":0.0},"position":[6.0,0.00100005290005356,13.3333358764648],"time_ms":3501,"wall_ms":1791410633491.54,"yaw":0.0}
S03R {"event":"input","index":2,"move":0.0,"position":[6.0,0.00100005290005356,13.3333358764648],"role":"client","sequence_floor":15,"tick":30,"time_ms":3554,"turn":1.0,"wall_ms":1791410633544.59,"yaw":0.0}
S03R {"event":"keys","move":0.0,"role":"client","tick":30,"time_ms":3554,"turn":1.0,"wall_ms":1791410633544.62}
S03R {"entity":1,"event":"apply","pose":{"control":1,"durable":2,"entity":1,"position":[0.0,0.00100011611357331,6.0],"receipt_ms":3555,"sequence":15,"tick":159,"velocity":[0.0,0.0,0.0],"yaw":0.0},"position":[0.0,0.00100011611357331,6.0],"time_ms":3555,"wall_ms":1791410633545.12,"yaw":0.0}
S03R {"entity":2,"event":"apply","pose":{"control":1,"durable":2,"entity":2,"position":[6.0,0.00100005290005356,13.3333358764648],"receipt_ms":3555,"sequence":14,"tick":159,"velocity":[0.0,0.0,0.0],"yaw":0.0},"position":[6.0,0.00100005290005356,13.3333358764648],"time_ms":3555,"wall_ms":1791410633545.15,"yaw":0.0}
S03R {"entity":1,"event":"apply","pose":{"control":1,"durable":2,"entity":1,"position":[0.0,0.00100011611357331,6.0],"receipt_ms":3590,"sequence":17,"tick":162,"velocity":[0.0,0.0,0.0],"yaw":0.0},"position":[0.0,0.00100011611357331,6.0],"time_ms":3603,"wall_ms":1791410633593.5,"yaw":0.0}
S03R {"entity":2,"event":"apply","pose":{"control":1,"durable":2,"entity":2,"position":[6.0,0.00100005290005356,13.3333358764648],"receipt_ms":3590,"sequence":16,"tick":162,"velocity":[0.0,0.0,0.0],"yaw":-0.104719750583172},"position":[6.0,0.00100005290005356,13.3333358764648],"time_ms":3603,"wall_ms":1791410633593.55,"yaw":-0.104719750583172}
S03R {"entity":1,"event":"apply","pose":{"control":1,"durable":2,"entity":1,"position":[0.0,0.00100011611357331,6.0],"receipt_ms":3645,"sequence":18,"tick":165,"velocity":[0.0,0.0,0.0],"yaw":0.0},"position":[0.0,0.00100011611357331,6.0],"time_ms":3659,"wall_ms":1791410633648.7,"yaw":0.0}
S03R {"entity":2,"event":"apply","pose":{"control":1,"durable":2,"entity":2,"position":[6.0,0.00100005290005356,13.3333358764648],"receipt_ms":3645,"sequence":18,"tick":165,"velocity":[0.0,0.0,0.0],"yaw":-0.261799365282059},"position":[6.0,0.00100005290005356,13.3333358764648],"time_ms":3659,"wall_ms":1791410633648.76,"yaw":-0.261799365282059}
S03R {"entity":1,"event":"apply","pose":{"control":1,"durable":2,"entity":1,"position":[0.0,0.00100011611357331,6.0],"receipt_ms":3686,"sequence":20,"tick":168,"velocity":[0.0,0.0,0.0],"yaw":0.0},"position":[0.0,0.00100011611357331,6.0],"time_ms":3693,"wall_ms":1791410633683.2,"yaw":0.0}
S03R {"entity":2,"event":"apply","pose":{"control":1,"durable":2,"entity":2,"position":[6.0,0.00100005290005356,13.3333358764648],"receipt_ms":3686,"sequence":19,"tick":168,"velocity":[0.0,0.0,0.0],"yaw":-0.418878972530365},"position":[6.0,0.00100005290005356,13.3333358764648],"time_ms":3693,"wall_ms":1791410633683.27,"yaw":-0.418878972530365}
S03R {"event":"keys","move":0.0,"role":"client","tick":42,"time_ms":3707,"turn":0.0,"wall_ms":1791410633696.99}
S03R {"entity":1,"event":"apply","pose":{"control":1,"durable":2,"entity":1,"position":[0.0,0.00100011611357331,6.0],"receipt_ms":3734,"sequence":21,"tick":171,"velocity":[0.0,0.0,0.0],"yaw":0.0},"position":[0.0,0.00100011611357331,6.0],"time_ms":3741,"wall_ms":1791410633731.55,"yaw":0.0}
S03R {"entity":2,"event":"apply","pose":{"control":1,"durable":2,"entity":2,"position":[6.0,0.00100005290005356,13.3333358764648],"receipt_ms":3734,"sequence":21,"tick":171,"velocity":[0.0,0.0,0.0],"yaw":-0.471238851547241},"position":[6.0,0.00100005290005356,13.3333358764648],"time_ms":3741,"wall_ms":1791410633731.61,"yaw":-0.471238851547241}
S03R {"entity":1,"event":"apply","pose":{"control":1,"durable":2,"entity":1,"position":[0.0,0.00100011611357331,6.0],"receipt_ms":3790,"sequence":23,"tick":174,"velocity":[0.0,0.0,0.0],"yaw":0.0},"position":[0.0,0.00100011611357331,6.0],"time_ms":3797,"wall_ms":1791410633786.67,"yaw":0.0}
S03R {"entity":2,"event":"apply","pose":{"control":1,"durable":2,"entity":2,"position":[6.0,0.00100005290005356,13.3333358764648],"receipt_ms":3790,"sequence":22,"tick":174,"velocity":[0.0,0.0,0.0],"yaw":-0.471238851547241},"position":[6.0,0.00100005290005356,13.3333358764648],"time_ms":3797,"wall_ms":1791410633786.7,"yaw":-0.471238851547241}
S03R {"entity":1,"event":"apply","pose":{"control":1,"durable":2,"entity":1,"position":[0.0,0.00100011611357331,6.0],"receipt_ms":3838,"sequence":24,"tick":177,"velocity":[0.0,0.0,0.0],"yaw":0.0},"position":[0.0,0.00100011611357331,6.0],"time_ms":3845,"wall_ms":1791410633835.03,"yaw":0.0}
S03R {"entity":2,"event":"apply","pose":{"control":1,"durable":2,"entity":2,"position":[6.0,0.00100005290005356,13.3333358764648],"receipt_ms":3838,"sequence":24,"tick":177,"velocity":[0.0,0.0,0.0],"yaw":-0.471238851547241},"position":[6.0,0.00100005290005356,13.3333358764648],"time_ms":3845,"wall_ms":1791410633835.09,"yaw":-0.471238851547241}
S03R {"entity":1,"event":"apply","pose":{"control":1,"durable":2,"entity":1,"position":[0.0,0.00100011611357331,6.0],"receipt_ms":3893,"sequence":26,"tick":180,"velocity":[0.0,0.0,0.0],"yaw":0.0},"position":[0.0,0.00100011611357331,6.0],"time_ms":3900,"wall_ms":1791410633890.2,"yaw":0.0}
S03R {"entity":2,"event":"apply","pose":{"control":1,"durable":2,"entity":2,"position":[6.0,0.00100005290005356,13.3333358764648],"receipt_ms":3893,"sequence":25,"tick":180,"velocity":[0.0,0.0,0.0],"yaw":-0.471238851547241},"position":[6.0,0.00100005290005356,13.3333358764648],"time_ms":3900,"wall_ms":1791410633890.28,"yaw":-0.471238851547241}
S03R {"entity":1,"event":"apply","pose":{"control":1,"durable":2,"entity":1,"position":[0.0,0.00100011611357331,6.0],"receipt_ms":3935,"sequence":27,"tick":183,"velocity":[0.0,0.0,0.0],"yaw":0.0},"position":[0.0,0.00100011611357331,6.0],"time_ms":3948,"wall_ms":1791410633938.56,"yaw":0.0}
S03R {"entity":2,"event":"apply","pose":{"control":1,"durable":2,"entity":2,"position":[6.0,0.00100005290005356,13.3333358764648],"receipt_ms":3935,"sequence":27,"tick":183,"velocity":[0.0,0.0,0.0],"yaw":-0.471238851547241},"position":[6.0,0.00100005290005356,13.3333358764648],"time_ms":3948,"wall_ms":1791410633938.62,"yaw":-0.471238851547241}
S03R {"entity":1,"event":"apply","pose":{"control":1,"durable":2,"entity":1,"position":[0.0,0.00100011611357331,6.0],"receipt_ms":3983,"sequence":29,"tick":186,"velocity":[0.0,0.0,0.0],"yaw":0.0},"position":[0.0,0.00100011611357331,6.0],"time_ms":4003,"wall_ms":1791410633993.64,"yaw":0.0}
S03R {"entity":2,"event":"apply","pose":{"control":1,"durable":2,"entity":2,"position":[6.0,0.00100005290005356,13.3333358764648],"receipt_ms":3983,"sequence":28,"tick":186,"velocity":[0.0,0.0,0.0],"yaw":-0.471238851547241},"position":[6.0,0.00100005290005356,13.3333358764648],"time_ms":4004,"wall_ms":1791410633993.67,"yaw":-0.471238851547241}
S03R {"event":"input","index":3,"move":1.0,"position":[6.0,0.00100005290005356,13.3333358764648],"role":"client","sequence_floor":30,"tick":60,"time_ms":4051,"turn":0.0,"wall_ms":1791410634040.8,"yaw":-0.471238851547241}
S03R {"event":"keys","move":1.0,"role":"client","tick":60,"time_ms":4051,"turn":0.0,"wall_ms":1791410634040.83}
S03R {"entity":1,"event":"apply","pose":{"control":1,"durable":2,"entity":1,"position":[0.0,0.00100011611357331,6.0],"receipt_ms":4051,"sequence":30,"tick":189,"velocity":[0.0,0.0,0.0],"yaw":0.0},"position":[0.0,0.00100011611357331,6.0],"time_ms":4051,"wall_ms":1791410634041.35,"yaw":0.0}
S03R {"entity":2,"event":"apply","pose":{"control":1,"durable":2,"entity":2,"position":[6.0,0.00100005290005356,13.3333358764648],"receipt_ms":4051,"sequence":29,"tick":189,"velocity":[0.0,0.0,0.0],"yaw":-0.471238851547241},"position":[6.0,0.00100005290005356,13.3333358764648],"time_ms":4051,"wall_ms":1791410634041.38,"yaw":-0.471238851547241}
S03R {"entity":1,"event":"apply","pose":{"control":1,"durable":2,"entity":1,"position":[0.0,0.00100011611357331,6.0],"receipt_ms":4086,"sequence":32,"tick":192,"velocity":[0.0,0.0,0.0],"yaw":0.0},"position":[0.0,0.00100011611357331,6.0],"time_ms":4100,"wall_ms":1791410634089.69,"yaw":0.0}
S03R {"entity":2,"event":"apply","pose":{"control":1,"durable":2,"entity":2,"position":[6.07566547393799,0.00100005290005356,13.18483543396],"receipt_ms":4086,"sequence":31,"tick":192,"velocity":[2.26995205879211,0.0,-4.45503187179565],"yaw":-0.471238851547241},"position":[6.07566547393799,0.00100005290005356,13.18483543396],"time_ms":4100,"wall_ms":1791410634089.72,"yaw":-0.471238851547241}
S03R {"entity":1,"event":"apply","pose":{"control":1,"durable":2,"entity":1,"position":[0.0,0.00100011611357331,6.0],"receipt_ms":4141,"sequence":33,"tick":195,"velocity":[0.0,0.0,0.0],"yaw":0.0},"position":[0.0,0.00100011611357331,6.0],"time_ms":4162,"wall_ms":1791410634151.79,"yaw":0.0}
S03R {"entity":2,"event":"apply","pose":{"control":1,"durable":2,"entity":2,"position":[6.18916368484497,0.00100005290005356,12.9620847702026],"receipt_ms":4141,"sequence":33,"tick":195,"velocity":[2.26995205879211,0.0,-4.45503187179565],"yaw":-0.471238851547241},"position":[6.18916368484497,0.00100005290005356,12.9620847702026],"time_ms":4162,"wall_ms":1791410634151.82,"yaw":-0.471238851547241}
S03R {"entity":1,"event":"apply","pose":{"control":1,"durable":2,"entity":1,"position":[0.0,0.00100011611357331,6.0],"receipt_ms":4189,"sequence":35,"tick":198,"velocity":[0.0,0.0,0.0],"yaw":0.0},"position":[0.0,0.00100011611357331,6.0],"time_ms":4196,"wall_ms":1791410634186.3,"yaw":0.0}
S03R {"entity":2,"event":"apply","pose":{"control":1,"durable":2,"entity":2,"position":[6.30266189575195,0.00100005290005356,12.7393341064453],"receipt_ms":4189,"sequence":34,"tick":198,"velocity":[2.26995205879211,0.0,-4.45503187179565],"yaw":-0.471238851547241},"position":[6.30266189575195,0.00100005290005356,12.7393341064453],"time_ms":4196,"wall_ms":1791410634186.33,"yaw":-0.471238851547241}
S03R {"event":"keys","move":0.0,"role":"client","tick":72,"time_ms":4210,"turn":0.0,"wall_ms":1791410634200.12}
S03R {"entity":1,"event":"apply","pose":{"control":1,"durable":2,"entity":1,"position":[0.0,0.00100011611357331,6.0],"receipt_ms":4245,"sequence":36,"tick":201,"velocity":[0.0,0.0,0.0],"yaw":0.0},"position":[0.0,0.00100011611357331,6.0],"time_ms":4258,"wall_ms":1791410634248.36,"yaw":0.0}
S03R {"entity":2,"event":"apply","pose":{"control":1,"durable":2,"entity":2,"position":[6.37832736968994,0.00100005290005356,12.5908336639404],"receipt_ms":4245,"sequence":36,"tick":201,"velocity":[0.0,0.0,0.0],"yaw":-0.471238851547241},"position":[6.37832736968994,0.00100005290005356,12.5908336639404],"time_ms":4258,"wall_ms":1791410634248.4,"yaw":-0.471238851547241}
S03R {"entity":1,"event":"apply","pose":{"control":1,"durable":2,"entity":1,"position":[0.0,0.00100011611357331,6.0],"receipt_ms":4293,"sequence":38,"tick":204,"velocity":[0.0,0.0,0.0],"yaw":0.0},"position":[0.0,0.00100011611357331,6.0],"time_ms":4313,"wall_ms":1791410634303.63,"yaw":0.0}
S03R {"entity":2,"event":"apply","pose":{"control":1,"durable":2,"entity":2,"position":[6.37832736968994,0.00100005290005356,12.5908336639404],"receipt_ms":4293,"sequence":37,"tick":204,"velocity":[0.0,0.0,0.0],"yaw":-0.471238851547241},"position":[6.37832736968994,0.00100005290005356,12.5908336639404],"time_ms":4313,"wall_ms":1791410634303.66,"yaw":-0.471238851547241}
S03R {"entity":1,"event":"apply","pose":{"control":1,"durable":2,"entity":1,"position":[0.0,0.00100011611357331,6.0],"receipt_ms":4341,"sequence":39,"tick":207,"velocity":[0.0,0.0,0.0],"yaw":0.0},"position":[0.0,0.00100011611357331,6.0],"time_ms":4348,"wall_ms":1791410634338.13,"yaw":0.0}
S03R {"entity":2,"event":"apply","pose":{"control":1,"durable":2,"entity":2,"position":[6.37832736968994,0.00100005290005356,12.5908336639404],"receipt_ms":4341,"sequence":39,"tick":207,"velocity":[0.0,0.0,0.0],"yaw":-0.471238851547241},"position":[6.37832736968994,0.00100005290005356,12.5908336639404],"time_ms":4348,"wall_ms":1791410634338.16,"yaw":-0.471238851547241}
S03R {"entity":1,"event":"apply","pose":{"control":1,"durable":2,"entity":1,"position":[0.0,0.00100011611357331,6.0],"receipt_ms":4383,"sequence":41,"tick":210,"velocity":[0.0,0.0,0.0],"yaw":0.0},"position":[0.0,0.00100011611357331,6.0],"time_ms":4396,"wall_ms":1791410634386.4,"yaw":0.0}
S03R {"entity":2,"event":"apply","pose":{"control":1,"durable":2,"entity":2,"position":[6.37832736968994,0.00100005290005356,12.5908336639404],"receipt_ms":4383,"sequence":40,"tick":210,"velocity":[0.0,0.0,0.0],"yaw":-0.471238851547241},"position":[6.37832736968994,0.00100005290005356,12.5908336639404],"time_ms":4396,"wall_ms":1791410634386.46,"yaw":-0.471238851547241}
S03R {"entity":1,"event":"apply","pose":{"control":1,"durable":2,"entity":1,"position":[0.0,0.00100011611357331,6.0],"receipt_ms":4438,"sequence":42,"tick":213,"velocity":[0.0,0.0,0.0],"yaw":0.0},"position":[0.0,0.00100011611357331,6.0],"time_ms":4451,"wall_ms":1791410634441.63,"yaw":0.0}
S03R {"entity":2,"event":"apply","pose":{"control":1,"durable":2,"entity":2,"position":[6.37832736968994,0.00100005290005356,12.5908336639404],"receipt_ms":4438,"sequence":42,"tick":213,"velocity":[0.0,0.0,0.0],"yaw":-0.471238851547241},"position":[6.37832736968994,0.00100005290005356,12.5908336639404],"time_ms":4451,"wall_ms":1791410634441.66,"yaw":-0.471238851547241}
S03R {"entity":1,"event":"apply","pose":{"control":1,"durable":2,"entity":1,"position":[0.0,0.00100011611357331,6.0],"receipt_ms":4493,"sequence":44,"tick":216,"velocity":[0.0,0.0,0.0],"yaw":0.0},"position":[0.0,0.00100011611357331,6.0],"time_ms":4500,"wall_ms":1791410634489.9,"yaw":0.0}
S03R {"entity":2,"event":"apply","pose":{"control":1,"durable":2,"entity":2,"position":[6.37832736968994,0.00100005290005356,12.5908336639404],"receipt_ms":4493,"sequence":43,"tick":216,"velocity":[0.0,0.0,0.0],"yaw":-0.471238851547241},"position":[6.37832736968994,0.00100005290005356,12.5908336639404],"time_ms":4500,"wall_ms":1791410634489.93,"yaw":-0.471238851547241}
S03R {"event":"input","index":4,"move":0.0,"position":[6.37832736968994,0.00100005290005356,12.5908336639404],"role":"client","sequence_floor":45,"tick":90,"time_ms":4556,"turn":-1.0,"wall_ms":1791410634546.42,"yaw":-0.471238851547241}
S03R {"event":"keys","move":0.0,"role":"client","tick":90,"time_ms":4556,"turn":-1.0,"wall_ms":1791410634546.45}
S03R {"entity":1,"event":"apply","pose":{"control":1,"durable":2,"entity":1,"position":[0.0,0.00100011611357331,6.0],"receipt_ms":4557,"sequence":45,"tick":219,"velocity":[0.0,0.0,0.0],"yaw":0.0},"position":[0.0,0.00100011611357331,6.0],"time_ms":4557,"wall_ms":1791410634547.0,"yaw":0.0}
S03R {"entity":2,"event":"apply","pose":{"control":1,"durable":2,"entity":2,"position":[6.37832736968994,0.00100005290005356,12.5908336639404],"receipt_ms":4557,"sequence":44,"tick":219,"velocity":[0.0,0.0,0.0],"yaw":-0.471238851547241},"position":[6.37832736968994,0.00100005290005356,12.5908336639404],"time_ms":4557,"wall_ms":1791410634547.06,"yaw":-0.471238851547241}
S03R {"entity":1,"event":"apply","pose":{"control":1,"durable":2,"entity":1,"position":[0.0,0.00100011611357331,6.0],"receipt_ms":4585,"sequence":47,"tick":222,"velocity":[0.0,0.0,0.0],"yaw":0.0},"position":[0.0,0.00100011611357331,6.0],"time_ms":4591,"wall_ms":1791410634581.54,"yaw":0.0}
S03R {"entity":2,"event":"apply","pose":{"control":1,"durable":2,"entity":2,"position":[6.37832736968994,0.00100005290005356,12.5908336639404],"receipt_ms":4585,"sequence":46,"tick":222,"velocity":[0.0,0.0,0.0],"yaw":-0.366519063711166},"position":[6.37832736968994,0.00100005290005356,12.5908336639404],"time_ms":4591,"wall_ms":1791410634581.6,"yaw":-0.366519063711166}
S03R {"entity":1,"event":"apply","pose":{"control":1,"durable":2,"entity":1,"position":[0.0,0.00100011611357331,6.0],"receipt_ms":4640,"sequence":48,"tick":225,"velocity":[0.0,0.0,0.0],"yaw":0.0},"position":[0.0,0.00100011611357331,6.0],"time_ms":4647,"wall_ms":1791410634636.77,"yaw":0.0}
S03R {"entity":2,"event":"apply","pose":{"control":1,"durable":2,"entity":2,"position":[6.37832736968994,0.00100005290005356,12.5908336639404],"receipt_ms":4640,"sequence":48,"tick":225,"velocity":[0.0,0.0,0.0],"yaw":-0.209439426660538},"position":[6.37832736968994,0.00100005290005356,12.5908336639404],"time_ms":4647,"wall_ms":1791410634636.83,"yaw":-0.209439426660538}
S03R {"entity":1,"event":"apply","pose":{"control":1,"durable":2,"entity":1,"position":[0.0,0.00100011611357331,6.0],"receipt_ms":4688,"sequence":50,"tick":228,"velocity":[0.0,0.0,0.0],"yaw":0.0},"position":[0.0,0.00100011611357331,6.0],"time_ms":4695,"wall_ms":1791410634685.04,"yaw":0.0}
S03R {"entity":2,"event":"apply","pose":{"control":1,"durable":2,"entity":2,"position":[6.37832736968994,0.00100005290005356,12.5908336639404],"receipt_ms":4688,"sequence":49,"tick":228,"velocity":[0.0,0.0,0.0],"yaw":-0.0523597933351994},"position":[6.37832736968994,0.00100005290005356,12.5908336639404],"time_ms":4695,"wall_ms":1791410634685.09,"yaw":-0.0523597933351994}
S03R {"event":"keys","move":0.0,"role":"client","tick":102,"time_ms":4716,"turn":0.0,"wall_ms":1791410634705.69}
S03R {"entity":1,"event":"apply","pose":{"control":1,"durable":2,"entity":1,"position":[0.0,0.00100011611357331,6.0],"receipt_ms":4736,"sequence":51,"tick":231,"velocity":[0.0,0.0,0.0],"yaw":0.0},"position":[0.0,0.00100011611357331,6.0],"time_ms":4750,"wall_ms":1791410634740.28,"yaw":0.0}
S03R {"entity":2,"event":"apply","pose":{"control":1,"durable":2,"entity":2,"position":[6.37832736968994,0.00100005290005356,12.5908336639404],"receipt_ms":4736,"sequence":51,"tick":231,"velocity":[0.0,0.0,0.0],"yaw":0.0523599684238434},"position":[6.37832736968994,0.00100005290005356,12.5908336639404],"time_ms":4750,"wall_ms":1791410634740.32,"yaw":0.0523599684238434}
S03R {"entity":1,"event":"apply","pose":{"control":1,"durable":2,"entity":1,"position":[0.0,0.00100011611357331,6.0],"receipt_ms":4785,"sequence":53,"tick":234,"velocity":[0.0,0.0,0.0],"yaw":0.0},"position":[0.0,0.00100011611357331,6.0],"time_ms":4798,"wall_ms":1791410634788.51,"yaw":0.0}
S03R {"entity":2,"event":"apply","pose":{"control":1,"durable":2,"entity":2,"position":[6.37832736968994,0.00100005290005356,12.5908336639404],"receipt_ms":4785,"sequence":52,"tick":234,"velocity":[0.0,0.0,0.0],"yaw":0.0523599795997143},"position":[6.37832736968994,0.00100005290005356,12.5908336639404],"time_ms":4798,"wall_ms":1791410634788.55,"yaw":0.0523599795997143}
S03R {"entity":1,"event":"apply","pose":{"control":1,"durable":2,"entity":1,"position":[0.0,0.00100011611357331,6.0],"receipt_ms":4840,"sequence":54,"tick":237,"velocity":[0.0,0.0,0.0],"yaw":0.0},"position":[0.0,0.00100011611357331,6.0],"time_ms":4854,"wall_ms":1791410634843.79,"yaw":0.0}
S03R {"entity":2,"event":"apply","pose":{"control":1,"durable":2,"entity":2,"position":[6.37832736968994,0.00100005290005356,12.5908336639404],"receipt_ms":4840,"sequence":54,"tick":237,"velocity":[0.0,0.0,0.0],"yaw":0.0523599907755852},"position":[6.37832736968994,0.00100005290005356,12.5908336639404],"time_ms":4854,"wall_ms":1791410634843.84,"yaw":0.0523599907755852}
S03R {"entity":1,"event":"apply","pose":{"control":1,"durable":2,"entity":1,"position":[0.0,0.00100011611357331,6.0],"receipt_ms":4888,"sequence":56,"tick":240,"velocity":[0.0,0.0,0.0],"yaw":0.0},"position":[0.0,0.00100011611357331,6.0],"time_ms":4902,"wall_ms":1791410634892.05,"yaw":0.0}
S03R {"entity":2,"event":"apply","pose":{"control":1,"durable":2,"entity":2,"position":[6.37832736968994,0.00100005290005356,12.5908336639404],"receipt_ms":4889,"sequence":55,"tick":240,"velocity":[0.0,0.0,0.0],"yaw":0.0523600019514561},"position":[6.37832736968994,0.00100005290005356,12.5908336639404],"time_ms":4902,"wall_ms":1791410634892.11,"yaw":0.0523600019514561}
S03R {"entity":1,"event":"apply","pose":{"control":1,"durable":2,"entity":1,"position":[0.0,0.00100011611357331,6.0],"receipt_ms":4937,"sequence":57,"tick":243,"velocity":[0.0,0.0,0.0],"yaw":0.0},"position":[0.0,0.00100011611357331,6.0],"time_ms":4950,"wall_ms":1791410634940.39,"yaw":0.0}
S03R {"entity":2,"event":"apply","pose":{"control":1,"durable":2,"entity":2,"position":[6.37832736968994,0.00100005290005356,12.5908336639404],"receipt_ms":4937,"sequence":57,"tick":243,"velocity":[0.0,0.0,0.0],"yaw":0.052360013127327},"position":[6.37832736968994,0.00100005290005356,12.5908336639404],"time_ms":4950,"wall_ms":1791410634940.45,"yaw":0.052360013127327}
S03R {"entity":1,"event":"apply","pose":{"control":1,"durable":2,"entity":1,"position":[0.0,0.00100011611357331,6.0],"receipt_ms":4985,"sequence":59,"tick":246,"velocity":[0.0,0.0,0.0],"yaw":0.0},"position":[0.0,0.00100011611357331,6.0],"time_ms":4998,"wall_ms":1791410634988.62,"yaw":0.0}
S03R {"entity":2,"event":"apply","pose":{"control":1,"durable":2,"entity":2,"position":[6.37832736968994,0.00100005290005356,12.5908336639404],"receipt_ms":4985,"sequence":58,"tick":246,"velocity":[0.0,0.0,0.0],"yaw":0.0523600243031979},"position":[6.37832736968994,0.00100005290005356,12.5908336639404],"time_ms":4998,"wall_ms":1791410634988.65,"yaw":0.0523600243031979}
S03R {"event":"input","index":5,"move":1.0,"position":[6.37832736968994,0.00100005290005356,12.5908336639404],"role":"client","sequence_floor":60,"tick":120,"time_ms":5019,"turn":0.0,"wall_ms":1791410635009.38,"yaw":0.0523600243031979}
S03R {"event":"keys","move":1.0,"role":"client","tick":120,"time_ms":5019,"turn":0.0,"wall_ms":1791410635009.45}
S03R {"entity":1,"event":"apply","pose":{"control":1,"durable":2,"entity":1,"position":[0.0,0.00100011611357331,6.10000038146973],"receipt_ms":5054,"sequence":60,"tick":249,"velocity":[0.0,0.0,3.0],"yaw":0.0},"position":[0.0,0.00100011611357331,6.10000038146973],"time_ms":5067,"wall_ms":1791410635057.65,"yaw":0.0}
S03R {"entity":2,"event":"apply","pose":{"control":1,"durable":2,"entity":2,"position":[6.37396621704102,0.00100005290005356,12.5076141357422],"receipt_ms":5054,"sequence":60,"tick":249,"velocity":[-0.261680513620377,0.0,-4.99314641952515],"yaw":0.0523600354790688},"position":[6.37396621704102,0.00100005290005356,12.5076141357422],"time_ms":5068,"wall_ms":1791410635057.7,"yaw":0.0523600354790688}
S03R {"entity":1,"event":"apply","pose":{"control":1,"durable":2,"entity":1,"position":[0.0,0.00100011611357331,6.25000095367432],"receipt_ms":5089,"sequence":62,"tick":252,"velocity":[0.0,0.0,3.0],"yaw":0.0},"position":[0.0,0.00100011611357331,6.25000095367432],"time_ms":5102,"wall_ms":1791410635092.15,"yaw":0.0}
S03R {"entity":2,"event":"apply","pose":{"control":1,"durable":2,"entity":2,"position":[6.36088275909424,0.00100005290005356,12.2579555511475],"receipt_ms":5089,"sequence":61,"tick":252,"velocity":[-0.261680543422699,0.0,-4.99314641952515],"yaw":0.0523600466549397},"position":[6.36088275909424,0.00100005290005356,12.2579555511475],"time_ms":5102,"wall_ms":1791410635092.19,"yaw":0.0523600466549397}
S03R {"entity":1,"event":"apply","pose":{"control":1,"durable":2,"entity":1,"position":[0.0,0.00100011611357331,6.40000152587891],"receipt_ms":5130,"sequence":63,"tick":255,"velocity":[0.0,0.0,3.0],"yaw":0.0},"position":[0.0,0.00100011611357331,6.40000152587891],"time_ms":5136,"wall_ms":1791410635126.64,"yaw":0.0}
S03R {"entity":2,"event":"apply","pose":{"control":1,"durable":2,"entity":2,"position":[6.34779930114746,0.00100005290005356,12.0082969665527],"receipt_ms":5130,"sequence":63,"tick":255,"velocity":[-0.261680603027344,0.0,-4.99314641952515],"yaw":0.0523600578308105},"position":[6.34779930114746,0.00100005290005356,12.0082969665527],"time_ms":5136,"wall_ms":1791410635126.68,"yaw":0.0523600578308105}
S03R {"entity":1,"event":"apply","pose":{"control":1,"durable":2,"entity":1,"position":[0.0,0.00100011611357331,6.5500020980835],"receipt_ms":5178,"sequence":65,"tick":258,"velocity":[0.0,0.0,3.0],"yaw":0.0},"position":[0.0,0.00100011611357331,6.5500020980835],"time_ms":5185,"wall_ms":1791410635174.96,"yaw":0.0}
S03R {"entity":2,"event":"apply","pose":{"control":1,"durable":2,"entity":2,"position":[6.33471584320068,0.00100005290005356,11.758638381958],"receipt_ms":5178,"sequence":64,"tick":258,"velocity":[-0.261680662631989,0.0,-4.99314641952515],"yaw":0.0523600690066814},"position":[6.33471584320068,0.00100005290005356,11.758638381958],"time_ms":5185,"wall_ms":1791410635175.0,"yaw":0.0523600690066814}
S03R {"event":"keys","move":0.0,"role":"client","tick":132,"time_ms":5219,"turn":0.0,"wall_ms":1791410635209.48}
S03R {"entity":1,"event":"apply","pose":{"control":1,"durable":2,"entity":1,"position":[0.0,0.00100011611357331,6.70000267028809],"receipt_ms":5226,"sequence":66,"tick":261,"velocity":[0.0,0.0,3.0],"yaw":0.0},"position":[0.0,0.00100011611357331,6.70000267028809],"time_ms":5233,"wall_ms":1791410635223.23,"yaw":0.0}
S03R {"entity":2,"event":"apply","pose":{"control":1,"durable":2,"entity":2,"position":[6.32163238525391,0.00100005290005356,11.5089797973633],"receipt_ms":5226,"sequence":65,"tick":261,"velocity":[-0.261680722236633,0.0,-4.99314641952515],"yaw":0.0523600801825523},"position":[6.32163238525391,0.00100005290005356,11.5089797973633],"time_ms":5233,"wall_ms":1791410635223.26,"yaw":0.0523600801825523}
S03R {"entity":1,"event":"apply","pose":{"control":1,"durable":2,"entity":1,"position":[0.0,0.00100011611357331,6.85000324249268],"receipt_ms":5274,"sequence":68,"tick":264,"velocity":[0.0,0.0,3.0],"yaw":0.0},"position":[0.0,0.00100011611357331,6.85000324249268],"time_ms":5288,"wall_ms":1791410635278.5,"yaw":0.0}
S03R {"entity":2,"event":"apply","pose":{"control":1,"durable":2,"entity":2,"position":[6.32163238525391,0.00100005290005356,11.5089797973633],"receipt_ms":5274,"sequence":67,"tick":264,"velocity":[0.0,0.0,0.0],"yaw":0.0523600913584232},"position":[6.32163238525391,0.00100005290005356,11.5089797973633],"time_ms":5288,"wall_ms":1791410635278.56,"yaw":0.0523600913584232}
S03R {"entity":1,"event":"apply","pose":{"control":1,"durable":2,"entity":1,"position":[0.0,0.00100011611357331,7.00000381469727],"receipt_ms":5337,"sequence":69,"tick":267,"velocity":[0.0,0.0,3.0],"yaw":0.0},"position":[0.0,0.00100011611357331,7.00000381469727],"time_ms":5350,"wall_ms":1791410635340.6,"yaw":0.0}
S03R {"entity":2,"event":"apply","pose":{"control":1,"durable":2,"entity":2,"position":[6.32163238525391,0.00100005290005356,11.5089797973633],"receipt_ms":5337,"sequence":69,"tick":267,"velocity":[0.0,0.0,0.0],"yaw":0.0523601025342941},"position":[6.32163238525391,0.00100005290005356,11.5089797973633],"time_ms":5350,"wall_ms":1791410635340.65,"yaw":0.0523601025342941}
S03R {"entity":1,"event":"apply","pose":{"control":1,"durable":2,"entity":1,"position":[0.0,0.00100011611357331,7.15000438690186],"receipt_ms":5378,"sequence":71,"tick":270,"velocity":[0.0,0.0,3.0],"yaw":0.0},"position":[0.0,0.00100011611357331,7.15000438690186],"time_ms":5385,"wall_ms":1791410635375.06,"yaw":0.0}
S03R {"entity":2,"event":"apply","pose":{"control":1,"durable":2,"entity":2,"position":[6.32163238525391,0.00100005290005356,11.5089797973633],"receipt_ms":5378,"sequence":70,"tick":270,"velocity":[0.0,0.0,0.0],"yaw":0.052360113710165},"position":[6.32163238525391,0.00100005290005356,11.5089797973633],"time_ms":5385,"wall_ms":1791410635375.09,"yaw":0.052360113710165}
S03R {"entity":1,"event":"apply","pose":{"control":1,"durable":2,"entity":1,"position":[0.0,0.00100011611357331,7.30000495910645],"receipt_ms":5434,"sequence":72,"tick":273,"velocity":[0.0,0.0,3.0],"yaw":0.0},"position":[0.0,0.00100011611357331,7.30000495910645],"time_ms":5454,"wall_ms":1791410635444.08,"yaw":0.0}
S03R {"entity":2,"event":"apply","pose":{"control":1,"durable":2,"entity":2,"position":[6.32163238525391,0.00100005290005356,11.5089797973633],"receipt_ms":5434,"sequence":72,"tick":273,"velocity":[0.0,0.0,0.0],"yaw":0.0523601248860359},"position":[6.32163238525391,0.00100005290005356,11.5089797973633],"time_ms":5454,"wall_ms":1791410635444.14,"yaw":0.0523601248860359}
S03R {"entity":1,"event":"apply","pose":{"control":1,"durable":2,"entity":1,"position":[0.0,0.00100011611357331,7.45000553131104],"receipt_ms":5481,"sequence":74,"tick":276,"velocity":[0.0,0.0,3.0],"yaw":0.0},"position":[0.0,0.00100011611357331,7.45000553131104],"time_ms":5488,"wall_ms":1791410635478.6,"yaw":0.0}
S03R {"entity":2,"event":"apply","pose":{"control":1,"durable":2,"entity":2,"position":[6.32163238525391,0.00100005290005356,11.5089797973633],"receipt_ms":5481,"sequence":72,"tick":276,"velocity":[0.0,0.0,0.0],"yaw":0.0523601360619068},"position":[6.32163238525391,0.00100005290005356,11.5089797973633],"time_ms":5488,"wall_ms":1791410635478.66,"yaw":0.0523601360619068}
S03R {"event":"input","index":6,"move":0.0,"position":[6.32163238525391,0.00100005290005356,11.5089797973633],"role":"client","sequence_floor":75,"tick":150,"time_ms":5516,"turn":1.0,"wall_ms":1791410635506.21,"yaw":0.0523601360619068}
S03R {"event":"keys","move":0.0,"role":"client","tick":150,"time_ms":5516,"turn":1.0,"wall_ms":1791410635506.25}
S03R {"entity":1,"event":"apply","pose":{"control":1,"durable":2,"entity":1,"position":[0.0,0.00100011611357331,7.60000610351562],"receipt_ms":5537,"sequence":75,"tick":279,"velocity":[0.0,0.0,3.0],"yaw":0.0},"position":[0.0,0.00100011611357331,7.60000610351562],"time_ms":5551,"wall_ms":1791410635540.75,"yaw":0.0}
S03R {"entity":2,"event":"apply","pose":{"control":1,"durable":2,"entity":2,"position":[6.32163238525391,0.00100005290005356,11.5089797973633],"receipt_ms":5537,"sequence":75,"tick":279,"velocity":[0.0,0.0,0.0],"yaw":0.000000265952650124746},"position":[6.32163238525391,0.00100005290005356,11.5089797973633],"time_ms":5551,"wall_ms":1791410635540.81,"yaw":0.000000265952650124746}
S03R {"entity":1,"event":"apply","pose":{"control":1,"durable":2,"entity":1,"position":[0.0,0.00100011611357331,7.75000667572021],"receipt_ms":5585,"sequence":77,"tick":282,"velocity":[0.0,0.0,3.0],"yaw":0.0},"position":[0.0,0.00100011611357331,7.75000667572021],"time_ms":5599,"wall_ms":1791410635588.96,"yaw":0.0}
S03R {"entity":2,"event":"apply","pose":{"control":1,"durable":2,"entity":2,"position":[6.32163238525391,0.00100005290005356,11.5089797973633],"receipt_ms":5585,"sequence":76,"tick":282,"velocity":[0.0,0.0,0.0],"yaw":-0.157079353928566},"position":[6.32163238525391,0.00100005290005356,11.5089797973633],"time_ms":5599,"wall_ms":1791410635589.02,"yaw":-0.157079353928566}
S03R {"entity":1,"event":"apply","pose":{"control":1,"durable":2,"entity":1,"position":[0.0,0.00100011611357331,7.9000072479248],"receipt_ms":5634,"sequence":78,"tick":285,"velocity":[0.0,0.0,3.0],"yaw":0.0},"position":[0.0,0.00100011611357331,7.9000072479248],"time_ms":5654,"wall_ms":1791410635644.21,"yaw":0.0}
S03R {"entity":2,"event":"apply","pose":{"control":1,"durable":2,"entity":2,"position":[6.32163238525391,0.00100005290005356,11.5089797973633],"receipt_ms":5634,"sequence":78,"tick":285,"velocity":[0.0,0.0,0.0],"yaw":-0.314159005880356},"position":[6.32163238525391,0.00100005290005356,11.5089797973633],"time_ms":5654,"wall_ms":1791410635644.27,"yaw":-0.314159005880356}
S03R {"entity":1,"event":"apply","pose":{"control":1,"durable":2,"entity":1,"position":[0.0,0.00100011611357331,8.05000782012939],"receipt_ms":5689,"sequence":80,"tick":288,"velocity":[0.0,0.0,3.0],"yaw":0.0},"position":[0.0,0.00100011611357331,8.05000782012939],"time_ms":5702,"wall_ms":1791410635692.47,"yaw":0.0}
S03R {"entity":2,"event":"apply","pose":{"control":1,"durable":2,"entity":2,"position":[6.32163238525391,0.00100005290005356,11.5089797973633],"receipt_ms":5689,"sequence":79,"tick":288,"velocity":[0.0,0.0,0.0],"yaw":-0.471238642930984},"position":[6.32163238525391,0.00100005290005356,11.5089797973633],"time_ms":5702,"wall_ms":1791410635692.53,"yaw":-0.471238642930984}
S03R {"event":"keys","move":0.0,"role":"client","tick":162,"time_ms":5716,"turn":0.0,"wall_ms":1791410635706.29}
S03R {"entity":1,"event":"apply","pose":{"control":1,"durable":2,"entity":1,"position":[0.0,0.00100011611357331,8.20000839233398],"receipt_ms":5737,"sequence":81,"tick":291,"velocity":[0.0,0.0,3.0],"yaw":0.0},"position":[0.0,0.00100011611357331,8.20000839233398],"time_ms":5751,"wall_ms":1791410635740.82,"yaw":0.0}
S03R {"entity":2,"event":"apply","pose":{"control":1,"durable":2,"entity":2,"position":[6.32163238525391,0.00100005290005356,11.5089797973633],"receipt_ms":5737,"sequence":81,"tick":291,"velocity":[0.0,0.0,0.0],"yaw":-0.575958371162415},"position":[6.32163238525391,0.00100005290005356,11.5089797973633],"time_ms":5751,"wall_ms":1791410635740.88,"yaw":-0.575958371162415}
S03R {"entity":1,"event":"apply","pose":{"control":1,"durable":2,"entity":1,"position":[0.0,0.00100011611357331,8.35000896453857],"receipt_ms":5785,"sequence":83,"tick":294,"velocity":[0.0,0.0,3.0],"yaw":0.0},"position":[0.0,0.00100011611357331,8.35000896453857],"time_ms":5799,"wall_ms":1791410635789.04,"yaw":0.0}
S03R {"entity":2,"event":"apply","pose":{"control":1,"durable":2,"entity":2,"position":[6.32163238525391,0.00100005290005356,11.5089797973633],"receipt_ms":5785,"sequence":82,"tick":294,"velocity":[0.0,0.0,0.0],"yaw":-0.575958371162415},"position":[6.32163238525391,0.00100005290005356,11.5089797973633],"time_ms":5799,"wall_ms":1791410635789.07,"yaw":-0.575958371162415}
S03R {"entity":1,"event":"apply","pose":{"control":1,"durable":2,"entity":1,"position":[0.0,0.00100011611357331,8.50000953674316],"receipt_ms":5834,"sequence":84,"tick":297,"velocity":[0.0,0.0,3.0],"yaw":0.0},"position":[0.0,0.00100011611357331,8.50000953674316],"time_ms":5854,"wall_ms":1791410635844.31,"yaw":0.0}
S03R {"entity":2,"event":"apply","pose":{"control":1,"durable":2,"entity":2,"position":[6.32163238525391,0.00100005290005356,11.5089797973633],"receipt_ms":5834,"sequence":84,"tick":297,"velocity":[0.0,0.0,0.0],"yaw":-0.575958371162415},"position":[6.32163238525391,0.00100005290005356,11.5089797973633],"time_ms":5854,"wall_ms":1791410635844.38,"yaw":-0.575958371162415}
S03R {"entity":1,"event":"apply","pose":{"control":1,"durable":2,"entity":1,"position":[0.0,0.00100011611357331,8.65001010894775],"receipt_ms":5889,"sequence":86,"tick":300,"velocity":[0.0,0.0,3.0],"yaw":0.0},"position":[0.0,0.00100011611357331,8.65001010894775],"time_ms":5902,"wall_ms":1791410635892.56,"yaw":0.0}
S03R {"entity":2,"event":"apply","pose":{"control":1,"durable":2,"entity":2,"position":[6.32163238525391,0.00100005290005356,11.5089797973633],"receipt_ms":5889,"sequence":85,"tick":300,"velocity":[0.0,0.0,0.0],"yaw":-0.575958371162415},"position":[6.32163238525391,0.00100005290005356,11.5089797973633],"time_ms":5902,"wall_ms":1791410635892.62,"yaw":-0.575958371162415}
S03R {"entity":1,"event":"apply","pose":{"control":1,"durable":2,"entity":1,"position":[0.0,0.00100011611357331,8.80001068115234],"receipt_ms":5937,"sequence":87,"tick":303,"velocity":[0.0,0.0,3.0],"yaw":0.0},"position":[0.0,0.00100011611357331,8.80001068115234],"time_ms":5951,"wall_ms":1791410635940.92,"yaw":0.0}
S03R {"entity":2,"event":"apply","pose":{"control":1,"durable":2,"entity":2,"position":[6.32163238525391,0.00100005290005356,11.5089797973633],"receipt_ms":5937,"sequence":87,"tick":303,"velocity":[0.0,0.0,0.0],"yaw":-0.575958371162415},"position":[6.32163238525391,0.00100005290005356,11.5089797973633],"time_ms":5951,"wall_ms":1791410635940.98,"yaw":-0.575958371162415}
S03R {"entity":1,"event":"apply","pose":{"control":1,"durable":2,"entity":1,"position":[0.0,0.00100011611357331,8.95001125335693],"receipt_ms":5986,"sequence":89,"tick":306,"velocity":[0.0,0.0,3.0],"yaw":0.0},"position":[0.0,0.00100011611357331,8.95001125335693],"time_ms":5999,"wall_ms":1791410635989.14,"yaw":0.0}
S03R {"entity":2,"event":"apply","pose":{"control":1,"durable":2,"entity":2,"position":[6.32163238525391,0.00100005290005356,11.5089797973633],"receipt_ms":5986,"sequence":88,"tick":306,"velocity":[0.0,0.0,0.0],"yaw":-0.575958371162415},"position":[6.32163238525391,0.00100005290005356,11.5089797973633],"time_ms":5999,"wall_ms":1791410635989.17,"yaw":-0.575958371162415}
S03R {"event":"input","index":7,"move":1.0,"position":[6.32163238525391,0.00100005290005356,11.5089797973633],"role":"client","sequence_floor":90,"tick":180,"time_ms":6020,"turn":0.0,"wall_ms":1791410636009.91,"yaw":-0.575958371162415}
S03R {"event":"keys","move":1.0,"role":"client","tick":180,"time_ms":6020,"turn":0.0,"wall_ms":1791410636009.95}
S03R {"entity":1,"event":"apply","pose":{"control":1,"durable":2,"entity":1,"position":[0.0,0.00100011611357331,9.0000114440918],"receipt_ms":6034,"sequence":90,"tick":309,"velocity":[0.0,0.0,0.0],"yaw":0.0},"position":[0.0,0.00100011611357331,9.0000114440918],"time_ms":6054,"wall_ms":1791410636044.42,"yaw":0.0}
S03R {"entity":2,"event":"apply","pose":{"control":1,"durable":2,"entity":2,"position":[6.367018699646,0.00100005290005356,11.4390907287598],"receipt_ms":6034,"sequence":90,"tick":309,"velocity":[2.72319293022156,0.0,-4.19335174560547],"yaw":-0.575958371162415},"position":[6.367018699646,0.00100005290005356,11.4390907287598],"time_ms":6054,"wall_ms":1791410636044.48,"yaw":-0.575958371162415}
S03R {"entity":1,"event":"apply","pose":{"control":1,"durable":2,"entity":1,"position":[0.0,0.00100011611357331,9.0000114440918],"receipt_ms":6096,"sequence":92,"tick":312,"velocity":[0.0,0.0,0.0],"yaw":0.0},"position":[0.0,0.00100011611357331,9.0000114440918],"time_ms":6102,"wall_ms":1791410636092.67,"yaw":0.0}
S03R {"entity":2,"event":"apply","pose":{"control":1,"durable":2,"entity":2,"position":[6.50317764282227,0.00100005290005356,11.2294235229492],"receipt_ms":6096,"sequence":91,"tick":312,"velocity":[2.72319293022156,0.0,-4.19335174560547],"yaw":-0.575958371162415},"position":[6.50317764282227,0.00100005290005356,11.2294235229492],"time_ms":6103,"wall_ms":1791410636092.73,"yaw":-0.575958371162415}
S03R {"entity":1,"event":"apply","pose":{"control":1,"durable":2,"entity":1,"position":[0.0,0.00100011611357331,9.0000114440918],"receipt_ms":6137,"sequence":93,"tick":315,"velocity":[0.0,0.0,0.0],"yaw":0.0},"position":[0.0,0.00100011611357331,9.0000114440918],"time_ms":6151,"wall_ms":1791410636141.02,"yaw":0.0}
S03R {"entity":2,"event":"apply","pose":{"control":1,"durable":2,"entity":2,"position":[6.63933658599854,0.00100005290005356,11.0197563171387],"receipt_ms":6137,"sequence":93,"tick":315,"velocity":[2.72319293022156,0.0,-4.19335174560547],"yaw":-0.575958371162415},"position":[6.63933658599854,0.00100005290005356,11.0197563171387],"time_ms":6151,"wall_ms":1791410636141.09,"yaw":-0.575958371162415}
S03R {"entity":1,"event":"apply","pose":{"control":1,"durable":2,"entity":1,"position":[0.0,0.00100011611357331,9.0000114440918],"receipt_ms":6186,"sequence":95,"tick":318,"velocity":[0.0,0.0,0.0],"yaw":0.0},"position":[0.0,0.00100011611357331,9.0000114440918],"time_ms":6199,"wall_ms":1791410636189.29,"yaw":0.0}
S03R {"entity":2,"event":"apply","pose":{"control":1,"durable":2,"entity":2,"position":[6.7754955291748,0.00100005290005356,10.8100891113281],"receipt_ms":6186,"sequence":94,"tick":318,"velocity":[2.72319293022156,0.0,-4.19335174560547],"yaw":-0.575958371162415},"position":[6.7754955291748,0.00100005290005356,10.8100891113281],"time_ms":6199,"wall_ms":1791410636189.37,"yaw":-0.575958371162415}
S03R {"event":"keys","move":0.0,"role":"client","tick":192,"time_ms":6220,"turn":0.0,"wall_ms":1791410636210.0}
S03R {"entity":1,"event":"apply","pose":{"control":1,"durable":2,"entity":1,"position":[0.0,0.00100011611357331,9.0000114440918],"receipt_ms":6240,"sequence":96,"tick":321,"velocity":[0.0,0.0,0.0],"yaw":0.0},"position":[0.0,0.00100011611357331,9.0000114440918],"time_ms":6254,"wall_ms":1791410636244.51,"yaw":0.0}
S03R {"entity":2,"event":"apply","pose":{"control":1,"durable":2,"entity":2,"position":[6.86626815795898,0.00100005290005356,10.6703109741211],"receipt_ms":6240,"sequence":96,"tick":321,"velocity":[0.0,0.0,0.0],"yaw":-0.575958371162415},"position":[6.86626815795898,0.00100005290005356,10.6703109741211],"time_ms":6254,"wall_ms":1791410636244.57,"yaw":-0.575958371162415}
S03R {"entity":1,"event":"apply","pose":{"control":1,"durable":2,"entity":1,"position":[0.0,0.00100011611357331,9.0000114440918],"receipt_ms":6289,"sequence":98,"tick":324,"velocity":[0.0,0.0,0.0],"yaw":0.0},"position":[0.0,0.00100011611357331,9.0000114440918],"time_ms":6303,"wall_ms":1791410636292.77,"yaw":0.0}
S03R {"entity":2,"event":"apply","pose":{"control":1,"durable":2,"entity":2,"position":[6.86626815795898,0.00100005290005356,10.6703109741211],"receipt_ms":6289,"sequence":97,"tick":324,"velocity":[0.0,0.0,0.0],"yaw":-0.575958371162415},"position":[6.86626815795898,0.00100005290005356,10.6703109741211],"time_ms":6303,"wall_ms":1791410636292.83,"yaw":-0.575958371162415}
S03R {"entity":1,"event":"apply","pose":{"control":1,"durable":2,"entity":1,"position":[0.0,0.00100011611357331,9.0000114440918],"receipt_ms":6338,"sequence":99,"tick":327,"velocity":[0.0,0.0,0.0],"yaw":0.0},"position":[0.0,0.00100011611357331,9.0000114440918],"time_ms":6351,"wall_ms":1791410636341.11,"yaw":0.0}
S03R {"entity":2,"event":"apply","pose":{"control":1,"durable":2,"entity":2,"position":[6.86626815795898,0.00100005290005356,10.6703109741211],"receipt_ms":6338,"sequence":99,"tick":327,"velocity":[0.0,0.0,0.0],"yaw":-0.575958371162415},"position":[6.86626815795898,0.00100005290005356,10.6703109741211],"time_ms":6351,"wall_ms":1791410636341.16,"yaw":-0.575958371162415}
S03R {"entity":1,"event":"apply","pose":{"control":1,"durable":2,"entity":1,"position":[0.0,0.00100011611357331,9.0000114440918],"receipt_ms":6386,"sequence":101,"tick":330,"velocity":[0.0,0.0,0.0],"yaw":0.0},"position":[0.0,0.00100011611357331,9.0000114440918],"time_ms":6399,"wall_ms":1791410636389.38,"yaw":0.0}
S03R {"entity":2,"event":"apply","pose":{"control":1,"durable":2,"entity":2,"position":[6.86626815795898,0.00100005290005356,10.6703109741211],"receipt_ms":6386,"sequence":100,"tick":330,"velocity":[0.0,0.0,0.0],"yaw":-0.575958371162415},"position":[6.86626815795898,0.00100005290005356,10.6703109741211],"time_ms":6399,"wall_ms":1791410636389.44,"yaw":-0.575958371162415}
S03R {"entity":1,"event":"apply","pose":{"control":1,"durable":2,"entity":1,"position":[0.0,0.00100011611357331,9.0000114440918],"receipt_ms":6434,"sequence":102,"tick":333,"velocity":[0.0,0.0,0.0],"yaw":0.0},"position":[0.0,0.00100011611357331,9.0000114440918],"time_ms":6454,"wall_ms":1791410636444.61,"yaw":0.0}
S03R {"entity":2,"event":"apply","pose":{"control":1,"durable":2,"entity":2,"position":[6.86626815795898,0.00100005290005356,10.6703109741211],"receipt_ms":6434,"sequence":102,"tick":333,"velocity":[0.0,0.0,0.0],"yaw":-0.575958371162415},"position":[6.86626815795898,0.00100005290005356,10.6703109741211],"time_ms":6454,"wall_ms":1791410636444.67,"yaw":-0.575958371162415}
S03R {"entity":1,"event":"apply","pose":{"control":1,"durable":2,"entity":1,"position":[0.0,0.00100011611357331,9.0000114440918],"receipt_ms":6489,"sequence":104,"tick":336,"velocity":[0.0,0.0,0.0],"yaw":0.0},"position":[0.0,0.00100011611357331,9.0000114440918],"time_ms":6503,"wall_ms":1791410636492.85,"yaw":0.0}
S03R {"entity":2,"event":"apply","pose":{"control":1,"durable":2,"entity":2,"position":[6.86626815795898,0.00100005290005356,10.6703109741211],"receipt_ms":6489,"sequence":103,"tick":336,"velocity":[0.0,0.0,0.0],"yaw":-0.575958371162415},"position":[6.86626815795898,0.00100005290005356,10.6703109741211],"time_ms":6503,"wall_ms":1791410636492.88,"yaw":-0.575958371162415}
S03R {"event":"input","index":8,"move":0.0,"position":[6.86626815795898,0.00100005290005356,10.6703109741211],"role":"client","sequence_floor":105,"tick":210,"time_ms":6516,"turn":-1.0,"wall_ms":1791410636506.68,"yaw":-0.575958371162415}
S03R {"event":"keys","move":0.0,"role":"client","tick":210,"time_ms":6516,"turn":-1.0,"wall_ms":1791410636506.7}
S03R {"entity":1,"event":"apply","pose":{"control":1,"durable":2,"entity":1,"position":[0.0,0.00100011611357331,9.0000114440918],"receipt_ms":6544,"sequence":105,"tick":339,"velocity":[0.0,0.0,0.0],"yaw":0.0},"position":[0.0,0.00100011611357331,9.0000114440918],"time_ms":6551,"wall_ms":1791410636541.24,"yaw":0.0}
S03R {"entity":2,"event":"apply","pose":{"control":1,"durable":2,"entity":2,"position":[6.86626815795898,0.00100005290005356,10.6703109741211],"receipt_ms":6544,"sequence":105,"tick":339,"velocity":[0.0,0.0,0.0],"yaw":-0.523598492145538},"position":[6.86626815795898,0.00100005290005356,10.6703109741211],"time_ms":6551,"wall_ms":1791410636541.31,"yaw":-0.523598492145538}
S03R {"entity":1,"event":"apply","pose":{"control":1,"durable":2,"entity":1,"position":[0.0,0.00100011611357331,9.0000114440918],"receipt_ms":6592,"sequence":107,"tick":342,"velocity":[0.0,0.0,0.0],"yaw":0.0},"position":[0.0,0.00100011611357331,9.0000114440918],"time_ms":6599,"wall_ms":1791410636589.48,"yaw":0.0}
S03R {"entity":2,"event":"apply","pose":{"control":1,"durable":2,"entity":2,"position":[6.86626815795898,0.00100005290005356,10.6703109741211],"receipt_ms":6592,"sequence":106,"tick":342,"velocity":[0.0,0.0,0.0],"yaw":-0.366518884897232},"position":[6.86626815795898,0.00100005290005356,10.6703109741211],"time_ms":6599,"wall_ms":1791410636589.54,"yaw":-0.366518884897232}
S03R {"entity":1,"event":"apply","pose":{"control":1,"durable":2,"entity":1,"position":[0.0,0.00100011611357331,9.0000114440918],"receipt_ms":6634,"sequence":108,"tick":345,"velocity":[0.0,0.0,0.0],"yaw":0.0},"position":[0.0,0.00100011611357331,9.0000114440918],"time_ms":6655,"wall_ms":1791410636644.73,"yaw":0.0}
S03R {"entity":2,"event":"apply","pose":{"control":1,"durable":2,"entity":2,"position":[6.86626815795898,0.00100005290005356,10.6703109741211],"receipt_ms":6634,"sequence":108,"tick":345,"velocity":[0.0,0.0,0.0],"yaw":-0.209439247846603},"position":[6.86626815795898,0.00100005290005356,10.6703109741211],"time_ms":6655,"wall_ms":1791410636644.78,"yaw":-0.209439247846603}
S03R {"entity":1,"event":"apply","pose":{"control":1,"durable":2,"entity":1,"position":[0.0,0.00100011611357331,9.0000114440918],"receipt_ms":6696,"sequence":110,"tick":348,"velocity":[0.0,0.0,0.0],"yaw":0.0},"position":[0.0,0.00100011611357331,9.0000114440918],"time_ms":6703,"wall_ms":1791410636692.98,"yaw":0.0}
S03R {"entity":2,"event":"apply","pose":{"control":1,"durable":2,"entity":2,"position":[6.86626815795898,0.00100005290005356,10.6703109741211],"receipt_ms":6696,"sequence":109,"tick":348,"velocity":[0.0,0.0,0.0],"yaw":-0.0523596256971359},"position":[6.86626815795898,0.00100005290005356,10.6703109741211],"time_ms":6703,"wall_ms":1791410636693.05,"yaw":-0.0523596256971359}
S03R {"event":"keys","move":0.0,"role":"client","tick":222,"time_ms":6717,"turn":0.0,"wall_ms":1791410636706.8}
S03R {"entity":1,"event":"apply","pose":{"control":1,"durable":2,"entity":1,"position":[0.0,0.00100011611357331,9.0000114440918],"receipt_ms":6738,"sequence":111,"tick":351,"velocity":[0.0,0.0,0.0],"yaw":0.0},"position":[0.0,0.00100011611357331,9.0000114440918],"time_ms":6751,"wall_ms":1791410636741.33,"yaw":0.0}
S03R {"entity":2,"event":"apply","pose":{"control":1,"durable":2,"entity":2,"position":[6.86626815795898,0.00100005290005356,10.6703109741211],"receipt_ms":6738,"sequence":111,"tick":351,"velocity":[0.0,0.0,0.0],"yaw":0.0523601360619068},"position":[6.86626815795898,0.00100005290005356,10.6703109741211],"time_ms":6751,"wall_ms":1791410636741.39,"yaw":0.0523601360619068}
S03R {"entity":1,"event":"apply","pose":{"control":1,"durable":2,"entity":1,"position":[0.0,0.00100011611357331,9.0000114440918],"receipt_ms":6786,"sequence":113,"tick":354,"velocity":[0.0,0.0,0.0],"yaw":0.0},"position":[0.0,0.00100011611357331,9.0000114440918],"time_ms":6799,"wall_ms":1791410636789.59,"yaw":0.0}
S03R {"entity":2,"event":"apply","pose":{"control":1,"durable":2,"entity":2,"position":[6.86626815795898,0.00100005290005356,10.6703109741211],"receipt_ms":6786,"sequence":112,"tick":354,"velocity":[0.0,0.0,0.0],"yaw":0.0523601472377777},"position":[6.86626815795898,0.00100005290005356,10.6703109741211],"time_ms":6799,"wall_ms":1791410636789.65,"yaw":0.0523601472377777}
S03R {"entity":1,"event":"apply","pose":{"control":1,"durable":2,"entity":1,"position":[0.0,0.00100011611357331,9.0000114440918],"receipt_ms":6834,"sequence":114,"tick":357,"velocity":[0.0,0.0,0.0],"yaw":0.0},"position":[0.0,0.00100011611357331,9.0000114440918],"time_ms":6855,"wall_ms":1791410636844.81,"yaw":0.0}
S03R {"entity":2,"event":"apply","pose":{"control":1,"durable":2,"entity":2,"position":[6.86626815795898,0.00100005290005356,10.6703109741211],"receipt_ms":6834,"sequence":114,"tick":357,"velocity":[0.0,0.0,0.0],"yaw":0.0523601584136486},"position":[6.86626815795898,0.00100005290005356,10.6703109741211],"time_ms":6855,"wall_ms":1791410636844.86,"yaw":0.0523601584136486}
S03R {"entity":1,"event":"apply","pose":{"control":1,"durable":2,"entity":1,"position":[0.0,0.00100011611357331,9.0000114440918],"receipt_ms":6889,"sequence":116,"tick":360,"velocity":[0.0,0.0,0.0],"yaw":0.0},"position":[0.0,0.00100011611357331,9.0000114440918],"time_ms":6903,"wall_ms":1791410636893.07,"yaw":0.0}
S03R {"entity":2,"event":"apply","pose":{"control":1,"durable":2,"entity":2,"position":[6.86626815795898,0.00100005290005356,10.6703109741211],"receipt_ms":6889,"sequence":115,"tick":360,"velocity":[0.0,0.0,0.0],"yaw":0.0523601695895195},"position":[6.86626815795898,0.00100005290005356,10.6703109741211],"time_ms":6903,"wall_ms":1791410636893.11,"yaw":0.0523601695895195}
S03R {"entity":1,"event":"apply","pose":{"control":1,"durable":2,"entity":1,"position":[0.0,0.00100011611357331,9.0000114440918],"receipt_ms":6944,"sequence":117,"tick":363,"velocity":[0.0,0.0,0.0],"yaw":0.0},"position":[0.0,0.00100011611357331,9.0000114440918],"time_ms":6951,"wall_ms":1791410636941.39,"yaw":0.0}
S03R {"entity":2,"event":"apply","pose":{"control":1,"durable":2,"entity":2,"position":[6.86626815795898,0.00100005290005356,10.6703109741211],"receipt_ms":6944,"sequence":117,"tick":363,"velocity":[0.0,0.0,0.0],"yaw":0.0523601807653904},"position":[6.86626815795898,0.00100005290005356,10.6703109741211],"time_ms":6951,"wall_ms":1791410636941.42,"yaw":0.0523601807653904}
S03R {"entity":1,"event":"apply","pose":{"control":1,"durable":2,"entity":1,"position":[0.0,0.00100011611357331,9.0000114440918],"receipt_ms":6986,"sequence":119,"tick":366,"velocity":[0.0,0.0,0.0],"yaw":0.0},"position":[0.0,0.00100011611357331,9.0000114440918],"time_ms":6999,"wall_ms":1791410636989.66,"yaw":0.0}
S03R {"entity":2,"event":"apply","pose":{"control":1,"durable":2,"entity":2,"position":[6.86626815795898,0.00100005290005356,10.6703109741211],"receipt_ms":6986,"sequence":118,"tick":366,"velocity":[0.0,0.0,0.0],"yaw":0.0523601919412613},"position":[6.86626815795898,0.00100005290005356,10.6703109741211],"time_ms":6999,"wall_ms":1791410636989.69,"yaw":0.0523601919412613}
S03R {"event":"input","index":9,"move":1.0,"position":[6.86626815795898,0.00100005290005356,10.6703109741211],"role":"client","sequence_floor":120,"tick":240,"time_ms":7020,"turn":0.0,"wall_ms":1791410637010.42,"yaw":0.0523601919412613}
S03R {"event":"keys","move":1.0,"role":"client","tick":240,"time_ms":7020,"turn":0.0,"wall_ms":1791410637010.46}
S03R {"entity":1,"event":"apply","pose":{"control":1,"durable":2,"entity":1,"position":[0.0,0.00100011611357331,9.0000114440918],"receipt_ms":7034,"sequence":120,"tick":369,"velocity":[0.0,0.0,0.0],"yaw":0.0},"position":[0.0,0.00100011611357331,9.0000114440918],"time_ms":7055,"wall_ms":1791410637044.95,"yaw":0.0}
S03R {"entity":2,"event":"apply","pose":{"control":1,"durable":2,"entity":2,"position":[6.86190700531006,0.00100005290005356,10.5870914459229],"receipt_ms":7034,"sequence":120,"tick":369,"velocity":[-0.261681199073792,0.0,-4.99314403533936],"yaw":0.0523602031171322},"position":[6.86190700531006,0.00100005290005356,10.5870914459229],"time_ms":7055,"wall_ms":1791410637045.01,"yaw":0.0523602031171322}
S03R {"entity":1,"event":"apply","pose":{"control":1,"durable":2,"entity":1,"position":[0.0,0.00100011611357331,9.0000114440918],"receipt_ms":7089,"sequence":122,"tick":372,"velocity":[0.0,0.0,0.0],"yaw":0.0},"position":[0.0,0.00100011611357331,9.0000114440918],"time_ms":7103,"wall_ms":1791410637093.19,"yaw":0.0}
S03R {"entity":2,"event":"apply","pose":{"control":1,"durable":2,"entity":2,"position":[6.84882354736328,0.00100005290005356,10.3374328613281],"receipt_ms":7089,"sequence":121,"tick":372,"velocity":[-0.261681258678436,0.0,-4.99314403533936],"yaw":0.0523602142930031},"position":[6.84882354736328,0.00100005290005356,10.3374328613281],"time_ms":7103,"wall_ms":1791410637093.24,"yaw":0.0523602142930031}
S03R {"entity":1,"event":"apply","pose":{"control":1,"durable":2,"entity":1,"position":[0.0,0.00100011611357331,9.0000114440918],"receipt_ms":7138,"sequence":123,"tick":375,"velocity":[0.0,0.0,0.0],"yaw":0.0},"position":[0.0,0.00100011611357331,9.0000114440918],"time_ms":7151,"wall_ms":1791410637141.54,"yaw":0.0}
S03R {"entity":2,"event":"apply","pose":{"control":1,"durable":2,"entity":2,"position":[6.8357400894165,0.00100005290005356,10.0877742767334],"receipt_ms":7138,"sequence":123,"tick":375,"velocity":[-0.261681318283081,0.0,-4.99314403533936],"yaw":0.052360225468874},"position":[6.8357400894165,0.00100005290005356,10.0877742767334],"time_ms":7151,"wall_ms":1791410637141.59,"yaw":0.052360225468874}
S03R {"entity":1,"event":"apply","pose":{"control":1,"durable":2,"entity":1,"position":[0.0,0.00100011611357331,9.0000114440918],"receipt_ms":7186,"sequence":125,"tick":378,"velocity":[0.0,0.0,0.0],"yaw":0.0},"position":[0.0,0.00100011611357331,9.0000114440918],"time_ms":7200,"wall_ms":1791410637189.8,"yaw":0.0}
S03R {"entity":2,"event":"apply","pose":{"control":1,"durable":2,"entity":2,"position":[6.82265663146973,0.00100005290005356,9.83811569213867],"receipt_ms":7186,"sequence":124,"tick":378,"velocity":[-0.261681377887726,0.0,-4.99314403533936],"yaw":0.0523602366447449},"position":[6.82265663146973,0.00100005290005356,9.83811569213867],"time_ms":7200,"wall_ms":1791410637189.86,"yaw":0.0523602366447449}
S03R {"event":"keys","move":0.0,"role":"client","tick":252,"time_ms":7220,"turn":0.0,"wall_ms":1791410637210.52}
S03R {"entity":1,"event":"apply","pose":{"control":1,"durable":2,"entity":1,"position":[0.0,0.00100011611357331,9.0000114440918],"receipt_ms":7241,"sequence":126,"tick":381,"velocity":[0.0,0.0,0.0],"yaw":0.0},"position":[0.0,0.00100011611357331,9.0000114440918],"time_ms":7255,"wall_ms":1791410637245.04,"yaw":0.0}
S03R {"entity":2,"event":"apply","pose":{"control":1,"durable":2,"entity":2,"position":[6.81393432617188,0.00100005290005356,9.67167663574219],"receipt_ms":7241,"sequence":126,"tick":381,"velocity":[0.0,0.0,0.0],"yaw":0.0523602478206158},"position":[6.81393432617188,0.00100005290005356,9.67167663574219],"time_ms":7255,"wall_ms":1791410637245.11,"yaw":0.0523602478206158}
S03R {"entity":1,"event":"apply","pose":{"control":1,"durable":2,"entity":1,"position":[0.0,0.00100011611357331,9.0000114440918],"receipt_ms":7289,"sequence":128,"tick":384,"velocity":[0.0,0.0,0.0],"yaw":0.0},"position":[0.0,0.00100011611357331,9.0000114440918],"time_ms":7303,"wall_ms":1791410637293.3,"yaw":0.0}
S03R {"entity":2,"event":"apply","pose":{"control":1,"durable":2,"entity":2,"position":[6.81393432617188,0.00100005290005356,9.67167663574219],"receipt_ms":7289,"sequence":127,"tick":384,"velocity":[0.0,0.0,0.0],"yaw":0.0523602589964867},"position":[6.81393432617188,0.00100005290005356,9.67167663574219],"time_ms":7303,"wall_ms":1791410637293.36,"yaw":0.0523602589964867}
S03R {"entity":1,"event":"apply","pose":{"control":1,"durable":2,"entity":1,"position":[0.0,0.00100011611357331,9.0000114440918],"receipt_ms":7338,"sequence":129,"tick":387,"velocity":[0.0,0.0,0.0],"yaw":0.0},"position":[0.0,0.00100011611357331,9.0000114440918],"time_ms":7351,"wall_ms":1791410637341.59,"yaw":0.0}
S03R {"entity":2,"event":"apply","pose":{"control":1,"durable":2,"entity":2,"position":[6.81393432617188,0.00100005290005356,9.67167663574219],"receipt_ms":7338,"sequence":129,"tick":387,"velocity":[0.0,0.0,0.0],"yaw":0.0523602701723576},"position":[6.81393432617188,0.00100005290005356,9.67167663574219],"time_ms":7351,"wall_ms":1791410637341.62,"yaw":0.0523602701723576}
S03R {"entity":1,"event":"apply","pose":{"control":1,"durable":2,"entity":1,"position":[0.0,0.00100011611357331,9.0000114440918],"receipt_ms":7386,"sequence":131,"tick":390,"velocity":[0.0,0.0,0.0],"yaw":0.0},"position":[0.0,0.00100011611357331,9.0000114440918],"time_ms":7400,"wall_ms":1791410637389.89,"yaw":0.0}
S03R {"entity":2,"event":"apply","pose":{"control":1,"durable":2,"entity":2,"position":[6.81393432617188,0.00100005290005356,9.67167663574219],"receipt_ms":7386,"sequence":130,"tick":390,"velocity":[0.0,0.0,0.0],"yaw":0.0523602813482285},"position":[6.81393432617188,0.00100005290005356,9.67167663574219],"time_ms":7400,"wall_ms":1791410637389.95,"yaw":0.0523602813482285}
S03R {"entity":1,"event":"apply","pose":{"control":1,"durable":2,"entity":1,"position":[0.0,0.00100011611357331,9.0000114440918],"receipt_ms":7435,"sequence":132,"tick":393,"velocity":[0.0,0.0,0.0],"yaw":0.0},"position":[0.0,0.00100011611357331,9.0000114440918],"time_ms":7455,"wall_ms":1791410637445.14,"yaw":0.0}
S03R {"entity":2,"event":"apply","pose":{"control":1,"durable":2,"entity":2,"position":[6.81393432617188,0.00100005290005356,9.67167663574219],"receipt_ms":7435,"sequence":132,"tick":393,"velocity":[0.0,0.0,0.0],"yaw":0.0523602925240993},"position":[6.81393432617188,0.00100005290005356,9.67167663574219],"time_ms":7455,"wall_ms":1791410637445.2,"yaw":0.0523602925240993}
S03R {"entity":1,"event":"apply","pose":{"control":1,"durable":2,"entity":1,"position":[0.0,0.00100011611357331,9.0000114440918],"receipt_ms":7489,"sequence":134,"tick":396,"velocity":[0.0,0.0,0.0],"yaw":0.0},"position":[0.0,0.00100011611357331,9.0000114440918],"time_ms":7503,"wall_ms":1791410637493.38,"yaw":0.0}
S03R {"entity":2,"event":"apply","pose":{"control":1,"durable":2,"entity":2,"position":[6.81393432617188,0.00100005290005356,9.67167663574219],"receipt_ms":7489,"sequence":133,"tick":396,"velocity":[0.0,0.0,0.0],"yaw":0.0523603036999702},"position":[6.81393432617188,0.00100005290005356,9.67167663574219],"time_ms":7503,"wall_ms":1791410637493.43,"yaw":0.0523603036999702}
S03R {"event":"input","index":10,"move":0.0,"position":[6.81393432617188,0.00100005290005356,9.67167663574219],"role":"client","sequence_floor":135,"tick":270,"time_ms":7517,"turn":1.0,"wall_ms":1791410637507.24,"yaw":0.0523603036999702}
S03R {"event":"keys","move":0.0,"role":"client","tick":270,"time_ms":7517,"turn":1.0,"wall_ms":1791410637507.29}
S03R {"entity":1,"event":"apply","pose":{"control":1,"durable":2,"entity":1,"position":[0.0,0.00100011611357331,9.0000114440918],"receipt_ms":7538,"sequence":135,"tick":399,"velocity":[0.0,0.0,0.0],"yaw":0.0},"position":[0.0,0.00100011611357331,9.0000114440918],"time_ms":7552,"wall_ms":1791410637541.76,"yaw":0.0}
S03R {"entity":2,"event":"apply","pose":{"control":1,"durable":2,"entity":2,"position":[6.81393432617188,0.00100005290005356,9.67167663574219],"receipt_ms":7538,"sequence":135,"tick":399,"velocity":[0.0,0.0,0.0],"yaw":0.000000433590713555532},"position":[6.81393432617188,0.00100005290005356,9.67167663574219],"time_ms":7552,"wall_ms":1791410637541.82,"yaw":0.000000433590713555532}
S03R {"entity":1,"event":"apply","pose":{"control":1,"durable":2,"entity":1,"position":[0.0,0.00100011611357331,9.0000114440918],"receipt_ms":7586,"sequence":137,"tick":402,"velocity":[0.0,0.0,0.0],"yaw":0.0},"position":[0.0,0.00100011611357331,9.0000114440918],"time_ms":7600,"wall_ms":1791410637590.0,"yaw":0.0}
S03R {"entity":2,"event":"apply","pose":{"control":1,"durable":2,"entity":2,"position":[6.81393432617188,0.00100005290005356,9.67167663574219],"receipt_ms":7586,"sequence":136,"tick":402,"velocity":[0.0,0.0,0.0],"yaw":-0.157079204916954},"position":[6.81393432617188,0.00100005290005356,9.67167663574219],"time_ms":7600,"wall_ms":1791410637590.06,"yaw":-0.157079204916954}
S03R {"entity":1,"event":"apply","pose":{"control":1,"durable":2,"entity":1,"position":[0.0,0.00100011611357331,9.0000114440918],"receipt_ms":7635,"sequence":138,"tick":405,"velocity":[0.0,0.0,0.0],"yaw":0.0},"position":[0.0,0.00100011611357331,9.0000114440918],"time_ms":7655,"wall_ms":1791410637645.25,"yaw":0.0}
S03R {"entity":2,"event":"apply","pose":{"control":1,"durable":2,"entity":2,"position":[6.81393432617188,0.00100005290005356,9.67167663574219],"receipt_ms":7635,"sequence":138,"tick":405,"velocity":[0.0,0.0,0.0],"yaw":-0.314158856868744},"position":[6.81393432617188,0.00100005290005356,9.67167663574219],"time_ms":7655,"wall_ms":1791410637645.31,"yaw":-0.314158856868744}
S03R {"entity":1,"event":"apply","pose":{"control":1,"durable":2,"entity":1,"position":[0.0,0.00100011611357331,9.0000114440918],"receipt_ms":7683,"sequence":140,"tick":408,"velocity":[0.0,0.0,0.0],"yaw":0.0},"position":[0.0,0.00100011611357331,9.0000114440918],"time_ms":7703,"wall_ms":1791410637693.5,"yaw":0.0}
S03R {"entity":2,"event":"apply","pose":{"control":1,"durable":2,"entity":2,"position":[6.81393432617188,0.00100005290005356,9.67167663574219],"receipt_ms":7683,"sequence":139,"tick":408,"velocity":[0.0,0.0,0.0],"yaw":-0.471238553524017},"position":[6.81393432617188,0.00100005290005356,9.67167663574219],"time_ms":7703,"wall_ms":1791410637693.56,"yaw":-0.471238553524017}
S03R {"event":"keys","move":0.0,"role":"client","tick":282,"time_ms":7717,"turn":0.0,"wall_ms":1791410637707.3}
S03R {"entity":1,"event":"apply","pose":{"control":1,"durable":2,"entity":1,"position":[0.0,0.00100011611357331,9.0000114440918],"receipt_ms":7738,"sequence":141,"tick":411,"velocity":[0.0,0.0,0.0],"yaw":0.0},"position":[0.0,0.00100011611357331,9.0000114440918],"time_ms":7752,"wall_ms":1791410637741.86,"yaw":0.0}
S03R {"entity":2,"event":"apply","pose":{"control":1,"durable":2,"entity":2,"position":[6.81393432617188,0.00100005290005356,9.67167663574219],"receipt_ms":7738,"sequence":141,"tick":411,"velocity":[0.0,0.0,0.0],"yaw":-0.57595831155777},"position":[6.81393432617188,0.00100005290005356,9.67167663574219],"time_ms":7752,"wall_ms":1791410637741.92,"yaw":-0.57595831155777}
S03R {"entity":1,"event":"apply","pose":{"control":1,"durable":2,"entity":1,"position":[0.0,0.00100011611357331,9.0000114440918],"receipt_ms":7787,"sequence":143,"tick":414,"velocity":[0.0,0.0,0.0],"yaw":0.0},"position":[0.0,0.00100011611357331,9.0000114440918],"time_ms":7800,"wall_ms":1791410637790.1,"yaw":0.0}
S03R {"entity":2,"event":"apply","pose":{"control":1,"durable":2,"entity":2,"position":[6.81393432617188,0.00100005290005356,9.67167663574219],"receipt_ms":7787,"sequence":142,"tick":414,"velocity":[0.0,0.0,0.0],"yaw":-0.57595831155777},"position":[6.81393432617188,0.00100005290005356,9.67167663574219],"time_ms":7800,"wall_ms":1791410637790.16,"yaw":-0.57595831155777}
S03R {"entity":1,"event":"apply","pose":{"control":1,"durable":2,"entity":1,"position":[0.0,0.00100011611357331,9.0000114440918],"receipt_ms":7835,"sequence":144,"tick":417,"velocity":[0.0,0.0,0.0],"yaw":0.0},"position":[0.0,0.00100011611357331,9.0000114440918],"time_ms":7855,"wall_ms":1791410637845.36,"yaw":0.0}
S03R {"entity":2,"event":"apply","pose":{"control":1,"durable":2,"entity":2,"position":[6.81393432617188,0.00100005290005356,9.67167663574219],"receipt_ms":7835,"sequence":144,"tick":417,"velocity":[0.0,0.0,0.0],"yaw":-0.57595831155777},"position":[6.81393432617188,0.00100005290005356,9.67167663574219],"time_ms":7855,"wall_ms":1791410637845.42,"yaw":-0.57595831155777}
S03R {"entity":1,"event":"apply","pose":{"control":1,"durable":2,"entity":1,"position":[0.0,0.00100011611357331,9.0000114440918],"receipt_ms":7890,"sequence":146,"tick":420,"velocity":[0.0,0.0,0.0],"yaw":0.0},"position":[0.0,0.00100011611357331,9.0000114440918],"time_ms":7903,"wall_ms":1791410637893.62,"yaw":0.0}
S03R {"entity":2,"event":"apply","pose":{"control":1,"durable":2,"entity":2,"position":[6.81393432617188,0.00100005290005356,9.67167663574219],"receipt_ms":7890,"sequence":145,"tick":420,"velocity":[0.0,0.0,0.0],"yaw":-0.57595831155777},"position":[6.81393432617188,0.00100005290005356,9.67167663574219],"time_ms":7903,"wall_ms":1791410637893.68,"yaw":-0.57595831155777}
S03R {"entity":1,"event":"apply","pose":{"control":1,"durable":2,"entity":1,"position":[0.0,0.00100011611357331,9.0000114440918],"receipt_ms":7938,"sequence":147,"tick":423,"velocity":[0.0,0.0,0.0],"yaw":0.0},"position":[0.0,0.00100011611357331,9.0000114440918],"time_ms":7952,"wall_ms":1791410637941.96,"yaw":0.0}
S03R {"entity":2,"event":"apply","pose":{"control":1,"durable":2,"entity":2,"position":[6.81393432617188,0.00100005290005356,9.67167663574219],"receipt_ms":7938,"sequence":147,"tick":423,"velocity":[0.0,0.0,0.0],"yaw":-0.57595831155777},"position":[6.81393432617188,0.00100005290005356,9.67167663574219],"time_ms":7952,"wall_ms":1791410637942.01,"yaw":-0.57595831155777}
S03R {"entity":1,"event":"apply","pose":{"control":1,"durable":2,"entity":1,"position":[0.0,0.00100011611357331,9.0000114440918],"receipt_ms":7987,"sequence":149,"tick":426,"velocity":[0.0,0.0,0.0],"yaw":0.0},"position":[0.0,0.00100011611357331,9.0000114440918],"time_ms":8000,"wall_ms":1791410637990.18,"yaw":0.0}
S03R {"entity":2,"event":"apply","pose":{"control":1,"durable":2,"entity":2,"position":[6.81393432617188,0.00100005290005356,9.67167663574219],"receipt_ms":7987,"sequence":148,"tick":426,"velocity":[0.0,0.0,0.0],"yaw":-0.57595831155777},"position":[6.81393432617188,0.00100005290005356,9.67167663574219],"time_ms":8000,"wall_ms":1791410637990.22,"yaw":-0.57595831155777}
S03R {"event":"input","index":11,"move":1.0,"position":[6.81393432617188,0.00100005290005356,9.67167663574219],"role":"client","sequence_floor":150,"tick":300,"time_ms":8021,"turn":0.0,"wall_ms":1791410638010.92,"yaw":-0.57595831155777}
S03R {"event":"keys","move":1.0,"role":"client","tick":300,"time_ms":8021,"turn":0.0,"wall_ms":1791410638010.94}
S03R {"entity":1,"event":"apply","pose":{"control":1,"durable":2,"entity":1,"position":[0.0,0.00100011611357331,9.0000114440918],"receipt_ms":8035,"sequence":150,"tick":429,"velocity":[0.0,0.0,0.0],"yaw":0.0},"position":[0.0,0.00100011611357331,9.0000114440918],"time_ms":8055,"wall_ms":1791410638045.48,"yaw":0.0}
S03R {"entity":2,"event":"apply","pose":{"control":1,"durable":2,"entity":2,"position":[6.85932064056396,0.00100005290005356,9.60178756713867],"receipt_ms":8035,"sequence":150,"tick":429,"velocity":[2.72319102287292,0.0,-4.19334936141968],"yaw":-0.57595831155777},"position":[6.85932064056396,0.00100005290005356,9.60178756713867],"time_ms":8055,"wall_ms":1791410638045.54,"yaw":-0.57595831155777}
S03R {"entity":1,"event":"apply","pose":{"control":1,"durable":2,"entity":1,"position":[0.0,0.00100011611357331,9.0000114440918],"receipt_ms":8083,"sequence":152,"tick":432,"velocity":[0.0,0.0,0.0],"yaw":0.0},"position":[0.0,0.00100011611357331,9.0000114440918],"time_ms":8103,"wall_ms":1791410638093.72,"yaw":0.0}
S03R {"entity":2,"event":"apply","pose":{"control":1,"durable":2,"entity":2,"position":[6.99547958374023,0.00100005290005356,9.39212036132812],"receipt_ms":8083,"sequence":151,"tick":432,"velocity":[2.72319102287292,0.0,-4.19334936141968],"yaw":-0.57595831155777},"position":[6.99547958374023,0.00100005290005356,9.39212036132812],"time_ms":8104,"wall_ms":1791410638093.78,"yaw":-0.57595831155777}
S03R {"entity":1,"event":"apply","pose":{"control":1,"durable":2,"entity":1,"position":[0.0,0.00100011611357331,9.0000114440918],"receipt_ms":8138,"sequence":153,"tick":435,"velocity":[0.0,0.0,0.0],"yaw":0.0},"position":[0.0,0.00100011611357331,9.0000114440918],"time_ms":8152,"wall_ms":1791410638142.06,"yaw":0.0}
S03R {"entity":2,"event":"apply","pose":{"control":1,"durable":2,"entity":2,"position":[7.1316385269165,0.00100005290005356,9.18245315551758],"receipt_ms":8138,"sequence":153,"tick":435,"velocity":[2.72319102287292,0.0,-4.19334936141968],"yaw":-0.57595831155777},"position":[7.1316385269165,0.00100005290005356,9.18245315551758],"time_ms":8152,"wall_ms":1791410638142.12,"yaw":-0.57595831155777}
S03R {"entity":1,"event":"apply","pose":{"control":1,"durable":2,"entity":1,"position":[0.0,0.00100011611357331,9.0000114440918],"receipt_ms":8187,"sequence":155,"tick":438,"velocity":[0.0,0.0,0.0],"yaw":0.0},"position":[0.0,0.00100011611357331,9.0000114440918],"time_ms":8200,"wall_ms":1791410638190.31,"yaw":0.0}
S03R {"entity":2,"event":"apply","pose":{"control":1,"durable":2,"entity":2,"position":[7.26779747009277,0.00100005290005356,8.97278594970703],"receipt_ms":8187,"sequence":154,"tick":438,"velocity":[2.72319102287292,0.0,-4.19334936141968],"yaw":-0.57595831155777},"position":[7.26779747009277,0.00100005290005356,8.97278594970703],"time_ms":8200,"wall_ms":1791410638190.38,"yaw":-0.57595831155777}
S03R {"event":"keys","move":0.0,"role":"client","tick":312,"time_ms":8221,"turn":0.0,"wall_ms":1791410638211.04}
S03R {"entity":1,"event":"apply","pose":{"control":1,"durable":2,"entity":1,"position":[0.0,0.00100011611357331,9.0000114440918],"receipt_ms":8235,"sequence":156,"tick":441,"velocity":[0.0,0.0,0.0],"yaw":0.0},"position":[0.0,0.00100011611357331,9.0000114440918],"time_ms":8255,"wall_ms":1791410638245.51,"yaw":0.0}
S03R {"entity":2,"event":"apply","pose":{"control":1,"durable":2,"entity":2,"position":[7.35857009887695,0.00100005290005356,8.8330078125],"receipt_ms":8235,"sequence":156,"tick":441,"velocity":[0.0,0.0,0.0],"yaw":-0.57595831155777},"position":[7.35857009887695,0.00100005290005356,8.8330078125],"time_ms":8255,"wall_ms":1791410638245.54,"yaw":-0.57595831155777}
S03R {"entity":1,"event":"apply","pose":{"control":1,"durable":2,"entity":1,"position":[0.0,0.00100011611357331,9.0000114440918],"receipt_ms":8283,"sequence":158,"tick":444,"velocity":[0.0,0.0,0.0],"yaw":0.0},"position":[0.0,0.00100011611357331,9.0000114440918],"time_ms":8304,"wall_ms":1791410638293.81,"yaw":0.0}
S03R {"entity":2,"event":"apply","pose":{"control":1,"durable":2,"entity":2,"position":[7.35857009887695,0.00100005290005356,8.8330078125],"receipt_ms":8283,"sequence":157,"tick":444,"velocity":[0.0,0.0,0.0],"yaw":-0.57595831155777},"position":[7.35857009887695,0.00100005290005356,8.8330078125],"time_ms":8304,"wall_ms":1791410638293.87,"yaw":-0.57595831155777}
S03R {"entity":1,"event":"apply","pose":{"control":1,"durable":2,"entity":1,"position":[0.0,0.00100011611357331,9.0000114440918],"receipt_ms":8338,"sequence":159,"tick":447,"velocity":[0.0,0.0,0.0],"yaw":0.0},"position":[0.0,0.00100011611357331,9.0000114440918],"time_ms":8352,"wall_ms":1791410638342.17,"yaw":0.0}
S03R {"entity":2,"event":"apply","pose":{"control":1,"durable":2,"entity":2,"position":[7.35857009887695,0.00100005290005356,8.8330078125],"receipt_ms":8338,"sequence":159,"tick":447,"velocity":[0.0,0.0,0.0],"yaw":-0.57595831155777},"position":[7.35857009887695,0.00100005290005356,8.8330078125],"time_ms":8352,"wall_ms":1791410638342.22,"yaw":-0.57595831155777}
S03R {"entity":1,"event":"apply","pose":{"control":1,"durable":2,"entity":1,"position":[0.0,0.00100011611357331,9.0000114440918],"receipt_ms":8387,"sequence":161,"tick":450,"velocity":[0.0,0.0,0.0],"yaw":0.0},"position":[0.0,0.00100011611357331,9.0000114440918],"time_ms":8400,"wall_ms":1791410638390.4,"yaw":0.0}
S03R {"entity":2,"event":"apply","pose":{"control":1,"durable":2,"entity":2,"position":[7.35857009887695,0.00100005290005356,8.8330078125],"receipt_ms":8387,"sequence":160,"tick":450,"velocity":[0.0,0.0,0.0],"yaw":-0.57595831155777},"position":[7.35857009887695,0.00100005290005356,8.8330078125],"time_ms":8400,"wall_ms":1791410638390.46,"yaw":-0.57595831155777}
S03R {"entity":1,"event":"apply","pose":{"control":1,"durable":2,"entity":1,"position":[0.0,0.00100011611357331,9.0000114440918],"receipt_ms":8435,"sequence":162,"tick":453,"velocity":[0.0,0.0,0.0],"yaw":0.0},"position":[0.0,0.00100011611357331,9.0000114440918],"time_ms":8448,"wall_ms":1791410638438.75,"yaw":0.0}
S03R {"entity":2,"event":"apply","pose":{"control":1,"durable":2,"entity":2,"position":[7.35857009887695,0.00100005290005356,8.8330078125],"receipt_ms":8435,"sequence":162,"tick":453,"velocity":[0.0,0.0,0.0],"yaw":-0.57595831155777},"position":[7.35857009887695,0.00100005290005356,8.8330078125],"time_ms":8449,"wall_ms":1791410638438.81,"yaw":-0.57595831155777}
S03R {"entity":1,"event":"apply","pose":{"control":1,"durable":2,"entity":1,"position":[0.0,0.00100011611357331,9.0000114440918],"receipt_ms":8483,"sequence":164,"tick":456,"velocity":[0.0,0.0,0.0],"yaw":0.0},"position":[0.0,0.00100011611357331,9.0000114440918],"time_ms":8504,"wall_ms":1791410638493.92,"yaw":0.0}
S03R {"entity":2,"event":"apply","pose":{"control":1,"durable":2,"entity":2,"position":[7.35857009887695,0.00100005290005356,8.8330078125],"receipt_ms":8483,"sequence":163,"tick":456,"velocity":[0.0,0.0,0.0],"yaw":-0.57595831155777},"position":[7.35857009887695,0.00100005290005356,8.8330078125],"time_ms":8504,"wall_ms":1791410638493.98,"yaw":-0.57595831155777}
S03R {"event":"input","index":12,"move":0.0,"position":[7.35857009887695,0.00100005290005356,8.8330078125],"role":"client","sequence_floor":165,"tick":330,"time_ms":8517,"turn":-1.0,"wall_ms":1791410638507.76,"yaw":-0.57595831155777}
S03R {"event":"keys","move":0.0,"role":"client","tick":330,"time_ms":8518,"turn":-1.0,"wall_ms":1791410638507.8}
S03R {"entity":1,"event":"apply","pose":{"control":1,"durable":2,"entity":1,"position":[0.0,0.00100011611357331,9.0000114440918],"receipt_ms":8539,"sequence":165,"tick":459,"velocity":[0.0,0.0,0.0],"yaw":0.0},"position":[0.0,0.00100011611357331,9.0000114440918],"time_ms":8552,"wall_ms":1791410638542.28,"yaw":0.0}
S03R {"entity":2,"event":"apply","pose":{"control":1,"durable":2,"entity":2,"position":[7.35857009887695,0.00100005290005356,8.8330078125],"receipt_ms":8539,"sequence":165,"tick":459,"velocity":[0.0,0.0,0.0],"yaw":-0.523598432540894},"position":[7.35857009887695,0.00100005290005356,8.8330078125],"time_ms":8552,"wall_ms":1791410638542.35,"yaw":-0.523598432540894}
S03R {"entity":1,"event":"apply","pose":{"control":1,"durable":2,"entity":1,"position":[0.0,0.00100011611357331,9.0000114440918],"receipt_ms":8587,"sequence":167,"tick":462,"velocity":[0.0,0.0,0.0],"yaw":0.0},"position":[0.0,0.00100011611357331,9.0000114440918],"time_ms":8600,"wall_ms":1791410638590.53,"yaw":0.0}
S03R {"entity":2,"event":"apply","pose":{"control":1,"durable":2,"entity":2,"position":[7.35857009887695,0.00100005290005356,8.8330078125],"receipt_ms":8587,"sequence":166,"tick":462,"velocity":[0.0,0.0,0.0],"yaw":-0.366518795490265},"position":[7.35857009887695,0.00100005290005356,8.8330078125],"time_ms":8600,"wall_ms":1791410638590.59,"yaw":-0.366518795490265}
S03R {"entity":1,"event":"apply","pose":{"control":1,"durable":2,"entity":1,"position":[0.0,0.00100011611357331,9.0000114440918],"receipt_ms":8635,"sequence":168,"tick":465,"velocity":[0.0,0.0,0.0],"yaw":0.0},"position":[0.0,0.00100011611357331,9.0000114440918],"time_ms":8649,"wall_ms":1791410638638.87,"yaw":0.0}
S03R {"entity":2,"event":"apply","pose":{"control":1,"durable":2,"entity":2,"position":[7.35857009887695,0.00100005290005356,8.8330078125],"receipt_ms":8635,"sequence":168,"tick":465,"velocity":[0.0,0.0,0.0],"yaw":-0.209439247846603},"position":[7.35857009887695,0.00100005290005356,8.8330078125],"time_ms":8649,"wall_ms":1791410638638.93,"yaw":-0.209439247846603}
S03R {"entity":1,"event":"apply","pose":{"control":1,"durable":2,"entity":1,"position":[0.0,0.00100011611357331,9.0000114440918],"receipt_ms":8684,"sequence":170,"tick":468,"velocity":[0.0,0.0,0.0],"yaw":0.0},"position":[0.0,0.00100011611357331,9.0000114440918],"time_ms":8704,"wall_ms":1791410638694.03,"yaw":0.0}
S03R {"entity":2,"event":"apply","pose":{"control":1,"durable":2,"entity":2,"position":[7.35857009887695,0.00100005290005356,8.8330078125],"receipt_ms":8684,"sequence":169,"tick":468,"velocity":[0.0,0.0,0.0],"yaw":-0.0523595958948135},"position":[7.35857009887695,0.00100005290005356,8.8330078125],"time_ms":8704,"wall_ms":1791410638694.09,"yaw":-0.0523595958948135}
S03R {"event":"keys","move":0.0,"role":"client","tick":342,"time_ms":8718,"turn":0.0,"wall_ms":1791410638707.86}
S03R {"entity":1,"event":"apply","pose":{"control":1,"durable":2,"entity":1,"position":[0.0,0.00100011611357331,9.0000114440918],"receipt_ms":8739,"sequence":171,"tick":471,"velocity":[0.0,0.0,0.0],"yaw":0.0},"position":[0.0,0.00100011611357331,9.0000114440918],"time_ms":8752,"wall_ms":1791410638742.39,"yaw":0.0}
S03R {"entity":2,"event":"apply","pose":{"control":1,"durable":2,"entity":2,"position":[7.35857009887695,0.00100005290005356,8.8330078125],"receipt_ms":8739,"sequence":171,"tick":471,"velocity":[0.0,0.0,0.0],"yaw":0.0523601658642292},"position":[7.35857009887695,0.00100005290005356,8.8330078125],"time_ms":8752,"wall_ms":1791410638742.45,"yaw":0.0523601658642292}
S03R {"entity":1,"event":"apply","pose":{"control":1,"durable":2,"entity":1,"position":[0.0,0.00100011611357331,9.0000114440918],"receipt_ms":8787,"sequence":173,"tick":474,"velocity":[0.0,0.0,0.0],"yaw":0.0},"position":[0.0,0.00100011611357331,9.0000114440918],"time_ms":8800,"wall_ms":1791410638790.62,"yaw":0.0}
S03R {"entity":2,"event":"apply","pose":{"control":1,"durable":2,"entity":2,"position":[7.35857009887695,0.00100005290005356,8.8330078125],"receipt_ms":8787,"sequence":172,"tick":474,"velocity":[0.0,0.0,0.0],"yaw":0.0523601770401001},"position":[7.35857009887695,0.00100005290005356,8.8330078125],"time_ms":8800,"wall_ms":1791410638790.68,"yaw":0.0523601770401001}
S03R {"entity":1,"event":"apply","pose":{"control":1,"durable":2,"entity":1,"position":[0.0,0.00100011611357331,9.0000114440918],"receipt_ms":8835,"sequence":174,"tick":477,"velocity":[0.0,0.0,0.0],"yaw":0.0},"position":[0.0,0.00100011611357331,9.0000114440918],"time_ms":8849,"wall_ms":1791410638838.97,"yaw":0.0}
S03R {"entity":2,"event":"apply","pose":{"control":1,"durable":2,"entity":2,"position":[7.35857009887695,0.00100005290005356,8.8330078125],"receipt_ms":8835,"sequence":174,"tick":477,"velocity":[0.0,0.0,0.0],"yaw":0.052360188215971},"position":[7.35857009887695,0.00100005290005356,8.8330078125],"time_ms":8849,"wall_ms":1791410638839.03,"yaw":0.052360188215971}
S03R {"entity":1,"event":"apply","pose":{"control":1,"durable":2,"entity":1,"position":[0.0,0.00100011611357331,9.0000114440918],"receipt_ms":8890,"sequence":176,"tick":480,"velocity":[0.0,0.0,0.0],"yaw":0.0},"position":[0.0,0.00100011611357331,9.0000114440918],"time_ms":8904,"wall_ms":1791410638894.14,"yaw":0.0}
S03R {"entity":2,"event":"apply","pose":{"control":1,"durable":2,"entity":2,"position":[7.35857009887695,0.00100005290005356,8.8330078125],"receipt_ms":8890,"sequence":175,"tick":480,"velocity":[0.0,0.0,0.0],"yaw":0.0523601993918419},"position":[7.35857009887695,0.00100005290005356,8.8330078125],"time_ms":8904,"wall_ms":1791410638894.19,"yaw":0.0523601993918419}
S03R {"entity":1,"event":"apply","pose":{"control":1,"durable":2,"entity":1,"position":[0.0,0.00100011611357331,9.0000114440918],"receipt_ms":8939,"sequence":177,"tick":483,"velocity":[0.0,0.0,0.0],"yaw":0.0},"position":[0.0,0.00100011611357331,9.0000114440918],"time_ms":8952,"wall_ms":1791410638942.47,"yaw":0.0}
S03R {"entity":2,"event":"apply","pose":{"control":1,"durable":2,"entity":2,"position":[7.35857009887695,0.00100005290005356,8.8330078125],"receipt_ms":8939,"sequence":177,"tick":483,"velocity":[0.0,0.0,0.0],"yaw":0.0523602105677128},"position":[7.35857009887695,0.00100005290005356,8.8330078125],"time_ms":8952,"wall_ms":1791410638942.53,"yaw":0.0523602105677128}
S03R {"entity":1,"event":"apply","pose":{"control":1,"durable":2,"entity":1,"position":[0.0,0.00100011611357331,9.0000114440918],"receipt_ms":8987,"sequence":179,"tick":486,"velocity":[0.0,0.0,0.0],"yaw":0.0},"position":[0.0,0.00100011611357331,9.0000114440918],"time_ms":9000,"wall_ms":1791410638990.73,"yaw":0.0}
S03R {"entity":2,"event":"apply","pose":{"control":1,"durable":2,"entity":2,"position":[7.35857009887695,0.00100005290005356,8.8330078125],"receipt_ms":8987,"sequence":178,"tick":486,"velocity":[0.0,0.0,0.0],"yaw":0.0523602217435837},"position":[7.35857009887695,0.00100005290005356,8.8330078125],"time_ms":9001,"wall_ms":1791410638990.79,"yaw":0.0523602217435837}
S03R {"event":"input","index":13,"move":1.0,"position":[7.35857009887695,0.00100005290005356,8.8330078125],"role":"client","sequence_floor":180,"tick":360,"time_ms":9021,"turn":0.0,"wall_ms":1791410639011.47,"yaw":0.0523602217435837}
S03R {"event":"keys","move":1.0,"role":"client","tick":360,"time_ms":9021,"turn":0.0,"wall_ms":1791410639011.51}
S03R {"entity":1,"event":"apply","pose":{"control":1,"durable":2,"entity":1,"position":[0.0,0.00100011611357331,9.0000114440918],"receipt_ms":9035,"sequence":180,"tick":489,"velocity":[0.0,0.0,0.0],"yaw":0.0},"position":[0.0,0.00100011611357331,9.0000114440918],"time_ms":9049,"wall_ms":1791410639039.08,"yaw":0.0}
S03R {"entity":2,"event":"apply","pose":{"control":1,"durable":2,"entity":2,"position":[7.35420894622803,0.00100005290005356,8.74978923797607],"receipt_ms":9035,"sequence":180,"tick":489,"velocity":[-0.261681258678436,0.0,-4.99314212799072],"yaw":0.0523602329194546},"position":[7.35420894622803,0.00100005290005356,8.74978923797607],"time_ms":9049,"wall_ms":1791410639039.14,"yaw":0.0523602329194546}
S03R {"entity":1,"event":"apply","pose":{"control":1,"durable":2,"entity":1,"position":[0.0,0.00100011611357331,9.0000114440918],"receipt_ms":9084,"sequence":182,"tick":492,"velocity":[0.0,0.0,0.0],"yaw":0.0},"position":[0.0,0.00100011611357331,9.0000114440918],"time_ms":9104,"wall_ms":1791410639094.22,"yaw":0.0}
S03R {"entity":2,"event":"apply","pose":{"control":1,"durable":2,"entity":2,"position":[7.34112548828125,0.00100005290005356,8.5001335144043],"receipt_ms":9084,"sequence":181,"tick":492,"velocity":[-0.261681318283081,0.0,-4.99314212799072],"yaw":0.0523602440953255},"position":[7.34112548828125,0.00100005290005356,8.5001335144043],"time_ms":9104,"wall_ms":1791410639094.28,"yaw":0.0523602440953255}
S03R {"entity":1,"event":"apply","pose":{"control":1,"durable":2,"entity":1,"position":[0.0,0.00100011611357331,9.0000114440918],"receipt_ms":9139,"sequence":183,"tick":495,"velocity":[0.0,0.0,0.0],"yaw":0.0},"position":[0.0,0.00100011611357331,9.0000114440918],"time_ms":9152,"wall_ms":1791410639142.58,"yaw":0.0}
S03R {"entity":2,"event":"apply","pose":{"control":1,"durable":2,"entity":2,"position":[7.32804203033447,0.00100005290005356,8.25047779083252],"receipt_ms":9139,"sequence":183,"tick":495,"velocity":[-0.261681377887726,0.0,-4.99314212799072],"yaw":0.0523602552711964},"position":[7.32804203033447,0.00100005290005356,8.25047779083252],"time_ms":9152,"wall_ms":1791410639142.64,"yaw":0.0523602552711964}
S03R {"entity":1,"event":"apply","pose":{"control":1,"durable":2,"entity":1,"position":[0.0,0.00100011611357331,9.0000114440918],"receipt_ms":9187,"sequence":185,"tick":498,"velocity":[0.0,0.0,0.0],"yaw":0.0},"position":[0.0,0.00100011611357331,9.0000114440918],"time_ms":9201,"wall_ms":1791410639190.83,"yaw":0.0}
S03R {"entity":2,"event":"apply","pose":{"control":1,"durable":2,"entity":2,"position":[7.3149585723877,0.00100005290005356,8.00082206726074],"receipt_ms":9187,"sequence":184,"tick":498,"velocity":[-0.261681437492371,0.0,-4.99314212799072],"yaw":0.0523602664470673},"position":[7.3149585723877,0.00100005290005356,8.00082206726074],"time_ms":9201,"wall_ms":1791410639190.9,"yaw":0.0523602664470673}
S03R {"event":"keys","move":0.0,"role":"client","tick":372,"time_ms":9221,"turn":0.0,"wall_ms":1791410639211.56}
S03R {"entity":1,"event":"apply","pose":{"control":1,"durable":2,"entity":1,"position":[0.0,0.00100011611357331,9.0000114440918],"receipt_ms":9242,"sequence":186,"tick":501,"velocity":[0.0,0.0,0.0],"yaw":0.0},"position":[0.0,0.00100011611357331,9.0000114440918],"time_ms":9249,"wall_ms":1791410639239.18,"yaw":0.0}
S03R {"entity":2,"event":"apply","pose":{"control":1,"durable":2,"entity":2,"position":[7.30623626708984,0.00100005290005356,7.83438396453857],"receipt_ms":9242,"sequence":186,"tick":501,"velocity":[0.0,0.0,0.0],"yaw":0.0523602776229382},"position":[7.30623626708984,0.00100005290005356,7.83438396453857],"time_ms":9249,"wall_ms":1791410639239.23,"yaw":0.0523602776229382}
S03R {"entity":1,"event":"apply","pose":{"control":1,"durable":2,"entity":1,"position":[0.0,0.00100011611357331,9.0000114440918],"receipt_ms":9290,"sequence":188,"tick":504,"velocity":[0.0,0.0,0.0],"yaw":0.0},"position":[0.0,0.00100011611357331,9.0000114440918],"time_ms":9304,"wall_ms":1791410639294.34,"yaw":0.0}
S03R {"entity":2,"event":"apply","pose":{"control":1,"durable":2,"entity":2,"position":[7.30623626708984,0.00100005290005356,7.83438396453857],"receipt_ms":9290,"sequence":187,"tick":504,"velocity":[0.0,0.0,0.0],"yaw":0.0523602887988091},"position":[7.30623626708984,0.00100005290005356,7.83438396453857],"time_ms":9304,"wall_ms":1791410639294.4,"yaw":0.0523602887988091}
S03R {"entity":1,"event":"apply","pose":{"control":1,"durable":2,"entity":1,"position":[0.0,0.00100011611357331,9.0000114440918],"receipt_ms":9345,"sequence":189,"tick":507,"velocity":[0.0,0.0,0.0],"yaw":0.0},"position":[0.0,0.00100011611357331,9.0000114440918],"time_ms":9352,"wall_ms":1791410639342.67,"yaw":0.0}
S03R {"entity":2,"event":"apply","pose":{"control":1,"durable":2,"entity":2,"position":[7.30623626708984,0.00100005290005356,7.83438396453857],"receipt_ms":9345,"sequence":189,"tick":507,"velocity":[0.0,0.0,0.0],"yaw":0.0523602999746799},"position":[7.30623626708984,0.00100005290005356,7.83438396453857],"time_ms":9352,"wall_ms":1791410639342.73,"yaw":0.0523602999746799}
S03R {"entity":1,"event":"apply","pose":{"control":1,"durable":2,"entity":1,"position":[0.0,0.00100011611357331,9.0000114440918],"receipt_ms":9387,"sequence":191,"tick":510,"velocity":[0.0,0.0,0.0],"yaw":0.0},"position":[0.0,0.00100011611357331,9.0000114440918],"time_ms":9401,"wall_ms":1791410639390.93,"yaw":0.0}
S03R {"entity":2,"event":"apply","pose":{"control":1,"durable":2,"entity":2,"position":[7.30623626708984,0.00100005290005356,7.83438396453857],"receipt_ms":9387,"sequence":190,"tick":510,"velocity":[0.0,0.0,0.0],"yaw":0.0523603111505508},"position":[7.30623626708984,0.00100005290005356,7.83438396453857],"time_ms":9401,"wall_ms":1791410639390.99,"yaw":0.0523603111505508}
S03R {"entity":1,"event":"apply","pose":{"control":1,"durable":2,"entity":1,"position":[0.0,0.00100011611357331,9.0000114440918],"receipt_ms":9442,"sequence":192,"tick":513,"velocity":[0.0,0.0,0.0],"yaw":0.0},"position":[0.0,0.00100011611357331,9.0000114440918],"time_ms":9449,"wall_ms":1791410639439.28,"yaw":0.0}
S03R {"entity":2,"event":"apply","pose":{"control":1,"durable":2,"entity":2,"position":[7.30623626708984,0.00100005290005356,7.83438396453857],"receipt_ms":9442,"sequence":192,"tick":513,"velocity":[0.0,0.0,0.0],"yaw":0.0523603223264217},"position":[7.30623626708984,0.00100005290005356,7.83438396453857],"time_ms":9449,"wall_ms":1791410639439.35,"yaw":0.0523603223264217}
S03R {"entity":1,"event":"apply","pose":{"control":1,"durable":2,"entity":1,"position":[0.0,0.00100011611357331,9.0000114440918],"receipt_ms":9490,"sequence":194,"tick":516,"velocity":[0.0,0.0,0.0],"yaw":0.0},"position":[0.0,0.00100011611357331,9.0000114440918],"time_ms":9504,"wall_ms":1791410639494.44,"yaw":0.0}
S03R {"entity":2,"event":"apply","pose":{"control":1,"durable":2,"entity":2,"position":[7.30623626708984,0.00100005290005356,7.83438396453857],"receipt_ms":9490,"sequence":193,"tick":516,"velocity":[0.0,0.0,0.0],"yaw":0.0523603335022926},"position":[7.30623626708984,0.00100005290005356,7.83438396453857],"time_ms":9504,"wall_ms":1791410639494.49,"yaw":0.0523603335022926}
S03R {"event":"input","index":14,"move":0.0,"position":[7.30623626708984,0.00100005290005356,7.83438396453857],"role":"client","sequence_floor":195,"tick":390,"time_ms":9518,"turn":1.0,"wall_ms":1791410639508.27,"yaw":0.0523603335022926}
S03R {"event":"keys","move":0.0,"role":"client","tick":390,"time_ms":9518,"turn":1.0,"wall_ms":1791410639508.32}
S03R {"entity":1,"event":"apply","pose":{"control":1,"durable":2,"entity":1,"position":[0.0,0.00100011611357331,9.0000114440918],"receipt_ms":9546,"sequence":195,"tick":519,"velocity":[0.0,0.0,0.0],"yaw":0.0},"position":[0.0,0.00100011611357331,9.0000114440918],"time_ms":9552,"wall_ms":1791410639542.75,"yaw":0.0}
S03R {"entity":2,"event":"apply","pose":{"control":1,"durable":2,"entity":2,"position":[7.30623626708984,0.00100005290005356,7.83438396453857],"receipt_ms":9546,"sequence":195,"tick":519,"velocity":[0.0,0.0,0.0],"yaw":0.000000463393035943227},"position":[7.30623626708984,0.00100005290005356,7.83438396453857],"time_ms":9552,"wall_ms":1791410639542.77,"yaw":0.000000463393035943227}
S03R {"entity":1,"event":"apply","pose":{"control":1,"durable":2,"entity":1,"position":[0.0,0.00100011611357331,9.0000114440918],"receipt_ms":9587,"sequence":197,"tick":522,"velocity":[0.0,0.0,0.0],"yaw":0.0},"position":[0.0,0.00100011611357331,9.0000114440918],"time_ms":9601,"wall_ms":1791410639591.02,"yaw":0.0}
S03R {"entity":2,"event":"apply","pose":{"control":1,"durable":2,"entity":2,"position":[7.30623626708984,0.00100005290005356,7.83438396453857],"receipt_ms":9587,"sequence":196,"tick":522,"velocity":[0.0,0.0,0.0],"yaw":-0.157079190015793},"position":[7.30623626708984,0.00100005290005356,7.83438396453857],"time_ms":9601,"wall_ms":1791410639591.04,"yaw":-0.157079190015793}
S03R {"entity":1,"event":"apply","pose":{"control":1,"durable":2,"entity":1,"position":[0.0,0.00100011611357331,9.0000114440918],"receipt_ms":9636,"sequence":198,"tick":525,"velocity":[0.0,0.0,0.0],"yaw":0.0},"position":[0.0,0.00100011611357331,9.0000114440918],"time_ms":9649,"wall_ms":1791410639639.39,"yaw":0.0}
S03R {"entity":2,"event":"apply","pose":{"control":1,"durable":2,"entity":2,"position":[7.30623626708984,0.00100005290005356,7.83438396453857],"receipt_ms":9636,"sequence":198,"tick":525,"velocity":[0.0,0.0,0.0],"yaw":-0.314158797264099},"position":[7.30623626708984,0.00100005290005356,7.83438396453857],"time_ms":9649,"wall_ms":1791410639639.45,"yaw":-0.314158797264099}
S03R {"entity":1,"event":"apply","pose":{"control":1,"durable":2,"entity":1,"position":[0.0,0.00100011611357331,9.0000114440918],"receipt_ms":9684,"sequence":200,"tick":528,"velocity":[0.0,0.0,0.0],"yaw":0.0},"position":[0.0,0.00100011611357331,9.0000114440918],"time_ms":9704,"wall_ms":1791410639694.55,"yaw":0.0}
S03R {"entity":2,"event":"apply","pose":{"control":1,"durable":2,"entity":2,"position":[7.30623626708984,0.00100005290005356,7.83438396453857],"receipt_ms":9684,"sequence":199,"tick":528,"velocity":[0.0,0.0,0.0],"yaw":-0.471238493919373},"position":[7.30623626708984,0.00100005290005356,7.83438396453857],"time_ms":9704,"wall_ms":1791410639694.61,"yaw":-0.471238493919373}
S03R {"event":"keys","move":0.0,"role":"client","tick":402,"time_ms":9718,"turn":0.0,"wall_ms":1791410639708.38}
S03R {"entity":1,"event":"apply","pose":{"control":1,"durable":2,"entity":1,"position":[0.0,0.00100011611357331,9.0000114440918],"receipt_ms":9746,"sequence":201,"tick":531,"velocity":[0.0,0.0,0.0],"yaw":0.0},"position":[0.0,0.00100011611357331,9.0000114440918],"time_ms":9753,"wall_ms":1791410639742.88,"yaw":0.0}
S03R {"entity":2,"event":"apply","pose":{"control":1,"durable":2,"entity":2,"position":[7.30623626708984,0.00100005290005356,7.83438396453857],"receipt_ms":9746,"sequence":201,"tick":531,"velocity":[0.0,0.0,0.0],"yaw":-0.575958251953125},"position":[7.30623626708984,0.00100005290005356,7.83438396453857],"time_ms":9753,"wall_ms":1791410639742.91,"yaw":-0.575958251953125}
S03R {"entity":1,"event":"apply","pose":{"control":1,"durable":2,"entity":1,"position":[0.0,0.00100011611357331,9.0000114440918],"receipt_ms":9794,"sequence":203,"tick":534,"velocity":[0.0,0.0,0.0],"yaw":0.0},"position":[0.0,0.00100011611357331,9.0000114440918],"time_ms":9801,"wall_ms":1791410639791.15,"yaw":0.0}
S03R {"entity":2,"event":"apply","pose":{"control":1,"durable":2,"entity":2,"position":[7.30623626708984,0.00100005290005356,7.83438396453857],"receipt_ms":9794,"sequence":202,"tick":534,"velocity":[0.0,0.0,0.0],"yaw":-0.575958251953125},"position":[7.30623626708984,0.00100005290005356,7.83438396453857],"time_ms":9801,"wall_ms":1791410639791.21,"yaw":-0.575958251953125}
S03R {"entity":1,"event":"apply","pose":{"control":1,"durable":2,"entity":1,"position":[0.0,0.00100011611357331,9.0000114440918],"receipt_ms":9842,"sequence":204,"tick":537,"velocity":[0.0,0.0,0.0],"yaw":0.0},"position":[0.0,0.00100011611357331,9.0000114440918],"time_ms":9849,"wall_ms":1791410639839.45,"yaw":0.0}
S03R {"entity":2,"event":"apply","pose":{"control":1,"durable":2,"entity":2,"position":[7.30623626708984,0.00100005290005356,7.83438396453857],"receipt_ms":9842,"sequence":204,"tick":537,"velocity":[0.0,0.0,0.0],"yaw":-0.575958251953125},"position":[7.30623626708984,0.00100005290005356,7.83438396453857],"time_ms":9849,"wall_ms":1791410639839.48,"yaw":-0.575958251953125}
S03R {"entity":1,"event":"apply","pose":{"control":1,"durable":2,"entity":1,"position":[0.0,0.00100011611357331,9.0000114440918],"receipt_ms":9884,"sequence":206,"tick":540,"velocity":[0.0,0.0,0.0],"yaw":0.0},"position":[0.0,0.00100011611357331,9.0000114440918],"time_ms":9904,"wall_ms":1791410639894.65,"yaw":0.0}
S03R {"entity":2,"event":"apply","pose":{"control":1,"durable":2,"entity":2,"position":[7.30623626708984,0.00100005290005356,7.83438396453857],"receipt_ms":9884,"sequence":205,"tick":540,"velocity":[0.0,0.0,0.0],"yaw":-0.575958251953125},"position":[7.30623626708984,0.00100005290005356,7.83438396453857],"time_ms":9904,"wall_ms":1791410639894.71,"yaw":-0.575958251953125}
S03R {"entity":1,"event":"apply","pose":{"control":1,"durable":2,"entity":1,"position":[0.0,0.00100011611357331,9.0000114440918],"receipt_ms":9939,"sequence":207,"tick":543,"velocity":[0.0,0.0,0.0],"yaw":0.0},"position":[0.0,0.00100011611357331,9.0000114440918],"time_ms":9953,"wall_ms":1791410639943.0,"yaw":0.0}
S03R {"entity":2,"event":"apply","pose":{"control":1,"durable":2,"entity":2,"position":[7.30623626708984,0.00100005290005356,7.83438396453857],"receipt_ms":9939,"sequence":207,"tick":543,"velocity":[0.0,0.0,0.0],"yaw":-0.575958251953125},"position":[7.30623626708984,0.00100005290005356,7.83438396453857],"time_ms":9953,"wall_ms":1791410639943.06,"yaw":-0.575958251953125}
S03R {"entity":1,"event":"apply","pose":{"control":1,"durable":2,"entity":1,"position":[0.0,0.00100011611357331,9.0000114440918],"receipt_ms":9988,"sequence":209,"tick":546,"velocity":[0.0,0.0,0.0],"yaw":0.0},"position":[0.0,0.00100011611357331,9.0000114440918],"time_ms":10001,"wall_ms":1791410639991.26,"yaw":0.0}
S03R {"entity":2,"event":"apply","pose":{"control":1,"durable":2,"entity":2,"position":[7.30623626708984,0.00100005290005356,7.83438396453857],"receipt_ms":9988,"sequence":208,"tick":546,"velocity":[0.0,0.0,0.0],"yaw":-0.575958251953125},"position":[7.30623626708984,0.00100005290005356,7.83438396453857],"time_ms":10001,"wall_ms":1791410639991.31,"yaw":-0.575958251953125}
S03R {"event":"input","index":15,"move":1.0,"position":[7.30623626708984,0.00100005290005356,7.83438396453857],"role":"client","sequence_floor":210,"tick":420,"time_ms":10022,"turn":0.0,"wall_ms":1791410640011.98,"yaw":-0.575958251953125}
S03R {"event":"keys","move":1.0,"role":"client","tick":420,"time_ms":10022,"turn":0.0,"wall_ms":1791410640012.03}
S03R {"entity":1,"event":"apply","pose":{"control":1,"durable":2,"entity":1,"position":[0.0,0.00100011611357331,9.0000114440918],"receipt_ms":10036,"sequence":210,"tick":549,"velocity":[0.0,0.0,0.0],"yaw":0.0},"position":[0.0,0.00100011611357331,9.0000114440918],"time_ms":10049,"wall_ms":1791410640039.6,"yaw":0.0}
S03R {"entity":2,"event":"apply","pose":{"control":1,"durable":2,"entity":2,"position":[7.35162258148193,0.00100005290005356,7.76449489593506],"receipt_ms":10036,"sequence":210,"tick":549,"velocity":[2.72318959236145,0.0,-4.19334840774536],"yaw":-0.575958251953125},"position":[7.35162258148193,0.00100005290005356,7.76449489593506],"time_ms":10049,"wall_ms":1791410640039.66,"yaw":-0.575958251953125}
S03R {"entity":1,"event":"apply","pose":{"control":1,"durable":2,"entity":1,"position":[0.0,0.00100011611357331,9.0000114440918],"receipt_ms":10084,"sequence":212,"tick":552,"velocity":[0.0,0.0,0.0],"yaw":0.0},"position":[0.0,0.00100011611357331,9.0000114440918],"time_ms":10104,"wall_ms":1791410640094.75,"yaw":0.0}
S03R {"entity":2,"event":"apply","pose":{"control":1,"durable":2,"entity":2,"position":[7.4877815246582,0.00100005290005356,7.55482769012451],"receipt_ms":10084,"sequence":211,"tick":552,"velocity":[2.72318959236145,0.0,-4.19334840774536],"yaw":-0.575958251953125},"position":[7.4877815246582,0.00100005290005356,7.55482769012451],"time_ms":10105,"wall_ms":1791410640094.81,"yaw":-0.575958251953125}
S03R {"entity":1,"event":"apply","pose":{"control":1,"durable":2,"entity":1,"position":[0.0,0.00100011611357331,9.0000114440918],"receipt_ms":10146,"sequence":213,"tick":555,"velocity":[0.0,0.0,0.0],"yaw":0.0},"position":[0.0,0.00100011611357331,9.0000114440918],"time_ms":10153,"wall_ms":1791410640143.05,"yaw":0.0}
S03R {"entity":2,"event":"apply","pose":{"control":1,"durable":2,"entity":2,"position":[7.62394046783447,0.00100005290005356,7.34516048431396],"receipt_ms":10146,"sequence":213,"tick":555,"velocity":[2.72318959236145,0.0,-4.19334840774536],"yaw":-0.575958251953125},"position":[7.62394046783447,0.00100005290005356,7.34516048431396],"time_ms":10153,"wall_ms":1791410640143.08,"yaw":-0.575958251953125}
S03R {"entity":1,"event":"apply","pose":{"control":1,"durable":2,"entity":1,"position":[0.0,0.00100011611357331,9.0000114440918],"receipt_ms":10194,"sequence":215,"tick":558,"velocity":[0.0,0.0,0.0],"yaw":0.0},"position":[0.0,0.00100011611357331,9.0000114440918],"time_ms":10201,"wall_ms":1791410640191.34,"yaw":0.0}
S03R {"entity":2,"event":"apply","pose":{"control":1,"durable":2,"entity":2,"position":[7.76009941101074,0.00100005290005356,7.13549327850342],"receipt_ms":10194,"sequence":214,"tick":558,"velocity":[2.72318959236145,0.0,-4.19334840774536],"yaw":-0.575958251953125},"position":[7.76009941101074,0.00100005290005356,7.13549327850342],"time_ms":10201,"wall_ms":1791410640191.37,"yaw":-0.575958251953125}
S03R {"event":"keys","move":0.0,"role":"client","tick":432,"time_ms":10222,"turn":0.0,"wall_ms":1791410640212.05}
S03R {"entity":1,"event":"apply","pose":{"control":1,"durable":2,"entity":1,"position":[0.0,0.00100011611357331,9.0000114440918],"receipt_ms":10236,"sequence":216,"tick":561,"velocity":[0.0,0.0,0.0],"yaw":0.0},"position":[0.0,0.00100011611357331,9.0000114440918],"time_ms":10249,"wall_ms":1791410640239.66,"yaw":0.0}
S03R {"entity":2,"event":"apply","pose":{"control":1,"durable":2,"entity":2,"position":[7.85087203979492,0.00100005290005356,6.99571514129639],"receipt_ms":10236,"sequence":216,"tick":561,"velocity":[0.0,0.0,0.0],"yaw":-0.575958251953125},"position":[7.85087203979492,0.00100005290005356,6.99571514129639],"time_ms":10249,"wall_ms":1791410640239.69,"yaw":-0.575958251953125}
S03R {"entity":1,"event":"apply","pose":{"control":1,"durable":2,"entity":1,"position":[0.0,0.00100011611357331,9.0000114440918],"receipt_ms":10291,"sequence":218,"tick":564,"velocity":[0.0,0.0,0.0],"yaw":0.0},"position":[0.0,0.00100011611357331,9.0000114440918],"time_ms":10305,"wall_ms":1791410640294.86,"yaw":0.0}
S03R {"entity":2,"event":"apply","pose":{"control":1,"durable":2,"entity":2,"position":[7.85087203979492,0.00100005290005356,6.99571514129639],"receipt_ms":10291,"sequence":217,"tick":564,"velocity":[0.0,0.0,0.0],"yaw":-0.575958251953125},"position":[7.85087203979492,0.00100005290005356,6.99571514129639],"time_ms":10305,"wall_ms":1791410640294.92,"yaw":-0.575958251953125}
S03R {"entity":1,"event":"apply","pose":{"control":1,"durable":2,"entity":1,"position":[0.0,0.00100011611357331,9.0000114440918],"receipt_ms":10339,"sequence":219,"tick":567,"velocity":[0.0,0.0,0.0],"yaw":0.0},"position":[0.0,0.00100011611357331,9.0000114440918],"time_ms":10353,"wall_ms":1791410640343.2,"yaw":0.0}
S03R {"entity":2,"event":"apply","pose":{"control":1,"durable":2,"entity":2,"position":[7.85087203979492,0.00100005290005356,6.99571514129639],"receipt_ms":10339,"sequence":219,"tick":567,"velocity":[0.0,0.0,0.0],"yaw":-0.575958251953125},"position":[7.85087203979492,0.00100005290005356,6.99571514129639],"time_ms":10353,"wall_ms":1791410640343.26,"yaw":-0.575958251953125}
S03R {"entity":1,"event":"apply","pose":{"control":1,"durable":2,"entity":1,"position":[0.0,0.00100011611357331,9.0000114440918],"receipt_ms":10388,"sequence":221,"tick":570,"velocity":[0.0,0.0,0.0],"yaw":0.0},"position":[0.0,0.00100011611357331,9.0000114440918],"time_ms":10401,"wall_ms":1791410640391.46,"yaw":0.0}
S03R {"entity":2,"event":"apply","pose":{"control":1,"durable":2,"entity":2,"position":[7.85087203979492,0.00100005290005356,6.99571514129639],"receipt_ms":10388,"sequence":220,"tick":570,"velocity":[0.0,0.0,0.0],"yaw":-0.575958251953125},"position":[7.85087203979492,0.00100005290005356,6.99571514129639],"time_ms":10401,"wall_ms":1791410640391.52,"yaw":-0.575958251953125}
S03R {"entity":1,"event":"apply","pose":{"control":1,"durable":2,"entity":1,"position":[0.0,0.00100011611357331,9.0000114440918],"receipt_ms":10443,"sequence":222,"tick":573,"velocity":[0.0,0.0,0.0],"yaw":0.0},"position":[0.0,0.00100011611357331,9.0000114440918],"time_ms":10449,"wall_ms":1791410640439.76,"yaw":0.0}
S03R {"entity":2,"event":"apply","pose":{"control":1,"durable":2,"entity":2,"position":[7.85087203979492,0.00100005290005356,6.99571514129639],"receipt_ms":10443,"sequence":222,"tick":573,"velocity":[0.0,0.0,0.0],"yaw":-0.575958251953125},"position":[7.85087203979492,0.00100005290005356,6.99571514129639],"time_ms":10449,"wall_ms":1791410640439.79,"yaw":-0.575958251953125}
S03R {"entity":1,"event":"apply","pose":{"control":1,"durable":2,"entity":1,"position":[0.0,0.00100011611357331,9.0000114440918],"receipt_ms":10484,"sequence":224,"tick":576,"velocity":[0.0,0.0,0.0],"yaw":0.0},"position":[0.0,0.00100011611357331,9.0000114440918],"time_ms":10505,"wall_ms":1791410640494.94,"yaw":0.0}
S03R {"entity":2,"event":"apply","pose":{"control":1,"durable":2,"entity":2,"position":[7.85087203979492,0.00100005290005356,6.99571514129639],"receipt_ms":10484,"sequence":223,"tick":576,"velocity":[0.0,0.0,0.0],"yaw":-0.575958251953125},"position":[7.85087203979492,0.00100005290005356,6.99571514129639],"time_ms":10505,"wall_ms":1791410640494.97,"yaw":-0.575958251953125}
S03R {"event":"input","index":16,"move":0.0,"position":[7.85087203979492,0.00100005290005356,6.99571514129639],"role":"client","sequence_floor":225,"tick":450,"time_ms":10519,"turn":-1.0,"wall_ms":1791410640508.81,"yaw":-0.575958251953125}
S03R {"event":"keys","move":0.0,"role":"client","tick":450,"time_ms":10519,"turn":-1.0,"wall_ms":1791410640508.85}
S03R {"entity":1,"event":"apply","pose":{"control":1,"durable":2,"entity":1,"position":[0.0,0.00100011611357331,9.0000114440918],"receipt_ms":10539,"sequence":225,"tick":579,"velocity":[0.0,0.0,0.0],"yaw":0.0},"position":[0.0,0.00100011611357331,9.0000114440918],"time_ms":10553,"wall_ms":1791410640543.27,"yaw":0.0}
S03R {"entity":2,"event":"apply","pose":{"control":1,"durable":2,"entity":2,"position":[7.85087203979492,0.00100005290005356,6.99571514129639],"receipt_ms":10539,"sequence":225,"tick":579,"velocity":[0.0,0.0,0.0],"yaw":-0.523598372936249},"position":[7.85087203979492,0.00100005290005356,6.99571514129639],"time_ms":10553,"wall_ms":1791410640543.3,"yaw":-0.523598372936249}
S03R {"entity":1,"event":"apply","pose":{"control":1,"durable":2,"entity":1,"position":[0.0,0.00100011611357331,9.0000114440918],"receipt_ms":10588,"sequence":227,"tick":582,"velocity":[0.0,0.0,0.0],"yaw":0.0},"position":[0.0,0.00100011611357331,9.0000114440918],"time_ms":10601,"wall_ms":1791410640591.56,"yaw":0.0}
S03R {"entity":2,"event":"apply","pose":{"control":1,"durable":2,"entity":2,"position":[7.85087203979492,0.00100005290005356,6.99571514129639],"receipt_ms":10588,"sequence":226,"tick":582,"velocity":[0.0,0.0,0.0],"yaw":-0.366518765687943},"position":[7.85087203979492,0.00100005290005356,6.99571514129639],"time_ms":10601,"wall_ms":1791410640591.62,"yaw":-0.366518765687943}
S03R {"entity":1,"event":"apply","pose":{"control":1,"durable":2,"entity":1,"position":[0.0,0.00100011611357331,9.0000114440918],"receipt_ms":10643,"sequence":228,"tick":585,"velocity":[0.0,0.0,0.0],"yaw":0.0},"position":[0.0,0.00100011611357331,9.0000114440918],"time_ms":10650,"wall_ms":1791410640639.86,"yaw":0.0}
S03R {"entity":2,"event":"apply","pose":{"control":1,"durable":2,"entity":2,"position":[7.85087203979492,0.00100005290005356,6.99571514129639],"receipt_ms":10643,"sequence":228,"tick":585,"velocity":[0.0,0.0,0.0],"yaw":-0.209439128637314},"position":[7.85087203979492,0.00100005290005356,6.99571514129639],"time_ms":10650,"wall_ms":1791410640639.9,"yaw":-0.209439128637314}
S03R {"entity":1,"event":"apply","pose":{"control":1,"durable":2,"entity":1,"position":[0.0,0.00100011611357331,9.0000114440918],"receipt_ms":10691,"sequence":230,"tick":588,"velocity":[0.0,0.0,0.0],"yaw":0.0},"position":[0.0,0.00100011611357331,9.0000114440918],"time_ms":10705,"wall_ms":1791410640695.07,"yaw":0.0}
S03R {"entity":2,"event":"apply","pose":{"control":1,"durable":2,"entity":2,"position":[7.85087203979492,0.00100005290005356,6.99571514129639],"receipt_ms":10691,"sequence":229,"tick":588,"velocity":[0.0,0.0,0.0],"yaw":-0.0523594841361046},"position":[7.85087203979492,0.00100005290005356,6.99571514129639],"time_ms":10705,"wall_ms":1791410640695.13,"yaw":-0.0523594841361046}
S03R {"event":"keys","move":0.0,"role":"client","tick":462,"time_ms":10719,"turn":0.0,"wall_ms":1791410640708.89}
S03R {"entity":1,"event":"apply","pose":{"control":1,"durable":2,"entity":1,"position":[0.0,0.00100011611357331,9.0000114440918],"receipt_ms":10739,"sequence":231,"tick":591,"velocity":[0.0,0.0,0.0],"yaw":0.0},"position":[0.0,0.00100011611357331,9.0000114440918],"time_ms":10753,"wall_ms":1791410640743.44,"yaw":0.0}
S03R {"entity":2,"event":"apply","pose":{"control":1,"durable":2,"entity":2,"position":[7.85087203979492,0.00100005290005356,6.99571514129639],"receipt_ms":10739,"sequence":231,"tick":591,"velocity":[0.0,0.0,0.0],"yaw":0.0523602776229382},"position":[7.85087203979492,0.00100005290005356,6.99571514129639],"time_ms":10753,"wall_ms":1791410640743.5,"yaw":0.0523602776229382}
S03R {"entity":1,"event":"apply","pose":{"control":1,"durable":2,"entity":1,"position":[0.0,0.00100011611357331,9.0000114440918],"receipt_ms":10788,"sequence":233,"tick":594,"velocity":[0.0,0.0,0.0],"yaw":0.0},"position":[0.0,0.00100011611357331,9.0000114440918],"time_ms":10801,"wall_ms":1791410640791.67,"yaw":0.0}
S03R {"entity":2,"event":"apply","pose":{"control":1,"durable":2,"entity":2,"position":[7.85087203979492,0.00100005290005356,6.99571514129639],"receipt_ms":10788,"sequence":232,"tick":594,"velocity":[0.0,0.0,0.0],"yaw":0.0523602887988091},"position":[7.85087203979492,0.00100005290005356,6.99571514129639],"time_ms":10801,"wall_ms":1791410640791.72,"yaw":0.0523602887988091}
S03R {"entity":1,"event":"apply","pose":{"control":1,"durable":2,"entity":1,"position":[0.0,0.00100011611357331,9.0000114440918],"receipt_ms":10836,"sequence":234,"tick":597,"velocity":[0.0,0.0,0.0],"yaw":0.0},"position":[0.0,0.00100011611357331,9.0000114440918],"time_ms":10850,"wall_ms":1791410640840.02,"yaw":0.0}
S03R {"entity":2,"event":"apply","pose":{"control":1,"durable":2,"entity":2,"position":[7.85087203979492,0.00100005290005356,6.99571514129639],"receipt_ms":10836,"sequence":234,"tick":597,"velocity":[0.0,0.0,0.0],"yaw":0.0523602999746799},"position":[7.85087203979492,0.00100005290005356,6.99571514129639],"time_ms":10850,"wall_ms":1791410640840.08,"yaw":0.0523602999746799}
S03R {"entity":1,"event":"apply","pose":{"control":1,"durable":2,"entity":1,"position":[0.0,0.00100011611357331,9.0000114440918],"receipt_ms":10891,"sequence":236,"tick":600,"velocity":[0.0,0.0,0.0],"yaw":0.0},"position":[0.0,0.00100011611357331,9.0000114440918],"time_ms":10905,"wall_ms":1791410640895.17,"yaw":0.0}
S03R {"entity":2,"event":"apply","pose":{"control":1,"durable":2,"entity":2,"position":[7.85087203979492,0.00100005290005356,6.99571514129639],"receipt_ms":10891,"sequence":235,"tick":600,"velocity":[0.0,0.0,0.0],"yaw":0.0523603111505508},"position":[7.85087203979492,0.00100005290005356,6.99571514129639],"time_ms":10905,"wall_ms":1791410640895.23,"yaw":0.0523603111505508}
S03R {"entity":1,"event":"apply","pose":{"control":1,"durable":2,"entity":1,"position":[0.0,0.00100011611357331,9.0000114440918],"receipt_ms":10946,"sequence":237,"tick":603,"velocity":[0.0,0.0,0.0],"yaw":0.0},"position":[0.0,0.00100011611357331,9.0000114440918],"time_ms":10953,"wall_ms":1791410640943.52,"yaw":0.0}
S03R {"entity":2,"event":"apply","pose":{"control":1,"durable":2,"entity":2,"position":[7.85087203979492,0.00100005290005356,6.99571514129639],"receipt_ms":10946,"sequence":237,"tick":603,"velocity":[0.0,0.0,0.0],"yaw":0.0523603223264217},"position":[7.85087203979492,0.00100005290005356,6.99571514129639],"time_ms":10953,"wall_ms":1791410640943.58,"yaw":0.0523603223264217}
S03R {"entity":1,"event":"apply","pose":{"control":1,"durable":2,"entity":1,"position":[0.0,0.00100011611357331,9.0000114440918],"receipt_ms":10988,"sequence":239,"tick":606,"velocity":[0.0,0.0,0.0],"yaw":0.0},"position":[0.0,0.00100011611357331,9.0000114440918],"time_ms":11001,"wall_ms":1791410640991.77,"yaw":0.0}
S03R {"entity":2,"event":"apply","pose":{"control":1,"durable":2,"entity":2,"position":[7.85087203979492,0.00100005290005356,6.99571514129639],"receipt_ms":10988,"sequence":238,"tick":606,"velocity":[0.0,0.0,0.0],"yaw":0.0523603335022926},"position":[7.85087203979492,0.00100005290005356,6.99571514129639],"time_ms":11002,"wall_ms":1791410640991.83,"yaw":0.0523603335022926}
S03R {"event":"input","index":17,"move":1.0,"position":[7.85087203979492,0.00100005290005356,6.99571514129639],"role":"client","sequence_floor":240,"tick":480,"time_ms":11022,"turn":0.0,"wall_ms":1791410641012.47,"yaw":0.0523603335022926}
S03R {"event":"keys","move":1.0,"role":"client","tick":480,"time_ms":11022,"turn":0.0,"wall_ms":1791410641012.5}
S03R {"entity":1,"event":"apply","pose":{"control":1,"durable":2,"entity":1,"position":[0.0,0.00100011611357331,9.0000114440918],"receipt_ms":11036,"sequence":240,"tick":609,"velocity":[0.0,0.0,0.0],"yaw":0.0},"position":[0.0,0.00100011611357331,9.0000114440918],"time_ms":11050,"wall_ms":1791410641040.07,"yaw":0.0}
S03R {"entity":2,"event":"apply","pose":{"control":1,"durable":2,"entity":2,"position":[7.846510887146,0.00100005290005356,6.9124960899353],"receipt_ms":11036,"sequence":240,"tick":609,"velocity":[-0.261681735515594,0.0,-4.99314022064209],"yaw":0.0523603446781635},"position":[7.846510887146,0.00100005290005356,6.9124960899353],"time_ms":11050,"wall_ms":1791410641040.13,"yaw":0.0523603446781635}
S03R {"entity":1,"event":"apply","pose":{"control":1,"durable":2,"entity":1,"position":[0.0,0.00100011611357331,9.0000114440918],"receipt_ms":11085,"sequence":242,"tick":612,"velocity":[0.0,0.0,0.0],"yaw":0.0},"position":[0.0,0.00100011611357331,9.0000114440918],"time_ms":11105,"wall_ms":1791410641095.27,"yaw":0.0}
S03R {"entity":2,"event":"apply","pose":{"control":1,"durable":2,"entity":2,"position":[7.83342742919922,0.00100005290005356,6.66283893585205],"receipt_ms":11085,"sequence":241,"tick":612,"velocity":[-0.261681735515594,0.0,-4.99314022064209],"yaw":0.0523603446781635},"position":[7.83342742919922,0.00100005290005356,6.66283893585205],"time_ms":11105,"wall_ms":1791410641095.34,"yaw":0.0523603446781635}
S03R {"entity":1,"event":"apply","pose":{"control":1,"durable":2,"entity":1,"position":[0.0,0.00100011611357331,9.0000114440918],"receipt_ms":11146,"sequence":243,"tick":615,"velocity":[0.0,0.0,0.0],"yaw":0.0},"position":[0.0,0.00100011611357331,9.0000114440918],"time_ms":11153,"wall_ms":1791410641143.61,"yaw":0.0}
S03R {"entity":2,"event":"apply","pose":{"control":1,"durable":2,"entity":2,"position":[7.82034397125244,0.00100005290005356,6.4131817817688],"receipt_ms":11146,"sequence":243,"tick":615,"velocity":[-0.261681735515594,0.0,-4.99314022064209],"yaw":0.0523603446781635},"position":[7.82034397125244,0.00100005290005356,6.4131817817688],"time_ms":11153,"wall_ms":1791410641143.67,"yaw":0.0523603446781635}
S03R {"entity":1,"event":"apply","pose":{"control":1,"durable":2,"entity":1,"position":[0.0,0.00100011611357331,9.0000114440918],"receipt_ms":11188,"sequence":245,"tick":618,"velocity":[0.0,0.0,0.0],"yaw":0.0},"position":[0.0,0.00100011611357331,9.0000114440918],"time_ms":11202,"wall_ms":1791410641191.88,"yaw":0.0}
S03R {"entity":2,"event":"apply","pose":{"control":1,"durable":2,"entity":2,"position":[7.80726051330566,0.00100005290005356,6.16352462768555],"receipt_ms":11188,"sequence":244,"tick":618,"velocity":[-0.261681735515594,0.0,-4.99314022064209],"yaw":0.0523603446781635},"position":[7.80726051330566,0.00100005290005356,6.16352462768555],"time_ms":11202,"wall_ms":1791410641191.94,"yaw":0.0523603446781635}
S03R {"event":"keys","move":0.0,"role":"client","tick":492,"time_ms":11222,"turn":0.0,"wall_ms":1791410641212.6}
S03R {"entity":1,"event":"apply","pose":{"control":1,"durable":2,"entity":1,"position":[0.0,0.00100011611357331,9.0000114440918],"receipt_ms":11243,"sequence":246,"tick":621,"velocity":[0.0,0.0,0.0],"yaw":0.0},"position":[0.0,0.00100011611357331,9.0000114440918],"time_ms":11250,"wall_ms":1791410641240.21,"yaw":0.0}
S03R {"entity":2,"event":"apply","pose":{"control":1,"durable":2,"entity":2,"position":[7.79853820800781,0.00100005290005356,5.99708652496338],"receipt_ms":11243,"sequence":246,"tick":621,"velocity":[0.0,0.0,0.0],"yaw":0.0523603446781635},"position":[7.79853820800781,0.00100005290005356,5.99708652496338],"time_ms":11250,"wall_ms":1791410641240.27,"yaw":0.0523603446781635}
S03R {"entity":1,"event":"apply","pose":{"control":1,"durable":2,"entity":1,"position":[0.0,0.00100011611357331,9.0000114440918],"receipt_ms":11291,"sequence":248,"tick":624,"velocity":[0.0,0.0,0.0],"yaw":0.0},"position":[0.0,0.00100011611357331,9.0000114440918],"time_ms":11305,"wall_ms":1791410641295.44,"yaw":0.0}
S03R {"entity":2,"event":"apply","pose":{"control":1,"durable":2,"entity":2,"position":[7.79853820800781,0.00100005290005356,5.99708652496338],"receipt_ms":11291,"sequence":247,"tick":624,"velocity":[0.0,0.0,0.0],"yaw":0.0523603446781635},"position":[7.79853820800781,0.00100005290005356,5.99708652496338],"time_ms":11305,"wall_ms":1791410641295.54,"yaw":0.0523603446781635}
S03R {"entity":1,"event":"apply","pose":{"control":1,"durable":2,"entity":1,"position":[0.0,0.00100011611357331,9.0000114440918],"receipt_ms":11346,"sequence":249,"tick":627,"velocity":[0.0,0.0,0.0],"yaw":0.0},"position":[0.0,0.00100011611357331,9.0000114440918],"time_ms":11353,"wall_ms":1791410641343.75,"yaw":0.0}
S03R {"entity":2,"event":"apply","pose":{"control":1,"durable":2,"entity":2,"position":[7.79853820800781,0.00100005290005356,5.99708652496338],"receipt_ms":11346,"sequence":249,"tick":627,"velocity":[0.0,0.0,0.0],"yaw":0.0523603446781635},"position":[7.79853820800781,0.00100005290005356,5.99708652496338],"time_ms":11353,"wall_ms":1791410641343.8,"yaw":0.0523603446781635}
S03R {"entity":1,"event":"apply","pose":{"control":1,"durable":2,"entity":1,"position":[0.0,0.00100011611357331,9.0000114440918],"receipt_ms":11388,"sequence":251,"tick":630,"velocity":[0.0,0.0,0.0],"yaw":0.0},"position":[0.0,0.00100011611357331,9.0000114440918],"time_ms":11402,"wall_ms":1791410641391.91,"yaw":0.0}
S03R {"entity":2,"event":"apply","pose":{"control":1,"durable":2,"entity":2,"position":[7.79853820800781,0.00100005290005356,5.99708652496338],"receipt_ms":11388,"sequence":250,"tick":630,"velocity":[0.0,0.0,0.0],"yaw":0.0523603446781635},"position":[7.79853820800781,0.00100005290005356,5.99708652496338],"time_ms":11402,"wall_ms":1791410641391.95,"yaw":0.0523603446781635}
S03R {"entity":1,"event":"apply","pose":{"control":1,"durable":2,"entity":1,"position":[0.0,0.00100011611357331,9.0000114440918],"receipt_ms":11443,"sequence":252,"tick":633,"velocity":[0.0,0.0,0.0],"yaw":0.0},"position":[0.0,0.00100011611357331,9.0000114440918],"time_ms":11450,"wall_ms":1791410641440.33,"yaw":0.0}
S03R {"entity":2,"event":"apply","pose":{"control":1,"durable":2,"entity":2,"position":[7.79853820800781,0.00100005290005356,5.99708652496338],"receipt_ms":11443,"sequence":252,"tick":633,"velocity":[0.0,0.0,0.0],"yaw":0.0523603446781635},"position":[7.79853820800781,0.00100005290005356,5.99708652496338],"time_ms":11450,"wall_ms":1791410641440.4,"yaw":0.0523603446781635}
S03R {"entity":1,"event":"apply","pose":{"control":1,"durable":2,"entity":1,"position":[0.0,0.00100011611357331,9.0000114440918],"receipt_ms":11485,"sequence":254,"tick":636,"velocity":[0.0,0.0,0.0],"yaw":0.0},"position":[0.0,0.00100011611357331,9.0000114440918],"time_ms":11505,"wall_ms":1791410641495.48,"yaw":0.0}
S03R {"entity":2,"event":"apply","pose":{"control":1,"durable":2,"entity":2,"position":[7.79853820800781,0.00100005290005356,5.99708652496338],"receipt_ms":11485,"sequence":253,"tick":636,"velocity":[0.0,0.0,0.0],"yaw":0.0523603446781635},"position":[7.79853820800781,0.00100005290005356,5.99708652496338],"time_ms":11505,"wall_ms":1791410641495.53,"yaw":0.0523603446781635}
S03R {"event":"input","index":18,"move":0.0,"position":[7.79853820800781,0.00100005290005356,5.99708652496338],"role":"client","sequence_floor":255,"tick":510,"time_ms":11519,"turn":1.0,"wall_ms":1791410641509.33,"yaw":0.0523603446781635}
S03R {"event":"keys","move":0.0,"role":"client","tick":510,"time_ms":11519,"turn":1.0,"wall_ms":1791410641509.38}
S03R {"entity":1,"event":"apply","pose":{"control":1,"durable":2,"entity":1,"position":[0.0,0.00100011611357331,9.0000114440918],"receipt_ms":11547,"sequence":255,"tick":639,"velocity":[0.0,0.0,0.0],"yaw":0.0},"position":[0.0,0.00100011611357331,9.0000114440918],"time_ms":11554,"wall_ms":1791410641543.84,"yaw":0.0}
S03R {"entity":2,"event":"apply","pose":{"control":1,"durable":2,"entity":2,"position":[7.79853820800781,0.00100005290005356,5.99708652496338],"receipt_ms":11547,"sequence":255,"tick":639,"velocity":[0.0,0.0,0.0],"yaw":0.000000467118326241689},"position":[7.79853820800781,0.00100005290005356,5.99708652496338],"time_ms":11554,"wall_ms":1791410641543.9,"yaw":0.000000467118326241689}
S03R {"entity":1,"event":"apply","pose":{"control":1,"durable":2,"entity":1,"position":[0.0,0.00100011611357331,9.0000114440918],"receipt_ms":11588,"sequence":257,"tick":642,"velocity":[0.0,0.0,0.0],"yaw":0.0},"position":[0.0,0.00100011611357331,9.0000114440918],"time_ms":11602,"wall_ms":1791410641592.1,"yaw":0.0}
S03R {"entity":2,"event":"apply","pose":{"control":1,"durable":2,"entity":2,"position":[7.79853820800781,0.00100005290005356,5.99708652496338],"receipt_ms":11588,"sequence":256,"tick":642,"velocity":[0.0,0.0,0.0],"yaw":-0.157079175114632},"position":[7.79853820800781,0.00100005290005356,5.99708652496338],"time_ms":11602,"wall_ms":1791410641592.16,"yaw":-0.157079175114632}
S03R {"entity":1,"event":"apply","pose":{"control":1,"durable":2,"entity":1,"position":[0.0,0.00100011611357331,9.0000114440918],"receipt_ms":11637,"sequence":258,"tick":645,"velocity":[0.0,0.0,0.0],"yaw":0.0},"position":[0.0,0.00100011611357331,9.0000114440918],"time_ms":11650,"wall_ms":1791410641640.43,"yaw":0.0}
S03R {"entity":2,"event":"apply","pose":{"control":1,"durable":2,"entity":2,"position":[7.79853820800781,0.00100005290005356,5.99708652496338],"receipt_ms":11637,"sequence":258,"tick":645,"velocity":[0.0,0.0,0.0],"yaw":-0.314158827066422},"position":[7.79853820800781,0.00100005290005356,5.99708652496338],"time_ms":11650,"wall_ms":1791410641640.49,"yaw":-0.314158827066422}
S03R {"entity":1,"event":"apply","pose":{"control":1,"durable":2,"entity":1,"position":[0.0,0.00100011611357331,9.0000114440918],"receipt_ms":11691,"sequence":260,"tick":648,"velocity":[0.0,0.0,0.0],"yaw":0.0},"position":[0.0,0.00100011611357331,9.0000114440918],"time_ms":11705,"wall_ms":1791410641695.57,"yaw":0.0}
S03R {"entity":2,"event":"apply","pose":{"control":1,"durable":2,"entity":2,"position":[7.79853820800781,0.00100005290005356,5.99708652496338],"receipt_ms":11691,"sequence":259,"tick":648,"velocity":[0.0,0.0,0.0],"yaw":-0.471238523721695},"position":[7.79853820800781,0.00100005290005356,5.99708652496338],"time_ms":11705,"wall_ms":1791410641695.6,"yaw":-0.471238523721695}
S03R {"event":"keys","move":0.0,"role":"client","tick":522,"time_ms":11719,"turn":0.0,"wall_ms":1791410641709.38}
S03R {"entity":1,"event":"apply","pose":{"control":1,"durable":2,"entity":1,"position":[0.0,0.00100011611357331,9.0000114440918],"receipt_ms":11747,"sequence":261,"tick":651,"velocity":[0.0,0.0,0.0],"yaw":0.0},"position":[0.0,0.00100011611357331,9.0000114440918],"time_ms":11754,"wall_ms":1791410641743.89,"yaw":0.0}
S03R {"entity":2,"event":"apply","pose":{"control":1,"durable":2,"entity":2,"position":[7.79853820800781,0.00100005290005356,5.99708652496338],"receipt_ms":11747,"sequence":261,"tick":651,"velocity":[0.0,0.0,0.0],"yaw":-0.575958251953125},"position":[7.79853820800781,0.00100005290005356,5.99708652496338],"time_ms":11754,"wall_ms":1791410641743.92,"yaw":-0.575958251953125}
S03R {"entity":1,"event":"apply","pose":{"control":1,"durable":2,"entity":1,"position":[0.0,0.00100011611357331,9.0000114440918],"receipt_ms":11795,"sequence":263,"tick":654,"velocity":[0.0,0.0,0.0],"yaw":0.0},"position":[0.0,0.00100011611357331,9.0000114440918],"time_ms":11802,"wall_ms":1791410641792.17,"yaw":0.0}
S03R {"entity":2,"event":"apply","pose":{"control":1,"durable":2,"entity":2,"position":[7.79853820800781,0.00100005290005356,5.99708652496338],"receipt_ms":11795,"sequence":262,"tick":654,"velocity":[0.0,0.0,0.0],"yaw":-0.575958251953125},"position":[7.79853820800781,0.00100005290005356,5.99708652496338],"time_ms":11802,"wall_ms":1791410641792.21,"yaw":-0.575958251953125}
S03R {"entity":1,"event":"apply","pose":{"control":1,"durable":2,"entity":1,"position":[0.0,0.00100011611357331,9.0000114440918],"receipt_ms":11843,"sequence":264,"tick":657,"velocity":[0.0,0.0,0.0],"yaw":0.0},"position":[0.0,0.00100011611357331,9.0000114440918],"time_ms":11850,"wall_ms":1791410641840.53,"yaw":0.0}
S03R {"entity":2,"event":"apply","pose":{"control":1,"durable":2,"entity":2,"position":[7.79853820800781,0.00100005290005356,5.99708652496338],"receipt_ms":11843,"sequence":264,"tick":657,"velocity":[0.0,0.0,0.0],"yaw":-0.575958251953125},"position":[7.79853820800781,0.00100005290005356,5.99708652496338],"time_ms":11850,"wall_ms":1791410641840.59,"yaw":-0.575958251953125}
S03R {"entity":1,"event":"apply","pose":{"control":1,"durable":2,"entity":1,"position":[0.0,0.00100011611357331,9.0000114440918],"receipt_ms":11892,"sequence":266,"tick":660,"velocity":[0.0,0.0,0.0],"yaw":0.0},"position":[0.0,0.00100011611357331,9.0000114440918],"time_ms":11905,"wall_ms":1791410641895.69,"yaw":0.0}
S03R {"entity":2,"event":"apply","pose":{"control":1,"durable":2,"entity":2,"position":[7.79853820800781,0.00100005290005356,5.99708652496338],"receipt_ms":11892,"sequence":265,"tick":660,"velocity":[0.0,0.0,0.0],"yaw":-0.575958251953125},"position":[7.79853820800781,0.00100005290005356,5.99708652496338],"time_ms":11905,"wall_ms":1791410641895.75,"yaw":-0.575958251953125}
S03R {"entity":1,"event":"apply","pose":{"control":1,"durable":2,"entity":1,"position":[0.0,0.00100011611357331,9.0000114440918],"receipt_ms":11940,"sequence":267,"tick":663,"velocity":[0.0,0.0,0.0],"yaw":0.0},"position":[0.0,0.00100011611357331,9.0000114440918],"time_ms":11954,"wall_ms":1791410641944.04,"yaw":0.0}
S03R {"entity":2,"event":"apply","pose":{"control":1,"durable":2,"entity":2,"position":[7.79853820800781,0.00100005290005356,5.99708652496338],"receipt_ms":11940,"sequence":267,"tick":663,"velocity":[0.0,0.0,0.0],"yaw":-0.575958251953125},"position":[7.79853820800781,0.00100005290005356,5.99708652496338],"time_ms":11954,"wall_ms":1791410641944.09,"yaw":-0.575958251953125}
S03R {"entity":1,"event":"apply","pose":{"control":1,"durable":2,"entity":1,"position":[0.0,0.00100011611357331,9.0000114440918],"receipt_ms":11989,"sequence":269,"tick":666,"velocity":[0.0,0.0,0.0],"yaw":0.0},"position":[0.0,0.00100011611357331,9.0000114440918],"time_ms":12002,"wall_ms":1791410641992.3,"yaw":0.0}
S03R {"entity":2,"event":"apply","pose":{"control":1,"durable":2,"entity":2,"position":[7.79853820800781,0.00100005290005356,5.99708652496338],"receipt_ms":11989,"sequence":268,"tick":666,"velocity":[0.0,0.0,0.0],"yaw":-0.575958251953125},"position":[7.79853820800781,0.00100005290005356,5.99708652496338],"time_ms":12002,"wall_ms":1791410641992.37,"yaw":-0.575958251953125}
S03R {"event":"input","index":19,"move":1.0,"position":[7.79853820800781,0.00100005290005356,5.99708652496338],"role":"client","sequence_floor":270,"tick":540,"time_ms":12023,"turn":0.0,"wall_ms":1791410642013.02,"yaw":-0.575958251953125}
S03R {"event":"keys","move":1.0,"role":"client","tick":540,"time_ms":12023,"turn":0.0,"wall_ms":1791410642013.06}
S03R {"entity":1,"event":"apply","pose":{"control":1,"durable":2,"entity":1,"position":[0.0,0.00100011611357331,9.0000114440918],"receipt_ms":12037,"sequence":270,"tick":669,"velocity":[0.0,0.0,0.0],"yaw":0.0},"position":[0.0,0.00100011611357331,9.0000114440918],"time_ms":12050,"wall_ms":1791410642040.63,"yaw":0.0}
S03R {"entity":2,"event":"apply","pose":{"control":1,"durable":2,"entity":2,"position":[7.8439245223999,0.00100005290005356,5.92719745635986],"receipt_ms":12037,"sequence":270,"tick":669,"velocity":[2.72318935394287,0.0,-4.19334745407104],"yaw":-0.575958251953125},"position":[7.8439245223999,0.00100005290005356,5.92719745635986],"time_ms":12050,"wall_ms":1791410642040.69,"yaw":-0.575958251953125}
S03R {"entity":1,"event":"apply","pose":{"control":1,"durable":2,"entity":1,"position":[0.0,0.00100011611357331,9.0000114440918],"receipt_ms":12085,"sequence":272,"tick":672,"velocity":[0.0,0.0,0.0],"yaw":0.0},"position":[0.0,0.00100011611357331,9.0000114440918],"time_ms":12105,"wall_ms":1791410642095.8,"yaw":0.0}
S03R {"entity":2,"event":"apply","pose":{"control":1,"durable":2,"entity":2,"position":[7.98008346557617,0.00100005290005356,5.71753025054932],"receipt_ms":12085,"sequence":271,"tick":672,"velocity":[2.72318935394287,0.0,-4.19334745407104],"yaw":-0.575958251953125},"position":[7.98008346557617,0.00100005290005356,5.71753025054932],"time_ms":12106,"wall_ms":1791410642095.85,"yaw":-0.575958251953125}
S03R {"entity":1,"event":"apply","pose":{"control":1,"durable":2,"entity":1,"position":[0.0,0.00100011611357331,9.0000114440918],"receipt_ms":12140,"sequence":273,"tick":675,"velocity":[0.0,0.0,0.0],"yaw":0.0},"position":[0.0,0.00100011611357331,9.0000114440918],"time_ms":12154,"wall_ms":1791410642144.14,"yaw":0.0}
S03R {"entity":2,"event":"apply","pose":{"control":1,"durable":2,"entity":2,"position":[8.11624240875244,0.00100005290005356,5.50786304473877],"receipt_ms":12140,"sequence":273,"tick":675,"velocity":[2.72318935394287,0.0,-4.19334745407104],"yaw":-0.575958251953125},"position":[8.11624240875244,0.00100005290005356,5.50786304473877],"time_ms":12154,"wall_ms":1791410642144.2,"yaw":-0.575958251953125}
S03R {"entity":1,"event":"apply","pose":{"control":1,"durable":2,"entity":1,"position":[0.0,0.00100011611357331,9.0000114440918],"receipt_ms":12195,"sequence":275,"tick":678,"velocity":[0.0,0.0,0.0],"yaw":0.0},"position":[0.0,0.00100011611357331,9.0000114440918],"time_ms":12202,"wall_ms":1791410642192.38,"yaw":0.0}
S03R {"entity":2,"event":"apply","pose":{"control":1,"durable":2,"entity":2,"position":[8.25240135192871,0.00100005290005356,5.29819583892822],"receipt_ms":12195,"sequence":274,"tick":678,"velocity":[2.72318935394287,0.0,-4.19334745407104],"yaw":-0.575958251953125},"position":[8.25240135192871,0.00100005290005356,5.29819583892822],"time_ms":12202,"wall_ms":1791410642192.43,"yaw":-0.575958251953125}
S03R {"event":"keys","move":0.0,"role":"client","tick":552,"time_ms":12223,"turn":0.0,"wall_ms":1791410642213.12}
S03R {"entity":1,"event":"apply","pose":{"control":1,"durable":2,"entity":1,"position":[0.0,0.00100011611357331,9.0000114440918],"receipt_ms":12243,"sequence":276,"tick":681,"velocity":[0.0,0.0,0.0],"yaw":0.0},"position":[0.0,0.00100011611357331,9.0000114440918],"time_ms":12250,"wall_ms":1791410642240.73,"yaw":0.0}
S03R {"entity":2,"event":"apply","pose":{"control":1,"durable":2,"entity":2,"position":[8.34317398071289,0.00100005290005356,5.15841770172119],"receipt_ms":12243,"sequence":276,"tick":681,"velocity":[0.0,0.0,0.0],"yaw":-0.575958251953125},"position":[8.34317398071289,0.00100005290005356,5.15841770172119],"time_ms":12250,"wall_ms":1791410642240.79,"yaw":-0.575958251953125}
S03R {"entity":1,"event":"apply","pose":{"control":1,"durable":2,"entity":1,"position":[0.0,0.00100011611357331,9.0000114440918],"receipt_ms":12285,"sequence":278,"tick":684,"velocity":[0.0,0.0,0.0],"yaw":0.0},"position":[0.0,0.00100011611357331,9.0000114440918],"time_ms":12306,"wall_ms":1791410642295.9,"yaw":0.0}
S03R {"entity":2,"event":"apply","pose":{"control":1,"durable":2,"entity":2,"position":[8.34317398071289,0.00100005290005356,5.15841770172119],"receipt_ms":12285,"sequence":277,"tick":684,"velocity":[0.0,0.0,0.0],"yaw":-0.575958251953125},"position":[8.34317398071289,0.00100005290005356,5.15841770172119],"time_ms":12306,"wall_ms":1791410642295.96,"yaw":-0.575958251953125}
S03R {"entity":1,"event":"apply","pose":{"control":1,"durable":2,"entity":1,"position":[0.0,0.00100011611357331,9.0000114440918],"receipt_ms":12340,"sequence":279,"tick":687,"velocity":[0.0,0.0,0.0],"yaw":0.0},"position":[0.0,0.00100011611357331,9.0000114440918],"time_ms":12354,"wall_ms":1791410642344.25,"yaw":0.0}
S03R {"entity":2,"event":"apply","pose":{"control":1,"durable":2,"entity":2,"position":[8.34317398071289,0.00100005290005356,5.15841770172119],"receipt_ms":12340,"sequence":279,"tick":687,"velocity":[0.0,0.0,0.0],"yaw":-0.575958251953125},"position":[8.34317398071289,0.00100005290005356,5.15841770172119],"time_ms":12354,"wall_ms":1791410642344.32,"yaw":-0.575958251953125}
S03R {"entity":1,"event":"apply","pose":{"control":1,"durable":2,"entity":1,"position":[0.0,0.00100011611357331,9.0000114440918],"receipt_ms":12389,"sequence":281,"tick":690,"velocity":[0.0,0.0,0.0],"yaw":0.0},"position":[0.0,0.00100011611357331,9.0000114440918],"time_ms":12402,"wall_ms":1791410642392.5,"yaw":0.0}
S03R {"entity":2,"event":"apply","pose":{"control":1,"durable":2,"entity":2,"position":[8.34317398071289,0.00100005290005356,5.15841770172119],"receipt_ms":12389,"sequence":280,"tick":690,"velocity":[0.0,0.0,0.0],"yaw":-0.575958251953125},"position":[8.34317398071289,0.00100005290005356,5.15841770172119],"time_ms":12402,"wall_ms":1791410642392.55,"yaw":-0.575958251953125}
S03R {"entity":1,"event":"apply","pose":{"control":1,"durable":2,"entity":1,"position":[0.0,0.00100011611357331,9.0000114440918],"receipt_ms":12437,"sequence":282,"tick":693,"velocity":[0.0,0.0,0.0],"yaw":0.0},"position":[0.0,0.00100011611357331,9.0000114440918],"time_ms":12450,"wall_ms":1791410642440.85,"yaw":0.0}
S03R {"entity":2,"event":"apply","pose":{"control":1,"durable":2,"entity":2,"position":[8.34317398071289,0.00100005290005356,5.15841770172119],"receipt_ms":12437,"sequence":282,"tick":693,"velocity":[0.0,0.0,0.0],"yaw":-0.575958251953125},"position":[8.34317398071289,0.00100005290005356,5.15841770172119],"time_ms":12451,"wall_ms":1791410642440.89,"yaw":-0.575958251953125}
S03R {"entity":1,"event":"apply","pose":{"control":1,"durable":2,"entity":1,"position":[0.0,0.00100011611357331,9.0000114440918],"receipt_ms":12485,"sequence":284,"tick":696,"velocity":[0.0,0.0,0.0],"yaw":0.0},"position":[0.0,0.00100011611357331,9.0000114440918],"time_ms":12506,"wall_ms":1791410642496.01,"yaw":0.0}
S03R {"entity":2,"event":"apply","pose":{"control":1,"durable":2,"entity":2,"position":[8.34317398071289,0.00100005290005356,5.15841770172119],"receipt_ms":12485,"sequence":283,"tick":696,"velocity":[0.0,0.0,0.0],"yaw":-0.575958251953125},"position":[8.34317398071289,0.00100005290005356,5.15841770172119],"time_ms":12506,"wall_ms":1791410642496.07,"yaw":-0.575958251953125}
S03R {"event":"input","index":20,"move":0.0,"position":[8.34317398071289,0.00100005290005356,5.15841770172119],"role":"client","sequence_floor":285,"tick":570,"time_ms":12519,"turn":-1.0,"wall_ms":1791410642509.83,"yaw":-0.575958251953125}
S03R {"event":"keys","move":0.0,"role":"client","tick":570,"time_ms":12520,"turn":-1.0,"wall_ms":1791410642509.88}
S03R {"entity":1,"event":"apply","pose":{"control":1,"durable":2,"entity":1,"position":[0.0,0.00100011611357331,9.0000114440918],"receipt_ms":12547,"sequence":285,"tick":699,"velocity":[0.0,0.0,0.0],"yaw":0.0},"position":[0.0,0.00100011611357331,9.0000114440918],"time_ms":12554,"wall_ms":1791410642544.35,"yaw":0.0}
S03R {"entity":2,"event":"apply","pose":{"control":1,"durable":2,"entity":2,"position":[8.34317398071289,0.00100005290005356,5.15841770172119],"receipt_ms":12547,"sequence":285,"tick":699,"velocity":[0.0,0.0,0.0],"yaw":-0.523598372936249},"position":[8.34317398071289,0.00100005290005356,5.15841770172119],"time_ms":12554,"wall_ms":1791410642544.41,"yaw":-0.523598372936249}
S03R {"entity":1,"event":"apply","pose":{"control":1,"durable":2,"entity":1,"position":[0.0,0.00100011611357331,9.0000114440918],"receipt_ms":12589,"sequence":287,"tick":702,"velocity":[0.0,0.0,0.0],"yaw":0.0},"position":[0.0,0.00100011611357331,9.0000114440918],"time_ms":12602,"wall_ms":1791410642592.6,"yaw":0.0}
S03R {"entity":2,"event":"apply","pose":{"control":1,"durable":2,"entity":2,"position":[8.34317398071289,0.00100005290005356,5.15841770172119],"receipt_ms":12589,"sequence":286,"tick":702,"velocity":[0.0,0.0,0.0],"yaw":-0.366518765687943},"position":[8.34317398071289,0.00100005290005356,5.15841770172119],"time_ms":12602,"wall_ms":1791410642592.65,"yaw":-0.366518765687943}
S03R {"entity":1,"event":"apply","pose":{"control":1,"durable":2,"entity":1,"position":[0.0,0.00100011611357331,9.0000114440918],"receipt_ms":12637,"sequence":288,"tick":705,"velocity":[0.0,0.0,0.0],"yaw":0.0},"position":[0.0,0.00100011611357331,9.0000114440918],"time_ms":12651,"wall_ms":1791410642640.9,"yaw":0.0}
S03R {"entity":2,"event":"apply","pose":{"control":1,"durable":2,"entity":2,"position":[8.34317398071289,0.00100005290005356,5.15841770172119],"receipt_ms":12637,"sequence":288,"tick":705,"velocity":[0.0,0.0,0.0],"yaw":-0.209439143538475},"position":[8.34317398071289,0.00100005290005356,5.15841770172119],"time_ms":12651,"wall_ms":1791410642640.93,"yaw":-0.209439143538475}
S03R {"entity":1,"event":"apply","pose":{"control":1,"durable":2,"entity":1,"position":[0.0,0.00100011611357331,9.0000114440918],"receipt_ms":12686,"sequence":290,"tick":708,"velocity":[0.0,0.0,0.0],"yaw":0.0},"position":[0.0,0.00100011611357331,9.0000114440918],"time_ms":12706,"wall_ms":1791410642696.09,"yaw":0.0}
S03R {"entity":2,"event":"apply","pose":{"control":1,"durable":2,"entity":2,"position":[8.34317398071289,0.00100005290005356,5.15841770172119],"receipt_ms":12686,"sequence":289,"tick":708,"velocity":[0.0,0.0,0.0],"yaw":-0.0523595027625561},"position":[8.34317398071289,0.00100005290005356,5.15841770172119],"time_ms":12706,"wall_ms":1791410642696.12,"yaw":-0.0523595027625561}
S03R {"event":"keys","move":0.0,"role":"client","tick":582,"time_ms":12720,"turn":0.0,"wall_ms":1791410642709.9}
S03R {"entity":1,"event":"apply","pose":{"control":1,"durable":2,"entity":1,"position":[0.0,0.00100011611357331,9.0000114440918],"receipt_ms":12747,"sequence":291,"tick":711,"velocity":[0.0,0.0,0.0],"yaw":0.0},"position":[0.0,0.00100011611357331,9.0000114440918],"time_ms":12754,"wall_ms":1791410642744.39,"yaw":0.0}
S03R {"entity":2,"event":"apply","pose":{"control":1,"durable":2,"entity":2,"position":[8.34317398071289,0.00100005290005356,5.15841770172119],"receipt_ms":12747,"sequence":291,"tick":711,"velocity":[0.0,0.0,0.0],"yaw":0.0523602589964867},"position":[8.34317398071289,0.00100005290005356,5.15841770172119],"time_ms":12754,"wall_ms":1791410642744.42,"yaw":0.0523602589964867}
S03R {"entity":1,"event":"apply","pose":{"control":1,"durable":2,"entity":1,"position":[0.0,0.00100011611357331,9.0000114440918],"receipt_ms":12795,"sequence":293,"tick":714,"velocity":[0.0,0.0,0.0],"yaw":0.0},"position":[0.0,0.00100011611357331,9.0000114440918],"time_ms":12802,"wall_ms":1791410642792.69,"yaw":0.0}
S03R {"entity":2,"event":"apply","pose":{"control":1,"durable":2,"entity":2,"position":[8.34317398071289,0.00100005290005356,5.15841770172119],"receipt_ms":12795,"sequence":292,"tick":714,"velocity":[0.0,0.0,0.0],"yaw":0.0523602701723576},"position":[8.34317398071289,0.00100005290005356,5.15841770172119],"time_ms":12802,"wall_ms":1791410642792.72,"yaw":0.0523602701723576}
S03R {"entity":1,"event":"apply","pose":{"control":1,"durable":2,"entity":1,"position":[0.0,0.00100011611357331,9.0000114440918],"receipt_ms":12837,"sequence":294,"tick":717,"velocity":[0.0,0.0,0.0],"yaw":0.0},"position":[0.0,0.00100011611357331,9.0000114440918],"time_ms":12851,"wall_ms":1791410642841.05,"yaw":0.0}
S03R {"entity":2,"event":"apply","pose":{"control":1,"durable":2,"entity":2,"position":[8.34317398071289,0.00100005290005356,5.15841770172119],"receipt_ms":12837,"sequence":294,"tick":717,"velocity":[0.0,0.0,0.0],"yaw":0.0523602813482285},"position":[8.34317398071289,0.00100005290005356,5.15841770172119],"time_ms":12851,"wall_ms":1791410642841.1,"yaw":0.0523602813482285}
S03R {"entity":1,"event":"apply","pose":{"control":1,"durable":2,"entity":1,"position":[0.0,0.00100011611357331,9.0000114440918],"receipt_ms":12892,"sequence":296,"tick":720,"velocity":[0.0,0.0,0.0],"yaw":0.0},"position":[0.0,0.00100011611357331,9.0000114440918],"time_ms":12906,"wall_ms":1791410642896.21,"yaw":0.0}
S03R {"entity":2,"event":"apply","pose":{"control":1,"durable":2,"entity":2,"position":[8.34317398071289,0.00100005290005356,5.15841770172119],"receipt_ms":12892,"sequence":295,"tick":720,"velocity":[0.0,0.0,0.0],"yaw":0.0523602925240993},"position":[8.34317398071289,0.00100005290005356,5.15841770172119],"time_ms":12906,"wall_ms":1791410642896.27,"yaw":0.0523602925240993}
S03R {"entity":1,"event":"apply","pose":{"control":1,"durable":2,"entity":1,"position":[0.0,0.00100011611357331,9.0000114440918],"receipt_ms":12940,"sequence":297,"tick":723,"velocity":[0.0,0.0,0.0],"yaw":0.0},"position":[0.0,0.00100011611357331,9.0000114440918],"time_ms":12954,"wall_ms":1791410642944.55,"yaw":0.0}
S03R {"entity":2,"event":"apply","pose":{"control":1,"durable":2,"entity":2,"position":[8.34317398071289,0.00100005290005356,5.15841770172119],"receipt_ms":12940,"sequence":297,"tick":723,"velocity":[0.0,0.0,0.0],"yaw":0.0523603036999702},"position":[8.34317398071289,0.00100005290005356,5.15841770172119],"time_ms":12954,"wall_ms":1791410642944.61,"yaw":0.0523603036999702}
S03R {"entity":1,"event":"apply","pose":{"control":1,"durable":2,"entity":1,"position":[0.0,0.00100011611357331,9.0000114440918],"receipt_ms":12996,"sequence":299,"tick":726,"velocity":[0.0,0.0,0.0],"yaw":0.0},"position":[0.0,0.00100011611357331,9.0000114440918],"time_ms":13002,"wall_ms":1791410642992.81,"yaw":0.0}
S03R {"entity":2,"event":"apply","pose":{"control":1,"durable":2,"entity":2,"position":[8.34317398071289,0.00100005290005356,5.15841770172119],"receipt_ms":12996,"sequence":298,"tick":726,"velocity":[0.0,0.0,0.0],"yaw":0.0523603148758411},"position":[8.34317398071289,0.00100005290005356,5.15841770172119],"time_ms":13003,"wall_ms":1791410642992.87,"yaw":0.0523603148758411}
S03R {"event":"input","index":21,"move":1.0,"position":[8.34317398071289,0.00100005290005356,5.15841770172119],"role":"client","sequence_floor":300,"tick":600,"time_ms":13023,"turn":0.0,"wall_ms":1791410643013.56,"yaw":0.0523603148758411}
S03R {"event":"keys","move":1.0,"role":"client","tick":600,"time_ms":13023,"turn":0.0,"wall_ms":1791410643013.6}
S03R {"entity":1,"event":"apply","pose":{"control":1,"durable":2,"entity":1,"position":[0.0,0.00100011611357331,9.0000114440918],"receipt_ms":13044,"sequence":300,"tick":729,"velocity":[0.0,0.0,0.0],"yaw":0.0},"position":[0.0,0.00100011611357331,9.0000114440918],"time_ms":13051,"wall_ms":1791410643041.17,"yaw":0.0}
S03R {"entity":2,"event":"apply","pose":{"control":1,"durable":2,"entity":2,"position":[6.0,0.00100011611357331,5.91666698455811],"receipt_ms":13044,"sequence":300,"tick":729,"velocity":[0.0,0.0,-4.99999189376831],"yaw":0.0},"position":[6.0,0.00100011611357331,5.91666698455811],"time_ms":13051,"wall_ms":1791410643041.23,"yaw":0.0}
S03R {"entity":1,"event":"apply","pose":{"control":1,"durable":2,"entity":1,"position":[0.0,0.00100011611357331,9.0000114440918],"receipt_ms":13099,"sequence":302,"tick":732,"velocity":[0.0,0.0,0.0],"yaw":0.0},"position":[0.0,0.00100011611357331,9.0000114440918],"time_ms":13106,"wall_ms":1791410643096.32,"yaw":0.0}
S03R {"entity":2,"event":"apply","pose":{"control":1,"durable":2,"entity":2,"position":[6.0,0.00100011611357331,5.66666793823242],"receipt_ms":13099,"sequence":301,"tick":732,"velocity":[0.0,0.0,-4.99999189376831],"yaw":0.0},"position":[6.0,0.00100011611357331,5.66666793823242],"time_ms":13106,"wall_ms":1791410643096.38,"yaw":0.0}
S03R {"entity":1,"event":"apply","pose":{"control":1,"durable":2,"entity":1,"position":[0.0,0.00100011611357331,9.0000114440918],"receipt_ms":13147,"sequence":303,"tick":735,"velocity":[0.0,0.0,0.0],"yaw":0.0},"position":[0.0,0.00100011611357331,9.0000114440918],"time_ms":13154,"wall_ms":1791410643144.67,"yaw":0.0}
S03R {"entity":2,"event":"apply","pose":{"control":1,"durable":2,"entity":2,"position":[6.0,0.00100011611357331,5.41666889190674],"receipt_ms":13147,"sequence":303,"tick":735,"velocity":[0.0,0.0,-4.99999189376831],"yaw":0.0},"position":[6.0,0.00100011611357331,5.41666889190674],"time_ms":13154,"wall_ms":1791410643144.73,"yaw":0.0}
S03R {"entity":1,"event":"apply","pose":{"control":1,"durable":2,"entity":1,"position":[0.0,0.00100011611357331,9.0000114440918],"receipt_ms":13196,"sequence":305,"tick":738,"velocity":[0.0,0.0,0.0],"yaw":0.0},"position":[0.0,0.00100011611357331,9.0000114440918],"time_ms":13203,"wall_ms":1791410643192.91,"yaw":0.0}
S03R {"entity":2,"event":"apply","pose":{"control":1,"durable":2,"entity":2,"position":[6.0,0.00100011611357331,5.16666984558105],"receipt_ms":13196,"sequence":304,"tick":738,"velocity":[0.0,0.0,-4.99999189376831],"yaw":0.0},"position":[6.0,0.00100011611357331,5.16666984558105],"time_ms":13203,"wall_ms":1791410643192.97,"yaw":0.0}
S03R {"entity":1,"event":"apply","pose":{"control":1,"durable":2,"entity":1,"position":[0.0,0.00100011611357331,9.0000114440918],"receipt_ms":13237,"sequence":306,"tick":741,"velocity":[0.0,0.0,0.0],"yaw":0.0},"position":[0.0,0.00100011611357331,9.0000114440918],"time_ms":13251,"wall_ms":1791410643241.26,"yaw":0.0}
S03R {"entity":2,"event":"apply","pose":{"control":1,"durable":2,"entity":2,"position":[6.0,0.00100011611357331,4.91667079925537],"receipt_ms":13237,"sequence":306,"tick":741,"velocity":[0.0,0.0,-4.99999189376831],"yaw":0.0},"position":[6.0,0.00100011611357331,4.91667079925537],"time_ms":13251,"wall_ms":1791410643241.31,"yaw":0.0}
S03R {"entity":1,"event":"apply","pose":{"control":1,"durable":2,"entity":1,"position":[0.0,0.00100011611357331,9.0000114440918],"receipt_ms":13299,"sequence":308,"tick":744,"velocity":[0.0,0.0,0.0],"yaw":0.0},"position":[0.0,0.00100011611357331,9.0000114440918],"time_ms":13306,"wall_ms":1791410643296.39,"yaw":0.0}
S03R {"entity":2,"event":"apply","pose":{"control":1,"durable":2,"entity":2,"position":[6.0,0.00100011611357331,4.66667175292969],"receipt_ms":13299,"sequence":307,"tick":744,"velocity":[0.0,0.0,-4.99999189376831],"yaw":0.0},"position":[6.0,0.00100011611357331,4.66667175292969],"time_ms":13306,"wall_ms":1791410643296.44,"yaw":0.0}
S03R {"entity":1,"event":"apply","pose":{"control":1,"durable":2,"entity":1,"position":[0.0,0.00100011611357331,9.0000114440918],"receipt_ms":13341,"sequence":309,"tick":747,"velocity":[0.0,0.0,0.0],"yaw":0.0},"position":[0.0,0.00100011611357331,9.0000114440918],"time_ms":13354,"wall_ms":1791410643344.76,"yaw":0.0}
S03R {"entity":2,"event":"apply","pose":{"control":1,"durable":2,"entity":2,"position":[6.0,0.00100011611357331,4.416672706604],"receipt_ms":13341,"sequence":309,"tick":747,"velocity":[0.0,0.0,-4.99999189376831],"yaw":0.0},"position":[6.0,0.00100011611357331,4.416672706604],"time_ms":13354,"wall_ms":1791410643344.82,"yaw":0.0}
S03R {"entity":1,"event":"apply","pose":{"control":1,"durable":2,"entity":1,"position":[0.0,0.00100011611357331,9.0000114440918],"receipt_ms":13389,"sequence":311,"tick":750,"velocity":[0.0,0.0,0.0],"yaw":0.0},"position":[0.0,0.00100011611357331,9.0000114440918],"time_ms":13403,"wall_ms":1791410643393.02,"yaw":0.0}
S03R {"entity":2,"event":"apply","pose":{"control":1,"durable":2,"entity":2,"position":[6.0,0.00100011611357331,4.16667366027832],"receipt_ms":13389,"sequence":310,"tick":750,"velocity":[0.0,0.0,-4.99999189376831],"yaw":0.0},"position":[6.0,0.00100011611357331,4.16667366027832],"time_ms":13403,"wall_ms":1791410643393.07,"yaw":0.0}
S03R {"entity":1,"event":"apply","pose":{"control":1,"durable":2,"entity":1,"position":[0.0,0.00100011611357331,9.0000114440918],"receipt_ms":13437,"sequence":312,"tick":753,"velocity":[0.0,0.0,0.0],"yaw":0.0},"position":[0.0,0.00100011611357331,9.0000114440918],"time_ms":13451,"wall_ms":1791410643441.38,"yaw":0.0}
S03R {"entity":2,"event":"apply","pose":{"control":1,"durable":2,"entity":2,"position":[6.0,0.00100011611357331,3.91667437553406],"receipt_ms":13437,"sequence":312,"tick":753,"velocity":[0.0,0.0,-4.99999189376831],"yaw":0.0},"position":[6.0,0.00100011611357331,3.91667437553406],"time_ms":13451,"wall_ms":1791410643441.44,"yaw":0.0}
S03R {"entity":1,"event":"apply","pose":{"control":1,"durable":2,"entity":1,"position":[0.0,0.00100011611357331,9.0000114440918],"receipt_ms":13492,"sequence":314,"tick":756,"velocity":[0.0,0.0,0.0],"yaw":0.0},"position":[0.0,0.00100011611357331,9.0000114440918],"time_ms":13506,"wall_ms":1791410643496.53,"yaw":0.0}
S03R {"entity":2,"event":"apply","pose":{"control":1,"durable":2,"entity":2,"position":[6.0,0.00100011611357331,3.66667461395264],"receipt_ms":13492,"sequence":313,"tick":756,"velocity":[0.0,0.0,-4.99999189376831],"yaw":0.0},"position":[6.0,0.00100011611357331,3.66667461395264],"time_ms":13506,"wall_ms":1791410643496.58,"yaw":0.0}
S03R {"entity":1,"event":"apply","pose":{"control":1,"durable":2,"entity":1,"position":[0.0,0.00100011611357331,9.0000114440918],"receipt_ms":13541,"sequence":315,"tick":759,"velocity":[0.0,0.0,0.0],"yaw":0.0},"position":[0.0,0.00100011611357331,9.0000114440918],"time_ms":13554,"wall_ms":1791410643544.83,"yaw":0.0}
S03R {"entity":2,"event":"apply","pose":{"control":1,"durable":2,"entity":2,"position":[6.0,0.00100011611357331,3.41667485237122],"receipt_ms":13541,"sequence":315,"tick":759,"velocity":[0.0,0.0,-4.99999189376831],"yaw":0.0},"position":[6.0,0.00100011611357331,3.41667485237122],"time_ms":13554,"wall_ms":1791410643544.86,"yaw":0.0}
S03R {"entity":1,"event":"apply","pose":{"control":1,"durable":2,"entity":1,"position":[0.0,0.00100011611357331,9.0000114440918],"receipt_ms":13589,"sequence":317,"tick":762,"velocity":[0.0,0.0,0.0],"yaw":0.0},"position":[0.0,0.00100011611357331,9.0000114440918],"time_ms":13603,"wall_ms":1791410643593.12,"yaw":0.0}
S03R {"entity":2,"event":"apply","pose":{"control":1,"durable":2,"entity":2,"position":[6.0,0.00100011611357331,3.16667509078979],"receipt_ms":13589,"sequence":316,"tick":762,"velocity":[0.0,0.0,-4.99999189376831],"yaw":0.0},"position":[6.0,0.00100011611357331,3.16667509078979],"time_ms":13603,"wall_ms":1791410643593.18,"yaw":0.0}
S03R {"entity":1,"event":"apply","pose":{"control":1,"durable":2,"entity":1,"position":[0.0,0.00100011611357331,9.0000114440918],"receipt_ms":13644,"sequence":318,"tick":765,"velocity":[0.0,0.0,0.0],"yaw":0.0},"position":[0.0,0.00100011611357331,9.0000114440918],"time_ms":13651,"wall_ms":1791410643641.44,"yaw":0.0}
S03R {"entity":2,"event":"apply","pose":{"control":1,"durable":2,"entity":2,"position":[6.0,0.00100011611357331,2.91667532920837],"receipt_ms":13644,"sequence":318,"tick":765,"velocity":[0.0,0.0,-4.99999189376831],"yaw":0.0},"position":[6.0,0.00100011611357331,2.91667532920837],"time_ms":13651,"wall_ms":1791410643641.5,"yaw":0.0}
S03R {"entity":1,"event":"apply","pose":{"control":1,"durable":2,"entity":1,"position":[0.0,0.00100011611357331,9.0000114440918],"receipt_ms":13699,"sequence":320,"tick":768,"velocity":[0.0,0.0,0.0],"yaw":0.0},"position":[0.0,0.00100011611357331,9.0000114440918],"time_ms":13706,"wall_ms":1791410643696.61,"yaw":0.0}
S03R {"entity":2,"event":"apply","pose":{"control":1,"durable":2,"entity":2,"position":[6.0,0.00100011611357331,2.66667556762695],"receipt_ms":13699,"sequence":319,"tick":768,"velocity":[0.0,0.0,-4.99999189376831],"yaw":0.0},"position":[6.0,0.00100011611357331,2.66667556762695],"time_ms":13706,"wall_ms":1791410643696.64,"yaw":0.0}
S03R {"entity":1,"event":"apply","pose":{"control":1,"durable":2,"entity":1,"position":[0.0,0.00100011611357331,9.0000114440918],"receipt_ms":13748,"sequence":321,"tick":771,"velocity":[0.0,0.0,0.0],"yaw":0.0},"position":[0.0,0.00100011611357331,9.0000114440918],"time_ms":13755,"wall_ms":1791410643744.99,"yaw":0.0}
S03R {"entity":2,"event":"apply","pose":{"control":1,"durable":2,"entity":2,"position":[6.0,0.00100011611357331,2.41667580604553],"receipt_ms":13748,"sequence":321,"tick":771,"velocity":[0.0,0.0,-4.99999189376831],"yaw":0.0},"position":[6.0,0.00100011611357331,2.41667580604553],"time_ms":13755,"wall_ms":1791410643745.04,"yaw":0.0}
S03R {"entity":1,"event":"apply","pose":{"control":1,"durable":2,"entity":1,"position":[0.0,0.00100011611357331,9.0000114440918],"receipt_ms":13796,"sequence":323,"tick":774,"velocity":[0.0,0.0,0.0],"yaw":0.0},"position":[0.0,0.00100011611357331,9.0000114440918],"time_ms":13803,"wall_ms":1791410643793.22,"yaw":0.0}
S03R {"entity":2,"event":"apply","pose":{"control":1,"durable":2,"entity":2,"position":[6.0,0.00100011611357331,2.16667604446411],"receipt_ms":13796,"sequence":322,"tick":774,"velocity":[0.0,0.0,-4.99999189376831],"yaw":0.0},"position":[6.0,0.00100011611357331,2.16667604446411],"time_ms":13803,"wall_ms":1791410643793.27,"yaw":0.0}
S03R {"entity":1,"event":"apply","pose":{"control":1,"durable":2,"entity":1,"position":[0.0,0.00100011611357331,9.0000114440918],"receipt_ms":13844,"sequence":324,"tick":777,"velocity":[0.0,0.0,0.0],"yaw":0.0},"position":[0.0,0.00100011611357331,9.0000114440918],"time_ms":13851,"wall_ms":1791410643841.54,"yaw":0.0}
S03R {"entity":2,"event":"apply","pose":{"control":1,"durable":2,"entity":2,"position":[6.0,0.00100011611357331,1.91667628288269],"receipt_ms":13844,"sequence":324,"tick":777,"velocity":[0.0,0.0,-4.99999189376831],"yaw":0.0},"position":[6.0,0.00100011611357331,1.91667628288269],"time_ms":13851,"wall_ms":1791410643841.6,"yaw":0.0}
S03R {"entity":1,"event":"apply","pose":{"control":1,"durable":2,"entity":1,"position":[0.0,0.00100011611357331,9.0000114440918],"receipt_ms":13900,"sequence":326,"tick":780,"velocity":[0.0,0.0,0.0],"yaw":0.0},"position":[0.0,0.00100011611357331,9.0000114440918],"time_ms":13906,"wall_ms":1791410643896.73,"yaw":0.0}
S03R {"entity":2,"event":"apply","pose":{"control":1,"durable":2,"entity":2,"position":[6.0,0.00100011611357331,1.66667652130127],"receipt_ms":13900,"sequence":325,"tick":780,"velocity":[0.0,0.0,-4.99999189376831],"yaw":0.0},"position":[6.0,0.00100011611357331,1.66667652130127],"time_ms":13906,"wall_ms":1791410643896.79,"yaw":0.0}
S03R {"entity":1,"event":"apply","pose":{"control":1,"durable":2,"entity":1,"position":[0.0,0.00100011611357331,9.0000114440918],"receipt_ms":13948,"sequence":327,"tick":783,"velocity":[0.0,0.0,0.0],"yaw":0.0},"position":[0.0,0.00100011611357331,9.0000114440918],"time_ms":13955,"wall_ms":1791410643945.04,"yaw":0.0}
S03R {"entity":2,"event":"apply","pose":{"control":1,"durable":2,"entity":2,"position":[6.0,0.00100011611357331,1.41667675971985],"receipt_ms":13948,"sequence":327,"tick":783,"velocity":[0.0,0.0,-4.99999189376831],"yaw":0.0},"position":[6.0,0.00100011611357331,1.41667675971985],"time_ms":13955,"wall_ms":1791410643945.07,"yaw":0.0}
S03R {"entity":1,"event":"apply","pose":{"control":1,"durable":2,"entity":1,"position":[0.0,0.00100011611357331,9.0000114440918],"receipt_ms":13996,"sequence":329,"tick":786,"velocity":[0.0,0.0,0.0],"yaw":0.0},"position":[0.0,0.00100011611357331,9.0000114440918],"time_ms":14003,"wall_ms":1791410643993.35,"yaw":0.0}
S03R {"entity":2,"event":"apply","pose":{"control":1,"durable":2,"entity":2,"position":[6.0,0.00100011611357331,1.16667699813843],"receipt_ms":13996,"sequence":328,"tick":786,"velocity":[0.0,0.0,-4.99999189376831],"yaw":0.0},"position":[6.0,0.00100011611357331,1.16667699813843],"time_ms":14003,"wall_ms":1791410643993.41,"yaw":0.0}
S03R {"entity":1,"event":"apply","pose":{"control":1,"durable":2,"entity":1,"position":[0.0,0.00100011611357331,9.0000114440918],"receipt_ms":14038,"sequence":330,"tick":789,"velocity":[0.0,0.0,0.0],"yaw":0.0},"position":[0.0,0.00100011611357331,9.0000114440918],"time_ms":14051,"wall_ms":1791410644041.65,"yaw":0.0}
S03R {"entity":2,"event":"apply","pose":{"control":1,"durable":2,"entity":2,"position":[6.0,0.00100011611357331,0.916677296161652],"receipt_ms":14038,"sequence":330,"tick":789,"velocity":[0.0,0.0,-4.99999189376831],"yaw":0.0},"position":[6.0,0.00100011611357331,0.916677296161652],"time_ms":14051,"wall_ms":1791410644041.68,"yaw":0.0}
S03R {"entity":1,"event":"apply","pose":{"control":1,"durable":2,"entity":1,"position":[0.0,0.00100011611357331,9.0000114440918],"receipt_ms":14100,"sequence":332,"tick":792,"velocity":[0.0,0.0,0.0],"yaw":0.0},"position":[0.0,0.00100011611357331,9.0000114440918],"time_ms":14106,"wall_ms":1791410644096.84,"yaw":0.0}
S03R {"entity":2,"event":"apply","pose":{"control":1,"durable":2,"entity":2,"position":[6.0,0.00100011611357331,0.666677713394165],"receipt_ms":14100,"sequence":331,"tick":792,"velocity":[0.0,0.0,-4.99999189376831],"yaw":0.0},"position":[6.0,0.00100011611357331,0.666677713394165],"time_ms":14107,"wall_ms":1791410644096.91,"yaw":0.0}
S03R {"entity":1,"event":"apply","pose":{"control":1,"durable":2,"entity":1,"position":[0.0,0.00100011611357331,9.0000114440918],"receipt_ms":14148,"sequence":333,"tick":795,"velocity":[0.0,0.0,0.0],"yaw":0.0},"position":[0.0,0.00100011611357331,9.0000114440918],"time_ms":14155,"wall_ms":1791410644145.19,"yaw":0.0}
S03R {"entity":2,"event":"apply","pose":{"control":1,"durable":2,"entity":2,"position":[6.0,0.00100011611357331,0.416678130626678],"receipt_ms":14148,"sequence":333,"tick":795,"velocity":[0.0,0.0,-4.99999189376831],"yaw":0.0},"position":[6.0,0.00100011611357331,0.416678130626678],"time_ms":14155,"wall_ms":1791410644145.24,"yaw":0.0}
S03R {"entity":1,"event":"apply","pose":{"control":1,"durable":2,"entity":1,"position":[0.0,0.00100011611357331,9.0000114440918],"receipt_ms":14190,"sequence":335,"tick":798,"velocity":[0.0,0.0,0.0],"yaw":0.0},"position":[0.0,0.00100011611357331,9.0000114440918],"time_ms":14203,"wall_ms":1791410644193.45,"yaw":0.0}
S03R {"entity":2,"event":"apply","pose":{"control":1,"durable":2,"entity":2,"position":[6.0,0.00100011611357331,0.380219846963882],"receipt_ms":14190,"sequence":334,"tick":798,"velocity":[0.0,0.0,-4.99999189376831],"yaw":0.0},"position":[6.0,0.00100011611357331,0.380219846963882],"time_ms":14203,"wall_ms":1791410644193.5,"yaw":0.0}
S03R {"entity":1,"event":"apply","pose":{"control":1,"durable":2,"entity":1,"position":[0.0,0.00100011611357331,9.0000114440918],"receipt_ms":14238,"sequence":336,"tick":801,"velocity":[0.0,0.0,0.0],"yaw":0.0},"position":[0.0,0.00100011611357331,9.0000114440918],"time_ms":14251,"wall_ms":1791410644241.78,"yaw":0.0}
S03R {"entity":2,"event":"apply","pose":{"control":1,"durable":2,"entity":2,"position":[6.0,0.00100011611357331,0.380219846963882],"receipt_ms":14238,"sequence":336,"tick":801,"velocity":[0.0,0.0,-4.99999189376831],"yaw":0.0},"position":[6.0,0.00100011611357331,0.380219846963882],"time_ms":14251,"wall_ms":1791410644241.84,"yaw":0.0}
S03R {"entity":1,"event":"apply","pose":{"control":1,"durable":2,"entity":1,"position":[0.0,0.00100011611357331,9.0000114440918],"receipt_ms":14293,"sequence":338,"tick":804,"velocity":[0.0,0.0,0.0],"yaw":0.0},"position":[0.0,0.00100011611357331,9.0000114440918],"time_ms":14307,"wall_ms":1791410644296.92,"yaw":0.0}
S03R {"entity":2,"event":"apply","pose":{"control":1,"durable":2,"entity":2,"position":[6.0,0.00100011611357331,0.380219846963882],"receipt_ms":14293,"sequence":337,"tick":804,"velocity":[0.0,0.0,-4.99999189376831],"yaw":0.0},"position":[6.0,0.00100011611357331,0.380219846963882],"time_ms":14307,"wall_ms":1791410644296.95,"yaw":0.0}
S03R {"entity":1,"event":"apply","pose":{"control":1,"durable":2,"entity":1,"position":[0.0,0.00100011611357331,9.0000114440918],"receipt_ms":14341,"sequence":339,"tick":807,"velocity":[0.0,0.0,0.0],"yaw":0.0},"position":[0.0,0.00100011611357331,9.0000114440918],"time_ms":14355,"wall_ms":1791410644345.29,"yaw":0.0}
S03R {"entity":2,"event":"apply","pose":{"control":1,"durable":2,"entity":2,"position":[6.0,0.00100011611357331,0.380219846963882],"receipt_ms":14341,"sequence":339,"tick":807,"velocity":[0.0,0.0,-4.99999189376831],"yaw":0.0},"position":[6.0,0.00100011611357331,0.380219846963882],"time_ms":14355,"wall_ms":1791410644345.35,"yaw":0.0}
S03R {"entity":1,"event":"apply","pose":{"control":1,"durable":2,"entity":1,"position":[0.0,0.00100011611357331,9.0000114440918],"receipt_ms":14396,"sequence":341,"tick":810,"velocity":[0.0,0.0,0.0],"yaw":0.0},"position":[0.0,0.00100011611357331,9.0000114440918],"time_ms":14403,"wall_ms":1791410644393.55,"yaw":0.0}
S03R {"entity":2,"event":"apply","pose":{"control":1,"durable":2,"entity":2,"position":[6.0,0.00100011611357331,0.380219846963882],"receipt_ms":14396,"sequence":340,"tick":810,"velocity":[0.0,0.0,-4.99999189376831],"yaw":0.0},"position":[6.0,0.00100011611357331,0.380219846963882],"time_ms":14403,"wall_ms":1791410644393.61,"yaw":0.0}
S03R {"entity":1,"event":"apply","pose":{"control":1,"durable":2,"entity":1,"position":[0.0,0.00100011611357331,9.0000114440918],"receipt_ms":14445,"sequence":342,"tick":813,"velocity":[0.0,0.0,0.0],"yaw":0.0},"position":[0.0,0.00100011611357331,9.0000114440918],"time_ms":14452,"wall_ms":1791410644441.9,"yaw":0.0}
S03R {"entity":2,"event":"apply","pose":{"control":1,"durable":2,"entity":2,"position":[6.0,0.00100011611357331,0.380219846963882],"receipt_ms":14445,"sequence":342,"tick":813,"velocity":[0.0,0.0,-4.99999189376831],"yaw":0.0},"position":[6.0,0.00100011611357331,0.380219846963882],"time_ms":14452,"wall_ms":1791410644441.96,"yaw":0.0}
S03R {"entity":1,"event":"apply","pose":{"control":1,"durable":2,"entity":1,"position":[0.0,0.00100011611357331,9.0000114440918],"receipt_ms":14500,"sequence":344,"tick":816,"velocity":[0.0,0.0,0.0],"yaw":0.0},"position":[0.0,0.00100011611357331,9.0000114440918],"time_ms":14507,"wall_ms":1791410644497.05,"yaw":0.0}
S03R {"entity":2,"event":"apply","pose":{"control":1,"durable":2,"entity":2,"position":[6.0,0.00100011611357331,0.380219846963882],"receipt_ms":14500,"sequence":343,"tick":816,"velocity":[0.0,0.0,-4.99999189376831],"yaw":0.0},"position":[6.0,0.00100011611357331,0.380219846963882],"time_ms":14507,"wall_ms":1791410644497.11,"yaw":0.0}
S03R {"entity":1,"event":"apply","pose":{"control":1,"durable":2,"entity":1,"position":[0.0,0.00100011611357331,9.0000114440918],"receipt_ms":14548,"sequence":345,"tick":819,"velocity":[0.0,0.0,0.0],"yaw":0.0},"position":[0.0,0.00100011611357331,9.0000114440918],"time_ms":14555,"wall_ms":1791410644545.41,"yaw":0.0}
S03R {"entity":2,"event":"apply","pose":{"control":1,"durable":2,"entity":2,"position":[6.0,0.00100011611357331,0.380219846963882],"receipt_ms":14548,"sequence":345,"tick":819,"velocity":[0.0,0.0,-4.99999189376831],"yaw":0.0},"position":[6.0,0.00100011611357331,0.380219846963882],"time_ms":14555,"wall_ms":1791410644545.47,"yaw":0.0}
S03R {"entity":1,"event":"apply","pose":{"control":1,"durable":2,"entity":1,"position":[0.0,0.00100011611357331,9.0000114440918],"receipt_ms":14590,"sequence":347,"tick":822,"velocity":[0.0,0.0,0.0],"yaw":0.0},"position":[0.0,0.00100011611357331,9.0000114440918],"time_ms":14603,"wall_ms":1791410644593.65,"yaw":0.0}
S03R {"entity":2,"event":"apply","pose":{"control":1,"durable":2,"entity":2,"position":[6.0,0.00100011611357331,0.380219846963882],"receipt_ms":14590,"sequence":346,"tick":822,"velocity":[0.0,0.0,-4.99999189376831],"yaw":0.0},"position":[6.0,0.00100011611357331,0.380219846963882],"time_ms":14603,"wall_ms":1791410644593.7,"yaw":0.0}
S03R {"entity":1,"event":"apply","pose":{"control":1,"durable":2,"entity":1,"position":[0.0,0.00100011611357331,9.0000114440918],"receipt_ms":14638,"sequence":348,"tick":825,"velocity":[0.0,0.0,0.0],"yaw":0.0},"position":[0.0,0.00100011611357331,9.0000114440918],"time_ms":14652,"wall_ms":1791410644641.95,"yaw":0.0}
S03R {"entity":2,"event":"apply","pose":{"control":1,"durable":2,"entity":2,"position":[6.0,0.00100011611357331,0.380219846963882],"receipt_ms":14638,"sequence":348,"tick":825,"velocity":[0.0,0.0,-4.99999189376831],"yaw":0.0},"position":[6.0,0.00100011611357331,0.380219846963882],"time_ms":14652,"wall_ms":1791410644641.98,"yaw":0.0}
S03R {"entity":1,"event":"apply","pose":{"control":1,"durable":2,"entity":1,"position":[0.0,0.00100011611357331,9.0000114440918],"receipt_ms":14700,"sequence":350,"tick":828,"velocity":[0.0,0.0,0.0],"yaw":0.0},"position":[0.0,0.00100011611357331,9.0000114440918],"time_ms":14707,"wall_ms":1791410644697.15,"yaw":0.0}
S03R {"entity":2,"event":"apply","pose":{"control":1,"durable":2,"entity":2,"position":[6.0,0.00100011611357331,0.380219846963882],"receipt_ms":14700,"sequence":349,"tick":828,"velocity":[0.0,0.0,-4.99999189376831],"yaw":0.0},"position":[6.0,0.00100011611357331,0.380219846963882],"time_ms":14707,"wall_ms":1791410644697.21,"yaw":0.0}
S03R {"entity":1,"event":"apply","pose":{"control":1,"durable":2,"entity":1,"position":[0.0,0.00100011611357331,9.0000114440918],"receipt_ms":14748,"sequence":351,"tick":831,"velocity":[0.0,0.0,0.0],"yaw":0.0},"position":[0.0,0.00100011611357331,9.0000114440918],"time_ms":14755,"wall_ms":1791410644745.5,"yaw":0.0}
S03R {"entity":2,"event":"apply","pose":{"control":1,"durable":2,"entity":2,"position":[6.0,0.00100011611357331,0.380219846963882],"receipt_ms":14748,"sequence":351,"tick":831,"velocity":[0.0,0.0,-4.99999189376831],"yaw":0.0},"position":[6.0,0.00100011611357331,0.380219846963882],"time_ms":14755,"wall_ms":1791410644745.55,"yaw":0.0}
S03R {"entity":1,"event":"apply","pose":{"control":1,"durable":2,"entity":1,"position":[0.0,0.00100011611357331,9.0000114440918],"receipt_ms":14796,"sequence":353,"tick":834,"velocity":[0.0,0.0,0.0],"yaw":0.0},"position":[0.0,0.00100011611357331,9.0000114440918],"time_ms":14803,"wall_ms":1791410644793.75,"yaw":0.0}
S03R {"entity":2,"event":"apply","pose":{"control":1,"durable":2,"entity":2,"position":[6.0,0.00100011611357331,0.380219846963882],"receipt_ms":14796,"sequence":352,"tick":834,"velocity":[0.0,0.0,-4.99999189376831],"yaw":0.0},"position":[6.0,0.00100011611357331,0.380219846963882],"time_ms":14803,"wall_ms":1791410644793.81,"yaw":0.0}
S03R {"entity":1,"event":"apply","pose":{"control":1,"durable":2,"entity":1,"position":[0.0,0.00100011611357331,9.0000114440918],"receipt_ms":14845,"sequence":354,"tick":837,"velocity":[0.0,0.0,0.0],"yaw":0.0},"position":[0.0,0.00100011611357331,9.0000114440918],"time_ms":14852,"wall_ms":1791410644842.09,"yaw":0.0}
S03R {"entity":2,"event":"apply","pose":{"control":1,"durable":2,"entity":2,"position":[6.0,0.00100011611357331,0.380219846963882],"receipt_ms":14845,"sequence":354,"tick":837,"velocity":[0.0,0.0,-4.99999189376831],"yaw":0.0},"position":[6.0,0.00100011611357331,0.380219846963882],"time_ms":14852,"wall_ms":1791410644842.14,"yaw":0.0}
S03R {"entity":1,"event":"apply","pose":{"control":1,"durable":2,"entity":1,"position":[0.0,0.00100011611357331,9.0000114440918],"receipt_ms":14900,"sequence":356,"tick":840,"velocity":[0.0,0.0,0.0],"yaw":0.0},"position":[0.0,0.00100011611357331,9.0000114440918],"time_ms":14907,"wall_ms":1791410644897.25,"yaw":0.0}
S03R {"entity":2,"event":"apply","pose":{"control":1,"durable":2,"entity":2,"position":[6.0,0.00100011611357331,0.380219846963882],"receipt_ms":14900,"sequence":355,"tick":840,"velocity":[0.0,0.0,-4.99999189376831],"yaw":0.0},"position":[6.0,0.00100011611357331,0.380219846963882],"time_ms":14907,"wall_ms":1791410644897.3,"yaw":0.0}
S03R {"entity":1,"event":"apply","pose":{"control":1,"durable":2,"entity":1,"position":[0.0,0.00100011611357331,9.0000114440918],"receipt_ms":14941,"sequence":357,"tick":843,"velocity":[0.0,0.0,0.0],"yaw":0.0},"position":[0.0,0.00100011611357331,9.0000114440918],"time_ms":14955,"wall_ms":1791410644945.59,"yaw":0.0}
S03R {"entity":2,"event":"apply","pose":{"control":1,"durable":2,"entity":2,"position":[6.0,0.00100011611357331,0.380219846963882],"receipt_ms":14941,"sequence":357,"tick":843,"velocity":[0.0,0.0,-4.99999189376831],"yaw":0.0},"position":[6.0,0.00100011611357331,0.380219846963882],"time_ms":14955,"wall_ms":1791410644945.65,"yaw":0.0}
S03R {"entity":1,"event":"apply","pose":{"control":1,"durable":2,"entity":1,"position":[0.0,0.00100011611357331,9.0000114440918],"receipt_ms":14997,"sequence":359,"tick":846,"velocity":[0.0,0.0,0.0],"yaw":0.0},"position":[0.0,0.00100011611357331,9.0000114440918],"time_ms":15003,"wall_ms":1791410644993.85,"yaw":0.0}
S03R {"entity":2,"event":"apply","pose":{"control":1,"durable":2,"entity":2,"position":[6.0,0.00100011611357331,0.380219846963882],"receipt_ms":14997,"sequence":358,"tick":846,"velocity":[0.0,0.0,-4.99999189376831],"yaw":0.0},"position":[6.0,0.00100011611357331,0.380219846963882],"time_ms":15004,"wall_ms":1791410644993.91,"yaw":0.0}
S03R {"event":"keys","move":-1.0,"role":"client","tick":720,"time_ms":15024,"turn":0.0,"wall_ms":1791410645014.58}
S03R {"entity":1,"event":"apply","pose":{"control":1,"durable":2,"entity":1,"position":[0.0,0.00100011611357331,9.0000114440918],"receipt_ms":15038,"sequence":360,"tick":849,"velocity":[0.0,0.0,0.0],"yaw":0.0},"position":[0.0,0.00100011611357331,9.0000114440918],"time_ms":15052,"wall_ms":1791410645042.2,"yaw":0.0}
S03R {"entity":2,"event":"apply","pose":{"control":1,"durable":2,"entity":2,"position":[6.0,0.00100011611357331,0.430898755788803],"receipt_ms":15038,"sequence":360,"tick":849,"velocity":[0.0,0.0,2.99999523162842],"yaw":0.0},"position":[6.0,0.00100011611357331,0.430898755788803],"time_ms":15052,"wall_ms":1791410645042.26,"yaw":0.0}
S03R {"entity":1,"event":"apply","pose":{"control":1,"durable":2,"entity":1,"position":[0.0,0.00100011611357331,9.0000114440918],"receipt_ms":15093,"sequence":362,"tick":852,"velocity":[0.0,0.0,0.0],"yaw":0.0},"position":[0.0,0.00100011611357331,9.0000114440918],"time_ms":15107,"wall_ms":1791410645097.35,"yaw":0.0}
S03R {"entity":2,"event":"apply","pose":{"control":1,"durable":2,"entity":2,"position":[6.0,0.00100011611357331,0.580898523330688],"receipt_ms":15093,"sequence":361,"tick":852,"velocity":[0.0,0.0,2.99999523162842],"yaw":0.0},"position":[6.0,0.00100011611357331,0.580898523330688],"time_ms":15107,"wall_ms":1791410645097.38,"yaw":0.0}
S03R {"entity":1,"event":"apply","pose":{"control":1,"durable":2,"entity":1,"position":[0.0,0.00100011611357331,9.0000114440918],"receipt_ms":15148,"sequence":363,"tick":855,"velocity":[0.0,0.0,0.0],"yaw":0.0},"position":[0.0,0.00100011611357331,9.0000114440918],"time_ms":15155,"wall_ms":1791410645145.7,"yaw":0.0}
S03R {"entity":2,"event":"apply","pose":{"control":1,"durable":2,"entity":2,"position":[6.0,0.00100011611357331,0.730898380279541],"receipt_ms":15148,"sequence":363,"tick":855,"velocity":[0.0,0.0,2.99999523162842],"yaw":0.0},"position":[6.0,0.00100011611357331,0.730898380279541],"time_ms":15155,"wall_ms":1791410645145.76,"yaw":0.0}
S03R {"entity":1,"event":"apply","pose":{"control":1,"durable":2,"entity":1,"position":[0.0,0.00100011611357331,9.0000114440918],"receipt_ms":15197,"sequence":365,"tick":858,"velocity":[0.0,0.0,0.0],"yaw":0.0},"position":[0.0,0.00100011611357331,9.0000114440918],"time_ms":15204,"wall_ms":1791410645193.96,"yaw":0.0}
S03R {"entity":2,"event":"apply","pose":{"control":1,"durable":2,"entity":2,"position":[6.0,0.00100011611357331,0.880898237228394],"receipt_ms":15197,"sequence":364,"tick":858,"velocity":[0.0,0.0,2.99999523162842],"yaw":0.0},"position":[6.0,0.00100011611357331,0.880898237228394],"time_ms":15204,"wall_ms":1791410645194.01,"yaw":0.0}
S03R {"entity":1,"event":"apply","pose":{"control":1,"durable":2,"entity":1,"position":[0.0,0.00100011611357331,9.0000114440918],"receipt_ms":15238,"sequence":366,"tick":861,"velocity":[0.0,0.0,0.0],"yaw":0.0},"position":[0.0,0.00100011611357331,9.0000114440918],"time_ms":15252,"wall_ms":1791410645242.3,"yaw":0.0}
S03R {"entity":2,"event":"apply","pose":{"control":1,"durable":2,"entity":2,"position":[6.0,0.00100011611357331,1.03089809417725],"receipt_ms":15238,"sequence":366,"tick":861,"velocity":[0.0,0.0,2.99999523162842],"yaw":0.0},"position":[6.0,0.00100011611357331,1.03089809417725],"time_ms":15252,"wall_ms":1791410645242.37,"yaw":0.0}
S03R {"entity":1,"event":"apply","pose":{"control":1,"durable":2,"entity":1,"position":[0.0,0.00100011611357331,9.0000114440918],"receipt_ms":15300,"sequence":368,"tick":864,"velocity":[0.0,0.0,0.0],"yaw":0.0},"position":[0.0,0.00100011611357331,9.0000114440918],"time_ms":15307,"wall_ms":1791410645297.46,"yaw":0.0}
S03R {"entity":2,"event":"apply","pose":{"control":1,"durable":2,"entity":2,"position":[6.0,0.00100011611357331,1.1808979511261],"receipt_ms":15300,"sequence":367,"tick":864,"velocity":[0.0,0.0,2.99999523162842],"yaw":0.0},"position":[6.0,0.00100011611357331,1.1808979511261],"time_ms":15307,"wall_ms":1791410645297.52,"yaw":0.0}
S03R {"entity":1,"event":"apply","pose":{"control":1,"durable":2,"entity":1,"position":[0.0,0.00100011611357331,9.0000114440918],"receipt_ms":15348,"sequence":369,"tick":867,"velocity":[0.0,0.0,0.0],"yaw":0.0},"position":[0.0,0.00100011611357331,9.0000114440918],"time_ms":15355,"wall_ms":1791410645345.8,"yaw":0.0}
S03R {"entity":2,"event":"apply","pose":{"control":1,"durable":2,"entity":2,"position":[6.0,0.00100011611357331,1.33089780807495],"receipt_ms":15348,"sequence":369,"tick":867,"velocity":[0.0,0.0,2.99999523162842],"yaw":0.0},"position":[6.0,0.00100011611357331,1.33089780807495],"time_ms":15355,"wall_ms":1791410645345.85,"yaw":0.0}
S03R {"entity":1,"event":"apply","pose":{"control":1,"durable":2,"entity":1,"position":[0.0,0.00100011611357331,9.0000114440918],"receipt_ms":15397,"sequence":371,"tick":870,"velocity":[0.0,0.0,0.0],"yaw":0.0},"position":[0.0,0.00100011611357331,9.0000114440918],"time_ms":15404,"wall_ms":1791410645394.06,"yaw":0.0}
S03R {"entity":2,"event":"apply","pose":{"control":1,"durable":2,"entity":2,"position":[6.0,0.00100011611357331,1.4808976650238],"receipt_ms":15397,"sequence":370,"tick":870,"velocity":[0.0,0.0,2.99999523162842],"yaw":0.0},"position":[6.0,0.00100011611357331,1.4808976650238],"time_ms":15404,"wall_ms":1791410645394.11,"yaw":0.0}
S03R {"entity":1,"event":"apply","pose":{"control":1,"durable":2,"entity":1,"position":[0.0,0.00100011611357331,9.0000114440918],"receipt_ms":15439,"sequence":372,"tick":873,"velocity":[0.0,0.0,0.0],"yaw":0.0},"position":[0.0,0.00100011611357331,9.0000114440918],"time_ms":15452,"wall_ms":1791410645442.41,"yaw":0.0}
S03R {"entity":2,"event":"apply","pose":{"control":1,"durable":2,"entity":2,"position":[6.0,0.00100011611357331,1.63089752197266],"receipt_ms":15439,"sequence":372,"tick":873,"velocity":[0.0,0.0,2.99999523162842],"yaw":0.0},"position":[6.0,0.00100011611357331,1.63089752197266],"time_ms":15452,"wall_ms":1791410645442.46,"yaw":0.0}
S03R {"entity":1,"event":"apply","pose":{"control":1,"durable":2,"entity":1,"position":[0.0,0.00100011611357331,9.0000114440918],"receipt_ms":15493,"sequence":374,"tick":876,"velocity":[0.0,0.0,0.0],"yaw":0.0},"position":[0.0,0.00100011611357331,9.0000114440918],"time_ms":15507,"wall_ms":1791410645497.56,"yaw":0.0}
S03R {"entity":2,"event":"apply","pose":{"control":1,"durable":2,"entity":2,"position":[6.0,0.00100011611357331,1.78089737892151],"receipt_ms":15493,"sequence":373,"tick":876,"velocity":[0.0,0.0,2.99999523162842],"yaw":0.0},"position":[6.0,0.00100011611357331,1.78089737892151],"time_ms":15507,"wall_ms":1791410645497.62,"yaw":0.0}
S03R {"entity":1,"event":"apply","pose":{"control":1,"durable":2,"entity":1,"position":[0.0,0.00100011611357331,9.0000114440918],"receipt_ms":15542,"sequence":375,"tick":879,"velocity":[0.0,0.0,0.0],"yaw":0.0},"position":[0.0,0.00100011611357331,9.0000114440918],"time_ms":15555,"wall_ms":1791410645545.91,"yaw":0.0}
S03R {"entity":2,"event":"apply","pose":{"control":1,"durable":2,"entity":2,"position":[6.0,0.00100011611357331,1.93089723587036],"receipt_ms":15542,"sequence":375,"tick":879,"velocity":[0.0,0.0,2.99999523162842],"yaw":0.0},"position":[6.0,0.00100011611357331,1.93089723587036],"time_ms":15556,"wall_ms":1791410645545.97,"yaw":0.0}
S03R {"entity":1,"event":"apply","pose":{"control":1,"durable":2,"entity":1,"position":[0.0,0.00100011611357331,9.0000114440918],"receipt_ms":15590,"sequence":377,"tick":882,"velocity":[0.0,0.0,0.0],"yaw":0.0},"position":[0.0,0.00100011611357331,9.0000114440918],"time_ms":15604,"wall_ms":1791410645594.17,"yaw":0.0}
S03R {"entity":2,"event":"apply","pose":{"control":1,"durable":2,"entity":2,"position":[6.0,0.00100011611357331,2.08089709281921],"receipt_ms":15590,"sequence":376,"tick":882,"velocity":[0.0,0.0,2.99999523162842],"yaw":0.0},"position":[6.0,0.00100011611357331,2.08089709281921],"time_ms":15604,"wall_ms":1791410645594.22,"yaw":0.0}
S03R {"entity":1,"event":"apply","pose":{"control":1,"durable":2,"entity":1,"position":[0.0,0.00100011611357331,9.0000114440918],"receipt_ms":15645,"sequence":378,"tick":885,"velocity":[0.0,0.0,0.0],"yaw":0.0},"position":[0.0,0.00100011611357331,9.0000114440918],"time_ms":15652,"wall_ms":1791410645642.51,"yaw":0.0}
S03R {"entity":2,"event":"apply","pose":{"control":1,"durable":2,"entity":2,"position":[6.0,0.00100011611357331,2.23089694976807],"receipt_ms":15645,"sequence":378,"tick":885,"velocity":[0.0,0.0,2.99999523162842],"yaw":0.0},"position":[6.0,0.00100011611357331,2.23089694976807],"time_ms":15652,"wall_ms":1791410645642.57,"yaw":0.0}
S03R {"entity":1,"event":"apply","pose":{"control":1,"durable":2,"entity":1,"position":[0.0,0.00100011611357331,9.0000114440918],"receipt_ms":15694,"sequence":380,"tick":888,"velocity":[0.0,0.0,0.0],"yaw":0.0},"position":[0.0,0.00100011611357331,9.0000114440918],"time_ms":15707,"wall_ms":1791410645697.67,"yaw":0.0}
S03R {"entity":2,"event":"apply","pose":{"control":1,"durable":2,"entity":2,"position":[6.0,0.00100011611357331,2.38089680671692],"receipt_ms":15694,"sequence":379,"tick":888,"velocity":[0.0,0.0,2.99999523162842],"yaw":0.0},"position":[6.0,0.00100011611357331,2.38089680671692],"time_ms":15707,"wall_ms":1791410645697.72,"yaw":0.0}
S03R {"entity":1,"event":"apply","pose":{"control":1,"durable":2,"entity":1,"position":[0.0,0.00100011611357331,9.0000114440918],"receipt_ms":15742,"sequence":381,"tick":891,"velocity":[0.0,0.0,0.0],"yaw":0.0},"position":[0.0,0.00100011611357331,9.0000114440918],"time_ms":15756,"wall_ms":1791410645746.05,"yaw":0.0}
S03R {"entity":2,"event":"apply","pose":{"control":1,"durable":2,"entity":2,"position":[6.0,0.00100011611357331,2.53089666366577],"receipt_ms":15742,"sequence":381,"tick":891,"velocity":[0.0,0.0,2.99999523162842],"yaw":0.0},"position":[6.0,0.00100011611357331,2.53089666366577],"time_ms":15756,"wall_ms":1791410645746.12,"yaw":0.0}
S03R {"entity":1,"event":"apply","pose":{"control":1,"durable":2,"entity":1,"position":[0.0,0.00100011611357331,9.0000114440918],"receipt_ms":15797,"sequence":383,"tick":894,"velocity":[0.0,0.0,0.0],"yaw":0.0},"position":[0.0,0.00100011611357331,9.0000114440918],"time_ms":15804,"wall_ms":1791410645794.28,"yaw":0.0}
S03R {"entity":2,"event":"apply","pose":{"control":1,"durable":2,"entity":2,"position":[6.0,0.00100011611357331,2.68089652061462],"receipt_ms":15797,"sequence":382,"tick":894,"velocity":[0.0,0.0,2.99999523162842],"yaw":0.0},"position":[6.0,0.00100011611357331,2.68089652061462],"time_ms":15804,"wall_ms":1791410645794.37,"yaw":0.0}
S03R {"event":"keys","move":0.0,"role":"client","tick":768,"time_ms":15825,"turn":0.0,"wall_ms":1791410645815.01}
S03R {"entity":1,"event":"apply","pose":{"control":1,"durable":2,"entity":1,"position":[0.0,0.00100011611357331,9.0000114440918],"receipt_ms":15839,"sequence":384,"tick":897,"velocity":[0.0,0.0,0.0],"yaw":0.0},"position":[0.0,0.00100011611357331,9.0000114440918],"time_ms":15852,"wall_ms":1791410645842.61,"yaw":0.0}
S03R {"entity":2,"event":"apply","pose":{"control":1,"durable":2,"entity":2,"position":[6.0,0.00100011611357331,2.78089642524719],"receipt_ms":15839,"sequence":384,"tick":897,"velocity":[0.0,0.0,0.0],"yaw":0.0},"position":[6.0,0.00100011611357331,2.78089642524719],"time_ms":15852,"wall_ms":1791410645842.67,"yaw":0.0}
S03R {"entity":1,"event":"apply","pose":{"control":1,"durable":2,"entity":1,"position":[0.0,0.00100011611357331,9.0000114440918],"receipt_ms":15894,"sequence":386,"tick":900,"velocity":[0.0,0.0,0.0],"yaw":0.0},"position":[0.0,0.00100011611357331,9.0000114440918],"time_ms":15907,"wall_ms":1791410645897.75,"yaw":0.0}
S03R {"entity":2,"event":"apply","pose":{"control":1,"durable":2,"entity":2,"position":[6.0,0.00100011611357331,2.78089642524719],"receipt_ms":15894,"sequence":385,"tick":900,"velocity":[0.0,0.0,0.0],"yaw":0.0},"position":[6.0,0.00100011611357331,2.78089642524719],"time_ms":15907,"wall_ms":1791410645897.78,"yaw":0.0}
S03R {"entity":1,"event":"apply","pose":{"control":1,"durable":2,"entity":1,"position":[0.0,0.00100011611357331,9.0000114440918],"receipt_ms":15942,"sequence":387,"tick":903,"velocity":[0.0,0.0,0.0],"yaw":0.0},"position":[0.0,0.00100011611357331,9.0000114440918],"time_ms":15956,"wall_ms":1791410645946.13,"yaw":0.0}
S03R {"entity":2,"event":"apply","pose":{"control":1,"durable":2,"entity":2,"position":[6.0,0.00100011611357331,2.78089642524719],"receipt_ms":15942,"sequence":387,"tick":903,"velocity":[0.0,0.0,0.0],"yaw":0.0},"position":[6.0,0.00100011611357331,2.78089642524719],"time_ms":15956,"wall_ms":1791410645946.19,"yaw":0.0}
S03R {"entity":1,"event":"apply","pose":{"control":1,"durable":2,"entity":1,"position":[0.0,0.00100011611357331,9.0000114440918],"receipt_ms":15997,"sequence":389,"tick":906,"velocity":[0.0,0.0,0.0],"yaw":0.0},"position":[0.0,0.00100011611357331,9.0000114440918],"time_ms":16004,"wall_ms":1791410645994.39,"yaw":0.0}
S03R {"entity":2,"event":"apply","pose":{"control":1,"durable":2,"entity":2,"position":[6.0,0.00100011611357331,2.78089642524719],"receipt_ms":15997,"sequence":388,"tick":906,"velocity":[0.0,0.0,0.0],"yaw":0.0},"position":[6.0,0.00100011611357331,2.78089642524719],"time_ms":16004,"wall_ms":1791410645994.44,"yaw":0.0}
S03R {"entity":1,"event":"apply","pose":{"control":1,"durable":2,"entity":1,"position":[0.0,0.00100011611357331,9.0000114440918],"receipt_ms":16045,"sequence":390,"tick":909,"velocity":[0.0,0.0,0.0],"yaw":0.0},"position":[0.0,0.00100011611357331,9.0000114440918],"time_ms":16052,"wall_ms":1791410646042.73,"yaw":0.0}
S03R {"entity":2,"event":"apply","pose":{"control":1,"durable":2,"entity":2,"position":[6.0,0.00100011611357331,2.78089642524719],"receipt_ms":16045,"sequence":390,"tick":909,"velocity":[0.0,0.0,0.0],"yaw":0.0},"position":[6.0,0.00100011611357331,2.78089642524719],"time_ms":16052,"wall_ms":1791410646042.79,"yaw":0.0}
S03R {"entity":1,"event":"apply","pose":{"control":1,"durable":2,"entity":1,"position":[0.0,0.00100011611357331,9.0000114440918],"receipt_ms":16094,"sequence":392,"tick":912,"velocity":[0.0,0.0,0.0],"yaw":0.0},"position":[0.0,0.00100011611357331,9.0000114440918],"time_ms":16107,"wall_ms":1791410646097.89,"yaw":0.0}
S03R {"entity":2,"event":"apply","pose":{"control":1,"durable":2,"entity":2,"position":[6.0,0.00100011611357331,2.78089642524719],"receipt_ms":16094,"sequence":391,"tick":912,"velocity":[0.0,0.0,0.0],"yaw":0.0},"position":[6.0,0.00100011611357331,2.78089642524719],"time_ms":16108,"wall_ms":1791410646097.95,"yaw":0.0}
S03R {"entity":1,"event":"apply","pose":{"control":1,"durable":2,"entity":1,"position":[0.0,0.00100011611357331,9.0000114440918],"receipt_ms":16142,"sequence":393,"tick":915,"velocity":[0.0,0.0,0.0],"yaw":0.0},"position":[0.0,0.00100011611357331,9.0000114440918],"time_ms":16156,"wall_ms":1791410646146.23,"yaw":0.0}
S03R {"entity":2,"event":"apply","pose":{"control":1,"durable":2,"entity":2,"position":[6.0,0.00100011611357331,2.78089642524719],"receipt_ms":16142,"sequence":393,"tick":915,"velocity":[0.0,0.0,0.0],"yaw":0.0},"position":[6.0,0.00100011611357331,2.78089642524719],"time_ms":16156,"wall_ms":1791410646146.28,"yaw":0.0}
S03R {"entity":1,"event":"apply","pose":{"control":1,"durable":2,"entity":1,"position":[0.0,0.00100011611357331,9.0000114440918],"receipt_ms":16191,"sequence":395,"tick":918,"velocity":[0.0,0.0,0.0],"yaw":0.0},"position":[0.0,0.00100011611357331,9.0000114440918],"time_ms":16204,"wall_ms":1791410646194.48,"yaw":0.0}
S03R {"entity":2,"event":"apply","pose":{"control":1,"durable":2,"entity":2,"position":[6.0,0.00100011611357331,2.78089642524719],"receipt_ms":16191,"sequence":394,"tick":918,"velocity":[0.0,0.0,0.0],"yaw":0.0},"position":[6.0,0.00100011611357331,2.78089642524719],"time_ms":16204,"wall_ms":1791410646194.54,"yaw":0.0}
S03R {"entity":1,"event":"apply","pose":{"control":1,"durable":2,"entity":1,"position":[0.0,0.00100011611357331,9.0000114440918],"receipt_ms":16239,"sequence":396,"tick":921,"velocity":[0.0,0.0,0.0],"yaw":0.0},"position":[0.0,0.00100011611357331,9.0000114440918],"time_ms":16252,"wall_ms":1791410646242.82,"yaw":0.0}
S03R {"entity":2,"event":"apply","pose":{"control":1,"durable":2,"entity":2,"position":[6.0,0.00100011611357331,2.78089642524719],"receipt_ms":16239,"sequence":396,"tick":921,"velocity":[0.0,0.0,0.0],"yaw":0.0},"position":[6.0,0.00100011611357331,2.78089642524719],"time_ms":16252,"wall_ms":1791410646242.88,"yaw":0.0}
S03R {"entity":1,"event":"apply","pose":{"control":1,"durable":2,"entity":1,"position":[0.0,0.00100011611357331,9.0000114440918],"receipt_ms":16294,"sequence":398,"tick":924,"velocity":[0.0,0.0,0.0],"yaw":0.0},"position":[0.0,0.00100011611357331,9.0000114440918],"time_ms":16308,"wall_ms":1791410646297.99,"yaw":0.0}
S03R {"entity":2,"event":"apply","pose":{"control":1,"durable":2,"entity":2,"position":[6.0,0.00100011611357331,2.78089642524719],"receipt_ms":16294,"sequence":397,"tick":924,"velocity":[0.0,0.0,0.0],"yaw":0.0},"position":[6.0,0.00100011611357331,2.78089642524719],"time_ms":16308,"wall_ms":1791410646298.05,"yaw":0.0}
S03R {"entity":1,"event":"apply","pose":{"control":1,"durable":2,"entity":1,"position":[0.0,0.00100011611357331,9.0000114440918],"receipt_ms":16349,"sequence":399,"tick":927,"velocity":[0.0,0.0,0.0],"yaw":0.0},"position":[0.0,0.00100011611357331,9.0000114440918],"time_ms":16356,"wall_ms":1791410646346.32,"yaw":0.0}
S03R {"entity":2,"event":"apply","pose":{"control":1,"durable":2,"entity":2,"position":[6.0,0.00100011611357331,2.78089642524719],"receipt_ms":16349,"sequence":399,"tick":927,"velocity":[0.0,0.0,0.0],"yaw":0.0},"position":[6.0,0.00100011611357331,2.78089642524719],"time_ms":16356,"wall_ms":1791410646346.38,"yaw":0.0}
S03R {"entity":1,"event":"apply","pose":{"control":1,"durable":2,"entity":1,"position":[0.0,0.00100011611357331,9.0000114440918],"receipt_ms":16391,"sequence":401,"tick":930,"velocity":[0.0,0.0,0.0],"yaw":0.0},"position":[0.0,0.00100011611357331,9.0000114440918],"time_ms":16404,"wall_ms":1791410646394.59,"yaw":0.0}
S03R {"entity":2,"event":"apply","pose":{"control":1,"durable":2,"entity":2,"position":[6.0,0.00100011611357331,2.78089642524719],"receipt_ms":16391,"sequence":400,"tick":930,"velocity":[0.0,0.0,0.0],"yaw":0.0},"position":[6.0,0.00100011611357331,2.78089642524719],"time_ms":16404,"wall_ms":1791410646394.65,"yaw":0.0}
S03R {"entity":1,"event":"apply","pose":{"control":1,"durable":2,"entity":1,"position":[0.0,0.00100011611357331,9.0000114440918],"receipt_ms":16439,"sequence":402,"tick":933,"velocity":[0.0,0.0,0.0],"yaw":0.0},"position":[0.0,0.00100011611357331,9.0000114440918],"time_ms":16452,"wall_ms":1791410646442.93,"yaw":0.0}
S03R {"entity":2,"event":"apply","pose":{"control":1,"durable":2,"entity":2,"position":[6.0,0.00100011611357331,2.78089642524719],"receipt_ms":16439,"sequence":402,"tick":933,"velocity":[0.0,0.0,0.0],"yaw":0.0},"position":[6.0,0.00100011611357331,2.78089642524719],"time_ms":16453,"wall_ms":1791410646442.98,"yaw":0.0}
S03R {"entity":1,"event":"apply","pose":{"control":1,"durable":2,"entity":1,"position":[0.0,0.00100011611357331,9.0000114440918],"receipt_ms":16501,"sequence":404,"tick":936,"velocity":[0.0,0.0,0.0],"yaw":0.0},"position":[0.0,0.00100011611357331,9.0000114440918],"time_ms":16508,"wall_ms":1791410646498.08,"yaw":0.0}
S03R {"entity":2,"event":"apply","pose":{"control":1,"durable":2,"entity":2,"position":[6.0,0.00100011611357331,2.78089642524719],"receipt_ms":16501,"sequence":403,"tick":936,"velocity":[0.0,0.0,0.0],"yaw":0.0},"position":[6.0,0.00100011611357331,2.78089642524719],"time_ms":16508,"wall_ms":1791410646498.14,"yaw":0.0}
S03R {"entity":1,"event":"apply","pose":{"control":1,"durable":2,"entity":1,"position":[0.0,0.00100011611357331,9.0000114440918],"receipt_ms":16549,"sequence":405,"tick":939,"velocity":[0.0,0.0,0.0],"yaw":0.0},"position":[0.0,0.00100011611357331,9.0000114440918],"time_ms":16556,"wall_ms":1791410646546.43,"yaw":0.0}
S03R {"entity":2,"event":"apply","pose":{"control":1,"durable":2,"entity":2,"position":[6.0,0.00100011611357331,2.78089642524719],"receipt_ms":16549,"sequence":405,"tick":939,"velocity":[0.0,0.0,0.0],"yaw":0.0},"position":[6.0,0.00100011611357331,2.78089642524719],"time_ms":16556,"wall_ms":1791410646546.49,"yaw":0.0}
S03R {"entity":1,"event":"apply","pose":{"control":1,"durable":2,"entity":1,"position":[0.0,0.00100011611357331,9.0000114440918],"receipt_ms":16597,"sequence":407,"tick":942,"velocity":[0.0,0.0,0.0],"yaw":0.0},"position":[0.0,0.00100011611357331,9.0000114440918],"time_ms":16604,"wall_ms":1791410646594.67,"yaw":0.0}
S03R {"entity":2,"event":"apply","pose":{"control":1,"durable":2,"entity":2,"position":[6.0,0.00100011611357331,2.78089642524719],"receipt_ms":16597,"sequence":406,"tick":942,"velocity":[0.0,0.0,0.0],"yaw":0.0},"position":[6.0,0.00100011611357331,2.78089642524719],"time_ms":16604,"wall_ms":1791410646594.7,"yaw":0.0}
S03R {"entity":1,"event":"apply","pose":{"control":1,"durable":2,"entity":1,"position":[0.0,0.00100011611357331,9.0000114440918],"receipt_ms":16646,"sequence":408,"tick":945,"velocity":[0.0,0.0,0.0],"yaw":0.0},"position":[0.0,0.00100011611357331,9.0000114440918],"time_ms":16653,"wall_ms":1791410646642.97,"yaw":0.0}
S03R {"entity":2,"event":"apply","pose":{"control":1,"durable":2,"entity":2,"position":[6.0,0.00100011611357331,2.78089642524719],"receipt_ms":16646,"sequence":408,"tick":945,"velocity":[0.0,0.0,0.0],"yaw":0.0},"position":[6.0,0.00100011611357331,2.78089642524719],"time_ms":16653,"wall_ms":1791410646643.0,"yaw":0.0}
S03R {"entity":1,"event":"apply","pose":{"control":1,"durable":2,"entity":1,"position":[0.0,0.00100011611357331,9.0000114440918],"receipt_ms":16694,"sequence":410,"tick":948,"velocity":[0.0,0.0,0.0],"yaw":0.0},"position":[0.0,0.00100011611357331,9.0000114440918],"time_ms":16708,"wall_ms":1791410646698.17,"yaw":0.0}
S03R {"entity":2,"event":"apply","pose":{"control":1,"durable":2,"entity":2,"position":[6.0,0.00100011611357331,2.78089642524719],"receipt_ms":16694,"sequence":409,"tick":948,"velocity":[0.0,0.0,0.0],"yaw":0.0},"position":[6.0,0.00100011611357331,2.78089642524719],"time_ms":16708,"wall_ms":1791410646698.2,"yaw":0.0}
S03R {"entity":1,"event":"apply","pose":{"control":1,"durable":2,"entity":1,"position":[0.0,0.00100011611357331,9.0000114440918],"receipt_ms":16743,"sequence":411,"tick":951,"velocity":[0.0,0.0,0.0],"yaw":0.0},"position":[0.0,0.00100011611357331,9.0000114440918],"time_ms":16756,"wall_ms":1791410646746.51,"yaw":0.0}
S03R {"entity":2,"event":"apply","pose":{"control":1,"durable":2,"entity":2,"position":[6.0,0.00100011611357331,2.78089642524719],"receipt_ms":16743,"sequence":411,"tick":951,"velocity":[0.0,0.0,0.0],"yaw":0.0},"position":[6.0,0.00100011611357331,2.78089642524719],"time_ms":16756,"wall_ms":1791410646746.54,"yaw":0.0}
S03R {"entity":1,"event":"apply","pose":{"control":1,"durable":2,"entity":1,"position":[0.0,0.00100011611357331,9.0000114440918],"receipt_ms":16791,"sequence":413,"tick":954,"velocity":[0.0,0.0,0.0],"yaw":0.0},"position":[0.0,0.00100011611357331,9.0000114440918],"time_ms":16804,"wall_ms":1791410646794.77,"yaw":0.0}
S03R {"entity":2,"event":"apply","pose":{"control":1,"durable":2,"entity":2,"position":[6.0,0.00100011611357331,2.78089642524719],"receipt_ms":16791,"sequence":412,"tick":954,"velocity":[0.0,0.0,0.0],"yaw":0.0},"position":[6.0,0.00100011611357331,2.78089642524719],"time_ms":16804,"wall_ms":1791410646794.81,"yaw":0.0}
S03R {"entity":1,"event":"apply","pose":{"control":1,"durable":2,"entity":1,"position":[0.0,0.00100011611357331,9.0000114440918],"receipt_ms":16839,"sequence":414,"tick":957,"velocity":[0.0,0.0,0.0],"yaw":0.0},"position":[0.0,0.00100011611357331,9.0000114440918],"time_ms":16853,"wall_ms":1791410646843.14,"yaw":0.0}
S03R {"entity":2,"event":"apply","pose":{"control":1,"durable":2,"entity":2,"position":[6.0,0.00100011611357331,2.78089642524719],"receipt_ms":16839,"sequence":414,"tick":957,"velocity":[0.0,0.0,0.0],"yaw":0.0},"position":[6.0,0.00100011611357331,2.78089642524719],"time_ms":16853,"wall_ms":1791410646843.2,"yaw":0.0}
S03R {"entity":1,"event":"apply","pose":{"control":1,"durable":2,"entity":1,"position":[0.0,0.00100011611357331,9.0000114440918],"receipt_ms":16894,"sequence":416,"tick":960,"velocity":[0.0,0.0,0.0],"yaw":0.0},"position":[0.0,0.00100011611357331,9.0000114440918],"time_ms":16908,"wall_ms":1791410646898.3,"yaw":0.0}
S03R {"entity":2,"event":"apply","pose":{"control":1,"durable":2,"entity":2,"position":[6.0,0.00100011611357331,2.78089642524719],"receipt_ms":16894,"sequence":415,"tick":960,"velocity":[0.0,0.0,0.0],"yaw":0.0},"position":[6.0,0.00100011611357331,2.78089642524719],"time_ms":16908,"wall_ms":1791410646898.36,"yaw":0.0}
S03R {"entity":1,"event":"apply","pose":{"control":1,"durable":2,"entity":1,"position":[0.0,0.00100011611357331,9.0000114440918],"receipt_ms":16943,"sequence":417,"tick":963,"velocity":[0.0,0.0,0.0],"yaw":0.0},"position":[0.0,0.00100011611357331,9.0000114440918],"time_ms":16956,"wall_ms":1791410646946.65,"yaw":0.0}
S03R {"entity":2,"event":"apply","pose":{"control":1,"durable":2,"entity":2,"position":[6.0,0.00100011611357331,2.78089642524719],"receipt_ms":16943,"sequence":417,"tick":963,"velocity":[0.0,0.0,0.0],"yaw":0.0},"position":[6.0,0.00100011611357331,2.78089642524719],"time_ms":16956,"wall_ms":1791410646946.71,"yaw":0.0}
S03R {"entity":1,"event":"apply","pose":{"control":1,"durable":2,"entity":1,"position":[0.0,0.00100011611357331,9.0000114440918],"receipt_ms":16991,"sequence":419,"tick":966,"velocity":[0.0,0.0,0.0],"yaw":0.0},"position":[0.0,0.00100011611357331,9.0000114440918],"time_ms":17004,"wall_ms":1791410646994.9,"yaw":0.0}
S03R {"entity":2,"event":"apply","pose":{"control":1,"durable":2,"entity":2,"position":[6.0,0.00100011611357331,2.78089642524719],"receipt_ms":16991,"sequence":418,"tick":966,"velocity":[0.0,0.0,0.0],"yaw":0.0},"position":[6.0,0.00100011611357331,2.78089642524719],"time_ms":17005,"wall_ms":1791410646994.95,"yaw":0.0}
S03R {"entity":1,"event":"apply","pose":{"control":1,"durable":2,"entity":1,"position":[0.0,0.00100011611357331,9.0000114440918],"receipt_ms":17046,"sequence":420,"tick":969,"velocity":[0.0,0.0,0.0],"yaw":0.0},"position":[0.0,0.00100011611357331,9.0000114440918],"time_ms":17053,"wall_ms":1791410647043.2,"yaw":0.0}
S03R {"entity":2,"event":"apply","pose":{"control":1,"durable":2,"entity":2,"position":[6.0,0.00100011611357331,2.78089642524719],"receipt_ms":17046,"sequence":420,"tick":969,"velocity":[0.0,0.0,0.0],"yaw":0.0},"position":[6.0,0.00100011611357331,2.78089642524719],"time_ms":17053,"wall_ms":1791410647043.23,"yaw":0.0}
S03R {"entity":1,"event":"apply","pose":{"control":1,"durable":2,"entity":1,"position":[0.0,0.00100011611357331,9.0000114440918],"receipt_ms":17101,"sequence":422,"tick":972,"velocity":[0.0,0.0,0.0],"yaw":0.0},"position":[0.0,0.00100011611357331,9.0000114440918],"time_ms":17108,"wall_ms":1791410647098.39,"yaw":0.0}
S03R {"entity":2,"event":"apply","pose":{"control":1,"durable":2,"entity":2,"position":[6.0,0.00100011611357331,2.78089642524719],"receipt_ms":17101,"sequence":421,"tick":972,"velocity":[0.0,0.0,0.0],"yaw":0.0},"position":[6.0,0.00100011611357331,2.78089642524719],"time_ms":17108,"wall_ms":1791410647098.44,"yaw":0.0}
S03R {"entity":1,"event":"apply","pose":{"control":1,"durable":2,"entity":1,"position":[0.0,0.00100011611357331,9.0000114440918],"receipt_ms":17149,"sequence":423,"tick":975,"velocity":[0.0,0.0,0.0],"yaw":0.0},"position":[0.0,0.00100011611357331,9.0000114440918],"time_ms":17156,"wall_ms":1791410647146.7,"yaw":0.0}
S03R {"entity":2,"event":"apply","pose":{"control":1,"durable":2,"entity":2,"position":[6.0,0.00100011611357331,2.78089642524719],"receipt_ms":17149,"sequence":423,"tick":975,"velocity":[0.0,0.0,0.0],"yaw":0.0},"position":[6.0,0.00100011611357331,2.78089642524719],"time_ms":17156,"wall_ms":1791410647146.74,"yaw":0.0}
S03R {"entity":1,"event":"apply","pose":{"control":1,"durable":2,"entity":1,"position":[0.0,0.00100011611357331,9.0000114440918],"receipt_ms":17198,"sequence":425,"tick":978,"velocity":[0.0,0.0,0.0],"yaw":0.0},"position":[0.0,0.00100011611357331,9.0000114440918],"time_ms":17205,"wall_ms":1791410647195.01,"yaw":0.0}
S03R {"entity":2,"event":"apply","pose":{"control":1,"durable":2,"entity":2,"position":[6.0,0.00100011611357331,2.78089642524719],"receipt_ms":17198,"sequence":424,"tick":978,"velocity":[0.0,0.0,0.0],"yaw":0.0},"position":[6.0,0.00100011611357331,2.78089642524719],"time_ms":17205,"wall_ms":1791410647195.07,"yaw":0.0}
S03R {"entity":1,"event":"apply","pose":{"control":1,"durable":2,"entity":1,"position":[0.0,0.00100011611357331,9.0000114440918],"receipt_ms":17239,"sequence":426,"tick":981,"velocity":[0.0,0.0,0.0],"yaw":0.0},"position":[0.0,0.00100011611357331,9.0000114440918],"time_ms":17253,"wall_ms":1791410647243.35,"yaw":0.0}
S03R {"entity":2,"event":"apply","pose":{"control":1,"durable":2,"entity":2,"position":[6.0,0.00100011611357331,2.78089642524719],"receipt_ms":17239,"sequence":426,"tick":981,"velocity":[0.0,0.0,0.0],"yaw":0.0},"position":[6.0,0.00100011611357331,2.78089642524719],"time_ms":17253,"wall_ms":1791410647243.41,"yaw":0.0}
S03R {"entity":1,"event":"apply","pose":{"control":1,"durable":2,"entity":1,"position":[0.0,0.00100011611357331,9.0000114440918],"receipt_ms":17294,"sequence":428,"tick":984,"velocity":[0.0,0.0,0.0],"yaw":0.0},"position":[0.0,0.00100011611357331,9.0000114440918],"time_ms":17308,"wall_ms":1791410647298.48,"yaw":0.0}
S03R {"entity":2,"event":"apply","pose":{"control":1,"durable":2,"entity":2,"position":[6.0,0.00100011611357331,2.78089642524719],"receipt_ms":17294,"sequence":427,"tick":984,"velocity":[0.0,0.0,0.0],"yaw":0.0},"position":[6.0,0.00100011611357331,2.78089642524719],"time_ms":17308,"wall_ms":1791410647298.51,"yaw":0.0}
S03R {"entity":1,"event":"apply","pose":{"control":1,"durable":2,"entity":1,"position":[0.0,0.00100011611357331,9.0000114440918],"receipt_ms":17343,"sequence":429,"tick":987,"velocity":[0.0,0.0,0.0],"yaw":0.0},"position":[0.0,0.00100011611357331,9.0000114440918],"time_ms":17356,"wall_ms":1791410647346.85,"yaw":0.0}
S03R {"entity":2,"event":"apply","pose":{"control":1,"durable":2,"entity":2,"position":[6.0,0.00100011611357331,2.78089642524719],"receipt_ms":17343,"sequence":429,"tick":987,"velocity":[0.0,0.0,0.0],"yaw":0.0},"position":[6.0,0.00100011611357331,2.78089642524719],"time_ms":17356,"wall_ms":1791410647346.91,"yaw":0.0}
S03R {"entity":1,"event":"apply","pose":{"control":1,"durable":2,"entity":1,"position":[0.0,0.00100011611357331,9.0000114440918],"receipt_ms":17391,"sequence":431,"tick":990,"velocity":[0.0,0.0,0.0],"yaw":0.0},"position":[0.0,0.00100011611357331,9.0000114440918],"time_ms":17405,"wall_ms":1791410647395.11,"yaw":0.0}
S03R {"entity":2,"event":"apply","pose":{"control":1,"durable":2,"entity":2,"position":[6.0,0.00100011611357331,2.78089642524719],"receipt_ms":17391,"sequence":430,"tick":990,"velocity":[0.0,0.0,0.0],"yaw":0.0},"position":[6.0,0.00100011611357331,2.78089642524719],"time_ms":17405,"wall_ms":1791410647395.17,"yaw":0.0}
S03R {"entity":1,"event":"apply","pose":{"control":1,"durable":2,"entity":1,"position":[0.0,0.00100011611357331,9.0000114440918],"receipt_ms":17439,"sequence":432,"tick":993,"velocity":[0.0,0.0,0.0],"yaw":0.0},"position":[0.0,0.00100011611357331,9.0000114440918],"time_ms":17453,"wall_ms":1791410647443.43,"yaw":0.0}
S03R {"entity":2,"event":"apply","pose":{"control":1,"durable":2,"entity":2,"position":[6.0,0.00100011611357331,2.78089642524719],"receipt_ms":17439,"sequence":432,"tick":993,"velocity":[0.0,0.0,0.0],"yaw":0.0},"position":[6.0,0.00100011611357331,2.78089642524719],"time_ms":17453,"wall_ms":1791410647443.46,"yaw":0.0}
S03R {"entity":1,"event":"apply","pose":{"control":1,"durable":2,"entity":1,"position":[0.0,0.00100011611357331,9.0000114440918],"receipt_ms":17494,"sequence":434,"tick":996,"velocity":[0.0,0.0,0.0],"yaw":0.0},"position":[0.0,0.00100011611357331,9.0000114440918],"time_ms":17508,"wall_ms":1791410647498.61,"yaw":0.0}
S03R {"entity":2,"event":"apply","pose":{"control":1,"durable":2,"entity":2,"position":[6.0,0.00100011611357331,2.78089642524719],"receipt_ms":17494,"sequence":433,"tick":996,"velocity":[0.0,0.0,0.0],"yaw":0.0},"position":[6.0,0.00100011611357331,2.78089642524719],"time_ms":17508,"wall_ms":1791410647498.67,"yaw":0.0}
S03R {"entity":1,"event":"apply","pose":{"control":1,"durable":2,"entity":1,"position":[0.0,0.00100011611357331,9.0000114440918],"receipt_ms":17543,"sequence":435,"tick":999,"velocity":[0.0,0.0,0.0],"yaw":0.0},"position":[0.0,0.00100011611357331,9.0000114440918],"time_ms":17556,"wall_ms":1791410647546.96,"yaw":0.0}
S03R {"entity":2,"event":"apply","pose":{"control":1,"durable":2,"entity":2,"position":[6.0,0.00100011611357331,2.78089642524719],"receipt_ms":17543,"sequence":435,"tick":999,"velocity":[0.0,0.0,0.0],"yaw":0.0},"position":[6.0,0.00100011611357331,2.78089642524719],"time_ms":17557,"wall_ms":1791410647547.01,"yaw":0.0}
S03R {"entity":1,"event":"apply","pose":{"control":1,"durable":2,"entity":1,"position":[0.0,0.00100011611357331,9.0000114440918],"receipt_ms":17591,"sequence":437,"tick":1002,"velocity":[0.0,0.0,0.0],"yaw":0.0},"position":[0.0,0.00100011611357331,9.0000114440918],"time_ms":17605,"wall_ms":1791410647595.21,"yaw":0.0}
S03R {"entity":2,"event":"apply","pose":{"control":1,"durable":2,"entity":2,"position":[6.0,0.00100011611357331,2.78089642524719],"receipt_ms":17591,"sequence":436,"tick":1002,"velocity":[0.0,0.0,0.0],"yaw":0.0},"position":[6.0,0.00100011611357331,2.78089642524719],"time_ms":17605,"wall_ms":1791410647595.26,"yaw":0.0}
S03R {"entity":1,"event":"apply","pose":{"control":1,"durable":2,"entity":1,"position":[0.0,0.00100011611357331,9.0000114440918],"receipt_ms":17640,"sequence":438,"tick":1005,"velocity":[0.0,0.0,0.0],"yaw":0.0},"position":[0.0,0.00100011611357331,9.0000114440918],"time_ms":17653,"wall_ms":1791410647643.56,"yaw":0.0}
S03R {"entity":2,"event":"apply","pose":{"control":1,"durable":2,"entity":2,"position":[6.0,0.00100011611357331,2.78089642524719],"receipt_ms":17640,"sequence":438,"tick":1005,"velocity":[0.0,0.0,0.0],"yaw":0.0},"position":[6.0,0.00100011611357331,2.78089642524719],"time_ms":17653,"wall_ms":1791410647643.62,"yaw":0.0}
S03R {"entity":1,"event":"apply","pose":{"control":1,"durable":2,"entity":1,"position":[0.0,0.00100011611357331,9.0000114440918],"receipt_ms":17695,"sequence":440,"tick":1008,"velocity":[0.0,0.0,0.0],"yaw":0.0},"position":[0.0,0.00100011611357331,9.0000114440918],"time_ms":17708,"wall_ms":1791410647698.72,"yaw":0.0}
S03R {"entity":2,"event":"apply","pose":{"control":1,"durable":2,"entity":2,"position":[6.0,0.00100011611357331,2.78089642524719],"receipt_ms":17695,"sequence":439,"tick":1008,"velocity":[0.0,0.0,0.0],"yaw":0.0},"position":[6.0,0.00100011611357331,2.78089642524719],"time_ms":17708,"wall_ms":1791410647698.77,"yaw":0.0}
S03R {"entity":1,"event":"apply","pose":{"control":1,"durable":2,"entity":1,"position":[0.0,0.00100011611357331,9.0000114440918],"receipt_ms":17743,"sequence":441,"tick":1011,"velocity":[0.0,0.0,0.0],"yaw":0.0},"position":[0.0,0.00100011611357331,9.0000114440918],"time_ms":17757,"wall_ms":1791410647747.07,"yaw":0.0}
S03R {"entity":2,"event":"apply","pose":{"control":1,"durable":2,"entity":2,"position":[6.0,0.00100011611357331,2.78089642524719],"receipt_ms":17743,"sequence":441,"tick":1011,"velocity":[0.0,0.0,0.0],"yaw":0.0},"position":[6.0,0.00100011611357331,2.78089642524719],"time_ms":17757,"wall_ms":1791410647747.13,"yaw":0.0}
S03R {"entity":1,"event":"apply","pose":{"control":1,"durable":2,"entity":1,"position":[0.0,0.00100011611357331,9.0000114440918],"receipt_ms":17792,"sequence":443,"tick":1014,"velocity":[0.0,0.0,0.0],"yaw":0.0},"position":[0.0,0.00100011611357331,9.0000114440918],"time_ms":17805,"wall_ms":1791410647795.32,"yaw":0.0}
S03R {"entity":2,"event":"apply","pose":{"control":1,"durable":2,"entity":2,"position":[6.0,0.00100011611357331,2.78089642524719],"receipt_ms":17792,"sequence":442,"tick":1014,"velocity":[0.0,0.0,0.0],"yaw":0.0},"position":[6.0,0.00100011611357331,2.78089642524719],"time_ms":17805,"wall_ms":1791410647795.39,"yaw":0.0}
S03R {"event":"input","index":22,"move":-1.0,"position":[6.0,0.00100011611357331,2.78089642524719],"role":"client","sequence_floor":444,"tick":888,"time_ms":17826,"turn":0.0,"wall_ms":1791410647816.06,"yaw":0.0}
S03R {"event":"keys","move":-1.0,"role":"client","tick":888,"time_ms":17826,"turn":0.0,"wall_ms":1791410647816.1}
S03R {"entity":1,"event":"apply","pose":{"control":1,"durable":2,"entity":1,"position":[0.0,0.00100011611357331,9.0000114440918],"receipt_ms":17840,"sequence":444,"tick":1017,"velocity":[0.0,0.0,0.0],"yaw":0.0},"position":[0.0,0.00100011611357331,9.0000114440918],"time_ms":17853,"wall_ms":1791410647843.71,"yaw":0.0}
S03R {"entity":2,"event":"apply","pose":{"control":1,"durable":2,"entity":2,"position":[6.0,0.00100011611357331,2.83089637756348],"receipt_ms":17840,"sequence":444,"tick":1017,"velocity":[0.0,0.0,2.99999523162842],"yaw":0.0},"position":[6.0,0.00100011611357331,2.83089637756348],"time_ms":17853,"wall_ms":1791410647843.78,"yaw":0.0}
S03R {"entity":1,"event":"apply","pose":{"control":1,"durable":2,"entity":1,"position":[0.0,0.00100011611357331,9.0000114440918],"receipt_ms":17901,"sequence":446,"tick":1020,"velocity":[0.0,0.0,0.0],"yaw":0.0},"position":[0.0,0.00100011611357331,9.0000114440918],"time_ms":17908,"wall_ms":1791410647898.81,"yaw":0.0}
S03R {"entity":2,"event":"apply","pose":{"control":1,"durable":2,"entity":2,"position":[6.0,0.00100011611357331,2.98089623451233],"receipt_ms":17901,"sequence":445,"tick":1020,"velocity":[0.0,0.0,2.99999523162842],"yaw":0.0},"position":[6.0,0.00100011611357331,2.98089623451233],"time_ms":17908,"wall_ms":1791410647898.87,"yaw":0.0}
S03R {"entity":1,"event":"apply","pose":{"control":1,"durable":2,"entity":1,"position":[0.0,0.00100011611357331,9.0000114440918],"receipt_ms":17943,"sequence":447,"tick":1023,"velocity":[0.0,0.0,0.0],"yaw":0.0},"position":[0.0,0.00100011611357331,9.0000114440918],"time_ms":17957,"wall_ms":1791410647947.17,"yaw":0.0}
S03R {"entity":2,"event":"apply","pose":{"control":1,"durable":2,"entity":2,"position":[6.0,0.00100011611357331,3.13089609146118],"receipt_ms":17943,"sequence":447,"tick":1023,"velocity":[0.0,0.0,2.99999523162842],"yaw":0.0},"position":[6.0,0.00100011611357331,3.13089609146118],"time_ms":17957,"wall_ms":1791410647947.23,"yaw":0.0}
S03R {"entity":1,"event":"apply","pose":{"control":1,"durable":2,"entity":1,"position":[0.0,0.00100011611357331,9.0000114440918],"receipt_ms":17992,"sequence":449,"tick":1026,"velocity":[0.0,0.0,0.0],"yaw":0.0},"position":[0.0,0.00100011611357331,9.0000114440918],"time_ms":18005,"wall_ms":1791410647995.39,"yaw":0.0}
S03R {"entity":2,"event":"apply","pose":{"control":1,"durable":2,"entity":2,"position":[6.0,0.00100011611357331,3.28089594841003],"receipt_ms":17992,"sequence":448,"tick":1026,"velocity":[0.0,0.0,2.99999523162842],"yaw":0.0},"position":[6.0,0.00100011611357331,3.28089594841003],"time_ms":18005,"wall_ms":1791410647995.45,"yaw":0.0}
S03R {"entity":1,"event":"apply","pose":{"control":1,"durable":2,"entity":1,"position":[0.0,0.00100011611357331,9.0000114440918],"receipt_ms":18040,"sequence":450,"tick":1029,"velocity":[0.0,0.0,0.0],"yaw":0.0},"position":[0.0,0.00100011611357331,9.0000114440918],"time_ms":18053,"wall_ms":1791410648043.72,"yaw":0.0}
S03R {"entity":2,"event":"apply","pose":{"control":1,"durable":2,"entity":2,"position":[6.0,0.00100011611357331,3.43089580535889],"receipt_ms":18040,"sequence":450,"tick":1029,"velocity":[0.0,0.0,2.99999523162842],"yaw":0.0},"position":[6.0,0.00100011611357331,3.43089580535889],"time_ms":18053,"wall_ms":1791410648043.75,"yaw":0.0}
S03R {"entity":1,"event":"apply","pose":{"control":1,"durable":2,"entity":1,"position":[0.0,0.00100011611357331,9.0000114440918],"receipt_ms":18095,"sequence":452,"tick":1032,"velocity":[0.0,0.0,0.0],"yaw":0.0},"position":[0.0,0.00100011611357331,9.0000114440918],"time_ms":18108,"wall_ms":1791410648098.93,"yaw":0.0}
S03R {"entity":2,"event":"apply","pose":{"control":1,"durable":2,"entity":2,"position":[6.0,0.00100011611357331,3.58089566230774],"receipt_ms":18095,"sequence":451,"tick":1032,"velocity":[0.0,0.0,2.99999523162842],"yaw":0.0},"position":[6.0,0.00100011611357331,3.58089566230774],"time_ms":18109,"wall_ms":1791410648098.99,"yaw":0.0}
S03R {"entity":1,"event":"apply","pose":{"control":1,"durable":2,"entity":1,"position":[0.0,0.00100011611357331,9.0000114440918],"receipt_ms":18143,"sequence":453,"tick":1035,"velocity":[0.0,0.0,0.0],"yaw":0.0},"position":[0.0,0.00100011611357331,9.0000114440918],"time_ms":18157,"wall_ms":1791410648147.27,"yaw":0.0}
S03R {"entity":2,"event":"apply","pose":{"control":1,"durable":2,"entity":2,"position":[6.0,0.00100011611357331,3.73089551925659],"receipt_ms":18143,"sequence":453,"tick":1035,"velocity":[0.0,0.0,2.99999523162842],"yaw":0.0},"position":[6.0,0.00100011611357331,3.73089551925659],"time_ms":18157,"wall_ms":1791410648147.33,"yaw":0.0}
S03R {"entity":1,"event":"apply","pose":{"control":1,"durable":2,"entity":1,"position":[0.0,0.00100011611357331,9.0000114440918],"receipt_ms":18192,"sequence":455,"tick":1038,"velocity":[0.0,0.0,0.0],"yaw":0.0},"position":[0.0,0.00100011611357331,9.0000114440918],"time_ms":18205,"wall_ms":1791410648195.52,"yaw":0.0}
S03R {"entity":2,"event":"apply","pose":{"control":1,"durable":2,"entity":2,"position":[6.0,0.00100011611357331,3.88089537620544],"receipt_ms":18192,"sequence":454,"tick":1038,"velocity":[0.0,0.0,2.99999523162842],"yaw":0.0},"position":[6.0,0.00100011611357331,3.88089537620544],"time_ms":18205,"wall_ms":1791410648195.58,"yaw":0.0}
S03R {"entity":1,"event":"apply","pose":{"control":1,"durable":2,"entity":1,"position":[0.0,0.00100011611357331,9.0000114440918],"receipt_ms":18240,"sequence":456,"tick":1041,"velocity":[0.0,0.0,0.0],"yaw":0.0},"position":[0.0,0.00100011611357331,9.0000114440918],"time_ms":18253,"wall_ms":1791410648243.86,"yaw":0.0}
S03R {"entity":2,"event":"apply","pose":{"control":1,"durable":2,"entity":2,"position":[6.0,0.00100011611357331,4.0308952331543],"receipt_ms":18240,"sequence":456,"tick":1041,"velocity":[0.0,0.0,2.99999523162842],"yaw":0.0},"position":[6.0,0.00100011611357331,4.0308952331543],"time_ms":18253,"wall_ms":1791410648243.91,"yaw":0.0}
S03R {"entity":1,"event":"apply","pose":{"control":1,"durable":2,"entity":1,"position":[0.0,0.00100011611357331,9.0000114440918],"receipt_ms":18295,"sequence":458,"tick":1044,"velocity":[0.0,0.0,0.0],"yaw":0.0},"position":[0.0,0.00100011611357331,9.0000114440918],"time_ms":18309,"wall_ms":1791410648299.03,"yaw":0.0}
S03R {"entity":2,"event":"apply","pose":{"control":1,"durable":2,"entity":2,"position":[6.0,0.00100011611357331,4.18089437484741],"receipt_ms":18295,"sequence":457,"tick":1044,"velocity":[0.0,0.0,2.99999523162842],"yaw":0.0},"position":[6.0,0.00100011611357331,4.18089437484741],"time_ms":18309,"wall_ms":1791410648299.1,"yaw":0.0}
S03R {"entity":1,"event":"apply","pose":{"control":1,"durable":2,"entity":1,"position":[0.0,0.00100011611357331,9.0000114440918],"receipt_ms":18344,"sequence":459,"tick":1047,"velocity":[0.0,0.0,0.0],"yaw":0.0},"position":[0.0,0.00100011611357331,9.0000114440918],"time_ms":18357,"wall_ms":1791410648347.39,"yaw":0.0}
S03R {"entity":2,"event":"apply","pose":{"control":1,"durable":2,"entity":2,"position":[6.0,0.00100011611357331,4.33089351654053],"receipt_ms":18344,"sequence":459,"tick":1047,"velocity":[0.0,0.0,2.99999523162842],"yaw":0.0},"position":[6.0,0.00100011611357331,4.33089351654053],"time_ms":18357,"wall_ms":1791410648347.44,"yaw":0.0}
S03R {"entity":1,"event":"apply","pose":{"control":1,"durable":2,"entity":1,"position":[0.0,0.00100011611357331,9.0000114440918],"receipt_ms":18392,"sequence":461,"tick":1050,"velocity":[0.0,0.0,0.0],"yaw":0.0},"position":[0.0,0.00100011611357331,9.0000114440918],"time_ms":18405,"wall_ms":1791410648395.62,"yaw":0.0}
S03R {"entity":2,"event":"apply","pose":{"control":1,"durable":2,"entity":2,"position":[6.0,0.00100011611357331,4.48089265823364],"receipt_ms":18392,"sequence":460,"tick":1050,"velocity":[0.0,0.0,2.99999523162842],"yaw":0.0},"position":[6.0,0.00100011611357331,4.48089265823364],"time_ms":18405,"wall_ms":1791410648395.69,"yaw":0.0}
S03R {"entity":1,"event":"apply","pose":{"control":1,"durable":2,"entity":1,"position":[0.0,0.00100011611357331,9.0000114440918],"receipt_ms":18440,"sequence":462,"tick":1053,"velocity":[0.0,0.0,0.0],"yaw":0.0},"position":[0.0,0.00100011611357331,9.0000114440918],"time_ms":18454,"wall_ms":1791410648443.98,"yaw":0.0}
S03R {"entity":2,"event":"apply","pose":{"control":1,"durable":2,"entity":2,"position":[6.0,0.00100011611357331,4.63089179992676],"receipt_ms":18440,"sequence":462,"tick":1053,"velocity":[0.0,0.0,2.99999523162842],"yaw":0.0},"position":[6.0,0.00100011611357331,4.63089179992676],"time_ms":18454,"wall_ms":1791410648444.04,"yaw":0.0}
S03R {"entity":1,"event":"apply","pose":{"control":1,"durable":2,"entity":1,"position":[0.0,0.00100011611357331,9.0000114440918],"receipt_ms":18502,"sequence":464,"tick":1056,"velocity":[0.0,0.0,0.0],"yaw":0.0},"position":[0.0,0.00100011611357331,9.0000114440918],"time_ms":18509,"wall_ms":1791410648499.14,"yaw":0.0}
S03R {"entity":2,"event":"apply","pose":{"control":1,"durable":2,"entity":2,"position":[6.0,0.00100011611357331,4.78089094161987],"receipt_ms":18502,"sequence":463,"tick":1056,"velocity":[0.0,0.0,2.99999523162842],"yaw":0.0},"position":[6.0,0.00100011611357331,4.78089094161987],"time_ms":18509,"wall_ms":1791410648499.19,"yaw":0.0}
S03R {"event":"keys","move":0.0,"role":"client","tick":930,"time_ms":18522,"turn":0.0,"wall_ms":1791410648512.96}
S03R {"entity":1,"event":"apply","pose":{"control":1,"durable":2,"entity":1,"position":[0.0,0.00100011611357331,9.0000114440918],"receipt_ms":18550,"sequence":465,"tick":1059,"velocity":[0.0,0.0,0.0],"yaw":0.0},"position":[0.0,0.00100011611357331,9.0000114440918],"time_ms":18557,"wall_ms":1791410648547.44,"yaw":0.0}
S03R {"entity":2,"event":"apply","pose":{"control":1,"durable":2,"entity":2,"position":[6.0,0.00100011611357331,4.88089036941528],"receipt_ms":18550,"sequence":465,"tick":1059,"velocity":[0.0,0.0,0.0],"yaw":0.0},"position":[6.0,0.00100011611357331,4.88089036941528],"time_ms":18557,"wall_ms":1791410648547.5,"yaw":0.0}
S03R {"entity":1,"event":"apply","pose":{"control":1,"durable":2,"entity":1,"position":[0.0,0.00100011611357331,9.0000114440918],"receipt_ms":18598,"sequence":467,"tick":1062,"velocity":[0.0,0.0,0.0],"yaw":0.0},"position":[0.0,0.00100011611357331,9.0000114440918],"time_ms":18605,"wall_ms":1791410648595.71,"yaw":0.0}
S03R {"entity":2,"event":"apply","pose":{"control":1,"durable":2,"entity":2,"position":[6.0,0.00100011611357331,4.88089036941528],"receipt_ms":18598,"sequence":466,"tick":1062,"velocity":[0.0,0.0,0.0],"yaw":0.0},"position":[6.0,0.00100011611357331,4.88089036941528],"time_ms":18605,"wall_ms":1791410648595.74,"yaw":0.0}
S03R {"entity":1,"event":"apply","pose":{"control":1,"durable":2,"entity":1,"position":[0.0,0.00100011611357331,9.0000114440918],"receipt_ms":18640,"sequence":468,"tick":1065,"velocity":[0.0,0.0,0.0],"yaw":0.0},"position":[0.0,0.00100011611357331,9.0000114440918],"time_ms":18654,"wall_ms":1791410648644.03,"yaw":0.0}
S03R {"entity":2,"event":"apply","pose":{"control":1,"durable":2,"entity":2,"position":[6.0,0.00100011611357331,4.88089036941528],"receipt_ms":18640,"sequence":468,"tick":1065,"velocity":[0.0,0.0,0.0],"yaw":0.0},"position":[6.0,0.00100011611357331,4.88089036941528],"time_ms":18654,"wall_ms":1791410648644.06,"yaw":0.0}
S03R {"entity":1,"event":"apply","pose":{"control":1,"durable":2,"entity":1,"position":[0.0,0.00100011611357331,9.0000114440918],"receipt_ms":18702,"sequence":470,"tick":1068,"velocity":[0.0,0.0,0.0],"yaw":0.0},"position":[0.0,0.00100011611357331,9.0000114440918],"time_ms":18709,"wall_ms":1791410648699.24,"yaw":0.0}
S03R {"entity":2,"event":"apply","pose":{"control":1,"durable":2,"entity":2,"position":[6.0,0.00100011611357331,4.88089036941528],"receipt_ms":18702,"sequence":469,"tick":1068,"velocity":[0.0,0.0,0.0],"yaw":0.0},"position":[6.0,0.00100011611357331,4.88089036941528],"time_ms":18709,"wall_ms":1791410648699.3,"yaw":0.0}
S03R {"entity":1,"event":"apply","pose":{"control":1,"durable":2,"entity":1,"position":[0.0,0.00100011611357331,9.0000114440918],"receipt_ms":18750,"sequence":471,"tick":1071,"velocity":[0.0,0.0,0.0],"yaw":0.0},"position":[0.0,0.00100011611357331,9.0000114440918],"time_ms":18757,"wall_ms":1791410648747.6,"yaw":0.0}
S03R {"entity":2,"event":"apply","pose":{"control":1,"durable":2,"entity":2,"position":[6.0,0.00100011611357331,4.88089036941528],"receipt_ms":18750,"sequence":471,"tick":1071,"velocity":[0.0,0.0,0.0],"yaw":0.0},"position":[6.0,0.00100011611357331,4.88089036941528],"time_ms":18757,"wall_ms":1791410648747.66,"yaw":0.0}
S03R {"entity":1,"event":"apply","pose":{"control":1,"durable":2,"entity":1,"position":[0.0,0.00100011611357331,9.0000114440918],"receipt_ms":18792,"sequence":473,"tick":1074,"velocity":[0.0,0.0,0.0],"yaw":0.0},"position":[0.0,0.00100011611357331,9.0000114440918],"time_ms":18805,"wall_ms":1791410648795.84,"yaw":0.0}
S03R {"entity":2,"event":"apply","pose":{"control":1,"durable":2,"entity":2,"position":[6.0,0.00100011611357331,4.88089036941528],"receipt_ms":18792,"sequence":472,"tick":1074,"velocity":[0.0,0.0,0.0],"yaw":0.0},"position":[6.0,0.00100011611357331,4.88089036941528],"time_ms":18805,"wall_ms":1791410648795.89,"yaw":0.0}
S03R {"entity":1,"event":"apply","pose":{"control":1,"durable":2,"entity":1,"position":[0.0,0.00100011611357331,9.0000114440918],"receipt_ms":18840,"sequence":474,"tick":1077,"velocity":[0.0,0.0,0.0],"yaw":0.0},"position":[0.0,0.00100011611357331,9.0000114440918],"time_ms":18854,"wall_ms":1791410648844.19,"yaw":0.0}
S03R {"entity":2,"event":"apply","pose":{"control":1,"durable":2,"entity":2,"position":[6.0,0.00100011611357331,4.88089036941528],"receipt_ms":18840,"sequence":474,"tick":1077,"velocity":[0.0,0.0,0.0],"yaw":0.0},"position":[6.0,0.00100011611357331,4.88089036941528],"time_ms":18854,"wall_ms":1791410648844.25,"yaw":0.0}
S03R {"entity":1,"event":"apply","pose":{"control":1,"durable":2,"entity":1,"position":[0.0,0.00100011611357331,9.0000114440918],"receipt_ms":18895,"sequence":476,"tick":1080,"velocity":[0.0,0.0,0.0],"yaw":0.0},"position":[0.0,0.00100011611357331,9.0000114440918],"time_ms":18909,"wall_ms":1791410648899.32,"yaw":0.0}
S03R {"entity":2,"event":"apply","pose":{"control":1,"durable":2,"entity":2,"position":[6.0,0.00100011611357331,4.88089036941528],"receipt_ms":18895,"sequence":475,"tick":1080,"velocity":[0.0,0.0,0.0],"yaw":0.0},"position":[6.0,0.00100011611357331,4.88089036941528],"time_ms":18909,"wall_ms":1791410648899.39,"yaw":0.0}
S03R {"entity":1,"event":"apply","pose":{"control":1,"durable":2,"entity":1,"position":[0.0,0.00100011611357331,9.0000114440918],"receipt_ms":18944,"sequence":477,"tick":1083,"velocity":[0.0,0.0,0.0],"yaw":0.0},"position":[0.0,0.00100011611357331,9.0000114440918],"time_ms":18957,"wall_ms":1791410648947.69,"yaw":0.0}
S03R {"entity":2,"event":"apply","pose":{"control":1,"durable":2,"entity":2,"position":[6.0,0.00100011611357331,4.88089036941528],"receipt_ms":18944,"sequence":477,"tick":1083,"velocity":[0.0,0.0,0.0],"yaw":0.0},"position":[6.0,0.00100011611357331,4.88089036941528],"time_ms":18957,"wall_ms":1791410648947.75,"yaw":0.0}
S03R {"entity":1,"event":"apply","pose":{"control":1,"durable":2,"entity":1,"position":[0.0,0.00100011611357331,9.0000114440918],"receipt_ms":18992,"sequence":479,"tick":1086,"velocity":[0.0,0.0,0.0],"yaw":0.0},"position":[0.0,0.00100011611357331,9.0000114440918],"time_ms":19005,"wall_ms":1791410648995.92,"yaw":0.0}
S03R {"entity":2,"event":"apply","pose":{"control":1,"durable":2,"entity":2,"position":[6.0,0.00100011611357331,4.88089036941528],"receipt_ms":18992,"sequence":478,"tick":1086,"velocity":[0.0,0.0,0.0],"yaw":0.0},"position":[6.0,0.00100011611357331,4.88089036941528],"time_ms":19005,"wall_ms":1791410648995.95,"yaw":0.0}
S03R {"entity":1,"event":"apply","pose":{"control":1,"durable":2,"entity":1,"position":[0.0,0.00100011611357331,9.0000114440918],"receipt_ms":19040,"sequence":480,"tick":1089,"velocity":[0.0,0.0,0.0],"yaw":0.0},"position":[0.0,0.00100011611357331,9.0000114440918],"time_ms":19054,"wall_ms":1791410649044.25,"yaw":0.0}
S03R {"entity":2,"event":"apply","pose":{"control":1,"durable":2,"entity":2,"position":[6.0,0.00100011611357331,4.88089036941528],"receipt_ms":19040,"sequence":480,"tick":1089,"velocity":[0.0,0.0,0.0],"yaw":0.0},"position":[6.0,0.00100011611357331,4.88089036941528],"time_ms":19054,"wall_ms":1791410649044.28,"yaw":0.0}
S03R {"entity":1,"event":"apply","pose":{"control":1,"durable":2,"entity":1,"position":[0.0,0.00100011611357331,9.0000114440918],"receipt_ms":19095,"sequence":482,"tick":1092,"velocity":[0.0,0.0,0.0],"yaw":0.0},"position":[0.0,0.00100011611357331,9.0000114440918],"time_ms":19109,"wall_ms":1791410649099.42,"yaw":0.0}
S03R {"entity":2,"event":"apply","pose":{"control":1,"durable":2,"entity":2,"position":[6.0,0.00100011611357331,4.88089036941528],"receipt_ms":19095,"sequence":481,"tick":1092,"velocity":[0.0,0.0,0.0],"yaw":0.0},"position":[6.0,0.00100011611357331,4.88089036941528],"time_ms":19109,"wall_ms":1791410649099.45,"yaw":0.0}
S03R {"entity":1,"event":"apply","pose":{"control":1,"durable":2,"entity":1,"position":[0.0,0.00100011611357331,9.0000114440918],"receipt_ms":19144,"sequence":483,"tick":1095,"velocity":[0.0,0.0,0.0],"yaw":0.0},"position":[0.0,0.00100011611357331,9.0000114440918],"time_ms":19157,"wall_ms":1791410649147.79,"yaw":0.0}
S03R {"entity":2,"event":"apply","pose":{"control":1,"durable":2,"entity":2,"position":[6.0,0.00100011611357331,4.88089036941528],"receipt_ms":19144,"sequence":483,"tick":1095,"velocity":[0.0,0.0,0.0],"yaw":0.0},"position":[6.0,0.00100011611357331,4.88089036941528],"time_ms":19157,"wall_ms":1791410649147.85,"yaw":0.0}
S03R {"entity":1,"event":"apply","pose":{"control":1,"durable":2,"entity":1,"position":[0.0,0.00100011611357331,9.0000114440918],"receipt_ms":19192,"sequence":485,"tick":1098,"velocity":[0.0,0.0,0.0],"yaw":0.0},"position":[0.0,0.00100011611357331,9.0000114440918],"time_ms":19206,"wall_ms":1791410649196.02,"yaw":0.0}
S03R {"entity":2,"event":"apply","pose":{"control":1,"durable":2,"entity":2,"position":[6.0,0.00100011611357331,4.88089036941528],"receipt_ms":19192,"sequence":484,"tick":1098,"velocity":[0.0,0.0,0.0],"yaw":0.0},"position":[6.0,0.00100011611357331,4.88089036941528],"time_ms":19206,"wall_ms":1791410649196.05,"yaw":0.0}
S03R {"entity":1,"event":"apply","pose":{"control":1,"durable":2,"entity":1,"position":[0.0,0.00100011611357331,9.0000114440918],"receipt_ms":19240,"sequence":486,"tick":1101,"velocity":[0.0,0.0,0.0],"yaw":0.0},"position":[0.0,0.00100011611357331,9.0000114440918],"time_ms":19254,"wall_ms":1791410649244.4,"yaw":0.0}
S03R {"entity":2,"event":"apply","pose":{"control":1,"durable":2,"entity":2,"position":[6.0,0.00100011611357331,4.88089036941528],"receipt_ms":19241,"sequence":486,"tick":1101,"velocity":[0.0,0.0,0.0],"yaw":0.0},"position":[6.0,0.00100011611357331,4.88089036941528],"time_ms":19254,"wall_ms":1791410649244.45,"yaw":0.0}
S03R {"entity":1,"event":"apply","pose":{"control":1,"durable":2,"entity":1,"position":[0.0,0.00100011611357331,9.0000114440918],"receipt_ms":19295,"sequence":488,"tick":1104,"velocity":[0.0,0.0,0.0],"yaw":0.0},"position":[0.0,0.00100011611357331,9.0000114440918],"time_ms":19309,"wall_ms":1791410649299.53,"yaw":0.0}
S03R {"entity":2,"event":"apply","pose":{"control":1,"durable":2,"entity":2,"position":[6.0,0.00100011611357331,4.88089036941528],"receipt_ms":19295,"sequence":487,"tick":1104,"velocity":[0.0,0.0,0.0],"yaw":0.0},"position":[6.0,0.00100011611357331,4.88089036941528],"time_ms":19309,"wall_ms":1791410649299.56,"yaw":0.0}
S03R {"entity":1,"event":"apply","pose":{"control":1,"durable":2,"entity":1,"position":[0.0,0.00100011611357331,9.0000114440918],"receipt_ms":19350,"sequence":489,"tick":1107,"velocity":[0.0,0.0,0.0],"yaw":0.0},"position":[0.0,0.00100011611357331,9.0000114440918],"time_ms":19357,"wall_ms":1791410649347.85,"yaw":0.0}
S03R {"entity":2,"event":"apply","pose":{"control":1,"durable":2,"entity":2,"position":[6.0,0.00100011611357331,4.88089036941528],"receipt_ms":19350,"sequence":489,"tick":1107,"velocity":[0.0,0.0,0.0],"yaw":0.0},"position":[6.0,0.00100011611357331,4.88089036941528],"time_ms":19357,"wall_ms":1791410649347.89,"yaw":0.0}
S03R {"entity":1,"event":"apply","pose":{"control":1,"durable":2,"entity":1,"position":[0.0,0.00100011611357331,9.0000114440918],"receipt_ms":19392,"sequence":491,"tick":1110,"velocity":[0.0,0.0,0.0],"yaw":0.0},"position":[0.0,0.00100011611357331,9.0000114440918],"time_ms":19406,"wall_ms":1791410649396.16,"yaw":0.0}
S03R {"entity":2,"event":"apply","pose":{"control":1,"durable":2,"entity":2,"position":[6.0,0.00100011611357331,4.88089036941528],"receipt_ms":19392,"sequence":490,"tick":1110,"velocity":[0.0,0.0,0.0],"yaw":0.0},"position":[6.0,0.00100011611357331,4.88089036941528],"time_ms":19406,"wall_ms":1791410649396.21,"yaw":0.0}
S03R {"entity":1,"event":"apply","pose":{"control":1,"durable":2,"entity":1,"position":[0.0,0.00100011611357331,9.0000114440918],"receipt_ms":19440,"sequence":492,"tick":1113,"velocity":[0.0,0.0,0.0],"yaw":0.0},"position":[0.0,0.00100011611357331,9.0000114440918],"time_ms":19454,"wall_ms":1791410649444.45,"yaw":0.0}
S03R {"entity":2,"event":"apply","pose":{"control":1,"durable":2,"entity":2,"position":[6.0,0.00100011611357331,4.88089036941528],"receipt_ms":19440,"sequence":492,"tick":1113,"velocity":[0.0,0.0,0.0],"yaw":0.0},"position":[6.0,0.00100011611357331,4.88089036941528],"time_ms":19454,"wall_ms":1791410649444.48,"yaw":0.0}
S03R {"entity":1,"event":"apply","pose":{"control":1,"durable":2,"entity":1,"position":[0.0,0.00100011611357331,9.0000114440918],"receipt_ms":19495,"sequence":494,"tick":1116,"velocity":[0.0,0.0,0.0],"yaw":0.0},"position":[0.0,0.00100011611357331,9.0000114440918],"time_ms":19509,"wall_ms":1791410649499.63,"yaw":0.0}
S03R {"entity":2,"event":"apply","pose":{"control":1,"durable":2,"entity":2,"position":[6.0,0.00100011611357331,4.88089036941528],"receipt_ms":19495,"sequence":493,"tick":1116,"velocity":[0.0,0.0,0.0],"yaw":0.0},"position":[6.0,0.00100011611357331,4.88089036941528],"time_ms":19509,"wall_ms":1791410649499.66,"yaw":0.0}
S03R {"entity":1,"event":"apply","pose":{"control":1,"durable":2,"entity":1,"position":[0.0,0.00100011611357331,9.0000114440918],"receipt_ms":19544,"sequence":495,"tick":1119,"velocity":[0.0,0.0,0.0],"yaw":0.0},"position":[0.0,0.00100011611357331,9.0000114440918],"time_ms":19557,"wall_ms":1791410649547.96,"yaw":0.0}
S03R {"entity":2,"event":"apply","pose":{"control":1,"durable":2,"entity":2,"position":[6.0,0.00100011611357331,4.88089036941528],"receipt_ms":19544,"sequence":495,"tick":1119,"velocity":[0.0,0.0,0.0],"yaw":0.0},"position":[6.0,0.00100011611357331,4.88089036941528],"time_ms":19557,"wall_ms":1791410649547.99,"yaw":0.0}
S03R {"entity":1,"event":"apply","pose":{"control":1,"durable":2,"entity":1,"position":[0.0,0.00100011611357331,9.0000114440918],"receipt_ms":19592,"sequence":497,"tick":1122,"velocity":[0.0,0.0,0.0],"yaw":0.0},"position":[0.0,0.00100011611357331,9.0000114440918],"time_ms":19606,"wall_ms":1791410649596.26,"yaw":0.0}
S03R {"entity":2,"event":"apply","pose":{"control":1,"durable":2,"entity":2,"position":[6.0,0.00100011611357331,4.88089036941528],"receipt_ms":19592,"sequence":496,"tick":1122,"velocity":[0.0,0.0,0.0],"yaw":0.0},"position":[6.0,0.00100011611357331,4.88089036941528],"time_ms":19606,"wall_ms":1791410649596.31,"yaw":0.0}
S03R {"entity":1,"event":"apply","pose":{"control":1,"durable":2,"entity":1,"position":[0.0,0.00100011611357331,9.0000114440918],"receipt_ms":19641,"sequence":498,"tick":1125,"velocity":[0.0,0.0,0.0],"yaw":0.0},"position":[0.0,0.00100011611357331,9.0000114440918],"time_ms":19654,"wall_ms":1791410649644.56,"yaw":0.0}
S03R {"entity":2,"event":"apply","pose":{"control":1,"durable":2,"entity":2,"position":[6.0,0.00100011611357331,4.88089036941528],"receipt_ms":19641,"sequence":498,"tick":1125,"velocity":[0.0,0.0,0.0],"yaw":0.0},"position":[6.0,0.00100011611357331,4.88089036941528],"time_ms":19654,"wall_ms":1791410649644.59,"yaw":0.0}
S03R {"entity":1,"event":"apply","pose":{"control":1,"durable":2,"entity":1,"position":[0.0,0.00100011611357331,9.0000114440918],"receipt_ms":19695,"sequence":500,"tick":1128,"velocity":[0.0,0.0,0.0],"yaw":0.0},"position":[0.0,0.00100011611357331,9.0000114440918],"time_ms":19709,"wall_ms":1791410649699.76,"yaw":0.0}
S03R {"entity":2,"event":"apply","pose":{"control":1,"durable":2,"entity":2,"position":[6.0,0.00100011611357331,4.88089036941528],"receipt_ms":19695,"sequence":499,"tick":1128,"velocity":[0.0,0.0,0.0],"yaw":0.0},"position":[6.0,0.00100011611357331,4.88089036941528],"time_ms":19709,"wall_ms":1791410649699.82,"yaw":0.0}
S03R {"entity":1,"event":"apply","pose":{"control":1,"durable":2,"entity":1,"position":[0.0,0.00100011611357331,9.0000114440918],"receipt_ms":19744,"sequence":501,"tick":1131,"velocity":[0.0,0.0,0.0],"yaw":0.0},"position":[0.0,0.00100011611357331,9.0000114440918],"time_ms":19758,"wall_ms":1791410649748.12,"yaw":0.0}
S03R {"entity":2,"event":"apply","pose":{"control":1,"durable":2,"entity":2,"position":[6.0,0.00100011611357331,4.88089036941528],"receipt_ms":19744,"sequence":501,"tick":1131,"velocity":[0.0,0.0,0.0],"yaw":0.0},"position":[6.0,0.00100011611357331,4.88089036941528],"time_ms":19758,"wall_ms":1791410649748.17,"yaw":0.0}
S03R {"entity":1,"event":"apply","pose":{"control":1,"durable":2,"entity":1,"position":[0.0,0.00100011611357331,9.0000114440918],"receipt_ms":19799,"sequence":503,"tick":1134,"velocity":[0.0,0.0,0.0],"yaw":0.0},"position":[0.0,0.00100011611357331,9.0000114440918],"time_ms":19806,"wall_ms":1791410649796.37,"yaw":0.0}
S03R {"entity":2,"event":"apply","pose":{"control":1,"durable":2,"entity":2,"position":[6.0,0.00100011611357331,4.88089036941528],"receipt_ms":19799,"sequence":502,"tick":1134,"velocity":[0.0,0.0,0.0],"yaw":0.0},"position":[6.0,0.00100011611357331,4.88089036941528],"time_ms":19806,"wall_ms":1791410649796.43,"yaw":0.0}
S03R {"entity":1,"event":"apply","pose":{"control":1,"durable":2,"entity":1,"position":[0.0,0.00100011611357331,9.0000114440918],"receipt_ms":19841,"sequence":504,"tick":1137,"velocity":[0.0,0.0,0.0],"yaw":0.0},"position":[0.0,0.00100011611357331,9.0000114440918],"time_ms":19854,"wall_ms":1791410649844.7,"yaw":0.0}
S03R {"entity":2,"event":"apply","pose":{"control":1,"durable":2,"entity":2,"position":[6.0,0.00100011611357331,4.88089036941528],"receipt_ms":19841,"sequence":504,"tick":1137,"velocity":[0.0,0.0,0.0],"yaw":0.0},"position":[6.0,0.00100011611357331,4.88089036941528],"time_ms":19854,"wall_ms":1791410649844.76,"yaw":0.0}
S03R {"entity":1,"event":"apply","pose":{"control":1,"durable":2,"entity":1,"position":[0.0,0.00100011611357331,9.0000114440918],"receipt_ms":19903,"sequence":506,"tick":1140,"velocity":[0.0,0.0,0.0],"yaw":0.0},"position":[0.0,0.00100011611357331,9.0000114440918],"time_ms":19909,"wall_ms":1791410649899.86,"yaw":0.0}
S03R {"entity":2,"event":"apply","pose":{"control":1,"durable":2,"entity":2,"position":[6.0,0.00100011611357331,4.88089036941528],"receipt_ms":19903,"sequence":505,"tick":1140,"velocity":[0.0,0.0,0.0],"yaw":0.0},"position":[6.0,0.00100011611357331,4.88089036941528],"time_ms":19909,"wall_ms":1791410649899.92,"yaw":0.0}
S03R {"entity":1,"event":"apply","pose":{"control":1,"durable":2,"entity":1,"position":[0.0,0.00100011611357331,9.0000114440918],"receipt_ms":19951,"sequence":507,"tick":1143,"velocity":[0.0,0.0,0.0],"yaw":0.0},"position":[0.0,0.00100011611357331,9.0000114440918],"time_ms":19958,"wall_ms":1791410649948.22,"yaw":0.0}
S03R {"entity":2,"event":"apply","pose":{"control":1,"durable":2,"entity":2,"position":[6.0,0.00100011611357331,4.88089036941528],"receipt_ms":19951,"sequence":507,"tick":1143,"velocity":[0.0,0.0,0.0],"yaw":0.0},"position":[6.0,0.00100011611357331,4.88089036941528],"time_ms":19958,"wall_ms":1791410649948.28,"yaw":0.0}
S03R {"entity":1,"event":"apply","pose":{"control":1,"durable":2,"entity":1,"position":[0.0,0.00100011611357331,9.0000114440918],"receipt_ms":19999,"sequence":509,"tick":1146,"velocity":[0.0,0.0,0.0],"yaw":0.0},"position":[0.0,0.00100011611357331,9.0000114440918],"time_ms":20006,"wall_ms":1791410649996.46,"yaw":0.0}
S03R {"entity":2,"event":"apply","pose":{"control":1,"durable":2,"entity":2,"position":[6.0,0.00100011611357331,4.88089036941528],"receipt_ms":19999,"sequence":508,"tick":1146,"velocity":[0.0,0.0,0.0],"yaw":0.0},"position":[6.0,0.00100011611357331,4.88089036941528],"time_ms":20006,"wall_ms":1791410649996.53,"yaw":0.0}
S03R {"entity":1,"event":"apply","pose":{"control":1,"durable":2,"entity":1,"position":[0.0,0.00100011611357331,9.0000114440918],"receipt_ms":20041,"sequence":510,"tick":1149,"velocity":[0.0,0.0,0.0],"yaw":0.0},"position":[0.0,0.00100011611357331,9.0000114440918],"time_ms":20054,"wall_ms":1791410650044.81,"yaw":0.0}
S03R {"entity":2,"event":"apply","pose":{"control":1,"durable":2,"entity":2,"position":[6.0,0.00100011611357331,4.88089036941528],"receipt_ms":20041,"sequence":510,"tick":1149,"velocity":[0.0,0.0,0.0],"yaw":0.0},"position":[6.0,0.00100011611357331,4.88089036941528],"time_ms":20054,"wall_ms":1791410650044.87,"yaw":0.0}
S03R {"entity":1,"event":"apply","pose":{"control":1,"durable":2,"entity":1,"position":[0.0,0.00100011611357331,9.0000114440918],"receipt_ms":20096,"sequence":512,"tick":1152,"velocity":[0.0,0.0,0.0],"yaw":0.0},"position":[0.0,0.00100011611357331,9.0000114440918],"time_ms":20109,"wall_ms":1791410650099.97,"yaw":0.0}
S03R {"entity":2,"event":"apply","pose":{"control":1,"durable":2,"entity":2,"position":[6.0,0.00100011611357331,4.88089036941528],"receipt_ms":20096,"sequence":511,"tick":1152,"velocity":[0.0,0.0,0.0],"yaw":0.0},"position":[6.0,0.00100011611357331,4.88089036941528],"time_ms":20110,"wall_ms":1791410650100.02,"yaw":0.0}
S03R {"entity":1,"event":"apply","pose":{"control":1,"durable":2,"entity":1,"position":[0.0,0.00100011611357331,9.0000114440918],"receipt_ms":20144,"sequence":513,"tick":1155,"velocity":[0.0,0.0,0.0],"yaw":0.0},"position":[0.0,0.00100011611357331,9.0000114440918],"time_ms":20158,"wall_ms":1791410650148.32,"yaw":0.0}
S03R {"entity":2,"event":"apply","pose":{"control":1,"durable":2,"entity":2,"position":[6.0,0.00100011611357331,4.88089036941528],"receipt_ms":20144,"sequence":513,"tick":1155,"velocity":[0.0,0.0,0.0],"yaw":0.0},"position":[6.0,0.00100011611357331,4.88089036941528],"time_ms":20158,"wall_ms":1791410650148.39,"yaw":0.0}
S03R {"entity":1,"event":"apply","pose":{"control":1,"durable":2,"entity":1,"position":[0.0,0.00100011611357331,9.0000114440918],"receipt_ms":20193,"sequence":515,"tick":1158,"velocity":[0.0,0.0,0.0],"yaw":0.0},"position":[0.0,0.00100011611357331,9.0000114440918],"time_ms":20206,"wall_ms":1791410650196.54,"yaw":0.0}
S03R {"entity":2,"event":"apply","pose":{"control":1,"durable":2,"entity":2,"position":[6.0,0.00100011611357331,4.88089036941528],"receipt_ms":20193,"sequence":514,"tick":1158,"velocity":[0.0,0.0,0.0],"yaw":0.0},"position":[6.0,0.00100011611357331,4.88089036941528],"time_ms":20206,"wall_ms":1791410650196.57,"yaw":0.0}
S03R {"entity":1,"event":"apply","pose":{"control":1,"durable":2,"entity":1,"position":[0.0,0.00100011611357331,9.0000114440918],"receipt_ms":20241,"sequence":516,"tick":1161,"velocity":[0.0,0.0,0.0],"yaw":0.0},"position":[0.0,0.00100011611357331,9.0000114440918],"time_ms":20254,"wall_ms":1791410650244.87,"yaw":0.0}
S03R {"entity":2,"event":"apply","pose":{"control":1,"durable":2,"entity":2,"position":[6.0,0.00100011611357331,4.88089036941528],"receipt_ms":20241,"sequence":516,"tick":1161,"velocity":[0.0,0.0,0.0],"yaw":0.0},"position":[6.0,0.00100011611357331,4.88089036941528],"time_ms":20254,"wall_ms":1791410650244.9,"yaw":0.0}
S03R {"entity":1,"event":"apply","pose":{"control":1,"durable":2,"entity":1,"position":[0.0,0.00100011611357331,9.0000114440918],"receipt_ms":20289,"sequence":518,"tick":1164,"velocity":[0.0,0.0,0.0],"yaw":0.0},"position":[0.0,0.00100011611357331,9.0000114440918],"time_ms":20310,"wall_ms":1791410650300.07,"yaw":0.0}
S03R {"entity":2,"event":"apply","pose":{"control":1,"durable":2,"entity":2,"position":[6.0,0.00100011611357331,4.88089036941528],"receipt_ms":20289,"sequence":517,"tick":1164,"velocity":[0.0,0.0,0.0],"yaw":0.0},"position":[6.0,0.00100011611357331,4.88089036941528],"time_ms":20310,"wall_ms":1791410650300.13,"yaw":0.0}
S03R {"entity":1,"event":"apply","pose":{"control":1,"durable":2,"entity":1,"position":[0.0,0.00100011611357331,9.0000114440918],"receipt_ms":20351,"sequence":519,"tick":1167,"velocity":[0.0,0.0,0.0],"yaw":0.0},"position":[0.0,0.00100011611357331,9.0000114440918],"time_ms":20358,"wall_ms":1791410650348.42,"yaw":0.0}
S03R {"entity":2,"event":"apply","pose":{"control":1,"durable":2,"entity":2,"position":[6.0,0.00100011611357331,4.88089036941528],"receipt_ms":20351,"sequence":519,"tick":1167,"velocity":[0.0,0.0,0.0],"yaw":0.0},"position":[6.0,0.00100011611357331,4.88089036941528],"time_ms":20358,"wall_ms":1791410650348.48,"yaw":0.0}
S03R {"entity":1,"event":"apply","pose":{"control":1,"durable":2,"entity":1,"position":[0.0,0.00100011611357331,9.0000114440918],"receipt_ms":20393,"sequence":521,"tick":1170,"velocity":[0.0,0.0,0.0],"yaw":0.0},"position":[0.0,0.00100011611357331,9.0000114440918],"time_ms":20406,"wall_ms":1791410650396.68,"yaw":0.0}
S03R {"entity":2,"event":"apply","pose":{"control":1,"durable":2,"entity":2,"position":[6.0,0.00100011611357331,4.88089036941528],"receipt_ms":20393,"sequence":520,"tick":1170,"velocity":[0.0,0.0,0.0],"yaw":0.0},"position":[6.0,0.00100011611357331,4.88089036941528],"time_ms":20406,"wall_ms":1791410650396.73,"yaw":0.0}
S03R {"entity":1,"event":"apply","pose":{"control":1,"durable":2,"entity":1,"position":[0.0,0.00100011611357331,9.0000114440918],"receipt_ms":20441,"sequence":522,"tick":1173,"velocity":[0.0,0.0,0.0],"yaw":0.0},"position":[0.0,0.00100011611357331,9.0000114440918],"time_ms":20454,"wall_ms":1791410650444.98,"yaw":0.0}
S03R {"entity":2,"event":"apply","pose":{"control":1,"durable":2,"entity":2,"position":[6.0,0.00100011611357331,4.88089036941528],"receipt_ms":20441,"sequence":522,"tick":1173,"velocity":[0.0,0.0,0.0],"yaw":0.0},"position":[6.0,0.00100011611357331,4.88089036941528],"time_ms":20454,"wall_ms":1791410650445.01,"yaw":0.0}
S03R {"entity":1,"event":"apply","pose":{"control":1,"durable":2,"entity":1,"position":[0.0,0.00100011611357331,9.0000114440918],"receipt_ms":20489,"sequence":524,"tick":1176,"velocity":[0.0,0.0,0.0],"yaw":0.0},"position":[0.0,0.00100011611357331,9.0000114440918],"time_ms":20510,"wall_ms":1791410650500.13,"yaw":0.0}
S03R {"entity":2,"event":"apply","pose":{"control":1,"durable":2,"entity":2,"position":[6.0,0.00100011611357331,4.88089036941528],"receipt_ms":20489,"sequence":523,"tick":1176,"velocity":[0.0,0.0,0.0],"yaw":0.0},"position":[6.0,0.00100011611357331,4.88089036941528],"time_ms":20510,"wall_ms":1791410650500.16,"yaw":0.0}
S03R {"entity":1,"event":"apply","pose":{"control":1,"durable":2,"entity":1,"position":[0.0,0.00100011611357331,9.0000114440918],"receipt_ms":20537,"sequence":525,"tick":1179,"velocity":[0.0,0.0,0.0],"yaw":0.0},"position":[0.0,0.00100011611357331,9.0000114440918],"time_ms":20544,"wall_ms":1791410650534.65,"yaw":0.0}
S03R {"entity":2,"event":"apply","pose":{"control":1,"durable":2,"entity":2,"position":[6.0,0.00100011611357331,4.88089036941528],"receipt_ms":20537,"sequence":525,"tick":1179,"velocity":[0.0,0.0,0.0],"yaw":0.0},"position":[6.0,0.00100011611357331,4.88089036941528],"time_ms":20544,"wall_ms":1791410650534.68,"yaw":0.0}
S03R {"entity":1,"event":"apply","pose":{"control":1,"durable":2,"entity":1,"position":[0.0,0.00100011611357331,9.0000114440918],"receipt_ms":20599,"sequence":527,"tick":1182,"velocity":[0.0,0.0,0.0],"yaw":0.0},"position":[0.0,0.00100011611357331,9.0000114440918],"time_ms":20606,"wall_ms":1791410650596.76,"yaw":0.0}
S03R {"entity":2,"event":"apply","pose":{"control":1,"durable":2,"entity":2,"position":[6.0,0.00100011611357331,4.88089036941528],"receipt_ms":20599,"sequence":526,"tick":1182,"velocity":[0.0,0.0,0.0],"yaw":0.0},"position":[6.0,0.00100011611357331,4.88089036941528],"time_ms":20606,"wall_ms":1791410650596.79,"yaw":0.0}
S03R {"entity":1,"event":"apply","pose":{"control":1,"durable":2,"entity":1,"position":[0.0,0.00100011611357331,9.0000114440918],"receipt_ms":20648,"sequence":528,"tick":1185,"velocity":[0.0,0.0,0.0],"yaw":0.0},"position":[0.0,0.00100011611357331,9.0000114440918],"time_ms":20655,"wall_ms":1791410650645.08,"yaw":0.0}
S03R {"entity":2,"event":"apply","pose":{"control":1,"durable":2,"entity":2,"position":[6.0,0.00100011611357331,4.88089036941528],"receipt_ms":20648,"sequence":528,"tick":1185,"velocity":[0.0,0.0,0.0],"yaw":0.0},"position":[6.0,0.00100011611357331,4.88089036941528],"time_ms":20655,"wall_ms":1791410650645.11,"yaw":0.0}
S03R {"entity":1,"event":"apply","pose":{"control":1,"durable":2,"entity":1,"position":[0.0,0.00100011611357331,9.0000114440918],"receipt_ms":20689,"sequence":530,"tick":1188,"velocity":[0.0,0.0,0.0],"yaw":0.0},"position":[0.0,0.00100011611357331,9.0000114440918],"time_ms":20710,"wall_ms":1791410650700.24,"yaw":0.0}
S03R {"entity":2,"event":"apply","pose":{"control":1,"durable":2,"entity":2,"position":[6.0,0.00100011611357331,4.88089036941528],"receipt_ms":20689,"sequence":529,"tick":1188,"velocity":[0.0,0.0,0.0],"yaw":0.0},"position":[6.0,0.00100011611357331,4.88089036941528],"time_ms":20710,"wall_ms":1791410650700.27,"yaw":0.0}
S03R {"entity":1,"event":"apply","pose":{"control":1,"durable":2,"entity":1,"position":[0.0,0.00100011611357331,9.0000114440918],"receipt_ms":20737,"sequence":531,"tick":1191,"velocity":[0.0,0.0,0.0],"yaw":0.0},"position":[0.0,0.00100011611357331,9.0000114440918],"time_ms":20744,"wall_ms":1791410650734.79,"yaw":0.0}
S03R {"entity":2,"event":"apply","pose":{"control":1,"durable":2,"entity":2,"position":[6.0,0.00100011611357331,4.88089036941528],"receipt_ms":20737,"sequence":531,"tick":1191,"velocity":[0.0,0.0,0.0],"yaw":0.0},"position":[6.0,0.00100011611357331,4.88089036941528],"time_ms":20744,"wall_ms":1791410650734.85,"yaw":0.0}
S03R {"entity":1,"event":"apply","pose":{"control":1,"durable":2,"entity":1,"position":[0.0,0.00100011611357331,9.0000114440918],"receipt_ms":20786,"sequence":533,"tick":1194,"velocity":[0.0,0.0,0.0],"yaw":0.0},"position":[0.0,0.00100011611357331,9.0000114440918],"time_ms":20793,"wall_ms":1791410650783.12,"yaw":0.0}
S03R {"entity":2,"event":"apply","pose":{"control":1,"durable":2,"entity":2,"position":[6.0,0.00100011611357331,4.88089036941528],"receipt_ms":20786,"sequence":532,"tick":1194,"velocity":[0.0,0.0,0.0],"yaw":0.0},"position":[6.0,0.00100011611357331,4.88089036941528],"time_ms":20793,"wall_ms":1791410650783.18,"yaw":0.0}
S03R {"entity":1,"event":"apply","pose":{"control":1,"durable":2,"entity":1,"position":[0.0,0.00100011611357331,9.0000114440918],"receipt_ms":20841,"sequence":534,"tick":1197,"velocity":[0.0,0.0,0.0],"yaw":0.0},"position":[0.0,0.00100011611357331,9.0000114440918],"time_ms":20855,"wall_ms":1791410650845.22,"yaw":0.0}
S03R {"entity":2,"event":"apply","pose":{"control":1,"durable":2,"entity":2,"position":[6.0,0.00100011611357331,4.88089036941528],"receipt_ms":20841,"sequence":534,"tick":1197,"velocity":[0.0,0.0,0.0],"yaw":0.0},"position":[6.0,0.00100011611357331,4.88089036941528],"time_ms":20855,"wall_ms":1791410650845.27,"yaw":0.0}
S03R {"entity":1,"event":"apply","pose":{"control":1,"durable":2,"entity":1,"position":[0.0,0.00100011611357331,9.0000114440918],"receipt_ms":20890,"sequence":536,"tick":1200,"velocity":[0.0,0.0,0.0],"yaw":0.0},"position":[0.0,0.00100011611357331,9.0000114440918],"time_ms":20910,"wall_ms":1791410650900.36,"yaw":0.0}
S03R {"entity":2,"event":"apply","pose":{"control":1,"durable":2,"entity":2,"position":[6.0,0.00100011611357331,4.88089036941528],"receipt_ms":20890,"sequence":535,"tick":1200,"velocity":[0.0,0.0,0.0],"yaw":0.0},"position":[6.0,0.00100011611357331,4.88089036941528],"time_ms":20910,"wall_ms":1791410650900.39,"yaw":0.0}
S03R {"entity":1,"event":"apply","pose":{"control":1,"durable":2,"entity":1,"position":[0.0,0.00100011611357331,9.0000114440918],"receipt_ms":20937,"sequence":537,"tick":1203,"velocity":[0.0,0.0,0.0],"yaw":0.0},"position":[0.0,0.00100011611357331,9.0000114440918],"time_ms":20944,"wall_ms":1791410650934.88,"yaw":0.0}
S03R {"entity":2,"event":"apply","pose":{"control":1,"durable":2,"entity":2,"position":[6.0,0.00100011611357331,4.88089036941528],"receipt_ms":20937,"sequence":537,"tick":1203,"velocity":[0.0,0.0,0.0],"yaw":0.0},"position":[6.0,0.00100011611357331,4.88089036941528],"time_ms":20944,"wall_ms":1791410650934.94,"yaw":0.0}
S03R {"entity":1,"event":"apply","pose":{"control":1,"durable":2,"entity":1,"position":[0.0,0.00100011611357331,9.0000114440918],"receipt_ms":20993,"sequence":539,"tick":1206,"velocity":[0.0,0.0,0.0],"yaw":0.0},"position":[0.0,0.00100011611357331,9.0000114440918],"time_ms":21006,"wall_ms":1791410650996.98,"yaw":0.0}
S03R {"entity":2,"event":"apply","pose":{"control":1,"durable":2,"entity":2,"position":[6.0,0.00100011611357331,4.88089036941528],"receipt_ms":20993,"sequence":538,"tick":1206,"velocity":[0.0,0.0,0.0],"yaw":0.0},"position":[6.0,0.00100011611357331,4.88089036941528],"time_ms":21007,"wall_ms":1791410650997.04,"yaw":0.0}
S03R {"entity":2,"event":"resync_request","health":70,"role":"client","time_ms":21027,"wall_ms":1791410651017.66}
S03R {"control":2,"entity":2,"event":"resync_applied","health":70,"role":"client","time_ms":21055,"wall_ms":1791410651045.27}
S03R {"entity":2,"event":"apply","pose":{"control":2,"durable":4,"entity":2,"position":[6.0,0.00100011611357331,4.88089036941528],"receipt_ms":21048,"sequence":0,"tick":1209,"velocity":[0.0,0.0,0.0],"yaw":0.0},"position":[6.0,0.00100011611357331,4.88089036941528],"time_ms":21055,"wall_ms":1791410651045.37,"yaw":0.0}
S03R {"entity":1,"event":"apply","pose":{"control":1,"durable":4,"entity":1,"position":[0.0,0.00100011611357331,9.0000114440918],"receipt_ms":21096,"sequence":542,"tick":1212,"velocity":[0.0,0.0,0.0],"yaw":0.0},"position":[0.0,0.00100011611357331,9.0000114440918],"time_ms":21110,"wall_ms":1791410651100.49,"yaw":0.0}
S03R {"entity":2,"event":"apply","pose":{"control":2,"durable":4,"entity":2,"position":[6.0,0.00100011611357331,4.88089036941528],"receipt_ms":21096,"sequence":1,"tick":1212,"velocity":[0.0,0.0,0.0],"yaw":0.0},"position":[6.0,0.00100011611357331,4.88089036941528],"time_ms":21110,"wall_ms":1791410651100.56,"yaw":0.0}
S03R {"entity":1,"event":"apply","pose":{"control":1,"durable":4,"entity":1,"position":[0.0,0.00100011611357331,9.0000114440918],"receipt_ms":21145,"sequence":543,"tick":1215,"velocity":[0.0,0.0,0.0],"yaw":0.0},"position":[0.0,0.00100011611357331,9.0000114440918],"time_ms":21158,"wall_ms":1791410651148.83,"yaw":0.0}
S03R {"entity":2,"event":"apply","pose":{"control":2,"durable":4,"entity":2,"position":[6.0,0.00100011611357331,4.88089036941528],"receipt_ms":21145,"sequence":3,"tick":1215,"velocity":[0.0,0.0,0.0],"yaw":0.0},"position":[6.0,0.00100011611357331,4.88089036941528],"time_ms":21158,"wall_ms":1791410651148.88,"yaw":0.0}
S03R {"entity":1,"event":"apply","pose":{"control":1,"durable":4,"entity":1,"position":[0.0,0.00100011611357331,9.0000114440918],"receipt_ms":21186,"sequence":545,"tick":1218,"velocity":[0.0,0.0,0.0],"yaw":0.0},"position":[0.0,0.00100011611357331,9.0000114440918],"time_ms":21193,"wall_ms":1791410651183.33,"yaw":0.0}
S03R {"entity":2,"event":"apply","pose":{"control":2,"durable":4,"entity":2,"position":[6.0,0.00100011611357331,4.88089036941528],"receipt_ms":21186,"sequence":4,"tick":1218,"velocity":[0.0,0.0,0.0],"yaw":0.0},"position":[6.0,0.00100011611357331,4.88089036941528],"time_ms":21193,"wall_ms":1791410651183.39,"yaw":0.0}
S03R {"entity":1,"event":"apply","pose":{"control":1,"durable":4,"entity":1,"position":[0.0,0.00100011611357331,9.0000114440918],"receipt_ms":21234,"sequence":546,"tick":1221,"velocity":[0.0,0.0,0.0],"yaw":0.0},"position":[0.0,0.00100011611357331,9.0000114440918],"time_ms":21241,"wall_ms":1791410651231.53,"yaw":0.0}
S03R {"entity":2,"event":"apply","pose":{"control":2,"durable":4,"entity":2,"position":[6.0,0.00100011611357331,4.88089036941528],"receipt_ms":21234,"sequence":5,"tick":1221,"velocity":[0.0,0.0,0.0],"yaw":0.0},"position":[6.0,0.00100011611357331,4.88089036941528],"time_ms":21241,"wall_ms":1791410651231.57,"yaw":0.0}
S03R {"entity":1,"event":"apply","pose":{"control":1,"durable":4,"entity":1,"position":[0.0,0.00100011611357331,9.0000114440918],"receipt_ms":21290,"sequence":548,"tick":1224,"velocity":[0.0,0.0,0.0],"yaw":0.0},"position":[0.0,0.00100011611357331,9.0000114440918],"time_ms":21310,"wall_ms":1791410651300.57,"yaw":0.0}
S03R {"entity":2,"event":"apply","pose":{"control":2,"durable":4,"entity":2,"position":[6.0,0.00100011611357331,4.88089036941528],"receipt_ms":21290,"sequence":7,"tick":1224,"velocity":[0.0,0.0,0.0],"yaw":0.0},"position":[6.0,0.00100011611357331,4.88089036941528],"time_ms":21310,"wall_ms":1791410651300.6,"yaw":0.0}
S03R {"entity":1,"event":"apply","pose":{"control":1,"durable":4,"entity":1,"position":[0.0,0.00100011611357331,9.0000114440918],"receipt_ms":21338,"sequence":549,"tick":1227,"velocity":[0.0,0.0,0.0],"yaw":0.0},"position":[0.0,0.00100011611357331,9.0000114440918],"time_ms":21345,"wall_ms":1791410651335.1,"yaw":0.0}
S03R {"entity":2,"event":"apply","pose":{"control":2,"durable":4,"entity":2,"position":[6.0,0.00100011611357331,4.88089036941528],"receipt_ms":21338,"sequence":9,"tick":1227,"velocity":[0.0,0.0,0.0],"yaw":0.0},"position":[6.0,0.00100011611357331,4.88089036941528],"time_ms":21345,"wall_ms":1791410651335.16,"yaw":0.0}
S03R {"entity":1,"event":"apply","pose":{"control":1,"durable":4,"entity":1,"position":[0.0,0.00100011611357331,9.0000114440918],"receipt_ms":21386,"sequence":551,"tick":1230,"velocity":[0.0,0.0,0.0],"yaw":0.0},"position":[0.0,0.00100011611357331,9.0000114440918],"time_ms":21393,"wall_ms":1791410651383.44,"yaw":0.0}
S03R {"entity":2,"event":"apply","pose":{"control":2,"durable":4,"entity":2,"position":[6.0,0.00100011611357331,4.88089036941528],"receipt_ms":21386,"sequence":10,"tick":1230,"velocity":[0.0,0.0,0.0],"yaw":0.0},"position":[6.0,0.00100011611357331,4.88089036941528],"time_ms":21393,"wall_ms":1791410651383.49,"yaw":0.0}
S03R {"entity":1,"event":"apply","pose":{"control":1,"durable":4,"entity":1,"position":[0.0,0.00100011611357331,9.0000114440918],"receipt_ms":21434,"sequence":552,"tick":1233,"velocity":[0.0,0.0,0.0],"yaw":0.0},"position":[0.0,0.00100011611357331,9.0000114440918],"time_ms":21441,"wall_ms":1791410651431.7,"yaw":0.0}
S03R {"entity":2,"event":"apply","pose":{"control":2,"durable":4,"entity":2,"position":[6.0,0.00100011611357331,4.88089036941528],"receipt_ms":21434,"sequence":11,"tick":1233,"velocity":[0.0,0.0,0.0],"yaw":0.0},"position":[6.0,0.00100011611357331,4.88089036941528],"time_ms":21441,"wall_ms":1791410651431.76,"yaw":0.0}
S03R {"entity":1,"event":"apply","pose":{"control":1,"durable":4,"entity":1,"position":[0.0,0.00100011611357331,9.0000114440918],"receipt_ms":21490,"sequence":554,"tick":1236,"velocity":[0.0,0.0,0.0],"yaw":0.0},"position":[0.0,0.00100011611357331,9.0000114440918],"time_ms":21510,"wall_ms":1791410651500.69,"yaw":0.0}
S03R {"entity":2,"event":"apply","pose":{"control":2,"durable":4,"entity":2,"position":[6.0,0.00100011611357331,4.88089036941528],"receipt_ms":21490,"sequence":13,"tick":1236,"velocity":[0.0,0.0,0.0],"yaw":0.0},"position":[6.0,0.00100011611357331,4.88089036941528],"time_ms":21510,"wall_ms":1791410651500.75,"yaw":0.0}
S03R {"entity":1,"event":"apply","pose":{"control":1,"durable":4,"entity":1,"position":[0.0,0.00100011611357331,9.0000114440918],"receipt_ms":21538,"sequence":555,"tick":1239,"velocity":[0.0,0.0,0.0],"yaw":0.0},"position":[0.0,0.00100011611357331,9.0000114440918],"time_ms":21545,"wall_ms":1791410651535.19,"yaw":0.0}
S03R {"entity":2,"event":"apply","pose":{"control":2,"durable":4,"entity":2,"position":[6.0,0.00100011611357331,4.88089036941528],"receipt_ms":21538,"sequence":15,"tick":1239,"velocity":[0.0,0.0,0.0],"yaw":0.0},"position":[6.0,0.00100011611357331,4.88089036941528],"time_ms":21545,"wall_ms":1791410651535.25,"yaw":0.0}
S03R {"entity":1,"event":"apply","pose":{"control":1,"durable":4,"entity":1,"position":[0.0,0.00100011611357331,9.0000114440918],"receipt_ms":21586,"sequence":557,"tick":1242,"velocity":[0.0,0.0,0.0],"yaw":0.0},"position":[0.0,0.00100011611357331,9.0000114440918],"time_ms":21593,"wall_ms":1791410651583.5,"yaw":0.0}
S03R {"entity":2,"event":"apply","pose":{"control":2,"durable":4,"entity":2,"position":[6.0,0.00100011611357331,4.88089036941528],"receipt_ms":21586,"sequence":16,"tick":1242,"velocity":[0.0,0.0,0.0],"yaw":0.0},"position":[6.0,0.00100011611357331,4.88089036941528],"time_ms":21593,"wall_ms":1791410651583.53,"yaw":0.0}
S03R {"entity":1,"event":"apply","pose":{"control":1,"durable":4,"entity":1,"position":[0.0,0.00100011611357331,9.0000114440918],"receipt_ms":21634,"sequence":558,"tick":1245,"velocity":[0.0,0.0,0.0],"yaw":0.0},"position":[0.0,0.00100011611357331,9.0000114440918],"time_ms":21641,"wall_ms":1791410651631.78,"yaw":0.0}
S03R {"entity":2,"event":"apply","pose":{"control":2,"durable":4,"entity":2,"position":[6.0,0.00100011611357331,4.88089036941528],"receipt_ms":21634,"sequence":17,"tick":1245,"velocity":[0.0,0.0,0.0],"yaw":0.0},"position":[6.0,0.00100011611357331,4.88089036941528],"time_ms":21641,"wall_ms":1791410651631.81,"yaw":0.0}
S03R {"entity":1,"event":"apply","pose":{"control":1,"durable":4,"entity":1,"position":[0.0,0.00100011611357331,9.0000114440918],"receipt_ms":21696,"sequence":560,"tick":1248,"velocity":[0.0,0.0,0.0],"yaw":0.0},"position":[0.0,0.00100011611357331,9.0000114440918],"time_ms":21710,"wall_ms":1791410651700.78,"yaw":0.0}
S03R {"entity":2,"event":"apply","pose":{"control":2,"durable":4,"entity":2,"position":[6.0,0.00100011611357331,4.88089036941528],"receipt_ms":21697,"sequence":19,"tick":1248,"velocity":[0.0,0.0,0.0],"yaw":0.0},"position":[6.0,0.00100011611357331,4.88089036941528],"time_ms":21710,"wall_ms":1791410651700.82,"yaw":0.0}
S03R {"entity":1,"event":"apply","pose":{"control":1,"durable":4,"entity":1,"position":[0.0,0.00100011611357331,9.0000114440918],"receipt_ms":21738,"sequence":561,"tick":1251,"velocity":[0.0,0.0,0.0],"yaw":0.0},"position":[0.0,0.00100011611357331,9.0000114440918],"time_ms":21745,"wall_ms":1791410651735.3,"yaw":0.0}
S03R {"entity":2,"event":"apply","pose":{"control":2,"durable":4,"entity":2,"position":[6.0,0.00100011611357331,4.88089036941528],"receipt_ms":21738,"sequence":21,"tick":1251,"velocity":[0.0,0.0,0.0],"yaw":0.0},"position":[6.0,0.00100011611357331,4.88089036941528],"time_ms":21745,"wall_ms":1791410651735.37,"yaw":0.0}
S03R {"entity":1,"event":"apply","pose":{"control":1,"durable":4,"entity":1,"position":[0.0,0.00100011611357331,9.0000114440918],"receipt_ms":21786,"sequence":563,"tick":1254,"velocity":[0.0,0.0,0.0],"yaw":0.0},"position":[0.0,0.00100011611357331,9.0000114440918],"time_ms":21793,"wall_ms":1791410651783.65,"yaw":0.0}
S03R {"entity":2,"event":"apply","pose":{"control":2,"durable":4,"entity":2,"position":[6.0,0.00100011611357331,4.88089036941528],"receipt_ms":21786,"sequence":22,"tick":1254,"velocity":[0.0,0.0,0.0],"yaw":0.0},"position":[6.0,0.00100011611357331,4.88089036941528],"time_ms":21793,"wall_ms":1791410651783.7,"yaw":0.0}
S03R {"entity":1,"event":"apply","pose":{"control":1,"durable":4,"entity":1,"position":[0.0,0.00100011611357331,9.0000114440918],"receipt_ms":21835,"sequence":564,"tick":1257,"velocity":[0.0,0.0,0.0],"yaw":0.0},"position":[0.0,0.00100011611357331,9.0000114440918],"time_ms":21841,"wall_ms":1791410651831.9,"yaw":0.0}
S03R {"entity":2,"event":"apply","pose":{"control":2,"durable":4,"entity":2,"position":[6.0,0.00100011611357331,4.88089036941528],"receipt_ms":21835,"sequence":23,"tick":1257,"velocity":[0.0,0.0,0.0],"yaw":0.0},"position":[6.0,0.00100011611357331,4.88089036941528],"time_ms":21841,"wall_ms":1791410651831.95,"yaw":0.0}
S03R {"entity":1,"event":"apply","pose":{"control":1,"durable":4,"entity":1,"position":[0.0,0.00100011611357331,9.0000114440918],"receipt_ms":21890,"sequence":566,"tick":1260,"velocity":[0.0,0.0,0.0],"yaw":0.0},"position":[0.0,0.00100011611357331,9.0000114440918],"time_ms":21910,"wall_ms":1791410651900.91,"yaw":0.0}
S03R {"entity":2,"event":"apply","pose":{"control":2,"durable":4,"entity":2,"position":[6.0,0.00100011611357331,4.88089036941528],"receipt_ms":21890,"sequence":25,"tick":1260,"velocity":[0.0,0.0,0.0],"yaw":0.0},"position":[6.0,0.00100011611357331,4.88089036941528],"time_ms":21910,"wall_ms":1791410651900.96,"yaw":0.0}
S03R {"entity":1,"event":"apply","pose":{"control":1,"durable":4,"entity":1,"position":[0.0,0.00100011611357331,9.0000114440918],"receipt_ms":21938,"sequence":567,"tick":1263,"velocity":[0.0,0.0,0.0],"yaw":0.0},"position":[0.0,0.00100011611357331,9.0000114440918],"time_ms":21945,"wall_ms":1791410651935.36,"yaw":0.0}
S03R {"entity":2,"event":"apply","pose":{"control":2,"durable":4,"entity":2,"position":[6.0,0.00100011611357331,4.88089036941528],"receipt_ms":21938,"sequence":27,"tick":1263,"velocity":[0.0,0.0,0.0],"yaw":0.0},"position":[6.0,0.00100011611357331,4.88089036941528],"time_ms":21945,"wall_ms":1791410651935.39,"yaw":0.0}
S03R {"entity":1,"event":"apply","pose":{"control":1,"durable":4,"entity":1,"position":[0.0,0.00100011611357331,9.0000114440918],"receipt_ms":21986,"sequence":569,"tick":1266,"velocity":[0.0,0.0,0.0],"yaw":0.0},"position":[0.0,0.00100011611357331,9.0000114440918],"time_ms":21993,"wall_ms":1791410651983.76,"yaw":0.0}
S03R {"entity":2,"event":"apply","pose":{"control":2,"durable":4,"entity":2,"position":[6.0,0.00100011611357331,4.88089036941528],"receipt_ms":21986,"sequence":28,"tick":1266,"velocity":[0.0,0.0,0.0],"yaw":0.0},"position":[6.0,0.00100011611357331,4.88089036941528],"time_ms":21993,"wall_ms":1791410651983.81,"yaw":0.0}
S03R {"entity":1,"event":"apply","pose":{"control":1,"durable":4,"entity":1,"position":[0.0,0.00100011611357331,9.0000114440918],"receipt_ms":22042,"sequence":570,"tick":1269,"velocity":[0.0,0.0,0.0],"yaw":0.0},"position":[0.0,0.00100011611357331,9.0000114440918],"time_ms":22055,"wall_ms":1791410652045.85,"yaw":0.0}
S03R {"entity":2,"event":"apply","pose":{"control":2,"durable":4,"entity":2,"position":[6.0,0.00100011611357331,4.88089036941528],"receipt_ms":22042,"sequence":29,"tick":1269,"velocity":[0.0,0.0,0.0],"yaw":0.0},"position":[6.0,0.00100011611357331,4.88089036941528],"time_ms":22055,"wall_ms":1791410652045.91,"yaw":0.0}
S03R {"entity":1,"event":"apply","pose":{"control":1,"durable":4,"entity":1,"position":[0.0,0.00100011611357331,9.0000114440918],"receipt_ms":22097,"sequence":572,"tick":1272,"velocity":[0.0,0.0,0.0],"yaw":0.0},"position":[0.0,0.00100011611357331,9.0000114440918],"time_ms":22110,"wall_ms":1791410652101.0,"yaw":0.0}
S03R {"entity":2,"event":"apply","pose":{"control":2,"durable":4,"entity":2,"position":[6.0,0.00100011611357331,4.88089036941528],"receipt_ms":22097,"sequence":31,"tick":1272,"velocity":[0.0,0.0,0.0],"yaw":0.0},"position":[6.0,0.00100011611357331,4.88089036941528],"time_ms":22111,"wall_ms":1791410652101.06,"yaw":0.0}
S03R {"entity":1,"event":"apply","pose":{"control":1,"durable":4,"entity":1,"position":[0.0,0.00100011611357331,9.0000114440918],"receipt_ms":22145,"sequence":573,"tick":1275,"velocity":[0.0,0.0,0.0],"yaw":0.0},"position":[0.0,0.00100011611357331,9.0000114440918],"time_ms":22159,"wall_ms":1791410652149.36,"yaw":0.0}
S03R {"entity":2,"event":"apply","pose":{"control":2,"durable":4,"entity":2,"position":[6.0,0.00100011611357331,4.88089036941528],"receipt_ms":22145,"sequence":33,"tick":1275,"velocity":[0.0,0.0,0.0],"yaw":0.0},"position":[6.0,0.00100011611357331,4.88089036941528],"time_ms":22159,"wall_ms":1791410652149.43,"yaw":0.0}
S03R {"entity":1,"event":"apply","pose":{"control":1,"durable":4,"entity":1,"position":[0.0,0.00100011611357331,9.0000114440918],"receipt_ms":22186,"sequence":575,"tick":1278,"velocity":[0.0,0.0,0.0],"yaw":0.0},"position":[0.0,0.00100011611357331,9.0000114440918],"time_ms":22193,"wall_ms":1791410652183.85,"yaw":0.0}
S03R {"entity":2,"event":"apply","pose":{"control":2,"durable":4,"entity":2,"position":[6.0,0.00100011611357331,4.88089036941528],"receipt_ms":22186,"sequence":34,"tick":1278,"velocity":[0.0,0.0,0.0],"yaw":0.0},"position":[6.0,0.00100011611357331,4.88089036941528],"time_ms":22193,"wall_ms":1791410652183.9,"yaw":0.0}
S03R {"entity":1,"event":"apply","pose":{"control":1,"durable":4,"entity":1,"position":[0.0,0.00100011611357331,9.0000114440918],"receipt_ms":22235,"sequence":576,"tick":1281,"velocity":[0.0,0.0,0.0],"yaw":0.0},"position":[0.0,0.00100011611357331,9.0000114440918],"time_ms":22242,"wall_ms":1791410652232.11,"yaw":0.0}
S03R {"entity":2,"event":"apply","pose":{"control":2,"durable":4,"entity":2,"position":[6.0,0.00100011611357331,4.88089036941528],"receipt_ms":22235,"sequence":35,"tick":1281,"velocity":[0.0,0.0,0.0],"yaw":0.0},"position":[6.0,0.00100011611357331,4.88089036941528],"time_ms":22242,"wall_ms":1791410652232.18,"yaw":0.0}
S03R {"entity":1,"event":"apply","pose":{"control":1,"durable":4,"entity":1,"position":[0.0,0.00100011611357331,9.0000114440918],"receipt_ms":22290,"sequence":578,"tick":1284,"velocity":[0.0,0.0,0.0],"yaw":0.0},"position":[0.0,0.00100011611357331,9.0000114440918],"time_ms":22311,"wall_ms":1791410652301.09,"yaw":0.0}
S03R {"entity":2,"event":"apply","pose":{"control":2,"durable":4,"entity":2,"position":[6.0,0.00100011611357331,4.88089036941528],"receipt_ms":22290,"sequence":37,"tick":1284,"velocity":[0.0,0.0,0.0],"yaw":0.0},"position":[6.0,0.00100011611357331,4.88089036941528],"time_ms":22311,"wall_ms":1791410652301.12,"yaw":0.0}
S03R {"entity":1,"event":"apply","pose":{"control":1,"durable":4,"entity":1,"position":[0.0,0.00100011611357331,9.0000114440918],"receipt_ms":22338,"sequence":579,"tick":1287,"velocity":[0.0,0.0,0.0],"yaw":0.0},"position":[0.0,0.00100011611357331,9.0000114440918],"time_ms":22345,"wall_ms":1791410652335.59,"yaw":0.0}
S03R {"entity":2,"event":"apply","pose":{"control":2,"durable":4,"entity":2,"position":[6.0,0.00100011611357331,4.88089036941528],"receipt_ms":22338,"sequence":39,"tick":1287,"velocity":[0.0,0.0,0.0],"yaw":0.0},"position":[6.0,0.00100011611357331,4.88089036941528],"time_ms":22345,"wall_ms":1791410652335.62,"yaw":0.0}
S03R {"entity":1,"event":"apply","pose":{"control":1,"durable":4,"entity":1,"position":[0.0,0.00100011611357331,9.0000114440918],"receipt_ms":22394,"sequence":581,"tick":1290,"velocity":[0.0,0.0,0.0],"yaw":0.0},"position":[0.0,0.00100011611357331,9.0000114440918],"time_ms":22407,"wall_ms":1791410652397.72,"yaw":0.0}
S03R {"entity":2,"event":"apply","pose":{"control":2,"durable":4,"entity":2,"position":[6.0,0.00100011611357331,4.88089036941528],"receipt_ms":22394,"sequence":40,"tick":1290,"velocity":[0.0,0.0,0.0],"yaw":0.0},"position":[6.0,0.00100011611357331,4.88089036941528],"time_ms":22407,"wall_ms":1791410652397.77,"yaw":0.0}
S03R {"entity":1,"event":"apply","pose":{"control":1,"durable":4,"entity":1,"position":[0.0,0.00100011611357331,9.0000114440918],"receipt_ms":22442,"sequence":582,"tick":1293,"velocity":[0.0,0.0,0.0],"yaw":0.0},"position":[0.0,0.00100011611357331,9.0000114440918],"time_ms":22456,"wall_ms":1791410652446.07,"yaw":0.0}
S03R {"entity":2,"event":"apply","pose":{"control":2,"durable":4,"entity":2,"position":[6.0,0.00100011611357331,4.88089036941528],"receipt_ms":22442,"sequence":41,"tick":1293,"velocity":[0.0,0.0,0.0],"yaw":0.0},"position":[6.0,0.00100011611357331,4.88089036941528],"time_ms":22456,"wall_ms":1791410652446.13,"yaw":0.0}
S03R {"entity":1,"event":"apply","pose":{"control":1,"durable":4,"entity":1,"position":[0.0,0.00100011611357331,9.0000114440918],"receipt_ms":22497,"sequence":584,"tick":1296,"velocity":[0.0,0.0,0.0],"yaw":0.0},"position":[0.0,0.00100011611357331,9.0000114440918],"time_ms":22511,"wall_ms":1791410652501.19,"yaw":0.0}
S03R {"entity":2,"event":"apply","pose":{"control":2,"durable":4,"entity":2,"position":[6.0,0.00100011611357331,4.88089036941528],"receipt_ms":22497,"sequence":43,"tick":1296,"velocity":[0.0,0.0,0.0],"yaw":0.0},"position":[6.0,0.00100011611357331,4.88089036941528],"time_ms":22511,"wall_ms":1791410652501.22,"yaw":0.0}
S03R {"entity":1,"event":"apply","pose":{"control":1,"durable":4,"entity":1,"position":[0.0,0.00100011611357331,9.0000114440918],"receipt_ms":22539,"sequence":585,"tick":1299,"velocity":[0.0,0.0,0.0],"yaw":0.0},"position":[0.0,0.00100011611357331,9.0000114440918],"time_ms":22559,"wall_ms":1791410652549.56,"yaw":0.0}
S03R {"entity":2,"event":"apply","pose":{"control":2,"durable":4,"entity":2,"position":[6.0,0.00100011611357331,4.88089036941528],"receipt_ms":22539,"sequence":45,"tick":1299,"velocity":[0.0,0.0,0.0],"yaw":0.0},"position":[6.0,0.00100011611357331,4.88089036941528],"time_ms":22559,"wall_ms":1791410652549.62,"yaw":0.0}
S03R {"entity":1,"event":"apply","pose":{"control":1,"durable":4,"entity":1,"position":[0.0,0.00100011611357331,9.0000114440918],"receipt_ms":22587,"sequence":587,"tick":1302,"velocity":[0.0,0.0,0.0],"yaw":0.0},"position":[0.0,0.00100011611357331,9.0000114440918],"time_ms":22593,"wall_ms":1791410652584.06,"yaw":0.0}
S03R {"entity":2,"event":"apply","pose":{"control":2,"durable":4,"entity":2,"position":[6.0,0.00100011611357331,4.88089036941528],"receipt_ms":22587,"sequence":46,"tick":1302,"velocity":[0.0,0.0,0.0],"yaw":0.0},"position":[6.0,0.00100011611357331,4.88089036941528],"time_ms":22594,"wall_ms":1791410652584.12,"yaw":0.0}
S03R {"entity":1,"event":"apply","pose":{"control":1,"durable":4,"entity":1,"position":[0.0,0.00100011611357331,9.0000114440918],"receipt_ms":22635,"sequence":588,"tick":1305,"velocity":[0.0,0.0,0.0],"yaw":0.0},"position":[0.0,0.00100011611357331,9.0000114440918],"time_ms":22642,"wall_ms":1791410652632.32,"yaw":0.0}
S03R {"entity":2,"event":"apply","pose":{"control":2,"durable":4,"entity":2,"position":[6.0,0.00100011611357331,4.88089036941528],"receipt_ms":22635,"sequence":48,"tick":1305,"velocity":[0.0,0.0,0.0],"yaw":0.0},"position":[6.0,0.00100011611357331,4.88089036941528],"time_ms":22642,"wall_ms":1791410652632.38,"yaw":0.0}
S03R {"entity":1,"event":"apply","pose":{"control":1,"durable":4,"entity":1,"position":[0.0,0.00100011611357331,9.0000114440918],"receipt_ms":22691,"sequence":590,"tick":1308,"velocity":[0.0,0.0,0.0],"yaw":0.0},"position":[0.0,0.00100011611357331,9.0000114440918],"time_ms":22704,"wall_ms":1791410652694.39,"yaw":0.0}
S03R {"entity":2,"event":"apply","pose":{"control":2,"durable":4,"entity":2,"position":[6.0,0.00100011611357331,4.88089036941528],"receipt_ms":22691,"sequence":49,"tick":1308,"velocity":[0.0,0.0,0.0],"yaw":0.0},"position":[6.0,0.00100011611357331,4.88089036941528],"time_ms":22704,"wall_ms":1791410652694.45,"yaw":0.0}
S03R {"entity":1,"event":"apply","pose":{"control":1,"durable":4,"entity":1,"position":[0.0,0.00100011611357331,9.0000114440918],"receipt_ms":22739,"sequence":591,"tick":1311,"velocity":[0.0,0.0,0.0],"yaw":0.0},"position":[0.0,0.00100011611357331,9.0000114440918],"time_ms":22759,"wall_ms":1791410652749.68,"yaw":0.0}
S03R {"entity":2,"event":"apply","pose":{"control":2,"durable":4,"entity":2,"position":[6.0,0.00100011611357331,4.88089036941528],"receipt_ms":22739,"sequence":51,"tick":1311,"velocity":[0.0,0.0,0.0],"yaw":0.0},"position":[6.0,0.00100011611357331,4.88089036941528],"time_ms":22759,"wall_ms":1791410652749.73,"yaw":0.0}
S03R {"entity":1,"event":"apply","pose":{"control":1,"durable":4,"entity":1,"position":[0.0,0.00100011611357331,9.0000114440918],"receipt_ms":22787,"sequence":593,"tick":1314,"velocity":[0.0,0.0,0.0],"yaw":0.0},"position":[0.0,0.00100011611357331,9.0000114440918],"time_ms":22807,"wall_ms":1791410652797.92,"yaw":0.0}
S03R {"entity":2,"event":"apply","pose":{"control":2,"durable":4,"entity":2,"position":[6.0,0.00100011611357331,4.88089036941528],"receipt_ms":22787,"sequence":52,"tick":1314,"velocity":[0.0,0.0,0.0],"yaw":0.0},"position":[6.0,0.00100011611357331,4.88089036941528],"time_ms":22807,"wall_ms":1791410652797.97,"yaw":0.0}
S03R {"entity":1,"event":"apply","pose":{"control":1,"durable":4,"entity":1,"position":[0.0,0.00100011611357331,9.0000114440918],"receipt_ms":22842,"sequence":594,"tick":1317,"velocity":[0.0,0.0,0.0],"yaw":0.0},"position":[0.0,0.00100011611357331,9.0000114440918],"time_ms":22856,"wall_ms":1791410652846.26,"yaw":0.0}
S03R {"entity":2,"event":"apply","pose":{"control":2,"durable":4,"entity":2,"position":[6.0,0.00100011611357331,4.88089036941528],"receipt_ms":22842,"sequence":54,"tick":1317,"velocity":[0.0,0.0,0.0],"yaw":0.0},"position":[6.0,0.00100011611357331,4.88089036941528],"time_ms":22856,"wall_ms":1791410652846.32,"yaw":0.0}
S03R {"entity":1,"event":"apply","pose":{"control":1,"durable":4,"entity":1,"position":[0.0,0.00100011611357331,9.0000114440918],"receipt_ms":22897,"sequence":596,"tick":1320,"velocity":[0.0,0.0,0.0],"yaw":0.0},"position":[0.0,0.00100011611357331,9.0000114440918],"time_ms":22904,"wall_ms":1791410652894.52,"yaw":0.0}
S03R {"entity":2,"event":"apply","pose":{"control":2,"durable":4,"entity":2,"position":[6.0,0.00100011611357331,4.88089036941528],"receipt_ms":22897,"sequence":55,"tick":1320,"velocity":[0.0,0.0,0.0],"yaw":0.0},"position":[6.0,0.00100011611357331,4.88089036941528],"time_ms":22904,"wall_ms":1791410652894.58,"yaw":0.0}
S03R {"entity":1,"event":"apply","pose":{"control":1,"durable":4,"entity":1,"position":[0.0,0.00100011611357331,9.0000114440918],"receipt_ms":22945,"sequence":597,"tick":1323,"velocity":[0.0,0.0,0.0],"yaw":0.0},"position":[0.0,0.00100011611357331,9.0000114440918],"time_ms":22952,"wall_ms":1791410652942.87,"yaw":0.0}
S03R {"entity":2,"event":"apply","pose":{"control":2,"durable":4,"entity":2,"position":[6.0,0.00100011611357331,4.88089036941528],"receipt_ms":22945,"sequence":57,"tick":1323,"velocity":[0.0,0.0,0.0],"yaw":0.0},"position":[6.0,0.00100011611357331,4.88089036941528],"time_ms":22952,"wall_ms":1791410652942.93,"yaw":0.0}
S03R {"entity":1,"event":"apply","pose":{"control":1,"durable":4,"entity":1,"position":[0.0,0.00100011611357331,9.0000114440918],"receipt_ms":22994,"sequence":599,"tick":1326,"velocity":[0.0,0.0,0.0],"yaw":0.0},"position":[0.0,0.00100011611357331,9.0000114440918],"time_ms":23007,"wall_ms":1791410652998.03,"yaw":0.0}
S03R {"entity":2,"event":"apply","pose":{"control":2,"durable":4,"entity":2,"position":[6.0,0.00100011611357331,4.88089036941528],"receipt_ms":22994,"sequence":58,"tick":1326,"velocity":[0.0,0.0,0.0],"yaw":0.0},"position":[6.0,0.00100011611357331,4.88089036941528],"time_ms":23008,"wall_ms":1791410652998.09,"yaw":0.0}
S03R {"entity":1,"event":"apply","pose":{"control":1,"durable":4,"entity":1,"position":[0.0,0.00100011611357331,9.0000114440918],"receipt_ms":23036,"sequence":600,"tick":1329,"velocity":[0.0,0.0,0.0],"yaw":0.0},"position":[0.0,0.00100011611357331,9.0000114440918],"time_ms":23056,"wall_ms":1791410653046.39,"yaw":0.0}
S03R {"entity":2,"event":"apply","pose":{"control":2,"durable":4,"entity":2,"position":[6.0,0.00100011611357331,4.88089036941528],"receipt_ms":23036,"sequence":60,"tick":1329,"velocity":[0.0,0.0,0.0],"yaw":0.0},"position":[6.0,0.00100011611357331,4.88089036941528],"time_ms":23056,"wall_ms":1791410653046.45,"yaw":0.0}
S03R {"entity":1,"event":"apply","pose":{"control":1,"durable":4,"entity":1,"position":[0.0,0.00100011611357331,9.0000114440918],"receipt_ms":23091,"sequence":602,"tick":1332,"velocity":[0.0,0.0,0.0],"yaw":0.0},"position":[0.0,0.00100011611357331,9.0000114440918],"time_ms":23104,"wall_ms":1791410653094.63,"yaw":0.0}
S03R {"entity":2,"event":"apply","pose":{"control":2,"durable":4,"entity":2,"position":[6.0,0.00100011611357331,4.88089036941528],"receipt_ms":23091,"sequence":61,"tick":1332,"velocity":[0.0,0.0,0.0],"yaw":0.0},"position":[6.0,0.00100011611357331,4.88089036941528],"time_ms":23104,"wall_ms":1791410653094.69,"yaw":0.0}
S03R {"entity":1,"event":"apply","pose":{"control":1,"durable":4,"entity":1,"position":[0.0,0.00100011611357331,9.0000114440918],"receipt_ms":23139,"sequence":603,"tick":1335,"velocity":[0.0,0.0,0.0],"yaw":0.0},"position":[0.0,0.00100011611357331,9.0000114440918],"time_ms":23152,"wall_ms":1791410653142.98,"yaw":0.0}
S03R {"entity":2,"event":"apply","pose":{"control":2,"durable":4,"entity":2,"position":[6.0,0.00100011611357331,4.88089036941528],"receipt_ms":23139,"sequence":63,"tick":1335,"velocity":[0.0,0.0,0.0],"yaw":0.0},"position":[6.0,0.00100011611357331,4.88089036941528],"time_ms":23152,"wall_ms":1791410653143.04,"yaw":0.0}
S03R {"entity":1,"event":"apply","pose":{"control":1,"durable":4,"entity":1,"position":[0.0,0.00100011611357331,9.0000114440918],"receipt_ms":23187,"sequence":605,"tick":1338,"velocity":[0.0,0.0,0.0],"yaw":0.0},"position":[0.0,0.00100011611357331,9.0000114440918],"time_ms":23201,"wall_ms":1791410653191.24,"yaw":0.0}
S03R {"entity":2,"event":"apply","pose":{"control":2,"durable":4,"entity":2,"position":[6.0,0.00100011611357331,4.88089036941528],"receipt_ms":23187,"sequence":64,"tick":1338,"velocity":[0.0,0.0,0.0],"yaw":0.0},"position":[6.0,0.00100011611357331,4.88089036941528],"time_ms":23201,"wall_ms":1791410653191.29,"yaw":0.0}
S03R {"entity":1,"event":"apply","pose":{"control":1,"durable":4,"entity":1,"position":[0.0,0.00100011611357331,9.0000114440918],"receipt_ms":23236,"sequence":606,"tick":1341,"velocity":[0.0,0.0,0.0],"yaw":0.0},"position":[0.0,0.00100011611357331,9.0000114440918],"time_ms":23256,"wall_ms":1791410653246.44,"yaw":0.0}
S03R {"entity":2,"event":"apply","pose":{"control":2,"durable":4,"entity":2,"position":[6.0,0.00100011611357331,4.88089036941528],"receipt_ms":23236,"sequence":66,"tick":1341,"velocity":[0.0,0.0,0.0],"yaw":0.0},"position":[6.0,0.00100011611357331,4.88089036941528],"time_ms":23256,"wall_ms":1791410653246.5,"yaw":0.0}
S03R {"entity":1,"event":"apply","pose":{"control":1,"durable":4,"entity":1,"position":[0.0,0.00100011611357331,9.0000114440918],"receipt_ms":23297,"sequence":608,"tick":1344,"velocity":[0.0,0.0,0.0],"yaw":0.0},"position":[0.0,0.00100011611357331,9.0000114440918],"time_ms":23304,"wall_ms":1791410653294.74,"yaw":0.0}
S03R {"entity":2,"event":"apply","pose":{"control":2,"durable":4,"entity":2,"position":[6.0,0.00100011611357331,4.88089036941528],"receipt_ms":23297,"sequence":67,"tick":1344,"velocity":[0.0,0.0,0.0],"yaw":0.0},"position":[6.0,0.00100011611357331,4.88089036941528],"time_ms":23304,"wall_ms":1791410653294.79,"yaw":0.0}
S03R {"entity":1,"event":"apply","pose":{"control":1,"durable":4,"entity":1,"position":[0.0,0.00100011611357331,9.0000114440918],"receipt_ms":23346,"sequence":609,"tick":1347,"velocity":[0.0,0.0,0.0],"yaw":0.0},"position":[0.0,0.00100011611357331,9.0000114440918],"time_ms":23352,"wall_ms":1791410653343.08,"yaw":0.0}
S03R {"entity":2,"event":"apply","pose":{"control":2,"durable":4,"entity":2,"position":[6.0,0.00100011611357331,4.88089036941528],"receipt_ms":23346,"sequence":69,"tick":1347,"velocity":[0.0,0.0,0.0],"yaw":0.0},"position":[6.0,0.00100011611357331,4.88089036941528],"time_ms":23353,"wall_ms":1791410653343.14,"yaw":0.0}
S03R {"entity":1,"event":"apply","pose":{"control":1,"durable":4,"entity":1,"position":[0.0,0.00100011611357331,9.0000114440918],"receipt_ms":23387,"sequence":611,"tick":1350,"velocity":[0.0,0.0,0.0],"yaw":0.0},"position":[0.0,0.00100011611357331,9.0000114440918],"time_ms":23401,"wall_ms":1791410653391.34,"yaw":0.0}
S03R {"entity":2,"event":"apply","pose":{"control":2,"durable":4,"entity":2,"position":[6.0,0.00100011611357331,4.88089036941528],"receipt_ms":23387,"sequence":70,"tick":1350,"velocity":[0.0,0.0,0.0],"yaw":0.0},"position":[6.0,0.00100011611357331,4.88089036941528],"time_ms":23401,"wall_ms":1791410653391.4,"yaw":0.0}
S03R {"entity":1,"event":"apply","pose":{"control":1,"durable":4,"entity":1,"position":[0.0,0.00100011611357331,9.0000114440918],"receipt_ms":23436,"sequence":612,"tick":1353,"velocity":[0.0,0.0,0.0],"yaw":0.0},"position":[0.0,0.00100011611357331,9.0000114440918],"time_ms":23449,"wall_ms":1791410653439.7,"yaw":0.0}
S03R {"entity":2,"event":"apply","pose":{"control":2,"durable":4,"entity":2,"position":[6.0,0.00100011611357331,4.88089036941528],"receipt_ms":23436,"sequence":72,"tick":1353,"velocity":[0.0,0.0,0.0],"yaw":0.0},"position":[6.0,0.00100011611357331,4.88089036941528],"time_ms":23449,"wall_ms":1791410653439.77,"yaw":0.0}
S03R {"entity":1,"event":"apply","pose":{"control":1,"durable":4,"entity":1,"position":[0.0,0.00100011611357331,9.0000114440918],"receipt_ms":23491,"sequence":614,"tick":1356,"velocity":[0.0,0.0,0.0],"yaw":0.0},"position":[0.0,0.00100011611357331,9.0000114440918],"time_ms":23504,"wall_ms":1791410653494.84,"yaw":0.0}
S03R {"entity":2,"event":"apply","pose":{"control":2,"durable":4,"entity":2,"position":[6.0,0.00100011611357331,4.88089036941528],"receipt_ms":23491,"sequence":73,"tick":1356,"velocity":[0.0,0.0,0.0],"yaw":0.0},"position":[6.0,0.00100011611357331,4.88089036941528],"time_ms":23504,"wall_ms":1791410653494.9,"yaw":0.0}
S03R {"entity":1,"event":"apply","pose":{"control":1,"durable":4,"entity":1,"position":[0.0,0.00100011611357331,9.0000114440918],"receipt_ms":23539,"sequence":615,"tick":1359,"velocity":[0.0,0.0,0.0],"yaw":0.0},"position":[0.0,0.00100011611357331,9.0000114440918],"time_ms":23553,"wall_ms":1791410653543.23,"yaw":0.0}
S03R {"entity":2,"event":"apply","pose":{"control":2,"durable":4,"entity":2,"position":[6.0,0.00100011611357331,4.88089036941528],"receipt_ms":23539,"sequence":75,"tick":1359,"velocity":[0.0,0.0,0.0],"yaw":0.0},"position":[6.0,0.00100011611357331,4.88089036941528],"time_ms":23553,"wall_ms":1791410653543.3,"yaw":0.0}
S03R {"entity":1,"event":"apply","pose":{"control":1,"durable":4,"entity":1,"position":[0.0,0.00100011611357331,9.0000114440918],"receipt_ms":23587,"sequence":617,"tick":1362,"velocity":[0.0,0.0,0.0],"yaw":0.0},"position":[0.0,0.00100011611357331,9.0000114440918],"time_ms":23601,"wall_ms":1791410653591.44,"yaw":0.0}
S03R {"entity":2,"event":"apply","pose":{"control":2,"durable":4,"entity":2,"position":[6.0,0.00100011611357331,4.88089036941528],"receipt_ms":23587,"sequence":76,"tick":1362,"velocity":[0.0,0.0,0.0],"yaw":0.0},"position":[6.0,0.00100011611357331,4.88089036941528],"time_ms":23601,"wall_ms":1791410653591.5,"yaw":0.0}
S03R {"entity":1,"event":"apply","pose":{"control":1,"durable":4,"entity":1,"position":[0.0,0.00100011611357331,9.0000114440918],"receipt_ms":23636,"sequence":618,"tick":1365,"velocity":[0.0,0.0,0.0],"yaw":0.0},"position":[0.0,0.00100011611357331,9.0000114440918],"time_ms":23649,"wall_ms":1791410653639.78,"yaw":0.0}
S03R {"entity":2,"event":"apply","pose":{"control":2,"durable":4,"entity":2,"position":[6.0,0.00100011611357331,4.88089036941528],"receipt_ms":23636,"sequence":78,"tick":1365,"velocity":[0.0,0.0,0.0],"yaw":0.0},"position":[6.0,0.00100011611357331,4.88089036941528],"time_ms":23649,"wall_ms":1791410653639.84,"yaw":0.0}
S03R {"entity":1,"event":"apply","pose":{"control":1,"durable":4,"entity":1,"position":[0.0,0.00100011611357331,9.0000114440918],"receipt_ms":23691,"sequence":620,"tick":1368,"velocity":[0.0,0.0,0.0],"yaw":0.0},"position":[0.0,0.00100011611357331,9.0000114440918],"time_ms":23704,"wall_ms":1791410653694.94,"yaw":0.0}
S03R {"entity":2,"event":"apply","pose":{"control":2,"durable":4,"entity":2,"position":[6.0,0.00100011611357331,4.88089036941528],"receipt_ms":23691,"sequence":79,"tick":1368,"velocity":[0.0,0.0,0.0],"yaw":0.0},"position":[6.0,0.00100011611357331,4.88089036941528],"time_ms":23704,"wall_ms":1791410653695.0,"yaw":0.0}
S03R {"entity":1,"event":"apply","pose":{"control":1,"durable":4,"entity":1,"position":[0.0,0.00100011611357331,9.0000114440918],"receipt_ms":23746,"sequence":621,"tick":1371,"velocity":[0.0,0.0,0.0],"yaw":0.0},"position":[0.0,0.00100011611357331,9.0000114440918],"time_ms":23753,"wall_ms":1791410653743.29,"yaw":0.0}
S03R {"entity":2,"event":"apply","pose":{"control":2,"durable":4,"entity":2,"position":[6.0,0.00100011611357331,4.88089036941528],"receipt_ms":23746,"sequence":81,"tick":1371,"velocity":[0.0,0.0,0.0],"yaw":0.0},"position":[6.0,0.00100011611357331,4.88089036941528],"time_ms":23753,"wall_ms":1791410653743.35,"yaw":0.0}
S03R {"entity":1,"event":"apply","pose":{"control":1,"durable":4,"entity":1,"position":[0.0,0.00100011611357331,9.0000114440918],"receipt_ms":23794,"sequence":623,"tick":1374,"velocity":[0.0,0.0,0.0],"yaw":0.0},"position":[0.0,0.00100011611357331,9.0000114440918],"time_ms":23801,"wall_ms":1791410653791.54,"yaw":0.0}
S03R {"entity":2,"event":"apply","pose":{"control":2,"durable":4,"entity":2,"position":[6.0,0.00100011611357331,4.88089036941528],"receipt_ms":23794,"sequence":82,"tick":1374,"velocity":[0.0,0.0,0.0],"yaw":0.0},"position":[6.0,0.00100011611357331,4.88089036941528],"time_ms":23801,"wall_ms":1791410653791.6,"yaw":0.0}
S03R {"entity":1,"event":"apply","pose":{"control":1,"durable":4,"entity":1,"position":[0.0,0.00100011611357331,9.0000114440918],"receipt_ms":23836,"sequence":624,"tick":1377,"velocity":[0.0,0.0,0.0],"yaw":0.0},"position":[0.0,0.00100011611357331,9.0000114440918],"time_ms":23856,"wall_ms":1791410653846.79,"yaw":0.0}
S03R {"entity":2,"event":"apply","pose":{"control":2,"durable":4,"entity":2,"position":[6.0,0.00100011611357331,4.88089036941528],"receipt_ms":23836,"sequence":84,"tick":1377,"velocity":[0.0,0.0,0.0],"yaw":0.0},"position":[6.0,0.00100011611357331,4.88089036941528],"time_ms":23856,"wall_ms":1791410653846.85,"yaw":0.0}
S03R {"entity":1,"event":"apply","pose":{"control":1,"durable":4,"entity":1,"position":[0.0,0.00100011611357331,9.0000114440918],"receipt_ms":23891,"sequence":626,"tick":1380,"velocity":[0.0,0.0,0.0],"yaw":0.0},"position":[0.0,0.00100011611357331,9.0000114440918],"time_ms":23904,"wall_ms":1791410653895.04,"yaw":0.0}
S03R {"entity":2,"event":"apply","pose":{"control":2,"durable":4,"entity":2,"position":[6.0,0.00100011611357331,4.88089036941528],"receipt_ms":23891,"sequence":85,"tick":1380,"velocity":[0.0,0.0,0.0],"yaw":0.0},"position":[6.0,0.00100011611357331,4.88089036941528],"time_ms":23905,"wall_ms":1791410653895.1,"yaw":0.0}
S03R {"entity":1,"event":"apply","pose":{"control":1,"durable":4,"entity":1,"position":[0.0,0.00100011611357331,9.0000114440918],"receipt_ms":23939,"sequence":627,"tick":1383,"velocity":[0.0,0.0,0.0],"yaw":0.0},"position":[0.0,0.00100011611357331,9.0000114440918],"time_ms":23953,"wall_ms":1791410653943.4,"yaw":0.0}
S03R {"entity":2,"event":"apply","pose":{"control":2,"durable":4,"entity":2,"position":[6.0,0.00100011611357331,4.88089036941528],"receipt_ms":23939,"sequence":87,"tick":1383,"velocity":[0.0,0.0,0.0],"yaw":0.0},"position":[6.0,0.00100011611357331,4.88089036941528],"time_ms":23953,"wall_ms":1791410653943.45,"yaw":0.0}
S03R {"entity":1,"event":"apply","pose":{"control":1,"durable":4,"entity":1,"position":[0.0,0.00100011611357331,9.0000114440918],"receipt_ms":23988,"sequence":629,"tick":1386,"velocity":[0.0,0.0,0.0],"yaw":0.0},"position":[0.0,0.00100011611357331,9.0000114440918],"time_ms":24001,"wall_ms":1791410653991.65,"yaw":0.0}
S03R {"entity":2,"event":"apply","pose":{"control":2,"durable":4,"entity":2,"position":[6.0,0.00100011611357331,4.88089036941528],"receipt_ms":23988,"sequence":88,"tick":1386,"velocity":[0.0,0.0,0.0],"yaw":0.0},"position":[6.0,0.00100011611357331,4.88089036941528],"time_ms":24001,"wall_ms":1791410653991.71,"yaw":0.0}
S03R {"entity":1,"event":"apply","pose":{"control":1,"durable":4,"entity":1,"position":[0.0,0.00100011611357331,9.0000114440918],"receipt_ms":24036,"sequence":630,"tick":1389,"velocity":[0.0,0.0,0.0],"yaw":0.0},"position":[0.0,0.00100011611357331,9.0000114440918],"time_ms":24056,"wall_ms":1791410654046.9,"yaw":0.0}
S03R {"entity":2,"event":"apply","pose":{"control":2,"durable":4,"entity":2,"position":[6.0,0.00100011611357331,4.88089036941528],"receipt_ms":24036,"sequence":90,"tick":1389,"velocity":[0.0,0.0,0.0],"yaw":0.0},"position":[6.0,0.00100011611357331,4.88089036941528],"time_ms":24056,"wall_ms":1791410654046.96,"yaw":0.0}
S03R {"entity":1,"event":"apply","pose":{"control":1,"durable":4,"entity":1,"position":[0.0,0.00100011611357331,9.0000114440918],"receipt_ms":24098,"sequence":632,"tick":1392,"velocity":[0.0,0.0,0.0],"yaw":0.0},"position":[0.0,0.00100011611357331,9.0000114440918],"time_ms":24105,"wall_ms":1791410654095.15,"yaw":0.0}
S03R {"entity":2,"event":"apply","pose":{"control":2,"durable":4,"entity":2,"position":[6.0,0.00100011611357331,4.88089036941528],"receipt_ms":24098,"sequence":91,"tick":1392,"velocity":[0.0,0.0,0.0],"yaw":0.0},"position":[6.0,0.00100011611357331,4.88089036941528],"time_ms":24105,"wall_ms":1791410654095.21,"yaw":0.0}
S03R {"entity":1,"event":"apply","pose":{"control":1,"durable":4,"entity":1,"position":[0.0,0.00100011611357331,9.0000114440918],"receipt_ms":24146,"sequence":633,"tick":1395,"velocity":[0.0,0.0,0.0],"yaw":0.0},"position":[0.0,0.00100011611357331,9.0000114440918],"time_ms":24153,"wall_ms":1791410654143.5,"yaw":0.0}
S03R {"entity":2,"event":"apply","pose":{"control":2,"durable":4,"entity":2,"position":[6.0,0.00100011611357331,4.88089036941528],"receipt_ms":24146,"sequence":93,"tick":1395,"velocity":[0.0,0.0,0.0],"yaw":0.0},"position":[6.0,0.00100011611357331,4.88089036941528],"time_ms":24153,"wall_ms":1791410654143.56,"yaw":0.0}
S03R {"entity":1,"event":"apply","pose":{"control":1,"durable":4,"entity":1,"position":[0.0,0.00100011611357331,9.0000114440918],"receipt_ms":24194,"sequence":635,"tick":1398,"velocity":[0.0,0.0,0.0],"yaw":0.0},"position":[0.0,0.00100011611357331,9.0000114440918],"time_ms":24201,"wall_ms":1791410654191.76,"yaw":0.0}
S03R {"entity":2,"event":"apply","pose":{"control":2,"durable":4,"entity":2,"position":[6.0,0.00100011611357331,4.88089036941528],"receipt_ms":24194,"sequence":94,"tick":1398,"velocity":[0.0,0.0,0.0],"yaw":0.0},"position":[6.0,0.00100011611357331,4.88089036941528],"time_ms":24201,"wall_ms":1791410654191.82,"yaw":0.0}
S03R {"entity":1,"event":"apply","pose":{"control":1,"durable":4,"entity":1,"position":[0.0,0.00100011611357331,9.0000114440918],"receipt_ms":24236,"sequence":636,"tick":1401,"velocity":[0.0,0.0,0.0],"yaw":0.0},"position":[0.0,0.00100011611357331,9.0000114440918],"time_ms":24256,"wall_ms":1791410654247.01,"yaw":0.0}
S03R {"entity":2,"event":"apply","pose":{"control":2,"durable":4,"entity":2,"position":[6.0,0.00100011611357331,4.88089036941528],"receipt_ms":24236,"sequence":96,"tick":1401,"velocity":[0.0,0.0,0.0],"yaw":0.0},"position":[6.0,0.00100011611357331,4.88089036941528],"time_ms":24256,"wall_ms":1791410654247.07,"yaw":0.0}
S03R {"entity":1,"event":"apply","pose":{"control":1,"durable":4,"entity":1,"position":[0.0,0.00100011611357331,9.0000114440918],"receipt_ms":24291,"sequence":638,"tick":1404,"velocity":[0.0,0.0,0.0],"yaw":0.0},"position":[0.0,0.00100011611357331,9.0000114440918],"time_ms":24305,"wall_ms":1791410654295.26,"yaw":0.0}
S03R {"entity":2,"event":"apply","pose":{"control":2,"durable":4,"entity":2,"position":[6.0,0.00100011611357331,4.88089036941528],"receipt_ms":24291,"sequence":97,"tick":1404,"velocity":[0.0,0.0,0.0],"yaw":0.0},"position":[6.0,0.00100011611357331,4.88089036941528],"time_ms":24305,"wall_ms":1791410654295.32,"yaw":0.0}
S03R {"entity":1,"event":"apply","pose":{"control":1,"durable":4,"entity":1,"position":[0.0,0.00100011611357331,9.0000114440918],"receipt_ms":24340,"sequence":639,"tick":1407,"velocity":[0.0,0.0,0.0],"yaw":0.0},"position":[0.0,0.00100011611357331,9.0000114440918],"time_ms":24353,"wall_ms":1791410654343.6,"yaw":0.0}
S03R {"entity":2,"event":"apply","pose":{"control":2,"durable":4,"entity":2,"position":[6.0,0.00100011611357331,4.88089036941528],"receipt_ms":24340,"sequence":99,"tick":1407,"velocity":[0.0,0.0,0.0],"yaw":0.0},"position":[6.0,0.00100011611357331,4.88089036941528],"time_ms":24353,"wall_ms":1791410654343.66,"yaw":0.0}
S03R {"entity":1,"event":"apply","pose":{"control":1,"durable":4,"entity":1,"position":[0.0,0.00100011611357331,9.0000114440918],"receipt_ms":24388,"sequence":641,"tick":1410,"velocity":[0.0,0.0,0.0],"yaw":0.0},"position":[0.0,0.00100011611357331,9.0000114440918],"time_ms":24401,"wall_ms":1791410654391.86,"yaw":0.0}
S03R {"entity":2,"event":"apply","pose":{"control":2,"durable":4,"entity":2,"position":[6.0,0.00100011611357331,4.88089036941528],"receipt_ms":24388,"sequence":100,"tick":1410,"velocity":[0.0,0.0,0.0],"yaw":0.0},"position":[6.0,0.00100011611357331,4.88089036941528],"time_ms":24401,"wall_ms":1791410654391.92,"yaw":0.0}
S03R {"entity":1,"event":"apply","pose":{"control":1,"durable":4,"entity":1,"position":[0.0,0.00100011611357331,9.0000114440918],"receipt_ms":24436,"sequence":642,"tick":1413,"velocity":[0.0,0.0,0.0],"yaw":0.0},"position":[0.0,0.00100011611357331,9.0000114440918],"time_ms":24457,"wall_ms":1791410654447.11,"yaw":0.0}
S03R {"entity":2,"event":"apply","pose":{"control":2,"durable":4,"entity":2,"position":[6.0,0.00100011611357331,4.88089036941528],"receipt_ms":24436,"sequence":102,"tick":1413,"velocity":[0.0,0.0,0.0],"yaw":0.0},"position":[6.0,0.00100011611357331,4.88089036941528],"time_ms":24457,"wall_ms":1791410654447.17,"yaw":0.0}
S03R {"entity":1,"event":"apply","pose":{"control":1,"durable":4,"entity":1,"position":[0.0,0.00100011611357331,9.0000114440918],"receipt_ms":24498,"sequence":644,"tick":1416,"velocity":[0.0,0.0,0.0],"yaw":0.0},"position":[0.0,0.00100011611357331,9.0000114440918],"time_ms":24505,"wall_ms":1791410654495.32,"yaw":0.0}
S03R {"entity":2,"event":"apply","pose":{"control":2,"durable":4,"entity":2,"position":[6.0,0.00100011611357331,4.88089036941528],"receipt_ms":24498,"sequence":103,"tick":1416,"velocity":[0.0,0.0,0.0],"yaw":0.0},"position":[6.0,0.00100011611357331,4.88089036941528],"time_ms":24505,"wall_ms":1791410654495.39,"yaw":0.0}
S03R {"entity":1,"event":"apply","pose":{"control":1,"durable":4,"entity":1,"position":[0.0,0.00100011611357331,9.0000114440918],"receipt_ms":24546,"sequence":645,"tick":1419,"velocity":[0.0,0.0,0.0],"yaw":0.0},"position":[0.0,0.00100011611357331,9.0000114440918],"time_ms":24553,"wall_ms":1791410654543.71,"yaw":0.0}
S03R {"entity":2,"event":"apply","pose":{"control":2,"durable":4,"entity":2,"position":[6.0,0.00100011611357331,4.88089036941528],"receipt_ms":24546,"sequence":105,"tick":1419,"velocity":[0.0,0.0,0.0],"yaw":0.0},"position":[6.0,0.00100011611357331,4.88089036941528],"time_ms":24553,"wall_ms":1791410654543.77,"yaw":0.0}
S03R {"entity":1,"event":"apply","pose":{"control":1,"durable":4,"entity":1,"position":[0.0,0.00100011611357331,9.0000114440918],"receipt_ms":24588,"sequence":647,"tick":1422,"velocity":[0.0,0.0,0.0],"yaw":0.0},"position":[0.0,0.00100011611357331,9.0000114440918],"time_ms":24601,"wall_ms":1791410654591.96,"yaw":0.0}
S03R {"entity":2,"event":"apply","pose":{"control":2,"durable":4,"entity":2,"position":[6.0,0.00100011611357331,4.88089036941528],"receipt_ms":24588,"sequence":106,"tick":1422,"velocity":[0.0,0.0,0.0],"yaw":0.0},"position":[6.0,0.00100011611357331,4.88089036941528],"time_ms":24601,"wall_ms":1791410654592.02,"yaw":0.0}
S03R {"entity":1,"event":"apply","pose":{"control":1,"durable":4,"entity":1,"position":[0.0,0.00100011611357331,9.0000114440918],"receipt_ms":24643,"sequence":648,"tick":1425,"velocity":[0.0,0.0,0.0],"yaw":0.0},"position":[0.0,0.00100011611357331,9.0000114440918],"time_ms":24657,"wall_ms":1791410654647.22,"yaw":0.0}
S03R {"entity":2,"event":"apply","pose":{"control":2,"durable":4,"entity":2,"position":[6.0,0.00100011611357331,4.88089036941528],"receipt_ms":24643,"sequence":108,"tick":1425,"velocity":[0.0,0.0,0.0],"yaw":0.0},"position":[6.0,0.00100011611357331,4.88089036941528],"time_ms":24657,"wall_ms":1791410654647.28,"yaw":0.0}
S03R {"entity":1,"event":"apply","pose":{"control":1,"durable":4,"entity":1,"position":[0.0,0.00100011611357331,9.0000114440918],"receipt_ms":24698,"sequence":650,"tick":1428,"velocity":[0.0,0.0,0.0],"yaw":0.0},"position":[0.0,0.00100011611357331,9.0000114440918],"time_ms":24705,"wall_ms":1791410654695.47,"yaw":0.0}
S03R {"entity":2,"event":"apply","pose":{"control":2,"durable":4,"entity":2,"position":[6.0,0.00100011611357331,4.88089036941528],"receipt_ms":24698,"sequence":109,"tick":1428,"velocity":[0.0,0.0,0.0],"yaw":0.0},"position":[6.0,0.00100011611357331,4.88089036941528],"time_ms":24705,"wall_ms":1791410654695.53,"yaw":0.0}
S03R {"entity":1,"event":"apply","pose":{"control":1,"durable":4,"entity":1,"position":[0.0,0.00100011611357331,9.0000114440918],"receipt_ms":24746,"sequence":651,"tick":1431,"velocity":[0.0,0.0,0.0],"yaw":0.0},"position":[0.0,0.00100011611357331,9.0000114440918],"time_ms":24753,"wall_ms":1791410654743.82,"yaw":0.0}
S03R {"entity":2,"event":"apply","pose":{"control":2,"durable":4,"entity":2,"position":[6.0,0.00100011611357331,4.88089036941528],"receipt_ms":24746,"sequence":111,"tick":1431,"velocity":[0.0,0.0,0.0],"yaw":0.0},"position":[6.0,0.00100011611357331,4.88089036941528],"time_ms":24753,"wall_ms":1791410654743.88,"yaw":0.0}
S03R {"entity":1,"event":"apply","pose":{"control":1,"durable":4,"entity":1,"position":[0.0,0.00100011611357331,9.0000114440918],"receipt_ms":24788,"sequence":653,"tick":1434,"velocity":[0.0,0.0,0.0],"yaw":0.0},"position":[0.0,0.00100011611357331,9.0000114440918],"time_ms":24801,"wall_ms":1791410654792.07,"yaw":0.0}
S03R {"entity":2,"event":"apply","pose":{"control":2,"durable":4,"entity":2,"position":[6.0,0.00100011611357331,4.88089036941528],"receipt_ms":24788,"sequence":112,"tick":1434,"velocity":[0.0,0.0,0.0],"yaw":0.0},"position":[6.0,0.00100011611357331,4.88089036941528],"time_ms":24802,"wall_ms":1791410654792.13,"yaw":0.0}
S03R {"entity":1,"event":"apply","pose":{"control":1,"durable":4,"entity":1,"position":[0.0,0.00100011611357331,9.0000114440918],"receipt_ms":24836,"sequence":654,"tick":1437,"velocity":[0.0,0.0,0.0],"yaw":0.0},"position":[0.0,0.00100011611357331,9.0000114440918],"time_ms":24857,"wall_ms":1791410654847.33,"yaw":0.0}
S03R {"entity":2,"event":"apply","pose":{"control":2,"durable":4,"entity":2,"position":[6.0,0.00100011611357331,4.88089036941528],"receipt_ms":24836,"sequence":114,"tick":1437,"velocity":[0.0,0.0,0.0],"yaw":0.0},"position":[6.0,0.00100011611357331,4.88089036941528],"time_ms":24857,"wall_ms":1791410654847.39,"yaw":0.0}
S03R {"entity":1,"event":"apply","pose":{"control":1,"durable":4,"entity":1,"position":[0.0,0.00100011611357331,9.0000114440918],"receipt_ms":24891,"sequence":656,"tick":1440,"velocity":[0.0,0.0,0.0],"yaw":0.0},"position":[0.0,0.00100011611357331,9.0000114440918],"time_ms":24905,"wall_ms":1791410654895.57,"yaw":0.0}
S03R {"entity":2,"event":"apply","pose":{"control":2,"durable":4,"entity":2,"position":[6.0,0.00100011611357331,4.88089036941528],"receipt_ms":24891,"sequence":115,"tick":1440,"velocity":[0.0,0.0,0.0],"yaw":0.0},"position":[6.0,0.00100011611357331,4.88089036941528],"time_ms":24905,"wall_ms":1791410654895.63,"yaw":0.0}
S03R {"entity":1,"event":"apply","pose":{"control":1,"durable":4,"entity":1,"position":[0.0,0.00100011611357331,9.0000114440918],"receipt_ms":24940,"sequence":657,"tick":1443,"velocity":[0.0,0.0,0.0],"yaw":0.0},"position":[0.0,0.00100011611357331,9.0000114440918],"time_ms":24953,"wall_ms":1791410654943.91,"yaw":0.0}
S03R {"entity":2,"event":"apply","pose":{"control":2,"durable":4,"entity":2,"position":[6.0,0.00100011611357331,4.88089036941528],"receipt_ms":24940,"sequence":117,"tick":1443,"velocity":[0.0,0.0,0.0],"yaw":0.0},"position":[6.0,0.00100011611357331,4.88089036941528],"time_ms":24953,"wall_ms":1791410654943.97,"yaw":0.0}
S03R {"entity":1,"event":"apply","pose":{"control":1,"durable":4,"entity":1,"position":[0.0,0.00100011611357331,9.0000114440918],"receipt_ms":24988,"sequence":659,"tick":1446,"velocity":[0.0,0.0,0.0],"yaw":0.0},"position":[0.0,0.00100011611357331,9.0000114440918],"time_ms":25002,"wall_ms":1791410654992.17,"yaw":0.0}
S03R {"entity":2,"event":"apply","pose":{"control":2,"durable":4,"entity":2,"position":[6.0,0.00100011611357331,4.88089036941528],"receipt_ms":24988,"sequence":118,"tick":1446,"velocity":[0.0,0.0,0.0],"yaw":0.0},"position":[6.0,0.00100011611357331,4.88089036941528],"time_ms":25002,"wall_ms":1791410654992.23,"yaw":0.0}
S03R {"accepted":0,"event":"result","failures":[],"max_held_bytes":0,"max_movement_bytes":0,"ok":true,"reason":"HOST_LOST","rejected":{},"role":"client","time_ms":25057,"wall_ms":1791410655047.37}
