Godot Engine v4.8.dev7.official.c971f93e7 - https://godotengine.org

S03R {"event":"state_receive","role":"client","rows":[{"entity":2,"sequence":0,"tick":144}],"time_ms":2294,"wall_ms":1791536425916.0}
S03R {"ack_input_tick":0,"cause":"none","correction_m":0.0,"correction_yaw_deg":0.0,"event":"correction","history_exhausted":false,"replay_frames":0,"replay_usec":23,"role":"client","tick":0,"time_ms":2308,"wall_ms":1791536425930.0}
S03R {"authority_install_error_m":0.0,"entity":2,"event":"apply","pose":{"control":1,"durable":2,"entity":2,"last_input_tick":0,"position":[6.0,0.00100000004749745,14.0],"receipt_ms":2294,"sequence":0,"tick":144,"velocity":[0.0,0.0,0.0],"yaw":0.0},"position":[6.0,0.00100000004749745,14.0],"time_ms":2312,"wall_ms":1791536425934.0,"yaw":0.0}
S03R {"can_draw":false,"display":"headless","engine":"4.8-dev7 (official)","event":"start","low_processor_mode":false,"max_fps":0,"pid":39424,"profile":"adverse","renderer":"forward_plus","role":"client","time_ms":2328,"user_dir":"C:/tmp/ft/lanes/s03-p/review3-adverse/adverse/client/user/appdata/Godot/app_userdata/Fun Things","vsync_mode":1,"wall_ms":1791536425951.0,"window_mode":1,"window_visible":true}
S03R {"event":"prediction","history_size":0,"position":[6.0,0.00100000004749745,14.0],"predicted_tick":0,"role":"client","tick":0,"time_ms":2331,"wall_ms":1791536425953.0,"yaw":0.0}
S03R {"aim_yaw":0.0,"event":"input","index":1,"move":[0.0,-1.0],"position":[6.0,0.00100000004749745,14.0],"role":"client","sequence_floor":1,"tick":1,"time_ms":2342,"wall_ms":1791536425965.0,"yaw":0.0}
S03R {"aim_yaw":0.0,"event":"keys","move":[0.0,-1.0],"role":"client","tick":1,"time_ms":2346,"wall_ms":1791536425967.0}
S03R {"event":"prediction","history_size":1,"position":[6.0,0.00100005290005356,13.9166669845581],"predicted_tick":1,"role":"client","tick":1,"time_ms":2349,"wall_ms":1791536425971.0,"yaw":0.0}
S03R {"aim_yaw":0.0,"event":"input_send","index":1,"move":[0.0,-1.0],"role":"client","sample_ticks_ms":2363,"sample_wall_ms":1791536425985.0,"send_ticks_ms":2363,"send_wall_ms":1791536425986.0,"sequence":2,"time_ms":2363,"wall_ms":1791536425986.0}
S03R {"event":"prediction","history_size":2,"position":[6.0,0.00100005290005356,13.8333339691162],"predicted_tick":2,"role":"client","tick":2,"time_ms":2366,"wall_ms":1791536425989.0,"yaw":0.0}
S03R {"event":"prediction","history_size":3,"position":[6.0,0.00100005290005356,13.7500009536743],"predicted_tick":3,"role":"client","tick":3,"time_ms":2377,"wall_ms":1791536425998.0,"yaw":0.0}
S03R {"aim_yaw":0.0,"event":"input_send","index":1,"move":[0.0,-1.0],"role":"client","sample_ticks_ms":2390,"sample_wall_ms":1791536426013.0,"send_ticks_ms":2391,"send_wall_ms":1791536426013.0,"sequence":4,"time_ms":2391,"wall_ms":1791536426013.0}
S03R {"event":"prediction","history_size":4,"position":[6.0,0.00100005290005356,13.6666679382324],"predicted_tick":4,"role":"client","tick":4,"time_ms":2394,"wall_ms":1791536426016.0,"yaw":0.0}
S03R {"event":"prediction","history_size":5,"position":[6.0,0.00100005290005356,13.5833349227905],"predicted_tick":5,"role":"client","tick":5,"time_ms":2411,"wall_ms":1791536426034.0,"yaw":0.0}
S03R {"aim_yaw":0.0,"event":"input_send","index":1,"move":[0.0,-1.0],"role":"client","sample_ticks_ms":2425,"sample_wall_ms":1791536426047.0,"send_ticks_ms":2425,"send_wall_ms":1791536426047.0,"sequence":6,"time_ms":2425,"wall_ms":1791536426047.0}
S03R {"event":"prediction","history_size":6,"position":[6.0,0.00100005290005356,13.5000019073486],"predicted_tick":6,"role":"client","tick":6,"time_ms":2429,"wall_ms":1791536426051.0,"yaw":0.0}
S03R {"event":"prediction","history_size":7,"position":[6.0,0.00100005290005356,13.4166688919067],"predicted_tick":7,"role":"client","tick":7,"time_ms":2446,"wall_ms":1791536426068.0,"yaw":0.0}
S03R {"aim_yaw":0.0,"event":"input_send","index":1,"move":[0.0,-1.0],"role":"client","sample_ticks_ms":2459,"sample_wall_ms":1791536426082.0,"send_ticks_ms":2460,"send_wall_ms":1791536426082.0,"sequence":8,"time_ms":2460,"wall_ms":1791536426082.0}
S03R {"event":"prediction","history_size":8,"position":[6.0,0.00100005290005356,13.3333358764648],"predicted_tick":8,"role":"client","tick":8,"time_ms":2463,"wall_ms":1791536426086.0,"yaw":0.0}
S03R {"event":"prediction","history_size":9,"position":[6.0,0.00100005290005356,13.2500028610229],"predicted_tick":9,"role":"client","tick":9,"time_ms":2480,"wall_ms":1791536426102.0,"yaw":0.0}
S03R {"aim_yaw":0.0,"event":"input_send","index":1,"move":[0.0,-1.0],"role":"client","sample_ticks_ms":2494,"sample_wall_ms":1791536426116.0,"send_ticks_ms":2494,"send_wall_ms":1791536426116.0,"sequence":10,"time_ms":2494,"wall_ms":1791536426116.0}
S03R {"event":"prediction","history_size":10,"position":[6.0,0.00100005290005356,13.1666698455811],"predicted_tick":10,"role":"client","tick":10,"time_ms":2497,"wall_ms":1791536426119.0,"yaw":0.0}
S03R {"event":"prediction","history_size":11,"position":[6.0,0.00100005290005356,13.0833368301392],"predicted_tick":11,"role":"client","tick":11,"time_ms":2508,"wall_ms":1791536426130.0,"yaw":0.0}
S03R {"aim_yaw":0.0,"event":"keys","move":[0.0,0.0],"role":"client","tick":12,"time_ms":2529,"wall_ms":1791536426151.0}
S03R {"event":"prediction","history_size":12,"position":[6.0,0.00100005290005356,13.0833368301392],"predicted_tick":12,"role":"client","tick":12,"time_ms":2532,"wall_ms":1791536426153.0,"yaw":0.0}
S03R {"event":"prediction","history_size":13,"position":[6.0,0.00100005290005356,13.0833368301392],"predicted_tick":13,"role":"client","tick":13,"time_ms":2542,"wall_ms":1791536426165.0,"yaw":0.0}
S03R {"event":"prediction","history_size":14,"position":[6.0,0.00100005290005356,13.0833368301392],"predicted_tick":14,"role":"client","tick":14,"time_ms":2563,"wall_ms":1791536426186.0,"yaw":0.0}
S03R {"event":"prediction","history_size":15,"position":[6.0,0.00100005290005356,13.0833368301392],"predicted_tick":15,"role":"client","tick":15,"time_ms":2577,"wall_ms":1791536426199.0,"yaw":0.0}
S03R {"event":"prediction","history_size":16,"position":[6.0,0.00100005290005356,13.0833368301392],"predicted_tick":16,"role":"client","tick":16,"time_ms":2591,"wall_ms":1791536426214.0,"yaw":0.0}
S03R {"event":"state_receive","role":"client","rows":[{"entity":1,"sequence":2,"tick":165},{"entity":2,"sequence":2,"tick":165}],"time_ms":2604,"wall_ms":1791536426227.0}
S03R {"authority_install_error_m":0.0,"entity":1,"event":"apply","pose":{"control":1,"durable":2,"entity":1,"last_input_tick":2,"position":[0.0,0.00100011611357331,6.0],"receipt_ms":2604,"sequence":2,"tick":165,"velocity":[0.0,0.0,0.0],"yaw":0.0},"position":[0.0,0.00100011611357331,6.0],"time_ms":2611,"wall_ms":1791536426234.0,"yaw":0.0}
S03R {"ack_input_tick":2,"cause":"none","correction_m":0.0,"correction_yaw_deg":0.0,"event":"correction","history_exhausted":false,"replay_frames":14,"replay_usec":176,"role":"client","tick":17,"time_ms":2615,"wall_ms":1791536426238.0}
S03R {"authority_install_error_m":0.0,"entity":2,"event":"apply","pose":{"control":1,"durable":2,"entity":2,"last_input_tick":2,"position":[6.0,0.00100005290005356,13.8333339691162],"receipt_ms":2604,"sequence":2,"tick":165,"velocity":[0.0,0.0,0.0],"yaw":0.0},"position":[6.0,0.00100005290005356,13.0833368301392],"time_ms":2620,"wall_ms":1791536426242.0,"yaw":0.0}
S03R {"event":"prediction","history_size":15,"position":[6.0,0.00100005290005356,13.0833368301392],"predicted_tick":17,"role":"client","tick":17,"time_ms":2624,"wall_ms":1791536426247.0,"yaw":0.0}
S03R {"event":"prediction","history_size":16,"position":[6.0,0.00100005290005356,13.0833368301392],"predicted_tick":18,"role":"client","tick":18,"time_ms":2629,"wall_ms":1791536426252.0,"yaw":0.0}
S03R {"event":"prediction","history_size":17,"position":[6.0,0.00100005290005356,13.0833368301392],"predicted_tick":19,"role":"client","tick":19,"time_ms":2650,"wall_ms":1791536426273.0,"yaw":0.0}
S03R {"event":"prediction","history_size":18,"position":[6.0,0.00100005290005356,13.0833368301392],"predicted_tick":20,"role":"client","tick":20,"time_ms":2664,"wall_ms":1791536426287.0,"yaw":0.0}
S03R {"event":"prediction","history_size":19,"position":[6.0,0.00100005290005356,13.0833368301392],"predicted_tick":21,"role":"client","tick":21,"time_ms":2678,"wall_ms":1791536426301.0,"yaw":0.0}
S03R {"event":"state_receive","role":"client","rows":[{"entity":1,"sequence":5,"tick":168},{"entity":2,"sequence":6,"tick":168}],"time_ms":2681,"wall_ms":1791536426304.0}
S03R {"authority_install_error_m":0.0,"entity":1,"event":"apply","pose":{"control":1,"durable":2,"entity":1,"last_input_tick":5,"position":[0.0,0.00100011611357331,6.0],"receipt_ms":2681,"sequence":5,"tick":168,"velocity":[0.0,0.0,0.0],"yaw":0.0},"position":[0.0,0.00100011611357331,6.0],"time_ms":2699,"wall_ms":1791536426321.0,"yaw":0.0}
S03R {"ack_input_tick":6,"cause":"held_timing_or_delivery","correction_m":0.0833330154418945,"correction_yaw_deg":0.0,"event":"correction","history_exhausted":false,"replay_frames":15,"replay_usec":190,"role":"client","tick":22,"time_ms":2702,"wall_ms":1791536426325.0}
S03R {"authority_install_error_m":0.0,"entity":2,"event":"apply","pose":{"control":1,"durable":2,"entity":2,"last_input_tick":6,"position":[6.0,0.00100005290005356,13.5833349227905],"receipt_ms":2681,"sequence":6,"tick":168,"velocity":[0.0,0.0,-5.0],"yaw":0.0},"position":[6.0,0.00100005290005356,13.1666698455811],"time_ms":2706,"wall_ms":1791536426329.0,"yaw":0.0}
S03R {"event":"prediction","history_size":16,"position":[6.0,0.00100005290005356,13.1666698455811],"predicted_tick":22,"role":"client","tick":22,"time_ms":2711,"wall_ms":1791536426333.0,"yaw":0.0}
S03R {"event":"prediction","history_size":17,"position":[6.0,0.00100005290005356,13.1666698455811],"predicted_tick":23,"role":"client","tick":23,"time_ms":2716,"wall_ms":1791536426338.0,"yaw":0.0}
S03R {"event":"prediction","history_size":18,"position":[6.0,0.00100005290005356,13.1666698455811],"predicted_tick":24,"role":"client","tick":24,"time_ms":2723,"wall_ms":1791536426345.0,"yaw":0.0}
S03R {"event":"prediction","history_size":19,"position":[6.0,0.00100005290005356,13.1666698455811],"predicted_tick":25,"role":"client","tick":25,"time_ms":2736,"wall_ms":1791536426359.0,"yaw":0.0}
S03R {"event":"state_receive","role":"client","rows":[{"entity":1,"sequence":8,"tick":171},{"entity":2,"sequence":6,"tick":171}],"time_ms":2743,"wall_ms":1791536426365.0}
S03R {"authority_install_error_m":0.0,"entity":1,"event":"apply","pose":{"control":1,"durable":2,"entity":1,"last_input_tick":8,"position":[0.0,0.00100011611357331,6.0],"receipt_ms":2743,"sequence":8,"tick":171,"velocity":[0.0,0.0,0.0],"yaw":0.0},"position":[0.0,0.00100011611357331,6.0],"time_ms":2750,"wall_ms":1791536426373.0,"yaw":0.0}
S03R {"ack_input_tick":6,"cause":"none","correction_m":0.0,"correction_yaw_deg":0.0,"event":"correction","history_exhausted":false,"replay_frames":19,"replay_usec":308,"role":"client","tick":26,"time_ms":2753,"wall_ms":1791536426376.0}
S03R {"authority_install_error_m":0.0,"entity":2,"event":"apply","pose":{"control":1,"durable":2,"entity":2,"last_input_tick":6,"position":[6.0,0.00100005290005356,13.5833349227905],"receipt_ms":2743,"sequence":6,"tick":171,"velocity":[0.0,0.0,0.0],"yaw":0.0},"position":[6.0,0.00100005290005356,13.1666698455811],"time_ms":2757,"wall_ms":1791536426380.0,"yaw":0.0}
S03R {"event":"prediction","history_size":20,"position":[6.0,0.00100005290005356,13.1666698455811],"predicted_tick":26,"role":"client","tick":26,"time_ms":2767,"wall_ms":1791536426389.0,"yaw":0.0}
S03R {"event":"prediction","history_size":21,"position":[6.0,0.00100005290005356,13.1666698455811],"predicted_tick":27,"role":"client","tick":27,"time_ms":2772,"wall_ms":1791536426394.0,"yaw":0.0}
S03R {"event":"prediction","history_size":22,"position":[6.0,0.00100005290005356,13.1666698455811],"predicted_tick":28,"role":"client","tick":28,"time_ms":2786,"wall_ms":1791536426408.0,"yaw":0.0}
S03R {"event":"state_receive","role":"client","rows":[{"entity":1,"sequence":11,"tick":174},{"entity":2,"sequence":10,"tick":174}],"time_ms":2801,"wall_ms":1791536426423.0}
S03R {"authority_install_error_m":0.0,"entity":1,"event":"apply","pose":{"control":1,"durable":2,"entity":1,"last_input_tick":11,"position":[0.0,0.00100011611357331,6.0],"receipt_ms":2801,"sequence":11,"tick":174,"velocity":[0.0,0.0,0.0],"yaw":0.0},"position":[0.0,0.00100011611357331,6.0],"time_ms":2805,"wall_ms":1791536426427.0,"yaw":0.0}
S03R {"ack_input_tick":10,"cause":"held_timing_or_delivery","correction_m":0.0833330154418945,"correction_yaw_deg":0.0,"event":"correction","history_exhausted":false,"replay_frames":18,"replay_usec":328,"role":"client","tick":29,"time_ms":2810,"wall_ms":1791536426432.0}
S03R {"authority_install_error_m":0.0,"entity":2,"event":"apply","pose":{"control":1,"durable":2,"entity":2,"last_input_tick":10,"position":[6.0,0.00100005290005356,13.3333358764648],"receipt_ms":2801,"sequence":10,"tick":174,"velocity":[0.0,0.0,-5.0],"yaw":0.0},"position":[6.0,0.00100005290005356,13.2500028610229],"time_ms":2814,"wall_ms":1791536426436.0,"yaw":0.0}
S03R {"event":"prediction","history_size":19,"position":[6.0,0.00100005290005356,13.2500028610229],"predicted_tick":29,"role":"client","tick":29,"time_ms":2818,"wall_ms":1791536426440.0,"yaw":0.0}
S03R {"aim_yaw":-1.5707963267949,"event":"input","index":2,"move":[1.0,0.0],"position":[6.0,0.00100005290005356,13.2500028610229],"role":"client","sequence_floor":30,"tick":30,"time_ms":2821,"wall_ms":1791536426444.0,"yaw":0.0}
S03R {"aim_yaw":-1.5707963267949,"event":"keys","move":[1.0,0.0],"role":"client","tick":30,"time_ms":2825,"wall_ms":1791536426447.0}
S03R {"aim_yaw":-1.5707963267949,"event":"input_send","index":2,"move":[1.0,0.0],"role":"client","sample_ticks_ms":2829,"sample_wall_ms":1791536426451.0,"send_ticks_ms":2830,"send_wall_ms":1791536426451.0,"sequence":30,"time_ms":2830,"wall_ms":1791536426451.0}
S03R {"event":"prediction","history_size":20,"position":[6.08333349227905,0.00100005290005356,13.2500028610229],"predicted_tick":30,"role":"client","tick":30,"time_ms":2834,"wall_ms":1791536426455.0,"yaw":-1.57079637050629}
S03R {"event":"prediction","history_size":21,"position":[6.16666698455811,0.00100005290005356,13.2500028610229],"predicted_tick":31,"role":"client","tick":31,"time_ms":2840,"wall_ms":1791536426462.0,"yaw":-1.57079637050629}
S03R {"aim_yaw":-1.5707963267949,"event":"input_send","index":2,"move":[1.0,0.0],"role":"client","sample_ticks_ms":2853,"sample_wall_ms":1791536426475.0,"send_ticks_ms":2854,"send_wall_ms":1791536426476.0,"sequence":32,"time_ms":2854,"wall_ms":1791536426476.0}
S03R {"event":"prediction","history_size":22,"position":[6.25000047683716,0.00100005290005356,13.2500028610229],"predicted_tick":32,"role":"client","tick":32,"time_ms":2856,"wall_ms":1791536426479.0,"yaw":-1.57079637050629}
S03R {"event":"prediction","history_size":23,"position":[6.33333396911621,0.00100005290005356,13.2500028610229],"predicted_tick":33,"role":"client","tick":33,"time_ms":2867,"wall_ms":1791536426490.0,"yaw":-1.57079637050629}
S03R {"event":"state_receive","role":"client","rows":[{"entity":1,"sequence":17,"tick":180},{"entity":2,"sequence":17,"tick":180}],"time_ms":2874,"wall_ms":1791536426497.0}
S03R {"aim_yaw":-1.5707963267949,"event":"input_send","index":2,"move":[1.0,0.0],"role":"client","sample_ticks_ms":2888,"sample_wall_ms":1791536426509.0,"send_ticks_ms":2888,"send_wall_ms":1791536426511.0,"sequence":34,"time_ms":2888,"wall_ms":1791536426511.0}
S03R {"authority_install_error_m":0.0,"entity":1,"event":"apply","pose":{"control":1,"durable":2,"entity":1,"last_input_tick":17,"position":[0.0,0.00100011611357331,6.0],"receipt_ms":2874,"sequence":17,"tick":180,"velocity":[0.0,0.0,0.0],"yaw":0.0},"position":[0.0,0.00100011611357331,6.0],"time_ms":2891,"wall_ms":1791536426513.0,"yaw":0.0}
S03R {"ack_input_tick":17,"cause":"none","correction_m":0.0,"correction_yaw_deg":0.0,"event":"correction","history_exhausted":false,"replay_frames":16,"replay_usec":270,"role":"client","tick":34,"time_ms":2896,"wall_ms":1791536426519.0}
S03R {"authority_install_error_m":0.0,"entity":2,"event":"apply","pose":{"control":1,"durable":2,"entity":2,"last_input_tick":17,"position":[6.0,0.00100005290005356,13.2500028610229],"receipt_ms":2874,"sequence":17,"tick":180,"velocity":[0.0,0.0,0.0],"yaw":0.0},"position":[6.33333396911621,0.00100005290005356,13.2500028610229],"time_ms":2898,"wall_ms":1791536426520.0,"yaw":-1.57079637050629}
S03R {"event":"prediction","history_size":17,"position":[6.41666746139526,0.00100005290005356,13.2500028610229],"predicted_tick":34,"role":"client","tick":34,"time_ms":2901,"wall_ms":1791536426524.0,"yaw":-1.57079637050629}
S03R {"event":"prediction","history_size":18,"position":[6.50000095367432,0.00100005290005356,13.2500028610229],"predicted_tick":35,"role":"client","tick":35,"time_ms":2906,"wall_ms":1791536426528.0,"yaw":-1.57079637050629}
S03R {"aim_yaw":-1.5707963267949,"event":"input_send","index":2,"move":[1.0,0.0],"role":"client","sample_ticks_ms":2920,"sample_wall_ms":1791536426541.0,"send_ticks_ms":2920,"send_wall_ms":1791536426542.0,"sequence":36,"time_ms":2920,"wall_ms":1791536426542.0}
S03R {"event":"prediction","history_size":19,"position":[6.58333444595337,0.00100005290005356,13.2500028610229],"predicted_tick":36,"role":"client","tick":36,"time_ms":2924,"wall_ms":1791536426546.0,"yaw":-1.57079637050629}
S03R {"event":"prediction","history_size":20,"position":[6.66666793823242,0.00100005290005356,13.2500028610229],"predicted_tick":37,"role":"client","tick":37,"time_ms":2933,"wall_ms":1791536426556.0,"yaw":-1.57079637050629}
S03R {"aim_yaw":-1.5707963267949,"event":"input_send","index":2,"move":[1.0,0.0],"role":"client","sample_ticks_ms":2954,"sample_wall_ms":1791536426577.0,"send_ticks_ms":2954,"send_wall_ms":1791536426577.0,"sequence":38,"time_ms":2954,"wall_ms":1791536426577.0}
S03R {"event":"prediction","history_size":21,"position":[6.75000143051147,0.00100005290005356,13.2500028610229],"predicted_tick":38,"role":"client","tick":38,"time_ms":2958,"wall_ms":1791536426580.0,"yaw":-1.57079637050629}
S03R {"event":"prediction","history_size":22,"position":[6.83333492279053,0.00100005290005356,13.2500028610229],"predicted_tick":39,"role":"client","tick":39,"time_ms":2977,"wall_ms":1791536426600.0,"yaw":-1.57079637050629}
S03R {"aim_yaw":-1.5707963267949,"event":"input_send","index":2,"move":[1.0,0.0],"role":"client","sample_ticks_ms":2993,"sample_wall_ms":1791536426616.0,"send_ticks_ms":2993,"send_wall_ms":1791536426616.0,"sequence":40,"time_ms":2993,"wall_ms":1791536426616.0}
S03R {"event":"prediction","history_size":23,"position":[6.91666841506958,0.00100005290005356,13.2500028610229],"predicted_tick":40,"role":"client","tick":40,"time_ms":2996,"wall_ms":1791536426618.0,"yaw":-1.57079637050629}
S03R {"event":"state_receive","role":"client","rows":[{"entity":1,"sequence":20,"tick":183},{"entity":2,"sequence":20,"tick":183}],"time_ms":2999,"wall_ms":1791536426621.0}
S03R {"authority_install_error_m":0.0,"entity":1,"event":"apply","pose":{"control":1,"durable":2,"entity":1,"last_input_tick":20,"position":[0.0,0.00100011611357331,6.0],"receipt_ms":2999,"sequence":20,"tick":183,"velocity":[0.0,0.0,0.0],"yaw":0.0},"position":[0.0,0.00100011611357331,6.0],"time_ms":3001,"wall_ms":1791536426624.0,"yaw":0.0}
S03R {"ack_input_tick":20,"cause":"none","correction_m":0.0,"correction_yaw_deg":0.0,"event":"correction","history_exhausted":false,"replay_frames":20,"replay_usec":161,"role":"client","tick":41,"time_ms":3004,"wall_ms":1791536426625.0}
S03R {"authority_install_error_m":0.0,"entity":2,"event":"apply","pose":{"control":1,"durable":2,"entity":2,"last_input_tick":20,"position":[6.0,0.00100005290005356,13.2500028610229],"receipt_ms":2999,"sequence":20,"tick":183,"velocity":[0.0,0.0,0.0],"yaw":0.0},"position":[6.91666841506958,0.00100005290005356,13.2500028610229],"time_ms":3006,"wall_ms":1791536426628.0,"yaw":-1.57079637050629}
S03R {"event":"prediction","history_size":21,"position":[7.00000190734863,0.00100005290005356,13.2500028610229],"predicted_tick":41,"role":"client","tick":41,"time_ms":3009,"wall_ms":1791536426631.0,"yaw":-1.57079637050629}
S03R {"aim_yaw":0.0,"event":"keys","move":[0.0,0.0],"role":"client","tick":42,"time_ms":3024,"wall_ms":1791536426647.0}
S03R {"event":"prediction","history_size":22,"position":[7.00000190734863,0.00100005290005356,13.2500028610229],"predicted_tick":42,"role":"client","tick":42,"time_ms":3027,"wall_ms":1791536426649.0,"yaw":0.0}
S03R {"event":"state_receive","role":"client","rows":[{"entity":1,"sequence":23,"tick":186},{"entity":2,"sequence":22,"tick":186}],"time_ms":3032,"wall_ms":1791536426654.0}
S03R {"authority_install_error_m":0.0,"entity":1,"event":"apply","pose":{"control":1,"durable":2,"entity":1,"last_input_tick":23,"position":[0.0,0.00100011611357331,6.0],"receipt_ms":3032,"sequence":23,"tick":186,"velocity":[0.0,0.0,0.0],"yaw":0.0},"position":[0.0,0.00100011611357331,6.0],"time_ms":3056,"wall_ms":1791536426679.0,"yaw":0.0}
S03R {"ack_input_tick":22,"cause":"none","correction_m":0.0,"correction_yaw_deg":0.0,"event":"correction","history_exhausted":false,"replay_frames":20,"replay_usec":273,"role":"client","tick":43,"time_ms":3060,"wall_ms":1791536426682.0}
S03R {"authority_install_error_m":0.0,"entity":2,"event":"apply","pose":{"control":1,"durable":2,"entity":2,"last_input_tick":22,"position":[6.0,0.00100005290005356,13.2500028610229],"receipt_ms":3032,"sequence":22,"tick":186,"velocity":[0.0,0.0,0.0],"yaw":0.0},"position":[7.00000190734863,0.00100005290005356,13.2500028610229],"time_ms":3064,"wall_ms":1791536426686.0,"yaw":0.0}
S03R {"event":"prediction","history_size":21,"position":[7.00000190734863,0.00100005290005356,13.2500028610229],"predicted_tick":43,"role":"client","tick":43,"time_ms":3068,"wall_ms":1791536426690.0,"yaw":0.0}
S03R {"event":"prediction","history_size":22,"position":[7.00000190734863,0.00100005290005356,13.2500028610229],"predicted_tick":44,"role":"client","tick":44,"time_ms":3073,"wall_ms":1791536426695.0,"yaw":0.0}
S03R {"event":"state_receive","role":"client","rows":[{"entity":1,"sequence":26,"tick":189},{"entity":2,"sequence":24,"tick":189}],"time_ms":3077,"wall_ms":1791536426699.0}
S03R {"authority_install_error_m":0.0,"entity":1,"event":"apply","pose":{"control":1,"durable":2,"entity":1,"last_input_tick":26,"position":[0.0,0.00100011611357331,6.0],"receipt_ms":3077,"sequence":26,"tick":189,"velocity":[0.0,0.0,0.0],"yaw":0.0},"position":[0.0,0.00100011611357331,6.0],"time_ms":3081,"wall_ms":1791536426703.0,"yaw":0.0}
S03R {"ack_input_tick":24,"cause":"none","correction_m":0.0,"correction_yaw_deg":0.0,"event":"correction","history_exhausted":false,"replay_frames":20,"replay_usec":320,"role":"client","tick":45,"time_ms":3086,"wall_ms":1791536426708.0}
S03R {"authority_install_error_m":0.0,"entity":2,"event":"apply","pose":{"control":1,"durable":2,"entity":2,"last_input_tick":24,"position":[6.0,0.00100005290005356,13.2500028610229],"receipt_ms":3077,"sequence":24,"tick":189,"velocity":[0.0,0.0,0.0],"yaw":0.0},"position":[7.00000190734863,0.00100005290005356,13.2500028610229],"time_ms":3091,"wall_ms":1791536426712.0,"yaw":0.0}
S03R {"event":"prediction","history_size":21,"position":[7.00000190734863,0.00100005290005356,13.2500028610229],"predicted_tick":45,"role":"client","tick":45,"time_ms":3098,"wall_ms":1791536426719.0,"yaw":0.0}
S03R {"event":"prediction","history_size":22,"position":[7.00000190734863,0.00100005290005356,13.2500028610229],"predicted_tick":46,"role":"client","tick":46,"time_ms":3107,"wall_ms":1791536426729.0,"yaw":0.0}
S03R {"event":"prediction","history_size":23,"position":[7.00000190734863,0.00100005290005356,13.2500028610229],"predicted_tick":47,"role":"client","tick":47,"time_ms":3114,"wall_ms":1791536426736.0,"yaw":0.0}
S03R {"event":"prediction","history_size":24,"position":[7.00000190734863,0.00100005290005356,13.2500028610229],"predicted_tick":48,"role":"client","tick":48,"time_ms":3133,"wall_ms":1791536426755.0,"yaw":0.0}
S03R {"event":"prediction","history_size":25,"position":[7.00000190734863,0.00100005290005356,13.2500028610229],"predicted_tick":49,"role":"client","tick":49,"time_ms":3148,"wall_ms":1791536426771.0,"yaw":0.0}
S03R {"event":"prediction","history_size":26,"position":[7.00000190734863,0.00100005290005356,13.2500028610229],"predicted_tick":50,"role":"client","tick":50,"time_ms":3164,"wall_ms":1791536426787.0,"yaw":0.0}
S03R {"event":"state_receive","role":"client","rows":[{"entity":1,"sequence":32,"tick":195},{"entity":2,"sequence":33,"tick":195}],"time_ms":3167,"wall_ms":1791536426790.0}
S03R {"authority_install_error_m":0.0,"entity":1,"event":"apply","pose":{"control":1,"durable":2,"entity":1,"last_input_tick":32,"position":[0.0,0.00100011611357331,6.0],"receipt_ms":3167,"sequence":32,"tick":195,"velocity":[0.0,0.0,0.0],"yaw":0.0},"position":[0.0,0.00100011611357331,6.0],"time_ms":3171,"wall_ms":1791536426794.0,"yaw":0.0}
S03R {"ack_input_tick":33,"cause":"held_timing_or_delivery","correction_m":0.166666984558105,"correction_yaw_deg":0.0,"event":"correction","history_exhausted":false,"replay_frames":17,"replay_usec":157,"role":"client","tick":51,"time_ms":3174,"wall_ms":1791536426796.0}
S03R {"authority_install_error_m":0.0,"entity":2,"event":"apply","pose":{"control":1,"durable":2,"entity":2,"last_input_tick":33,"position":[6.16666698455811,0.00100005290005356,13.2500028610229],"receipt_ms":3167,"sequence":33,"tick":195,"velocity":[5.0,0.0,0.0],"yaw":-1.57079637050629},"position":[6.83333492279053,0.00100005290005356,13.2500028610229],"time_ms":3176,"wall_ms":1791536426798.0,"yaw":0.0}
S03R {"event":"prediction","history_size":18,"position":[6.83333492279053,0.00100005290005356,13.2500028610229],"predicted_tick":51,"role":"client","tick":51,"time_ms":3178,"wall_ms":1791536426801.0,"yaw":0.0}
S03R {"event":"prediction","history_size":19,"position":[6.83333492279053,0.00100005290005356,13.2500028610229],"predicted_tick":52,"role":"client","tick":52,"time_ms":3195,"wall_ms":1791536426818.0,"yaw":0.0}
S03R {"event":"prediction","history_size":20,"position":[6.83333492279053,0.00100005290005356,13.2500028610229],"predicted_tick":53,"role":"client","tick":53,"time_ms":3211,"wall_ms":1791536426834.0,"yaw":0.0}
S03R {"event":"state_receive","role":"client","rows":[{"entity":1,"sequence":35,"tick":198},{"entity":2,"sequence":34,"tick":198}],"time_ms":3222,"wall_ms":1791536426845.0}
S03R {"authority_install_error_m":0.0,"entity":1,"event":"apply","pose":{"control":1,"durable":2,"entity":1,"last_input_tick":35,"position":[0.0,0.00100011611357331,6.0],"receipt_ms":3222,"sequence":35,"tick":198,"velocity":[0.0,0.0,0.0],"yaw":0.0},"position":[0.0,0.00100011611357331,6.0],"time_ms":3227,"wall_ms":1791536426850.0,"yaw":0.0}
S03R {"ack_input_tick":34,"cause":"none","correction_m":0.0,"correction_yaw_deg":0.0,"event":"correction","history_exhausted":false,"replay_frames":19,"replay_usec":125,"role":"client","tick":54,"time_ms":3230,"wall_ms":1791536426853.0}
S03R {"authority_install_error_m":0.0,"entity":2,"event":"apply","pose":{"control":1,"durable":2,"entity":2,"last_input_tick":34,"position":[6.25000047683716,0.00100005290005356,13.2500028610229],"receipt_ms":3222,"sequence":34,"tick":198,"velocity":[0.0,0.0,0.0],"yaw":-1.57079637050629},"position":[6.83333492279053,0.00100005290005356,13.2500028610229],"time_ms":3234,"wall_ms":1791536426857.0,"yaw":0.0}
S03R {"event":"prediction","history_size":20,"position":[6.83333492279053,0.00100005290005356,13.2500028610229],"predicted_tick":54,"role":"client","tick":54,"time_ms":3241,"wall_ms":1791536426863.0,"yaw":0.0}
S03R {"event":"state_receive","role":"client","rows":[{"entity":1,"sequence":38,"tick":201},{"entity":2,"sequence":37,"tick":201}],"time_ms":3247,"wall_ms":1791536426869.0}
S03R {"authority_install_error_m":0.0,"entity":1,"event":"apply","pose":{"control":1,"durable":2,"entity":1,"last_input_tick":38,"position":[0.0,0.00100011611357331,6.0],"receipt_ms":3247,"sequence":38,"tick":201,"velocity":[0.0,0.0,0.0],"yaw":0.0},"position":[0.0,0.00100011611357331,6.0],"time_ms":3251,"wall_ms":1791536426873.0,"yaw":0.0}
S03R {"ack_input_tick":37,"cause":"none","correction_m":0.0,"correction_yaw_deg":0.0,"event":"correction","history_exhausted":false,"replay_frames":17,"replay_usec":128,"role":"client","tick":55,"time_ms":3256,"wall_ms":1791536426877.0}
S03R {"authority_install_error_m":0.0,"entity":2,"event":"apply","pose":{"control":1,"durable":2,"entity":2,"last_input_tick":37,"position":[6.50000095367432,0.00100005290005356,13.2500028610229],"receipt_ms":3247,"sequence":37,"tick":201,"velocity":[5.0,0.0,0.0],"yaw":-1.57079637050629},"position":[6.83333492279053,0.00100005290005356,13.2500028610229],"time_ms":3260,"wall_ms":1791536426883.0,"yaw":0.0}
S03R {"event":"prediction","history_size":18,"position":[6.83333492279053,0.00100005290005356,13.2500028610229],"predicted_tick":55,"role":"client","tick":55,"time_ms":3265,"wall_ms":1791536426887.0,"yaw":0.0}
S03R {"event":"state_receive","role":"client","rows":[{"entity":1,"sequence":41,"tick":204},{"entity":2,"sequence":40,"tick":204}],"time_ms":3269,"wall_ms":1791536426892.0}
S03R {"authority_install_error_m":0.0,"entity":1,"event":"apply","pose":{"control":1,"durable":2,"entity":1,"last_input_tick":41,"position":[0.0,0.00100011611357331,6.0],"receipt_ms":3269,"sequence":41,"tick":204,"velocity":[0.0,0.0,0.0],"yaw":0.0},"position":[0.0,0.00100011611357331,6.0],"time_ms":3273,"wall_ms":1791536426895.0,"yaw":0.0}
S03R {"ack_input_tick":40,"cause":"none","correction_m":0.0,"correction_yaw_deg":0.0,"event":"correction","history_exhausted":false,"replay_frames":15,"replay_usec":177,"role":"client","tick":56,"time_ms":3277,"wall_ms":1791536426900.0}
S03R {"authority_install_error_m":0.0,"entity":2,"event":"apply","pose":{"control":1,"durable":2,"entity":2,"last_input_tick":40,"position":[6.75000143051147,0.00100005290005356,13.2500028610229],"receipt_ms":3269,"sequence":40,"tick":204,"velocity":[5.0,0.0,0.0],"yaw":-1.57079637050629},"position":[6.83333492279053,0.00100005290005356,13.2500028610229],"time_ms":3281,"wall_ms":1791536426903.0,"yaw":0.0}
S03R {"event":"prediction","history_size":16,"position":[6.83333492279053,0.00100005290005356,13.2500028610229],"predicted_tick":56,"role":"client","tick":56,"time_ms":3286,"wall_ms":1791536426908.0,"yaw":0.0}
S03R {"event":"prediction","history_size":17,"position":[6.83333492279053,0.00100005290005356,13.2500028610229],"predicted_tick":57,"role":"client","tick":57,"time_ms":3291,"wall_ms":1791536426913.0,"yaw":0.0}
S03R {"event":"prediction","history_size":18,"position":[6.83333492279053,0.00100005290005356,13.2500028610229],"predicted_tick":58,"role":"client","tick":58,"time_ms":3305,"wall_ms":1791536426928.0,"yaw":0.0}
S03R {"event":"prediction","history_size":19,"position":[6.83333492279053,0.00100005290005356,13.2500028610229],"predicted_tick":59,"role":"client","tick":59,"time_ms":3311,"wall_ms":1791536426934.0,"yaw":0.0}
S03R {"aim_yaw":0.0,"event":"input","index":3,"move":[0.0,-1.0],"position":[6.83333492279053,0.00100005290005356,13.2500028610229],"role":"client","sequence_floor":60,"tick":60,"time_ms":3321,"wall_ms":1791536426943.0,"yaw":0.0}
S03R {"aim_yaw":0.0,"event":"keys","move":[0.0,-1.0],"role":"client","tick":60,"time_ms":3325,"wall_ms":1791536426947.0}
S03R {"aim_yaw":0.0,"event":"input_send","index":3,"move":[0.0,-1.0],"role":"client","sample_ticks_ms":3330,"sample_wall_ms":1791536426951.0,"send_ticks_ms":3330,"send_wall_ms":1791536426952.0,"sequence":60,"time_ms":3330,"wall_ms":1791536426952.0}
S03R {"event":"prediction","history_size":20,"position":[6.83333492279053,0.00100005290005356,13.1666698455811],"predicted_tick":60,"role":"client","tick":60,"time_ms":3332,"wall_ms":1791536426955.0,"yaw":0.0}
S03R {"event":"prediction","history_size":21,"position":[6.83333492279053,0.00100005290005356,13.0833368301392],"predicted_tick":61,"role":"client","tick":61,"time_ms":3335,"wall_ms":1791536426958.0,"yaw":0.0}
S03R {"aim_yaw":0.0,"event":"input_send","index":3,"move":[0.0,-1.0],"role":"client","sample_ticks_ms":3352,"sample_wall_ms":1791536426975.0,"send_ticks_ms":3353,"send_wall_ms":1791536426975.0,"sequence":62,"time_ms":3353,"wall_ms":1791536426975.0}
S03R {"event":"prediction","history_size":22,"position":[6.83333492279053,0.00100005290005356,13.0000038146973],"predicted_tick":62,"role":"client","tick":62,"time_ms":3358,"wall_ms":1791536426981.0,"yaw":0.0}
S03R {"event":"prediction","history_size":23,"position":[6.83333492279053,0.00100005290005356,12.9166707992554],"predicted_tick":63,"role":"client","tick":63,"time_ms":3386,"wall_ms":1791536427008.0,"yaw":0.0}
S03R {"event":"state_receive","role":"client","rows":[{"entity":1,"sequence":47,"tick":210},{"entity":2,"sequence":47,"tick":210}],"time_ms":3390,"wall_ms":1791536427011.0}
S03R {"aim_yaw":0.0,"event":"input_send","index":3,"move":[0.0,-1.0],"role":"client","sample_ticks_ms":3392,"sample_wall_ms":1791536427015.0,"send_ticks_ms":3393,"send_wall_ms":1791536427015.0,"sequence":64,"time_ms":3393,"wall_ms":1791536427015.0}
S03R {"authority_install_error_m":0.0,"entity":1,"event":"apply","pose":{"control":1,"durable":2,"entity":1,"last_input_tick":47,"position":[0.0,0.00100011611357331,6.0],"receipt_ms":3390,"sequence":47,"tick":210,"velocity":[0.0,0.0,0.0],"yaw":0.0},"position":[0.0,0.00100011611357331,6.0],"time_ms":3395,"wall_ms":1791536427018.0,"yaw":0.0}
S03R {"ack_input_tick":47,"cause":"none","correction_m":0.0,"correction_yaw_deg":0.0,"event":"correction","history_exhausted":false,"replay_frames":16,"replay_usec":131,"role":"client","tick":64,"time_ms":3397,"wall_ms":1791536427020.0}
S03R {"authority_install_error_m":0.0,"entity":2,"event":"apply","pose":{"control":1,"durable":2,"entity":2,"last_input_tick":47,"position":[6.83333492279053,0.00100005290005356,13.2500028610229],"receipt_ms":3390,"sequence":47,"tick":210,"velocity":[0.0,0.0,0.0],"yaw":0.0},"position":[6.83333492279053,0.00100005290005356,12.9166707992554],"time_ms":3400,"wall_ms":1791536427022.0,"yaw":0.0}
S03R {"event":"prediction","history_size":17,"position":[6.83333492279053,0.00100005290005356,12.8333377838135],"predicted_tick":64,"role":"client","tick":64,"time_ms":3402,"wall_ms":1791536427025.0,"yaw":0.0}
S03R {"event":"prediction","history_size":18,"position":[6.83333492279053,0.00100005290005356,12.7500047683716],"predicted_tick":65,"role":"client","tick":65,"time_ms":3407,"wall_ms":1791536427029.0,"yaw":0.0}
S03R {"aim_yaw":0.0,"event":"input_send","index":3,"move":[0.0,-1.0],"role":"client","sample_ticks_ms":3430,"sample_wall_ms":1791536427053.0,"send_ticks_ms":3430,"send_wall_ms":1791536427053.0,"sequence":66,"time_ms":3430,"wall_ms":1791536427053.0}
S03R {"event":"prediction","history_size":19,"position":[6.83333492279053,0.00100005290005356,12.6666717529297],"predicted_tick":66,"role":"client","tick":66,"time_ms":3433,"wall_ms":1791536427055.0,"yaw":0.0}
S03R {"event":"state_receive","role":"client","rows":[{"entity":1,"sequence":50,"tick":213},{"entity":2,"sequence":48,"tick":213}],"time_ms":3439,"wall_ms":1791536427062.0}
S03R {"authority_install_error_m":0.0,"entity":1,"event":"apply","pose":{"control":1,"durable":2,"entity":1,"last_input_tick":50,"position":[0.0,0.00100011611357331,6.0],"receipt_ms":3439,"sequence":50,"tick":213,"velocity":[0.0,0.0,0.0],"yaw":0.0},"position":[0.0,0.00100011611357331,6.0],"time_ms":3442,"wall_ms":1791536427065.0,"yaw":0.0}
S03R {"ack_input_tick":48,"cause":"none","correction_m":0.0,"correction_yaw_deg":0.0,"event":"correction","history_exhausted":false,"replay_frames":18,"replay_usec":124,"role":"client","tick":67,"time_ms":3445,"wall_ms":1791536427068.0}
S03R {"authority_install_error_m":0.0,"entity":2,"event":"apply","pose":{"control":1,"durable":2,"entity":2,"last_input_tick":48,"position":[6.83333492279053,0.00100005290005356,13.2500028610229],"receipt_ms":3439,"sequence":48,"tick":213,"velocity":[0.0,0.0,0.0],"yaw":0.0},"position":[6.83333492279053,0.00100005290005356,12.6666717529297],"time_ms":3448,"wall_ms":1791536427070.0,"yaw":0.0}
S03R {"event":"prediction","history_size":19,"position":[6.83333492279053,0.00100005290005356,12.5833387374878],"predicted_tick":67,"role":"client","tick":67,"time_ms":3452,"wall_ms":1791536427074.0,"yaw":0.0}
S03R {"event":"state_receive","role":"client","rows":[{"entity":1,"sequence":53,"tick":216},{"entity":2,"sequence":50,"tick":216}],"time_ms":3457,"wall_ms":1791536427079.0}
S03R {"aim_yaw":0.0,"event":"input_send","index":3,"move":[0.0,-1.0],"role":"client","sample_ticks_ms":3460,"sample_wall_ms":1791536427082.0,"send_ticks_ms":3461,"send_wall_ms":1791536427083.0,"sequence":68,"time_ms":3461,"wall_ms":1791536427083.0}
S03R {"authority_install_error_m":0.0,"entity":1,"event":"apply","pose":{"control":1,"durable":2,"entity":1,"last_input_tick":53,"position":[0.0,0.00100011611357331,6.0],"receipt_ms":3457,"sequence":53,"tick":216,"velocity":[0.0,0.0,0.0],"yaw":0.0},"position":[0.0,0.00100011611357331,6.0],"time_ms":3465,"wall_ms":1791536427087.0,"yaw":0.0}
S03R {"ack_input_tick":50,"cause":"none","correction_m":0.0,"correction_yaw_deg":0.0,"event":"correction","history_exhausted":false,"replay_frames":17,"replay_usec":131,"role":"client","tick":68,"time_ms":3469,"wall_ms":1791536427092.0}
S03R {"authority_install_error_m":0.0,"entity":2,"event":"apply","pose":{"control":1,"durable":2,"entity":2,"last_input_tick":50,"position":[6.83333492279053,0.00100005290005356,13.2500028610229],"receipt_ms":3457,"sequence":50,"tick":216,"velocity":[0.0,0.0,0.0],"yaw":0.0},"position":[6.83333492279053,0.00100005290005356,12.5833387374878],"time_ms":3473,"wall_ms":1791536427095.0,"yaw":0.0}
S03R {"event":"prediction","history_size":18,"position":[6.83333492279053,0.00100005290005356,12.5000057220459],"predicted_tick":68,"role":"client","tick":68,"time_ms":3478,"wall_ms":1791536427100.0,"yaw":0.0}
S03R {"event":"prediction","history_size":19,"position":[6.83333492279053,0.00100005290005356,12.416672706604],"predicted_tick":69,"role":"client","tick":69,"time_ms":3483,"wall_ms":1791536427105.0,"yaw":0.0}
S03R {"aim_yaw":0.0,"event":"input_send","index":3,"move":[0.0,-1.0],"role":"client","sample_ticks_ms":3492,"sample_wall_ms":1791536427114.0,"send_ticks_ms":3492,"send_wall_ms":1791536427114.0,"sequence":70,"time_ms":3492,"wall_ms":1791536427114.0}
S03R {"event":"prediction","history_size":20,"position":[6.83333492279053,0.00100005290005356,12.3333396911621],"predicted_tick":70,"role":"client","tick":70,"time_ms":3495,"wall_ms":1791536427118.0,"yaw":0.0}
S03R {"event":"prediction","history_size":21,"position":[6.83333492279053,0.00100005290005356,12.2500066757202],"predicted_tick":71,"role":"client","tick":71,"time_ms":3507,"wall_ms":1791536427130.0,"yaw":0.0}
S03R {"event":"state_receive","role":"client","rows":[{"entity":1,"sequence":56,"tick":219},{"entity":2,"sequence":56,"tick":219}],"time_ms":3512,"wall_ms":1791536427135.0}
S03R {"aim_yaw":0.0,"event":"keys","move":[0.0,0.0],"role":"client","tick":72,"time_ms":3517,"wall_ms":1791536427140.0}
S03R {"authority_install_error_m":0.0,"entity":1,"event":"apply","pose":{"control":1,"durable":2,"entity":1,"last_input_tick":56,"position":[0.0,0.00100011611357331,6.0],"receipt_ms":3512,"sequence":56,"tick":219,"velocity":[0.0,0.0,0.0],"yaw":0.0},"position":[0.0,0.00100011611357331,6.0],"time_ms":3520,"wall_ms":1791536427142.0,"yaw":0.0}
S03R {"ack_input_tick":56,"cause":"none","correction_m":0.0,"correction_yaw_deg":0.0,"event":"correction","history_exhausted":false,"replay_frames":15,"replay_usec":129,"role":"client","tick":72,"time_ms":3523,"wall_ms":1791536427145.0}
S03R {"authority_install_error_m":0.0,"entity":2,"event":"apply","pose":{"control":1,"durable":2,"entity":2,"last_input_tick":56,"position":[6.83333492279053,0.00100005290005356,13.2500028610229],"receipt_ms":3512,"sequence":56,"tick":219,"velocity":[0.0,0.0,0.0],"yaw":0.0},"position":[6.83333492279053,0.00100005290005356,12.2500066757202],"time_ms":3525,"wall_ms":1791536427147.0,"yaw":0.0}
S03R {"event":"prediction","history_size":16,"position":[6.83333492279053,0.00100005290005356,12.2500066757202],"predicted_tick":72,"role":"client","tick":72,"time_ms":3527,"wall_ms":1791536427150.0,"yaw":0.0}
S03R {"event":"prediction","history_size":17,"position":[6.83333492279053,0.00100005290005356,12.2500066757202],"predicted_tick":73,"role":"client","tick":73,"time_ms":3538,"wall_ms":1791536427161.0,"yaw":0.0}
S03R {"event":"prediction","history_size":18,"position":[6.83333492279053,0.00100005290005356,12.2500066757202],"predicted_tick":74,"role":"client","tick":74,"time_ms":3554,"wall_ms":1791536427176.0,"yaw":0.0}
S03R {"event":"prediction","history_size":19,"position":[6.83333492279053,0.00100005290005356,12.2500066757202],"predicted_tick":75,"role":"client","tick":75,"time_ms":3570,"wall_ms":1791536427192.0,"yaw":0.0}
S03R {"event":"state_receive","role":"client","rows":[{"entity":1,"sequence":59,"tick":222},{"entity":2,"sequence":57,"tick":222}],"time_ms":3585,"wall_ms":1791536427208.0}
S03R {"authority_install_error_m":0.0,"entity":1,"event":"apply","pose":{"control":1,"durable":2,"entity":1,"last_input_tick":59,"position":[0.0,0.00100011611357331,6.0],"receipt_ms":3585,"sequence":59,"tick":222,"velocity":[0.0,0.0,0.0],"yaw":0.0},"position":[0.0,0.00100011611357331,6.0],"time_ms":3588,"wall_ms":1791536427210.0,"yaw":0.0}
S03R {"ack_input_tick":57,"cause":"none","correction_m":0.0,"correction_yaw_deg":0.0,"event":"correction","history_exhausted":false,"replay_frames":18,"replay_usec":252,"role":"client","tick":76,"time_ms":3592,"wall_ms":1791536427214.0}
S03R {"authority_install_error_m":0.0,"entity":2,"event":"apply","pose":{"control":1,"durable":2,"entity":2,"last_input_tick":57,"position":[6.83333492279053,0.00100005290005356,13.2500028610229],"receipt_ms":3585,"sequence":57,"tick":222,"velocity":[0.0,0.0,0.0],"yaw":0.0},"position":[6.83333492279053,0.00100005290005356,12.2500066757202],"time_ms":3596,"wall_ms":1791536427218.0,"yaw":0.0}
S03R {"event":"prediction","history_size":19,"position":[6.83333492279053,0.00100005290005356,12.2500066757202],"predicted_tick":76,"role":"client","tick":76,"time_ms":3600,"wall_ms":1791536427221.0,"yaw":0.0}
S03R {"event":"prediction","history_size":20,"position":[6.83333492279053,0.00100005290005356,12.2500066757202],"predicted_tick":77,"role":"client","tick":77,"time_ms":3605,"wall_ms":1791536427227.0,"yaw":0.0}
S03R {"event":"prediction","history_size":21,"position":[6.83333492279053,0.00100005290005356,12.2500066757202],"predicted_tick":78,"role":"client","tick":78,"time_ms":3631,"wall_ms":1791536427253.0,"yaw":0.0}
S03R {"event":"prediction","history_size":22,"position":[6.83333492279053,0.00100005290005356,12.2500066757202],"predicted_tick":79,"role":"client","tick":79,"time_ms":3646,"wall_ms":1791536427269.0,"yaw":0.0}
S03R {"event":"prediction","history_size":23,"position":[6.83333492279053,0.00100005290005356,12.2500066757202],"predicted_tick":80,"role":"client","tick":80,"time_ms":3662,"wall_ms":1791536427284.0,"yaw":0.0}
S03R {"event":"prediction","history_size":24,"position":[6.83333492279053,0.00100005290005356,12.2500066757202],"predicted_tick":81,"role":"client","tick":81,"time_ms":3677,"wall_ms":1791536427300.0,"yaw":0.0}
S03R {"event":"state_receive","role":"client","rows":[{"entity":1,"sequence":65,"tick":228},{"entity":2,"sequence":62,"tick":228}],"time_ms":3682,"wall_ms":1791536427305.0}
S03R {"authority_install_error_m":0.0,"entity":1,"event":"apply","pose":{"control":1,"durable":2,"entity":1,"last_input_tick":65,"position":[0.0,0.00100011611357331,6.0],"receipt_ms":3682,"sequence":65,"tick":228,"velocity":[0.0,0.0,0.0],"yaw":0.0},"position":[0.0,0.00100011611357331,6.0],"time_ms":3708,"wall_ms":1791536427331.0,"yaw":0.0}
S03R {"ack_input_tick":62,"cause":"none","correction_m":0.0,"correction_yaw_deg":0.0,"event":"correction","history_exhausted":false,"replay_frames":19,"replay_usec":292,"role":"client","tick":82,"time_ms":3712,"wall_ms":1791536427334.0}
S03R {"authority_install_error_m":0.0,"entity":2,"event":"apply","pose":{"control":1,"durable":2,"entity":2,"last_input_tick":62,"position":[6.83333492279053,0.00100005290005356,13.0000038146973],"receipt_ms":3682,"sequence":62,"tick":228,"velocity":[0.0,0.0,0.0],"yaw":0.0},"position":[6.83333492279053,0.00100005290005356,12.2500066757202],"time_ms":3716,"wall_ms":1791536427339.0,"yaw":0.0}
S03R {"event":"prediction","history_size":20,"position":[6.83333492279053,0.00100005290005356,12.2500066757202],"predicted_tick":82,"role":"client","tick":82,"time_ms":3723,"wall_ms":1791536427345.0,"yaw":0.0}
S03R {"event":"prediction","history_size":21,"position":[6.83333492279053,0.00100005290005356,12.2500066757202],"predicted_tick":83,"role":"client","tick":83,"time_ms":3728,"wall_ms":1791536427349.0,"yaw":0.0}
S03R {"event":"prediction","history_size":22,"position":[6.83333492279053,0.00100005290005356,12.2500066757202],"predicted_tick":84,"role":"client","tick":84,"time_ms":3732,"wall_ms":1791536427355.0,"yaw":0.0}
S03R {"event":"prediction","history_size":23,"position":[6.83333492279053,0.00100005290005356,12.2500066757202],"predicted_tick":85,"role":"client","tick":85,"time_ms":3754,"wall_ms":1791536427376.0,"yaw":0.0}
S03R {"event":"prediction","history_size":24,"position":[6.83333492279053,0.00100005290005356,12.2500066757202],"predicted_tick":86,"role":"client","tick":86,"time_ms":3761,"wall_ms":1791536427383.0,"yaw":0.0}
S03R {"event":"prediction","history_size":25,"position":[6.83333492279053,0.00100005290005356,12.2500066757202],"predicted_tick":87,"role":"client","tick":87,"time_ms":3770,"wall_ms":1791536427393.0,"yaw":0.0}
S03R {"event":"prediction","history_size":26,"position":[6.83333492279053,0.00100005290005356,12.2500066757202],"predicted_tick":88,"role":"client","tick":88,"time_ms":3786,"wall_ms":1791536427408.0,"yaw":0.0}
S03R {"event":"state_receive","role":"client","rows":[{"entity":1,"sequence":68,"tick":231},{"entity":2,"sequence":68,"tick":231}],"time_ms":3791,"wall_ms":1791536427413.0}
S03R {"authority_install_error_m":0.0,"entity":1,"event":"apply","pose":{"control":1,"durable":2,"entity":1,"last_input_tick":68,"position":[0.0,0.00100011611357331,6.0],"receipt_ms":3791,"sequence":68,"tick":231,"velocity":[0.0,0.0,0.0],"yaw":0.0},"position":[0.0,0.00100011611357331,6.0],"time_ms":3802,"wall_ms":1791536427425.0,"yaw":0.0}
S03R {"ack_input_tick":68,"cause":"held_timing_or_delivery","correction_m":0.249999046325684,"correction_yaw_deg":0.0,"event":"correction","history_exhausted":false,"replay_frames":20,"replay_usec":129,"role":"client","tick":89,"time_ms":3805,"wall_ms":1791536427428.0}
S03R {"authority_install_error_m":0.0,"entity":2,"event":"apply","pose":{"control":1,"durable":2,"entity":2,"last_input_tick":68,"position":[6.83333492279053,0.00100005290005356,12.7500047683716],"receipt_ms":3791,"sequence":68,"tick":231,"velocity":[0.0,0.0,-5.0],"yaw":0.0},"position":[6.83333492279053,0.00100005290005356,12.5000057220459],"time_ms":3807,"wall_ms":1791536427430.0,"yaw":0.0}
S03R {"event":"prediction","history_size":21,"position":[6.83333492279053,0.00100005290005356,12.5000057220459],"predicted_tick":89,"role":"client","tick":89,"time_ms":3810,"wall_ms":1791536427432.0,"yaw":0.0}
S03R {"aim_yaw":1.5707963267949,"event":"input","index":4,"move":[-1.0,0.0],"position":[6.83333492279053,0.00100005290005356,12.5000057220459],"role":"client","sequence_floor":90,"tick":90,"time_ms":3816,"wall_ms":1791536427439.0,"yaw":0.0}
S03R {"aim_yaw":1.5707963267949,"event":"keys","move":[-1.0,0.0],"role":"client","tick":90,"time_ms":3821,"wall_ms":1791536427443.0}
S03R {"aim_yaw":1.5707963267949,"event":"input_send","index":4,"move":[-1.0,0.0],"role":"client","sample_ticks_ms":3826,"sample_wall_ms":1791536427448.0,"send_ticks_ms":3826,"send_wall_ms":1791536427448.0,"sequence":90,"time_ms":3826,"wall_ms":1791536427448.0}
S03R {"event":"prediction","history_size":22,"position":[6.75000143051147,0.00100005290005356,12.5000057220459],"predicted_tick":90,"role":"client","tick":90,"time_ms":3830,"wall_ms":1791536427453.0,"yaw":1.57079637050629}
S03R {"event":"state_receive","role":"client","rows":[{"entity":1,"sequence":71,"tick":234},{"entity":2,"sequence":70,"tick":234}],"time_ms":3835,"wall_ms":1791536427458.0}
S03R {"authority_install_error_m":0.0,"entity":1,"event":"apply","pose":{"control":1,"durable":2,"entity":1,"last_input_tick":71,"position":[0.0,0.00100011611357331,6.0],"receipt_ms":3835,"sequence":71,"tick":234,"velocity":[0.0,0.0,0.0],"yaw":0.0},"position":[0.0,0.00100011611357331,6.0],"time_ms":3839,"wall_ms":1791536427461.0,"yaw":0.0}
S03R {"ack_input_tick":70,"cause":"held_timing_or_delivery","correction_m":0.0833330154418945,"correction_yaw_deg":0.0,"event":"correction","history_exhausted":false,"replay_frames":20,"replay_usec":408,"role":"client","tick":91,"time_ms":3844,"wall_ms":1791536427466.0}
S03R {"authority_install_error_m":0.0,"entity":2,"event":"apply","pose":{"control":1,"durable":2,"entity":2,"last_input_tick":70,"position":[6.83333492279053,0.00100005290005356,12.6666717529297],"receipt_ms":3835,"sequence":70,"tick":234,"velocity":[0.0,0.0,-5.0],"yaw":0.0},"position":[6.75000143051147,0.00100005290005356,12.5833387374878],"time_ms":3846,"wall_ms":1791536427468.0,"yaw":1.57079637050629}
S03R {"event":"prediction","history_size":21,"position":[6.66666793823242,0.00100005290005356,12.5833387374878],"predicted_tick":91,"role":"client","tick":91,"time_ms":3848,"wall_ms":1791536427471.0,"yaw":1.57079637050629}
S03R {"aim_yaw":1.5707963267949,"event":"input_send","index":4,"move":[-1.0,0.0],"role":"client","sample_ticks_ms":3856,"sample_wall_ms":1791536427478.0,"send_ticks_ms":3856,"send_wall_ms":1791536427478.0,"sequence":92,"time_ms":3856,"wall_ms":1791536427478.0}
S03R {"event":"prediction","history_size":22,"position":[6.58333444595337,0.00100005290005356,12.5833387374878],"predicted_tick":92,"role":"client","tick":92,"time_ms":3858,"wall_ms":1791536427480.0,"yaw":1.57079637050629}
S03R {"event":"prediction","history_size":23,"position":[6.50000095367432,0.00100005290005356,12.5833387374878],"predicted_tick":93,"role":"client","tick":93,"time_ms":3878,"wall_ms":1791536427500.0,"yaw":1.57079637050629}
S03R {"aim_yaw":1.5707963267949,"event":"input_send","index":4,"move":[-1.0,0.0],"role":"client","sample_ticks_ms":3895,"sample_wall_ms":1791536427517.0,"send_ticks_ms":3896,"send_wall_ms":1791536427518.0,"sequence":94,"time_ms":3896,"wall_ms":1791536427518.0}
S03R {"event":"prediction","history_size":24,"position":[6.41666746139526,0.00100005290005356,12.5833387374878],"predicted_tick":94,"role":"client","tick":94,"time_ms":3900,"wall_ms":1791536427522.0,"yaw":1.57079637050629}
S03R {"event":"state_receive","role":"client","rows":[{"entity":1,"sequence":74,"tick":237},{"entity":2,"sequence":73,"tick":237}],"time_ms":3904,"wall_ms":1791536427526.0}
S03R {"event":"state_receive","role":"client","rows":[{"entity":1,"sequence":77,"tick":240},{"entity":2,"sequence":74,"tick":240}],"time_ms":3907,"wall_ms":1791536427529.0}
S03R {"authority_install_error_m":0.0,"entity":1,"event":"apply","pose":{"control":1,"durable":2,"entity":1,"last_input_tick":77,"position":[0.0,0.00100011611357331,6.0],"receipt_ms":3907,"sequence":77,"tick":240,"velocity":[0.0,0.0,0.0],"yaw":0.0},"position":[0.0,0.00100011611357331,6.0],"time_ms":3910,"wall_ms":1791536427532.0,"yaw":0.0}
S03R {"ack_input_tick":74,"cause":"none","correction_m":0.0,"correction_yaw_deg":0.0,"event":"correction","history_exhausted":false,"replay_frames":20,"replay_usec":214,"role":"client","tick":95,"time_ms":3912,"wall_ms":1791536427535.0}
S03R {"authority_install_error_m":0.0,"entity":2,"event":"apply","pose":{"control":1,"durable":2,"entity":2,"last_input_tick":74,"position":[6.83333492279053,0.00100005290005356,12.5833387374878],"receipt_ms":3907,"sequence":74,"tick":240,"velocity":[0.0,0.0,0.0],"yaw":0.0},"position":[6.41666746139526,0.00100005290005356,12.5833387374878],"time_ms":3915,"wall_ms":1791536427537.0,"yaw":1.57079637050629}
S03R {"event":"prediction","history_size":21,"position":[6.33333396911621,0.00100005290005356,12.5833387374878],"predicted_tick":95,"role":"client","tick":95,"time_ms":3918,"wall_ms":1791536427541.0,"yaw":1.57079637050629}
S03R {"aim_yaw":1.5707963267949,"event":"input_send","index":4,"move":[-1.0,0.0],"role":"client","sample_ticks_ms":3923,"sample_wall_ms":1791536427546.0,"send_ticks_ms":3924,"send_wall_ms":1791536427546.0,"sequence":96,"time_ms":3924,"wall_ms":1791536427546.0}
S03R {"event":"prediction","history_size":22,"position":[6.25000047683716,0.00100005290005356,12.5833387374878],"predicted_tick":96,"role":"client","tick":96,"time_ms":3928,"wall_ms":1791536427551.0,"yaw":1.57079637050629}
S03R {"event":"prediction","history_size":23,"position":[6.16666698455811,0.00100005290005356,12.5833387374878],"predicted_tick":97,"role":"client","tick":97,"time_ms":3938,"wall_ms":1791536427561.0,"yaw":1.57079637050629}
S03R {"aim_yaw":1.5707963267949,"event":"input_send","index":4,"move":[-1.0,0.0],"role":"client","sample_ticks_ms":3954,"sample_wall_ms":1791536427576.0,"send_ticks_ms":3954,"send_wall_ms":1791536427576.0,"sequence":98,"time_ms":3954,"wall_ms":1791536427576.0}
S03R {"event":"prediction","history_size":24,"position":[6.08333349227905,0.00100005290005356,12.5833387374878],"predicted_tick":98,"role":"client","tick":98,"time_ms":3957,"wall_ms":1791536427579.0,"yaw":1.57079637050629}
S03R {"event":"state_receive","role":"client","rows":[{"entity":1,"sequence":80,"tick":243},{"entity":2,"sequence":78,"tick":243}],"time_ms":3960,"wall_ms":1791536427582.0}
S03R {"authority_install_error_m":0.0,"entity":1,"event":"apply","pose":{"control":1,"durable":2,"entity":1,"last_input_tick":80,"position":[0.0,0.00100011611357331,6.0],"receipt_ms":3960,"sequence":80,"tick":243,"velocity":[0.0,0.0,0.0],"yaw":0.0},"position":[0.0,0.00100011611357331,6.0],"time_ms":3985,"wall_ms":1791536427607.0,"yaw":0.0}
S03R {"ack_input_tick":78,"cause":"none","correction_m":0.0,"correction_yaw_deg":0.0,"event":"correction","history_exhausted":false,"replay_frames":20,"replay_usec":129,"role":"client","tick":99,"time_ms":3987,"wall_ms":1791536427610.0}
S03R {"authority_install_error_m":0.0,"entity":2,"event":"apply","pose":{"control":1,"durable":2,"entity":2,"last_input_tick":78,"position":[6.83333492279053,0.00100005290005356,12.5833387374878],"receipt_ms":3960,"sequence":78,"tick":243,"velocity":[0.0,0.0,0.0],"yaw":0.0},"position":[6.08333349227905,0.00100005290005356,12.5833387374878],"time_ms":3990,"wall_ms":1791536427612.0,"yaw":1.57079637050629}
S03R {"event":"prediction","history_size":21,"position":[6.0,0.00100005290005356,12.5833387374878],"predicted_tick":99,"role":"client","tick":99,"time_ms":3992,"wall_ms":1791536427614.0,"yaw":1.57079637050629}
S03R {"aim_yaw":1.5707963267949,"event":"input_send","index":4,"move":[-1.0,0.0],"role":"client","sample_ticks_ms":3995,"sample_wall_ms":1791536427617.0,"send_ticks_ms":3995,"send_wall_ms":1791536427617.0,"sequence":100,"time_ms":3995,"wall_ms":1791536427617.0}
S03R {"event":"prediction","history_size":22,"position":[5.91666650772095,0.00100005290005356,12.5833387374878],"predicted_tick":100,"role":"client","tick":100,"time_ms":3997,"wall_ms":1791536427620.0,"yaw":1.57079637050629}
S03R {"event":"prediction","history_size":23,"position":[5.83333301544189,0.00100005290005356,12.5833387374878],"predicted_tick":101,"role":"client","tick":101,"time_ms":4016,"wall_ms":1791536427638.0,"yaw":1.57079637050629}
S03R {"event":"state_receive","role":"client","rows":[{"entity":1,"sequence":86,"tick":249},{"entity":2,"sequence":84,"tick":249}],"time_ms":4019,"wall_ms":1791536427642.0}
S03R {"aim_yaw":0.0,"event":"keys","move":[0.0,0.0],"role":"client","tick":102,"time_ms":4023,"wall_ms":1791536427645.0}
S03R {"authority_install_error_m":0.0,"entity":1,"event":"apply","pose":{"control":1,"durable":2,"entity":1,"last_input_tick":86,"position":[0.0,0.00100011611357331,6.0],"receipt_ms":4019,"sequence":86,"tick":249,"velocity":[0.0,0.0,0.0],"yaw":0.0},"position":[0.0,0.00100011611357331,6.0],"time_ms":4025,"wall_ms":1791536427647.0,"yaw":0.0}
S03R {"ack_input_tick":84,"cause":"none","correction_m":0.0,"correction_yaw_deg":0.0,"event":"correction","history_exhausted":false,"replay_frames":17,"replay_usec":216,"role":"client","tick":102,"time_ms":4028,"wall_ms":1791536427649.0}
S03R {"authority_install_error_m":0.0,"entity":2,"event":"apply","pose":{"control":1,"durable":2,"entity":2,"last_input_tick":84,"position":[6.83333492279053,0.00100005290005356,12.5833387374878],"receipt_ms":4019,"sequence":84,"tick":249,"velocity":[0.0,0.0,0.0],"yaw":0.0},"position":[5.83333301544189,0.00100005290005356,12.5833387374878],"time_ms":4030,"wall_ms":1791536427653.0,"yaw":1.57079637050629}
S03R {"event":"prediction","history_size":18,"position":[5.83333301544189,0.00100005290005356,12.5833387374878],"predicted_tick":102,"role":"client","tick":102,"time_ms":4032,"wall_ms":1791536427655.0,"yaw":0.0}
S03R {"event":"prediction","history_size":19,"position":[5.83333301544189,0.00100005290005356,12.5833387374878],"predicted_tick":103,"role":"client","tick":103,"time_ms":4038,"wall_ms":1791536427660.0,"yaw":0.0}
S03R {"event":"prediction","history_size":20,"position":[5.83333301544189,0.00100005290005356,12.5833387374878],"predicted_tick":104,"role":"client","tick":104,"time_ms":4062,"wall_ms":1791536427685.0,"yaw":0.0}
S03R {"event":"prediction","history_size":21,"position":[5.83333301544189,0.00100005290005356,12.5833387374878],"predicted_tick":105,"role":"client","tick":105,"time_ms":4078,"wall_ms":1791536427700.0,"yaw":0.0}
S03R {"event":"prediction","history_size":22,"position":[5.83333301544189,0.00100005290005356,12.5833387374878],"predicted_tick":106,"role":"client","tick":106,"time_ms":4110,"wall_ms":1791536427733.0,"yaw":0.0}
S03R {"event":"prediction","history_size":23,"position":[5.83333301544189,0.00100005290005356,12.5833387374878],"predicted_tick":107,"role":"client","tick":107,"time_ms":4124,"wall_ms":1791536427747.0,"yaw":0.0}
S03R {"event":"state_receive","role":"client","rows":[{"entity":1,"sequence":89,"tick":252},{"entity":2,"sequence":87,"tick":252}],"time_ms":4128,"wall_ms":1791536427750.0}
S03R {"authority_install_error_m":0.0,"entity":1,"event":"apply","pose":{"control":1,"durable":2,"entity":1,"last_input_tick":89,"position":[0.0,0.00100011611357331,6.0],"receipt_ms":4127,"sequence":89,"tick":252,"velocity":[0.0,0.0,0.0],"yaw":0.0},"position":[0.0,0.00100011611357331,6.0],"time_ms":4132,"wall_ms":1791536427754.0,"yaw":0.0}
S03R {"ack_input_tick":87,"cause":"none","correction_m":0.0,"correction_yaw_deg":0.0,"event":"correction","history_exhausted":false,"replay_frames":20,"replay_usec":143,"role":"client","tick":108,"time_ms":4136,"wall_ms":1791536427758.0}
S03R {"authority_install_error_m":0.0,"entity":2,"event":"apply","pose":{"control":1,"durable":2,"entity":2,"last_input_tick":87,"position":[6.83333492279053,0.00100005290005356,12.5833387374878],"receipt_ms":4128,"sequence":87,"tick":252,"velocity":[0.0,0.0,0.0],"yaw":0.0},"position":[5.83333301544189,0.00100005290005356,12.5833387374878],"time_ms":4140,"wall_ms":1791536427762.0,"yaw":0.0}
S03R {"event":"prediction","history_size":21,"position":[5.83333301544189,0.00100005290005356,12.5833387374878],"predicted_tick":108,"role":"client","tick":108,"time_ms":4145,"wall_ms":1791536427767.0,"yaw":0.0}
S03R {"event":"prediction","history_size":22,"position":[5.83333301544189,0.00100005290005356,12.5833387374878],"predicted_tick":109,"role":"client","tick":109,"time_ms":4150,"wall_ms":1791536427772.0,"yaw":0.0}
S03R {"event":"prediction","history_size":23,"position":[5.83333301544189,0.00100005290005356,12.5833387374878],"predicted_tick":110,"role":"client","tick":110,"time_ms":4170,"wall_ms":1791536427792.0,"yaw":0.0}
S03R {"event":"state_receive","role":"client","rows":[{"entity":1,"sequence":95,"tick":258},{"entity":2,"sequence":94,"tick":258}],"time_ms":4174,"wall_ms":1791536427795.0}
S03R {"authority_install_error_m":0.0,"entity":1,"event":"apply","pose":{"control":1,"durable":2,"entity":1,"last_input_tick":95,"position":[0.0,0.00100011611357331,6.0],"receipt_ms":4174,"sequence":95,"tick":258,"velocity":[0.0,0.0,0.0],"yaw":0.0},"position":[0.0,0.00100011611357331,6.0],"time_ms":4177,"wall_ms":1791536427799.0,"yaw":0.0}
S03R {"ack_input_tick":94,"cause":"held_timing_or_delivery","correction_m":0.0833334922790527,"correction_yaw_deg":0.0,"event":"correction","history_exhausted":false,"replay_frames":16,"replay_usec":213,"role":"client","tick":111,"time_ms":4183,"wall_ms":1791536427805.0}
S03R {"authority_install_error_m":0.0,"entity":2,"event":"apply","pose":{"control":1,"durable":2,"entity":2,"last_input_tick":94,"position":[6.50000095367432,0.00100005290005356,12.5833387374878],"receipt_ms":4174,"sequence":94,"tick":258,"velocity":[-5.0,0.0,0.0],"yaw":1.57079637050629},"position":[5.91666650772095,0.00100005290005356,12.5833387374878],"time_ms":4187,"wall_ms":1791536427809.0,"yaw":0.0}
S03R {"event":"prediction","history_size":17,"position":[5.91666650772095,0.00100005290005356,12.5833387374878],"predicted_tick":111,"role":"client","tick":111,"time_ms":4191,"wall_ms":1791536427813.0,"yaw":0.0}
S03R {"event":"prediction","history_size":18,"position":[5.91666650772095,0.00100005290005356,12.5833387374878],"predicted_tick":112,"role":"client","tick":112,"time_ms":4196,"wall_ms":1791536427818.0,"yaw":0.0}
S03R {"event":"prediction","history_size":19,"position":[5.91666650772095,0.00100005290005356,12.5833387374878],"predicted_tick":113,"role":"client","tick":113,"time_ms":4216,"wall_ms":1791536427838.0,"yaw":0.0}
S03R {"event":"prediction","history_size":20,"position":[5.91666650772095,0.00100005290005356,12.5833387374878],"predicted_tick":114,"role":"client","tick":114,"time_ms":4232,"wall_ms":1791536427854.0,"yaw":0.0}
S03R {"event":"prediction","history_size":21,"position":[5.91666650772095,0.00100005290005356,12.5833387374878],"predicted_tick":115,"role":"client","tick":115,"time_ms":4247,"wall_ms":1791536427869.0,"yaw":0.0}
S03R {"event":"prediction","history_size":22,"position":[5.91666650772095,0.00100005290005356,12.5833387374878],"predicted_tick":116,"role":"client","tick":116,"time_ms":4262,"wall_ms":1791536427885.0,"yaw":0.0}
S03R {"event":"state_receive","role":"client","rows":[{"entity":1,"sequence":98,"tick":261},{"entity":2,"sequence":96,"tick":261}],"time_ms":4270,"wall_ms":1791536427893.0}
S03R {"authority_install_error_m":0.0,"entity":1,"event":"apply","pose":{"control":1,"durable":2,"entity":1,"last_input_tick":98,"position":[0.0,0.00100011611357331,6.0],"receipt_ms":4270,"sequence":98,"tick":261,"velocity":[0.0,0.0,0.0],"yaw":0.0},"position":[0.0,0.00100011611357331,6.0],"time_ms":4276,"wall_ms":1791536427898.0,"yaw":0.0}
S03R {"ack_input_tick":96,"cause":"none","correction_m":0.0,"correction_yaw_deg":0.0,"event":"correction","history_exhausted":false,"replay_frames":20,"replay_usec":328,"role":"client","tick":117,"time_ms":4281,"wall_ms":1791536427904.0}
S03R {"authority_install_error_m":0.0,"entity":2,"event":"apply","pose":{"control":1,"durable":2,"entity":2,"last_input_tick":96,"position":[6.33333396911621,0.00100005290005356,12.5833387374878],"receipt_ms":4270,"sequence":96,"tick":261,"velocity":[0.0,0.0,0.0],"yaw":1.57079637050629},"position":[5.91666650772095,0.00100005290005356,12.5833387374878],"time_ms":4285,"wall_ms":1791536427907.0,"yaw":0.0}
S03R {"event":"prediction","history_size":21,"position":[5.91666650772095,0.00100005290005356,12.5833387374878],"predicted_tick":117,"role":"client","tick":117,"time_ms":4287,"wall_ms":1791536427909.0,"yaw":0.0}
S03R {"event":"state_receive","role":"client","rows":[{"entity":1,"sequence":101,"tick":264},{"entity":2,"sequence":100,"tick":264}],"time_ms":4290,"wall_ms":1791536427913.0}
S03R {"authority_install_error_m":0.0,"entity":1,"event":"apply","pose":{"control":1,"durable":2,"entity":1,"last_input_tick":101,"position":[0.0,0.00100011611357331,6.0],"receipt_ms":4290,"sequence":101,"tick":264,"velocity":[0.0,0.0,0.0],"yaw":0.0},"position":[0.0,0.00100011611357331,6.0],"time_ms":4293,"wall_ms":1791536427916.0,"yaw":0.0}
S03R {"ack_input_tick":100,"cause":"held_timing_or_delivery","correction_m":0.166666984558105,"correction_yaw_deg":0.0,"event":"correction","history_exhausted":false,"replay_frames":17,"replay_usec":256,"role":"client","tick":118,"time_ms":4297,"wall_ms":1791536427920.0}
S03R {"authority_install_error_m":0.0,"entity":2,"event":"apply","pose":{"control":1,"durable":2,"entity":2,"last_input_tick":100,"position":[6.16666698455811,0.00100005290005356,12.5833387374878],"receipt_ms":4290,"sequence":100,"tick":264,"velocity":[-5.0,0.0,0.0],"yaw":1.57079637050629},"position":[6.08333349227905,0.00100005290005356,12.5833387374878],"time_ms":4301,"wall_ms":1791536427923.0,"yaw":0.0}
S03R {"event":"prediction","history_size":18,"position":[6.08333349227905,0.00100005290005356,12.5833387374878],"predicted_tick":118,"role":"client","tick":118,"time_ms":4305,"wall_ms":1791536427928.0,"yaw":0.0}
S03R {"event":"prediction","history_size":19,"position":[6.08333349227905,0.00100005290005356,12.5833387374878],"predicted_tick":119,"role":"client","tick":119,"time_ms":4308,"wall_ms":1791536427930.0,"yaw":0.0}
S03R {"aim_yaw":0.0,"event":"input","index":5,"move":[0.0,-1.0],"position":[6.08333349227905,0.00100005290005356,12.5833387374878],"role":"client","sequence_floor":120,"tick":120,"time_ms":4324,"wall_ms":1791536427947.0,"yaw":0.0}
S03R {"aim_yaw":0.0,"event":"keys","move":[0.0,-1.0],"role":"client","tick":120,"time_ms":4327,"wall_ms":1791536427949.0}
S03R {"aim_yaw":0.0,"event":"input_send","index":5,"move":[0.0,-1.0],"role":"client","sample_ticks_ms":4332,"sample_wall_ms":1791536427954.0,"send_ticks_ms":4332,"send_wall_ms":1791536427954.0,"sequence":120,"time_ms":4332,"wall_ms":1791536427954.0}
S03R {"event":"prediction","history_size":20,"position":[6.08333349227905,0.00100005290005356,12.5000057220459],"predicted_tick":120,"role":"client","tick":120,"time_ms":4337,"wall_ms":1791536427959.0,"yaw":0.0}
S03R {"event":"prediction","history_size":21,"position":[6.08333349227905,0.00100005290005356,12.416672706604],"predicted_tick":121,"role":"client","tick":121,"time_ms":4341,"wall_ms":1791536427964.0,"yaw":0.0}
S03R {"aim_yaw":0.0,"event":"input_send","index":5,"move":[0.0,-1.0],"role":"client","sample_ticks_ms":4355,"sample_wall_ms":1791536427977.0,"send_ticks_ms":4355,"send_wall_ms":1791536427977.0,"sequence":122,"time_ms":4355,"wall_ms":1791536427977.0}
S03R {"event":"prediction","history_size":22,"position":[6.08333349227905,0.00100005290005356,12.3333396911621],"predicted_tick":122,"role":"client","tick":122,"time_ms":4358,"wall_ms":1791536427980.0,"yaw":0.0}
S03R {"event":"state_receive","role":"client","rows":[{"entity":1,"sequence":104,"tick":267},{"entity":2,"sequence":103,"tick":267}],"time_ms":4363,"wall_ms":1791536427985.0}
S03R {"authority_install_error_m":0.0,"entity":1,"event":"apply","pose":{"control":1,"durable":2,"entity":1,"last_input_tick":104,"position":[0.0,0.00100011611357331,6.0],"receipt_ms":4363,"sequence":104,"tick":267,"velocity":[0.0,0.0,0.0],"yaw":0.0},"position":[0.0,0.00100011611357331,6.0],"time_ms":4366,"wall_ms":1791536427988.0,"yaw":0.0}
S03R {"ack_input_tick":103,"cause":"none","correction_m":0.0,"correction_yaw_deg":0.0,"event":"correction","history_exhausted":false,"replay_frames":19,"replay_usec":113,"role":"client","tick":123,"time_ms":4371,"wall_ms":1791536427992.0}
S03R {"authority_install_error_m":0.0,"entity":2,"event":"apply","pose":{"control":1,"durable":2,"entity":2,"last_input_tick":103,"position":[6.08333349227905,0.00100005290005356,12.5833387374878],"receipt_ms":4363,"sequence":103,"tick":267,"velocity":[0.0,0.0,0.0],"yaw":0.0},"position":[6.08333349227905,0.00100005290005356,12.3333396911621],"time_ms":4375,"wall_ms":1791536427997.0,"yaw":0.0}
S03R {"event":"prediction","history_size":20,"position":[6.08333349227905,0.00100005290005356,12.2500066757202],"predicted_tick":123,"role":"client","tick":123,"time_ms":4379,"wall_ms":1791536428002.0,"yaw":0.0}
S03R {"event":"state_receive","role":"client","rows":[{"entity":1,"sequence":107,"tick":270},{"entity":2,"sequence":105,"tick":270}],"time_ms":4384,"wall_ms":1791536428007.0}
S03R {"aim_yaw":0.0,"event":"input_send","index":5,"move":[0.0,-1.0],"role":"client","sample_ticks_ms":4387,"sample_wall_ms":1791536428009.0,"send_ticks_ms":4387,"send_wall_ms":1791536428010.0,"sequence":124,"time_ms":4387,"wall_ms":1791536428010.0}
S03R {"authority_install_error_m":0.0,"entity":1,"event":"apply","pose":{"control":1,"durable":2,"entity":1,"last_input_tick":107,"position":[0.0,0.00100011611357331,6.0],"receipt_ms":4384,"sequence":107,"tick":270,"velocity":[0.0,0.0,0.0],"yaw":0.0},"position":[0.0,0.00100011611357331,6.0],"time_ms":4390,"wall_ms":1791536428013.0,"yaw":0.0}
S03R {"ack_input_tick":105,"cause":"none","correction_m":0.0,"correction_yaw_deg":0.0,"event":"correction","history_exhausted":false,"replay_frames":18,"replay_usec":120,"role":"client","tick":124,"time_ms":4393,"wall_ms":1791536428014.0}
S03R {"authority_install_error_m":0.0,"entity":2,"event":"apply","pose":{"control":1,"durable":2,"entity":2,"last_input_tick":105,"position":[6.08333349227905,0.00100005290005356,12.5833387374878],"receipt_ms":4384,"sequence":105,"tick":270,"velocity":[0.0,0.0,0.0],"yaw":0.0},"position":[6.08333349227905,0.00100005290005356,12.2500066757202],"time_ms":4395,"wall_ms":1791536428018.0,"yaw":0.0}
S03R {"event":"prediction","history_size":19,"position":[6.08333349227905,0.00100005290005356,12.1666736602783],"predicted_tick":124,"role":"client","tick":124,"time_ms":4397,"wall_ms":1791536428020.0,"yaw":0.0}
S03R {"event":"prediction","history_size":20,"position":[6.08333349227905,0.00100005290005356,12.0833406448364],"predicted_tick":125,"role":"client","tick":125,"time_ms":4401,"wall_ms":1791536428023.0,"yaw":0.0}
S03R {"aim_yaw":0.0,"event":"input_send","index":5,"move":[0.0,-1.0],"role":"client","sample_ticks_ms":4419,"sample_wall_ms":1791536428041.0,"send_ticks_ms":4419,"send_wall_ms":1791536428041.0,"sequence":126,"time_ms":4419,"wall_ms":1791536428041.0}
S03R {"event":"prediction","history_size":21,"position":[6.08333349227905,0.00100005290005356,12.0000076293945],"predicted_tick":126,"role":"client","tick":126,"time_ms":4421,"wall_ms":1791536428044.0,"yaw":0.0}
S03R {"event":"prediction","history_size":22,"position":[6.08333349227905,0.00100005290005356,11.9166746139526],"predicted_tick":127,"role":"client","tick":127,"time_ms":4435,"wall_ms":1791536428057.0,"yaw":0.0}
S03R {"aim_yaw":0.0,"event":"input_send","index":5,"move":[0.0,-1.0],"role":"client","sample_ticks_ms":4466,"sample_wall_ms":1791536428089.0,"send_ticks_ms":4467,"send_wall_ms":1791536428089.0,"sequence":128,"time_ms":4467,"wall_ms":1791536428089.0}
S03R {"event":"prediction","history_size":23,"position":[6.08333349227905,0.00100005290005356,11.8333415985107],"predicted_tick":128,"role":"client","tick":128,"time_ms":4470,"wall_ms":1791536428092.0,"yaw":0.0}
S03R {"event":"state_receive","role":"client","rows":[{"entity":1,"sequence":110,"tick":273},{"entity":2,"sequence":108,"tick":273}],"time_ms":4475,"wall_ms":1791536428098.0}
S03R {"authority_install_error_m":0.0,"entity":1,"event":"apply","pose":{"control":1,"durable":2,"entity":1,"last_input_tick":110,"position":[0.0,0.00100011611357331,6.0],"receipt_ms":4475,"sequence":110,"tick":273,"velocity":[0.0,0.0,0.0],"yaw":0.0},"position":[0.0,0.00100011611357331,6.0],"time_ms":4479,"wall_ms":1791536428102.0,"yaw":0.0}
S03R {"ack_input_tick":108,"cause":"none","correction_m":0.0,"correction_yaw_deg":0.0,"event":"correction","history_exhausted":false,"replay_frames":20,"replay_usec":123,"role":"client","tick":129,"time_ms":4483,"wall_ms":1791536428105.0}
S03R {"authority_install_error_m":0.0,"entity":2,"event":"apply","pose":{"control":1,"durable":2,"entity":2,"last_input_tick":108,"position":[6.08333349227905,0.00100005290005356,12.5833387374878],"receipt_ms":4475,"sequence":108,"tick":273,"velocity":[0.0,0.0,0.0],"yaw":0.0},"position":[6.08333349227905,0.00100005290005356,11.8333415985107],"time_ms":4487,"wall_ms":1791536428110.0,"yaw":0.0}
S03R {"event":"prediction","history_size":21,"position":[6.08333349227905,0.00100005290005356,11.7500085830688],"predicted_tick":129,"role":"client","tick":129,"time_ms":4491,"wall_ms":1791536428114.0,"yaw":0.0}
S03R {"aim_yaw":0.0,"event":"input_send","index":5,"move":[0.0,-1.0],"role":"client","sample_ticks_ms":4513,"sample_wall_ms":1791536428136.0,"send_ticks_ms":4513,"send_wall_ms":1791536428136.0,"sequence":130,"time_ms":4513,"wall_ms":1791536428136.0}
S03R {"event":"prediction","history_size":22,"position":[6.08333349227905,0.00100005290005356,11.666675567627],"predicted_tick":130,"role":"client","tick":130,"time_ms":4516,"wall_ms":1791536428139.0,"yaw":0.0}
S03R {"event":"state_receive","role":"client","rows":[{"entity":1,"sequence":113,"tick":276},{"entity":2,"sequence":114,"tick":276}],"time_ms":4521,"wall_ms":1791536428144.0}
S03R {"authority_install_error_m":0.0,"entity":1,"event":"apply","pose":{"control":1,"durable":2,"entity":1,"last_input_tick":113,"position":[0.0,0.00100011611357331,6.0],"receipt_ms":4521,"sequence":113,"tick":276,"velocity":[0.0,0.0,0.0],"yaw":0.0},"position":[0.0,0.00100011611357331,6.0],"time_ms":4525,"wall_ms":1791536428148.0,"yaw":0.0}
S03R {"ack_input_tick":114,"cause":"none","correction_m":0.0,"correction_yaw_deg":0.0,"event":"correction","history_exhausted":false,"replay_frames":16,"replay_usec":123,"role":"client","tick":131,"time_ms":4529,"wall_ms":1791536428152.0}
S03R {"authority_install_error_m":0.0,"entity":2,"event":"apply","pose":{"control":1,"durable":2,"entity":2,"last_input_tick":114,"position":[6.08333349227905,0.00100005290005356,12.5833387374878],"receipt_ms":4521,"sequence":114,"tick":276,"velocity":[0.0,0.0,0.0],"yaw":0.0},"position":[6.08333349227905,0.00100005290005356,11.666675567627],"time_ms":4533,"wall_ms":1791536428155.0,"yaw":0.0}
S03R {"event":"prediction","history_size":17,"position":[6.08333349227905,0.00100005290005356,11.5833425521851],"predicted_tick":131,"role":"client","tick":131,"time_ms":4538,"wall_ms":1791536428159.0,"yaw":0.0}
S03R {"aim_yaw":0.0,"event":"keys","move":[0.0,0.0],"role":"client","tick":132,"time_ms":4542,"wall_ms":1791536428165.0}
S03R {"event":"prediction","history_size":18,"position":[6.08333349227905,0.00100005290005356,11.5833425521851],"predicted_tick":132,"role":"client","tick":132,"time_ms":4547,"wall_ms":1791536428169.0,"yaw":0.0}
S03R {"event":"prediction","history_size":19,"position":[6.08333349227905,0.00100005290005356,11.5833425521851],"predicted_tick":133,"role":"client","tick":133,"time_ms":4552,"wall_ms":1791536428174.0,"yaw":0.0}
S03R {"event":"state_receive","role":"client","rows":[{"entity":1,"sequence":116,"tick":279},{"entity":2,"sequence":116,"tick":279}],"time_ms":4556,"wall_ms":1791536428178.0}
S03R {"authority_install_error_m":0.0,"entity":1,"event":"apply","pose":{"control":1,"durable":2,"entity":1,"last_input_tick":116,"position":[0.0,0.00100011611357331,6.0],"receipt_ms":4556,"sequence":116,"tick":279,"velocity":[0.0,0.0,0.0],"yaw":0.0},"position":[0.0,0.00100011611357331,6.0],"time_ms":4560,"wall_ms":1791536428183.0,"yaw":0.0}
S03R {"ack_input_tick":116,"cause":"none","correction_m":0.0,"correction_yaw_deg":0.0,"event":"correction","history_exhausted":false,"replay_frames":17,"replay_usec":269,"role":"client","tick":134,"time_ms":4567,"wall_ms":1791536428188.0}
S03R {"authority_install_error_m":0.0,"entity":2,"event":"apply","pose":{"control":1,"durable":2,"entity":2,"last_input_tick":116,"position":[6.08333349227905,0.00100005290005356,12.5833387374878],"receipt_ms":4556,"sequence":116,"tick":279,"velocity":[0.0,0.0,0.0],"yaw":0.0},"position":[6.08333349227905,0.00100005290005356,11.5833425521851],"time_ms":4571,"wall_ms":1791536428193.0,"yaw":0.0}
S03R {"event":"prediction","history_size":18,"position":[6.08333349227905,0.00100005290005356,11.5833425521851],"predicted_tick":134,"role":"client","tick":134,"time_ms":4575,"wall_ms":1791536428198.0,"yaw":0.0}
S03R {"event":"prediction","history_size":19,"position":[6.08333349227905,0.00100005290005356,11.5833425521851],"predicted_tick":135,"role":"client","tick":135,"time_ms":4582,"wall_ms":1791536428204.0,"yaw":0.0}
S03R {"event":"prediction","history_size":20,"position":[6.08333349227905,0.00100005290005356,11.5833425521851],"predicted_tick":136,"role":"client","tick":136,"time_ms":4585,"wall_ms":1791536428207.0,"yaw":0.0}
S03R {"event":"prediction","history_size":21,"position":[6.08333349227905,0.00100005290005356,11.5833425521851],"predicted_tick":137,"role":"client","tick":137,"time_ms":4606,"wall_ms":1791536428229.0,"yaw":0.0}
S03R {"event":"prediction","history_size":22,"position":[6.08333349227905,0.00100005290005356,11.5833425521851],"predicted_tick":138,"role":"client","tick":138,"time_ms":4620,"wall_ms":1791536428243.0,"yaw":0.0}
S03R {"event":"prediction","history_size":23,"position":[6.08333349227905,0.00100005290005356,11.5833425521851],"predicted_tick":139,"role":"client","tick":139,"time_ms":4636,"wall_ms":1791536428258.0,"yaw":0.0}
S03R {"event":"prediction","history_size":24,"position":[6.08333349227905,0.00100005290005356,11.5833425521851],"predicted_tick":140,"role":"client","tick":140,"time_ms":4651,"wall_ms":1791536428274.0,"yaw":0.0}
S03R {"event":"state_receive","role":"client","rows":[{"entity":1,"sequence":119,"tick":282},{"entity":2,"sequence":121,"tick":282}],"time_ms":4655,"wall_ms":1791536428278.0}
S03R {"authority_install_error_m":0.0,"entity":1,"event":"apply","pose":{"control":1,"durable":2,"entity":1,"last_input_tick":119,"position":[0.0,0.00100011611357331,6.0],"receipt_ms":4655,"sequence":119,"tick":282,"velocity":[0.0,0.0,0.0],"yaw":0.0},"position":[0.0,0.00100011611357331,6.0],"time_ms":4669,"wall_ms":1791536428291.0,"yaw":0.0}
S03R {"ack_input_tick":121,"cause":"none","correction_m":0.0,"correction_yaw_deg":0.0,"event":"correction","history_exhausted":false,"replay_frames":19,"replay_usec":233,"role":"client","tick":141,"time_ms":4674,"wall_ms":1791536428297.0}
S03R {"authority_install_error_m":0.0,"entity":2,"event":"apply","pose":{"control":1,"durable":2,"entity":2,"last_input_tick":121,"position":[6.08333349227905,0.00100005290005356,12.416672706604],"receipt_ms":4655,"sequence":121,"tick":282,"velocity":[0.0,0.0,-5.0],"yaw":0.0},"position":[6.08333349227905,0.00100005290005356,11.5833425521851],"time_ms":4678,"wall_ms":1791536428301.0,"yaw":0.0}
S03R {"event":"prediction","history_size":20,"position":[6.08333349227905,0.00100005290005356,11.5833425521851],"predicted_tick":141,"role":"client","tick":141,"time_ms":4684,"wall_ms":1791536428307.0,"yaw":0.0}
S03R {"event":"prediction","history_size":21,"position":[6.08333349227905,0.00100005290005356,11.5833425521851],"predicted_tick":142,"role":"client","tick":142,"time_ms":4691,"wall_ms":1791536428313.0,"yaw":0.0}
S03R {"event":"state_receive","role":"client","rows":[{"entity":1,"sequence":125,"tick":288},{"entity":2,"sequence":124,"tick":288}],"time_ms":4709,"wall_ms":1791536428331.0}
S03R {"authority_install_error_m":0.0,"entity":1,"event":"apply","pose":{"control":1,"durable":2,"entity":1,"last_input_tick":125,"position":[0.0,0.00100011611357331,6.50000095367432],"receipt_ms":4709,"sequence":125,"tick":288,"velocity":[0.0,0.0,5.0],"yaw":3.14159250259399},"position":[0.0,0.00100011611357331,6.50000095367432],"time_ms":4713,"wall_ms":1791536428334.0,"yaw":3.14159250259399}
S03R {"ack_input_tick":124,"cause":"none","correction_m":0.0,"correction_yaw_deg":0.0,"event":"correction","history_exhausted":false,"replay_frames":18,"replay_usec":166,"role":"client","tick":143,"time_ms":4718,"wall_ms":1791536428341.0}
S03R {"authority_install_error_m":0.0,"entity":2,"event":"apply","pose":{"control":1,"durable":2,"entity":2,"last_input_tick":124,"position":[6.08333349227905,0.00100005290005356,12.1666736602783],"receipt_ms":4709,"sequence":124,"tick":288,"velocity":[0.0,0.0,-5.0],"yaw":0.0},"position":[6.08333349227905,0.00100005290005356,11.5833425521851],"time_ms":4723,"wall_ms":1791536428345.0,"yaw":0.0}
S03R {"event":"prediction","history_size":19,"position":[6.08333349227905,0.00100005290005356,11.5833425521851],"predicted_tick":143,"role":"client","tick":143,"time_ms":4729,"wall_ms":1791536428351.0,"yaw":0.0}
S03R {"event":"prediction","history_size":20,"position":[6.08333349227905,0.00100005290005356,11.5833425521851],"predicted_tick":144,"role":"client","tick":144,"time_ms":4734,"wall_ms":1791536428357.0,"yaw":0.0}
S03R {"event":"prediction","history_size":21,"position":[6.08333349227905,0.00100005290005356,11.5833425521851],"predicted_tick":145,"role":"client","tick":145,"time_ms":4745,"wall_ms":1791536428367.0,"yaw":0.0}
S03R {"event":"state_receive","role":"client","rows":[{"entity":1,"sequence":128,"tick":291},{"entity":2,"sequence":126,"tick":291}],"time_ms":4749,"wall_ms":1791536428371.0}
S03R {"authority_install_error_m":0.0,"entity":1,"event":"apply","pose":{"control":1,"durable":2,"entity":1,"last_input_tick":128,"position":[0.0,0.00100011611357331,6.75000143051147],"receipt_ms":4749,"sequence":128,"tick":291,"velocity":[0.0,0.0,5.0],"yaw":3.14159250259399},"position":[0.0,0.00100011611357331,6.75000143051147],"time_ms":4764,"wall_ms":1791536428387.0,"yaw":3.14159250259399}
S03R {"ack_input_tick":126,"cause":"none","correction_m":0.0,"correction_yaw_deg":0.0,"event":"correction","history_exhausted":false,"replay_frames":19,"replay_usec":146,"role":"client","tick":146,"time_ms":4772,"wall_ms":1791536428395.0}
S03R {"authority_install_error_m":0.0,"entity":2,"event":"apply","pose":{"control":1,"durable":2,"entity":2,"last_input_tick":126,"position":[6.08333349227905,0.00100005290005356,12.0000076293945],"receipt_ms":4749,"sequence":126,"tick":291,"velocity":[0.0,0.0,0.0],"yaw":0.0},"position":[6.08333349227905,0.00100005290005356,11.5833425521851],"time_ms":4778,"wall_ms":1791536428399.0,"yaw":0.0}
S03R {"event":"prediction","history_size":20,"position":[6.08333349227905,0.00100005290005356,11.5833425521851],"predicted_tick":146,"role":"client","tick":146,"time_ms":4782,"wall_ms":1791536428405.0,"yaw":0.0}
S03R {"event":"prediction","history_size":21,"position":[6.08333349227905,0.00100005290005356,11.5833425521851],"predicted_tick":147,"role":"client","tick":147,"time_ms":4790,"wall_ms":1791536428412.0,"yaw":0.0}
S03R {"event":"prediction","history_size":22,"position":[6.08333349227905,0.00100005290005356,11.5833425521851],"predicted_tick":148,"role":"client","tick":148,"time_ms":4797,"wall_ms":1791536428419.0,"yaw":0.0}
S03R {"event":"state_receive","role":"client","rows":[{"entity":1,"sequence":131,"tick":294},{"entity":2,"sequence":132,"tick":294}],"time_ms":4802,"wall_ms":1791536428424.0}
S03R {"authority_install_error_m":0.0,"entity":1,"event":"apply","pose":{"control":1,"durable":2,"entity":1,"last_input_tick":131,"position":[0.0,0.00100011611357331,7.00000190734863],"receipt_ms":4802,"sequence":131,"tick":294,"velocity":[0.0,0.0,5.0],"yaw":3.14159250259399},"position":[0.0,0.00100011611357331,7.00000190734863],"time_ms":4820,"wall_ms":1791536428443.0,"yaw":3.14159250259399}
S03R {"ack_input_tick":132,"cause":"held_timing_or_delivery","correction_m":0.416665077209473,"correction_yaw_deg":0.0,"event":"correction","history_exhausted":false,"replay_frames":16,"replay_usec":112,"role":"client","tick":149,"time_ms":4824,"wall_ms":1791536428447.0}
S03R {"authority_install_error_m":0.0,"entity":2,"event":"apply","pose":{"control":1,"durable":2,"entity":2,"last_input_tick":132,"position":[6.08333349227905,0.00100005290005356,12.0000076293945],"receipt_ms":4802,"sequence":132,"tick":294,"velocity":[0.0,0.0,0.0],"yaw":0.0},"position":[6.08333349227905,0.00100005290005356,12.0000076293945],"time_ms":4828,"wall_ms":1791536428450.0,"yaw":0.0}
S03R {"event":"prediction","history_size":17,"position":[6.08333349227905,0.00100005290005356,12.0000076293945],"predicted_tick":149,"role":"client","tick":149,"time_ms":4831,"wall_ms":1791536428453.0,"yaw":0.0}
S03R {"aim_yaw":-1.5707963267949,"event":"input","index":6,"move":[1.0,0.0],"position":[6.08333349227905,0.00100005290005356,12.0000076293945],"role":"client","sequence_floor":150,"tick":150,"time_ms":4833,"wall_ms":1791536428456.0,"yaw":0.0}
S03R {"aim_yaw":-1.5707963267949,"event":"keys","move":[1.0,0.0],"role":"client","tick":150,"time_ms":4836,"wall_ms":1791536428458.0}
S03R {"aim_yaw":-1.5707963267949,"event":"input_send","index":6,"move":[1.0,0.0],"role":"client","sample_ticks_ms":4840,"sample_wall_ms":1791536428462.0,"send_ticks_ms":4840,"send_wall_ms":1791536428462.0,"sequence":150,"time_ms":4840,"wall_ms":1791536428462.0}
S03R {"event":"prediction","history_size":18,"position":[6.16666698455811,0.00100005290005356,12.0000076293945],"predicted_tick":150,"role":"client","tick":150,"time_ms":4845,"wall_ms":1791536428467.0,"yaw":-1.57079637050629}
S03R {"event":"prediction","history_size":19,"position":[6.25000047683716,0.00100005290005356,12.0000076293945],"predicted_tick":151,"role":"client","tick":151,"time_ms":4849,"wall_ms":1791536428472.0,"yaw":-1.57079637050629}
S03R {"aim_yaw":-1.5707963267949,"event":"input_send","index":6,"move":[1.0,0.0],"role":"client","sample_ticks_ms":4866,"sample_wall_ms":1791536428489.0,"send_ticks_ms":4866,"send_wall_ms":1791536428489.0,"sequence":152,"time_ms":4866,"wall_ms":1791536428489.0}
S03R {"event":"prediction","history_size":20,"position":[6.33333396911621,0.00100005290005356,12.0000076293945],"predicted_tick":152,"role":"client","tick":152,"time_ms":4877,"wall_ms":1791536428499.0,"yaw":-1.57079637050629}
S03R {"event":"prediction","history_size":21,"position":[6.41666746139526,0.00100005290005356,12.0000076293945],"predicted_tick":153,"role":"client","tick":153,"time_ms":4882,"wall_ms":1791536428505.0,"yaw":-1.57079637050629}
S03R {"aim_yaw":-1.5707963267949,"event":"input_send","index":6,"move":[1.0,0.0],"role":"client","sample_ticks_ms":4898,"sample_wall_ms":1791536428521.0,"send_ticks_ms":4899,"send_wall_ms":1791536428521.0,"sequence":154,"time_ms":4899,"wall_ms":1791536428521.0}
S03R {"event":"prediction","history_size":22,"position":[6.50000095367432,0.00100005290005356,12.0000076293945],"predicted_tick":154,"role":"client","tick":154,"time_ms":4902,"wall_ms":1791536428524.0,"yaw":-1.57079637050629}
S03R {"event":"state_receive","role":"client","rows":[{"entity":1,"sequence":137,"tick":300},{"entity":2,"sequence":136,"tick":300}],"time_ms":4905,"wall_ms":1791536428528.0}
S03R {"authority_install_error_m":0.0,"entity":1,"event":"apply","pose":{"control":1,"durable":2,"entity":1,"last_input_tick":137,"position":[0.0,0.00100011611357331,7.50000286102295],"receipt_ms":4905,"sequence":137,"tick":300,"velocity":[0.0,0.0,5.0],"yaw":3.14159250259399},"position":[0.0,0.00100011611357331,7.50000286102295],"time_ms":4908,"wall_ms":1791536428530.0,"yaw":3.14159250259399}
S03R {"ack_input_tick":136,"cause":"none","correction_m":0.0,"correction_yaw_deg":0.0,"event":"correction","history_exhausted":false,"replay_frames":18,"replay_usec":110,"role":"client","tick":155,"time_ms":4910,"wall_ms":1791536428532.0}
S03R {"authority_install_error_m":0.0,"entity":2,"event":"apply","pose":{"control":1,"durable":2,"entity":2,"last_input_tick":136,"position":[6.08333349227905,0.00100005290005356,12.0000076293945],"receipt_ms":4905,"sequence":136,"tick":300,"velocity":[0.0,0.0,0.0],"yaw":0.0},"position":[6.50000095367432,0.00100005290005356,12.0000076293945],"time_ms":4912,"wall_ms":1791536428535.0,"yaw":-1.57079637050629}
S03R {"event":"prediction","history_size":19,"position":[6.58333444595337,0.00100005290005356,12.0000076293945],"predicted_tick":155,"role":"client","tick":155,"time_ms":4915,"wall_ms":1791536428537.0,"yaw":-1.57079637050629}
S03R {"aim_yaw":-1.5707963267949,"event":"input_send","index":6,"move":[1.0,0.0],"role":"client","sample_ticks_ms":4920,"sample_wall_ms":1791536428542.0,"send_ticks_ms":4920,"send_wall_ms":1791536428542.0,"sequence":156,"time_ms":4920,"wall_ms":1791536428542.0}
S03R {"event":"prediction","history_size":20,"position":[6.66666793823242,0.00100005290005356,12.0000076293945],"predicted_tick":156,"role":"client","tick":156,"time_ms":4925,"wall_ms":1791536428547.0,"yaw":-1.57079637050629}
S03R {"event":"state_receive","role":"client","rows":[{"entity":1,"sequence":140,"tick":303},{"entity":2,"sequence":139,"tick":303}],"time_ms":4930,"wall_ms":1791536428553.0}
S03R {"authority_install_error_m":0.0,"entity":1,"event":"apply","pose":{"control":1,"durable":2,"entity":1,"last_input_tick":140,"position":[0.0,0.00100011611357331,7.75000333786011],"receipt_ms":4930,"sequence":140,"tick":303,"velocity":[0.0,0.0,5.0],"yaw":3.14159250259399},"position":[0.0,0.00100011611357331,7.75000333786011],"time_ms":4934,"wall_ms":1791536428555.0,"yaw":3.14159250259399}
S03R {"ack_input_tick":139,"cause":"none","correction_m":0.0,"correction_yaw_deg":0.0,"event":"correction","history_exhausted":false,"replay_frames":17,"replay_usec":109,"role":"client","tick":157,"time_ms":4938,"wall_ms":1791536428561.0}
S03R {"authority_install_error_m":0.0,"entity":2,"event":"apply","pose":{"control":1,"durable":2,"entity":2,"last_input_tick":139,"position":[6.08333349227905,0.00100005290005356,12.0000076293945],"receipt_ms":4930,"sequence":139,"tick":303,"velocity":[0.0,0.0,0.0],"yaw":0.0},"position":[6.66666793823242,0.00100005290005356,12.0000076293945],"time_ms":4942,"wall_ms":1791536428564.0,"yaw":-1.57079637050629}
S03R {"event":"prediction","history_size":18,"position":[6.75000143051147,0.00100005290005356,12.0000076293945],"predicted_tick":157,"role":"client","tick":157,"time_ms":4947,"wall_ms":1791536428569.0,"yaw":-1.57079637050629}
S03R {"aim_yaw":-1.5707963267949,"event":"input_send","index":6,"move":[1.0,0.0],"role":"client","sample_ticks_ms":4952,"sample_wall_ms":1791536428574.0,"send_ticks_ms":4952,"send_wall_ms":1791536428574.0,"sequence":158,"time_ms":4952,"wall_ms":1791536428574.0}
S03R {"event":"prediction","history_size":19,"position":[6.83333492279053,0.00100005290005356,12.0000076293945],"predicted_tick":158,"role":"client","tick":158,"time_ms":4955,"wall_ms":1791536428578.0,"yaw":-1.57079637050629}
S03R {"event":"prediction","history_size":20,"position":[6.91666841506958,0.00100005290005356,12.0000076293945],"predicted_tick":159,"role":"client","tick":159,"time_ms":4978,"wall_ms":1791536428601.0,"yaw":-1.57079637050629}
S03R {"event":"state_receive","role":"client","rows":[{"entity":1,"sequence":143,"tick":306},{"entity":2,"sequence":141,"tick":306}],"time_ms":4983,"wall_ms":1791536428606.0}
S03R {"aim_yaw":-1.5707963267949,"event":"input_send","index":6,"move":[1.0,0.0],"role":"client","sample_ticks_ms":4987,"sample_wall_ms":1791536428609.0,"send_ticks_ms":4987,"send_wall_ms":1791536428609.0,"sequence":160,"time_ms":4987,"wall_ms":1791536428609.0}
S03R {"authority_install_error_m":0.0,"entity":1,"event":"apply","pose":{"control":1,"durable":2,"entity":1,"last_input_tick":143,"position":[0.0,0.00100011611357331,8.00000381469727],"receipt_ms":4983,"sequence":143,"tick":306,"velocity":[0.0,0.0,5.0],"yaw":3.14159250259399},"position":[0.0,0.00100011611357331,8.00000381469727],"time_ms":4991,"wall_ms":1791536428613.0,"yaw":3.14159250259399}
S03R {"ack_input_tick":141,"cause":"none","correction_m":0.0,"correction_yaw_deg":0.0,"event":"correction","history_exhausted":false,"replay_frames":18,"replay_usec":138,"role":"client","tick":160,"time_ms":4996,"wall_ms":1791536428618.0}
S03R {"authority_install_error_m":0.0,"entity":2,"event":"apply","pose":{"control":1,"durable":2,"entity":2,"last_input_tick":141,"position":[6.08333349227905,0.00100005290005356,12.0000076293945],"receipt_ms":4983,"sequence":141,"tick":306,"velocity":[0.0,0.0,0.0],"yaw":0.0},"position":[6.91666841506958,0.00100005290005356,12.0000076293945],"time_ms":5001,"wall_ms":1791536428624.0,"yaw":-1.57079637050629}
S03R {"event":"prediction","history_size":19,"position":[7.00000190734863,0.00100005290005356,12.0000076293945],"predicted_tick":160,"role":"client","tick":160,"time_ms":5003,"wall_ms":1791536428625.0,"yaw":-1.57079637050629}
S03R {"event":"prediction","history_size":20,"position":[7.08333539962769,0.00100005290005356,12.0000076293945],"predicted_tick":161,"role":"client","tick":161,"time_ms":5006,"wall_ms":1791536428629.0,"yaw":-1.57079637050629}
S03R {"aim_yaw":0.0,"event":"keys","move":[0.0,0.0],"role":"client","tick":162,"time_ms":5023,"wall_ms":1791536428645.0}
S03R {"event":"prediction","history_size":21,"position":[7.08333539962769,0.00100005290005356,12.0000076293945],"predicted_tick":162,"role":"client","tick":162,"time_ms":5026,"wall_ms":1791536428649.0,"yaw":0.0}
S03R {"event":"prediction","history_size":22,"position":[7.08333539962769,0.00100005290005356,12.0000076293945],"predicted_tick":163,"role":"client","tick":163,"time_ms":5039,"wall_ms":1791536428661.0,"yaw":0.0}
S03R {"event":"prediction","history_size":23,"position":[7.08333539962769,0.00100005290005356,12.0000076293945],"predicted_tick":164,"role":"client","tick":164,"time_ms":5055,"wall_ms":1791536428678.0,"yaw":0.0}
S03R {"event":"prediction","history_size":24,"position":[7.08333539962769,0.00100005290005356,12.0000076293945],"predicted_tick":165,"role":"client","tick":165,"time_ms":5070,"wall_ms":1791536428692.0,"yaw":0.0}
S03R {"event":"state_receive","role":"client","rows":[{"entity":1,"sequence":149,"tick":312},{"entity":2,"sequence":148,"tick":312}],"time_ms":5075,"wall_ms":1791536428697.0}
S03R {"authority_install_error_m":0.0,"entity":1,"event":"apply","pose":{"control":1,"durable":2,"entity":1,"last_input_tick":149,"position":[0.0,0.00100011611357331,8.50000190734863],"receipt_ms":5075,"sequence":149,"tick":312,"velocity":[0.0,0.0,5.0],"yaw":3.14159250259399},"position":[0.0,0.00100011611357331,8.50000190734863],"time_ms":5087,"wall_ms":1791536428709.0,"yaw":3.14159250259399}
S03R {"ack_input_tick":148,"cause":"none","correction_m":0.0,"correction_yaw_deg":0.0,"event":"correction","history_exhausted":false,"replay_frames":17,"replay_usec":489,"role":"client","tick":166,"time_ms":5090,"wall_ms":1791536428713.0}
S03R {"authority_install_error_m":0.0,"entity":2,"event":"apply","pose":{"control":1,"durable":2,"entity":2,"last_input_tick":148,"position":[6.08333349227905,0.00100005290005356,12.0000076293945],"receipt_ms":5075,"sequence":148,"tick":312,"velocity":[0.0,0.0,0.0],"yaw":0.0},"position":[7.08333539962769,0.00100005290005356,12.0000076293945],"time_ms":5093,"wall_ms":1791536428714.0,"yaw":0.0}
S03R {"event":"prediction","history_size":18,"position":[7.08333539962769,0.00100005290005356,12.0000076293945],"predicted_tick":166,"role":"client","tick":166,"time_ms":5095,"wall_ms":1791536428717.0,"yaw":0.0}
S03R {"event":"prediction","history_size":19,"position":[7.08333539962769,0.00100005290005356,12.0000076293945],"predicted_tick":167,"role":"client","tick":167,"time_ms":5101,"wall_ms":1791536428723.0,"yaw":0.0}
S03R {"event":"prediction","history_size":20,"position":[7.08333539962769,0.00100005290005356,12.0000076293945],"predicted_tick":168,"role":"client","tick":168,"time_ms":5121,"wall_ms":1791536428743.0,"yaw":0.0}
S03R {"event":"prediction","history_size":21,"position":[7.08333539962769,0.00100005290005356,12.0000076293945],"predicted_tick":169,"role":"client","tick":169,"time_ms":5148,"wall_ms":1791536428769.0,"yaw":0.0}
S03R {"event":"prediction","history_size":22,"position":[7.08333539962769,0.00100005290005356,12.0000076293945],"predicted_tick":170,"role":"client","tick":170,"time_ms":5154,"wall_ms":1791536428777.0,"yaw":0.0}
S03R {"event":"prediction","history_size":23,"position":[7.08333539962769,0.00100005290005356,12.0000076293945],"predicted_tick":171,"role":"client","tick":171,"time_ms":5178,"wall_ms":1791536428800.0,"yaw":0.0}
S03R {"event":"prediction","history_size":24,"position":[7.08333539962769,0.00100005290005356,12.0000076293945],"predicted_tick":172,"role":"client","tick":172,"time_ms":5194,"wall_ms":1791536428817.0,"yaw":0.0}
S03R {"event":"prediction","history_size":25,"position":[7.08333539962769,0.00100005290005356,12.0000076293945],"predicted_tick":173,"role":"client","tick":173,"time_ms":5210,"wall_ms":1791536428833.0,"yaw":0.0}
S03R {"event":"prediction","history_size":26,"position":[7.08333539962769,0.00100005290005356,12.0000076293945],"predicted_tick":174,"role":"client","tick":174,"time_ms":5224,"wall_ms":1791536428846.0,"yaw":0.0}
S03R {"event":"state_receive","role":"client","rows":[{"entity":1,"sequence":155,"tick":318},{"entity":2,"sequence":154,"tick":318}],"time_ms":5240,"wall_ms":1791536428862.0}
S03R {"authority_install_error_m":0.0,"entity":1,"event":"apply","pose":{"control":1,"durable":2,"entity":1,"last_input_tick":155,"position":[0.0,0.00100011611357331,9.0],"receipt_ms":5240,"sequence":155,"tick":318,"velocity":[0.0,0.0,5.0],"yaw":3.14159250259399},"position":[0.0,0.00100011611357331,9.0],"time_ms":5243,"wall_ms":1791536428865.0,"yaw":3.14159250259399}
S03R {"ack_input_tick":154,"cause":"held_timing_or_delivery","correction_m":0.0833334922790527,"correction_yaw_deg":0.0,"event":"correction","history_exhausted":false,"replay_frames":20,"replay_usec":248,"role":"client","tick":175,"time_ms":5248,"wall_ms":1791536428869.0}
S03R {"authority_install_error_m":0.0,"entity":2,"event":"apply","pose":{"control":1,"durable":2,"entity":2,"last_input_tick":154,"position":[6.41666746139526,0.00100005290005356,12.0000076293945],"receipt_ms":5240,"sequence":154,"tick":318,"velocity":[5.0,0.0,0.0],"yaw":-1.57079637050629},"position":[7.00000190734863,0.00100005290005356,12.0000076293945],"time_ms":5251,"wall_ms":1791536428873.0,"yaw":0.0}
S03R {"event":"prediction","history_size":21,"position":[7.00000190734863,0.00100005290005356,12.0000076293945],"predicted_tick":175,"role":"client","tick":175,"time_ms":5254,"wall_ms":1791536428877.0,"yaw":0.0}
S03R {"event":"state_receive","role":"client","rows":[{"entity":1,"sequence":158,"tick":321},{"entity":2,"sequence":160,"tick":321}],"time_ms":5257,"wall_ms":1791536428880.0}
S03R {"authority_install_error_m":0.0,"entity":1,"event":"apply","pose":{"control":1,"durable":2,"entity":1,"last_input_tick":158,"position":[0.0,0.00100011611357331,9.24999904632568],"receipt_ms":5257,"sequence":158,"tick":321,"velocity":[0.0,0.0,5.0],"yaw":3.14159250259399},"position":[0.0,0.00100011611357331,9.24999904632568],"time_ms":5271,"wall_ms":1791536428893.0,"yaw":3.14159250259399}
S03R {"ack_input_tick":160,"cause":"held_timing_or_delivery","correction_m":0.250000476837158,"correction_yaw_deg":0.0,"event":"correction","history_exhausted":false,"replay_frames":15,"replay_usec":106,"role":"client","tick":176,"time_ms":5276,"wall_ms":1791536428899.0}
S03R {"authority_install_error_m":0.0,"entity":2,"event":"apply","pose":{"control":1,"durable":2,"entity":2,"last_input_tick":160,"position":[6.66666793823242,0.00100005290005356,12.0000076293945],"receipt_ms":5257,"sequence":160,"tick":321,"velocity":[5.0,0.0,0.0],"yaw":-1.57079637050629},"position":[6.75000143051147,0.00100005290005356,12.0000076293945],"time_ms":5280,"wall_ms":1791536428902.0,"yaw":0.0}
S03R {"event":"prediction","history_size":16,"position":[6.75000143051147,0.00100005290005356,12.0000076293945],"predicted_tick":176,"role":"client","tick":176,"time_ms":5283,"wall_ms":1791536428905.0,"yaw":0.0}
S03R {"event":"state_receive","role":"client","rows":[{"entity":1,"sequence":161,"tick":324},{"entity":2,"sequence":162,"tick":324}],"time_ms":5285,"wall_ms":1791536428908.0}
S03R {"authority_install_error_m":0.0,"entity":1,"event":"apply","pose":{"control":1,"durable":2,"entity":1,"last_input_tick":161,"position":[0.0,0.00100011611357331,9.49999809265137],"receipt_ms":5285,"sequence":161,"tick":324,"velocity":[0.0,0.0,5.0],"yaw":3.14159250259399},"position":[0.0,0.00100011611357331,9.49999809265137],"time_ms":5288,"wall_ms":1791536428910.0,"yaw":3.14159250259399}
S03R {"ack_input_tick":162,"cause":"none","correction_m":0.0,"correction_yaw_deg":0.0,"event":"correction","history_exhausted":false,"replay_frames":14,"replay_usec":215,"role":"client","tick":177,"time_ms":5292,"wall_ms":1791536428915.0}
S03R {"authority_install_error_m":0.0,"entity":2,"event":"apply","pose":{"control":1,"durable":2,"entity":2,"last_input_tick":162,"position":[6.75000143051147,0.00100005290005356,12.0000076293945],"receipt_ms":5285,"sequence":162,"tick":324,"velocity":[0.0,0.0,0.0],"yaw":0.0},"position":[6.75000143051147,0.00100005290005356,12.0000076293945],"time_ms":5296,"wall_ms":1791536428918.0,"yaw":0.0}
S03R {"event":"prediction","history_size":15,"position":[6.75000143051147,0.00100005290005356,12.0000076293945],"predicted_tick":177,"role":"client","tick":177,"time_ms":5299,"wall_ms":1791536428921.0,"yaw":0.0}
S03R {"event":"prediction","history_size":16,"position":[6.75000143051147,0.00100005290005356,12.0000076293945],"predicted_tick":178,"role":"client","tick":178,"time_ms":5302,"wall_ms":1791536428924.0,"yaw":0.0}
S03R {"event":"prediction","history_size":17,"position":[6.75000143051147,0.00100005290005356,12.0000076293945],"predicted_tick":179,"role":"client","tick":179,"time_ms":5318,"wall_ms":1791536428941.0,"yaw":0.0}
S03R {"aim_yaw":0.0,"event":"input","index":7,"move":[0.0,-1.0],"position":[6.75000143051147,0.00100005290005356,12.0000076293945],"role":"client","sequence_floor":180,"tick":180,"time_ms":5322,"wall_ms":1791536428944.0,"yaw":0.0}
S03R {"aim_yaw":0.0,"event":"keys","move":[0.0,-1.0],"role":"client","tick":180,"time_ms":5324,"wall_ms":1791536428946.0}
S03R {"aim_yaw":0.0,"event":"input_send","index":7,"move":[0.0,-1.0],"role":"client","sample_ticks_ms":5327,"sample_wall_ms":1791536428949.0,"send_ticks_ms":5327,"send_wall_ms":1791536428949.0,"sequence":180,"time_ms":5327,"wall_ms":1791536428949.0}
S03R {"event":"prediction","history_size":18,"position":[6.75000143051147,0.00100005290005356,11.9166746139526],"predicted_tick":180,"role":"client","tick":180,"time_ms":5329,"wall_ms":1791536428951.0,"yaw":0.0}
S03R {"event":"prediction","history_size":19,"position":[6.75000143051147,0.00100005290005356,11.8333415985107],"predicted_tick":181,"role":"client","tick":181,"time_ms":5332,"wall_ms":1791536428954.0,"yaw":0.0}
S03R {"aim_yaw":0.0,"event":"input_send","index":7,"move":[0.0,-1.0],"role":"client","sample_ticks_ms":5348,"sample_wall_ms":1791536428971.0,"send_ticks_ms":5349,"send_wall_ms":1791536428971.0,"sequence":182,"time_ms":5349,"wall_ms":1791536428971.0}
S03R {"event":"prediction","history_size":20,"position":[6.75000143051147,0.00100005290005356,11.7500085830688],"predicted_tick":182,"role":"client","tick":182,"time_ms":5352,"wall_ms":1791536428974.0,"yaw":0.0}
S03R {"event":"prediction","history_size":21,"position":[6.75000143051147,0.00100005290005356,11.666675567627],"predicted_tick":183,"role":"client","tick":183,"time_ms":5379,"wall_ms":1791536429002.0,"yaw":0.0}
S03R {"aim_yaw":0.0,"event":"input_send","index":7,"move":[0.0,-1.0],"role":"client","sample_ticks_ms":5386,"sample_wall_ms":1791536429007.0,"send_ticks_ms":5386,"send_wall_ms":1791536429007.0,"sequence":184,"time_ms":5386,"wall_ms":1791536429007.0}
S03R {"event":"prediction","history_size":22,"position":[6.75000143051147,0.00100005290005356,11.5833425521851],"predicted_tick":184,"role":"client","tick":184,"time_ms":5388,"wall_ms":1791536429011.0,"yaw":0.0}
S03R {"event":"state_receive","role":"client","rows":[{"entity":1,"sequence":164,"tick":327},{"entity":2,"sequence":164,"tick":327}],"time_ms":5391,"wall_ms":1791536429014.0}
S03R {"authority_install_error_m":0.0,"entity":1,"event":"apply","pose":{"control":1,"durable":2,"entity":1,"last_input_tick":164,"position":[0.0,0.00100011611357331,9.74999713897705],"receipt_ms":5391,"sequence":164,"tick":327,"velocity":[0.0,0.0,5.0],"yaw":3.14159250259399},"position":[0.0,0.00100011611357331,9.74999713897705],"time_ms":5410,"wall_ms":1791536429032.0,"yaw":3.14159250259399}
S03R {"ack_input_tick":164,"cause":"none","correction_m":0.0,"correction_yaw_deg":0.0,"event":"correction","history_exhausted":false,"replay_frames":20,"replay_usec":263,"role":"client","tick":185,"time_ms":5414,"wall_ms":1791536429037.0}
S03R {"authority_install_error_m":0.0,"entity":2,"event":"apply","pose":{"control":1,"durable":2,"entity":2,"last_input_tick":164,"position":[6.75000143051147,0.00100005290005356,12.0000076293945],"receipt_ms":5391,"sequence":164,"tick":327,"velocity":[0.0,0.0,0.0],"yaw":0.0},"position":[6.75000143051147,0.00100005290005356,11.5833425521851],"time_ms":5417,"wall_ms":1791536429038.0,"yaw":0.0}
S03R {"event":"prediction","history_size":21,"position":[6.75000143051147,0.00100005290005356,11.5000095367432],"predicted_tick":185,"role":"client","tick":185,"time_ms":5419,"wall_ms":1791536429041.0,"yaw":0.0}
S03R {"event":"state_receive","role":"client","rows":[{"entity":1,"sequence":167,"tick":330},{"entity":2,"sequence":167,"tick":330}],"time_ms":5422,"wall_ms":1791536429045.0}
S03R {"event":"state_receive","role":"client","rows":[{"entity":1,"sequence":170,"tick":333},{"entity":2,"sequence":168,"tick":333}],"time_ms":5424,"wall_ms":1791536429047.0}
S03R {"aim_yaw":0.0,"event":"input_send","index":7,"move":[0.0,-1.0],"role":"client","sample_ticks_ms":5427,"sample_wall_ms":1791536429049.0,"send_ticks_ms":5427,"send_wall_ms":1791536429049.0,"sequence":186,"time_ms":5427,"wall_ms":1791536429049.0}
S03R {"authority_install_error_m":0.0,"entity":1,"event":"apply","pose":{"control":1,"durable":2,"entity":1,"last_input_tick":170,"position":[0.0,0.00100011611357331,10.2499952316284],"receipt_ms":5424,"sequence":170,"tick":333,"velocity":[0.0,0.0,5.0],"yaw":3.14159250259399},"position":[0.0,0.00100011611357331,10.2499952316284],"time_ms":5431,"wall_ms":1791536429054.0,"yaw":3.14159250259399}
S03R {"ack_input_tick":168,"cause":"none","correction_m":0.0,"correction_yaw_deg":0.0,"event":"correction","history_exhausted":false,"replay_frames":17,"replay_usec":193,"role":"client","tick":186,"time_ms":5436,"wall_ms":1791536429058.0}
S03R {"authority_install_error_m":0.0,"entity":2,"event":"apply","pose":{"control":1,"durable":2,"entity":2,"last_input_tick":168,"position":[6.75000143051147,0.00100005290005356,12.0000076293945],"receipt_ms":5424,"sequence":168,"tick":333,"velocity":[0.0,0.0,0.0],"yaw":0.0},"position":[6.75000143051147,0.00100005290005356,11.5000095367432],"time_ms":5440,"wall_ms":1791536429061.0,"yaw":0.0}
S03R {"event":"prediction","history_size":18,"position":[6.75000143051147,0.00100005290005356,11.4166765213013],"predicted_tick":186,"role":"client","tick":186,"time_ms":5445,"wall_ms":1791536429067.0,"yaw":0.0}
S03R {"event":"prediction","history_size":19,"position":[6.75000143051147,0.00100005290005356,11.3333435058594],"predicted_tick":187,"role":"client","tick":187,"time_ms":5449,"wall_ms":1791536429072.0,"yaw":0.0}
S03R {"aim_yaw":0.0,"event":"input_send","index":7,"move":[0.0,-1.0],"role":"client","sample_ticks_ms":5456,"sample_wall_ms":1791536429078.0,"send_ticks_ms":5456,"send_wall_ms":1791536429078.0,"sequence":188,"time_ms":5456,"wall_ms":1791536429078.0}
S03R {"event":"prediction","history_size":20,"position":[6.75000143051147,0.00100005290005356,11.2500104904175],"predicted_tick":188,"role":"client","tick":188,"time_ms":5459,"wall_ms":1791536429081.0,"yaw":0.0}
S03R {"event":"prediction","history_size":21,"position":[6.75000143051147,0.00100005290005356,11.1666774749756],"predicted_tick":189,"role":"client","tick":189,"time_ms":5472,"wall_ms":1791536429095.0,"yaw":0.0}
S03R {"event":"state_receive","role":"client","rows":[{"entity":1,"sequence":173,"tick":336},{"entity":2,"sequence":170,"tick":336}],"time_ms":5477,"wall_ms":1791536429099.0}
S03R {"aim_yaw":0.0,"event":"input_send","index":7,"move":[0.0,-1.0],"role":"client","sample_ticks_ms":5487,"sample_wall_ms":1791536429110.0,"send_ticks_ms":5488,"send_wall_ms":1791536429110.0,"sequence":190,"time_ms":5488,"wall_ms":1791536429110.0}
S03R {"authority_install_error_m":0.0,"entity":1,"event":"apply","pose":{"control":1,"durable":2,"entity":1,"last_input_tick":173,"position":[0.0,0.00100011611357331,10.4999942779541],"receipt_ms":5477,"sequence":173,"tick":336,"velocity":[0.0,0.0,5.0],"yaw":3.14159250259399},"position":[0.0,0.00100011611357331,10.4999942779541],"time_ms":5491,"wall_ms":1791536429113.0,"yaw":3.14159250259399}
S03R {"ack_input_tick":170,"cause":"none","correction_m":0.0,"correction_yaw_deg":0.0,"event":"correction","history_exhausted":false,"replay_frames":19,"replay_usec":133,"role":"client","tick":190,"time_ms":5495,"wall_ms":1791536429117.0}
S03R {"authority_install_error_m":0.0,"entity":2,"event":"apply","pose":{"control":1,"durable":2,"entity":2,"last_input_tick":170,"position":[6.75000143051147,0.00100005290005356,12.0000076293945],"receipt_ms":5477,"sequence":170,"tick":336,"velocity":[0.0,0.0,0.0],"yaw":0.0},"position":[6.75000143051147,0.00100005290005356,11.1666774749756],"time_ms":5499,"wall_ms":1791536429122.0,"yaw":0.0}
S03R {"event":"prediction","history_size":20,"position":[6.75000143051147,0.00100005290005356,11.0833444595337],"predicted_tick":190,"role":"client","tick":190,"time_ms":5503,"wall_ms":1791536429126.0,"yaw":0.0}
S03R {"event":"prediction","history_size":21,"position":[6.75000143051147,0.00100005290005356,11.0000114440918],"predicted_tick":191,"role":"client","tick":191,"time_ms":5508,"wall_ms":1791536429131.0,"yaw":0.0}
S03R {"aim_yaw":0.0,"event":"keys","move":[0.0,0.0],"role":"client","tick":192,"time_ms":5534,"wall_ms":1791536429157.0}
S03R {"event":"prediction","history_size":22,"position":[6.75000143051147,0.00100005290005356,11.0000114440918],"predicted_tick":192,"role":"client","tick":192,"time_ms":5538,"wall_ms":1791536429161.0,"yaw":0.0}
S03R {"event":"prediction","history_size":23,"position":[6.75000143051147,0.00100005290005356,11.0000114440918],"predicted_tick":193,"role":"client","tick":193,"time_ms":5543,"wall_ms":1791536429165.0,"yaw":0.0}
S03R {"event":"prediction","history_size":24,"position":[6.75000143051147,0.00100005290005356,11.0000114440918],"predicted_tick":194,"role":"client","tick":194,"time_ms":5550,"wall_ms":1791536429172.0,"yaw":0.0}
S03R {"event":"prediction","history_size":25,"position":[6.75000143051147,0.00100005290005356,11.0000114440918],"predicted_tick":195,"role":"client","tick":195,"time_ms":5565,"wall_ms":1791536429188.0,"yaw":0.0}
S03R {"event":"state_receive","role":"client","rows":[{"entity":1,"sequence":179,"tick":342},{"entity":2,"sequence":176,"tick":342}],"time_ms":5581,"wall_ms":1791536429203.0}
S03R {"authority_install_error_m":0.0,"entity":1,"event":"apply","pose":{"control":1,"durable":2,"entity":1,"last_input_tick":179,"position":[0.0,0.00100011611357331,10.9999923706055],"receipt_ms":5580,"sequence":179,"tick":342,"velocity":[0.0,0.0,5.0],"yaw":3.14159250259399},"position":[0.0,0.00100011611357331,10.9999923706055],"time_ms":5586,"wall_ms":1791536429208.0,"yaw":3.14159250259399}
S03R {"ack_input_tick":176,"cause":"none","correction_m":0.0,"correction_yaw_deg":0.0,"event":"correction","history_exhausted":false,"replay_frames":19,"replay_usec":122,"role":"client","tick":196,"time_ms":5590,"wall_ms":1791536429212.0}
S03R {"authority_install_error_m":0.0,"entity":2,"event":"apply","pose":{"control":1,"durable":2,"entity":2,"last_input_tick":176,"position":[6.75000143051147,0.00100005290005356,12.0000076293945],"receipt_ms":5580,"sequence":176,"tick":342,"velocity":[0.0,0.0,0.0],"yaw":0.0},"position":[6.75000143051147,0.00100005290005356,11.0000114440918],"time_ms":5594,"wall_ms":1791536429216.0,"yaw":0.0}
S03R {"event":"prediction","history_size":20,"position":[6.75000143051147,0.00100005290005356,11.0000114440918],"predicted_tick":196,"role":"client","tick":196,"time_ms":5598,"wall_ms":1791536429221.0,"yaw":0.0}
S03R {"event":"prediction","history_size":21,"position":[6.75000143051147,0.00100005290005356,11.0000114440918],"predicted_tick":197,"role":"client","tick":197,"time_ms":5601,"wall_ms":1791536429224.0,"yaw":0.0}
S03R {"event":"prediction","history_size":22,"position":[6.75000143051147,0.00100005290005356,11.0000114440918],"predicted_tick":198,"role":"client","tick":198,"time_ms":5628,"wall_ms":1791536429251.0,"yaw":0.0}
S03R {"event":"prediction","history_size":23,"position":[6.75000143051147,0.00100005290005356,11.0000114440918],"predicted_tick":199,"role":"client","tick":199,"time_ms":5643,"wall_ms":1791536429265.0,"yaw":0.0}
S03R {"event":"state_receive","role":"client","rows":[{"entity":1,"sequence":182,"tick":345},{"entity":2,"sequence":184,"tick":345}],"time_ms":5646,"wall_ms":1791536429268.0}
S03R {"authority_install_error_m":0.0,"entity":1,"event":"apply","pose":{"control":1,"durable":2,"entity":1,"last_input_tick":182,"position":[0.0,0.00100011611357331,10.9999923706055],"receipt_ms":5646,"sequence":182,"tick":345,"velocity":[0.0,0.0,0.0],"yaw":0.0},"position":[0.0,0.00100011611357331,10.9999923706055],"time_ms":5650,"wall_ms":1791536429272.0,"yaw":0.0}
S03R {"ack_input_tick":184,"cause":"held_timing_or_delivery","correction_m":0.333332061767578,"correction_yaw_deg":0.0,"event":"correction","history_exhausted":false,"replay_frames":15,"replay_usec":153,"role":"client","tick":200,"time_ms":5654,"wall_ms":1791536429276.0}
S03R {"authority_install_error_m":0.0,"entity":2,"event":"apply","pose":{"control":1,"durable":2,"entity":2,"last_input_tick":184,"position":[6.75000143051147,0.00100005290005356,11.9166746139526],"receipt_ms":5646,"sequence":184,"tick":345,"velocity":[0.0,0.0,-5.0],"yaw":0.0},"position":[6.75000143051147,0.00100005290005356,11.3333435058594],"time_ms":5656,"wall_ms":1791536429278.0,"yaw":0.0}
S03R {"event":"prediction","history_size":16,"position":[6.75000143051147,0.00100005290005356,11.3333435058594],"predicted_tick":200,"role":"client","tick":200,"time_ms":5659,"wall_ms":1791536429282.0,"yaw":0.0}
S03R {"event":"state_receive","role":"client","rows":[{"entity":1,"sequence":185,"tick":348},{"entity":2,"sequence":186,"tick":348}],"time_ms":5665,"wall_ms":1791536429287.0}
S03R {"authority_install_error_m":0.0,"entity":1,"event":"apply","pose":{"control":1,"durable":2,"entity":1,"last_input_tick":185,"position":[0.0,0.00100011611357331,10.9999923706055],"receipt_ms":5665,"sequence":185,"tick":348,"velocity":[0.0,0.0,0.0],"yaw":0.0},"position":[0.0,0.00100011611357331,10.9999923706055],"time_ms":5669,"wall_ms":1791536429291.0,"yaw":0.0}
S03R {"ack_input_tick":186,"cause":"none","correction_m":0.0,"correction_yaw_deg":0.0,"event":"correction","history_exhausted":false,"replay_frames":14,"replay_usec":197,"role":"client","tick":201,"time_ms":5673,"wall_ms":1791536429295.0}
S03R {"authority_install_error_m":0.0,"entity":2,"event":"apply","pose":{"control":1,"durable":2,"entity":2,"last_input_tick":186,"position":[6.75000143051147,0.00100005290005356,11.7500085830688],"receipt_ms":5665,"sequence":186,"tick":348,"velocity":[0.0,0.0,0.0],"yaw":0.0},"position":[6.75000143051147,0.00100005290005356,11.3333435058594],"time_ms":5678,"wall_ms":1791536429299.0,"yaw":0.0}
S03R {"event":"prediction","history_size":15,"position":[6.75000143051147,0.00100005290005356,11.3333435058594],"predicted_tick":201,"role":"client","tick":201,"time_ms":5682,"wall_ms":1791536429305.0,"yaw":0.0}
S03R {"event":"prediction","history_size":16,"position":[6.75000143051147,0.00100005290005356,11.3333435058594],"predicted_tick":202,"role":"client","tick":202,"time_ms":5687,"wall_ms":1791536429310.0,"yaw":0.0}
S03R {"event":"prediction","history_size":17,"position":[6.75000143051147,0.00100005290005356,11.3333435058594],"predicted_tick":203,"role":"client","tick":203,"time_ms":5704,"wall_ms":1791536429326.0,"yaw":0.0}
S03R {"event":"prediction","history_size":18,"position":[6.75000143051147,0.00100005290005356,11.3333435058594],"predicted_tick":204,"role":"client","tick":204,"time_ms":5720,"wall_ms":1791536429342.0,"yaw":0.0}
S03R {"event":"prediction","history_size":19,"position":[6.75000143051147,0.00100005290005356,11.3333435058594],"predicted_tick":205,"role":"client","tick":205,"time_ms":5735,"wall_ms":1791536429357.0,"yaw":0.0}
S03R {"event":"state_receive","role":"client","rows":[{"entity":1,"sequence":188,"tick":351},{"entity":2,"sequence":186,"tick":351}],"time_ms":5749,"wall_ms":1791536429371.0}
S03R {"authority_install_error_m":0.0,"entity":1,"event":"apply","pose":{"control":1,"durable":2,"entity":1,"last_input_tick":188,"position":[0.0,0.00100011611357331,10.9999923706055],"receipt_ms":5749,"sequence":188,"tick":351,"velocity":[0.0,0.0,0.0],"yaw":0.0},"position":[0.0,0.00100011611357331,10.9999923706055],"time_ms":5753,"wall_ms":1791536429376.0,"yaw":0.0}
S03R {"ack_input_tick":186,"cause":"none","correction_m":0.0,"correction_yaw_deg":0.0,"event":"correction","history_exhausted":false,"replay_frames":19,"replay_usec":117,"role":"client","tick":206,"time_ms":5757,"wall_ms":1791536429379.0}
S03R {"authority_install_error_m":0.0,"entity":2,"event":"apply","pose":{"control":1,"durable":2,"entity":2,"last_input_tick":186,"position":[6.75000143051147,0.00100005290005356,11.7500085830688],"receipt_ms":5749,"sequence":186,"tick":351,"velocity":[0.0,0.0,0.0],"yaw":0.0},"position":[6.75000143051147,0.00100005290005356,11.3333435058594],"time_ms":5761,"wall_ms":1791536429383.0,"yaw":0.0}
S03R {"event":"prediction","history_size":20,"position":[6.75000143051147,0.00100005290005356,11.3333435058594],"predicted_tick":206,"role":"client","tick":206,"time_ms":5766,"wall_ms":1791536429388.0,"yaw":0.0}
S03R {"event":"prediction","history_size":21,"position":[6.75000143051147,0.00100005290005356,11.3333435058594],"predicted_tick":207,"role":"client","tick":207,"time_ms":5771,"wall_ms":1791536429394.0,"yaw":0.0}
S03R {"event":"prediction","history_size":22,"position":[6.75000143051147,0.00100005290005356,11.3333435058594],"predicted_tick":208,"role":"client","tick":208,"time_ms":5796,"wall_ms":1791536429419.0,"yaw":0.0}
S03R {"event":"state_receive","role":"client","rows":[{"entity":1,"sequence":191,"tick":354},{"entity":2,"sequence":188,"tick":354}],"time_ms":5801,"wall_ms":1791536429424.0}
S03R {"event":"state_receive","role":"client","rows":[{"entity":1,"sequence":194,"tick":357},{"entity":2,"sequence":193,"tick":357}],"time_ms":5805,"wall_ms":1791536429427.0}
S03R {"authority_install_error_m":0.0,"entity":1,"event":"apply","pose":{"control":1,"durable":2,"entity":1,"last_input_tick":194,"position":[0.0,0.00100011611357331,10.9999923706055],"receipt_ms":5805,"sequence":194,"tick":357,"velocity":[0.0,0.0,0.0],"yaw":0.0},"position":[0.0,0.00100011611357331,10.9999923706055],"time_ms":5809,"wall_ms":1791536429431.0,"yaw":0.0}
S03R {"ack_input_tick":193,"cause":"held_timing_or_delivery","correction_m":0.166666030883789,"correction_yaw_deg":0.0,"event":"correction","history_exhausted":false,"replay_frames":15,"replay_usec":248,"role":"client","tick":209,"time_ms":5816,"wall_ms":1791536429438.0}
S03R {"authority_install_error_m":0.0,"entity":2,"event":"apply","pose":{"control":1,"durable":2,"entity":2,"last_input_tick":193,"position":[6.75000143051147,0.00100005290005356,11.5000095367432],"receipt_ms":5805,"sequence":193,"tick":357,"velocity":[0.0,0.0,0.0],"yaw":0.0},"position":[6.75000143051147,0.00100005290005356,11.5000095367432],"time_ms":5821,"wall_ms":1791536429443.0,"yaw":0.0}
S03R {"event":"prediction","history_size":16,"position":[6.75000143051147,0.00100005290005356,11.5000095367432],"predicted_tick":209,"role":"client","tick":209,"time_ms":5823,"wall_ms":1791536429445.0,"yaw":0.0}
S03R {"aim_yaw":1.5707963267949,"event":"input","index":8,"move":[-1.0,0.0],"position":[6.75000143051147,0.00100005290005356,11.5000095367432],"role":"client","sequence_floor":210,"tick":210,"time_ms":5827,"wall_ms":1791536429449.0,"yaw":0.0}
S03R {"aim_yaw":1.5707963267949,"event":"keys","move":[-1.0,0.0],"role":"client","tick":210,"time_ms":5829,"wall_ms":1791536429452.0}
S03R {"aim_yaw":1.5707963267949,"event":"input_send","index":8,"move":[-1.0,0.0],"role":"client","sample_ticks_ms":5834,"sample_wall_ms":1791536429456.0,"send_ticks_ms":5834,"send_wall_ms":1791536429457.0,"sequence":210,"time_ms":5834,"wall_ms":1791536429457.0}
S03R {"event":"prediction","history_size":17,"position":[6.66666793823242,0.00100005290005356,11.5000095367432],"predicted_tick":210,"role":"client","tick":210,"time_ms":5838,"wall_ms":1791536429461.0,"yaw":1.57079637050629}
S03R {"event":"prediction","history_size":18,"position":[6.58333444595337,0.00100005290005356,11.5000095367432],"predicted_tick":211,"role":"client","tick":211,"time_ms":5842,"wall_ms":1791536429464.0,"yaw":1.57079637050629}
S03R {"aim_yaw":1.5707963267949,"event":"input_send","index":8,"move":[-1.0,0.0],"role":"client","sample_ticks_ms":5857,"sample_wall_ms":1791536429480.0,"send_ticks_ms":5857,"send_wall_ms":1791536429480.0,"sequence":212,"time_ms":5857,"wall_ms":1791536429480.0}
S03R {"event":"prediction","history_size":19,"position":[6.50000095367432,0.00100005290005356,11.5000095367432],"predicted_tick":212,"role":"client","tick":212,"time_ms":5862,"wall_ms":1791536429485.0,"yaw":1.57079637050629}
S03R {"event":"prediction","history_size":20,"position":[6.41666746139526,0.00100005290005356,11.5000095367432],"predicted_tick":213,"role":"client","tick":213,"time_ms":5873,"wall_ms":1791536429495.0,"yaw":1.57079637050629}
S03R {"event":"state_receive","role":"client","rows":[{"entity":1,"sequence":197,"tick":360},{"entity":2,"sequence":198,"tick":360}],"time_ms":5888,"wall_ms":1791536429510.0}
S03R {"aim_yaw":1.5707963267949,"event":"input_send","index":8,"move":[-1.0,0.0],"role":"client","sample_ticks_ms":5893,"sample_wall_ms":1791536429515.0,"send_ticks_ms":5893,"send_wall_ms":1791536429516.0,"sequence":214,"time_ms":5893,"wall_ms":1791536429516.0}
S03R {"authority_install_error_m":0.0,"entity":1,"event":"apply","pose":{"control":1,"durable":2,"entity":1,"last_input_tick":197,"position":[0.0,0.00100011611357331,10.9999923706055],"receipt_ms":5888,"sequence":197,"tick":360,"velocity":[0.0,0.0,0.0],"yaw":0.0},"position":[0.0,0.00100011611357331,10.9999923706055],"time_ms":5897,"wall_ms":1791536429519.0,"yaw":0.0}
S03R {"ack_input_tick":198,"cause":"none","correction_m":0.0,"correction_yaw_deg":0.0,"event":"correction","history_exhausted":false,"replay_frames":15,"replay_usec":151,"role":"client","tick":214,"time_ms":5901,"wall_ms":1791536429524.0}
S03R {"authority_install_error_m":0.0,"entity":2,"event":"apply","pose":{"control":1,"durable":2,"entity":2,"last_input_tick":198,"position":[6.75000143051147,0.00100005290005356,11.5000095367432],"receipt_ms":5888,"sequence":198,"tick":360,"velocity":[0.0,0.0,0.0],"yaw":0.0},"position":[6.41666746139526,0.00100005290005356,11.5000095367432],"time_ms":5905,"wall_ms":1791536429528.0,"yaw":1.57079637050629}
S03R {"event":"prediction","history_size":16,"position":[6.33333396911621,0.00100005290005356,11.5000095367432],"predicted_tick":214,"role":"client","tick":214,"time_ms":5910,"wall_ms":1791536429532.0,"yaw":1.57079637050629}
S03R {"event":"prediction","history_size":17,"position":[6.25000047683716,0.00100005290005356,11.5000095367432],"predicted_tick":215,"role":"client","tick":215,"time_ms":5915,"wall_ms":1791536429537.0,"yaw":1.57079637050629}
S03R {"aim_yaw":1.5707963267949,"event":"input_send","index":8,"move":[-1.0,0.0],"role":"client","sample_ticks_ms":5935,"sample_wall_ms":1791536429557.0,"send_ticks_ms":5935,"send_wall_ms":1791536429558.0,"sequence":216,"time_ms":5935,"wall_ms":1791536429558.0}
S03R {"event":"prediction","history_size":18,"position":[6.16666698455811,0.00100005290005356,11.5000095367432],"predicted_tick":216,"role":"client","tick":216,"time_ms":5938,"wall_ms":1791536429561.0,"yaw":1.57079637050629}
S03R {"event":"state_receive","role":"client","rows":[{"entity":1,"sequence":200,"tick":363},{"entity":2,"sequence":201,"tick":363}],"time_ms":5943,"wall_ms":1791536429566.0}
S03R {"authority_install_error_m":0.0,"entity":1,"event":"apply","pose":{"control":1,"durable":2,"entity":1,"last_input_tick":200,"position":[0.0,0.00100011611357331,10.9999923706055],"receipt_ms":5943,"sequence":200,"tick":363,"velocity":[0.0,0.0,0.0],"yaw":0.0},"position":[0.0,0.00100011611357331,10.9999923706055],"time_ms":5947,"wall_ms":1791536429569.0,"yaw":0.0}
S03R {"ack_input_tick":201,"cause":"none","correction_m":0.0,"correction_yaw_deg":0.0,"event":"correction","history_exhausted":false,"replay_frames":15,"replay_usec":1315,"role":"client","tick":217,"time_ms":5951,"wall_ms":1791536429573.0}
S03R {"authority_install_error_m":0.0,"entity":2,"event":"apply","pose":{"control":1,"durable":2,"entity":2,"last_input_tick":201,"position":[6.75000143051147,0.00100005290005356,11.5000095367432],"receipt_ms":5943,"sequence":201,"tick":363,"velocity":[0.0,0.0,0.0],"yaw":0.0},"position":[6.16666698455811,0.00100005290005356,11.5000095367432],"time_ms":5953,"wall_ms":1791536429576.0,"yaw":1.57079637050629}
S03R {"event":"prediction","history_size":16,"position":[6.08333349227905,0.00100005290005356,11.5000095367432],"predicted_tick":217,"role":"client","tick":217,"time_ms":5956,"wall_ms":1791536429577.0,"yaw":1.57079637050629}
S03R {"aim_yaw":1.5707963267949,"event":"input_send","index":8,"move":[-1.0,0.0],"role":"client","sample_ticks_ms":5961,"sample_wall_ms":1791536429584.0,"send_ticks_ms":5961,"send_wall_ms":1791536429584.0,"sequence":218,"time_ms":5961,"wall_ms":1791536429584.0}
S03R {"event":"prediction","history_size":17,"position":[6.0,0.00100005290005356,11.5000095367432],"predicted_tick":218,"role":"client","tick":218,"time_ms":5964,"wall_ms":1791536429586.0,"yaw":1.57079637050629}
S03R {"event":"prediction","history_size":18,"position":[5.91666650772095,0.00100005290005356,11.5000095367432],"predicted_tick":219,"role":"client","tick":219,"time_ms":5981,"wall_ms":1791536429603.0,"yaw":1.57079637050629}
S03R {"aim_yaw":1.5707963267949,"event":"input_send","index":8,"move":[-1.0,0.0],"role":"client","sample_ticks_ms":5989,"sample_wall_ms":1791536429612.0,"send_ticks_ms":5990,"send_wall_ms":1791536429612.0,"sequence":220,"time_ms":5990,"wall_ms":1791536429612.0}
S03R {"event":"prediction","history_size":19,"position":[5.83333301544189,0.00100005290005356,11.5000095367432],"predicted_tick":220,"role":"client","tick":220,"time_ms":5992,"wall_ms":1791536429615.0,"yaw":1.57079637050629}
S03R {"event":"state_receive","role":"client","rows":[{"entity":1,"sequence":203,"tick":366},{"entity":2,"sequence":203,"tick":366}],"time_ms":5995,"wall_ms":1791536429618.0}
S03R {"authority_install_error_m":0.0,"entity":1,"event":"apply","pose":{"control":1,"durable":2,"entity":1,"last_input_tick":203,"position":[0.0,0.00100011611357331,10.9999923706055],"receipt_ms":5995,"sequence":203,"tick":366,"velocity":[0.0,0.0,0.0],"yaw":0.0},"position":[0.0,0.00100011611357331,10.9999923706055],"time_ms":6012,"wall_ms":1791536429634.0,"yaw":0.0}
S03R {"ack_input_tick":203,"cause":"none","correction_m":0.0,"correction_yaw_deg":0.0,"event":"correction","history_exhausted":false,"replay_frames":17,"replay_usec":231,"role":"client","tick":221,"time_ms":6016,"wall_ms":1791536429638.0}
S03R {"authority_install_error_m":0.0,"entity":2,"event":"apply","pose":{"control":1,"durable":2,"entity":2,"last_input_tick":203,"position":[6.75000143051147,0.00100005290005356,11.5000095367432],"receipt_ms":5995,"sequence":203,"tick":366,"velocity":[0.0,0.0,0.0],"yaw":0.0},"position":[5.83333301544189,0.00100005290005356,11.5000095367432],"time_ms":6018,"wall_ms":1791536429640.0,"yaw":1.57079637050629}
S03R {"event":"prediction","history_size":18,"position":[5.74999952316284,0.00100005290005356,11.5000095367432],"predicted_tick":221,"role":"client","tick":221,"time_ms":6020,"wall_ms":1791536429643.0,"yaw":1.57079637050629}
S03R {"aim_yaw":0.0,"event":"keys","move":[0.0,0.0],"role":"client","tick":222,"time_ms":6024,"wall_ms":1791536429646.0}
S03R {"event":"prediction","history_size":19,"position":[5.74999952316284,0.00100005290005356,11.5000095367432],"predicted_tick":222,"role":"client","tick":222,"time_ms":6026,"wall_ms":1791536429649.0,"yaw":0.0}
S03R {"event":"prediction","history_size":20,"position":[5.74999952316284,0.00100005290005356,11.5000095367432],"predicted_tick":223,"role":"client","tick":223,"time_ms":6033,"wall_ms":1791536429656.0,"yaw":0.0}
S03R {"event":"state_receive","role":"client","rows":[{"entity":1,"sequence":206,"tick":369},{"entity":2,"sequence":205,"tick":369}],"time_ms":6038,"wall_ms":1791536429660.0}
S03R {"authority_install_error_m":0.0,"entity":1,"event":"apply","pose":{"control":1,"durable":2,"entity":1,"last_input_tick":206,"position":[0.0,0.00100011611357331,10.9999923706055],"receipt_ms":6038,"sequence":206,"tick":369,"velocity":[0.0,0.0,0.0],"yaw":0.0},"position":[0.0,0.00100011611357331,10.9999923706055],"time_ms":6060,"wall_ms":1791536429682.0,"yaw":0.0}
S03R {"ack_input_tick":205,"cause":"none","correction_m":0.0,"correction_yaw_deg":0.0,"event":"correction","history_exhausted":false,"replay_frames":18,"replay_usec":123,"role":"client","tick":224,"time_ms":6063,"wall_ms":1791536429685.0}
S03R {"authority_install_error_m":0.0,"entity":2,"event":"apply","pose":{"control":1,"durable":2,"entity":2,"last_input_tick":205,"position":[6.75000143051147,0.00100005290005356,11.5000095367432],"receipt_ms":6038,"sequence":205,"tick":369,"velocity":[0.0,0.0,0.0],"yaw":0.0},"position":[5.74999952316284,0.00100005290005356,11.5000095367432],"time_ms":6067,"wall_ms":1791536429689.0,"yaw":0.0}
S03R {"event":"prediction","history_size":19,"position":[5.74999952316284,0.00100005290005356,11.5000095367432],"predicted_tick":224,"role":"client","tick":224,"time_ms":6072,"wall_ms":1791536429694.0,"yaw":0.0}
S03R {"event":"prediction","history_size":20,"position":[5.74999952316284,0.00100005290005356,11.5000095367432],"predicted_tick":225,"role":"client","tick":225,"time_ms":6077,"wall_ms":1791536429700.0,"yaw":0.0}
S03R {"event":"prediction","history_size":21,"position":[5.74999952316284,0.00100005290005356,11.5000095367432],"predicted_tick":226,"role":"client","tick":226,"time_ms":6105,"wall_ms":1791536429726.0,"yaw":0.0}
S03R {"event":"prediction","history_size":22,"position":[5.74999952316284,0.00100005290005356,11.5000095367432],"predicted_tick":227,"role":"client","tick":227,"time_ms":6119,"wall_ms":1791536429742.0,"yaw":0.0}
S03R {"event":"state_receive","role":"client","rows":[{"entity":1,"sequence":209,"tick":372},{"entity":2,"sequence":206,"tick":372}],"time_ms":6124,"wall_ms":1791536429746.0}
S03R {"authority_install_error_m":0.0,"entity":1,"event":"apply","pose":{"control":1,"durable":2,"entity":1,"last_input_tick":209,"position":[0.0,0.00100011611357331,10.9999923706055],"receipt_ms":6124,"sequence":209,"tick":372,"velocity":[0.0,0.0,0.0],"yaw":0.0},"position":[0.0,0.00100011611357331,10.9999923706055],"time_ms":6128,"wall_ms":1791536429751.0,"yaw":0.0}
S03R {"ack_input_tick":206,"cause":"none","correction_m":0.0,"correction_yaw_deg":0.0,"event":"correction","history_exhausted":false,"replay_frames":21,"replay_usec":127,"role":"client","tick":228,"time_ms":6132,"wall_ms":1791536429755.0}
S03R {"authority_install_error_m":0.0,"entity":2,"event":"apply","pose":{"control":1,"durable":2,"entity":2,"last_input_tick":206,"position":[6.75000143051147,0.00100005290005356,11.5000095367432],"receipt_ms":6124,"sequence":206,"tick":372,"velocity":[0.0,0.0,0.0],"yaw":0.0},"position":[5.74999952316284,0.00100005290005356,11.5000095367432],"time_ms":6135,"wall_ms":1791536429757.0,"yaw":0.0}
S03R {"event":"prediction","history_size":22,"position":[5.74999952316284,0.00100005290005356,11.5000095367432],"predicted_tick":228,"role":"client","tick":228,"time_ms":6137,"wall_ms":1791536429760.0,"yaw":0.0}
S03R {"event":"prediction","history_size":23,"position":[5.74999952316284,0.00100005290005356,11.5000095367432],"predicted_tick":229,"role":"client","tick":229,"time_ms":6140,"wall_ms":1791536429763.0,"yaw":0.0}
S03R {"event":"state_receive","role":"client","rows":[{"entity":1,"sequence":212,"tick":375},{"entity":2,"sequence":210,"tick":375}],"time_ms":6149,"wall_ms":1791536429772.0}
S03R {"authority_install_error_m":0.0,"entity":1,"event":"apply","pose":{"control":1,"durable":2,"entity":1,"last_input_tick":212,"position":[0.0,0.00100011611357331,10.9999923706055],"receipt_ms":6149,"sequence":212,"tick":375,"velocity":[0.0,0.0,0.0],"yaw":0.0},"position":[0.0,0.00100011611357331,10.9999923706055],"time_ms":6154,"wall_ms":1791536429777.0,"yaw":0.0}
S03R {"ack_input_tick":210,"cause":"none","correction_m":0.0,"correction_yaw_deg":0.0,"event":"correction","history_exhausted":false,"replay_frames":19,"replay_usec":246,"role":"client","tick":230,"time_ms":6157,"wall_ms":1791536429780.0}
S03R {"authority_install_error_m":0.0,"entity":2,"event":"apply","pose":{"control":1,"durable":2,"entity":2,"last_input_tick":210,"position":[6.66666793823242,0.00100005290005356,11.5000095367432],"receipt_ms":6149,"sequence":210,"tick":375,"velocity":[-5.0,0.0,0.0],"yaw":1.57079637050629},"position":[5.74999952316284,0.00100005290005356,11.5000095367432],"time_ms":6161,"wall_ms":1791536429783.0,"yaw":0.0}
S03R {"event":"prediction","history_size":20,"position":[5.74999952316284,0.00100005290005356,11.5000095367432],"predicted_tick":230,"role":"client","tick":230,"time_ms":6166,"wall_ms":1791536429788.0,"yaw":0.0}
S03R {"event":"prediction","history_size":21,"position":[5.74999952316284,0.00100005290005356,11.5000095367432],"predicted_tick":231,"role":"client","tick":231,"time_ms":6171,"wall_ms":1791536429793.0,"yaw":0.0}
S03R {"event":"prediction","history_size":22,"position":[5.74999952316284,0.00100005290005356,11.5000095367432],"predicted_tick":232,"role":"client","tick":232,"time_ms":6198,"wall_ms":1791536429821.0,"yaw":0.0}
S03R {"event":"prediction","history_size":23,"position":[5.74999952316284,0.00100005290005356,11.5000095367432],"predicted_tick":233,"role":"client","tick":233,"time_ms":6205,"wall_ms":1791536429827.0,"yaw":0.0}
S03R {"event":"prediction","history_size":24,"position":[5.74999952316284,0.00100005290005356,11.5000095367432],"predicted_tick":234,"role":"client","tick":234,"time_ms":6227,"wall_ms":1791536429850.0,"yaw":0.0}
S03R {"event":"prediction","history_size":25,"position":[5.74999952316284,0.00100005290005356,11.5000095367432],"predicted_tick":235,"role":"client","tick":235,"time_ms":6234,"wall_ms":1791536429857.0,"yaw":0.0}
S03R {"event":"prediction","history_size":26,"position":[5.74999952316284,0.00100005290005356,11.5000095367432],"predicted_tick":236,"role":"client","tick":236,"time_ms":6259,"wall_ms":1791536429882.0,"yaw":0.0}
S03R {"event":"state_receive","role":"client","rows":[{"entity":1,"sequence":215,"tick":378},{"entity":2,"sequence":216,"tick":378}],"time_ms":6263,"wall_ms":1791536429885.0}
S03R {"authority_install_error_m":0.0,"entity":1,"event":"apply","pose":{"control":1,"durable":2,"entity":1,"last_input_tick":215,"position":[0.0,0.00100011611357331,10.9999923706055],"receipt_ms":6263,"sequence":215,"tick":378,"velocity":[0.0,0.0,0.0],"yaw":0.0},"position":[0.0,0.00100011611357331,10.9999923706055],"time_ms":6267,"wall_ms":1791536429888.0,"yaw":0.0}
S03R {"ack_input_tick":216,"cause":"held_timing_or_delivery","correction_m":0.333333969116211,"correction_yaw_deg":0.0,"event":"correction","history_exhausted":false,"replay_frames":20,"replay_usec":172,"role":"client","tick":237,"time_ms":6271,"wall_ms":1791536429892.0}
S03R {"authority_install_error_m":0.0,"entity":2,"event":"apply","pose":{"control":1,"durable":2,"entity":2,"last_input_tick":216,"position":[6.50000095367432,0.00100005290005356,11.5000095367432],"receipt_ms":6263,"sequence":216,"tick":378,"velocity":[-5.0,0.0,0.0],"yaw":1.57079637050629},"position":[6.08333349227905,0.00100005290005356,11.5000095367432],"time_ms":6276,"wall_ms":1791536429898.0,"yaw":0.0}
S03R {"event":"prediction","history_size":21,"position":[6.08333349227905,0.00100005290005356,11.5000095367432],"predicted_tick":237,"role":"client","tick":237,"time_ms":6280,"wall_ms":1791536429902.0,"yaw":0.0}
S03R {"event":"prediction","history_size":22,"position":[6.08333349227905,0.00100005290005356,11.5000095367432],"predicted_tick":238,"role":"client","tick":238,"time_ms":6285,"wall_ms":1791536429908.0,"yaw":0.0}
S03R {"event":"prediction","history_size":23,"position":[6.08333349227905,0.00100005290005356,11.5000095367432],"predicted_tick":239,"role":"client","tick":239,"time_ms":6305,"wall_ms":1791536429927.0,"yaw":0.0}
S03R {"aim_yaw":0.0,"event":"input","index":9,"move":[0.0,-1.0],"position":[6.08333349227905,0.00100005290005356,11.5000095367432],"role":"client","sequence_floor":240,"tick":240,"time_ms":6322,"wall_ms":1791536429944.0,"yaw":0.0}
S03R {"aim_yaw":0.0,"event":"keys","move":[0.0,-1.0],"role":"client","tick":240,"time_ms":6327,"wall_ms":1791536429949.0}
S03R {"aim_yaw":0.0,"event":"input_send","index":9,"move":[0.0,-1.0],"role":"client","sample_ticks_ms":6331,"sample_wall_ms":1791536429953.0,"send_ticks_ms":6331,"send_wall_ms":1791536429953.0,"sequence":240,"time_ms":6331,"wall_ms":1791536429953.0}
S03R {"event":"prediction","history_size":24,"position":[6.08333349227905,0.00100005290005356,11.4166765213013],"predicted_tick":240,"role":"client","tick":240,"time_ms":6335,"wall_ms":1791536429957.0,"yaw":0.0}
S03R {"event":"prediction","history_size":25,"position":[6.08333349227905,0.00100005290005356,11.3333435058594],"predicted_tick":241,"role":"client","tick":241,"time_ms":6340,"wall_ms":1791536429963.0,"yaw":0.0}
S03R {"aim_yaw":0.0,"event":"input_send","index":9,"move":[0.0,-1.0],"role":"client","sample_ticks_ms":6352,"sample_wall_ms":1791536429974.0,"send_ticks_ms":6352,"send_wall_ms":1791536429975.0,"sequence":242,"time_ms":6352,"wall_ms":1791536429975.0}
S03R {"event":"prediction","history_size":26,"position":[6.08333349227905,0.00100005290005356,11.2500104904175],"predicted_tick":242,"role":"client","tick":242,"time_ms":6354,"wall_ms":1791536429976.0,"yaw":0.0}
S03R {"event":"state_receive","role":"client","rows":[{"entity":1,"sequence":221,"tick":384},{"entity":2,"sequence":220,"tick":384}],"time_ms":6357,"wall_ms":1791536429980.0}
S03R {"event":"state_receive","role":"client","rows":[{"entity":1,"sequence":224,"tick":387},{"entity":2,"sequence":223,"tick":387}],"time_ms":6360,"wall_ms":1791536429982.0}
S03R {"authority_install_error_m":0.0,"entity":1,"event":"apply","pose":{"control":1,"durable":2,"entity":1,"last_input_tick":224,"position":[0.0,0.00100011611357331,10.9999923706055],"receipt_ms":6360,"sequence":224,"tick":387,"velocity":[0.0,0.0,0.0],"yaw":0.0},"position":[0.0,0.00100011611357331,10.9999923706055],"time_ms":6382,"wall_ms":1791536430004.0,"yaw":0.0}
S03R {"ack_input_tick":223,"cause":"none","correction_m":0.0,"correction_yaw_deg":0.0,"event":"correction","history_exhausted":false,"replay_frames":19,"replay_usec":218,"role":"client","tick":243,"time_ms":6385,"wall_ms":1791536430007.0}
S03R {"authority_install_error_m":0.0,"entity":2,"event":"apply","pose":{"control":1,"durable":2,"entity":2,"last_input_tick":223,"position":[6.08333349227905,0.00100005290005356,11.5000095367432],"receipt_ms":6360,"sequence":223,"tick":387,"velocity":[0.0,0.0,0.0],"yaw":0.0},"position":[6.08333349227905,0.00100005290005356,11.2500104904175],"time_ms":6388,"wall_ms":1791536430011.0,"yaw":0.0}
S03R {"event":"prediction","history_size":20,"position":[6.08333349227905,0.00100005290005356,11.1666774749756],"predicted_tick":243,"role":"client","tick":243,"time_ms":6391,"wall_ms":1791536430013.0,"yaw":0.0}
S03R {"event":"state_receive","role":"client","rows":[{"entity":1,"sequence":227,"tick":390},{"entity":2,"sequence":225,"tick":390}],"time_ms":6394,"wall_ms":1791536430016.0}
S03R {"aim_yaw":0.0,"event":"input_send","index":9,"move":[0.0,-1.0],"role":"client","sample_ticks_ms":6396,"sample_wall_ms":1791536430019.0,"send_ticks_ms":6396,"send_wall_ms":1791536430019.0,"sequence":244,"time_ms":6396,"wall_ms":1791536430019.0}
S03R {"authority_install_error_m":0.0,"entity":1,"event":"apply","pose":{"control":1,"durable":2,"entity":1,"last_input_tick":227,"position":[0.0,0.00100011611357331,10.9999923706055],"receipt_ms":6394,"sequence":227,"tick":390,"velocity":[0.0,0.0,0.0],"yaw":0.0},"position":[0.0,0.00100011611357331,10.9999923706055],"time_ms":6399,"wall_ms":1791536430022.0,"yaw":0.0}
S03R {"ack_input_tick":225,"cause":"none","correction_m":0.0,"correction_yaw_deg":0.0,"event":"correction","history_exhausted":false,"replay_frames":18,"replay_usec":300,"role":"client","tick":244,"time_ms":6404,"wall_ms":1791536430027.0}
S03R {"authority_install_error_m":0.0,"entity":2,"event":"apply","pose":{"control":1,"durable":2,"entity":2,"last_input_tick":225,"position":[6.08333349227905,0.00100005290005356,11.5000095367432],"receipt_ms":6394,"sequence":225,"tick":390,"velocity":[0.0,0.0,0.0],"yaw":0.0},"position":[6.08333349227905,0.00100005290005356,11.1666774749756],"time_ms":6408,"wall_ms":1791536430030.0,"yaw":0.0}
S03R {"event":"prediction","history_size":19,"position":[6.08333349227905,0.00100005290005356,11.0833444595337],"predicted_tick":244,"role":"client","tick":244,"time_ms":6414,"wall_ms":1791536430036.0,"yaw":0.0}
S03R {"event":"prediction","history_size":20,"position":[6.08333349227905,0.00100005290005356,11.0000114440918],"predicted_tick":245,"role":"client","tick":245,"time_ms":6419,"wall_ms":1791536430041.0,"yaw":0.0}
S03R {"aim_yaw":0.0,"event":"input_send","index":9,"move":[0.0,-1.0],"role":"client","sample_ticks_ms":6428,"sample_wall_ms":1791536430051.0,"send_ticks_ms":6428,"send_wall_ms":1791536430051.0,"sequence":246,"time_ms":6428,"wall_ms":1791536430051.0}
S03R {"event":"prediction","history_size":21,"position":[6.08333349227905,0.00100005290005356,10.9166784286499],"predicted_tick":246,"role":"client","tick":246,"time_ms":6431,"wall_ms":1791536430054.0,"yaw":0.0}
S03R {"event":"prediction","history_size":22,"position":[6.08333349227905,0.00100005290005356,10.833345413208],"predicted_tick":247,"role":"client","tick":247,"time_ms":6444,"wall_ms":1791536430067.0,"yaw":0.0}
S03R {"aim_yaw":0.0,"event":"input_send","index":9,"move":[0.0,-1.0],"role":"client","sample_ticks_ms":6460,"sample_wall_ms":1791536430082.0,"send_ticks_ms":6460,"send_wall_ms":1791536430083.0,"sequence":248,"time_ms":6460,"wall_ms":1791536430083.0}
S03R {"event":"prediction","history_size":23,"position":[6.08333349227905,0.00100005290005356,10.7500123977661],"predicted_tick":248,"role":"client","tick":248,"time_ms":6463,"wall_ms":1791536430085.0,"yaw":0.0}
S03R {"event":"state_receive","role":"client","rows":[{"entity":1,"sequence":233,"tick":396},{"entity":2,"sequence":232,"tick":396}],"time_ms":6467,"wall_ms":1791536430090.0}
S03R {"authority_install_error_m":0.0,"entity":1,"event":"apply","pose":{"control":1,"durable":2,"entity":1,"last_input_tick":233,"position":[0.0,0.00100011611357331,10.9999923706055],"receipt_ms":6467,"sequence":233,"tick":396,"velocity":[0.0,0.0,0.0],"yaw":0.0},"position":[0.0,0.00100011611357331,10.9999923706055],"time_ms":6470,"wall_ms":1791536430092.0,"yaw":0.0}
S03R {"ack_input_tick":232,"cause":"none","correction_m":0.0,"correction_yaw_deg":0.0,"event":"correction","history_exhausted":false,"replay_frames":16,"replay_usec":116,"role":"client","tick":249,"time_ms":6472,"wall_ms":1791536430095.0}
S03R {"authority_install_error_m":0.0,"entity":2,"event":"apply","pose":{"control":1,"durable":2,"entity":2,"last_input_tick":232,"position":[6.08333349227905,0.00100005290005356,11.5000095367432],"receipt_ms":6467,"sequence":232,"tick":396,"velocity":[0.0,0.0,0.0],"yaw":0.0},"position":[6.08333349227905,0.00100005290005356,10.7500123977661],"time_ms":6475,"wall_ms":1791536430097.0,"yaw":0.0}
S03R {"event":"prediction","history_size":17,"position":[6.08333349227905,0.00100005290005356,10.6666793823242],"predicted_tick":249,"role":"client","tick":249,"time_ms":6478,"wall_ms":1791536430101.0,"yaw":0.0}
S03R {"aim_yaw":0.0,"event":"input_send","index":9,"move":[0.0,-1.0],"role":"client","sample_ticks_ms":6490,"sample_wall_ms":1791536430113.0,"send_ticks_ms":6491,"send_wall_ms":1791536430113.0,"sequence":250,"time_ms":6491,"wall_ms":1791536430113.0}
S03R {"event":"prediction","history_size":18,"position":[6.08333349227905,0.00100005290005356,10.5833463668823],"predicted_tick":250,"role":"client","tick":250,"time_ms":6494,"wall_ms":1791536430116.0,"yaw":0.0}
S03R {"event":"prediction","history_size":19,"position":[6.08333349227905,0.00100005290005356,10.5000133514404],"predicted_tick":251,"role":"client","tick":251,"time_ms":6506,"wall_ms":1791536430128.0,"yaw":0.0}
S03R {"aim_yaw":0.0,"event":"keys","move":[0.0,0.0],"role":"client","tick":252,"time_ms":6521,"wall_ms":1791536430143.0}
S03R {"event":"prediction","history_size":20,"position":[6.08333349227905,0.00100005290005356,10.5000133514404],"predicted_tick":252,"role":"client","tick":252,"time_ms":6524,"wall_ms":1791536430147.0,"yaw":0.0}
S03R {"event":"prediction","history_size":21,"position":[6.08333349227905,0.00100005290005356,10.5000133514404],"predicted_tick":253,"role":"client","tick":253,"time_ms":6536,"wall_ms":1791536430158.0,"yaw":0.0}
S03R {"event":"prediction","history_size":22,"position":[6.08333349227905,0.00100005290005356,10.5000133514404],"predicted_tick":254,"role":"client","tick":254,"time_ms":6551,"wall_ms":1791536430174.0,"yaw":0.0}
S03R {"event":"prediction","history_size":23,"position":[6.08333349227905,0.00100005290005356,10.5000133514404],"predicted_tick":255,"role":"client","tick":255,"time_ms":6583,"wall_ms":1791536430205.0,"yaw":0.0}
S03R {"event":"prediction","history_size":24,"position":[6.08333349227905,0.00100005290005356,10.5000133514404],"predicted_tick":256,"role":"client","tick":256,"time_ms":6599,"wall_ms":1791536430222.0,"yaw":0.0}
S03R {"event":"prediction","history_size":25,"position":[6.08333349227905,0.00100005290005356,10.5000133514404],"predicted_tick":257,"role":"client","tick":257,"time_ms":6606,"wall_ms":1791536430229.0,"yaw":0.0}
S03R {"event":"prediction","history_size":26,"position":[6.08333349227905,0.00100005290005356,10.5000133514404],"predicted_tick":258,"role":"client","tick":258,"time_ms":6631,"wall_ms":1791536430253.0,"yaw":0.0}
S03R {"event":"state_receive","role":"client","rows":[{"entity":1,"sequence":242,"tick":405},{"entity":2,"sequence":241,"tick":405}],"time_ms":6634,"wall_ms":1791536430256.0}
S03R {"authority_install_error_m":0.0,"entity":1,"event":"apply","pose":{"control":1,"durable":2,"entity":1,"last_input_tick":242,"position":[0.0,0.00100011611357331,10.9999923706055],"receipt_ms":6634,"sequence":242,"tick":405,"velocity":[0.0,0.0,0.0],"yaw":0.0},"position":[0.0,0.00100011611357331,10.9999923706055],"time_ms":6645,"wall_ms":1791536430268.0,"yaw":0.0}
S03R {"ack_input_tick":241,"cause":"none","correction_m":0.0,"correction_yaw_deg":0.0,"event":"correction","history_exhausted":false,"replay_frames":17,"replay_usec":114,"role":"client","tick":259,"time_ms":6650,"wall_ms":1791536430273.0}
S03R {"authority_install_error_m":0.0,"entity":2,"event":"apply","pose":{"control":1,"durable":2,"entity":2,"last_input_tick":241,"position":[6.08333349227905,0.00100005290005356,11.3333435058594],"receipt_ms":6634,"sequence":241,"tick":405,"velocity":[0.0,0.0,-5.0],"yaw":0.0},"position":[6.08333349227905,0.00100005290005356,10.5000133514404],"time_ms":6654,"wall_ms":1791536430276.0,"yaw":0.0}
S03R {"event":"prediction","history_size":18,"position":[6.08333349227905,0.00100005290005356,10.5000133514404],"predicted_tick":259,"role":"client","tick":259,"time_ms":6658,"wall_ms":1791536430281.0,"yaw":0.0}
S03R {"event":"prediction","history_size":19,"position":[6.08333349227905,0.00100005290005356,10.5000133514404],"predicted_tick":260,"role":"client","tick":260,"time_ms":6664,"wall_ms":1791536430286.0,"yaw":0.0}
S03R {"event":"prediction","history_size":20,"position":[6.08333349227905,0.00100005290005356,10.5000133514404],"predicted_tick":261,"role":"client","tick":261,"time_ms":6696,"wall_ms":1791536430318.0,"yaw":0.0}
S03R {"event":"prediction","history_size":21,"position":[6.08333349227905,0.00100005290005356,10.5000133514404],"predicted_tick":262,"role":"client","tick":262,"time_ms":6702,"wall_ms":1791536430324.0,"yaw":0.0}
S03R {"event":"prediction","history_size":22,"position":[6.08333349227905,0.00100005290005356,10.5000133514404],"predicted_tick":263,"role":"client","tick":263,"time_ms":6722,"wall_ms":1791536430344.0,"yaw":0.0}
S03R {"event":"prediction","history_size":23,"position":[6.08333349227905,0.00100005290005356,10.5000133514404],"predicted_tick":264,"role":"client","tick":264,"time_ms":6729,"wall_ms":1791536430351.0,"yaw":0.0}
S03R {"event":"prediction","history_size":24,"position":[6.08333349227905,0.00100005290005356,10.5000133514404],"predicted_tick":265,"role":"client","tick":265,"time_ms":6755,"wall_ms":1791536430378.0,"yaw":0.0}
S03R {"event":"state_receive","role":"client","rows":[{"entity":1,"sequence":245,"tick":408},{"entity":2,"sequence":245,"tick":408}],"time_ms":6760,"wall_ms":1791536430382.0}
S03R {"event":"state_receive","role":"client","rows":[{"entity":1,"sequence":251,"tick":414},{"entity":2,"sequence":252,"tick":414}],"time_ms":6764,"wall_ms":1791536430386.0}
S03R {"authority_install_error_m":0.0,"entity":1,"event":"apply","pose":{"control":1,"durable":2,"entity":1,"last_input_tick":251,"position":[0.0,0.00100011611357331,10.9999923706055],"receipt_ms":6764,"sequence":251,"tick":414,"velocity":[0.0,0.0,0.0],"yaw":0.0},"position":[0.0,0.00100011611357331,10.9999923706055],"time_ms":6768,"wall_ms":1791536430390.0,"yaw":0.0}
S03R {"ack_input_tick":252,"cause":"held_timing_or_delivery","correction_m":0.499998092651367,"correction_yaw_deg":0.0,"event":"correction","history_exhausted":false,"replay_frames":13,"replay_usec":139,"role":"client","tick":266,"time_ms":6772,"wall_ms":1791536430395.0}
S03R {"authority_install_error_m":0.0,"entity":2,"event":"apply","pose":{"control":1,"durable":2,"entity":2,"last_input_tick":252,"position":[6.08333349227905,0.00100005290005356,11.0000114440918],"receipt_ms":6764,"sequence":252,"tick":414,"velocity":[0.0,0.0,0.0],"yaw":0.0},"position":[6.08333349227905,0.00100005290005356,11.0000114440918],"time_ms":6777,"wall_ms":1791536430399.0,"yaw":0.0}
S03R {"event":"prediction","history_size":14,"position":[6.08333349227905,0.00100005290005356,11.0000114440918],"predicted_tick":266,"role":"client","tick":266,"time_ms":6781,"wall_ms":1791536430403.0,"yaw":0.0}
S03R {"event":"prediction","history_size":15,"position":[6.08333349227905,0.00100005290005356,11.0000114440918],"predicted_tick":267,"role":"client","tick":267,"time_ms":6786,"wall_ms":1791536430409.0,"yaw":0.0}
S03R {"event":"prediction","history_size":16,"position":[6.08333349227905,0.00100005290005356,11.0000114440918],"predicted_tick":268,"role":"client","tick":268,"time_ms":6800,"wall_ms":1791536430422.0,"yaw":0.0}
S03R {"event":"prediction","history_size":17,"position":[6.08333349227905,0.00100005290005356,11.0000114440918],"predicted_tick":269,"role":"client","tick":269,"time_ms":6805,"wall_ms":1791536430428.0,"yaw":0.0}
S03R {"aim_yaw":-1.5707963267949,"event":"input","index":10,"move":[1.0,0.0],"position":[6.08333349227905,0.00100005290005356,11.0000114440918],"role":"client","sequence_floor":270,"tick":270,"time_ms":6816,"wall_ms":1791536430438.0,"yaw":0.0}
S03R {"aim_yaw":-1.5707963267949,"event":"keys","move":[1.0,0.0],"role":"client","tick":270,"time_ms":6818,"wall_ms":1791536430441.0}
S03R {"aim_yaw":-1.5707963267949,"event":"input_send","index":10,"move":[1.0,0.0],"role":"client","sample_ticks_ms":6821,"sample_wall_ms":1791536430443.0,"send_ticks_ms":6821,"send_wall_ms":1791536430443.0,"sequence":270,"time_ms":6821,"wall_ms":1791536430443.0}
S03R {"event":"prediction","history_size":18,"position":[6.16666698455811,0.00100005290005356,11.0000114440918],"predicted_tick":270,"role":"client","tick":270,"time_ms":6823,"wall_ms":1791536430446.0,"yaw":-1.57079637050629}
S03R {"event":"prediction","history_size":19,"position":[6.25000047683716,0.00100005290005356,11.0000114440918],"predicted_tick":271,"role":"client","tick":271,"time_ms":6846,"wall_ms":1791536430469.0,"yaw":-1.57079637050629}
S03R {"aim_yaw":-1.5707963267949,"event":"input_send","index":10,"move":[1.0,0.0],"role":"client","sample_ticks_ms":6861,"sample_wall_ms":1791536430483.0,"send_ticks_ms":6861,"send_wall_ms":1791536430483.0,"sequence":272,"time_ms":6861,"wall_ms":1791536430483.0}
S03R {"event":"prediction","history_size":20,"position":[6.33333396911621,0.00100005290005356,11.0000114440918],"predicted_tick":272,"role":"client","tick":272,"time_ms":6864,"wall_ms":1791536430486.0,"yaw":-1.57079637050629}
S03R {"event":"state_receive","role":"client","rows":[{"entity":1,"sequence":254,"tick":417},{"entity":2,"sequence":254,"tick":417}],"time_ms":6869,"wall_ms":1791536430492.0}
S03R {"authority_install_error_m":0.0,"entity":1,"event":"apply","pose":{"control":1,"durable":2,"entity":1,"last_input_tick":254,"position":[0.0,0.00100011611357331,10.9999923706055],"receipt_ms":6869,"sequence":254,"tick":417,"velocity":[0.0,0.0,0.0],"yaw":0.0},"position":[0.0,0.00100011611357331,10.9999923706055],"time_ms":6873,"wall_ms":1791536430494.0,"yaw":0.0}
S03R {"ack_input_tick":254,"cause":"none","correction_m":0.0,"correction_yaw_deg":0.0,"event":"correction","history_exhausted":false,"replay_frames":18,"replay_usec":147,"role":"client","tick":273,"time_ms":6877,"wall_ms":1791536430499.0}
S03R {"authority_install_error_m":0.0,"entity":2,"event":"apply","pose":{"control":1,"durable":2,"entity":2,"last_input_tick":254,"position":[6.08333349227905,0.00100005290005356,11.0000114440918],"receipt_ms":6869,"sequence":254,"tick":417,"velocity":[0.0,0.0,0.0],"yaw":0.0},"position":[6.33333396911621,0.00100005290005356,11.0000114440918],"time_ms":6881,"wall_ms":1791536430503.0,"yaw":-1.57079637050629}
S03R {"event":"prediction","history_size":19,"position":[6.41666746139526,0.00100005290005356,11.0000114440918],"predicted_tick":273,"role":"client","tick":273,"time_ms":6885,"wall_ms":1791536430507.0,"yaw":-1.57079637050629}
S03R {"aim_yaw":-1.5707963267949,"event":"input_send","index":10,"move":[1.0,0.0],"role":"client","sample_ticks_ms":6890,"sample_wall_ms":1791536430513.0,"send_ticks_ms":6890,"send_wall_ms":1791536430513.0,"sequence":274,"time_ms":6890,"wall_ms":1791536430513.0}
S03R {"event":"prediction","history_size":20,"position":[6.50000095367432,0.00100005290005356,11.0000114440918],"predicted_tick":274,"role":"client","tick":274,"time_ms":6894,"wall_ms":1791536430516.0,"yaw":-1.57079637050629}
S03R {"event":"prediction","history_size":21,"position":[6.58333444595337,0.00100005290005356,11.0000114440918],"predicted_tick":275,"role":"client","tick":275,"time_ms":6907,"wall_ms":1791536430530.0,"yaw":-1.57079637050629}
S03R {"event":"state_receive","role":"client","rows":[{"entity":1,"sequence":257,"tick":420},{"entity":2,"sequence":255,"tick":420}],"time_ms":6923,"wall_ms":1791536430546.0}
S03R {"aim_yaw":-1.5707963267949,"event":"input_send","index":10,"move":[1.0,0.0],"role":"client","sample_ticks_ms":6929,"sample_wall_ms":1791536430551.0,"send_ticks_ms":6929,"send_wall_ms":1791536430551.0,"sequence":276,"time_ms":6929,"wall_ms":1791536430551.0}
S03R {"authority_install_error_m":0.0,"entity":1,"event":"apply","pose":{"control":1,"durable":2,"entity":1,"last_input_tick":257,"position":[0.0,0.00100011611357331,10.9999923706055],"receipt_ms":6923,"sequence":257,"tick":420,"velocity":[0.0,0.0,0.0],"yaw":0.0},"position":[0.0,0.00100011611357331,10.9999923706055],"time_ms":6933,"wall_ms":1791536430554.0,"yaw":0.0}
S03R {"ack_input_tick":255,"cause":"none","correction_m":0.0,"correction_yaw_deg":0.0,"event":"correction","history_exhausted":false,"replay_frames":20,"replay_usec":128,"role":"client","tick":276,"time_ms":6937,"wall_ms":1791536430559.0}
S03R {"authority_install_error_m":0.0,"entity":2,"event":"apply","pose":{"control":1,"durable":2,"entity":2,"last_input_tick":255,"position":[6.08333349227905,0.00100005290005356,11.0000114440918],"receipt_ms":6923,"sequence":255,"tick":420,"velocity":[0.0,0.0,0.0],"yaw":0.0},"position":[6.58333444595337,0.00100005290005356,11.0000114440918],"time_ms":6941,"wall_ms":1791536430564.0,"yaw":-1.57079637050629}
S03R {"event":"prediction","history_size":21,"position":[6.66666793823242,0.00100005290005356,11.0000114440918],"predicted_tick":276,"role":"client","tick":276,"time_ms":6945,"wall_ms":1791536430567.0,"yaw":-1.57079637050629}
S03R {"event":"prediction","history_size":22,"position":[6.75000143051147,0.00100005290005356,11.0000114440918],"predicted_tick":277,"role":"client","tick":277,"time_ms":6950,"wall_ms":1791536430572.0,"yaw":-1.57079637050629}
S03R {"aim_yaw":-1.5707963267949,"event":"input_send","index":10,"move":[1.0,0.0],"role":"client","sample_ticks_ms":6969,"sample_wall_ms":1791536430591.0,"send_ticks_ms":6969,"send_wall_ms":1791536430591.0,"sequence":278,"time_ms":6970,"wall_ms":1791536430591.0}
S03R {"event":"prediction","history_size":23,"position":[6.83333492279053,0.00100005290005356,11.0000114440918],"predicted_tick":278,"role":"client","tick":278,"time_ms":6973,"wall_ms":1791536430595.0,"yaw":-1.57079637050629}
S03R {"event":"state_receive","role":"client","rows":[{"entity":1,"sequence":260,"tick":423},{"entity":2,"sequence":258,"tick":423}],"time_ms":6977,"wall_ms":1791536430600.0}
S03R {"authority_install_error_m":0.0,"entity":1,"event":"apply","pose":{"control":1,"durable":2,"entity":1,"last_input_tick":260,"position":[0.0,0.00100011611357331,10.9999923706055],"receipt_ms":6977,"sequence":260,"tick":423,"velocity":[0.0,0.0,0.0],"yaw":0.0},"position":[0.0,0.00100011611357331,10.9999923706055],"time_ms":6981,"wall_ms":1791536430602.0,"yaw":0.0}
S03R {"ack_input_tick":258,"cause":"none","correction_m":0.0,"correction_yaw_deg":0.0,"event":"correction","history_exhausted":false,"replay_frames":20,"replay_usec":233,"role":"client","tick":279,"time_ms":6986,"wall_ms":1791536430608.0}
S03R {"authority_install_error_m":0.0,"entity":2,"event":"apply","pose":{"control":1,"durable":2,"entity":2,"last_input_tick":258,"position":[6.08333349227905,0.00100005290005356,11.0000114440918],"receipt_ms":6977,"sequence":258,"tick":423,"velocity":[0.0,0.0,0.0],"yaw":0.0},"position":[6.83333492279053,0.00100005290005356,11.0000114440918],"time_ms":6989,"wall_ms":1791536430611.0,"yaw":-1.57079637050629}
S03R {"event":"prediction","history_size":21,"position":[6.91666841506958,0.00100005290005356,11.0000114440918],"predicted_tick":279,"role":"client","tick":279,"time_ms":6994,"wall_ms":1791536430616.0,"yaw":-1.57079637050629}
S03R {"aim_yaw":-1.5707963267949,"event":"input_send","index":10,"move":[1.0,0.0],"role":"client","sample_ticks_ms":7001,"sample_wall_ms":1791536430624.0,"send_ticks_ms":7001,"send_wall_ms":1791536430624.0,"sequence":280,"time_ms":7001,"wall_ms":1791536430624.0}
S03R {"event":"prediction","history_size":22,"position":[7.00000190734863,0.00100005290005356,11.0000114440918],"predicted_tick":280,"role":"client","tick":280,"time_ms":7006,"wall_ms":1791536430628.0,"yaw":-1.57079637050629}
S03R {"event":"state_receive","role":"client","rows":[{"entity":1,"sequence":263,"tick":426},{"entity":2,"sequence":261,"tick":426}],"time_ms":7010,"wall_ms":1791536430633.0}
S03R {"authority_install_error_m":0.0,"entity":1,"event":"apply","pose":{"control":1,"durable":2,"entity":1,"last_input_tick":263,"position":[0.0,0.00100011611357331,10.9999923706055],"receipt_ms":7010,"sequence":263,"tick":426,"velocity":[0.0,0.0,0.0],"yaw":0.0},"position":[0.0,0.00100011611357331,10.9999923706055],"time_ms":7014,"wall_ms":1791536430635.0,"yaw":0.0}
S03R {"ack_input_tick":261,"cause":"none","correction_m":0.0,"correction_yaw_deg":0.0,"event":"correction","history_exhausted":false,"replay_frames":19,"replay_usec":146,"role":"client","tick":281,"time_ms":7018,"wall_ms":1791536430641.0}
S03R {"authority_install_error_m":0.0,"entity":2,"event":"apply","pose":{"control":1,"durable":2,"entity":2,"last_input_tick":261,"position":[6.08333349227905,0.00100005290005356,11.0000114440918],"receipt_ms":7010,"sequence":261,"tick":426,"velocity":[0.0,0.0,0.0],"yaw":0.0},"position":[7.00000190734863,0.00100005290005356,11.0000114440918],"time_ms":7023,"wall_ms":1791536430644.0,"yaw":-1.57079637050629}
S03R {"event":"prediction","history_size":20,"position":[7.08333539962769,0.00100005290005356,11.0000114440918],"predicted_tick":281,"role":"client","tick":281,"time_ms":7028,"wall_ms":1791536430650.0,"yaw":-1.57079637050629}
S03R {"aim_yaw":0.0,"event":"keys","move":[0.0,0.0],"role":"client","tick":282,"time_ms":7033,"wall_ms":1791536430655.0}
S03R {"event":"prediction","history_size":21,"position":[7.08333539962769,0.00100005290005356,11.0000114440918],"predicted_tick":282,"role":"client","tick":282,"time_ms":7037,"wall_ms":1791536430660.0,"yaw":0.0}
S03R {"event":"prediction","history_size":22,"position":[7.08333539962769,0.00100005290005356,11.0000114440918],"predicted_tick":283,"role":"client","tick":283,"time_ms":7045,"wall_ms":1791536430667.0,"yaw":0.0}
S03R {"event":"prediction","history_size":23,"position":[7.08333539962769,0.00100005290005356,11.0000114440918],"predicted_tick":284,"role":"client","tick":284,"time_ms":7061,"wall_ms":1791536430683.0,"yaw":0.0}
S03R {"event":"prediction","history_size":24,"position":[7.08333539962769,0.00100005290005356,11.0000114440918],"predicted_tick":285,"role":"client","tick":285,"time_ms":7076,"wall_ms":1791536430699.0,"yaw":0.0}
S03R {"event":"state_receive","role":"client","rows":[{"entity":1,"sequence":266,"tick":429},{"entity":2,"sequence":266,"tick":429}],"time_ms":7079,"wall_ms":1791536430702.0}
S03R {"event":"state_receive","role":"client","rows":[{"entity":1,"sequence":269,"tick":432},{"entity":2,"sequence":268,"tick":432}],"time_ms":7083,"wall_ms":1791536430705.0}
S03R {"authority_install_error_m":0.0,"entity":1,"event":"apply","pose":{"control":1,"durable":2,"entity":1,"last_input_tick":269,"position":[0.0,0.00100011611357331,10.9999923706055],"receipt_ms":7083,"sequence":269,"tick":432,"velocity":[0.0,0.0,0.0],"yaw":0.0},"position":[0.0,0.00100011611357331,10.9999923706055],"time_ms":7087,"wall_ms":1791536430709.0,"yaw":0.0}
S03R {"ack_input_tick":268,"cause":"none","correction_m":0.0,"correction_yaw_deg":0.0,"event":"correction","history_exhausted":false,"replay_frames":17,"replay_usec":114,"role":"client","tick":286,"time_ms":7090,"wall_ms":1791536430711.0}
S03R {"authority_install_error_m":0.0,"entity":2,"event":"apply","pose":{"control":1,"durable":2,"entity":2,"last_input_tick":268,"position":[6.08333349227905,0.00100005290005356,11.0000114440918],"receipt_ms":7083,"sequence":268,"tick":432,"velocity":[0.0,0.0,0.0],"yaw":0.0},"position":[7.08333539962769,0.00100005290005356,11.0000114440918],"time_ms":7092,"wall_ms":1791536430715.0,"yaw":0.0}
S03R {"event":"prediction","history_size":18,"position":[7.08333539962769,0.00100005290005356,11.0000114440918],"predicted_tick":286,"role":"client","tick":286,"time_ms":7095,"wall_ms":1791536430717.0,"yaw":0.0}
S03R {"event":"prediction","history_size":19,"position":[7.08333539962769,0.00100005290005356,11.0000114440918],"predicted_tick":287,"role":"client","tick":287,"time_ms":7107,"wall_ms":1791536430729.0,"yaw":0.0}
S03R {"event":"prediction","history_size":20,"position":[7.08333539962769,0.00100005290005356,11.0000114440918],"predicted_tick":288,"role":"client","tick":288,"time_ms":7123,"wall_ms":1791536430746.0,"yaw":0.0}
S03R {"event":"state_receive","role":"client","rows":[{"entity":1,"sequence":272,"tick":435},{"entity":2,"sequence":270,"tick":435}],"time_ms":7129,"wall_ms":1791536430752.0}
S03R {"authority_install_error_m":0.0,"entity":1,"event":"apply","pose":{"control":1,"durable":2,"entity":1,"last_input_tick":272,"position":[0.0,0.00100011611357331,10.9999923706055],"receipt_ms":7129,"sequence":272,"tick":435,"velocity":[0.0,0.0,0.0],"yaw":0.0},"position":[0.0,0.00100011611357331,10.9999923706055],"time_ms":7133,"wall_ms":1791536430755.0,"yaw":0.0}
S03R {"ack_input_tick":270,"cause":"none","correction_m":0.0,"correction_yaw_deg":0.0,"event":"correction","history_exhausted":false,"replay_frames":18,"replay_usec":133,"role":"client","tick":289,"time_ms":7138,"wall_ms":1791536430760.0}
S03R {"authority_install_error_m":0.0,"entity":2,"event":"apply","pose":{"control":1,"durable":2,"entity":2,"last_input_tick":270,"position":[6.16666698455811,0.00100005290005356,11.0000114440918],"receipt_ms":7129,"sequence":270,"tick":435,"velocity":[5.0,0.0,0.0],"yaw":-1.57079637050629},"position":[7.08333539962769,0.00100005290005356,11.0000114440918],"time_ms":7142,"wall_ms":1791536430765.0,"yaw":0.0}
S03R {"event":"prediction","history_size":19,"position":[7.08333539962769,0.00100005290005356,11.0000114440918],"predicted_tick":289,"role":"client","tick":289,"time_ms":7146,"wall_ms":1791536430768.0,"yaw":0.0}
S03R {"event":"prediction","history_size":20,"position":[7.08333539962769,0.00100005290005356,11.0000114440918],"predicted_tick":290,"role":"client","tick":290,"time_ms":7149,"wall_ms":1791536430772.0,"yaw":0.0}
S03R {"event":"prediction","history_size":21,"position":[7.08333539962769,0.00100005290005356,11.0000114440918],"predicted_tick":291,"role":"client","tick":291,"time_ms":7169,"wall_ms":1791536430791.0,"yaw":0.0}
S03R {"event":"prediction","history_size":22,"position":[7.08333539962769,0.00100005290005356,11.0000114440918],"predicted_tick":292,"role":"client","tick":292,"time_ms":7184,"wall_ms":1791536430807.0,"yaw":0.0}
S03R {"event":"prediction","history_size":23,"position":[7.08333539962769,0.00100005290005356,11.0000114440918],"predicted_tick":293,"role":"client","tick":293,"time_ms":7201,"wall_ms":1791536430823.0,"yaw":0.0}
S03R {"event":"state_receive","role":"client","rows":[{"entity":1,"sequence":278,"tick":441},{"entity":2,"sequence":277,"tick":441}],"time_ms":7204,"wall_ms":1791536430826.0}
S03R {"authority_install_error_m":0.0,"entity":1,"event":"apply","pose":{"control":1,"durable":2,"entity":1,"last_input_tick":278,"position":[0.0,0.00100011611357331,10.9999923706055],"receipt_ms":7204,"sequence":278,"tick":441,"velocity":[0.0,0.0,0.0],"yaw":0.0},"position":[0.0,0.00100011611357331,10.9999923706055],"time_ms":7215,"wall_ms":1791536430838.0,"yaw":0.0}
S03R {"ack_input_tick":277,"cause":"held_timing_or_delivery","correction_m":0.166666984558105,"correction_yaw_deg":0.0,"event":"correction","history_exhausted":false,"replay_frames":16,"replay_usec":115,"role":"client","tick":294,"time_ms":7221,"wall_ms":1791536430844.0}
S03R {"authority_install_error_m":0.0,"entity":2,"event":"apply","pose":{"control":1,"durable":2,"entity":2,"last_input_tick":277,"position":[6.58333444595337,0.00100005290005356,11.0000114440918],"receipt_ms":7204,"sequence":277,"tick":441,"velocity":[5.0,0.0,0.0],"yaw":-1.57079637050629},"position":[6.91666841506958,0.00100005290005356,11.0000114440918],"time_ms":7226,"wall_ms":1791536430847.0,"yaw":0.0}
S03R {"event":"prediction","history_size":17,"position":[6.91666841506958,0.00100005290005356,11.0000114440918],"predicted_tick":294,"role":"client","tick":294,"time_ms":7230,"wall_ms":1791536430851.0,"yaw":0.0}
S03R {"event":"prediction","history_size":18,"position":[6.91666841506958,0.00100005290005356,11.0000114440918],"predicted_tick":295,"role":"client","tick":295,"time_ms":7235,"wall_ms":1791536430857.0,"yaw":0.0}
S03R {"event":"prediction","history_size":19,"position":[6.91666841506958,0.00100005290005356,11.0000114440918],"predicted_tick":296,"role":"client","tick":296,"time_ms":7261,"wall_ms":1791536430884.0,"yaw":0.0}
S03R {"event":"state_receive","role":"client","rows":[{"entity":1,"sequence":281,"tick":444},{"entity":2,"sequence":280,"tick":444}],"time_ms":7267,"wall_ms":1791536430889.0}
S03R {"authority_install_error_m":0.0,"entity":1,"event":"apply","pose":{"control":1,"durable":2,"entity":1,"last_input_tick":281,"position":[0.0,0.00100011611357331,10.9999923706055],"receipt_ms":7267,"sequence":281,"tick":444,"velocity":[0.0,0.0,0.0],"yaw":0.0},"position":[0.0,0.00100011611357331,10.9999923706055],"time_ms":7271,"wall_ms":1791536430893.0,"yaw":0.0}
S03R {"ack_input_tick":280,"cause":"none","correction_m":0.0,"correction_yaw_deg":0.0,"event":"correction","history_exhausted":false,"replay_frames":16,"replay_usec":107,"role":"client","tick":297,"time_ms":7275,"wall_ms":1791536430897.0}
S03R {"authority_install_error_m":0.0,"entity":2,"event":"apply","pose":{"control":1,"durable":2,"entity":2,"last_input_tick":280,"position":[6.83333492279053,0.00100005290005356,11.0000114440918],"receipt_ms":7267,"sequence":280,"tick":444,"velocity":[5.0,0.0,0.0],"yaw":-1.57079637050629},"position":[6.91666841506958,0.00100005290005356,11.0000114440918],"time_ms":7279,"wall_ms":1791536430902.0,"yaw":0.0}
S03R {"event":"prediction","history_size":17,"position":[6.91666841506958,0.00100005290005356,11.0000114440918],"predicted_tick":297,"role":"client","tick":297,"time_ms":7283,"wall_ms":1791536430906.0,"yaw":0.0}
S03R {"event":"prediction","history_size":18,"position":[6.91666841506958,0.00100005290005356,11.0000114440918],"predicted_tick":298,"role":"client","tick":298,"time_ms":7288,"wall_ms":1791536430911.0,"yaw":0.0}
S03R {"event":"prediction","history_size":19,"position":[6.91666841506958,0.00100005290005356,11.0000114440918],"predicted_tick":299,"role":"client","tick":299,"time_ms":7307,"wall_ms":1791536430930.0,"yaw":0.0}
S03R {"aim_yaw":0.0,"event":"input","index":11,"move":[0.0,-1.0],"position":[6.91666841506958,0.00100005290005356,11.0000114440918],"role":"client","sequence_floor":300,"tick":300,"time_ms":7324,"wall_ms":1791536430946.0,"yaw":0.0}
S03R {"aim_yaw":0.0,"event":"keys","move":[0.0,-1.0],"role":"client","tick":300,"time_ms":7330,"wall_ms":1791536430952.0}
S03R {"aim_yaw":0.0,"event":"input_send","index":11,"move":[0.0,-1.0],"role":"client","sample_ticks_ms":7332,"sample_wall_ms":1791536430955.0,"send_ticks_ms":7333,"send_wall_ms":1791536430955.0,"sequence":300,"time_ms":7333,"wall_ms":1791536430955.0}
S03R {"event":"prediction","history_size":20,"position":[6.91666841506958,0.00100005290005356,10.9166784286499],"predicted_tick":300,"role":"client","tick":300,"time_ms":7335,"wall_ms":1791536430957.0,"yaw":0.0}
S03R {"event":"prediction","history_size":21,"position":[6.91666841506958,0.00100005290005356,10.833345413208],"predicted_tick":301,"role":"client","tick":301,"time_ms":7354,"wall_ms":1791536430976.0,"yaw":0.0}
S03R {"aim_yaw":0.0,"event":"input_send","index":11,"move":[0.0,-1.0],"role":"client","sample_ticks_ms":7369,"sample_wall_ms":1791536430992.0,"send_ticks_ms":7369,"send_wall_ms":1791536430992.0,"sequence":302,"time_ms":7369,"wall_ms":1791536430992.0}
S03R {"event":"prediction","history_size":22,"position":[6.91666841506958,0.00100005290005356,10.7500123977661],"predicted_tick":302,"role":"client","tick":302,"time_ms":7373,"wall_ms":1791536430996.0,"yaw":0.0}
S03R {"event":"prediction","history_size":23,"position":[6.91666841506958,0.00100005290005356,10.6666793823242],"predicted_tick":303,"role":"client","tick":303,"time_ms":7379,"wall_ms":1791536431002.0,"yaw":0.0}
S03R {"aim_yaw":0.0,"event":"input_send","index":11,"move":[0.0,-1.0],"role":"client","sample_ticks_ms":7401,"sample_wall_ms":1791536431023.0,"send_ticks_ms":7401,"send_wall_ms":1791536431023.0,"sequence":304,"time_ms":7401,"wall_ms":1791536431023.0}
S03R {"event":"prediction","history_size":24,"position":[6.91666841506958,0.00100005290005356,10.5833463668823],"predicted_tick":304,"role":"client","tick":304,"time_ms":7407,"wall_ms":1791536431029.0,"yaw":0.0}
S03R {"event":"state_receive","role":"client","rows":[{"entity":1,"sequence":287,"tick":450},{"entity":2,"sequence":287,"tick":450}],"time_ms":7411,"wall_ms":1791536431034.0}
S03R {"event":"state_receive","role":"client","rows":[{"entity":1,"sequence":290,"tick":453},{"entity":2,"sequence":290,"tick":453}],"time_ms":7414,"wall_ms":1791536431036.0}
S03R {"authority_install_error_m":0.0,"entity":1,"event":"apply","pose":{"control":1,"durable":2,"entity":1,"last_input_tick":290,"position":[0.0,0.00100011611357331,10.9999923706055],"receipt_ms":7414,"sequence":290,"tick":453,"velocity":[0.0,0.0,0.0],"yaw":0.0},"position":[0.0,0.00100011611357331,10.9999923706055],"time_ms":7418,"wall_ms":1791536431041.0,"yaw":0.0}
S03R {"ack_input_tick":290,"cause":"held_timing_or_delivery","correction_m":0.0833334922790527,"correction_yaw_deg":0.0,"event":"correction","history_exhausted":false,"replay_frames":14,"replay_usec":190,"role":"client","tick":305,"time_ms":7423,"wall_ms":1791536431046.0}
S03R {"authority_install_error_m":0.0,"entity":2,"event":"apply","pose":{"control":1,"durable":2,"entity":2,"last_input_tick":290,"position":[6.83333492279053,0.00100005290005356,11.0000114440918],"receipt_ms":7414,"sequence":290,"tick":453,"velocity":[0.0,0.0,0.0],"yaw":0.0},"position":[6.83333492279053,0.00100005290005356,10.5833463668823],"time_ms":7428,"wall_ms":1791536431051.0,"yaw":0.0}
S03R {"event":"prediction","history_size":15,"position":[6.83333492279053,0.00100005290005356,10.5000133514404],"predicted_tick":305,"role":"client","tick":305,"time_ms":7434,"wall_ms":1791536431057.0,"yaw":0.0}
S03R {"aim_yaw":0.0,"event":"input_send","index":11,"move":[0.0,-1.0],"role":"client","sample_ticks_ms":7439,"sample_wall_ms":1791536431061.0,"send_ticks_ms":7439,"send_wall_ms":1791536431061.0,"sequence":306,"time_ms":7439,"wall_ms":1791536431061.0}
S03R {"event":"prediction","history_size":16,"position":[6.83333492279053,0.00100005290005356,10.4166803359985],"predicted_tick":306,"role":"client","tick":306,"time_ms":7442,"wall_ms":1791536431064.0,"yaw":0.0}
S03R {"event":"prediction","history_size":17,"position":[6.83333492279053,0.00100005290005356,10.3333473205566],"predicted_tick":307,"role":"client","tick":307,"time_ms":7447,"wall_ms":1791536431070.0,"yaw":0.0}
S03R {"aim_yaw":0.0,"event":"input_send","index":11,"move":[0.0,-1.0],"role":"client","sample_ticks_ms":7462,"sample_wall_ms":1791536431085.0,"send_ticks_ms":7463,"send_wall_ms":1791536431085.0,"sequence":308,"time_ms":7463,"wall_ms":1791536431085.0}
S03R {"event":"prediction","history_size":18,"position":[6.83333492279053,0.00100005290005356,10.2500143051147],"predicted_tick":308,"role":"client","tick":308,"time_ms":7467,"wall_ms":1791536431089.0,"yaw":0.0}
S03R {"event":"state_receive","role":"client","rows":[{"entity":1,"sequence":293,"tick":456},{"entity":2,"sequence":292,"tick":456}],"time_ms":7472,"wall_ms":1791536431094.0}
S03R {"authority_install_error_m":0.0,"entity":1,"event":"apply","pose":{"control":1,"durable":2,"entity":1,"last_input_tick":293,"position":[0.0,0.00100011611357331,10.9999923706055],"receipt_ms":7472,"sequence":293,"tick":456,"velocity":[0.0,0.0,0.0],"yaw":0.0},"position":[0.0,0.00100011611357331,10.9999923706055],"time_ms":7475,"wall_ms":1791536431098.0,"yaw":0.0}
S03R {"ack_input_tick":292,"cause":"none","correction_m":0.0,"correction_yaw_deg":0.0,"event":"correction","history_exhausted":false,"replay_frames":16,"replay_usec":116,"role":"client","tick":309,"time_ms":7480,"wall_ms":1791536431103.0}
S03R {"authority_install_error_m":0.0,"entity":2,"event":"apply","pose":{"control":1,"durable":2,"entity":2,"last_input_tick":292,"position":[6.83333492279053,0.00100005290005356,11.0000114440918],"receipt_ms":7472,"sequence":292,"tick":456,"velocity":[0.0,0.0,0.0],"yaw":0.0},"position":[6.83333492279053,0.00100005290005356,10.2500143051147],"time_ms":7484,"wall_ms":1791536431107.0,"yaw":0.0}
S03R {"event":"prediction","history_size":17,"position":[6.83333492279053,0.00100005290005356,10.1666812896729],"predicted_tick":309,"role":"client","tick":309,"time_ms":7487,"wall_ms":1791536431109.0,"yaw":0.0}
S03R {"aim_yaw":0.0,"event":"input_send","index":11,"move":[0.0,-1.0],"role":"client","sample_ticks_ms":7491,"sample_wall_ms":1791536431113.0,"send_ticks_ms":7491,"send_wall_ms":1791536431113.0,"sequence":310,"time_ms":7491,"wall_ms":1791536431113.0}
S03R {"event":"prediction","history_size":18,"position":[6.83333492279053,0.00100005290005356,10.083348274231],"predicted_tick":310,"role":"client","tick":310,"time_ms":7493,"wall_ms":1791536431116.0,"yaw":0.0}
S03R {"event":"prediction","history_size":19,"position":[6.83333492279053,0.00100005290005356,10.0000152587891],"predicted_tick":311,"role":"client","tick":311,"time_ms":7515,"wall_ms":1791536431138.0,"yaw":0.0}
S03R {"aim_yaw":0.0,"event":"keys","move":[0.0,0.0],"role":"client","tick":312,"time_ms":7522,"wall_ms":1791536431145.0}
S03R {"event":"prediction","history_size":20,"position":[6.83333492279053,0.00100005290005356,10.0000152587891],"predicted_tick":312,"role":"client","tick":312,"time_ms":7528,"wall_ms":1791536431151.0,"yaw":0.0}
S03R {"event":"prediction","history_size":21,"position":[6.83333492279053,0.00100005290005356,10.0000152587891],"predicted_tick":313,"role":"client","tick":313,"time_ms":7543,"wall_ms":1791536431166.0,"yaw":0.0}
S03R {"event":"prediction","history_size":22,"position":[6.83333492279053,0.00100005290005356,10.0000152587891],"predicted_tick":314,"role":"client","tick":314,"time_ms":7556,"wall_ms":1791536431179.0,"yaw":0.0}
S03R {"event":"state_receive","role":"client","rows":[{"entity":1,"sequence":296,"tick":459},{"entity":2,"sequence":296,"tick":459}],"time_ms":7561,"wall_ms":1791536431183.0}
S03R {"authority_install_error_m":0.0,"entity":1,"event":"apply","pose":{"control":1,"durable":2,"entity":1,"last_input_tick":296,"position":[0.0,0.00100011611357331,10.9999923706055],"receipt_ms":7561,"sequence":296,"tick":459,"velocity":[0.0,0.0,0.0],"yaw":0.0},"position":[0.0,0.00100011611357331,10.9999923706055],"time_ms":7565,"wall_ms":1791536431187.0,"yaw":0.0}
S03R {"ack_input_tick":296,"cause":"none","correction_m":0.0,"correction_yaw_deg":0.0,"event":"correction","history_exhausted":false,"replay_frames":18,"replay_usec":174,"role":"client","tick":315,"time_ms":7570,"wall_ms":1791536431192.0}
S03R {"authority_install_error_m":0.0,"entity":2,"event":"apply","pose":{"control":1,"durable":2,"entity":2,"last_input_tick":296,"position":[6.83333492279053,0.00100005290005356,11.0000114440918],"receipt_ms":7561,"sequence":296,"tick":459,"velocity":[0.0,0.0,0.0],"yaw":0.0},"position":[6.83333492279053,0.00100005290005356,10.0000152587891],"time_ms":7573,"wall_ms":1791536431195.0,"yaw":0.0}
S03R {"event":"prediction","history_size":19,"position":[6.83333492279053,0.00100005290005356,10.0000152587891],"predicted_tick":315,"role":"client","tick":315,"time_ms":7580,"wall_ms":1791536431202.0,"yaw":0.0}
S03R {"event":"prediction","history_size":20,"position":[6.83333492279053,0.00100005290005356,10.0000152587891],"predicted_tick":316,"role":"client","tick":316,"time_ms":7604,"wall_ms":1791536431225.0,"yaw":0.0}
S03R {"event":"prediction","history_size":21,"position":[6.83333492279053,0.00100005290005356,10.0000152587891],"predicted_tick":317,"role":"client","tick":317,"time_ms":7611,"wall_ms":1791536431233.0,"yaw":0.0}
S03R {"event":"prediction","history_size":22,"position":[6.83333492279053,0.00100005290005356,10.0000152587891],"predicted_tick":318,"role":"client","tick":318,"time_ms":7635,"wall_ms":1791536431258.0,"yaw":0.0}
S03R {"event":"prediction","history_size":23,"position":[6.83333492279053,0.00100005290005356,10.0000152587891],"predicted_tick":319,"role":"client","tick":319,"time_ms":7641,"wall_ms":1791536431264.0,"yaw":0.0}
S03R {"event":"prediction","history_size":24,"position":[6.83333492279053,0.00100005290005356,10.0000152587891],"predicted_tick":320,"role":"client","tick":320,"time_ms":7667,"wall_ms":1791536431288.0,"yaw":0.0}
S03R {"event":"prediction","history_size":25,"position":[6.83333492279053,0.00100005290005356,10.0000152587891],"predicted_tick":321,"role":"client","tick":321,"time_ms":7681,"wall_ms":1791536431304.0,"yaw":0.0}
S03R {"event":"prediction","history_size":26,"position":[6.83333492279053,0.00100005290005356,10.0000152587891],"predicted_tick":322,"role":"client","tick":322,"time_ms":7697,"wall_ms":1791536431319.0,"yaw":0.0}
S03R {"event":"state_receive","role":"client","rows":[{"entity":1,"sequence":308,"tick":471},{"entity":2,"sequence":308,"tick":471}],"time_ms":7713,"wall_ms":1791536431335.0}
S03R {"authority_install_error_m":0.0,"entity":1,"event":"apply","pose":{"control":1,"durable":2,"entity":1,"last_input_tick":308,"position":[0.0,0.00100011611357331,10.9999923706055],"receipt_ms":7713,"sequence":308,"tick":471,"velocity":[0.0,0.0,0.0],"yaw":0.0},"position":[0.0,0.00100011611357331,10.9999923706055],"time_ms":7717,"wall_ms":1791536431340.0,"yaw":0.0}
S03R {"ack_input_tick":308,"cause":"held_timing_or_delivery","correction_m":0.249999046325684,"correction_yaw_deg":0.0,"event":"correction","history_exhausted":false,"replay_frames":14,"replay_usec":188,"role":"client","tick":323,"time_ms":7722,"wall_ms":1791536431345.0}
S03R {"authority_install_error_m":0.0,"entity":2,"event":"apply","pose":{"control":1,"durable":2,"entity":2,"last_input_tick":308,"position":[6.83333492279053,0.00100005290005356,10.5000133514404],"receipt_ms":7713,"sequence":308,"tick":471,"velocity":[0.0,0.0,-5.0],"yaw":0.0},"position":[6.83333492279053,0.00100005290005356,10.2500143051147],"time_ms":7726,"wall_ms":1791536431349.0,"yaw":0.0}
S03R {"event":"prediction","history_size":15,"position":[6.83333492279053,0.00100005290005356,10.2500143051147],"predicted_tick":323,"role":"client","tick":323,"time_ms":7731,"wall_ms":1791536431354.0,"yaw":0.0}
S03R {"event":"prediction","history_size":16,"position":[6.83333492279053,0.00100005290005356,10.2500143051147],"predicted_tick":324,"role":"client","tick":324,"time_ms":7736,"wall_ms":1791536431359.0,"yaw":0.0}
S03R {"event":"prediction","history_size":17,"position":[6.83333492279053,0.00100005290005356,10.2500143051147],"predicted_tick":325,"role":"client","tick":325,"time_ms":7744,"wall_ms":1791536431366.0,"yaw":0.0}
S03R {"event":"prediction","history_size":18,"position":[6.83333492279053,0.00100005290005356,10.2500143051147],"predicted_tick":326,"role":"client","tick":326,"time_ms":7761,"wall_ms":1791536431384.0,"yaw":0.0}
S03R {"event":"prediction","history_size":19,"position":[6.83333492279053,0.00100005290005356,10.2500143051147],"predicted_tick":327,"role":"client","tick":327,"time_ms":7776,"wall_ms":1791536431398.0,"yaw":0.0}
S03R {"event":"prediction","history_size":20,"position":[6.83333492279053,0.00100005290005356,10.2500143051147],"predicted_tick":328,"role":"client","tick":328,"time_ms":7790,"wall_ms":1791536431413.0,"yaw":0.0}
S03R {"event":"prediction","history_size":21,"position":[6.83333492279053,0.00100005290005356,10.2500143051147],"predicted_tick":329,"role":"client","tick":329,"time_ms":7803,"wall_ms":1791536431426.0,"yaw":0.0}
S03R {"event":"state_receive","role":"client","rows":[{"entity":1,"sequence":311,"tick":474},{"entity":2,"sequence":310,"tick":474}],"time_ms":7807,"wall_ms":1791536431429.0}
S03R {"aim_yaw":1.5707963267949,"event":"input","index":12,"move":[-1.0,0.0],"position":[6.83333492279053,0.00100005290005356,10.2500143051147],"role":"client","sequence_floor":330,"tick":330,"time_ms":7823,"wall_ms":1791536431446.0,"yaw":0.0}
S03R {"aim_yaw":1.5707963267949,"event":"keys","move":[-1.0,0.0],"role":"client","tick":330,"time_ms":7826,"wall_ms":1791536431448.0}
S03R {"aim_yaw":1.5707963267949,"event":"input_send","index":12,"move":[-1.0,0.0],"role":"client","sample_ticks_ms":7831,"sample_wall_ms":1791536431454.0,"send_ticks_ms":7831,"send_wall_ms":1791536431454.0,"sequence":330,"time_ms":7831,"wall_ms":1791536431454.0}
S03R {"authority_install_error_m":0.0,"entity":1,"event":"apply","pose":{"control":1,"durable":2,"entity":1,"last_input_tick":311,"position":[0.0,0.00100011611357331,10.9999923706055],"receipt_ms":7807,"sequence":311,"tick":474,"velocity":[0.0,0.0,0.0],"yaw":0.0},"position":[0.0,0.00100011611357331,10.9999923706055],"time_ms":7835,"wall_ms":1791536431457.0,"yaw":0.0}
S03R {"ack_input_tick":310,"cause":"none","correction_m":0.0,"correction_yaw_deg":0.0,"event":"correction","history_exhausted":false,"replay_frames":19,"replay_usec":521,"role":"client","tick":330,"time_ms":7843,"wall_ms":1791536431466.0}
S03R {"authority_install_error_m":0.0,"entity":2,"event":"apply","pose":{"control":1,"durable":2,"entity":2,"last_input_tick":310,"position":[6.83333492279053,0.00100005290005356,10.3333473205566],"receipt_ms":7807,"sequence":310,"tick":474,"velocity":[0.0,0.0,-5.0],"yaw":0.0},"position":[6.83333492279053,0.00100005290005356,10.2500143051147],"time_ms":7848,"wall_ms":1791536431470.0,"yaw":0.0}
S03R {"event":"prediction","history_size":20,"position":[6.75000143051147,0.00100005290005356,10.2500143051147],"predicted_tick":330,"role":"client","tick":330,"time_ms":7853,"wall_ms":1791536431475.0,"yaw":1.57079637050629}
S03R {"event":"prediction","history_size":21,"position":[6.66666793823242,0.00100005290005356,10.2500143051147],"predicted_tick":331,"role":"client","tick":331,"time_ms":7858,"wall_ms":1791536431480.0,"yaw":1.57079637050629}
S03R {"aim_yaw":1.5707963267949,"event":"input_send","index":12,"move":[-1.0,0.0],"role":"client","sample_ticks_ms":7870,"sample_wall_ms":1791536431492.0,"send_ticks_ms":7870,"send_wall_ms":1791536431492.0,"sequence":332,"time_ms":7870,"wall_ms":1791536431492.0}
S03R {"event":"prediction","history_size":22,"position":[6.58333444595337,0.00100005290005356,10.2500143051147],"predicted_tick":332,"role":"client","tick":332,"time_ms":7874,"wall_ms":1791536431496.0,"yaw":1.57079637050629}
S03R {"event":"prediction","history_size":23,"position":[6.50000095367432,0.00100005290005356,10.2500143051147],"predicted_tick":333,"role":"client","tick":333,"time_ms":7879,"wall_ms":1791536431501.0,"yaw":1.57079637050629}
S03R {"aim_yaw":1.5707963267949,"event":"input_send","index":12,"move":[-1.0,0.0],"role":"client","sample_ticks_ms":7898,"sample_wall_ms":1791536431521.0,"send_ticks_ms":7898,"send_wall_ms":1791536431521.0,"sequence":334,"time_ms":7898,"wall_ms":1791536431521.0}
S03R {"event":"prediction","history_size":24,"position":[6.41666746139526,0.00100005290005356,10.2500143051147],"predicted_tick":334,"role":"client","tick":334,"time_ms":7901,"wall_ms":1791536431523.0,"yaw":1.57079637050629}
S03R {"event":"state_receive","role":"client","rows":[{"entity":1,"sequence":314,"tick":477},{"entity":2,"sequence":314,"tick":477}],"time_ms":7906,"wall_ms":1791536431528.0}
S03R {"authority_install_error_m":0.0,"entity":1,"event":"apply","pose":{"control":1,"durable":2,"entity":1,"last_input_tick":314,"position":[0.0,0.00100011611357331,10.9999923706055],"receipt_ms":7906,"sequence":314,"tick":477,"velocity":[0.0,0.0,0.0],"yaw":0.0},"position":[0.0,0.00100011611357331,10.9999923706055],"time_ms":7910,"wall_ms":1791536431533.0,"yaw":0.0}
S03R {"ack_input_tick":314,"cause":"held_timing_or_delivery","correction_m":0.0833330154418945,"correction_yaw_deg":0.0,"event":"correction","history_exhausted":false,"replay_frames":20,"replay_usec":125,"role":"client","tick":335,"time_ms":7914,"wall_ms":1791536431537.0}
S03R {"authority_install_error_m":0.0,"entity":2,"event":"apply","pose":{"control":1,"durable":2,"entity":2,"last_input_tick":314,"position":[6.83333492279053,0.00100005290005356,10.3333473205566],"receipt_ms":7906,"sequence":314,"tick":477,"velocity":[0.0,0.0,0.0],"yaw":0.0},"position":[6.41666746139526,0.00100005290005356,10.3333473205566],"time_ms":7918,"wall_ms":1791536431541.0,"yaw":1.57079637050629}
S03R {"event":"prediction","history_size":21,"position":[6.33333396911621,0.00100005290005356,10.3333473205566],"predicted_tick":335,"role":"client","tick":335,"time_ms":7922,"wall_ms":1791536431545.0,"yaw":1.57079637050629}
S03R {"aim_yaw":1.5707963267949,"event":"input_send","index":12,"move":[-1.0,0.0],"role":"client","sample_ticks_ms":7927,"sample_wall_ms":1791536431550.0,"send_ticks_ms":7927,"send_wall_ms":1791536431550.0,"sequence":336,"time_ms":7927,"wall_ms":1791536431550.0}
S03R {"event":"prediction","history_size":22,"position":[6.25000047683716,0.00100005290005356,10.3333473205566],"predicted_tick":336,"role":"client","tick":336,"time_ms":7931,"wall_ms":1791536431552.0,"yaw":1.57079637050629}
S03R {"event":"state_receive","role":"client","rows":[{"entity":1,"sequence":320,"tick":483},{"entity":2,"sequence":318,"tick":483}],"time_ms":7934,"wall_ms":1791536431556.0}
S03R {"authority_install_error_m":0.0,"entity":1,"event":"apply","pose":{"control":1,"durable":2,"entity":1,"last_input_tick":320,"position":[0.0,0.00100011611357331,10.9999923706055],"receipt_ms":7934,"sequence":320,"tick":483,"velocity":[0.0,0.0,0.0],"yaw":0.0},"position":[0.0,0.00100011611357331,10.9999923706055],"time_ms":7945,"wall_ms":1791536431567.0,"yaw":0.0}
S03R {"ack_input_tick":318,"cause":"none","correction_m":0.0,"correction_yaw_deg":0.0,"event":"correction","history_exhausted":false,"replay_frames":18,"replay_usec":264,"role":"client","tick":337,"time_ms":7948,"wall_ms":1791536431571.0}
S03R {"authority_install_error_m":0.0,"entity":2,"event":"apply","pose":{"control":1,"durable":2,"entity":2,"last_input_tick":318,"position":[6.83333492279053,0.00100005290005356,10.3333473205566],"receipt_ms":7934,"sequence":318,"tick":483,"velocity":[0.0,0.0,0.0],"yaw":0.0},"position":[6.25000047683716,0.00100005290005356,10.3333473205566],"time_ms":7955,"wall_ms":1791536431578.0,"yaw":1.57079637050629}
S03R {"event":"prediction","history_size":19,"position":[6.16666698455811,0.00100005290005356,10.3333473205566],"predicted_tick":337,"role":"client","tick":337,"time_ms":7960,"wall_ms":1791536431583.0,"yaw":1.57079637050629}
S03R {"aim_yaw":1.5707963267949,"event":"input_send","index":12,"move":[-1.0,0.0],"role":"client","sample_ticks_ms":7965,"sample_wall_ms":1791536431587.0,"send_ticks_ms":7965,"send_wall_ms":1791536431588.0,"sequence":338,"time_ms":7965,"wall_ms":1791536431588.0}
S03R {"event":"prediction","history_size":20,"position":[6.08333349227905,0.00100005290005356,10.3333473205566],"predicted_tick":338,"role":"client","tick":338,"time_ms":7969,"wall_ms":1791536431591.0,"yaw":1.57079637050629}
S03R {"event":"state_receive","role":"client","rows":[{"entity":1,"sequence":323,"tick":486},{"entity":2,"sequence":319,"tick":486}],"time_ms":7977,"wall_ms":1791536431599.0}
S03R {"authority_install_error_m":0.0,"entity":1,"event":"apply","pose":{"control":1,"durable":2,"entity":1,"last_input_tick":323,"position":[0.0,0.00100011611357331,10.9999923706055],"receipt_ms":7977,"sequence":323,"tick":486,"velocity":[0.0,0.0,0.0],"yaw":0.0},"position":[0.0,0.00100011611357331,10.9999923706055],"time_ms":7979,"wall_ms":1791536431602.0,"yaw":0.0}
S03R {"ack_input_tick":319,"cause":"none","correction_m":0.0,"correction_yaw_deg":0.0,"event":"correction","history_exhausted":false,"replay_frames":19,"replay_usec":127,"role":"client","tick":339,"time_ms":7982,"wall_ms":1791536431604.0}
S03R {"authority_install_error_m":0.0,"entity":2,"event":"apply","pose":{"control":1,"durable":2,"entity":2,"last_input_tick":319,"position":[6.83333492279053,0.00100005290005356,10.3333473205566],"receipt_ms":7977,"sequence":319,"tick":486,"velocity":[0.0,0.0,0.0],"yaw":0.0},"position":[6.08333349227905,0.00100005290005356,10.3333473205566],"time_ms":7984,"wall_ms":1791536431607.0,"yaw":1.57079637050629}
S03R {"event":"prediction","history_size":20,"position":[6.0,0.00100005290005356,10.3333473205566],"predicted_tick":339,"role":"client","tick":339,"time_ms":7987,"wall_ms":1791536431609.0,"yaw":1.57079637050629}
S03R {"aim_yaw":1.5707963267949,"event":"input_send","index":12,"move":[-1.0,0.0],"role":"client","sample_ticks_ms":8006,"sample_wall_ms":1791536431629.0,"send_ticks_ms":8006,"send_wall_ms":1791536431629.0,"sequence":340,"time_ms":8006,"wall_ms":1791536431629.0}
S03R {"event":"prediction","history_size":21,"position":[5.91666650772095,0.00100005290005356,10.3333473205566],"predicted_tick":340,"role":"client","tick":340,"time_ms":8011,"wall_ms":1791536431633.0,"yaw":1.57079637050629}
S03R {"event":"prediction","history_size":22,"position":[5.83333301544189,0.00100005290005356,10.3333473205566],"predicted_tick":341,"role":"client","tick":341,"time_ms":8014,"wall_ms":1791536431636.0,"yaw":1.57079637050629}
S03R {"aim_yaw":0.0,"event":"keys","move":[0.0,0.0],"role":"client","tick":342,"time_ms":8037,"wall_ms":1791536431659.0}
S03R {"event":"prediction","history_size":23,"position":[5.83333301544189,0.00100005290005356,10.3333473205566],"predicted_tick":342,"role":"client","tick":342,"time_ms":8040,"wall_ms":1791536431662.0,"yaw":0.0}
S03R {"event":"prediction","history_size":24,"position":[5.83333301544189,0.00100005290005356,10.3333473205566],"predicted_tick":343,"role":"client","tick":343,"time_ms":8045,"wall_ms":1791536431668.0,"yaw":0.0}
S03R {"event":"prediction","history_size":25,"position":[5.83333301544189,0.00100005290005356,10.3333473205566],"predicted_tick":344,"role":"client","tick":344,"time_ms":8068,"wall_ms":1791536431690.0,"yaw":0.0}
S03R {"event":"state_receive","role":"client","rows":[{"entity":1,"sequence":326,"tick":489},{"entity":2,"sequence":323,"tick":489}],"time_ms":8071,"wall_ms":1791536431693.0}
S03R {"authority_install_error_m":0.0,"entity":1,"event":"apply","pose":{"control":1,"durable":2,"entity":1,"last_input_tick":326,"position":[0.0,0.00100011611357331,10.9999923706055],"receipt_ms":8071,"sequence":326,"tick":489,"velocity":[0.0,0.0,0.0],"yaw":0.0},"position":[0.0,0.00100011611357331,10.9999923706055],"time_ms":8075,"wall_ms":1791536431698.0,"yaw":0.0}
S03R {"ack_input_tick":323,"cause":"none","correction_m":0.0,"correction_yaw_deg":0.0,"event":"correction","history_exhausted":false,"replay_frames":21,"replay_usec":130,"role":"client","tick":345,"time_ms":8080,"wall_ms":1791536431702.0}
S03R {"authority_install_error_m":0.0,"entity":2,"event":"apply","pose":{"control":1,"durable":2,"entity":2,"last_input_tick":323,"position":[6.83333492279053,0.00100005290005356,10.3333473205566],"receipt_ms":8071,"sequence":323,"tick":489,"velocity":[0.0,0.0,0.0],"yaw":0.0},"position":[5.83333301544189,0.00100005290005356,10.3333473205566],"time_ms":8082,"wall_ms":1791536431704.0,"yaw":0.0}
S03R {"event":"prediction","history_size":22,"position":[5.83333301544189,0.00100005290005356,10.3333473205566],"predicted_tick":345,"role":"client","tick":345,"time_ms":8086,"wall_ms":1791536431709.0,"yaw":0.0}
S03R {"event":"state_receive","role":"client","rows":[{"entity":1,"sequence":329,"tick":492},{"entity":2,"sequence":328,"tick":492}],"time_ms":8089,"wall_ms":1791536431711.0}
S03R {"authority_install_error_m":0.0,"entity":1,"event":"apply","pose":{"control":1,"durable":2,"entity":1,"last_input_tick":329,"position":[0.0,0.00100011611357331,10.9999923706055],"receipt_ms":8089,"sequence":329,"tick":492,"velocity":[0.0,0.0,0.0],"yaw":0.0},"position":[0.0,0.00100011611357331,10.9999923706055],"time_ms":8092,"wall_ms":1791536431714.0,"yaw":0.0}
S03R {"ack_input_tick":328,"cause":"none","correction_m":0.0,"correction_yaw_deg":0.0,"event":"correction","history_exhausted":false,"replay_frames":17,"replay_usec":111,"role":"client","tick":346,"time_ms":8094,"wall_ms":1791536431716.0}
S03R {"authority_install_error_m":0.0,"entity":2,"event":"apply","pose":{"control":1,"durable":2,"entity":2,"last_input_tick":328,"position":[6.83333492279053,0.00100005290005356,10.3333473205566],"receipt_ms":8089,"sequence":328,"tick":492,"velocity":[0.0,0.0,0.0],"yaw":0.0},"position":[5.83333301544189,0.00100005290005356,10.3333473205566],"time_ms":8096,"wall_ms":1791536431718.0,"yaw":0.0}
S03R {"event":"prediction","history_size":18,"position":[5.83333301544189,0.00100005290005356,10.3333473205566],"predicted_tick":346,"role":"client","tick":346,"time_ms":8099,"wall_ms":1791536431721.0,"yaw":0.0}
S03R {"event":"prediction","history_size":19,"position":[5.83333301544189,0.00100005290005356,10.3333473205566],"predicted_tick":347,"role":"client","tick":347,"time_ms":8105,"wall_ms":1791536431728.0,"yaw":0.0}
S03R {"event":"prediction","history_size":20,"position":[5.83333301544189,0.00100005290005356,10.3333473205566],"predicted_tick":348,"role":"client","tick":348,"time_ms":8131,"wall_ms":1791536431753.0,"yaw":0.0}
S03R {"event":"prediction","history_size":21,"position":[5.83333301544189,0.00100005290005356,10.3333473205566],"predicted_tick":349,"role":"client","tick":349,"time_ms":8147,"wall_ms":1791536431769.0,"yaw":0.0}
S03R {"event":"state_receive","role":"client","rows":[{"entity":1,"sequence":332,"tick":495},{"entity":2,"sequence":332,"tick":495}],"time_ms":8150,"wall_ms":1791536431772.0}
S03R {"authority_install_error_m":0.0,"entity":1,"event":"apply","pose":{"control":1,"durable":2,"entity":1,"last_input_tick":332,"position":[0.0,0.00100011611357331,10.9999923706055],"receipt_ms":8150,"sequence":332,"tick":495,"velocity":[0.0,0.0,0.0],"yaw":0.0},"position":[0.0,0.00100011611357331,10.9999923706055],"time_ms":8154,"wall_ms":1791536431776.0,"yaw":0.0}
S03R {"ack_input_tick":332,"cause":"held_timing_or_delivery","correction_m":0.0833334922790527,"correction_yaw_deg":0.0,"event":"correction","history_exhausted":false,"replay_frames":17,"replay_usec":123,"role":"client","tick":350,"time_ms":8156,"wall_ms":1791536431778.0}
S03R {"authority_install_error_m":0.0,"entity":2,"event":"apply","pose":{"control":1,"durable":2,"entity":2,"last_input_tick":332,"position":[6.66666793823242,0.00100005290005356,10.3333473205566],"receipt_ms":8150,"sequence":332,"tick":495,"velocity":[-5.0,0.0,0.0],"yaw":1.57079637050629},"position":[5.91666650772095,0.00100005290005356,10.3333473205566],"time_ms":8159,"wall_ms":1791536431781.0,"yaw":0.0}
S03R {"event":"prediction","history_size":18,"position":[5.91666650772095,0.00100005290005356,10.3333473205566],"predicted_tick":350,"role":"client","tick":350,"time_ms":8162,"wall_ms":1791536431784.0,"yaw":0.0}
S03R {"event":"state_receive","role":"client","rows":[{"entity":1,"sequence":335,"tick":498},{"entity":2,"sequence":334,"tick":498}],"time_ms":8165,"wall_ms":1791536431787.0}
S03R {"authority_install_error_m":0.0,"entity":1,"event":"apply","pose":{"control":1,"durable":2,"entity":1,"last_input_tick":335,"position":[0.0,0.00100011611357331,10.9999923706055],"receipt_ms":8165,"sequence":335,"tick":498,"velocity":[0.0,0.0,0.0],"yaw":0.0},"position":[0.0,0.00100011611357331,10.9999923706055],"time_ms":8169,"wall_ms":1791536431791.0,"yaw":0.0}
S03R {"ack_input_tick":334,"cause":"none","correction_m":0.0,"correction_yaw_deg":0.0,"event":"correction","history_exhausted":false,"replay_frames":16,"replay_usec":189,"role":"client","tick":351,"time_ms":8173,"wall_ms":1791536431796.0}
S03R {"authority_install_error_m":0.0,"entity":2,"event":"apply","pose":{"control":1,"durable":2,"entity":2,"last_input_tick":334,"position":[6.50000095367432,0.00100005290005356,10.3333473205566],"receipt_ms":8165,"sequence":334,"tick":498,"velocity":[0.0,0.0,0.0],"yaw":1.57079637050629},"position":[5.91666650772095,0.00100005290005356,10.3333473205566],"time_ms":8178,"wall_ms":1791536431801.0,"yaw":0.0}
S03R {"event":"prediction","history_size":17,"position":[5.91666650772095,0.00100005290005356,10.3333473205566],"predicted_tick":351,"role":"client","tick":351,"time_ms":8180,"wall_ms":1791536431802.0,"yaw":0.0}
S03R {"event":"prediction","history_size":18,"position":[5.91666650772095,0.00100005290005356,10.3333473205566],"predicted_tick":352,"role":"client","tick":352,"time_ms":8184,"wall_ms":1791536431805.0,"yaw":0.0}
S03R {"event":"prediction","history_size":19,"position":[5.91666650772095,0.00100005290005356,10.3333473205566],"predicted_tick":353,"role":"client","tick":353,"time_ms":8209,"wall_ms":1791536431831.0,"yaw":0.0}
S03R {"event":"prediction","history_size":20,"position":[5.91666650772095,0.00100005290005356,10.3333473205566],"predicted_tick":354,"role":"client","tick":354,"time_ms":8224,"wall_ms":1791536431847.0,"yaw":0.0}
S03R {"event":"prediction","history_size":21,"position":[5.91666650772095,0.00100005290005356,10.3333473205566],"predicted_tick":355,"role":"client","tick":355,"time_ms":8238,"wall_ms":1791536431860.0,"yaw":0.0}
S03R {"event":"prediction","history_size":22,"position":[5.91666650772095,0.00100005290005356,10.3333473205566],"predicted_tick":356,"role":"client","tick":356,"time_ms":8255,"wall_ms":1791536431877.0,"yaw":0.0}
S03R {"event":"state_receive","role":"client","rows":[{"entity":1,"sequence":338,"tick":501},{"entity":2,"sequence":338,"tick":501}],"time_ms":8270,"wall_ms":1791536431892.0}
S03R {"authority_install_error_m":0.0,"entity":1,"event":"apply","pose":{"control":1,"durable":2,"entity":1,"last_input_tick":338,"position":[0.0,0.00100011611357331,10.9999923706055],"receipt_ms":8270,"sequence":338,"tick":501,"velocity":[0.0,0.0,0.0],"yaw":0.0},"position":[0.0,0.00100011611357331,10.9999923706055],"time_ms":8273,"wall_ms":1791536431895.0,"yaw":0.0}
S03R {"ack_input_tick":338,"cause":"held_timing_or_delivery","correction_m":0.250000476837158,"correction_yaw_deg":0.0,"event":"correction","history_exhausted":false,"replay_frames":18,"replay_usec":215,"role":"client","tick":357,"time_ms":8278,"wall_ms":1791536431900.0}
S03R {"authority_install_error_m":0.0,"entity":2,"event":"apply","pose":{"control":1,"durable":2,"entity":2,"last_input_tick":338,"position":[6.41666746139526,0.00100005290005356,10.3333473205566],"receipt_ms":8270,"sequence":338,"tick":501,"velocity":[-5.0,0.0,0.0],"yaw":1.57079637050629},"position":[6.16666698455811,0.00100005290005356,10.3333473205566],"time_ms":8282,"wall_ms":1791536431904.0,"yaw":0.0}
S03R {"event":"prediction","history_size":19,"position":[6.16666698455811,0.00100005290005356,10.3333473205566],"predicted_tick":357,"role":"client","tick":357,"time_ms":8287,"wall_ms":1791536431909.0,"yaw":0.0}
S03R {"event":"prediction","history_size":20,"position":[6.16666698455811,0.00100005290005356,10.3333473205566],"predicted_tick":358,"role":"client","tick":358,"time_ms":8291,"wall_ms":1791536431914.0,"yaw":0.0}
S03R {"event":"prediction","history_size":21,"position":[6.16666698455811,0.00100005290005356,10.3333473205566],"predicted_tick":359,"role":"client","tick":359,"time_ms":8301,"wall_ms":1791536431923.0,"yaw":0.0}
S03R {"aim_yaw":0.0,"event":"input","index":13,"move":[0.0,-1.0],"position":[6.16666698455811,0.00100005290005356,10.3333473205566],"role":"client","sequence_floor":360,"tick":360,"time_ms":8316,"wall_ms":1791536431938.0,"yaw":0.0}
S03R {"aim_yaw":0.0,"event":"keys","move":[0.0,-1.0],"role":"client","tick":360,"time_ms":8319,"wall_ms":1791536431941.0}
S03R {"aim_yaw":0.0,"event":"input_send","index":13,"move":[0.0,-1.0],"role":"client","sample_ticks_ms":8323,"sample_wall_ms":1791536431945.0,"send_ticks_ms":8323,"send_wall_ms":1791536431945.0,"sequence":360,"time_ms":8323,"wall_ms":1791536431945.0}
S03R {"event":"prediction","history_size":22,"position":[6.16666698455811,0.00100005290005356,10.2500143051147],"predicted_tick":360,"role":"client","tick":360,"time_ms":8328,"wall_ms":1791536431950.0,"yaw":0.0}
S03R {"event":"prediction","history_size":23,"position":[6.16666698455811,0.00100005290005356,10.1666812896729],"predicted_tick":361,"role":"client","tick":361,"time_ms":8333,"wall_ms":1791536431956.0,"yaw":0.0}
S03R {"event":"state_receive","role":"client","rows":[{"entity":1,"sequence":341,"tick":504},{"entity":2,"sequence":341,"tick":504}],"time_ms":8347,"wall_ms":1791536431969.0}
S03R {"aim_yaw":0.0,"event":"input_send","index":13,"move":[0.0,-1.0],"role":"client","sample_ticks_ms":8351,"sample_wall_ms":1791536431973.0,"send_ticks_ms":8351,"send_wall_ms":1791536431973.0,"sequence":362,"time_ms":8351,"wall_ms":1791536431973.0}
S03R {"authority_install_error_m":0.0,"entity":1,"event":"apply","pose":{"control":1,"durable":2,"entity":1,"last_input_tick":341,"position":[0.0,0.00100011611357331,10.9999923706055],"receipt_ms":8347,"sequence":341,"tick":504,"velocity":[0.0,0.0,0.0],"yaw":0.0},"position":[0.0,0.00100011611357331,10.9999923706055],"time_ms":8353,"wall_ms":1791536431976.0,"yaw":0.0}
S03R {"ack_input_tick":341,"cause":"none","correction_m":0.0,"correction_yaw_deg":0.0,"event":"correction","history_exhausted":false,"replay_frames":20,"replay_usec":145,"role":"client","tick":362,"time_ms":8356,"wall_ms":1791536431978.0}
S03R {"authority_install_error_m":0.0,"entity":2,"event":"apply","pose":{"control":1,"durable":2,"entity":2,"last_input_tick":341,"position":[6.16666698455811,0.00100005290005356,10.3333473205566],"receipt_ms":8347,"sequence":341,"tick":504,"velocity":[-5.0,0.0,0.0],"yaw":1.57079637050629},"position":[6.16666698455811,0.00100005290005356,10.1666812896729],"time_ms":8358,"wall_ms":1791536431981.0,"yaw":0.0}
S03R {"event":"prediction","history_size":21,"position":[6.16666698455811,0.00100005290005356,10.083348274231],"predicted_tick":362,"role":"client","tick":362,"time_ms":8361,"wall_ms":1791536431982.0,"yaw":0.0}
S03R {"event":"prediction","history_size":22,"position":[6.16666698455811,0.00100005290005356,10.0000152587891],"predicted_tick":363,"role":"client","tick":363,"time_ms":8378,"wall_ms":1791536432000.0,"yaw":0.0}
S03R {"event":"state_receive","role":"client","rows":[{"entity":1,"sequence":347,"tick":510},{"entity":2,"sequence":346,"tick":510}],"time_ms":8381,"wall_ms":1791536432004.0}
S03R {"aim_yaw":0.0,"event":"input_send","index":13,"move":[0.0,-1.0],"role":"client","sample_ticks_ms":8385,"sample_wall_ms":1791536432007.0,"send_ticks_ms":8385,"send_wall_ms":1791536432007.0,"sequence":364,"time_ms":8385,"wall_ms":1791536432007.0}
S03R {"authority_install_error_m":0.0,"entity":1,"event":"apply","pose":{"control":1,"durable":2,"entity":1,"last_input_tick":347,"position":[0.0,0.00100011611357331,10.9999923706055],"receipt_ms":8381,"sequence":347,"tick":510,"velocity":[0.0,0.0,0.0],"yaw":0.0},"position":[0.0,0.00100011611357331,10.9999923706055],"time_ms":8387,"wall_ms":1791536432010.0,"yaw":0.0}
S03R {"ack_input_tick":346,"cause":"none","correction_m":0.0,"correction_yaw_deg":0.0,"event":"correction","history_exhausted":false,"replay_frames":17,"replay_usec":116,"role":"client","tick":364,"time_ms":8390,"wall_ms":1791536432011.0}
S03R {"authority_install_error_m":0.0,"entity":2,"event":"apply","pose":{"control":1,"durable":2,"entity":2,"last_input_tick":346,"position":[6.16666698455811,0.00100005290005356,10.3333473205566],"receipt_ms":8381,"sequence":346,"tick":510,"velocity":[0.0,0.0,0.0],"yaw":0.0},"position":[6.16666698455811,0.00100005290005356,10.0000152587891],"time_ms":8392,"wall_ms":1791536432014.0,"yaw":0.0}
S03R {"event":"prediction","history_size":18,"position":[6.16666698455811,0.00100005290005356,9.91668224334717],"predicted_tick":364,"role":"client","tick":364,"time_ms":8394,"wall_ms":1791536432016.0,"yaw":0.0}
S03R {"event":"prediction","history_size":19,"position":[6.16666698455811,0.00100005290005356,9.83334922790527],"predicted_tick":365,"role":"client","tick":365,"time_ms":8399,"wall_ms":1791536432022.0,"yaw":0.0}
S03R {"aim_yaw":0.0,"event":"input_send","index":13,"move":[0.0,-1.0],"role":"client","sample_ticks_ms":8424,"sample_wall_ms":1791536432046.0,"send_ticks_ms":8424,"send_wall_ms":1791536432046.0,"sequence":366,"time_ms":8424,"wall_ms":1791536432046.0}
S03R {"event":"prediction","history_size":20,"position":[6.16666698455811,0.00100005290005356,9.75001621246338],"predicted_tick":366,"role":"client","tick":366,"time_ms":8429,"wall_ms":1791536432051.0,"yaw":0.0}
S03R {"event":"state_receive","role":"client","rows":[{"entity":1,"sequence":350,"tick":513},{"entity":2,"sequence":349,"tick":513}],"time_ms":8434,"wall_ms":1791536432056.0}
S03R {"authority_install_error_m":0.0,"entity":1,"event":"apply","pose":{"control":1,"durable":2,"entity":1,"last_input_tick":350,"position":[0.0,0.00100011611357331,10.9999923706055],"receipt_ms":8434,"sequence":350,"tick":513,"velocity":[0.0,0.0,0.0],"yaw":0.0},"position":[0.0,0.00100011611357331,10.9999923706055],"time_ms":8437,"wall_ms":1791536432060.0,"yaw":0.0}
S03R {"ack_input_tick":349,"cause":"none","correction_m":0.0,"correction_yaw_deg":0.0,"event":"correction","history_exhausted":false,"replay_frames":17,"replay_usec":125,"role":"client","tick":367,"time_ms":8445,"wall_ms":1791536432068.0}
S03R {"authority_install_error_m":0.0,"entity":2,"event":"apply","pose":{"control":1,"durable":2,"entity":2,"last_input_tick":349,"position":[6.16666698455811,0.00100005290005356,10.3333473205566],"receipt_ms":8434,"sequence":349,"tick":513,"velocity":[0.0,0.0,0.0],"yaw":0.0},"position":[6.16666698455811,0.00100005290005356,9.75001621246338],"time_ms":8448,"wall_ms":1791536432070.0,"yaw":0.0}
S03R {"event":"prediction","history_size":18,"position":[6.16666698455811,0.00100005290005356,9.66668319702148],"predicted_tick":367,"role":"client","tick":367,"time_ms":8450,"wall_ms":1791536432072.0,"yaw":0.0}
S03R {"aim_yaw":0.0,"event":"input_send","index":13,"move":[0.0,-1.0],"role":"client","sample_ticks_ms":8470,"sample_wall_ms":1791536432093.0,"send_ticks_ms":8470,"send_wall_ms":1791536432093.0,"sequence":368,"time_ms":8470,"wall_ms":1791536432093.0}
S03R {"event":"prediction","history_size":19,"position":[6.16666698455811,0.00100005290005356,9.58335018157959],"predicted_tick":368,"role":"client","tick":368,"time_ms":8473,"wall_ms":1791536432096.0,"yaw":0.0}
S03R {"event":"prediction","history_size":20,"position":[6.16666698455811,0.00100005290005356,9.5000171661377],"predicted_tick":369,"role":"client","tick":369,"time_ms":8477,"wall_ms":1791536432099.0,"yaw":0.0}
S03R {"aim_yaw":0.0,"event":"input_send","index":13,"move":[0.0,-1.0],"role":"client","sample_ticks_ms":8501,"sample_wall_ms":1791536432124.0,"send_ticks_ms":8501,"send_wall_ms":1791536432124.0,"sequence":370,"time_ms":8501,"wall_ms":1791536432124.0}
S03R {"event":"prediction","history_size":21,"position":[6.16666698455811,0.00100005290005356,9.4166841506958],"predicted_tick":370,"role":"client","tick":370,"time_ms":8504,"wall_ms":1791536432126.0,"yaw":0.0}
S03R {"event":"state_receive","role":"client","rows":[{"entity":1,"sequence":353,"tick":516},{"entity":2,"sequence":352,"tick":516}],"time_ms":8507,"wall_ms":1791536432130.0}
S03R {"authority_install_error_m":0.0,"entity":1,"event":"apply","pose":{"control":1,"durable":2,"entity":1,"last_input_tick":353,"position":[0.0,0.00100011611357331,10.9999923706055],"receipt_ms":8507,"sequence":353,"tick":516,"velocity":[0.0,0.0,0.0],"yaw":0.0},"position":[0.0,0.00100011611357331,10.9999923706055],"time_ms":8510,"wall_ms":1791536432132.0,"yaw":0.0}
S03R {"ack_input_tick":352,"cause":"none","correction_m":0.0,"correction_yaw_deg":0.0,"event":"correction","history_exhausted":false,"replay_frames":18,"replay_usec":131,"role":"client","tick":371,"time_ms":8512,"wall_ms":1791536432134.0}
S03R {"authority_install_error_m":0.0,"entity":2,"event":"apply","pose":{"control":1,"durable":2,"entity":2,"last_input_tick":352,"position":[6.16666698455811,0.00100005290005356,10.3333473205566],"receipt_ms":8507,"sequence":352,"tick":516,"velocity":[0.0,0.0,0.0],"yaw":0.0},"position":[6.16666698455811,0.00100005290005356,9.4166841506958],"time_ms":8515,"wall_ms":1791536432137.0,"yaw":0.0}
S03R {"event":"prediction","history_size":19,"position":[6.16666698455811,0.00100005290005356,9.33335113525391],"predicted_tick":371,"role":"client","tick":371,"time_ms":8517,"wall_ms":1791536432138.0,"yaw":0.0}
S03R {"aim_yaw":0.0,"event":"keys","move":[0.0,0.0],"role":"client","tick":372,"time_ms":8534,"wall_ms":1791536432156.0}
S03R {"event":"prediction","history_size":20,"position":[6.16666698455811,0.00100005290005356,9.33335113525391],"predicted_tick":372,"role":"client","tick":372,"time_ms":8536,"wall_ms":1791536432158.0,"yaw":0.0}
S03R {"event":"prediction","history_size":21,"position":[6.16666698455811,0.00100005290005356,9.33335113525391],"predicted_tick":373,"role":"client","tick":373,"time_ms":8541,"wall_ms":1791536432163.0,"yaw":0.0}
S03R {"event":"prediction","history_size":22,"position":[6.16666698455811,0.00100005290005356,9.33335113525391],"predicted_tick":374,"role":"client","tick":374,"time_ms":8564,"wall_ms":1791536432187.0,"yaw":0.0}
S03R {"event":"prediction","history_size":23,"position":[6.16666698455811,0.00100005290005356,9.33335113525391],"predicted_tick":375,"role":"client","tick":375,"time_ms":8579,"wall_ms":1791536432201.0,"yaw":0.0}
S03R {"event":"state_receive","role":"client","rows":[{"entity":1,"sequence":359,"tick":522},{"entity":2,"sequence":356,"tick":522}],"time_ms":8584,"wall_ms":1791536432207.0}
S03R {"authority_install_error_m":0.0,"entity":1,"event":"apply","pose":{"control":1,"durable":2,"entity":1,"last_input_tick":359,"position":[0.0,0.00100011611357331,10.9999923706055],"receipt_ms":8584,"sequence":359,"tick":522,"velocity":[0.0,0.0,0.0],"yaw":0.0},"position":[0.0,0.00100011611357331,10.9999923706055],"time_ms":8595,"wall_ms":1791536432218.0,"yaw":0.0}
S03R {"ack_input_tick":356,"cause":"none","correction_m":0.0,"correction_yaw_deg":0.0,"event":"correction","history_exhausted":false,"replay_frames":19,"replay_usec":770,"role":"client","tick":376,"time_ms":8600,"wall_ms":1791536432222.0}
S03R {"authority_install_error_m":0.0,"entity":2,"event":"apply","pose":{"control":1,"durable":2,"entity":2,"last_input_tick":356,"position":[6.16666698455811,0.00100005290005356,10.3333473205566],"receipt_ms":8584,"sequence":356,"tick":522,"velocity":[0.0,0.0,0.0],"yaw":0.0},"position":[6.16666698455811,0.00100005290005356,9.33335113525391],"time_ms":8604,"wall_ms":1791536432225.0,"yaw":0.0}
S03R {"event":"prediction","history_size":20,"position":[6.16666698455811,0.00100005290005356,9.33335113525391],"predicted_tick":376,"role":"client","tick":376,"time_ms":8608,"wall_ms":1791536432230.0,"yaw":0.0}
S03R {"event":"prediction","history_size":21,"position":[6.16666698455811,0.00100005290005356,9.33335113525391],"predicted_tick":377,"role":"client","tick":377,"time_ms":8613,"wall_ms":1791536432236.0,"yaw":0.0}
S03R {"event":"prediction","history_size":22,"position":[6.16666698455811,0.00100005290005356,9.33335113525391],"predicted_tick":378,"role":"client","tick":378,"time_ms":8627,"wall_ms":1791536432250.0,"yaw":0.0}
S03R {"event":"prediction","history_size":23,"position":[6.16666698455811,0.00100005290005356,9.33335113525391],"predicted_tick":379,"role":"client","tick":379,"time_ms":8641,"wall_ms":1791536432263.0,"yaw":0.0}
S03R {"event":"state_receive","role":"client","rows":[{"entity":1,"sequence":362,"tick":525},{"entity":2,"sequence":360,"tick":525}],"time_ms":8645,"wall_ms":1791536432266.0}
S03R {"authority_install_error_m":0.0,"entity":1,"event":"apply","pose":{"control":1,"durable":2,"entity":1,"last_input_tick":362,"position":[0.0,0.00100011611357331,10.9999923706055],"receipt_ms":8645,"sequence":362,"tick":525,"velocity":[0.0,0.0,0.0],"yaw":0.0},"position":[0.0,0.00100011611357331,10.9999923706055],"time_ms":8656,"wall_ms":1791536432278.0,"yaw":0.0}
S03R {"ack_input_tick":360,"cause":"none","correction_m":0.0,"correction_yaw_deg":0.0,"event":"correction","history_exhausted":false,"replay_frames":19,"replay_usec":171,"role":"client","tick":380,"time_ms":8659,"wall_ms":1791536432282.0}
S03R {"authority_install_error_m":0.0,"entity":2,"event":"apply","pose":{"control":1,"durable":2,"entity":2,"last_input_tick":360,"position":[6.16666698455811,0.00100005290005356,10.2500143051147],"receipt_ms":8645,"sequence":360,"tick":525,"velocity":[0.0,0.0,-5.0],"yaw":0.0},"position":[6.16666698455811,0.00100005290005356,9.33335113525391],"time_ms":8663,"wall_ms":1791536432286.0,"yaw":0.0}
S03R {"event":"prediction","history_size":20,"position":[6.16666698455811,0.00100005290005356,9.33335113525391],"predicted_tick":380,"role":"client","tick":380,"time_ms":8667,"wall_ms":1791536432290.0,"yaw":0.0}
S03R {"event":"prediction","history_size":21,"position":[6.16666698455811,0.00100005290005356,9.33335113525391],"predicted_tick":381,"role":"client","tick":381,"time_ms":8687,"wall_ms":1791536432309.0,"yaw":0.0}
S03R {"event":"prediction","history_size":22,"position":[6.16666698455811,0.00100005290005356,9.33335113525391],"predicted_tick":382,"role":"client","tick":382,"time_ms":8702,"wall_ms":1791536432324.0,"yaw":0.0}
S03R {"event":"prediction","history_size":23,"position":[6.16666698455811,0.00100005290005356,9.33335113525391],"predicted_tick":383,"role":"client","tick":383,"time_ms":8714,"wall_ms":1791536432337.0,"yaw":0.0}
S03R {"event":"state_receive","role":"client","rows":[{"entity":1,"sequence":365,"tick":528},{"entity":2,"sequence":363,"tick":528}],"time_ms":8718,"wall_ms":1791536432341.0}
S03R {"authority_install_error_m":0.0,"entity":1,"event":"apply","pose":{"control":1,"durable":2,"entity":1,"last_input_tick":365,"position":[0.0,0.00100011611357331,10.9999923706055],"receipt_ms":8718,"sequence":365,"tick":528,"velocity":[0.0,0.0,0.0],"yaw":0.0},"position":[0.0,0.00100011611357331,10.9999923706055],"time_ms":8735,"wall_ms":1791536432356.0,"yaw":0.0}
S03R {"ack_input_tick":363,"cause":"none","correction_m":0.0,"correction_yaw_deg":0.0,"event":"correction","history_exhausted":false,"replay_frames":20,"replay_usec":230,"role":"client","tick":384,"time_ms":8739,"wall_ms":1791536432361.0}
S03R {"authority_install_error_m":0.0,"entity":2,"event":"apply","pose":{"control":1,"durable":2,"entity":2,"last_input_tick":363,"position":[6.16666698455811,0.00100005290005356,10.0000152587891],"receipt_ms":8718,"sequence":363,"tick":528,"velocity":[0.0,0.0,-5.0],"yaw":0.0},"position":[6.16666698455811,0.00100005290005356,9.33335113525391],"time_ms":8743,"wall_ms":1791536432365.0,"yaw":0.0}
S03R {"event":"prediction","history_size":21,"position":[6.16666698455811,0.00100005290005356,9.33335113525391],"predicted_tick":384,"role":"client","tick":384,"time_ms":8747,"wall_ms":1791536432370.0,"yaw":0.0}
S03R {"event":"prediction","history_size":22,"position":[6.16666698455811,0.00100005290005356,9.33335113525391],"predicted_tick":385,"role":"client","tick":385,"time_ms":8754,"wall_ms":1791536432376.0,"yaw":0.0}
S03R {"event":"prediction","history_size":23,"position":[6.16666698455811,0.00100005290005356,9.33335113525391],"predicted_tick":386,"role":"client","tick":386,"time_ms":8765,"wall_ms":1791536432388.0,"yaw":0.0}
S03R {"event":"state_receive","role":"client","rows":[{"entity":1,"sequence":371,"tick":534},{"entity":2,"sequence":373,"tick":534}],"time_ms":8768,"wall_ms":1791536432391.0}
S03R {"authority_install_error_m":0.0,"entity":1,"event":"apply","pose":{"control":1,"durable":2,"entity":1,"last_input_tick":371,"position":[0.0,0.00100011611357331,10.9999923706055],"receipt_ms":8768,"sequence":371,"tick":534,"velocity":[0.0,0.0,0.0],"yaw":0.0},"position":[0.0,0.00100011611357331,10.9999923706055],"time_ms":8781,"wall_ms":1791536432403.0,"yaw":0.0}
S03R {"ack_input_tick":373,"cause":"held_timing_or_delivery","correction_m":0.416665077209473,"correction_yaw_deg":0.0,"event":"correction","history_exhausted":false,"replay_frames":13,"replay_usec":103,"role":"client","tick":387,"time_ms":8789,"wall_ms":1791536432411.0}
S03R {"authority_install_error_m":0.0,"entity":2,"event":"apply","pose":{"control":1,"durable":2,"entity":2,"last_input_tick":373,"position":[6.16666698455811,0.00100005290005356,9.75001621246338],"receipt_ms":8768,"sequence":373,"tick":534,"velocity":[0.0,0.0,0.0],"yaw":0.0},"position":[6.16666698455811,0.00100005290005356,9.75001621246338],"time_ms":8794,"wall_ms":1791536432416.0,"yaw":0.0}
S03R {"event":"prediction","history_size":14,"position":[6.16666698455811,0.00100005290005356,9.75001621246338],"predicted_tick":387,"role":"client","tick":387,"time_ms":8799,"wall_ms":1791536432421.0,"yaw":0.0}
S03R {"event":"prediction","history_size":15,"position":[6.16666698455811,0.00100005290005356,9.75001621246338],"predicted_tick":388,"role":"client","tick":388,"time_ms":8804,"wall_ms":1791536432426.0,"yaw":0.0}
S03R {"event":"prediction","history_size":16,"position":[6.16666698455811,0.00100005290005356,9.75001621246338],"predicted_tick":389,"role":"client","tick":389,"time_ms":8813,"wall_ms":1791536432435.0,"yaw":0.0}
S03R {"aim_yaw":-1.5707963267949,"event":"input","index":14,"move":[1.0,0.0],"position":[6.16666698455811,0.00100005290005356,9.75001621246338],"role":"client","sequence_floor":390,"tick":390,"time_ms":8828,"wall_ms":1791536432451.0,"yaw":0.0}
S03R {"aim_yaw":-1.5707963267949,"event":"keys","move":[1.0,0.0],"role":"client","tick":390,"time_ms":8831,"wall_ms":1791536432453.0}
S03R {"aim_yaw":-1.5707963267949,"event":"input_send","index":14,"move":[1.0,0.0],"role":"client","sample_ticks_ms":8834,"sample_wall_ms":1791536432456.0,"send_ticks_ms":8834,"send_wall_ms":1791536432456.0,"sequence":390,"time_ms":8834,"wall_ms":1791536432456.0}
S03R {"event":"prediction","history_size":17,"position":[6.25000047683716,0.00100005290005356,9.75001621246338],"predicted_tick":390,"role":"client","tick":390,"time_ms":8836,"wall_ms":1791536432458.0,"yaw":-1.57079637050629}
S03R {"event":"state_receive","role":"client","rows":[{"entity":1,"sequence":374,"tick":537},{"entity":2,"sequence":376,"tick":537}],"time_ms":8839,"wall_ms":1791536432461.0}
S03R {"authority_install_error_m":0.0,"entity":1,"event":"apply","pose":{"control":1,"durable":2,"entity":1,"last_input_tick":374,"position":[0.0,0.00100011611357331,10.9999923706055],"receipt_ms":8839,"sequence":374,"tick":537,"velocity":[0.0,0.0,0.0],"yaw":0.0},"position":[0.0,0.00100011611357331,10.9999923706055],"time_ms":8842,"wall_ms":1791536432464.0,"yaw":0.0}
S03R {"ack_input_tick":376,"cause":"none","correction_m":0.0,"correction_yaw_deg":0.0,"event":"correction","history_exhausted":false,"replay_frames":14,"replay_usec":101,"role":"client","tick":391,"time_ms":8845,"wall_ms":1791536432468.0}
S03R {"authority_install_error_m":0.0,"entity":2,"event":"apply","pose":{"control":1,"durable":2,"entity":2,"last_input_tick":376,"position":[6.16666698455811,0.00100005290005356,9.75001621246338],"receipt_ms":8839,"sequence":376,"tick":537,"velocity":[0.0,0.0,0.0],"yaw":0.0},"position":[6.25000047683716,0.00100005290005356,9.75001621246338],"time_ms":8849,"wall_ms":1791536432472.0,"yaw":-1.57079637050629}
S03R {"event":"prediction","history_size":15,"position":[6.33333396911621,0.00100005290005356,9.75001621246338],"predicted_tick":391,"role":"client","tick":391,"time_ms":8853,"wall_ms":1791536432475.0,"yaw":-1.57079637050629}
S03R {"aim_yaw":-1.5707963267949,"event":"input_send","index":14,"move":[1.0,0.0],"role":"client","sample_ticks_ms":8858,"sample_wall_ms":1791536432481.0,"send_ticks_ms":8858,"send_wall_ms":1791536432481.0,"sequence":392,"time_ms":8858,"wall_ms":1791536432481.0}
S03R {"event":"prediction","history_size":16,"position":[6.41666746139526,0.00100005290005356,9.75001621246338],"predicted_tick":392,"role":"client","tick":392,"time_ms":8861,"wall_ms":1791536432483.0,"yaw":-1.57079637050629}
S03R {"event":"prediction","history_size":17,"position":[6.50000095367432,0.00100005290005356,9.75001621246338],"predicted_tick":393,"role":"client","tick":393,"time_ms":8865,"wall_ms":1791536432488.0,"yaw":-1.57079637050629}
S03R {"event":"state_receive","role":"client","rows":[{"entity":1,"sequence":377,"tick":540},{"entity":2,"sequence":378,"tick":540}],"time_ms":8877,"wall_ms":1791536432499.0}
S03R {"aim_yaw":-1.5707963267949,"event":"input_send","index":14,"move":[1.0,0.0],"role":"client","sample_ticks_ms":8890,"sample_wall_ms":1791536432512.0,"send_ticks_ms":8890,"send_wall_ms":1791536432513.0,"sequence":394,"time_ms":8890,"wall_ms":1791536432513.0}
S03R {"authority_install_error_m":0.0,"entity":1,"event":"apply","pose":{"control":1,"durable":2,"entity":1,"last_input_tick":377,"position":[0.0,0.00100011611357331,10.9999923706055],"receipt_ms":8877,"sequence":377,"tick":540,"velocity":[0.0,0.0,0.0],"yaw":0.0},"position":[0.0,0.00100011611357331,10.9999923706055],"time_ms":8893,"wall_ms":1791536432516.0,"yaw":0.0}
S03R {"ack_input_tick":378,"cause":"none","correction_m":0.0,"correction_yaw_deg":0.0,"event":"correction","history_exhausted":false,"replay_frames":15,"replay_usec":116,"role":"client","tick":394,"time_ms":8897,"wall_ms":1791536432520.0}
S03R {"authority_install_error_m":0.0,"entity":2,"event":"apply","pose":{"control":1,"durable":2,"entity":2,"last_input_tick":378,"position":[6.16666698455811,0.00100005290005356,9.75001621246338],"receipt_ms":8877,"sequence":378,"tick":540,"velocity":[0.0,0.0,0.0],"yaw":0.0},"position":[6.50000095367432,0.00100005290005356,9.75001621246338],"time_ms":8902,"wall_ms":1791536432524.0,"yaw":-1.57079637050629}
S03R {"event":"prediction","history_size":16,"position":[6.58333444595337,0.00100005290005356,9.75001621246338],"predicted_tick":394,"role":"client","tick":394,"time_ms":8904,"wall_ms":1791536432527.0,"yaw":-1.57079637050629}
S03R {"event":"prediction","history_size":17,"position":[6.66666793823242,0.00100005290005356,9.75001621246338],"predicted_tick":395,"role":"client","tick":395,"time_ms":8909,"wall_ms":1791536432531.0,"yaw":-1.57079637050629}
S03R {"aim_yaw":-1.5707963267949,"event":"input_send","index":14,"move":[1.0,0.0],"role":"client","sample_ticks_ms":8923,"sample_wall_ms":1791536432544.0,"send_ticks_ms":8923,"send_wall_ms":1791536432544.0,"sequence":396,"time_ms":8923,"wall_ms":1791536432544.0}
S03R {"event":"prediction","history_size":18,"position":[6.75000143051147,0.00100005290005356,9.75001621246338],"predicted_tick":396,"role":"client","tick":396,"time_ms":8928,"wall_ms":1791536432550.0,"yaw":-1.57079637050629}
S03R {"event":"prediction","history_size":19,"position":[6.83333492279053,0.00100005290005356,9.75001621246338],"predicted_tick":397,"role":"client","tick":397,"time_ms":8937,"wall_ms":1791536432560.0,"yaw":-1.57079637050629}
S03R {"event":"state_receive","role":"client","rows":[{"entity":1,"sequence":380,"tick":543},{"entity":2,"sequence":378,"tick":543}],"time_ms":8952,"wall_ms":1791536432574.0}
S03R {"aim_yaw":-1.5707963267949,"event":"input_send","index":14,"move":[1.0,0.0],"role":"client","sample_ticks_ms":8955,"sample_wall_ms":1791536432577.0,"send_ticks_ms":8955,"send_wall_ms":1791536432577.0,"sequence":398,"time_ms":8955,"wall_ms":1791536432577.0}
S03R {"authority_install_error_m":0.0,"entity":1,"event":"apply","pose":{"control":1,"durable":2,"entity":1,"last_input_tick":380,"position":[0.0,0.00100011611357331,10.9999923706055],"receipt_ms":8952,"sequence":380,"tick":543,"velocity":[0.0,0.0,0.0],"yaw":0.0},"position":[0.0,0.00100011611357331,10.9999923706055],"time_ms":8957,"wall_ms":1791536432580.0,"yaw":0.0}
S03R {"ack_input_tick":378,"cause":"none","correction_m":0.0,"correction_yaw_deg":0.0,"event":"correction","history_exhausted":false,"replay_frames":19,"replay_usec":140,"role":"client","tick":398,"time_ms":8960,"wall_ms":1791536432583.0}
S03R {"authority_install_error_m":0.0,"entity":2,"event":"apply","pose":{"control":1,"durable":2,"entity":2,"last_input_tick":378,"position":[6.16666698455811,0.00100005290005356,9.75001621246338],"receipt_ms":8952,"sequence":378,"tick":543,"velocity":[0.0,0.0,0.0],"yaw":0.0},"position":[6.83333492279053,0.00100005290005356,9.75001621246338],"time_ms":8962,"wall_ms":1791536432585.0,"yaw":-1.57079637050629}
S03R {"event":"prediction","history_size":20,"position":[6.91666841506958,0.00100005290005356,9.75001621246338],"predicted_tick":398,"role":"client","tick":398,"time_ms":8965,"wall_ms":1791536432587.0,"yaw":-1.57079637050629}
S03R {"event":"prediction","history_size":21,"position":[7.00000190734863,0.00100005290005356,9.75001621246338],"predicted_tick":399,"role":"client","tick":399,"time_ms":8983,"wall_ms":1791536432605.0,"yaw":-1.57079637050629}
S03R {"aim_yaw":-1.5707963267949,"event":"input_send","index":14,"move":[1.0,0.0],"role":"client","sample_ticks_ms":8998,"sample_wall_ms":1791536432620.0,"send_ticks_ms":8998,"send_wall_ms":1791536432621.0,"sequence":400,"time_ms":8998,"wall_ms":1791536432621.0}
S03R {"event":"prediction","history_size":22,"position":[7.08333539962769,0.00100005290005356,9.75001621246338],"predicted_tick":400,"role":"client","tick":400,"time_ms":9001,"wall_ms":1791536432624.0,"yaw":-1.57079637050629}
S03R {"event":"state_receive","role":"client","rows":[{"entity":1,"sequence":386,"tick":549},{"entity":2,"sequence":384,"tick":549}],"time_ms":9006,"wall_ms":1791536432629.0}
S03R {"authority_install_error_m":0.0,"entity":1,"event":"apply","pose":{"control":1,"durable":2,"entity":1,"last_input_tick":386,"position":[0.0,0.00100011611357331,10.9999923706055],"receipt_ms":9006,"sequence":386,"tick":549,"velocity":[0.0,0.0,0.0],"yaw":0.0},"position":[0.0,0.00100011611357331,10.9999923706055],"time_ms":9010,"wall_ms":1791536432633.0,"yaw":0.0}
S03R {"ack_input_tick":384,"cause":"none","correction_m":0.0,"correction_yaw_deg":0.0,"event":"correction","history_exhausted":false,"replay_frames":16,"replay_usec":200,"role":"client","tick":401,"time_ms":9015,"wall_ms":1791536432637.0}
S03R {"authority_install_error_m":0.0,"entity":2,"event":"apply","pose":{"control":1,"durable":2,"entity":2,"last_input_tick":384,"position":[6.16666698455811,0.00100005290005356,9.75001621246338],"receipt_ms":9006,"sequence":384,"tick":549,"velocity":[0.0,0.0,0.0],"yaw":0.0},"position":[7.08333539962769,0.00100005290005356,9.75001621246338],"time_ms":9019,"wall_ms":1791536432641.0,"yaw":-1.57079637050629}
S03R {"event":"prediction","history_size":17,"position":[7.16666889190674,0.00100005290005356,9.75001621246338],"predicted_tick":401,"role":"client","tick":401,"time_ms":9023,"wall_ms":1791536432645.0,"yaw":-1.57079637050629}
S03R {"aim_yaw":0.0,"event":"keys","move":[0.0,0.0],"role":"client","tick":402,"time_ms":9029,"wall_ms":1791536432651.0}
S03R {"event":"prediction","history_size":18,"position":[7.16666889190674,0.00100005290005356,9.75001621246338],"predicted_tick":402,"role":"client","tick":402,"time_ms":9032,"wall_ms":1791536432655.0,"yaw":0.0}
S03R {"event":"prediction","history_size":19,"position":[7.16666889190674,0.00100005290005356,9.75001621246338],"predicted_tick":403,"role":"client","tick":403,"time_ms":9044,"wall_ms":1791536432666.0,"yaw":0.0}
S03R {"event":"prediction","history_size":20,"position":[7.16666889190674,0.00100005290005356,9.75001621246338],"predicted_tick":404,"role":"client","tick":404,"time_ms":9060,"wall_ms":1791536432682.0,"yaw":0.0}
S03R {"event":"prediction","history_size":21,"position":[7.16666889190674,0.00100005290005356,9.75001621246338],"predicted_tick":405,"role":"client","tick":405,"time_ms":9076,"wall_ms":1791536432698.0,"yaw":0.0}
S03R {"event":"prediction","history_size":22,"position":[7.16666889190674,0.00100005290005356,9.75001621246338],"predicted_tick":406,"role":"client","tick":406,"time_ms":9092,"wall_ms":1791536432715.0,"yaw":0.0}
S03R {"event":"prediction","history_size":23,"position":[7.16666889190674,0.00100005290005356,9.75001621246338],"predicted_tick":407,"role":"client","tick":407,"time_ms":9107,"wall_ms":1791536432730.0,"yaw":0.0}
S03R {"event":"prediction","history_size":24,"position":[7.16666889190674,0.00100005290005356,9.75001621246338],"predicted_tick":408,"role":"client","tick":408,"time_ms":9138,"wall_ms":1791536432761.0,"yaw":0.0}
S03R {"event":"state_receive","role":"client","rows":[{"entity":1,"sequence":389,"tick":552},{"entity":2,"sequence":385,"tick":552}],"time_ms":9149,"wall_ms":1791536432772.0}
S03R {"authority_install_error_m":0.0,"entity":1,"event":"apply","pose":{"control":1,"durable":2,"entity":1,"last_input_tick":389,"position":[0.0,0.00100011611357331,10.9999923706055],"receipt_ms":9149,"sequence":389,"tick":552,"velocity":[0.0,0.0,0.0],"yaw":0.0},"position":[0.0,0.00100011611357331,10.9999923706055],"time_ms":9153,"wall_ms":1791536432775.0,"yaw":0.0}
S03R {"ack_input_tick":385,"cause":"none","correction_m":0.0,"correction_yaw_deg":0.0,"event":"correction","history_exhausted":false,"replay_frames":23,"replay_usec":140,"role":"client","tick":409,"time_ms":9157,"wall_ms":1791536432780.0}
S03R {"authority_install_error_m":0.0,"entity":2,"event":"apply","pose":{"control":1,"durable":2,"entity":2,"last_input_tick":385,"position":[6.16666698455811,0.00100005290005356,9.75001621246338],"receipt_ms":9149,"sequence":385,"tick":552,"velocity":[0.0,0.0,0.0],"yaw":0.0},"position":[7.16666889190674,0.00100005290005356,9.75001621246338],"time_ms":9162,"wall_ms":1791536432784.0,"yaw":0.0}
S03R {"event":"prediction","history_size":24,"position":[7.16666889190674,0.00100005290005356,9.75001621246338],"predicted_tick":409,"role":"client","tick":409,"time_ms":9166,"wall_ms":1791536432788.0,"yaw":0.0}
S03R {"event":"state_receive","role":"client","rows":[{"entity":1,"sequence":392,"tick":555},{"entity":2,"sequence":392,"tick":555}],"time_ms":9170,"wall_ms":1791536432793.0}
S03R {"authority_install_error_m":0.0,"entity":1,"event":"apply","pose":{"control":1,"durable":2,"entity":1,"last_input_tick":392,"position":[0.0,0.00100011611357331,10.9999923706055],"receipt_ms":9170,"sequence":392,"tick":555,"velocity":[0.0,0.0,0.0],"yaw":0.0},"position":[0.0,0.00100011611357331,10.9999923706055],"time_ms":9174,"wall_ms":1791536432796.0,"yaw":0.0}
S03R {"ack_input_tick":392,"cause":"none","correction_m":0.0,"correction_yaw_deg":0.0,"event":"correction","history_exhausted":false,"replay_frames":17,"replay_usec":139,"role":"client","tick":410,"time_ms":9179,"wall_ms":1791536432801.0}
S03R {"authority_install_error_m":0.0,"entity":2,"event":"apply","pose":{"control":1,"durable":2,"entity":2,"last_input_tick":392,"position":[6.41666746139526,0.00100005290005356,9.75001621246338],"receipt_ms":9170,"sequence":392,"tick":555,"velocity":[5.0,0.0,0.0],"yaw":-1.57079637050629},"position":[7.16666889190674,0.00100005290005356,9.75001621246338],"time_ms":9183,"wall_ms":1791536432805.0,"yaw":0.0}
S03R {"event":"prediction","history_size":18,"position":[7.16666889190674,0.00100005290005356,9.75001621246338],"predicted_tick":410,"role":"client","tick":410,"time_ms":9185,"wall_ms":1791536432808.0,"yaw":0.0}
S03R {"event":"prediction","history_size":19,"position":[7.16666889190674,0.00100005290005356,9.75001621246338],"predicted_tick":411,"role":"client","tick":411,"time_ms":9188,"wall_ms":1791536432811.0,"yaw":0.0}
S03R {"event":"prediction","history_size":20,"position":[7.16666889190674,0.00100005290005356,9.75001621246338],"predicted_tick":412,"role":"client","tick":412,"time_ms":9201,"wall_ms":1791536432823.0,"yaw":0.0}
S03R {"event":"prediction","history_size":21,"position":[7.16666889190674,0.00100005290005356,9.75001621246338],"predicted_tick":413,"role":"client","tick":413,"time_ms":9205,"wall_ms":1791536432827.0,"yaw":0.0}
S03R {"event":"prediction","history_size":22,"position":[7.16666889190674,0.00100005290005356,9.75001621246338],"predicted_tick":414,"role":"client","tick":414,"time_ms":9231,"wall_ms":1791536432853.0,"yaw":0.0}
S03R {"event":"state_receive","role":"client","rows":[{"entity":1,"sequence":398,"tick":561},{"entity":2,"sequence":397,"tick":561}],"time_ms":9235,"wall_ms":1791536432858.0}
S03R {"authority_install_error_m":0.0,"entity":1,"event":"apply","pose":{"control":1,"durable":2,"entity":1,"last_input_tick":398,"position":[0.0,0.00100011611357331,10.9999923706055],"receipt_ms":9235,"sequence":398,"tick":561,"velocity":[0.0,0.0,0.0],"yaw":0.0},"position":[0.0,0.00100011611357331,10.9999923706055],"time_ms":9239,"wall_ms":1791536432861.0,"yaw":0.0}
S03R {"ack_input_tick":397,"cause":"none","correction_m":0.0,"correction_yaw_deg":0.0,"event":"correction","history_exhausted":false,"replay_frames":17,"replay_usec":148,"role":"client","tick":415,"time_ms":9242,"wall_ms":1791536432865.0}
S03R {"authority_install_error_m":0.0,"entity":2,"event":"apply","pose":{"control":1,"durable":2,"entity":2,"last_input_tick":397,"position":[6.83333492279053,0.00100005290005356,9.75001621246338],"receipt_ms":9235,"sequence":397,"tick":561,"velocity":[5.0,0.0,0.0],"yaw":-1.57079637050629},"position":[7.16666889190674,0.00100005290005356,9.75001621246338],"time_ms":9244,"wall_ms":1791536432866.0,"yaw":0.0}
S03R {"event":"prediction","history_size":18,"position":[7.16666889190674,0.00100005290005356,9.75001621246338],"predicted_tick":415,"role":"client","tick":415,"time_ms":9251,"wall_ms":1791536432874.0,"yaw":0.0}
S03R {"event":"prediction","history_size":19,"position":[7.16666889190674,0.00100005290005356,9.75001621246338],"predicted_tick":416,"role":"client","tick":416,"time_ms":9257,"wall_ms":1791536432879.0,"yaw":0.0}
S03R {"event":"prediction","history_size":20,"position":[7.16666889190674,0.00100005290005356,9.75001621246338],"predicted_tick":417,"role":"client","tick":417,"time_ms":9276,"wall_ms":1791536432898.0,"yaw":0.0}
S03R {"event":"prediction","history_size":21,"position":[7.16666889190674,0.00100005290005356,9.75001621246338],"predicted_tick":418,"role":"client","tick":418,"time_ms":9283,"wall_ms":1791536432905.0,"yaw":0.0}
S03R {"event":"prediction","history_size":22,"position":[7.16666889190674,0.00100005290005356,9.75001621246338],"predicted_tick":419,"role":"client","tick":419,"time_ms":9306,"wall_ms":1791536432929.0,"yaw":0.0}
S03R {"aim_yaw":0.0,"event":"input","index":15,"move":[0.0,-1.0],"position":[7.16666889190674,0.00100005290005356,9.75001621246338],"role":"client","sequence_floor":420,"tick":420,"time_ms":9322,"wall_ms":1791536432945.0,"yaw":0.0}
S03R {"aim_yaw":0.0,"event":"keys","move":[0.0,-1.0],"role":"client","tick":420,"time_ms":9325,"wall_ms":1791536432947.0}
S03R {"aim_yaw":0.0,"event":"input_send","index":15,"move":[0.0,-1.0],"role":"client","sample_ticks_ms":9328,"sample_wall_ms":1791536432950.0,"send_ticks_ms":9328,"send_wall_ms":1791536432950.0,"sequence":420,"time_ms":9328,"wall_ms":1791536432950.0}
S03R {"event":"prediction","history_size":23,"position":[7.16666889190674,0.00100005290005356,9.66668319702148],"predicted_tick":420,"role":"client","tick":420,"time_ms":9330,"wall_ms":1791536432952.0,"yaw":0.0}
S03R {"event":"state_receive","role":"client","rows":[{"entity":1,"sequence":401,"tick":564},{"entity":2,"sequence":399,"tick":564}],"time_ms":9333,"wall_ms":1791536432955.0}
S03R {"authority_install_error_m":0.0,"entity":1,"event":"apply","pose":{"control":1,"durable":2,"entity":1,"last_input_tick":401,"position":[0.0,0.00100011611357331,10.9999923706055],"receipt_ms":9333,"sequence":401,"tick":564,"velocity":[0.0,0.0,0.0],"yaw":0.0},"position":[0.0,0.00100011611357331,10.9999923706055],"time_ms":9336,"wall_ms":1791536432957.0,"yaw":0.0}
S03R {"ack_input_tick":399,"cause":"none","correction_m":0.0,"correction_yaw_deg":0.0,"event":"correction","history_exhausted":false,"replay_frames":21,"replay_usec":344,"role":"client","tick":421,"time_ms":9339,"wall_ms":1791536432961.0}
S03R {"authority_install_error_m":0.0,"entity":2,"event":"apply","pose":{"control":1,"durable":2,"entity":2,"last_input_tick":399,"position":[7.00000190734863,0.00100005290005356,9.75001621246338],"receipt_ms":9333,"sequence":399,"tick":564,"velocity":[5.0,0.0,0.0],"yaw":-1.57079637050629},"position":[7.16666889190674,0.00100005290005356,9.66668319702148],"time_ms":9342,"wall_ms":1791536432963.0,"yaw":0.0}
S03R {"event":"prediction","history_size":22,"position":[7.16666889190674,0.00100005290005356,9.58335018157959],"predicted_tick":421,"role":"client","tick":421,"time_ms":9346,"wall_ms":1791536432968.0,"yaw":0.0}
S03R {"event":"state_receive","role":"client","rows":[{"entity":1,"sequence":404,"tick":567},{"entity":2,"sequence":402,"tick":567}],"time_ms":9350,"wall_ms":1791536432973.0}
S03R {"aim_yaw":0.0,"event":"input_send","index":15,"move":[0.0,-1.0],"role":"client","sample_ticks_ms":9353,"sample_wall_ms":1791536432976.0,"send_ticks_ms":9353,"send_wall_ms":1791536432976.0,"sequence":422,"time_ms":9353,"wall_ms":1791536432976.0}
S03R {"authority_install_error_m":0.0,"entity":1,"event":"apply","pose":{"control":1,"durable":2,"entity":1,"last_input_tick":404,"position":[0.0,0.00100011611357331,10.9999923706055],"receipt_ms":9350,"sequence":404,"tick":567,"velocity":[0.0,0.0,0.0],"yaw":0.0},"position":[0.0,0.00100011611357331,10.9999923706055],"time_ms":9356,"wall_ms":1791536432978.0,"yaw":0.0}
S03R {"ack_input_tick":402,"cause":"held_timing_or_delivery","correction_m":0.0833334922790527,"correction_yaw_deg":0.0,"event":"correction","history_exhausted":false,"replay_frames":19,"replay_usec":159,"role":"client","tick":422,"time_ms":9359,"wall_ms":1791536432981.0}
S03R {"authority_install_error_m":0.0,"entity":2,"event":"apply","pose":{"control":1,"durable":2,"entity":2,"last_input_tick":402,"position":[7.08333539962769,0.00100005290005356,9.75001621246338],"receipt_ms":9350,"sequence":402,"tick":567,"velocity":[0.0,0.0,0.0],"yaw":0.0},"position":[7.08333539962769,0.00100005290005356,9.58335018157959],"time_ms":9361,"wall_ms":1791536432984.0,"yaw":0.0}
S03R {"event":"prediction","history_size":20,"position":[7.08333539962769,0.00100005290005356,9.5000171661377],"predicted_tick":422,"role":"client","tick":422,"time_ms":9365,"wall_ms":1791536432987.0,"yaw":0.0}
S03R {"event":"prediction","history_size":21,"position":[7.08333539962769,0.00100005290005356,9.4166841506958],"predicted_tick":423,"role":"client","tick":423,"time_ms":9369,"wall_ms":1791536432991.0,"yaw":0.0}
S03R {"aim_yaw":0.0,"event":"input_send","index":15,"move":[0.0,-1.0],"role":"client","sample_ticks_ms":9385,"sample_wall_ms":1791536433007.0,"send_ticks_ms":9385,"send_wall_ms":1791536433007.0,"sequence":424,"time_ms":9385,"wall_ms":1791536433007.0}
S03R {"event":"prediction","history_size":22,"position":[7.08333539962769,0.00100005290005356,9.33335113525391],"predicted_tick":424,"role":"client","tick":424,"time_ms":9390,"wall_ms":1791536433012.0,"yaw":0.0}
S03R {"event":"prediction","history_size":23,"position":[7.08333539962769,0.00100005290005356,9.25001811981201],"predicted_tick":425,"role":"client","tick":425,"time_ms":9400,"wall_ms":1791536433021.0,"yaw":0.0}
S03R {"event":"state_receive","role":"client","rows":[{"entity":1,"sequence":410,"tick":573},{"entity":2,"sequence":410,"tick":573}],"time_ms":9403,"wall_ms":1791536433025.0}
S03R {"aim_yaw":0.0,"event":"input_send","index":15,"move":[0.0,-1.0],"role":"client","sample_ticks_ms":9430,"sample_wall_ms":1791536433053.0,"send_ticks_ms":9431,"send_wall_ms":1791536433053.0,"sequence":426,"time_ms":9431,"wall_ms":1791536433053.0}
S03R {"authority_install_error_m":0.0,"entity":1,"event":"apply","pose":{"control":1,"durable":2,"entity":1,"last_input_tick":410,"position":[0.0,0.00100011611357331,10.9999923706055],"receipt_ms":9403,"sequence":410,"tick":573,"velocity":[0.0,0.0,0.0],"yaw":0.0},"position":[0.0,0.00100011611357331,10.9999923706055],"time_ms":9433,"wall_ms":1791536433056.0,"yaw":0.0}
S03R {"ack_input_tick":410,"cause":"none","correction_m":0.0,"correction_yaw_deg":0.0,"event":"correction","history_exhausted":false,"replay_frames":15,"replay_usec":178,"role":"client","tick":426,"time_ms":9437,"wall_ms":1791536433058.0}
S03R {"authority_install_error_m":0.0,"entity":2,"event":"apply","pose":{"control":1,"durable":2,"entity":2,"last_input_tick":410,"position":[7.08333539962769,0.00100005290005356,9.75001621246338],"receipt_ms":9403,"sequence":410,"tick":573,"velocity":[0.0,0.0,0.0],"yaw":0.0},"position":[7.08333539962769,0.00100005290005356,9.25001811981201],"time_ms":9439,"wall_ms":1791536433062.0,"yaw":0.0}
S03R {"event":"prediction","history_size":16,"position":[7.08333539962769,0.00100005290005356,9.16668510437012],"predicted_tick":426,"role":"client","tick":426,"time_ms":9443,"wall_ms":1791536433066.0,"yaw":0.0}
S03R {"event":"prediction","history_size":17,"position":[7.08333539962769,0.00100005290005356,9.08335208892822],"predicted_tick":427,"role":"client","tick":427,"time_ms":9447,"wall_ms":1791536433069.0,"yaw":0.0}
S03R {"aim_yaw":0.0,"event":"input_send","index":15,"move":[0.0,-1.0],"role":"client","sample_ticks_ms":9461,"sample_wall_ms":1791536433084.0,"send_ticks_ms":9462,"send_wall_ms":1791536433084.0,"sequence":428,"time_ms":9462,"wall_ms":1791536433084.0}
S03R {"event":"prediction","history_size":18,"position":[7.08333539962769,0.00100005290005356,9.00001907348633],"predicted_tick":428,"role":"client","tick":428,"time_ms":9467,"wall_ms":1791536433089.0,"yaw":0.0}
S03R {"event":"prediction","history_size":19,"position":[7.08333539962769,0.00100005290005356,8.91668605804443],"predicted_tick":429,"role":"client","tick":429,"time_ms":9476,"wall_ms":1791536433098.0,"yaw":0.0}
S03R {"aim_yaw":0.0,"event":"input_send","index":15,"move":[0.0,-1.0],"role":"client","sample_ticks_ms":9491,"sample_wall_ms":1791536433113.0,"send_ticks_ms":9491,"send_wall_ms":1791536433113.0,"sequence":430,"time_ms":9491,"wall_ms":1791536433113.0}
S03R {"event":"prediction","history_size":20,"position":[7.08333539962769,0.00100005290005356,8.83335304260254],"predicted_tick":430,"role":"client","tick":430,"time_ms":9496,"wall_ms":1791536433118.0,"yaw":0.0}
S03R {"event":"prediction","history_size":21,"position":[7.08333539962769,0.00100005290005356,8.75002002716064],"predicted_tick":431,"role":"client","tick":431,"time_ms":9522,"wall_ms":1791536433144.0,"yaw":0.0}
S03R {"aim_yaw":0.0,"event":"keys","move":[0.0,0.0],"role":"client","tick":432,"time_ms":9537,"wall_ms":1791536433160.0}
S03R {"event":"prediction","history_size":22,"position":[7.08333539962769,0.00100005290005356,8.75002002716064],"predicted_tick":432,"role":"client","tick":432,"time_ms":9550,"wall_ms":1791536433171.0,"yaw":0.0}
S03R {"event":"prediction","history_size":23,"position":[7.08333539962769,0.00100005290005356,8.75002002716064],"predicted_tick":433,"role":"client","tick":433,"time_ms":9555,"wall_ms":1791536433178.0,"yaw":0.0}
S03R {"event":"prediction","history_size":24,"position":[7.08333539962769,0.00100005290005356,8.75002002716064],"predicted_tick":434,"role":"client","tick":434,"time_ms":9568,"wall_ms":1791536433191.0,"yaw":0.0}
S03R {"event":"prediction","history_size":25,"position":[7.08333539962769,0.00100005290005356,8.75002002716064],"predicted_tick":435,"role":"client","tick":435,"time_ms":9584,"wall_ms":1791536433206.0,"yaw":0.0}
S03R {"event":"prediction","history_size":26,"position":[7.08333539962769,0.00100005290005356,8.75002002716064],"predicted_tick":436,"role":"client","tick":436,"time_ms":9599,"wall_ms":1791536433222.0,"yaw":0.0}
S03R {"event":"state_receive","role":"client","rows":[{"entity":1,"sequence":416,"tick":579},{"entity":2,"sequence":417,"tick":579}],"time_ms":9603,"wall_ms":1791536433225.0}
S03R {"authority_install_error_m":0.0,"entity":1,"event":"apply","pose":{"control":1,"durable":2,"entity":1,"last_input_tick":416,"position":[0.0,0.00100011611357331,10.9999923706055],"receipt_ms":9603,"sequence":416,"tick":579,"velocity":[0.0,0.0,0.0],"yaw":0.0},"position":[0.0,0.00100011611357331,10.9999923706055],"time_ms":9607,"wall_ms":1791536433228.0,"yaw":0.0}
S03R {"ack_input_tick":417,"cause":"none","correction_m":0.0,"correction_yaw_deg":0.0,"event":"correction","history_exhausted":false,"replay_frames":19,"replay_usec":199,"role":"client","tick":437,"time_ms":9611,"wall_ms":1791536433234.0}
S03R {"authority_install_error_m":0.0,"entity":2,"event":"apply","pose":{"control":1,"durable":2,"entity":2,"last_input_tick":417,"position":[7.08333539962769,0.00100005290005356,9.75001621246338],"receipt_ms":9603,"sequence":417,"tick":579,"velocity":[0.0,0.0,0.0],"yaw":0.0},"position":[7.08333539962769,0.00100005290005356,8.75002002716064],"time_ms":9615,"wall_ms":1791536433238.0,"yaw":0.0}
S03R {"event":"prediction","history_size":20,"position":[7.08333539962769,0.00100005290005356,8.75002002716064],"predicted_tick":437,"role":"client","tick":437,"time_ms":9620,"wall_ms":1791536433242.0,"yaw":0.0}
S03R {"event":"prediction","history_size":21,"position":[7.08333539962769,0.00100005290005356,8.75002002716064],"predicted_tick":438,"role":"client","tick":438,"time_ms":9625,"wall_ms":1791536433248.0,"yaw":0.0}
S03R {"event":"prediction","history_size":22,"position":[7.08333539962769,0.00100005290005356,8.75002002716064],"predicted_tick":439,"role":"client","tick":439,"time_ms":9644,"wall_ms":1791536433267.0,"yaw":0.0}
S03R {"event":"state_receive","role":"client","rows":[{"entity":1,"sequence":419,"tick":582},{"entity":2,"sequence":419,"tick":582}],"time_ms":9650,"wall_ms":1791536433272.0}
S03R {"event":"state_receive","role":"client","rows":[{"entity":1,"sequence":422,"tick":585},{"entity":2,"sequence":420,"tick":585}],"time_ms":9654,"wall_ms":1791536433276.0}
S03R {"authority_install_error_m":0.0,"entity":1,"event":"apply","pose":{"control":1,"durable":2,"entity":1,"last_input_tick":422,"position":[0.0,0.00100011611357331,10.9999923706055],"receipt_ms":9654,"sequence":422,"tick":585,"velocity":[0.0,0.0,0.0],"yaw":0.0},"position":[0.0,0.00100011611357331,10.9999923706055],"time_ms":9658,"wall_ms":1791536433281.0,"yaw":0.0}
S03R {"ack_input_tick":420,"cause":"none","correction_m":0.0,"correction_yaw_deg":0.0,"event":"correction","history_exhausted":false,"replay_frames":19,"replay_usec":129,"role":"client","tick":440,"time_ms":9665,"wall_ms":1791536433287.0}
S03R {"authority_install_error_m":0.0,"entity":2,"event":"apply","pose":{"control":1,"durable":2,"entity":2,"last_input_tick":420,"position":[7.08333539962769,0.00100005290005356,9.66668319702148],"receipt_ms":9654,"sequence":420,"tick":585,"velocity":[0.0,0.0,0.0],"yaw":0.0},"position":[7.08333539962769,0.00100005290005356,8.75002002716064],"time_ms":9667,"wall_ms":1791536433290.0,"yaw":0.0}
S03R {"event":"prediction","history_size":20,"position":[7.08333539962769,0.00100005290005356,8.75002002716064],"predicted_tick":440,"role":"client","tick":440,"time_ms":9670,"wall_ms":1791536433292.0,"yaw":0.0}
S03R {"event":"prediction","history_size":21,"position":[7.08333539962769,0.00100005290005356,8.75002002716064],"predicted_tick":441,"role":"client","tick":441,"time_ms":9673,"wall_ms":1791536433295.0,"yaw":0.0}
S03R {"event":"prediction","history_size":22,"position":[7.08333539962769,0.00100005290005356,8.75002002716064],"predicted_tick":442,"role":"client","tick":442,"time_ms":9691,"wall_ms":1791536433314.0,"yaw":0.0}
S03R {"event":"prediction","history_size":23,"position":[7.08333539962769,0.00100005290005356,8.75002002716064],"predicted_tick":443,"role":"client","tick":443,"time_ms":9707,"wall_ms":1791536433329.0,"yaw":0.0}
S03R {"event":"prediction","history_size":24,"position":[7.08333539962769,0.00100005290005356,8.75002002716064],"predicted_tick":444,"role":"client","tick":444,"time_ms":9722,"wall_ms":1791536433344.0,"yaw":0.0}
S03R {"event":"prediction","history_size":25,"position":[7.08333539962769,0.00100005290005356,8.75002002716064],"predicted_tick":445,"role":"client","tick":445,"time_ms":9737,"wall_ms":1791536433359.0,"yaw":0.0}
S03R {"event":"state_receive","role":"client","rows":[{"entity":1,"sequence":425,"tick":588},{"entity":2,"sequence":426,"tick":588}],"time_ms":9740,"wall_ms":1791536433362.0}
S03R {"authority_install_error_m":0.0,"entity":1,"event":"apply","pose":{"control":1,"durable":2,"entity":1,"last_input_tick":425,"position":[0.0,0.00100011611357331,10.9999923706055],"receipt_ms":9740,"sequence":425,"tick":588,"velocity":[0.0,0.0,0.0],"yaw":0.0},"position":[0.0,0.00100011611357331,10.9999923706055],"time_ms":9753,"wall_ms":1791536433376.0,"yaw":0.0}
S03R {"ack_input_tick":426,"cause":"held_timing_or_delivery","correction_m":0.249999046325684,"correction_yaw_deg":0.0,"event":"correction","history_exhausted":false,"replay_frames":19,"replay_usec":160,"role":"client","tick":446,"time_ms":9758,"wall_ms":1791536433380.0}
S03R {"authority_install_error_m":0.0,"entity":2,"event":"apply","pose":{"control":1,"durable":2,"entity":2,"last_input_tick":426,"position":[7.08333539962769,0.00100005290005356,9.4166841506958],"receipt_ms":9740,"sequence":426,"tick":588,"velocity":[0.0,0.0,-5.0],"yaw":0.0},"position":[7.08333539962769,0.00100005290005356,9.00001907348633],"time_ms":9762,"wall_ms":1791536433384.0,"yaw":0.0}
S03R {"event":"prediction","history_size":20,"position":[7.08333539962769,0.00100005290005356,9.00001907348633],"predicted_tick":446,"role":"client","tick":446,"time_ms":9766,"wall_ms":1791536433389.0,"yaw":0.0}
S03R {"event":"prediction","history_size":21,"position":[7.08333539962769,0.00100005290005356,9.00001907348633],"predicted_tick":447,"role":"client","tick":447,"time_ms":9773,"wall_ms":1791536433395.0,"yaw":0.0}
S03R {"event":"prediction","history_size":22,"position":[7.08333539962769,0.00100005290005356,9.00001907348633],"predicted_tick":448,"role":"client","tick":448,"time_ms":9801,"wall_ms":1791536433423.0,"yaw":0.0}
S03R {"event":"state_receive","role":"client","rows":[{"entity":1,"sequence":428,"tick":591},{"entity":2,"sequence":428,"tick":591}],"time_ms":9807,"wall_ms":1791536433429.0}
S03R {"authority_install_error_m":0.0,"entity":1,"event":"apply","pose":{"control":1,"durable":2,"entity":1,"last_input_tick":428,"position":[0.0,0.00100011611357331,10.9999923706055],"receipt_ms":9807,"sequence":428,"tick":591,"velocity":[0.0,0.0,0.0],"yaw":0.0},"position":[0.0,0.00100011611357331,10.9999923706055],"time_ms":9811,"wall_ms":1791536433432.0,"yaw":0.0}
S03R {"ack_input_tick":428,"cause":"none","correction_m":0.0,"correction_yaw_deg":0.0,"event":"correction","history_exhausted":false,"replay_frames":20,"replay_usec":262,"role":"client","tick":449,"time_ms":9815,"wall_ms":1791536433438.0}
S03R {"authority_install_error_m":0.0,"entity":2,"event":"apply","pose":{"control":1,"durable":2,"entity":2,"last_input_tick":428,"position":[7.08333539962769,0.00100005290005356,9.25001811981201],"receipt_ms":9807,"sequence":428,"tick":591,"velocity":[0.0,0.0,0.0],"yaw":0.0},"position":[7.08333539962769,0.00100005290005356,9.00001907348633],"time_ms":9819,"wall_ms":1791536433441.0,"yaw":0.0}
S03R {"event":"prediction","history_size":21,"position":[7.08333539962769,0.00100005290005356,9.00001907348633],"predicted_tick":449,"role":"client","tick":449,"time_ms":9824,"wall_ms":1791536433446.0,"yaw":0.0}
S03R {"event":"state_receive","role":"client","rows":[{"entity":1,"sequence":431,"tick":594},{"entity":2,"sequence":428,"tick":594}],"time_ms":9829,"wall_ms":1791536433451.0}
S03R {"aim_yaw":1.5707963267949,"event":"input","index":16,"move":[-1.0,0.0],"position":[7.08333539962769,0.00100005290005356,9.00001907348633],"role":"client","sequence_floor":450,"tick":450,"time_ms":9836,"wall_ms":1791536433459.0,"yaw":0.0}
S03R {"aim_yaw":1.5707963267949,"event":"keys","move":[-1.0,0.0],"role":"client","tick":450,"time_ms":9838,"wall_ms":1791536433461.0}
S03R {"aim_yaw":1.5707963267949,"event":"input_send","index":16,"move":[-1.0,0.0],"role":"client","sample_ticks_ms":9841,"sample_wall_ms":1791536433464.0,"send_ticks_ms":9841,"send_wall_ms":1791536433464.0,"sequence":450,"time_ms":9841,"wall_ms":1791536433464.0}
S03R {"authority_install_error_m":0.0,"entity":1,"event":"apply","pose":{"control":1,"durable":2,"entity":1,"last_input_tick":431,"position":[0.0,0.00100011611357331,10.9999923706055],"receipt_ms":9829,"sequence":431,"tick":594,"velocity":[0.0,0.0,0.0],"yaw":0.0},"position":[0.0,0.00100011611357331,10.9999923706055],"time_ms":9844,"wall_ms":1791536433466.0,"yaw":0.0}
S03R {"ack_input_tick":428,"cause":"none","correction_m":0.0,"correction_yaw_deg":0.0,"event":"correction","history_exhausted":false,"replay_frames":21,"replay_usec":181,"role":"client","tick":450,"time_ms":9847,"wall_ms":1791536433469.0}
S03R {"authority_install_error_m":0.0,"entity":2,"event":"apply","pose":{"control":1,"durable":2,"entity":2,"last_input_tick":428,"position":[7.08333539962769,0.00100005290005356,9.25001811981201],"receipt_ms":9829,"sequence":428,"tick":594,"velocity":[0.0,0.0,0.0],"yaw":0.0},"position":[7.08333539962769,0.00100005290005356,9.00001907348633],"time_ms":9851,"wall_ms":1791536433473.0,"yaw":0.0}
S03R {"event":"prediction","history_size":22,"position":[7.00000190734863,0.00100005290005356,9.00001907348633],"predicted_tick":450,"role":"client","tick":450,"time_ms":9855,"wall_ms":1791536433477.0,"yaw":1.57079637050629}
S03R {"event":"state_receive","role":"client","rows":[{"entity":1,"sequence":437,"tick":600},{"entity":2,"sequence":433,"tick":600}],"time_ms":9860,"wall_ms":1791536433482.0}
S03R {"authority_install_error_m":0.0,"entity":1,"event":"apply","pose":{"control":1,"durable":2,"entity":1,"last_input_tick":437,"position":[0.0,0.00100011611357331,10.9999923706055],"receipt_ms":9860,"sequence":437,"tick":600,"velocity":[0.0,0.0,0.0],"yaw":0.0},"position":[0.0,0.00100011611357331,10.9999923706055],"time_ms":9863,"wall_ms":1791536433485.0,"yaw":0.0}
S03R {"ack_input_tick":433,"cause":"held_timing_or_delivery","correction_m":0.0833330154418945,"correction_yaw_deg":0.0,"event":"correction","history_exhausted":false,"replay_frames":17,"replay_usec":109,"role":"client","tick":451,"time_ms":9865,"wall_ms":1791536433487.0}
S03R {"authority_install_error_m":0.0,"entity":2,"event":"apply","pose":{"control":1,"durable":2,"entity":2,"last_input_tick":433,"position":[7.08333539962769,0.00100005290005356,9.08335208892822],"receipt_ms":9860,"sequence":433,"tick":600,"velocity":[0.0,0.0,0.0],"yaw":0.0},"position":[7.00000190734863,0.00100005290005356,9.08335208892822],"time_ms":9868,"wall_ms":1791536433490.0,"yaw":1.57079637050629}
S03R {"event":"prediction","history_size":18,"position":[6.91666841506958,0.00100005290005356,9.08335208892822],"predicted_tick":451,"role":"client","tick":451,"time_ms":9870,"wall_ms":1791536433492.0,"yaw":1.57079637050629}
S03R {"aim_yaw":1.5707963267949,"event":"input_send","index":16,"move":[-1.0,0.0],"role":"client","sample_ticks_ms":9873,"sample_wall_ms":1791536433496.0,"send_ticks_ms":9873,"send_wall_ms":1791536433496.0,"sequence":452,"time_ms":9873,"wall_ms":1791536433496.0}
S03R {"event":"prediction","history_size":19,"position":[6.83333492279053,0.00100005290005356,9.08335208892822],"predicted_tick":452,"role":"client","tick":452,"time_ms":9876,"wall_ms":1791536433498.0,"yaw":1.57079637050629}
S03R {"event":"prediction","history_size":20,"position":[6.75000143051147,0.00100005290005356,9.08335208892822],"predicted_tick":453,"role":"client","tick":453,"time_ms":9881,"wall_ms":1791536433503.0,"yaw":1.57079637050629}
S03R {"aim_yaw":1.5707963267949,"event":"input_send","index":16,"move":[-1.0,0.0],"role":"client","sample_ticks_ms":9892,"sample_wall_ms":1791536433514.0,"send_ticks_ms":9892,"send_wall_ms":1791536433514.0,"sequence":454,"time_ms":9892,"wall_ms":1791536433514.0}
S03R {"event":"prediction","history_size":21,"position":[6.66666793823242,0.00100005290005356,9.08335208892822],"predicted_tick":454,"role":"client","tick":454,"time_ms":9896,"wall_ms":1791536433518.0,"yaw":1.57079637050629}
S03R {"event":"prediction","history_size":22,"position":[6.58333444595337,0.00100005290005356,9.08335208892822],"predicted_tick":455,"role":"client","tick":455,"time_ms":9901,"wall_ms":1791536433523.0,"yaw":1.57079637050629}
S03R {"aim_yaw":1.5707963267949,"event":"input_send","index":16,"move":[-1.0,0.0],"role":"client","sample_ticks_ms":9924,"sample_wall_ms":1791536433546.0,"send_ticks_ms":9924,"send_wall_ms":1791536433546.0,"sequence":456,"time_ms":9924,"wall_ms":1791536433546.0}
S03R {"event":"prediction","history_size":23,"position":[6.50000095367432,0.00100005290005356,9.08335208892822],"predicted_tick":456,"role":"client","tick":456,"time_ms":9928,"wall_ms":1791536433550.0,"yaw":1.57079637050629}
S03R {"event":"prediction","history_size":24,"position":[6.41666746139526,0.00100005290005356,9.08335208892822],"predicted_tick":457,"role":"client","tick":457,"time_ms":9933,"wall_ms":1791536433555.0,"yaw":1.57079637050629}
S03R {"aim_yaw":1.5707963267949,"event":"input_send","index":16,"move":[-1.0,0.0],"role":"client","sample_ticks_ms":9953,"sample_wall_ms":1791536433575.0,"send_ticks_ms":9953,"send_wall_ms":1791536433575.0,"sequence":458,"time_ms":9953,"wall_ms":1791536433575.0}
S03R {"event":"prediction","history_size":25,"position":[6.33333396911621,0.00100005290005356,9.08335208892822],"predicted_tick":458,"role":"client","tick":458,"time_ms":9956,"wall_ms":1791536433578.0,"yaw":1.57079637050629}
S03R {"event":"prediction","history_size":26,"position":[6.25000047683716,0.00100005290005356,9.08335208892822],"predicted_tick":459,"role":"client","tick":459,"time_ms":9969,"wall_ms":1791536433592.0,"yaw":1.57079637050629}
S03R {"event":"state_receive","role":"client","rows":[{"entity":1,"sequence":440,"tick":603},{"entity":2,"sequence":438,"tick":603}],"time_ms":9975,"wall_ms":1791536433597.0}
S03R {"aim_yaw":1.5707963267949,"event":"input_send","index":16,"move":[-1.0,0.0],"role":"client","sample_ticks_ms":10000,"sample_wall_ms":1791536433622.0,"send_ticks_ms":10000,"send_wall_ms":1791536433622.0,"sequence":460,"time_ms":10000,"wall_ms":1791536433622.0}
S03R {"authority_install_error_m":0.0,"entity":1,"event":"apply","pose":{"control":1,"durable":2,"entity":1,"last_input_tick":440,"position":[0.0,0.00100011611357331,10.9999923706055],"receipt_ms":9975,"sequence":440,"tick":603,"velocity":[0.0,0.0,0.0],"yaw":0.0},"position":[0.0,0.00100011611357331,10.9999923706055],"time_ms":10003,"wall_ms":1791536433625.0,"yaw":0.0}
S03R {"ack_input_tick":438,"cause":"none","correction_m":0.0,"correction_yaw_deg":0.0,"event":"correction","history_exhausted":false,"replay_frames":21,"replay_usec":278,"role":"client","tick":460,"time_ms":10006,"wall_ms":1791536433629.0}
S03R {"authority_install_error_m":0.0,"entity":2,"event":"apply","pose":{"control":1,"durable":2,"entity":2,"last_input_tick":438,"position":[7.08333539962769,0.00100005290005356,9.08335208892822],"receipt_ms":9975,"sequence":438,"tick":603,"velocity":[0.0,0.0,0.0],"yaw":0.0},"position":[6.25000047683716,0.00100005290005356,9.08335208892822],"time_ms":10009,"wall_ms":1791536433631.0,"yaw":1.57079637050629}
S03R {"event":"prediction","history_size":22,"position":[6.16666698455811,0.00100005290005356,9.08335208892822],"predicted_tick":460,"role":"client","tick":460,"time_ms":10011,"wall_ms":1791536433634.0,"yaw":1.57079637050629}
S03R {"event":"prediction","history_size":23,"position":[6.08333349227905,0.00100005290005356,9.08335208892822],"predicted_tick":461,"role":"client","tick":461,"time_ms":10015,"wall_ms":1791536433638.0,"yaw":1.57079637050629}
S03R {"event":"state_receive","role":"client","rows":[{"entity":1,"sequence":443,"tick":606},{"entity":2,"sequence":442,"tick":606}],"time_ms":10031,"wall_ms":1791536433653.0}
S03R {"aim_yaw":0.0,"event":"keys","move":[0.0,0.0],"role":"client","tick":462,"time_ms":10036,"wall_ms":1791536433658.0}
S03R {"authority_install_error_m":0.0,"entity":1,"event":"apply","pose":{"control":1,"durable":2,"entity":1,"last_input_tick":443,"position":[0.0,0.00100011611357331,10.9999923706055],"receipt_ms":10031,"sequence":443,"tick":606,"velocity":[0.0,0.0,0.0],"yaw":0.0},"position":[0.0,0.00100011611357331,10.9999923706055],"time_ms":10038,"wall_ms":1791536433661.0,"yaw":0.0}
S03R {"ack_input_tick":442,"cause":"none","correction_m":0.0,"correction_yaw_deg":0.0,"event":"correction","history_exhausted":false,"replay_frames":19,"replay_usec":163,"role":"client","tick":462,"time_ms":10041,"wall_ms":1791536433663.0}
S03R {"authority_install_error_m":0.0,"entity":2,"event":"apply","pose":{"control":1,"durable":2,"entity":2,"last_input_tick":442,"position":[7.08333539962769,0.00100005290005356,9.08335208892822],"receipt_ms":10031,"sequence":442,"tick":606,"velocity":[0.0,0.0,0.0],"yaw":0.0},"position":[6.08333349227905,0.00100005290005356,9.08335208892822],"time_ms":10043,"wall_ms":1791536433665.0,"yaw":1.57079637050629}
S03R {"event":"prediction","history_size":20,"position":[6.08333349227905,0.00100005290005356,9.08335208892822],"predicted_tick":462,"role":"client","tick":462,"time_ms":10045,"wall_ms":1791536433668.0,"yaw":0.0}
S03R {"event":"prediction","history_size":21,"position":[6.08333349227905,0.00100005290005356,9.08335208892822],"predicted_tick":463,"role":"client","tick":463,"time_ms":10049,"wall_ms":1791536433672.0,"yaw":0.0}
S03R {"event":"prediction","history_size":22,"position":[6.08333349227905,0.00100005290005356,9.08335208892822],"predicted_tick":464,"role":"client","tick":464,"time_ms":10061,"wall_ms":1791536433684.0,"yaw":0.0}
S03R {"event":"prediction","history_size":23,"position":[6.08333349227905,0.00100005290005356,9.08335208892822],"predicted_tick":465,"role":"client","tick":465,"time_ms":10077,"wall_ms":1791536433699.0,"yaw":0.0}
S03R {"event":"prediction","history_size":24,"position":[6.08333349227905,0.00100005290005356,9.08335208892822],"predicted_tick":466,"role":"client","tick":466,"time_ms":10094,"wall_ms":1791536433716.0,"yaw":0.0}
S03R {"event":"state_receive","role":"client","rows":[{"entity":1,"sequence":449,"tick":612},{"entity":2,"sequence":448,"tick":612}],"time_ms":10097,"wall_ms":1791536433720.0}
S03R {"authority_install_error_m":0.0,"entity":1,"event":"apply","pose":{"control":1,"durable":2,"entity":1,"last_input_tick":449,"position":[0.0,0.00100011611357331,10.9999923706055],"receipt_ms":10097,"sequence":449,"tick":612,"velocity":[0.0,0.0,0.0],"yaw":0.0},"position":[0.0,0.00100011611357331,10.9999923706055],"time_ms":10101,"wall_ms":1791536433723.0,"yaw":0.0}
S03R {"ack_input_tick":448,"cause":"none","correction_m":0.0,"correction_yaw_deg":0.0,"event":"correction","history_exhausted":false,"replay_frames":18,"replay_usec":204,"role":"client","tick":467,"time_ms":10105,"wall_ms":1791536433728.0}
S03R {"authority_install_error_m":0.0,"entity":2,"event":"apply","pose":{"control":1,"durable":2,"entity":2,"last_input_tick":448,"position":[7.08333539962769,0.00100005290005356,9.08335208892822],"receipt_ms":10097,"sequence":448,"tick":612,"velocity":[0.0,0.0,0.0],"yaw":0.0},"position":[6.08333349227905,0.00100005290005356,9.08335208892822],"time_ms":10110,"wall_ms":1791536433732.0,"yaw":0.0}
S03R {"event":"prediction","history_size":19,"position":[6.08333349227905,0.00100005290005356,9.08335208892822],"predicted_tick":467,"role":"client","tick":467,"time_ms":10114,"wall_ms":1791536433736.0,"yaw":0.0}
S03R {"event":"prediction","history_size":20,"position":[6.08333349227905,0.00100005290005356,9.08335208892822],"predicted_tick":468,"role":"client","tick":468,"time_ms":10119,"wall_ms":1791536433742.0,"yaw":0.0}
S03R {"event":"prediction","history_size":21,"position":[6.08333349227905,0.00100005290005356,9.08335208892822],"predicted_tick":469,"role":"client","tick":469,"time_ms":10139,"wall_ms":1791536433761.0,"yaw":0.0}
S03R {"event":"prediction","history_size":22,"position":[6.08333349227905,0.00100005290005356,9.08335208892822],"predicted_tick":470,"role":"client","tick":470,"time_ms":10156,"wall_ms":1791536433779.0,"yaw":0.0}
S03R {"event":"state_receive","role":"client","rows":[{"entity":1,"sequence":452,"tick":615},{"entity":2,"sequence":448,"tick":615}],"time_ms":10160,"wall_ms":1791536433783.0}
S03R {"authority_install_error_m":0.0,"entity":1,"event":"apply","pose":{"control":1,"durable":2,"entity":1,"last_input_tick":452,"position":[0.0,0.00100011611357331,10.9999923706055],"receipt_ms":10160,"sequence":452,"tick":615,"velocity":[0.0,0.0,0.0],"yaw":0.0},"position":[0.0,0.00100011611357331,10.9999923706055],"time_ms":10171,"wall_ms":1791536433793.0,"yaw":0.0}
S03R {"ack_input_tick":448,"cause":"none","correction_m":0.0,"correction_yaw_deg":0.0,"event":"correction","history_exhausted":false,"replay_frames":22,"replay_usec":141,"role":"client","tick":471,"time_ms":10175,"wall_ms":1791536433797.0}
S03R {"authority_install_error_m":0.0,"entity":2,"event":"apply","pose":{"control":1,"durable":2,"entity":2,"last_input_tick":448,"position":[7.08333539962769,0.00100005290005356,9.08335208892822],"receipt_ms":10160,"sequence":448,"tick":615,"velocity":[0.0,0.0,0.0],"yaw":0.0},"position":[6.08333349227905,0.00100005290005356,9.08335208892822],"time_ms":10179,"wall_ms":1791536433801.0,"yaw":0.0}
S03R {"event":"prediction","history_size":23,"position":[6.08333349227905,0.00100005290005356,9.08335208892822],"predicted_tick":471,"role":"client","tick":471,"time_ms":10183,"wall_ms":1791536433806.0,"yaw":0.0}
S03R {"event":"state_receive","role":"client","rows":[{"entity":1,"sequence":455,"tick":618},{"entity":2,"sequence":454,"tick":618}],"time_ms":10191,"wall_ms":1791536433813.0}
S03R {"authority_install_error_m":0.0,"entity":1,"event":"apply","pose":{"control":1,"durable":2,"entity":1,"last_input_tick":455,"position":[0.0,0.00100011611357331,10.9999923706055],"receipt_ms":10191,"sequence":455,"tick":618,"velocity":[0.0,0.0,0.0],"yaw":0.0},"position":[0.0,0.00100011611357331,10.9999923706055],"time_ms":10193,"wall_ms":1791536433815.0,"yaw":0.0}
S03R {"ack_input_tick":454,"cause":"held_timing_or_delivery","correction_m":0.166666984558105,"correction_yaw_deg":0.0,"event":"correction","history_exhausted":false,"replay_frames":17,"replay_usec":122,"role":"client","tick":472,"time_ms":10196,"wall_ms":1791536433818.0}
S03R {"authority_install_error_m":0.0,"entity":2,"event":"apply","pose":{"control":1,"durable":2,"entity":2,"last_input_tick":454,"position":[6.83333492279053,0.00100005290005356,9.08335208892822],"receipt_ms":10191,"sequence":454,"tick":618,"velocity":[-5.0,0.0,0.0],"yaw":1.57079637050629},"position":[6.25000047683716,0.00100005290005356,9.08335208892822],"time_ms":10198,"wall_ms":1791536433821.0,"yaw":0.0}
S03R {"event":"prediction","history_size":18,"position":[6.25000047683716,0.00100005290005356,9.08335208892822],"predicted_tick":472,"role":"client","tick":472,"time_ms":10202,"wall_ms":1791536433824.0,"yaw":0.0}
S03R {"event":"prediction","history_size":19,"position":[6.25000047683716,0.00100005290005356,9.08335208892822],"predicted_tick":473,"role":"client","tick":473,"time_ms":10208,"wall_ms":1791536433830.0,"yaw":0.0}
S03R {"event":"prediction","history_size":20,"position":[6.25000047683716,0.00100005290005356,9.08335208892822],"predicted_tick":474,"role":"client","tick":474,"time_ms":10234,"wall_ms":1791536433856.0,"yaw":0.0}
S03R {"event":"prediction","history_size":21,"position":[6.25000047683716,0.00100005290005356,9.08335208892822],"predicted_tick":475,"role":"client","tick":475,"time_ms":10243,"wall_ms":1791536433865.0,"yaw":0.0}
S03R {"event":"prediction","history_size":22,"position":[6.25000047683716,0.00100005290005356,9.08335208892822],"predicted_tick":476,"role":"client","tick":476,"time_ms":10263,"wall_ms":1791536433886.0,"yaw":0.0}
S03R {"event":"prediction","history_size":23,"position":[6.25000047683716,0.00100005290005356,9.08335208892822],"predicted_tick":477,"role":"client","tick":477,"time_ms":10279,"wall_ms":1791536433901.0,"yaw":0.0}
S03R {"event":"state_receive","role":"client","rows":[{"entity":1,"sequence":458,"tick":621},{"entity":2,"sequence":458,"tick":621}],"time_ms":10287,"wall_ms":1791536433909.0}
S03R {"authority_install_error_m":0.0,"entity":1,"event":"apply","pose":{"control":1,"durable":2,"entity":1,"last_input_tick":458,"position":[0.0,0.00100011611357331,10.9999923706055],"receipt_ms":10287,"sequence":458,"tick":621,"velocity":[0.0,0.0,0.0],"yaw":0.0},"position":[0.0,0.00100011611357331,10.9999923706055],"time_ms":10292,"wall_ms":1791536433915.0,"yaw":0.0}
S03R {"ack_input_tick":458,"cause":"held_timing_or_delivery","correction_m":0.0833334922790527,"correction_yaw_deg":0.0,"event":"correction","history_exhausted":false,"replay_frames":19,"replay_usec":211,"role":"client","tick":478,"time_ms":10297,"wall_ms":1791536433919.0}
S03R {"authority_install_error_m":0.0,"entity":2,"event":"apply","pose":{"control":1,"durable":2,"entity":2,"last_input_tick":458,"position":[6.58333444595337,0.00100005290005356,9.08335208892822],"receipt_ms":10287,"sequence":458,"tick":621,"velocity":[-5.0,0.0,0.0],"yaw":1.57079637050629},"position":[6.33333396911621,0.00100005290005356,9.08335208892822],"time_ms":10301,"wall_ms":1791536433923.0,"yaw":0.0}
S03R {"event":"prediction","history_size":20,"position":[6.33333396911621,0.00100005290005356,9.08335208892822],"predicted_tick":478,"role":"client","tick":478,"time_ms":10307,"wall_ms":1791536433929.0,"yaw":0.0}
S03R {"event":"prediction","history_size":21,"position":[6.33333396911621,0.00100005290005356,9.08335208892822],"predicted_tick":479,"role":"client","tick":479,"time_ms":10312,"wall_ms":1791536433935.0,"yaw":0.0}
S03R {"aim_yaw":0.0,"event":"input","index":17,"move":[0.0,-1.0],"position":[6.33333396911621,0.00100005290005356,9.08335208892822],"role":"client","sequence_floor":480,"tick":480,"time_ms":10340,"wall_ms":1791536433963.0,"yaw":0.0}
S03R {"aim_yaw":0.0,"event":"keys","move":[0.0,-1.0],"role":"client","tick":480,"time_ms":10343,"wall_ms":1791536433964.0}
S03R {"aim_yaw":0.0,"event":"input_send","index":17,"move":[0.0,-1.0],"role":"client","sample_ticks_ms":10351,"sample_wall_ms":1791536433974.0,"send_ticks_ms":10351,"send_wall_ms":1791536433974.0,"sequence":480,"time_ms":10351,"wall_ms":1791536433974.0}
S03R {"event":"prediction","history_size":22,"position":[6.33333396911621,0.00100005290005356,9.00001907348633],"predicted_tick":480,"role":"client","tick":480,"time_ms":10358,"wall_ms":1791536433980.0,"yaw":0.0}
S03R {"event":"state_receive","role":"client","rows":[{"entity":1,"sequence":461,"tick":624},{"entity":2,"sequence":461,"tick":624}],"time_ms":10362,"wall_ms":1791536433984.0}
S03R {"authority_install_error_m":0.0,"entity":1,"event":"apply","pose":{"control":1,"durable":2,"entity":1,"last_input_tick":461,"position":[0.0,0.00100011611357331,10.9999923706055],"receipt_ms":10362,"sequence":461,"tick":624,"velocity":[0.0,0.0,0.0],"yaw":0.0},"position":[0.0,0.00100011611357331,10.9999923706055],"time_ms":10368,"wall_ms":1791536433991.0,"yaw":0.0}
S03R {"ack_input_tick":461,"cause":"none","correction_m":0.0,"correction_yaw_deg":0.0,"event":"correction","history_exhausted":false,"replay_frames":19,"replay_usec":215,"role":"client","tick":481,"time_ms":10373,"wall_ms":1791536433996.0}
S03R {"authority_install_error_m":0.0,"entity":2,"event":"apply","pose":{"control":1,"durable":2,"entity":2,"last_input_tick":461,"position":[6.33333396911621,0.00100005290005356,9.08335208892822],"receipt_ms":10362,"sequence":461,"tick":624,"velocity":[-5.0,0.0,0.0],"yaw":1.57079637050629},"position":[6.33333396911621,0.00100005290005356,9.00001907348633],"time_ms":10376,"wall_ms":1791536433998.0,"yaw":0.0}
S03R {"event":"prediction","history_size":20,"position":[6.33333396911621,0.00100005290005356,8.91668605804443],"predicted_tick":481,"role":"client","tick":481,"time_ms":10380,"wall_ms":1791536434002.0,"yaw":0.0}
S03R {"aim_yaw":0.0,"event":"input_send","index":17,"move":[0.0,-1.0],"role":"client","sample_ticks_ms":10386,"sample_wall_ms":1791536434008.0,"send_ticks_ms":10386,"send_wall_ms":1791536434008.0,"sequence":482,"time_ms":10386,"wall_ms":1791536434008.0}
S03R {"event":"prediction","history_size":21,"position":[6.33333396911621,0.00100005290005356,8.83335304260254],"predicted_tick":482,"role":"client","tick":482,"time_ms":10390,"wall_ms":1791536434012.0,"yaw":0.0}
S03R {"event":"state_receive","role":"client","rows":[{"entity":1,"sequence":464,"tick":627},{"entity":2,"sequence":462,"tick":627}],"time_ms":10394,"wall_ms":1791536434016.0}
S03R {"authority_install_error_m":0.0,"entity":1,"event":"apply","pose":{"control":1,"durable":2,"entity":1,"last_input_tick":464,"position":[0.0,0.00100011611357331,10.9999923706055],"receipt_ms":10394,"sequence":464,"tick":627,"velocity":[0.0,0.0,0.0],"yaw":0.0},"position":[0.0,0.00100011611357331,10.9999923706055],"time_ms":10403,"wall_ms":1791536434026.0,"yaw":0.0}
S03R {"ack_input_tick":462,"cause":"none","correction_m":0.0,"correction_yaw_deg":0.0,"event":"correction","history_exhausted":false,"replay_frames":20,"replay_usec":215,"role":"client","tick":483,"time_ms":10407,"wall_ms":1791536434029.0}
S03R {"authority_install_error_m":0.0,"entity":2,"event":"apply","pose":{"control":1,"durable":2,"entity":2,"last_input_tick":462,"position":[6.33333396911621,0.00100005290005356,9.08335208892822],"receipt_ms":10394,"sequence":462,"tick":627,"velocity":[0.0,0.0,0.0],"yaw":0.0},"position":[6.33333396911621,0.00100005290005356,8.83335304260254],"time_ms":10411,"wall_ms":1791536434033.0,"yaw":0.0}
S03R {"event":"prediction","history_size":21,"position":[6.33333396911621,0.00100005290005356,8.75002002716064],"predicted_tick":483,"role":"client","tick":483,"time_ms":10415,"wall_ms":1791536434037.0,"yaw":0.0}
S03R {"aim_yaw":0.0,"event":"input_send","index":17,"move":[0.0,-1.0],"role":"client","sample_ticks_ms":10420,"sample_wall_ms":1791536434043.0,"send_ticks_ms":10421,"send_wall_ms":1791536434043.0,"sequence":484,"time_ms":10421,"wall_ms":1791536434043.0}
S03R {"event":"prediction","history_size":22,"position":[6.33333396911621,0.00100005290005356,8.66668701171875],"predicted_tick":484,"role":"client","tick":484,"time_ms":10427,"wall_ms":1791536434049.0,"yaw":0.0}
S03R {"event":"state_receive","role":"client","rows":[{"entity":1,"sequence":467,"tick":630},{"entity":2,"sequence":465,"tick":630}],"time_ms":10432,"wall_ms":1791536434053.0}
S03R {"authority_install_error_m":0.0,"entity":1,"event":"apply","pose":{"control":1,"durable":2,"entity":1,"last_input_tick":467,"position":[0.0,0.00100011611357331,10.9999923706055],"receipt_ms":10432,"sequence":467,"tick":630,"velocity":[0.0,0.0,0.0],"yaw":0.0},"position":[0.0,0.00100011611357331,10.9999923706055],"time_ms":10436,"wall_ms":1791536434059.0,"yaw":0.0}
S03R {"ack_input_tick":465,"cause":"none","correction_m":0.0,"correction_yaw_deg":0.0,"event":"correction","history_exhausted":false,"replay_frames":19,"replay_usec":132,"role":"client","tick":485,"time_ms":10441,"wall_ms":1791536434063.0}
S03R {"authority_install_error_m":0.0,"entity":2,"event":"apply","pose":{"control":1,"durable":2,"entity":2,"last_input_tick":465,"position":[6.33333396911621,0.00100005290005356,9.08335208892822],"receipt_ms":10432,"sequence":465,"tick":630,"velocity":[0.0,0.0,0.0],"yaw":0.0},"position":[6.33333396911621,0.00100005290005356,8.66668701171875],"time_ms":10445,"wall_ms":1791536434067.0,"yaw":0.0}
S03R {"event":"prediction","history_size":20,"position":[6.33333396911621,0.00100005290005356,8.58335399627686],"predicted_tick":485,"role":"client","tick":485,"time_ms":10447,"wall_ms":1791536434069.0,"yaw":0.0}
S03R {"aim_yaw":0.0,"event":"input_send","index":17,"move":[0.0,-1.0],"role":"client","sample_ticks_ms":10450,"sample_wall_ms":1791536434072.0,"send_ticks_ms":10450,"send_wall_ms":1791536434073.0,"sequence":486,"time_ms":10450,"wall_ms":1791536434073.0}
S03R {"event":"prediction","history_size":21,"position":[6.33333396911621,0.00100005290005356,8.50002098083496],"predicted_tick":486,"role":"client","tick":486,"time_ms":10456,"wall_ms":1791536434078.0,"yaw":0.0}
S03R {"event":"prediction","history_size":22,"position":[6.33333396911621,0.00100005290005356,8.41668796539307],"predicted_tick":487,"role":"client","tick":487,"time_ms":10459,"wall_ms":1791536434081.0,"yaw":0.0}
S03R {"aim_yaw":0.0,"event":"input_send","index":17,"move":[0.0,-1.0],"role":"client","sample_ticks_ms":10463,"sample_wall_ms":1791536434085.0,"send_ticks_ms":10463,"send_wall_ms":1791536434085.0,"sequence":488,"time_ms":10463,"wall_ms":1791536434085.0}
S03R {"event":"prediction","history_size":23,"position":[6.33333396911621,0.00100005290005356,8.33335494995117],"predicted_tick":488,"role":"client","tick":488,"time_ms":10465,"wall_ms":1791536434087.0,"yaw":0.0}
S03R {"event":"prediction","history_size":24,"position":[6.33333396911621,0.00100005290005356,8.25002193450928],"predicted_tick":489,"role":"client","tick":489,"time_ms":10468,"wall_ms":1791536434091.0,"yaw":0.0}
S03R {"aim_yaw":0.0,"event":"input_send","index":17,"move":[0.0,-1.0],"role":"client","sample_ticks_ms":10495,"sample_wall_ms":1791536434117.0,"send_ticks_ms":10495,"send_wall_ms":1791536434117.0,"sequence":490,"time_ms":10495,"wall_ms":1791536434117.0}
S03R {"event":"prediction","history_size":25,"position":[6.33333396911621,0.00100005290005356,8.16668891906738],"predicted_tick":490,"role":"client","tick":490,"time_ms":10499,"wall_ms":1791536434121.0,"yaw":0.0}
S03R {"event":"prediction","history_size":26,"position":[6.33333396911621,0.00100005290005356,8.08335590362549],"predicted_tick":491,"role":"client","tick":491,"time_ms":10504,"wall_ms":1791536434127.0,"yaw":0.0}
S03R {"event":"state_receive","role":"client","rows":[{"entity":1,"sequence":473,"tick":636},{"entity":2,"sequence":471,"tick":636}],"time_ms":10510,"wall_ms":1791536434132.0}
S03R {"aim_yaw":0.0,"event":"keys","move":[0.0,0.0],"role":"client","tick":492,"time_ms":10518,"wall_ms":1791536434139.0}
S03R {"authority_install_error_m":0.0,"entity":1,"event":"apply","pose":{"control":1,"durable":2,"entity":1,"last_input_tick":473,"position":[0.0,0.00100011611357331,10.9999923706055],"receipt_ms":10510,"sequence":473,"tick":636,"velocity":[0.0,0.0,0.0],"yaw":0.0},"position":[0.0,0.00100011611357331,10.9999923706055],"time_ms":10521,"wall_ms":1791536434144.0,"yaw":0.0}
S03R {"ack_input_tick":471,"cause":"none","correction_m":0.0,"correction_yaw_deg":0.0,"event":"correction","history_exhausted":false,"replay_frames":20,"replay_usec":159,"role":"client","tick":492,"time_ms":10526,"wall_ms":1791536434148.0}
S03R {"authority_install_error_m":0.0,"entity":2,"event":"apply","pose":{"control":1,"durable":2,"entity":2,"last_input_tick":471,"position":[6.33333396911621,0.00100005290005356,9.08335208892822],"receipt_ms":10510,"sequence":471,"tick":636,"velocity":[0.0,0.0,0.0],"yaw":0.0},"position":[6.33333396911621,0.00100005290005356,8.08335590362549],"time_ms":10530,"wall_ms":1791536434153.0,"yaw":0.0}
S03R {"event":"prediction","history_size":21,"position":[6.33333396911621,0.00100005290005356,8.08335590362549],"predicted_tick":492,"role":"client","tick":492,"time_ms":10534,"wall_ms":1791536434156.0,"yaw":0.0}
S03R {"event":"prediction","history_size":22,"position":[6.33333396911621,0.00100005290005356,8.08335590362549],"predicted_tick":493,"role":"client","tick":493,"time_ms":10537,"wall_ms":1791536434159.0,"yaw":0.0}
S03R {"event":"prediction","history_size":23,"position":[6.33333396911621,0.00100005290005356,8.08335590362549],"predicted_tick":494,"role":"client","tick":494,"time_ms":10557,"wall_ms":1791536434179.0,"yaw":0.0}
S03R {"event":"prediction","history_size":24,"position":[6.33333396911621,0.00100005290005356,8.08335590362549],"predicted_tick":495,"role":"client","tick":495,"time_ms":10589,"wall_ms":1791536434211.0,"yaw":0.0}
S03R {"event":"state_receive","role":"client","rows":[{"entity":1,"sequence":476,"tick":639},{"entity":2,"sequence":476,"tick":639}],"time_ms":10592,"wall_ms":1791536434214.0}
S03R {"authority_install_error_m":0.0,"entity":1,"event":"apply","pose":{"control":1,"durable":2,"entity":1,"last_input_tick":476,"position":[0.0,0.00100011611357331,10.9999923706055],"receipt_ms":10592,"sequence":476,"tick":639,"velocity":[0.0,0.0,0.0],"yaw":0.0},"position":[0.0,0.00100011611357331,10.9999923706055],"time_ms":10595,"wall_ms":1791536434218.0,"yaw":0.0}
S03R {"ack_input_tick":476,"cause":"none","correction_m":0.0,"correction_yaw_deg":0.0,"event":"correction","history_exhausted":false,"replay_frames":19,"replay_usec":115,"role":"client","tick":496,"time_ms":10598,"wall_ms":1791536434220.0}
S03R {"authority_install_error_m":0.0,"entity":2,"event":"apply","pose":{"control":1,"durable":2,"entity":2,"last_input_tick":476,"position":[6.33333396911621,0.00100005290005356,9.08335208892822],"receipt_ms":10592,"sequence":476,"tick":639,"velocity":[0.0,0.0,0.0],"yaw":0.0},"position":[6.33333396911621,0.00100005290005356,8.08335590362549],"time_ms":10600,"wall_ms":1791536434223.0,"yaw":0.0}
S03R {"event":"prediction","history_size":20,"position":[6.33333396911621,0.00100005290005356,8.08335590362549],"predicted_tick":496,"role":"client","tick":496,"time_ms":10603,"wall_ms":1791536434224.0,"yaw":0.0}
S03R {"event":"state_receive","role":"client","rows":[{"entity":1,"sequence":479,"tick":642},{"entity":2,"sequence":478,"tick":642}],"time_ms":10606,"wall_ms":1791536434229.0}
S03R {"authority_install_error_m":0.0,"entity":1,"event":"apply","pose":{"control":1,"durable":2,"entity":1,"last_input_tick":479,"position":[0.0,0.00100011611357331,10.9999923706055],"receipt_ms":10606,"sequence":479,"tick":642,"velocity":[0.0,0.0,0.0],"yaw":0.0},"position":[0.0,0.00100011611357331,10.9999923706055],"time_ms":10610,"wall_ms":1791536434233.0,"yaw":0.0}
S03R {"ack_input_tick":478,"cause":"none","correction_m":0.0,"correction_yaw_deg":0.0,"event":"correction","history_exhausted":false,"replay_frames":18,"replay_usec":119,"role":"client","tick":497,"time_ms":10615,"wall_ms":1791536434237.0}
S03R {"authority_install_error_m":0.0,"entity":2,"event":"apply","pose":{"control":1,"durable":2,"entity":2,"last_input_tick":478,"position":[6.33333396911621,0.00100005290005356,9.08335208892822],"receipt_ms":10606,"sequence":478,"tick":642,"velocity":[0.0,0.0,0.0],"yaw":0.0},"position":[6.33333396911621,0.00100005290005356,8.08335590362549],"time_ms":10619,"wall_ms":1791536434241.0,"yaw":0.0}
S03R {"event":"prediction","history_size":19,"position":[6.33333396911621,0.00100005290005356,8.08335590362549],"predicted_tick":497,"role":"client","tick":497,"time_ms":10624,"wall_ms":1791536434246.0,"yaw":0.0}
S03R {"event":"prediction","history_size":20,"position":[6.33333396911621,0.00100005290005356,8.08335590362549],"predicted_tick":498,"role":"client","tick":498,"time_ms":10629,"wall_ms":1791536434251.0,"yaw":0.0}
S03R {"event":"prediction","history_size":21,"position":[6.33333396911621,0.00100005290005356,8.08335590362549],"predicted_tick":499,"role":"client","tick":499,"time_ms":10651,"wall_ms":1791536434273.0,"yaw":0.0}
S03R {"event":"prediction","history_size":22,"position":[6.33333396911621,0.00100005290005356,8.08335590362549],"predicted_tick":500,"role":"client","tick":500,"time_ms":10666,"wall_ms":1791536434288.0,"yaw":0.0}
S03R {"event":"prediction","history_size":23,"position":[6.33333396911621,0.00100005290005356,8.08335590362549],"predicted_tick":501,"role":"client","tick":501,"time_ms":10681,"wall_ms":1791536434304.0,"yaw":0.0}
S03R {"event":"prediction","history_size":24,"position":[6.33333396911621,0.00100005290005356,8.08335590362549],"predicted_tick":502,"role":"client","tick":502,"time_ms":10697,"wall_ms":1791536434320.0,"yaw":0.0}
S03R {"event":"state_receive","role":"client","rows":[{"entity":1,"sequence":482,"tick":645},{"entity":2,"sequence":481,"tick":645}],"time_ms":10702,"wall_ms":1791536434325.0}
S03R {"authority_install_error_m":0.0,"entity":1,"event":"apply","pose":{"control":1,"durable":2,"entity":1,"last_input_tick":482,"position":[0.0,0.00100011611357331,10.9999923706055],"receipt_ms":10702,"sequence":482,"tick":645,"velocity":[0.0,0.0,0.0],"yaw":0.0},"position":[0.0,0.00100011611357331,10.9999923706055],"time_ms":10713,"wall_ms":1791536434336.0,"yaw":0.0}
S03R {"ack_input_tick":481,"cause":"none","correction_m":0.0,"correction_yaw_deg":0.0,"event":"correction","history_exhausted":false,"replay_frames":21,"replay_usec":141,"role":"client","tick":503,"time_ms":10716,"wall_ms":1791536434339.0}
S03R {"authority_install_error_m":0.0,"entity":2,"event":"apply","pose":{"control":1,"durable":2,"entity":2,"last_input_tick":481,"position":[6.33333396911621,0.00100005290005356,8.91668605804443],"receipt_ms":10702,"sequence":481,"tick":645,"velocity":[0.0,0.0,-5.0],"yaw":0.0},"position":[6.33333396911621,0.00100005290005356,8.08335590362549],"time_ms":10721,"wall_ms":1791536434343.0,"yaw":0.0}
S03R {"event":"prediction","history_size":22,"position":[6.33333396911621,0.00100005290005356,8.08335590362549],"predicted_tick":503,"role":"client","tick":503,"time_ms":10725,"wall_ms":1791536434347.0,"yaw":0.0}
S03R {"event":"state_receive","role":"client","rows":[{"entity":1,"sequence":485,"tick":648},{"entity":2,"sequence":485,"tick":648}],"time_ms":10733,"wall_ms":1791536434355.0}
S03R {"authority_install_error_m":0.0,"entity":1,"event":"apply","pose":{"control":1,"durable":2,"entity":1,"last_input_tick":485,"position":[0.0,0.00100011611357331,10.9999923706055],"receipt_ms":10733,"sequence":485,"tick":648,"velocity":[0.0,0.0,0.0],"yaw":0.0},"position":[0.0,0.00100011611357331,10.9999923706055],"time_ms":10736,"wall_ms":1791536434358.0,"yaw":0.0}
S03R {"ack_input_tick":485,"cause":"held_timing_or_delivery","correction_m":0.166666030883789,"correction_yaw_deg":0.0,"event":"correction","history_exhausted":false,"replay_frames":18,"replay_usec":174,"role":"client","tick":504,"time_ms":10738,"wall_ms":1791536434361.0}
S03R {"authority_install_error_m":0.0,"entity":2,"event":"apply","pose":{"control":1,"durable":2,"entity":2,"last_input_tick":485,"position":[6.33333396911621,0.00100005290005356,8.75002002716064],"receipt_ms":10733,"sequence":485,"tick":648,"velocity":[0.0,0.0,-5.0],"yaw":0.0},"position":[6.33333396911621,0.00100005290005356,8.25002193450928],"time_ms":10741,"wall_ms":1791536434363.0,"yaw":0.0}
S03R {"event":"prediction","history_size":19,"position":[6.33333396911621,0.00100005290005356,8.25002193450928],"predicted_tick":504,"role":"client","tick":504,"time_ms":10743,"wall_ms":1791536434366.0,"yaw":0.0}
S03R {"event":"prediction","history_size":20,"position":[6.33333396911621,0.00100005290005356,8.25002193450928],"predicted_tick":505,"role":"client","tick":505,"time_ms":10748,"wall_ms":1791536434371.0,"yaw":0.0}
S03R {"event":"state_receive","role":"client","rows":[{"entity":1,"sequence":488,"tick":651},{"entity":2,"sequence":488,"tick":651}],"time_ms":10752,"wall_ms":1791536434375.0}
S03R {"authority_install_error_m":0.0,"entity":1,"event":"apply","pose":{"control":1,"durable":2,"entity":1,"last_input_tick":488,"position":[0.0,0.00100011611357331,10.9999923706055],"receipt_ms":10752,"sequence":488,"tick":651,"velocity":[0.0,0.0,0.0],"yaw":0.0},"position":[0.0,0.00100011611357331,10.9999923706055],"time_ms":10775,"wall_ms":1791536434397.0,"yaw":0.0}
S03R {"ack_input_tick":488,"cause":"none","correction_m":0.0,"correction_yaw_deg":0.0,"event":"correction","history_exhausted":false,"replay_frames":17,"replay_usec":254,"role":"client","tick":506,"time_ms":10778,"wall_ms":1791536434399.0}
S03R {"authority_install_error_m":0.0,"entity":2,"event":"apply","pose":{"control":1,"durable":2,"entity":2,"last_input_tick":488,"position":[6.33333396911621,0.00100005290005356,8.50002098083496],"receipt_ms":10752,"sequence":488,"tick":651,"velocity":[0.0,0.0,-5.0],"yaw":0.0},"position":[6.33333396911621,0.00100005290005356,8.25002193450928],"time_ms":10781,"wall_ms":1791536434404.0,"yaw":0.0}
S03R {"event":"prediction","history_size":18,"position":[6.33333396911621,0.00100005290005356,8.25002193450928],"predicted_tick":506,"role":"client","tick":506,"time_ms":10786,"wall_ms":1791536434409.0,"yaw":0.0}
S03R {"event":"state_receive","role":"client","rows":[{"entity":1,"sequence":491,"tick":654},{"entity":2,"sequence":490,"tick":654}],"time_ms":10791,"wall_ms":1791536434414.0}
S03R {"authority_install_error_m":0.0,"entity":1,"event":"apply","pose":{"control":1,"durable":2,"entity":1,"last_input_tick":491,"position":[0.0,0.00100011611357331,10.9999923706055],"receipt_ms":10791,"sequence":491,"tick":654,"velocity":[0.0,0.0,0.0],"yaw":0.0},"position":[0.0,0.00100011611357331,10.9999923706055],"time_ms":10795,"wall_ms":1791536434417.0,"yaw":0.0}
S03R {"ack_input_tick":490,"cause":"none","correction_m":0.0,"correction_yaw_deg":0.0,"event":"correction","history_exhausted":false,"replay_frames":16,"replay_usec":219,"role":"client","tick":507,"time_ms":10799,"wall_ms":1791536434422.0}
S03R {"authority_install_error_m":0.0,"entity":2,"event":"apply","pose":{"control":1,"durable":2,"entity":2,"last_input_tick":490,"position":[6.33333396911621,0.00100005290005356,8.33335494995117],"receipt_ms":10791,"sequence":490,"tick":654,"velocity":[0.0,0.0,-5.0],"yaw":0.0},"position":[6.33333396911621,0.00100005290005356,8.25002193450928],"time_ms":10802,"wall_ms":1791536434424.0,"yaw":0.0}
S03R {"event":"prediction","history_size":17,"position":[6.33333396911621,0.00100005290005356,8.25002193450928],"predicted_tick":507,"role":"client","tick":507,"time_ms":10804,"wall_ms":1791536434426.0,"yaw":0.0}
S03R {"event":"prediction","history_size":18,"position":[6.33333396911621,0.00100005290005356,8.25002193450928],"predicted_tick":508,"role":"client","tick":508,"time_ms":10808,"wall_ms":1791536434431.0,"yaw":0.0}
S03R {"event":"prediction","history_size":19,"position":[6.33333396911621,0.00100005290005356,8.25002193450928],"predicted_tick":509,"role":"client","tick":509,"time_ms":10821,"wall_ms":1791536434444.0,"yaw":0.0}
S03R {"aim_yaw":-1.5707963267949,"event":"input","index":18,"move":[1.0,0.0],"position":[6.33333396911621,0.00100005290005356,8.25002193450928],"role":"client","sequence_floor":510,"tick":510,"time_ms":10825,"wall_ms":1791536434447.0,"yaw":0.0}
S03R {"aim_yaw":-1.5707963267949,"event":"keys","move":[1.0,0.0],"role":"client","tick":510,"time_ms":10828,"wall_ms":1791536434450.0}
S03R {"aim_yaw":-1.5707963267949,"event":"input_send","index":18,"move":[1.0,0.0],"role":"client","sample_ticks_ms":10830,"sample_wall_ms":1791536434452.0,"send_ticks_ms":10830,"send_wall_ms":1791536434452.0,"sequence":510,"time_ms":10830,"wall_ms":1791536434452.0}
S03R {"event":"prediction","history_size":20,"position":[6.41666746139526,0.00100005290005356,8.25002193450928],"predicted_tick":510,"role":"client","tick":510,"time_ms":10833,"wall_ms":1791536434455.0,"yaw":-1.57079637050629}
S03R {"event":"prediction","history_size":21,"position":[6.50000095367432,0.00100005290005356,8.25002193450928],"predicted_tick":511,"role":"client","tick":511,"time_ms":10838,"wall_ms":1791536434460.0,"yaw":-1.57079637050629}
S03R {"event":"state_receive","role":"client","rows":[{"entity":1,"sequence":494,"tick":657},{"entity":2,"sequence":493,"tick":657}],"time_ms":10843,"wall_ms":1791536434465.0}
S03R {"aim_yaw":-1.5707963267949,"event":"input_send","index":18,"move":[1.0,0.0],"role":"client","sample_ticks_ms":10852,"sample_wall_ms":1791536434474.0,"send_ticks_ms":10852,"send_wall_ms":1791536434475.0,"sequence":512,"time_ms":10852,"wall_ms":1791536434475.0}
S03R {"authority_install_error_m":0.0,"entity":1,"event":"apply","pose":{"control":1,"durable":2,"entity":1,"last_input_tick":494,"position":[0.0,0.00100011611357331,10.9999923706055],"receipt_ms":10843,"sequence":494,"tick":657,"velocity":[0.0,0.0,0.0],"yaw":0.0},"position":[0.0,0.00100011611357331,10.9999923706055],"time_ms":10857,"wall_ms":1791536434479.0,"yaw":0.0}
S03R {"ack_input_tick":493,"cause":"none","correction_m":0.0,"correction_yaw_deg":0.0,"event":"correction","history_exhausted":false,"replay_frames":18,"replay_usec":116,"role":"client","tick":512,"time_ms":10861,"wall_ms":1791536434483.0}
S03R {"authority_install_error_m":0.0,"entity":2,"event":"apply","pose":{"control":1,"durable":2,"entity":2,"last_input_tick":493,"position":[6.33333396911621,0.00100005290005356,8.25002193450928],"receipt_ms":10843,"sequence":493,"tick":657,"velocity":[0.0,0.0,0.0],"yaw":0.0},"position":[6.50000095367432,0.00100005290005356,8.25002193450928],"time_ms":10865,"wall_ms":1791536434487.0,"yaw":-1.57079637050629}
S03R {"event":"prediction","history_size":19,"position":[6.58333444595337,0.00100005290005356,8.25002193450928],"predicted_tick":512,"role":"client","tick":512,"time_ms":10870,"wall_ms":1791536434492.0,"yaw":-1.57079637050629}
S03R {"event":"prediction","history_size":20,"position":[6.66666793823242,0.00100005290005356,8.25002193450928],"predicted_tick":513,"role":"client","tick":513,"time_ms":10875,"wall_ms":1791536434497.0,"yaw":-1.57079637050629}
S03R {"aim_yaw":-1.5707963267949,"event":"input_send","index":18,"move":[1.0,0.0],"role":"client","sample_ticks_ms":10882,"sample_wall_ms":1791536434504.0,"send_ticks_ms":10882,"send_wall_ms":1791536434504.0,"sequence":514,"time_ms":10882,"wall_ms":1791536434504.0}
S03R {"event":"prediction","history_size":21,"position":[6.75000143051147,0.00100005290005356,8.25002193450928],"predicted_tick":514,"role":"client","tick":514,"time_ms":10884,"wall_ms":1791536434507.0,"yaw":-1.57079637050629}
S03R {"event":"prediction","history_size":22,"position":[6.83333492279053,0.00100005290005356,8.25002193450928],"predicted_tick":515,"role":"client","tick":515,"time_ms":10912,"wall_ms":1791536434535.0,"yaw":-1.57079637050629}
S03R {"aim_yaw":-1.5707963267949,"event":"input_send","index":18,"move":[1.0,0.0],"role":"client","sample_ticks_ms":10928,"sample_wall_ms":1791536434549.0,"send_ticks_ms":10928,"send_wall_ms":1791536434549.0,"sequence":516,"time_ms":10928,"wall_ms":1791536434549.0}
S03R {"event":"prediction","history_size":23,"position":[6.91666841506958,0.00100005290005356,8.25002193450928],"predicted_tick":516,"role":"client","tick":516,"time_ms":10932,"wall_ms":1791536434555.0,"yaw":-1.57079637050629}
S03R {"event":"state_receive","role":"client","rows":[{"entity":1,"sequence":497,"tick":660},{"entity":2,"sequence":496,"tick":660}],"time_ms":10937,"wall_ms":1791536434560.0}
S03R {"event":"state_receive","role":"client","rows":[{"entity":1,"sequence":500,"tick":663},{"entity":2,"sequence":500,"tick":663}],"time_ms":10939,"wall_ms":1791536434561.0}
S03R {"authority_install_error_m":0.0,"entity":1,"event":"apply","pose":{"control":1,"durable":2,"entity":1,"last_input_tick":500,"position":[0.0,0.00100011611357331,10.9999923706055],"receipt_ms":10939,"sequence":500,"tick":663,"velocity":[0.0,0.0,0.0],"yaw":0.0},"position":[0.0,0.00100011611357331,10.9999923706055],"time_ms":10942,"wall_ms":1791536434564.0,"yaw":0.0}
S03R {"ack_input_tick":500,"cause":"none","correction_m":0.0,"correction_yaw_deg":0.0,"event":"correction","history_exhausted":false,"replay_frames":16,"replay_usec":119,"role":"client","tick":517,"time_ms":10948,"wall_ms":1791536434570.0}
S03R {"authority_install_error_m":0.0,"entity":2,"event":"apply","pose":{"control":1,"durable":2,"entity":2,"last_input_tick":500,"position":[6.33333396911621,0.00100005290005356,8.25002193450928],"receipt_ms":10939,"sequence":500,"tick":663,"velocity":[0.0,0.0,0.0],"yaw":0.0},"position":[6.91666841506958,0.00100005290005356,8.25002193450928],"time_ms":10952,"wall_ms":1791536434574.0,"yaw":-1.57079637050629}
S03R {"event":"prediction","history_size":17,"position":[7.00000190734863,0.00100005290005356,8.25002193450928],"predicted_tick":517,"role":"client","tick":517,"time_ms":10955,"wall_ms":1791536434577.0,"yaw":-1.57079637050629}
S03R {"aim_yaw":-1.5707963267949,"event":"input_send","index":18,"move":[1.0,0.0],"role":"client","sample_ticks_ms":10959,"sample_wall_ms":1791536434581.0,"send_ticks_ms":10959,"send_wall_ms":1791536434582.0,"sequence":518,"time_ms":10959,"wall_ms":1791536434582.0}
S03R {"event":"prediction","history_size":18,"position":[7.08333539962769,0.00100005290005356,8.25002193450928],"predicted_tick":518,"role":"client","tick":518,"time_ms":10964,"wall_ms":1791536434586.0,"yaw":-1.57079637050629}
S03R {"event":"prediction","history_size":19,"position":[7.16666889190674,0.00100005290005356,8.25002193450928],"predicted_tick":519,"role":"client","tick":519,"time_ms":10974,"wall_ms":1791536434596.0,"yaw":-1.57079637050629}
S03R {"aim_yaw":-1.5707963267949,"event":"input_send","index":18,"move":[1.0,0.0],"role":"client","sample_ticks_ms":11005,"sample_wall_ms":1791536434628.0,"send_ticks_ms":11005,"send_wall_ms":1791536434628.0,"sequence":520,"time_ms":11005,"wall_ms":1791536434628.0}
S03R {"event":"prediction","history_size":20,"position":[7.25000238418579,0.00100005290005356,8.25002193450928],"predicted_tick":520,"role":"client","tick":520,"time_ms":11008,"wall_ms":1791536434631.0,"yaw":-1.57079637050629}
S03R {"event":"state_receive","role":"client","rows":[{"entity":1,"sequence":503,"tick":666},{"entity":2,"sequence":500,"tick":666}],"time_ms":11013,"wall_ms":1791536434636.0}
S03R {"authority_install_error_m":0.0,"entity":1,"event":"apply","pose":{"control":1,"durable":2,"entity":1,"last_input_tick":503,"position":[0.0,0.00100011611357331,10.9999923706055],"receipt_ms":11013,"sequence":503,"tick":666,"velocity":[0.0,0.0,0.0],"yaw":0.0},"position":[0.0,0.00100011611357331,10.9999923706055],"time_ms":11017,"wall_ms":1791536434638.0,"yaw":0.0}
S03R {"ack_input_tick":500,"cause":"none","correction_m":0.0,"correction_yaw_deg":0.0,"event":"correction","history_exhausted":false,"replay_frames":20,"replay_usec":253,"role":"client","tick":521,"time_ms":11022,"wall_ms":1791536434645.0}
S03R {"authority_install_error_m":0.0,"entity":2,"event":"apply","pose":{"control":1,"durable":2,"entity":2,"last_input_tick":500,"position":[6.33333396911621,0.00100005290005356,8.25002193450928],"receipt_ms":11013,"sequence":500,"tick":666,"velocity":[0.0,0.0,0.0],"yaw":0.0},"position":[7.25000238418579,0.00100005290005356,8.25002193450928],"time_ms":11026,"wall_ms":1791536434649.0,"yaw":-1.57079637050629}
S03R {"event":"prediction","history_size":21,"position":[7.33333587646484,0.00100005290005356,8.25002193450928],"predicted_tick":521,"role":"client","tick":521,"time_ms":11031,"wall_ms":1791536434653.0,"yaw":-1.57079637050629}
S03R {"aim_yaw":0.0,"event":"keys","move":[0.0,0.0],"role":"client","tick":522,"time_ms":11036,"wall_ms":1791536434659.0}
S03R {"event":"prediction","history_size":22,"position":[7.33333587646484,0.00100005290005356,8.25002193450928],"predicted_tick":522,"role":"client","tick":522,"time_ms":11040,"wall_ms":1791536434663.0,"yaw":0.0}
S03R {"event":"state_receive","role":"client","rows":[{"entity":1,"sequence":506,"tick":669},{"entity":2,"sequence":506,"tick":669}],"time_ms":11044,"wall_ms":1791536434666.0}
S03R {"authority_install_error_m":0.0,"entity":1,"event":"apply","pose":{"control":1,"durable":2,"entity":1,"last_input_tick":506,"position":[0.0,0.00100011611357331,10.9999923706055],"receipt_ms":11044,"sequence":506,"tick":669,"velocity":[0.0,0.0,0.0],"yaw":0.0},"position":[0.0,0.00100011611357331,10.9999923706055],"time_ms":11047,"wall_ms":1791536434668.0,"yaw":0.0}
S03R {"ack_input_tick":506,"cause":"none","correction_m":0.0,"correction_yaw_deg":0.0,"event":"correction","history_exhausted":false,"replay_frames":16,"replay_usec":156,"role":"client","tick":523,"time_ms":11049,"wall_ms":1791536434672.0}
S03R {"authority_install_error_m":0.0,"entity":2,"event":"apply","pose":{"control":1,"durable":2,"entity":2,"last_input_tick":506,"position":[6.33333396911621,0.00100005290005356,8.25002193450928],"receipt_ms":11044,"sequence":506,"tick":669,"velocity":[0.0,0.0,0.0],"yaw":0.0},"position":[7.33333587646484,0.00100005290005356,8.25002193450928],"time_ms":11052,"wall_ms":1791536434674.0,"yaw":0.0}
S03R {"event":"prediction","history_size":17,"position":[7.33333587646484,0.00100005290005356,8.25002193450928],"predicted_tick":523,"role":"client","tick":523,"time_ms":11054,"wall_ms":1791536434677.0,"yaw":0.0}
S03R {"event":"prediction","history_size":18,"position":[7.33333587646484,0.00100005290005356,8.25002193450928],"predicted_tick":524,"role":"client","tick":524,"time_ms":11060,"wall_ms":1791536434682.0,"yaw":0.0}
S03R {"event":"prediction","history_size":19,"position":[7.33333587646484,0.00100005290005356,8.25002193450928],"predicted_tick":525,"role":"client","tick":525,"time_ms":11067,"wall_ms":1791536434690.0,"yaw":0.0}
S03R {"event":"prediction","history_size":20,"position":[7.33333587646484,0.00100005290005356,8.25002193450928],"predicted_tick":526,"role":"client","tick":526,"time_ms":11086,"wall_ms":1791536434709.0,"yaw":0.0}
S03R {"event":"prediction","history_size":21,"position":[7.33333587646484,0.00100005290005356,8.25002193450928],"predicted_tick":527,"role":"client","tick":527,"time_ms":11099,"wall_ms":1791536434721.0,"yaw":0.0}
S03R {"event":"prediction","history_size":22,"position":[7.33333587646484,0.00100005290005356,8.25002193450928],"predicted_tick":528,"role":"client","tick":528,"time_ms":11130,"wall_ms":1791536434753.0,"yaw":0.0}
S03R {"event":"state_receive","role":"client","rows":[{"entity":1,"sequence":509,"tick":672},{"entity":2,"sequence":506,"tick":672}],"time_ms":11134,"wall_ms":1791536434757.0}
S03R {"event":"state_receive","role":"client","rows":[{"entity":1,"sequence":512,"tick":675},{"entity":2,"sequence":512,"tick":675}],"time_ms":11137,"wall_ms":1791536434760.0}
S03R {"authority_install_error_m":0.0,"entity":1,"event":"apply","pose":{"control":1,"durable":2,"entity":1,"last_input_tick":512,"position":[0.0,0.00100011611357331,10.9999923706055],"receipt_ms":11137,"sequence":512,"tick":675,"velocity":[0.0,0.0,0.0],"yaw":0.0},"position":[0.0,0.00100011611357331,10.9999923706055],"time_ms":11139,"wall_ms":1791536434762.0,"yaw":0.0}
S03R {"ack_input_tick":512,"cause":"held_timing_or_delivery","correction_m":0.166666984558105,"correction_yaw_deg":0.0,"event":"correction","history_exhausted":false,"replay_frames":16,"replay_usec":178,"role":"client","tick":529,"time_ms":11142,"wall_ms":1791536434765.0}
S03R {"authority_install_error_m":0.0,"entity":2,"event":"apply","pose":{"control":1,"durable":2,"entity":2,"last_input_tick":512,"position":[6.41666746139526,0.00100005290005356,8.25002193450928],"receipt_ms":11137,"sequence":512,"tick":675,"velocity":[5.0,0.0,0.0],"yaw":-1.57079637050629},"position":[7.16666889190674,0.00100005290005356,8.25002193450928],"time_ms":11144,"wall_ms":1791536434767.0,"yaw":0.0}
S03R {"event":"prediction","history_size":17,"position":[7.16666889190674,0.00100005290005356,8.25002193450928],"predicted_tick":529,"role":"client","tick":529,"time_ms":11147,"wall_ms":1791536434770.0,"yaw":0.0}
S03R {"event":"prediction","history_size":18,"position":[7.16666889190674,0.00100005290005356,8.25002193450928],"predicted_tick":530,"role":"client","tick":530,"time_ms":11153,"wall_ms":1791536434776.0,"yaw":0.0}
S03R {"event":"prediction","history_size":19,"position":[7.16666889190674,0.00100005290005356,8.25002193450928],"predicted_tick":531,"role":"client","tick":531,"time_ms":11176,"wall_ms":1791536434798.0,"yaw":0.0}
S03R {"event":"prediction","history_size":20,"position":[7.16666889190674,0.00100005290005356,8.25002193450928],"predicted_tick":532,"role":"client","tick":532,"time_ms":11183,"wall_ms":1791536434806.0,"yaw":0.0}
S03R {"event":"state_receive","role":"client","rows":[{"entity":1,"sequence":515,"tick":678},{"entity":2,"sequence":515,"tick":678}],"time_ms":11192,"wall_ms":1791536434815.0}
S03R {"authority_install_error_m":0.0,"entity":1,"event":"apply","pose":{"control":1,"durable":2,"entity":1,"last_input_tick":515,"position":[0.0,0.00100011611357331,10.9999923706055],"receipt_ms":11192,"sequence":515,"tick":678,"velocity":[0.0,0.0,0.0],"yaw":0.0},"position":[0.0,0.00100011611357331,10.9999923706055],"time_ms":11207,"wall_ms":1791536434830.0,"yaw":0.0}
S03R {"ack_input_tick":515,"cause":"none","correction_m":0.0,"correction_yaw_deg":0.0,"event":"correction","history_exhausted":false,"replay_frames":17,"replay_usec":190,"role":"client","tick":533,"time_ms":11211,"wall_ms":1791536434833.0}
S03R {"authority_install_error_m":0.0,"entity":2,"event":"apply","pose":{"control":1,"durable":2,"entity":2,"last_input_tick":515,"position":[6.66666793823242,0.00100005290005356,8.25002193450928],"receipt_ms":11192,"sequence":515,"tick":678,"velocity":[5.0,0.0,0.0],"yaw":-1.57079637050629},"position":[7.16666889190674,0.00100005290005356,8.25002193450928],"time_ms":11215,"wall_ms":1791536434837.0,"yaw":0.0}
S03R {"event":"prediction","history_size":18,"position":[7.16666889190674,0.00100005290005356,8.25002193450928],"predicted_tick":533,"role":"client","tick":533,"time_ms":11219,"wall_ms":1791536434841.0,"yaw":0.0}
S03R {"event":"state_receive","role":"client","rows":[{"entity":1,"sequence":518,"tick":681},{"entity":2,"sequence":518,"tick":681}],"time_ms":11224,"wall_ms":1791536434847.0}
S03R {"authority_install_error_m":0.0,"entity":1,"event":"apply","pose":{"control":1,"durable":2,"entity":1,"last_input_tick":518,"position":[0.0,0.00100011611357331,10.9999923706055],"receipt_ms":11224,"sequence":518,"tick":681,"velocity":[0.0,0.0,0.0],"yaw":0.0},"position":[0.0,0.00100011611357331,10.9999923706055],"time_ms":11228,"wall_ms":1791536434851.0,"yaw":0.0}
S03R {"ack_input_tick":518,"cause":"none","correction_m":0.0,"correction_yaw_deg":0.0,"event":"correction","history_exhausted":false,"replay_frames":15,"replay_usec":109,"role":"client","tick":534,"time_ms":11232,"wall_ms":1791536434855.0}
S03R {"authority_install_error_m":0.0,"entity":2,"event":"apply","pose":{"control":1,"durable":2,"entity":2,"last_input_tick":518,"position":[6.91666841506958,0.00100005290005356,8.25002193450928],"receipt_ms":11224,"sequence":518,"tick":681,"velocity":[5.0,0.0,0.0],"yaw":-1.57079637050629},"position":[7.16666889190674,0.00100005290005356,8.25002193450928],"time_ms":11237,"wall_ms":1791536434859.0,"yaw":0.0}
S03R {"event":"prediction","history_size":16,"position":[7.16666889190674,0.00100005290005356,8.25002193450928],"predicted_tick":534,"role":"client","tick":534,"time_ms":11243,"wall_ms":1791536434866.0,"yaw":0.0}
S03R {"event":"prediction","history_size":17,"position":[7.16666889190674,0.00100005290005356,8.25002193450928],"predicted_tick":535,"role":"client","tick":535,"time_ms":11248,"wall_ms":1791536434871.0,"yaw":0.0}
S03R {"event":"prediction","history_size":18,"position":[7.16666889190674,0.00100005290005356,8.25002193450928],"predicted_tick":536,"role":"client","tick":536,"time_ms":11256,"wall_ms":1791536434878.0,"yaw":0.0}
S03R {"event":"state_receive","role":"client","rows":[{"entity":1,"sequence":521,"tick":684},{"entity":2,"sequence":522,"tick":684}],"time_ms":11259,"wall_ms":1791536434882.0}
S03R {"authority_install_error_m":0.0,"entity":1,"event":"apply","pose":{"control":1,"durable":2,"entity":1,"last_input_tick":521,"position":[0.0,0.00100011611357331,10.9999923706055],"receipt_ms":11259,"sequence":521,"tick":684,"velocity":[0.0,0.0,0.0],"yaw":0.0},"position":[0.0,0.00100011611357331,10.9999923706055],"time_ms":11271,"wall_ms":1791536434894.0,"yaw":0.0}
S03R {"ack_input_tick":522,"cause":"held_timing_or_delivery","correction_m":0.250000476837158,"correction_yaw_deg":0.0,"event":"correction","history_exhausted":false,"replay_frames":14,"replay_usec":122,"role":"client","tick":537,"time_ms":11275,"wall_ms":1791536434897.0}
S03R {"authority_install_error_m":0.0,"entity":2,"event":"apply","pose":{"control":1,"durable":2,"entity":2,"last_input_tick":522,"position":[6.91666841506958,0.00100005290005356,8.25002193450928],"receipt_ms":11259,"sequence":522,"tick":684,"velocity":[0.0,0.0,0.0],"yaw":0.0},"position":[6.91666841506958,0.00100005290005356,8.25002193450928],"time_ms":11279,"wall_ms":1791536434902.0,"yaw":0.0}
S03R {"event":"prediction","history_size":15,"position":[6.91666841506958,0.00100005290005356,8.25002193450928],"predicted_tick":537,"role":"client","tick":537,"time_ms":11284,"wall_ms":1791536434906.0,"yaw":0.0}
S03R {"event":"prediction","history_size":16,"position":[6.91666841506958,0.00100005290005356,8.25002193450928],"predicted_tick":538,"role":"client","tick":538,"time_ms":11289,"wall_ms":1791536434911.0,"yaw":0.0}
S03R {"event":"prediction","history_size":17,"position":[6.91666841506958,0.00100005290005356,8.25002193450928],"predicted_tick":539,"role":"client","tick":539,"time_ms":11302,"wall_ms":1791536434924.0,"yaw":0.0}
S03R {"aim_yaw":0.0,"event":"input","index":19,"move":[0.0,-1.0],"position":[6.91666841506958,0.00100005290005356,8.25002193450928],"role":"client","sequence_floor":540,"tick":540,"time_ms":11318,"wall_ms":1791536434941.0,"yaw":0.0}
S03R {"aim_yaw":0.0,"event":"keys","move":[0.0,-1.0],"role":"client","tick":540,"time_ms":11323,"wall_ms":1791536434945.0}
S03R {"aim_yaw":0.0,"event":"input_send","index":19,"move":[0.0,-1.0],"role":"client","sample_ticks_ms":11327,"sample_wall_ms":1791536434949.0,"send_ticks_ms":11327,"send_wall_ms":1791536434949.0,"sequence":540,"time_ms":11327,"wall_ms":1791536434949.0}
S03R {"event":"prediction","history_size":18,"position":[6.91666841506958,0.00100005290005356,8.16668891906738],"predicted_tick":540,"role":"client","tick":540,"time_ms":11331,"wall_ms":1791536434953.0,"yaw":0.0}
S03R {"event":"prediction","history_size":19,"position":[6.91666841506958,0.00100005290005356,8.08335590362549],"predicted_tick":541,"role":"client","tick":541,"time_ms":11339,"wall_ms":1791536434962.0,"yaw":0.0}
S03R {"event":"state_receive","role":"client","rows":[{"entity":1,"sequence":524,"tick":687},{"entity":2,"sequence":525,"tick":687}],"time_ms":11349,"wall_ms":1791536434972.0}
S03R {"aim_yaw":0.0,"event":"input_send","index":19,"move":[0.0,-1.0],"role":"client","sample_ticks_ms":11353,"sample_wall_ms":1791536434976.0,"send_ticks_ms":11353,"send_wall_ms":1791536434976.0,"sequence":542,"time_ms":11353,"wall_ms":1791536434976.0}
S03R {"authority_install_error_m":0.0,"entity":1,"event":"apply","pose":{"control":1,"durable":2,"entity":1,"last_input_tick":524,"position":[0.0,0.00100011611357331,10.9999923706055],"receipt_ms":11349,"sequence":524,"tick":687,"velocity":[0.0,0.0,0.0],"yaw":0.0},"position":[0.0,0.00100011611357331,10.9999923706055],"time_ms":11357,"wall_ms":1791536434980.0,"yaw":0.0}
S03R {"ack_input_tick":525,"cause":"none","correction_m":0.0,"correction_yaw_deg":0.0,"event":"correction","history_exhausted":false,"replay_frames":16,"replay_usec":174,"role":"client","tick":542,"time_ms":11360,"wall_ms":1791536434982.0}
S03R {"authority_install_error_m":0.0,"entity":2,"event":"apply","pose":{"control":1,"durable":2,"entity":2,"last_input_tick":525,"position":[6.91666841506958,0.00100005290005356,8.25002193450928],"receipt_ms":11349,"sequence":525,"tick":687,"velocity":[0.0,0.0,0.0],"yaw":0.0},"position":[6.91666841506958,0.00100005290005356,8.08335590362549],"time_ms":11363,"wall_ms":1791536434985.0,"yaw":0.0}
S03R {"event":"prediction","history_size":17,"position":[6.91666841506958,0.00100005290005356,8.00002288818359],"predicted_tick":542,"role":"client","tick":542,"time_ms":11365,"wall_ms":1791536434988.0,"yaw":0.0}
S03R {"event":"prediction","history_size":18,"position":[6.91666841506958,0.00100005290005356,7.91668939590454],"predicted_tick":543,"role":"client","tick":543,"time_ms":11370,"wall_ms":1791536434992.0,"yaw":0.0}
S03R {"aim_yaw":0.0,"event":"input_send","index":19,"move":[0.0,-1.0],"role":"client","sample_ticks_ms":11395,"sample_wall_ms":1791536435018.0,"send_ticks_ms":11396,"send_wall_ms":1791536435018.0,"sequence":544,"time_ms":11396,"wall_ms":1791536435018.0}
S03R {"event":"prediction","history_size":19,"position":[6.91666841506958,0.00100005290005356,7.83335590362549],"predicted_tick":544,"role":"client","tick":544,"time_ms":11400,"wall_ms":1791536435022.0,"yaw":0.0}
S03R {"event":"prediction","history_size":20,"position":[6.91666841506958,0.00100005290005356,7.75002241134644],"predicted_tick":545,"role":"client","tick":545,"time_ms":11406,"wall_ms":1791536435029.0,"yaw":0.0}
S03R {"aim_yaw":0.0,"event":"input_send","index":19,"move":[0.0,-1.0],"role":"client","sample_ticks_ms":11426,"sample_wall_ms":1791536435048.0,"send_ticks_ms":11426,"send_wall_ms":1791536435048.0,"sequence":546,"time_ms":11426,"wall_ms":1791536435048.0}
S03R {"event":"prediction","history_size":21,"position":[6.91666841506958,0.00100005290005356,7.66668891906738],"predicted_tick":546,"role":"client","tick":546,"time_ms":11430,"wall_ms":1791536435053.0,"yaw":0.0}
S03R {"event":"prediction","history_size":22,"position":[6.91666841506958,0.00100005290005356,7.58335542678833],"predicted_tick":547,"role":"client","tick":547,"time_ms":11436,"wall_ms":1791536435058.0,"yaw":0.0}
S03R {"aim_yaw":0.0,"event":"input_send","index":19,"move":[0.0,-1.0],"role":"client","sample_ticks_ms":11457,"sample_wall_ms":1791536435079.0,"send_ticks_ms":11457,"send_wall_ms":1791536435079.0,"sequence":548,"time_ms":11457,"wall_ms":1791536435079.0}
S03R {"event":"prediction","history_size":23,"position":[6.91666841506958,0.00100005290005356,7.50002193450928],"predicted_tick":548,"role":"client","tick":548,"time_ms":11461,"wall_ms":1791536435083.0,"yaw":0.0}
S03R {"event":"prediction","history_size":24,"position":[6.91666841506958,0.00100005290005356,7.41668844223022],"predicted_tick":549,"role":"client","tick":549,"time_ms":11473,"wall_ms":1791536435095.0,"yaw":0.0}
S03R {"event":"state_receive","role":"client","rows":[{"entity":1,"sequence":530,"tick":693},{"entity":2,"sequence":529,"tick":693}],"time_ms":11478,"wall_ms":1791536435100.0}
S03R {"aim_yaw":0.0,"event":"input_send","index":19,"move":[0.0,-1.0],"role":"client","sample_ticks_ms":11488,"sample_wall_ms":1791536435111.0,"send_ticks_ms":11489,"send_wall_ms":1791536435111.0,"sequence":550,"time_ms":11489,"wall_ms":1791536435111.0}
S03R {"authority_install_error_m":0.0,"entity":1,"event":"apply","pose":{"control":1,"durable":2,"entity":1,"last_input_tick":530,"position":[0.0,0.00100011611357331,10.9999923706055],"receipt_ms":11478,"sequence":530,"tick":693,"velocity":[0.0,0.0,0.0],"yaw":0.0},"position":[0.0,0.00100011611357331,10.9999923706055],"time_ms":11492,"wall_ms":1791536435115.0,"yaw":0.0}
S03R {"ack_input_tick":529,"cause":"none","correction_m":0.0,"correction_yaw_deg":0.0,"event":"correction","history_exhausted":false,"replay_frames":20,"replay_usec":163,"role":"client","tick":550,"time_ms":11496,"wall_ms":1791536435119.0}
S03R {"authority_install_error_m":0.0,"entity":2,"event":"apply","pose":{"control":1,"durable":2,"entity":2,"last_input_tick":529,"position":[6.91666841506958,0.00100005290005356,8.25002193450928],"receipt_ms":11478,"sequence":529,"tick":693,"velocity":[0.0,0.0,0.0],"yaw":0.0},"position":[6.91666841506958,0.00100005290005356,7.41668844223022],"time_ms":11501,"wall_ms":1791536435123.0,"yaw":0.0}
S03R {"event":"prediction","history_size":21,"position":[6.91666841506958,0.00100005290005356,7.33335494995117],"predicted_tick":550,"role":"client","tick":550,"time_ms":11505,"wall_ms":1791536435128.0,"yaw":0.0}
S03R {"event":"prediction","history_size":22,"position":[6.91666841506958,0.00100005290005356,7.25002145767212],"predicted_tick":551,"role":"client","tick":551,"time_ms":11509,"wall_ms":1791536435132.0,"yaw":0.0}
S03R {"event":"state_receive","role":"client","rows":[{"entity":1,"sequence":536,"tick":699},{"entity":2,"sequence":535,"tick":699}],"time_ms":11520,"wall_ms":1791536435142.0}
S03R {"aim_yaw":0.0,"event":"keys","move":[0.0,0.0],"role":"client","tick":552,"time_ms":11524,"wall_ms":1791536435146.0}
S03R {"authority_install_error_m":0.0,"entity":1,"event":"apply","pose":{"control":1,"durable":2,"entity":1,"last_input_tick":536,"position":[0.0,0.00100011611357331,10.9999923706055],"receipt_ms":11520,"sequence":536,"tick":699,"velocity":[0.0,0.0,0.0],"yaw":0.0},"position":[0.0,0.00100011611357331,10.9999923706055],"time_ms":11529,"wall_ms":1791536435151.0,"yaw":0.0}
S03R {"ack_input_tick":535,"cause":"none","correction_m":0.0,"correction_yaw_deg":0.0,"event":"correction","history_exhausted":false,"replay_frames":16,"replay_usec":126,"role":"client","tick":552,"time_ms":11533,"wall_ms":1791536435155.0}
S03R {"authority_install_error_m":0.0,"entity":2,"event":"apply","pose":{"control":1,"durable":2,"entity":2,"last_input_tick":535,"position":[6.91666841506958,0.00100005290005356,8.25002193450928],"receipt_ms":11520,"sequence":535,"tick":699,"velocity":[0.0,0.0,0.0],"yaw":0.0},"position":[6.91666841506958,0.00100005290005356,7.25002145767212],"time_ms":11537,"wall_ms":1791536435159.0,"yaw":0.0}
S03R {"event":"prediction","history_size":17,"position":[6.91666841506958,0.00100005290005356,7.25002145767212],"predicted_tick":552,"role":"client","tick":552,"time_ms":11541,"wall_ms":1791536435164.0,"yaw":0.0}
S03R {"event":"prediction","history_size":18,"position":[6.91666841506958,0.00100005290005356,7.25002145767212],"predicted_tick":553,"role":"client","tick":553,"time_ms":11546,"wall_ms":1791536435169.0,"yaw":0.0}
S03R {"event":"prediction","history_size":19,"position":[6.91666841506958,0.00100005290005356,7.25002145767212],"predicted_tick":554,"role":"client","tick":554,"time_ms":11564,"wall_ms":1791536435187.0,"yaw":0.0}
S03R {"event":"prediction","history_size":20,"position":[6.91666841506958,0.00100005290005356,7.25002145767212],"predicted_tick":555,"role":"client","tick":555,"time_ms":11574,"wall_ms":1791536435196.0,"yaw":0.0}
S03R {"event":"prediction","history_size":21,"position":[6.91666841506958,0.00100005290005356,7.25002145767212],"predicted_tick":556,"role":"client","tick":556,"time_ms":11595,"wall_ms":1791536435217.0,"yaw":0.0}
S03R {"event":"prediction","history_size":22,"position":[6.91666841506958,0.00100005290005356,7.25002145767212],"predicted_tick":557,"role":"client","tick":557,"time_ms":11611,"wall_ms":1791536435233.0,"yaw":0.0}
S03R {"event":"prediction","history_size":23,"position":[6.91666841506958,0.00100005290005356,7.25002145767212],"predicted_tick":558,"role":"client","tick":558,"time_ms":11626,"wall_ms":1791536435248.0,"yaw":0.0}
S03R {"event":"prediction","history_size":24,"position":[6.91666841506958,0.00100005290005356,7.25002145767212],"predicted_tick":559,"role":"client","tick":559,"time_ms":11642,"wall_ms":1791536435264.0,"yaw":0.0}
S03R {"event":"prediction","history_size":25,"position":[6.91666841506958,0.00100005290005356,7.25002145767212],"predicted_tick":560,"role":"client","tick":560,"time_ms":11657,"wall_ms":1791536435279.0,"yaw":0.0}
S03R {"event":"state_receive","role":"client","rows":[{"entity":1,"sequence":539,"tick":702},{"entity":2,"sequence":538,"tick":702}],"time_ms":11664,"wall_ms":1791536435287.0}
S03R {"authority_install_error_m":0.0,"entity":1,"event":"apply","pose":{"control":1,"durable":2,"entity":1,"last_input_tick":539,"position":[0.0,0.00100011611357331,10.9999923706055],"receipt_ms":11664,"sequence":539,"tick":702,"velocity":[0.0,0.0,0.0],"yaw":0.0},"position":[0.0,0.00100011611357331,10.9999923706055],"time_ms":11669,"wall_ms":1791536435291.0,"yaw":0.0}
S03R {"ack_input_tick":538,"cause":"none","correction_m":0.0,"correction_yaw_deg":0.0,"event":"correction","history_exhausted":false,"replay_frames":22,"replay_usec":196,"role":"client","tick":561,"time_ms":11673,"wall_ms":1791536435296.0}
S03R {"authority_install_error_m":0.0,"entity":2,"event":"apply","pose":{"control":1,"durable":2,"entity":2,"last_input_tick":538,"position":[6.91666841506958,0.00100005290005356,8.25002193450928],"receipt_ms":11664,"sequence":538,"tick":702,"velocity":[0.0,0.0,0.0],"yaw":0.0},"position":[6.91666841506958,0.00100005290005356,7.25002145767212],"time_ms":11677,"wall_ms":1791536435299.0,"yaw":0.0}
S03R {"event":"prediction","history_size":23,"position":[6.91666841506958,0.00100005290005356,7.25002145767212],"predicted_tick":561,"role":"client","tick":561,"time_ms":11681,"wall_ms":1791536435303.0,"yaw":0.0}
S03R {"event":"state_receive","role":"client","rows":[{"entity":1,"sequence":545,"tick":708},{"entity":2,"sequence":542,"tick":708}],"time_ms":11686,"wall_ms":1791536435308.0}
S03R {"authority_install_error_m":0.0,"entity":1,"event":"apply","pose":{"control":1,"durable":2,"entity":1,"last_input_tick":545,"position":[0.0,0.00100011611357331,10.9999923706055],"receipt_ms":11686,"sequence":545,"tick":708,"velocity":[0.0,0.0,0.0],"yaw":0.0},"position":[0.0,0.00100011611357331,10.9999923706055],"time_ms":11690,"wall_ms":1791536435313.0,"yaw":0.0}
S03R {"ack_input_tick":542,"cause":"none","correction_m":0.0,"correction_yaw_deg":0.0,"event":"correction","history_exhausted":false,"replay_frames":19,"replay_usec":160,"role":"client","tick":562,"time_ms":11694,"wall_ms":1791536435317.0}
S03R {"authority_install_error_m":0.0,"entity":2,"event":"apply","pose":{"control":1,"durable":2,"entity":2,"last_input_tick":542,"position":[6.91666841506958,0.00100005290005356,8.00002288818359],"receipt_ms":11686,"sequence":542,"tick":708,"velocity":[0.0,0.0,0.0],"yaw":0.0},"position":[6.91666841506958,0.00100005290005356,7.25002145767212],"time_ms":11698,"wall_ms":1791536435321.0,"yaw":0.0}
S03R {"event":"prediction","history_size":20,"position":[6.91666841506958,0.00100005290005356,7.25002145767212],"predicted_tick":562,"role":"client","tick":562,"time_ms":11701,"wall_ms":1791536435324.0,"yaw":0.0}
S03R {"event":"prediction","history_size":21,"position":[6.91666841506958,0.00100005290005356,7.25002145767212],"predicted_tick":563,"role":"client","tick":563,"time_ms":11705,"wall_ms":1791536435328.0,"yaw":0.0}
S03R {"event":"prediction","history_size":22,"position":[6.91666841506958,0.00100005290005356,7.25002145767212],"predicted_tick":564,"role":"client","tick":564,"time_ms":11719,"wall_ms":1791536435341.0,"yaw":0.0}
S03R {"event":"prediction","history_size":23,"position":[6.91666841506958,0.00100005290005356,7.25002145767212],"predicted_tick":565,"role":"client","tick":565,"time_ms":11734,"wall_ms":1791536435357.0,"yaw":0.0}
S03R {"event":"prediction","history_size":24,"position":[6.91666841506958,0.00100005290005356,7.25002145767212],"predicted_tick":566,"role":"client","tick":566,"time_ms":11749,"wall_ms":1791536435372.0,"yaw":0.0}
S03R {"event":"state_receive","role":"client","rows":[{"entity":1,"sequence":548,"tick":711},{"entity":2,"sequence":547,"tick":711}],"time_ms":11754,"wall_ms":1791536435376.0}
S03R {"authority_install_error_m":0.0,"entity":1,"event":"apply","pose":{"control":1,"durable":2,"entity":1,"last_input_tick":548,"position":[0.0,0.00100011611357331,10.9999923706055],"receipt_ms":11754,"sequence":548,"tick":711,"velocity":[0.0,0.0,0.0],"yaw":0.0},"position":[0.0,0.00100011611357331,10.9999923706055],"time_ms":11780,"wall_ms":1791536435403.0,"yaw":0.0}
S03R {"ack_input_tick":547,"cause":"held_timing_or_delivery","correction_m":0.166666984558105,"correction_yaw_deg":0.0,"event":"correction","history_exhausted":false,"replay_frames":19,"replay_usec":203,"role":"client","tick":567,"time_ms":11789,"wall_ms":1791536435411.0}
S03R {"authority_install_error_m":0.0,"entity":2,"event":"apply","pose":{"control":1,"durable":2,"entity":2,"last_input_tick":547,"position":[6.91666841506958,0.00100005290005356,7.75002241134644],"receipt_ms":11754,"sequence":547,"tick":711,"velocity":[0.0,0.0,-5.0],"yaw":0.0},"position":[6.91666841506958,0.00100005290005356,7.41668844223022],"time_ms":11793,"wall_ms":1791536435416.0,"yaw":0.0}
S03R {"event":"prediction","history_size":20,"position":[6.91666841506958,0.00100005290005356,7.41668844223022],"predicted_tick":567,"role":"client","tick":567,"time_ms":11802,"wall_ms":1791536435424.0,"yaw":0.0}
S03R {"event":"state_receive","role":"client","rows":[{"entity":1,"sequence":554,"tick":717},{"entity":2,"sequence":554,"tick":717}],"time_ms":11807,"wall_ms":1791536435429.0}
S03R {"authority_install_error_m":0.0,"entity":1,"event":"apply","pose":{"control":1,"durable":2,"entity":1,"last_input_tick":554,"position":[0.0,0.00100011611357331,10.9999923706055],"receipt_ms":11807,"sequence":554,"tick":717,"velocity":[0.0,0.0,0.0],"yaw":0.0},"position":[0.0,0.00100011611357331,10.9999923706055],"time_ms":11811,"wall_ms":1791536435434.0,"yaw":0.0}
S03R {"ack_input_tick":554,"cause":"held_timing_or_delivery","correction_m":0.250000476837158,"correction_yaw_deg":0.0,"event":"correction","history_exhausted":false,"replay_frames":13,"replay_usec":175,"role":"client","tick":568,"time_ms":11815,"wall_ms":1791536435438.0}
S03R {"authority_install_error_m":0.0,"entity":2,"event":"apply","pose":{"control":1,"durable":2,"entity":2,"last_input_tick":554,"position":[6.91666841506958,0.00100005290005356,7.66668891906738],"receipt_ms":11807,"sequence":554,"tick":717,"velocity":[0.0,0.0,0.0],"yaw":0.0},"position":[6.91666841506958,0.00100005290005356,7.66668891906738],"time_ms":11819,"wall_ms":1791536435442.0,"yaw":0.0}
S03R {"event":"prediction","history_size":14,"position":[6.91666841506958,0.00100005290005356,7.66668891906738],"predicted_tick":568,"role":"client","tick":568,"time_ms":11824,"wall_ms":1791536435447.0,"yaw":0.0}
S03R {"event":"prediction","history_size":15,"position":[6.91666841506958,0.00100005290005356,7.66668891906738],"predicted_tick":569,"role":"client","tick":569,"time_ms":11829,"wall_ms":1791536435451.0,"yaw":0.0}
S03R {"aim_yaw":1.5707963267949,"event":"input","index":20,"move":[-1.0,0.0],"position":[6.91666841506958,0.00100005290005356,7.66668891906738],"role":"client","sequence_floor":570,"tick":570,"time_ms":11833,"wall_ms":1791536435455.0,"yaw":0.0}
S03R {"aim_yaw":1.5707963267949,"event":"keys","move":[-1.0,0.0],"role":"client","tick":570,"time_ms":11837,"wall_ms":1791536435458.0}
S03R {"aim_yaw":1.5707963267949,"event":"input_send","index":20,"move":[-1.0,0.0],"role":"client","sample_ticks_ms":11843,"sample_wall_ms":1791536435465.0,"send_ticks_ms":11843,"send_wall_ms":1791536435466.0,"sequence":570,"time_ms":11843,"wall_ms":1791536435466.0}
S03R {"event":"prediction","history_size":16,"position":[6.83333492279053,0.00100005290005356,7.66668891906738],"predicted_tick":570,"role":"client","tick":570,"time_ms":11847,"wall_ms":1791536435469.0,"yaw":1.57079637050629}
S03R {"event":"prediction","history_size":17,"position":[6.75000143051147,0.00100005290005356,7.66668891906738],"predicted_tick":571,"role":"client","tick":571,"time_ms":11852,"wall_ms":1791536435475.0,"yaw":1.57079637050629}
S03R {"aim_yaw":1.5707963267949,"event":"input_send","index":20,"move":[-1.0,0.0],"role":"client","sample_ticks_ms":11873,"sample_wall_ms":1791536435495.0,"send_ticks_ms":11873,"send_wall_ms":1791536435495.0,"sequence":572,"time_ms":11873,"wall_ms":1791536435495.0}
S03R {"event":"prediction","history_size":18,"position":[6.66666793823242,0.00100005290005356,7.66668891906738],"predicted_tick":572,"role":"client","tick":572,"time_ms":11877,"wall_ms":1791536435499.0,"yaw":1.57079637050629}
S03R {"event":"prediction","history_size":19,"position":[6.58333444595337,0.00100005290005356,7.66668891906738],"predicted_tick":573,"role":"client","tick":573,"time_ms":11882,"wall_ms":1791536435504.0,"yaw":1.57079637050629}
S03R {"aim_yaw":1.5707963267949,"event":"input_send","index":20,"move":[-1.0,0.0],"role":"client","sample_ticks_ms":11885,"sample_wall_ms":1791536435508.0,"send_ticks_ms":11885,"send_wall_ms":1791536435508.0,"sequence":574,"time_ms":11885,"wall_ms":1791536435508.0}
S03R {"event":"prediction","history_size":20,"position":[6.50000095367432,0.00100005290005356,7.66668891906738],"predicted_tick":574,"role":"client","tick":574,"time_ms":11888,"wall_ms":1791536435510.0,"yaw":1.57079637050629}
S03R {"event":"prediction","history_size":21,"position":[6.41666746139526,0.00100005290005356,7.66668891906738],"predicted_tick":575,"role":"client","tick":575,"time_ms":11905,"wall_ms":1791536435528.0,"yaw":1.57079637050629}
S03R {"event":"state_receive","role":"client","rows":[{"entity":1,"sequence":557,"tick":720},{"entity":2,"sequence":556,"tick":720}],"time_ms":11912,"wall_ms":1791536435534.0}
S03R {"aim_yaw":1.5707963267949,"event":"input_send","index":20,"move":[-1.0,0.0],"role":"client","sample_ticks_ms":11915,"sample_wall_ms":1791536435537.0,"send_ticks_ms":11916,"send_wall_ms":1791536435538.0,"sequence":576,"time_ms":11916,"wall_ms":1791536435538.0}
S03R {"authority_install_error_m":0.0,"entity":1,"event":"apply","pose":{"control":1,"durable":2,"entity":1,"last_input_tick":557,"position":[0.0,0.00100011611357331,10.9999923706055],"receipt_ms":11911,"sequence":557,"tick":720,"velocity":[0.0,0.0,0.0],"yaw":0.0},"position":[0.0,0.00100011611357331,10.9999923706055],"time_ms":11921,"wall_ms":1791536435544.0,"yaw":0.0}
S03R {"ack_input_tick":556,"cause":"none","correction_m":0.0,"correction_yaw_deg":0.0,"event":"correction","history_exhausted":false,"replay_frames":19,"replay_usec":459,"role":"client","tick":576,"time_ms":11926,"wall_ms":1791536435548.0}
S03R {"authority_install_error_m":0.0,"entity":2,"event":"apply","pose":{"control":1,"durable":2,"entity":2,"last_input_tick":556,"position":[6.91666841506958,0.00100005290005356,7.66668891906738],"receipt_ms":11911,"sequence":556,"tick":720,"velocity":[0.0,0.0,0.0],"yaw":0.0},"position":[6.41666746139526,0.00100005290005356,7.66668891906738],"time_ms":11930,"wall_ms":1791536435552.0,"yaw":1.57079637050629}
S03R {"event":"prediction","history_size":20,"position":[6.33333396911621,0.00100005290005356,7.66668891906738],"predicted_tick":576,"role":"client","tick":576,"time_ms":11934,"wall_ms":1791536435556.0,"yaw":1.57079637050629}
S03R {"event":"prediction","history_size":21,"position":[6.25000047683716,0.00100005290005356,7.66668891906738],"predicted_tick":577,"role":"client","tick":577,"time_ms":11939,"wall_ms":1791536435562.0,"yaw":1.57079637050629}
S03R {"aim_yaw":1.5707963267949,"event":"input_send","index":20,"move":[-1.0,0.0],"role":"client","sample_ticks_ms":11952,"sample_wall_ms":1791536435575.0,"send_ticks_ms":11952,"send_wall_ms":1791536435575.0,"sequence":578,"time_ms":11952,"wall_ms":1791536435575.0}
S03R {"event":"prediction","history_size":22,"position":[6.16666698455811,0.00100005290005356,7.66668891906738],"predicted_tick":578,"role":"client","tick":578,"time_ms":11956,"wall_ms":1791536435578.0,"yaw":1.57079637050629}
S03R {"event":"state_receive","role":"client","rows":[{"entity":1,"sequence":563,"tick":726},{"entity":2,"sequence":562,"tick":726}],"time_ms":11961,"wall_ms":1791536435583.0}
S03R {"authority_install_error_m":0.0,"entity":1,"event":"apply","pose":{"control":1,"durable":2,"entity":1,"last_input_tick":563,"position":[0.0,0.00100011611357331,10.9999923706055],"receipt_ms":11961,"sequence":563,"tick":726,"velocity":[0.0,0.0,0.0],"yaw":0.0},"position":[0.0,0.00100011611357331,10.9999923706055],"time_ms":11982,"wall_ms":1791536435605.0,"yaw":0.0}
S03R {"ack_input_tick":562,"cause":"none","correction_m":0.0,"correction_yaw_deg":0.0,"event":"correction","history_exhausted":false,"replay_frames":16,"replay_usec":190,"role":"client","tick":579,"time_ms":11987,"wall_ms":1791536435608.0}
S03R {"authority_install_error_m":0.0,"entity":2,"event":"apply","pose":{"control":1,"durable":2,"entity":2,"last_input_tick":562,"position":[6.91666841506958,0.00100005290005356,7.66668891906738],"receipt_ms":11961,"sequence":562,"tick":726,"velocity":[0.0,0.0,0.0],"yaw":0.0},"position":[6.16666698455811,0.00100005290005356,7.66668891906738],"time_ms":11989,"wall_ms":1791536435612.0,"yaw":1.57079637050629}
S03R {"event":"prediction","history_size":17,"position":[6.08333349227905,0.00100005290005356,7.66668891906738],"predicted_tick":579,"role":"client","tick":579,"time_ms":11992,"wall_ms":1791536435614.0,"yaw":1.57079637050629}
S03R {"aim_yaw":1.5707963267949,"event":"input_send","index":20,"move":[-1.0,0.0],"role":"client","sample_ticks_ms":11995,"sample_wall_ms":1791536435618.0,"send_ticks_ms":11995,"send_wall_ms":1791536435618.0,"sequence":580,"time_ms":11995,"wall_ms":1791536435618.0}
S03R {"event":"prediction","history_size":18,"position":[6.0,0.00100005290005356,7.66668891906738],"predicted_tick":580,"role":"client","tick":580,"time_ms":11999,"wall_ms":1791536435621.0,"yaw":1.57079637050629}
S03R {"event":"state_receive","role":"client","rows":[{"entity":1,"sequence":566,"tick":729},{"entity":2,"sequence":564,"tick":729}],"time_ms":12005,"wall_ms":1791536435627.0}
S03R {"authority_install_error_m":0.0,"entity":1,"event":"apply","pose":{"control":1,"durable":2,"entity":1,"last_input_tick":566,"position":[0.0,0.00100011611357331,10.9999923706055],"receipt_ms":12005,"sequence":566,"tick":729,"velocity":[0.0,0.0,0.0],"yaw":0.0},"position":[0.0,0.00100011611357331,10.9999923706055],"time_ms":12011,"wall_ms":1791536435633.0,"yaw":0.0}
S03R {"ack_input_tick":564,"cause":"none","correction_m":0.0,"correction_yaw_deg":0.0,"event":"correction","history_exhausted":false,"replay_frames":16,"replay_usec":210,"role":"client","tick":581,"time_ms":12016,"wall_ms":1791536435638.0}
S03R {"authority_install_error_m":0.0,"entity":2,"event":"apply","pose":{"control":1,"durable":2,"entity":2,"last_input_tick":564,"position":[6.91666841506958,0.00100005290005356,7.66668891906738],"receipt_ms":12005,"sequence":564,"tick":729,"velocity":[0.0,0.0,0.0],"yaw":0.0},"position":[6.0,0.00100005290005356,7.66668891906738],"time_ms":12020,"wall_ms":1791536435643.0,"yaw":1.57079637050629}
S03R {"event":"prediction","history_size":17,"position":[5.91666650772095,0.00100005290005356,7.66668891906738],"predicted_tick":581,"role":"client","tick":581,"time_ms":12025,"wall_ms":1791536435648.0,"yaw":1.57079637050629}
S03R {"aim_yaw":0.0,"event":"keys","move":[0.0,0.0],"role":"client","tick":582,"time_ms":12031,"wall_ms":1791536435653.0}
S03R {"event":"prediction","history_size":18,"position":[5.91666650772095,0.00100005290005356,7.66668891906738],"predicted_tick":582,"role":"client","tick":582,"time_ms":12035,"wall_ms":1791536435658.0,"yaw":0.0}
S03R {"event":"prediction","history_size":19,"position":[5.91666650772095,0.00100005290005356,7.66668891906738],"predicted_tick":583,"role":"client","tick":583,"time_ms":12058,"wall_ms":1791536435681.0,"yaw":0.0}
S03R {"event":"prediction","history_size":20,"position":[5.91666650772095,0.00100005290005356,7.66668891906738],"predicted_tick":584,"role":"client","tick":584,"time_ms":12064,"wall_ms":1791536435687.0,"yaw":0.0}
S03R {"event":"prediction","history_size":21,"position":[5.91666650772095,0.00100005290005356,7.66668891906738],"predicted_tick":585,"role":"client","tick":585,"time_ms":12090,"wall_ms":1791536435712.0,"yaw":0.0}
S03R {"event":"prediction","history_size":22,"position":[5.91666650772095,0.00100005290005356,7.66668891906738],"predicted_tick":586,"role":"client","tick":586,"time_ms":12095,"wall_ms":1791536435718.0,"yaw":0.0}
S03R {"event":"prediction","history_size":23,"position":[5.91666650772095,0.00100005290005356,7.66668891906738],"predicted_tick":587,"role":"client","tick":587,"time_ms":12121,"wall_ms":1791536435743.0,"yaw":0.0}
S03R {"event":"prediction","history_size":24,"position":[5.91666650772095,0.00100005290005356,7.66668891906738],"predicted_tick":588,"role":"client","tick":588,"time_ms":12128,"wall_ms":1791536435750.0,"yaw":0.0}
S03R {"event":"state_receive","role":"client","rows":[{"entity":1,"sequence":569,"tick":732},{"entity":2,"sequence":567,"tick":732}],"time_ms":12131,"wall_ms":1791536435753.0}
S03R {"authority_install_error_m":0.0,"entity":1,"event":"apply","pose":{"control":1,"durable":2,"entity":1,"last_input_tick":569,"position":[0.0,0.00100011611357331,10.9999923706055],"receipt_ms":12131,"sequence":569,"tick":732,"velocity":[0.0,0.0,0.0],"yaw":0.0},"position":[0.0,0.00100011611357331,10.9999923706055],"time_ms":12152,"wall_ms":1791536435775.0,"yaw":0.0}
S03R {"ack_input_tick":567,"cause":"none","correction_m":0.0,"correction_yaw_deg":0.0,"event":"correction","history_exhausted":false,"replay_frames":21,"replay_usec":238,"role":"client","tick":589,"time_ms":12155,"wall_ms":1791536435777.0}
S03R {"authority_install_error_m":0.0,"entity":2,"event":"apply","pose":{"control":1,"durable":2,"entity":2,"last_input_tick":567,"position":[6.91666841506958,0.00100005290005356,7.66668891906738],"receipt_ms":12131,"sequence":567,"tick":732,"velocity":[0.0,0.0,0.0],"yaw":0.0},"position":[5.91666650772095,0.00100005290005356,7.66668891906738],"time_ms":12157,"wall_ms":1791536435780.0,"yaw":0.0}
S03R {"event":"prediction","history_size":22,"position":[5.91666650772095,0.00100005290005356,7.66668891906738],"predicted_tick":589,"role":"client","tick":589,"time_ms":12161,"wall_ms":1791536435783.0,"yaw":0.0}
S03R {"event":"state_receive","role":"client","rows":[{"entity":1,"sequence":572,"tick":735},{"entity":2,"sequence":569,"tick":735}],"time_ms":12164,"wall_ms":1791536435786.0}
S03R {"authority_install_error_m":0.0,"entity":1,"event":"apply","pose":{"control":1,"durable":2,"entity":1,"last_input_tick":572,"position":[0.0,0.00100011611357331,10.9999923706055],"receipt_ms":12164,"sequence":572,"tick":735,"velocity":[0.0,0.0,0.0],"yaw":0.0},"position":[0.0,0.00100011611357331,10.9999923706055],"time_ms":12170,"wall_ms":1791536435792.0,"yaw":0.0}
S03R {"ack_input_tick":569,"cause":"none","correction_m":0.0,"correction_yaw_deg":0.0,"event":"correction","history_exhausted":false,"replay_frames":20,"replay_usec":151,"role":"client","tick":590,"time_ms":12173,"wall_ms":1791536435796.0}
S03R {"authority_install_error_m":0.0,"entity":2,"event":"apply","pose":{"control":1,"durable":2,"entity":2,"last_input_tick":569,"position":[6.91666841506958,0.00100005290005356,7.66668891906738],"receipt_ms":12164,"sequence":569,"tick":735,"velocity":[0.0,0.0,0.0],"yaw":0.0},"position":[5.91666650772095,0.00100005290005356,7.66668891906738],"time_ms":12178,"wall_ms":1791536435800.0,"yaw":0.0}
S03R {"event":"prediction","history_size":21,"position":[5.91666650772095,0.00100005290005356,7.66668891906738],"predicted_tick":590,"role":"client","tick":590,"time_ms":12182,"wall_ms":1791536435805.0,"yaw":0.0}
S03R {"event":"prediction","history_size":22,"position":[5.91666650772095,0.00100005290005356,7.66668891906738],"predicted_tick":591,"role":"client","tick":591,"time_ms":12187,"wall_ms":1791536435810.0,"yaw":0.0}
S03R {"event":"prediction","history_size":23,"position":[5.91666650772095,0.00100005290005356,7.66668891906738],"predicted_tick":592,"role":"client","tick":592,"time_ms":12198,"wall_ms":1791536435820.0,"yaw":0.0}
S03R {"event":"prediction","history_size":24,"position":[5.91666650772095,0.00100005290005356,7.66668891906738],"predicted_tick":593,"role":"client","tick":593,"time_ms":12203,"wall_ms":1791536435826.0,"yaw":0.0}
S03R {"event":"prediction","history_size":25,"position":[5.91666650772095,0.00100005290005356,7.66668891906738],"predicted_tick":594,"role":"client","tick":594,"time_ms":12228,"wall_ms":1791536435851.0,"yaw":0.0}
S03R {"event":"state_receive","role":"client","rows":[{"entity":1,"sequence":575,"tick":738},{"entity":2,"sequence":574,"tick":738}],"time_ms":12231,"wall_ms":1791536435854.0}
S03R {"event":"state_receive","role":"client","rows":[{"entity":1,"sequence":578,"tick":741},{"entity":2,"sequence":577,"tick":741}],"time_ms":12235,"wall_ms":1791536435857.0}
S03R {"authority_install_error_m":0.0,"entity":1,"event":"apply","pose":{"control":1,"durable":2,"entity":1,"last_input_tick":578,"position":[0.0,0.00100011611357331,10.9999923706055],"receipt_ms":12235,"sequence":578,"tick":741,"velocity":[0.0,0.0,0.0],"yaw":0.0},"position":[0.0,0.00100011611357331,10.9999923706055],"time_ms":12240,"wall_ms":1791536435861.0,"yaw":0.0}
S03R {"ack_input_tick":577,"cause":"held_timing_or_delivery","correction_m":0.166666984558105,"correction_yaw_deg":0.0,"event":"correction","history_exhausted":false,"replay_frames":17,"replay_usec":116,"role":"client","tick":595,"time_ms":12244,"wall_ms":1791536435866.0}
S03R {"authority_install_error_m":0.0,"entity":2,"event":"apply","pose":{"control":1,"durable":2,"entity":2,"last_input_tick":577,"position":[6.41666746139526,0.00100005290005356,7.66668891906738],"receipt_ms":12235,"sequence":577,"tick":741,"velocity":[-5.0,0.0,0.0],"yaw":1.57079637050629},"position":[6.08333349227905,0.00100005290005356,7.66668891906738],"time_ms":12246,"wall_ms":1791536435869.0,"yaw":0.0}
S03R {"event":"prediction","history_size":18,"position":[6.08333349227905,0.00100005290005356,7.66668891906738],"predicted_tick":595,"role":"client","tick":595,"time_ms":12249,"wall_ms":1791536435872.0,"yaw":0.0}
S03R {"event":"prediction","history_size":19,"position":[6.08333349227905,0.00100005290005356,7.66668891906738],"predicted_tick":596,"role":"client","tick":596,"time_ms":12252,"wall_ms":1791536435875.0,"yaw":0.0}
S03R {"event":"prediction","history_size":20,"position":[6.08333349227905,0.00100005290005356,7.66668891906738],"predicted_tick":597,"role":"client","tick":597,"time_ms":12275,"wall_ms":1791536435897.0,"yaw":0.0}
S03R {"event":"prediction","history_size":21,"position":[6.08333349227905,0.00100005290005356,7.66668891906738],"predicted_tick":598,"role":"client","tick":598,"time_ms":12289,"wall_ms":1791536435912.0,"yaw":0.0}
S03R {"event":"prediction","history_size":22,"position":[6.08333349227905,0.00100005290005356,7.66668891906738],"predicted_tick":599,"role":"client","tick":599,"time_ms":12306,"wall_ms":1791536435928.0,"yaw":0.0}
S03R {"event":"state_receive","role":"client","rows":[{"entity":1,"sequence":584,"tick":747},{"entity":2,"sequence":583,"tick":747}],"time_ms":12312,"wall_ms":1791536435934.0}
S03R {"aim_yaw":0.0,"event":"input","index":21,"move":[0.0,-1.0],"position":[6.08333349227905,0.00100005290005356,7.66668891906738],"role":"client","sequence_floor":600,"tick":600,"time_ms":12316,"wall_ms":1791536435939.0,"yaw":0.0}
S03R {"aim_yaw":0.0,"event":"keys","move":[0.0,-1.0],"role":"client","tick":600,"time_ms":12323,"wall_ms":1791536435945.0}
S03R {"authority_install_error_m":0.0,"entity":1,"event":"apply","pose":{"control":1,"durable":2,"entity":1,"last_input_tick":584,"position":[0.0,0.00100011611357331,10.9999923706055],"receipt_ms":12311,"sequence":584,"tick":747,"velocity":[0.0,0.0,0.0],"yaw":0.0},"position":[0.0,0.00100011611357331,10.9999923706055],"time_ms":12330,"wall_ms":1791536435953.0,"yaw":0.0}
S03R {"ack_input_tick":583,"cause":"none","correction_m":0.0,"correction_yaw_deg":0.0,"event":"correction","history_exhausted":false,"replay_frames":16,"replay_usec":191,"role":"client","tick":600,"time_ms":12337,"wall_ms":1791536435959.0}
S03R {"authority_install_error_m":0.0,"entity":2,"event":"apply","pose":{"control":1,"durable":2,"entity":2,"last_input_tick":583,"position":[6.08333349227905,0.00100005290005356,7.66668891906738],"receipt_ms":12312,"sequence":583,"tick":747,"velocity":[0.0,0.0,0.0],"yaw":0.0},"position":[6.08333349227905,0.00100005290005356,7.66668891906738],"time_ms":12339,"wall_ms":1791536435961.0,"yaw":0.0}
S03R {"event":"prediction","history_size":17,"position":[6.08333349227905,0.00100005290005356,7.58335542678833],"predicted_tick":600,"role":"client","tick":600,"time_ms":12342,"wall_ms":1791536435963.0,"yaw":0.0}
S03R {"event":"prediction","history_size":18,"position":[6.08333349227905,0.00100005290005356,7.50002193450928],"predicted_tick":601,"role":"client","tick":601,"time_ms":12345,"wall_ms":1791536435967.0,"yaw":0.0}
S03R {"authority_install_error_m":0.0,"entity":1,"event":"apply","pose":{"control":1,"durable":2,"entity":1,"last_input_tick":587,"position":[0.0,0.00100011611357331,10.9999923706055],"receipt_ms":12347,"sequence":587,"tick":750,"velocity":[0.0,0.0,0.0],"yaw":0.0},"position":[0.0,0.00100011611357331,10.9999923706055],"time_ms":12365,"wall_ms":1791536435988.0,"yaw":0.0}
S03R {"ack_input_tick":586,"cause":"none","correction_m":0.0,"correction_yaw_deg":0.0,"event":"correction","history_exhausted":false,"replay_frames":15,"replay_usec":116,"role":"client","tick":602,"time_ms":12370,"wall_ms":1791536435992.0}
S03R {"authority_install_error_m":0.0,"entity":2,"event":"apply","pose":{"control":1,"durable":2,"entity":2,"last_input_tick":586,"position":[6.08333349227905,0.00100005290005356,7.66668891906738],"receipt_ms":12347,"sequence":586,"tick":750,"velocity":[0.0,0.0,0.0],"yaw":0.0},"position":[6.08333349227905,0.00100005290005356,7.50002193450928],"time_ms":12372,"wall_ms":1791536435994.0,"yaw":0.0}
S03R {"event":"prediction","history_size":16,"position":[6.08333349227905,0.00100005290005356,7.41668844223022],"predicted_tick":602,"role":"client","tick":602,"time_ms":12375,"wall_ms":1791536435997.0,"yaw":0.0}
S03R {"event":"prediction","history_size":17,"position":[6.08333349227905,0.00100005290005356,7.33335494995117],"predicted_tick":603,"role":"client","tick":603,"time_ms":12378,"wall_ms":1791536436000.0,"yaw":0.0}
S03R {"event":"prediction","history_size":18,"position":[6.08333349227905,0.00100005290005356,7.25002145767212],"predicted_tick":604,"role":"client","tick":604,"time_ms":12398,"wall_ms":1791536436021.0,"yaw":0.0}
S03R {"event":"prediction","history_size":19,"position":[6.08333349227905,0.00100005290005356,7.16668796539307],"predicted_tick":605,"role":"client","tick":605,"time_ms":12412,"wall_ms":1791536436035.0,"yaw":0.0}
S03R {"event":"prediction","history_size":20,"position":[6.08333349227905,0.00100005290005356,7.08335447311401],"predicted_tick":606,"role":"client","tick":606,"time_ms":12428,"wall_ms":1791536436051.0,"yaw":0.0}
S03R {"authority_install_error_m":0.0,"entity":1,"event":"apply","pose":{"control":1,"durable":2,"entity":1,"last_input_tick":590,"position":[0.0,0.00100011611357331,10.9999923706055],"receipt_ms":12443,"sequence":590,"tick":753,"velocity":[0.0,0.0,0.0],"yaw":0.0},"position":[0.0,0.00100011611357331,10.9999923706055],"time_ms":12443,"wall_ms":1791536436066.0,"yaw":0.0}
S03R {"ack_input_tick":588,"cause":"none","correction_m":0.0,"correction_yaw_deg":0.0,"event":"correction","history_exhausted":false,"replay_frames":18,"replay_usec":196,"role":"client","tick":607,"time_ms":12446,"wall_ms":1791536436067.0}
S03R {"authority_install_error_m":0.0,"entity":2,"event":"apply","pose":{"control":1,"durable":2,"entity":2,"last_input_tick":588,"position":[6.08333349227905,0.00100005290005356,7.66668891906738],"receipt_ms":12443,"sequence":588,"tick":753,"velocity":[0.0,0.0,0.0],"yaw":0.0},"position":[6.08333349227905,0.00100005290005356,7.08335447311401],"time_ms":12448,"wall_ms":1791536436071.0,"yaw":0.0}
S03R {"event":"prediction","history_size":19,"position":[6.08333349227905,0.00100005290005356,7.00002098083496],"predicted_tick":607,"role":"client","tick":607,"time_ms":12450,"wall_ms":1791536436072.0,"yaw":0.0}
S03R {"event":"prediction","history_size":20,"position":[6.08333349227905,0.00100005290005356,6.91668748855591],"predicted_tick":608,"role":"client","tick":608,"time_ms":12459,"wall_ms":1791536436081.0,"yaw":0.0}
S03R {"event":"prediction","history_size":21,"position":[6.08333349227905,0.00100005290005356,6.83335399627686],"predicted_tick":609,"role":"client","tick":609,"time_ms":12474,"wall_ms":1791536436097.0,"yaw":0.0}
S03R {"event":"prediction","history_size":22,"position":[6.08333349227905,0.00100005290005356,6.7500205039978],"predicted_tick":610,"role":"client","tick":610,"time_ms":12490,"wall_ms":1791536436112.0,"yaw":0.0}
S03R {"event":"prediction","history_size":23,"position":[6.08333349227905,0.00100005290005356,6.66668701171875],"predicted_tick":611,"role":"client","tick":611,"time_ms":12504,"wall_ms":1791536436127.0,"yaw":0.0}
S03R {"authority_install_error_m":0.0,"entity":1,"event":"apply","pose":{"control":1,"durable":2,"entity":1,"last_input_tick":593,"position":[0.0,0.00100011611357331,10.9999923706055],"receipt_ms":12515,"sequence":593,"tick":756,"velocity":[0.0,0.0,0.0],"yaw":0.0},"position":[0.0,0.00100011611357331,10.9999923706055],"time_ms":12520,"wall_ms":1791536436143.0,"yaw":0.0}
S03R {"ack_input_tick":594,"cause":"none","correction_m":0.0,"correction_yaw_deg":0.0,"event":"correction","history_exhausted":false,"replay_frames":17,"replay_usec":111,"role":"client","tick":612,"time_ms":12525,"wall_ms":1791536436148.0}
S03R {"authority_install_error_m":0.0,"entity":2,"event":"apply","pose":{"control":1,"durable":2,"entity":2,"last_input_tick":594,"position":[6.08333349227905,0.00100005290005356,7.66668891906738],"receipt_ms":12515,"sequence":594,"tick":756,"velocity":[0.0,0.0,0.0],"yaw":0.0},"position":[6.08333349227905,0.00100005290005356,6.66668701171875],"time_ms":12529,"wall_ms":1791536436151.0,"yaw":0.0}
S03R {"event":"prediction","history_size":18,"position":[6.08333349227905,0.00100005290005356,6.5833535194397],"predicted_tick":612,"role":"client","tick":612,"time_ms":12533,"wall_ms":1791536436156.0,"yaw":0.0}
S03R {"event":"prediction","history_size":19,"position":[6.08333349227905,0.00100005290005356,6.50002002716064],"predicted_tick":613,"role":"client","tick":613,"time_ms":12539,"wall_ms":1791536436162.0,"yaw":0.0}
S03R {"event":"prediction","history_size":20,"position":[6.08333349227905,0.00100005290005356,6.41668653488159],"predicted_tick":614,"role":"client","tick":614,"time_ms":12553,"wall_ms":1791536436176.0,"yaw":0.0}
S03R {"event":"prediction","history_size":21,"position":[6.08333349227905,0.00100005290005356,6.33335304260254],"predicted_tick":615,"role":"client","tick":615,"time_ms":12581,"wall_ms":1791536436203.0,"yaw":0.0}
S03R {"authority_install_error_m":0.0,"entity":1,"event":"apply","pose":{"control":1,"durable":2,"entity":1,"last_input_tick":596,"position":[0.0,0.00100011611357331,10.9999923706055],"receipt_ms":12584,"sequence":596,"tick":759,"velocity":[0.0,0.0,0.0],"yaw":0.0},"position":[0.0,0.00100011611357331,10.9999923706055],"time_ms":12597,"wall_ms":1791536436220.0,"yaw":0.0}
S03R {"ack_input_tick":596,"cause":"none","correction_m":0.0,"correction_yaw_deg":0.0,"event":"correction","history_exhausted":false,"replay_frames":19,"replay_usec":166,"role":"client","tick":616,"time_ms":12609,"wall_ms":1791536436231.0}
S03R {"authority_install_error_m":0.0,"entity":2,"event":"apply","pose":{"control":1,"durable":2,"entity":2,"last_input_tick":596,"position":[6.08333349227905,0.00100005290005356,7.66668891906738],"receipt_ms":12584,"sequence":596,"tick":759,"velocity":[0.0,0.0,0.0],"yaw":0.0},"position":[6.08333349227905,0.00100005290005356,6.33335304260254],"time_ms":12616,"wall_ms":1791536436238.0,"yaw":0.0}
S03R {"event":"prediction","history_size":20,"position":[6.08333349227905,0.00100005290005356,6.25001955032349],"predicted_tick":616,"role":"client","tick":616,"time_ms":12621,"wall_ms":1791536436243.0,"yaw":0.0}
S03R {"authority_install_error_m":0.0,"entity":1,"event":"apply","pose":{"control":1,"durable":2,"entity":1,"last_input_tick":599,"position":[0.0,0.00100011611357331,10.9999923706055],"receipt_ms":12625,"sequence":599,"tick":762,"velocity":[0.0,0.0,0.0],"yaw":0.0},"position":[0.0,0.00100011611357331,10.9999923706055],"time_ms":12626,"wall_ms":1791536436248.0,"yaw":0.0}
S03R {"ack_input_tick":596,"cause":"held_timing_or_delivery","correction_m":1.66877090930939,"correction_yaw_deg":0.0,"event":"correction","history_exhausted":false,"replay_frames":20,"replay_usec":230,"role":"client","tick":617,"time_ms":12629,"wall_ms":1791536436251.0}
S03R {"authority_install_error_m":0.0,"entity":2,"event":"apply","pose":{"control":1,"durable":2,"entity":2,"last_input_tick":596,"position":[6.0,0.00100011611357331,6.0],"receipt_ms":12625,"sequence":596,"tick":762,"velocity":[0.0,0.0,0.0],"yaw":0.0},"position":[6.0,0.00100011611357331,4.5833306312561],"time_ms":12631,"wall_ms":1791536436253.0,"yaw":0.0}
S03R {"event":"prediction","history_size":21,"position":[6.0,0.00100011611357331,4.49999713897705],"predicted_tick":617,"role":"client","tick":617,"time_ms":12634,"wall_ms":1791536436256.0,"yaw":0.0}
S03R {"event":"prediction","history_size":22,"position":[6.0,0.00100011611357331,4.416663646698],"predicted_tick":618,"role":"client","tick":618,"time_ms":12638,"wall_ms":1791536436261.0,"yaw":0.0}
S03R {"event":"prediction","history_size":23,"position":[6.0,0.00100011611357331,4.33333015441895],"predicted_tick":619,"role":"client","tick":619,"time_ms":12660,"wall_ms":1791536436283.0,"yaw":0.0}
S03R {"authority_install_error_m":0.0,"entity":1,"event":"apply","pose":{"control":1,"durable":2,"entity":1,"last_input_tick":602,"position":[0.0,0.00100011611357331,10.9999923706055],"receipt_ms":12663,"sequence":602,"tick":765,"velocity":[0.0,0.0,0.0],"yaw":0.0},"position":[0.0,0.00100011611357331,10.9999923706055],"time_ms":12663,"wall_ms":1791536436286.0,"yaw":0.0}
S03R {"ack_input_tick":601,"cause":"none","correction_m":0.0,"correction_yaw_deg":0.0,"event":"correction","history_exhausted":false,"replay_frames":18,"replay_usec":118,"role":"client","tick":620,"time_ms":12667,"wall_ms":1791536436289.0}
S03R {"authority_install_error_m":0.0,"entity":2,"event":"apply","pose":{"control":1,"durable":2,"entity":2,"last_input_tick":601,"position":[6.0,0.00100011611357331,5.83333301544189],"receipt_ms":12663,"sequence":601,"tick":765,"velocity":[0.0,0.0,-5.0],"yaw":0.0},"position":[6.0,0.00100011611357331,4.33333015441895],"time_ms":12669,"wall_ms":1791536436291.0,"yaw":0.0}
S03R {"event":"prediction","history_size":19,"position":[6.0,0.00100011611357331,4.24999666213989],"predicted_tick":620,"role":"client","tick":620,"time_ms":12671,"wall_ms":1791536436293.0,"yaw":0.0}
S03R {"event":"prediction","history_size":20,"position":[6.0,0.00100011611357331,4.16666316986084],"predicted_tick":621,"role":"client","tick":621,"time_ms":12675,"wall_ms":1791536436298.0,"yaw":0.0}
S03R {"event":"prediction","history_size":21,"position":[6.0,0.00100011611357331,4.08332967758179],"predicted_tick":622,"role":"client","tick":622,"time_ms":12688,"wall_ms":1791536436311.0,"yaw":0.0}
S03R {"event":"prediction","history_size":22,"position":[6.0,0.00100011611357331,3.99999642372131],"predicted_tick":623,"role":"client","tick":623,"time_ms":12704,"wall_ms":1791536436326.0,"yaw":0.0}
S03R {"authority_install_error_m":0.0,"entity":1,"event":"apply","pose":{"control":1,"durable":2,"entity":1,"last_input_tick":605,"position":[0.0,0.00100011611357331,10.9999923706055],"receipt_ms":12709,"sequence":605,"tick":768,"velocity":[0.0,0.0,0.0],"yaw":0.0},"position":[0.0,0.00100011611357331,10.9999923706055],"time_ms":12720,"wall_ms":1791536436342.0,"yaw":0.0}
S03R {"ack_input_tick":606,"cause":"held_timing_or_delivery","correction_m":0.166666746139526,"correction_yaw_deg":0.0,"event":"correction","history_exhausted":false,"replay_frames":17,"replay_usec":114,"role":"client","tick":624,"time_ms":12722,"wall_ms":1791536436345.0}
S03R {"authority_install_error_m":0.0,"entity":2,"event":"apply","pose":{"control":1,"durable":2,"entity":2,"last_input_tick":606,"position":[6.0,0.00100011611357331,5.58333253860474],"receipt_ms":12709,"sequence":606,"tick":768,"velocity":[0.0,0.0,-5.0],"yaw":0.0},"position":[6.0,0.00100011611357331,4.16666316986084],"time_ms":12724,"wall_ms":1791536436347.0,"yaw":0.0}
S03R {"event":"prediction","history_size":18,"position":[6.0,0.00100011611357331,4.08332967758179],"predicted_tick":624,"role":"client","tick":624,"time_ms":12727,"wall_ms":1791536436350.0,"yaw":0.0}
S03R {"event":"prediction","history_size":19,"position":[6.0,0.00100011611357331,3.99999642372131],"predicted_tick":625,"role":"client","tick":625,"time_ms":12751,"wall_ms":1791536436373.0,"yaw":0.0}
S03R {"authority_install_error_m":0.0,"entity":1,"event":"apply","pose":{"control":1,"durable":2,"entity":1,"last_input_tick":608,"position":[0.0,0.00100011611357331,10.9999923706055],"receipt_ms":12754,"sequence":608,"tick":771,"velocity":[0.0,0.0,0.0],"yaw":0.0},"position":[0.0,0.00100011611357331,10.9999923706055],"time_ms":12766,"wall_ms":1791536436388.0,"yaw":0.0}
S03R {"ack_input_tick":609,"cause":"none","correction_m":0.0,"correction_yaw_deg":0.0,"event":"correction","history_exhausted":false,"replay_frames":16,"replay_usec":241,"role":"client","tick":626,"time_ms":12777,"wall_ms":1791536436399.0}
S03R {"authority_install_error_m":0.0,"entity":2,"event":"apply","pose":{"control":1,"durable":2,"entity":2,"last_input_tick":609,"position":[6.0,0.00100011611357331,5.33333206176758],"receipt_ms":12754,"sequence":609,"tick":771,"velocity":[0.0,0.0,-5.0],"yaw":0.0},"position":[6.0,0.00100011611357331,3.99999642372131],"time_ms":12781,"wall_ms":1791536436404.0,"yaw":0.0}
S03R {"event":"prediction","history_size":17,"position":[6.0,0.00100011611357331,3.91666316986084],"predicted_tick":626,"role":"client","tick":626,"time_ms":12785,"wall_ms":1791536436408.0,"yaw":0.0}
S03R {"event":"prediction","history_size":18,"position":[6.0,0.00100011611357331,3.83332991600037],"predicted_tick":627,"role":"client","tick":627,"time_ms":12790,"wall_ms":1791536436413.0,"yaw":0.0}
S03R {"event":"prediction","history_size":19,"position":[6.0,0.00100011611357331,3.74999666213989],"predicted_tick":628,"role":"client","tick":628,"time_ms":12813,"wall_ms":1791536436436.0,"yaw":0.0}
S03R {"authority_install_error_m":0.0,"entity":1,"event":"apply","pose":{"control":1,"durable":2,"entity":1,"last_input_tick":614,"position":[0.0,0.00100011611357331,10.9999923706055],"receipt_ms":12818,"sequence":614,"tick":777,"velocity":[0.0,0.0,0.0],"yaw":0.0},"position":[0.0,0.00100011611357331,10.9999923706055],"time_ms":12818,"wall_ms":1791536436440.0,"yaw":0.0}
S03R {"ack_input_tick":614,"cause":"held_timing_or_delivery","correction_m":0.0833332538604736,"correction_yaw_deg":0.0,"event":"correction","history_exhausted":false,"replay_frames":14,"replay_usec":101,"role":"client","tick":629,"time_ms":12821,"wall_ms":1791536436444.0}
S03R {"authority_install_error_m":0.0,"entity":2,"event":"apply","pose":{"control":1,"durable":2,"entity":2,"last_input_tick":614,"position":[6.0,0.00100011611357331,4.99999809265137],"receipt_ms":12818,"sequence":614,"tick":777,"velocity":[0.0,0.0,-5.0],"yaw":0.0},"position":[6.0,0.00100011611357331,3.83332991600037],"time_ms":12826,"wall_ms":1791536436449.0,"yaw":0.0}
S03R {"event":"prediction","history_size":15,"position":[6.0,0.00100011611357331,3.74999666213989],"predicted_tick":629,"role":"client","tick":629,"time_ms":12830,"wall_ms":1791536436452.0,"yaw":0.0}
S03R {"event":"prediction","history_size":16,"position":[6.0,0.00100011611357331,3.66666340827942],"predicted_tick":630,"role":"client","tick":630,"time_ms":12833,"wall_ms":1791536436456.0,"yaw":0.0}
S03R {"event":"prediction","history_size":17,"position":[6.0,0.00100011611357331,3.58333015441895],"predicted_tick":631,"role":"client","tick":631,"time_ms":12843,"wall_ms":1791536436466.0,"yaw":0.0}
S03R {"event":"prediction","history_size":18,"position":[6.0,0.00100011611357331,3.49999690055847],"predicted_tick":632,"role":"client","tick":632,"time_ms":12858,"wall_ms":1791536436481.0,"yaw":0.0}
S03R {"event":"prediction","history_size":19,"position":[6.0,0.00100011611357331,3.416663646698],"predicted_tick":633,"role":"client","tick":633,"time_ms":12874,"wall_ms":1791536436496.0,"yaw":0.0}
S03R {"event":"prediction","history_size":20,"position":[6.0,0.00100011611357331,3.33333039283752],"predicted_tick":634,"role":"client","tick":634,"time_ms":12893,"wall_ms":1791536436515.0,"yaw":0.0}
S03R {"event":"prediction","history_size":21,"position":[6.0,0.00100011611357331,3.24999713897705],"predicted_tick":635,"role":"client","tick":635,"time_ms":12905,"wall_ms":1791536436527.0,"yaw":0.0}
S03R {"event":"prediction","history_size":22,"position":[6.0,0.00100011611357331,3.16666388511658],"predicted_tick":636,"role":"client","tick":636,"time_ms":12921,"wall_ms":1791536436544.0,"yaw":0.0}
S03R {"authority_install_error_m":0.0,"entity":1,"event":"apply","pose":{"control":1,"durable":2,"entity":1,"last_input_tick":620,"position":[0.0,0.00100011611357331,10.9999923706055],"receipt_ms":12926,"sequence":620,"tick":783,"velocity":[0.0,0.0,0.0],"yaw":0.0},"position":[0.0,0.00100011611357331,10.9999923706055],"time_ms":12937,"wall_ms":1791536436559.0,"yaw":0.0}
S03R {"ack_input_tick":622,"cause":"held_timing_or_delivery","correction_m":0.166666507720947,"correction_yaw_deg":0.0,"event":"correction","history_exhausted":false,"replay_frames":14,"replay_usec":124,"role":"client","tick":637,"time_ms":12941,"wall_ms":1791536436563.0}
S03R {"authority_install_error_m":0.0,"entity":2,"event":"apply","pose":{"control":1,"durable":2,"entity":2,"last_input_tick":622,"position":[6.0,0.00100011611357331,4.49999713897705],"receipt_ms":12926,"sequence":622,"tick":783,"velocity":[0.0,0.0,-5.0],"yaw":0.0},"position":[6.0,0.00100011611357331,3.33333039283752],"time_ms":12945,"wall_ms":1791536436567.0,"yaw":0.0}
S03R {"event":"prediction","history_size":15,"position":[6.0,0.00100011611357331,3.24999713897705],"predicted_tick":637,"role":"client","tick":637,"time_ms":12947,"wall_ms":1791536436570.0,"yaw":0.0}
S03R {"event":"prediction","history_size":16,"position":[6.0,0.00100011611357331,3.16666388511658],"predicted_tick":638,"role":"client","tick":638,"time_ms":12951,"wall_ms":1791536436573.0,"yaw":0.0}
S03R {"authority_install_error_m":0.0,"entity":1,"event":"apply","pose":{"control":1,"durable":2,"entity":1,"last_input_tick":623,"position":[0.0,0.00100011611357331,10.9999923706055],"receipt_ms":12967,"sequence":623,"tick":786,"velocity":[0.0,0.0,0.0],"yaw":0.0},"position":[0.0,0.00100011611357331,10.9999923706055],"time_ms":12982,"wall_ms":1791536436604.0,"yaw":0.0}
S03R {"ack_input_tick":623,"cause":"none","correction_m":0.0,"correction_yaw_deg":0.0,"event":"correction","history_exhausted":false,"replay_frames":15,"replay_usec":201,"role":"client","tick":639,"time_ms":12986,"wall_ms":1791536436608.0}
S03R {"authority_install_error_m":0.0,"entity":2,"event":"apply","pose":{"control":1,"durable":2,"entity":2,"last_input_tick":623,"position":[6.0,0.00100011611357331,4.416663646698],"receipt_ms":12967,"sequence":623,"tick":786,"velocity":[0.0,0.0,-5.0],"yaw":0.0},"position":[6.0,0.00100011611357331,3.16666388511658],"time_ms":12988,"wall_ms":1791536436611.0,"yaw":0.0}
S03R {"event":"prediction","history_size":16,"position":[6.0,0.00100011611357331,3.0833306312561],"predicted_tick":639,"role":"client","tick":639,"time_ms":12991,"wall_ms":1791536436613.0,"yaw":0.0}
S03R {"event":"prediction","history_size":17,"position":[6.0,0.00100011611357331,2.99999737739563],"predicted_tick":640,"role":"client","tick":640,"time_ms":12994,"wall_ms":1791536436616.0,"yaw":0.0}
S03R {"authority_install_error_m":0.0,"entity":1,"event":"apply","pose":{"control":1,"durable":2,"entity":1,"last_input_tick":626,"position":[0.0,0.00100011611357331,10.9999923706055],"receipt_ms":13013,"sequence":626,"tick":789,"velocity":[0.0,0.0,0.0],"yaw":0.0},"position":[0.0,0.00100011611357331,10.9999923706055],"time_ms":13013,"wall_ms":1791536436635.0,"yaw":0.0}
S03R {"ack_input_tick":624,"cause":"none","correction_m":0.0,"correction_yaw_deg":0.0,"event":"correction","history_exhausted":false,"replay_frames":16,"replay_usec":337,"role":"client","tick":641,"time_ms":13016,"wall_ms":1791536436638.0}
S03R {"authority_install_error_m":0.0,"entity":2,"event":"apply","pose":{"control":1,"durable":2,"entity":2,"last_input_tick":624,"position":[6.0,0.00100011611357331,4.33333015441895],"receipt_ms":13013,"sequence":624,"tick":789,"velocity":[0.0,0.0,0.0],"yaw":0.0},"position":[6.0,0.00100011611357331,2.99999737739563],"time_ms":13018,"wall_ms":1791536436641.0,"yaw":0.0}
S03R {"event":"prediction","history_size":17,"position":[6.0,0.00100011611357331,2.91666412353516],"predicted_tick":641,"role":"client","tick":641,"time_ms":13021,"wall_ms":1791536436642.0,"yaw":0.0}
S03R {"event":"prediction","history_size":18,"position":[6.0,0.00100011611357331,2.83333086967468],"predicted_tick":642,"role":"client","tick":642,"time_ms":13029,"wall_ms":1791536436652.0,"yaw":0.0}
S03R {"event":"prediction","history_size":19,"position":[6.0,0.00100011611357331,2.74999761581421],"predicted_tick":643,"role":"client","tick":643,"time_ms":13045,"wall_ms":1791536436668.0,"yaw":0.0}
S03R {"event":"prediction","history_size":20,"position":[6.0,0.00100011611357331,2.66666436195374],"predicted_tick":644,"role":"client","tick":644,"time_ms":13060,"wall_ms":1791536436682.0,"yaw":0.0}
S03R {"event":"prediction","history_size":21,"position":[6.0,0.00100011611357331,2.58333110809326],"predicted_tick":645,"role":"client","tick":645,"time_ms":13075,"wall_ms":1791536436698.0,"yaw":0.0}
S03R {"event":"prediction","history_size":22,"position":[6.0,0.00100011611357331,2.49999785423279],"predicted_tick":646,"role":"client","tick":646,"time_ms":13092,"wall_ms":1791536436715.0,"yaw":0.0}
S03R {"event":"prediction","history_size":23,"position":[6.0,0.00100011611357331,2.41666460037231],"predicted_tick":647,"role":"client","tick":647,"time_ms":13110,"wall_ms":1791536436732.0,"yaw":0.0}
S03R {"authority_install_error_m":0.0,"entity":1,"event":"apply","pose":{"control":1,"durable":2,"entity":1,"last_input_tick":632,"position":[0.0,0.00100011611357331,10.9999923706055],"receipt_ms":13115,"sequence":632,"tick":795,"velocity":[0.0,0.0,0.0],"yaw":0.0},"position":[0.0,0.00100011611357331,10.9999923706055],"time_ms":13117,"wall_ms":1791536436739.0,"yaw":0.0}
S03R {"ack_input_tick":632,"cause":"held_timing_or_delivery","correction_m":0.416666269302368,"correction_yaw_deg":0.0,"event":"correction","history_exhausted":false,"replay_frames":15,"replay_usec":148,"role":"client","tick":648,"time_ms":13120,"wall_ms":1791536436742.0}
S03R {"authority_install_error_m":0.0,"entity":2,"event":"apply","pose":{"control":1,"durable":2,"entity":2,"last_input_tick":632,"position":[6.0,0.00100011611357331,4.08332967758179],"receipt_ms":13115,"sequence":632,"tick":795,"velocity":[0.0,0.0,0.0],"yaw":0.0},"position":[6.0,0.00100011611357331,2.83333086967468],"time_ms":13123,"wall_ms":1791536436745.0,"yaw":0.0}
S03R {"event":"prediction","history_size":16,"position":[6.0,0.00100011611357331,2.74999761581421],"predicted_tick":648,"role":"client","tick":648,"time_ms":13125,"wall_ms":1791536436748.0,"yaw":0.0}
S03R {"event":"prediction","history_size":17,"position":[6.0,0.00100011611357331,2.66666436195374],"predicted_tick":649,"role":"client","tick":649,"time_ms":13138,"wall_ms":1791536436760.0,"yaw":0.0}
S03R {"event":"prediction","history_size":18,"position":[6.0,0.00100011611357331,2.58333110809326],"predicted_tick":650,"role":"client","tick":650,"time_ms":13152,"wall_ms":1791536436774.0,"yaw":0.0}
S03R {"event":"prediction","history_size":19,"position":[6.0,0.00100011611357331,2.49999785423279],"predicted_tick":651,"role":"client","tick":651,"time_ms":13167,"wall_ms":1791536436789.0,"yaw":0.0}
S03R {"authority_install_error_m":0.0,"entity":1,"event":"apply","pose":{"control":1,"durable":2,"entity":1,"last_input_tick":635,"position":[0.0,0.00100011611357331,10.9999923706055],"receipt_ms":13178,"sequence":635,"tick":798,"velocity":[0.0,0.0,0.0],"yaw":0.0},"position":[0.0,0.00100011611357331,10.9999923706055],"time_ms":13198,"wall_ms":1791536436821.0,"yaw":0.0}
S03R {"ack_input_tick":636,"cause":"held_timing_or_delivery","correction_m":0.166666507720947,"correction_yaw_deg":0.0,"event":"correction","history_exhausted":false,"replay_frames":15,"replay_usec":177,"role":"client","tick":652,"time_ms":13203,"wall_ms":1791536436826.0}
S03R {"authority_install_error_m":0.0,"entity":2,"event":"apply","pose":{"control":1,"durable":2,"entity":2,"last_input_tick":636,"position":[6.0,0.00100011611357331,3.91666316986084],"receipt_ms":13178,"sequence":636,"tick":798,"velocity":[0.0,0.0,-5.0],"yaw":0.0},"position":[6.0,0.00100011611357331,2.66666436195374],"time_ms":13207,"wall_ms":1791536436828.0,"yaw":0.0}
S03R {"event":"prediction","history_size":16,"position":[6.0,0.00100011611357331,2.58333110809326],"predicted_tick":652,"role":"client","tick":652,"time_ms":13211,"wall_ms":1791536436833.0,"yaw":0.0}
S03R {"event":"prediction","history_size":17,"position":[6.0,0.00100011611357331,2.49999785423279],"predicted_tick":653,"role":"client","tick":653,"time_ms":13217,"wall_ms":1791536436840.0,"yaw":0.0}
S03R {"event":"prediction","history_size":18,"position":[6.0,0.00100011611357331,2.41666460037231],"predicted_tick":654,"role":"client","tick":654,"time_ms":13230,"wall_ms":1791536436852.0,"yaw":0.0}
S03R {"event":"prediction","history_size":19,"position":[6.0,0.00100011611357331,2.33333134651184],"predicted_tick":655,"role":"client","tick":655,"time_ms":13244,"wall_ms":1791536436867.0,"yaw":0.0}
S03R {"authority_install_error_m":0.0,"entity":1,"event":"apply","pose":{"control":1,"durable":2,"entity":1,"last_input_tick":638,"position":[0.0,0.00100011611357331,10.9999923706055],"receipt_ms":13247,"sequence":638,"tick":801,"velocity":[0.0,0.0,0.0],"yaw":0.0},"position":[0.0,0.00100011611357331,10.9999923706055],"time_ms":13259,"wall_ms":1791536436882.0,"yaw":0.0}
S03R {"ack_input_tick":638,"cause":"none","correction_m":0.0,"correction_yaw_deg":0.0,"event":"correction","history_exhausted":false,"replay_frames":17,"replay_usec":202,"role":"client","tick":656,"time_ms":13263,"wall_ms":1791536436885.0}
S03R {"authority_install_error_m":0.0,"entity":2,"event":"apply","pose":{"control":1,"durable":2,"entity":2,"last_input_tick":638,"position":[6.0,0.00100011611357331,3.74999666213989],"receipt_ms":13247,"sequence":638,"tick":801,"velocity":[0.0,0.0,0.0],"yaw":0.0},"position":[6.0,0.00100011611357331,2.33333134651184],"time_ms":13267,"wall_ms":1791536436889.0,"yaw":0.0}
S03R {"event":"prediction","history_size":18,"position":[6.0,0.00100011611357331,2.24999809265137],"predicted_tick":656,"role":"client","tick":656,"time_ms":13271,"wall_ms":1791536436893.0,"yaw":0.0}
S03R {"event":"prediction","history_size":19,"position":[6.0,0.00100011611357331,2.16666483879089],"predicted_tick":657,"role":"client","tick":657,"time_ms":13276,"wall_ms":1791536436898.0,"yaw":0.0}
S03R {"authority_install_error_m":0.0,"entity":1,"event":"apply","pose":{"control":1,"durable":2,"entity":1,"last_input_tick":641,"position":[0.0,0.00100011611357331,10.9999923706055],"receipt_ms":13290,"sequence":641,"tick":804,"velocity":[0.0,0.0,0.0],"yaw":0.0},"position":[0.0,0.00100011611357331,10.9999923706055],"time_ms":13291,"wall_ms":1791536436913.0,"yaw":0.0}
S03R {"ack_input_tick":638,"cause":"none","correction_m":0.0,"correction_yaw_deg":0.0,"event":"correction","history_exhausted":false,"replay_frames":19,"replay_usec":155,"role":"client","tick":658,"time_ms":13294,"wall_ms":1791536436916.0}
S03R {"authority_install_error_m":0.0,"entity":2,"event":"apply","pose":{"control":1,"durable":2,"entity":2,"last_input_tick":638,"position":[6.0,0.00100011611357331,3.74999666213989],"receipt_ms":13290,"sequence":638,"tick":804,"velocity":[0.0,0.0,0.0],"yaw":0.0},"position":[6.0,0.00100011611357331,2.16666483879089],"time_ms":13298,"wall_ms":1791536436920.0,"yaw":0.0}
S03R {"event":"prediction","history_size":20,"position":[6.0,0.00100011611357331,2.08333158493042],"predicted_tick":658,"role":"client","tick":658,"time_ms":13302,"wall_ms":1791536436924.0,"yaw":0.0}
S03R {"event":"prediction","history_size":21,"position":[6.0,0.00100011611357331,1.99999821186066],"predicted_tick":659,"role":"client","tick":659,"time_ms":13307,"wall_ms":1791536436930.0,"yaw":0.0}
S03R {"event":"prediction","history_size":22,"position":[6.0,0.00100011611357331,1.91666483879089],"predicted_tick":660,"role":"client","tick":660,"time_ms":13326,"wall_ms":1791536436948.0,"yaw":0.0}
S03R {"event":"prediction","history_size":23,"position":[6.0,0.00100011611357331,1.83333146572113],"predicted_tick":661,"role":"client","tick":661,"time_ms":13336,"wall_ms":1791536436958.0,"yaw":0.0}
S03R {"event":"prediction","history_size":24,"position":[6.0,0.00100011611357331,1.74999809265137],"predicted_tick":662,"role":"client","tick":662,"time_ms":13352,"wall_ms":1791536436975.0,"yaw":0.0}
S03R {"authority_install_error_m":0.0,"entity":1,"event":"apply","pose":{"control":1,"durable":2,"entity":1,"last_input_tick":644,"position":[0.0,0.00100011611357331,10.9999923706055],"receipt_ms":13357,"sequence":644,"tick":807,"velocity":[0.0,0.0,0.0],"yaw":0.0},"position":[0.0,0.00100011611357331,10.9999923706055],"time_ms":13367,"wall_ms":1791536436989.0,"yaw":0.0}
S03R {"ack_input_tick":645,"cause":"held_timing_or_delivery","correction_m":0.333333492279053,"correction_yaw_deg":0.0,"event":"correction","history_exhausted":false,"replay_frames":17,"replay_usec":115,"role":"client","tick":663,"time_ms":13370,"wall_ms":1791536436993.0}
S03R {"authority_install_error_m":0.0,"entity":2,"event":"apply","pose":{"control":1,"durable":2,"entity":2,"last_input_tick":645,"position":[6.0,0.00100011611357331,3.49999690055847],"receipt_ms":13357,"sequence":645,"tick":807,"velocity":[0.0,0.0,-5.0],"yaw":0.0},"position":[6.0,0.00100011611357331,2.08333158493042],"time_ms":13374,"wall_ms":1791536436996.0,"yaw":0.0}
S03R {"event":"prediction","history_size":18,"position":[6.0,0.00100011611357331,1.99999821186066],"predicted_tick":663,"role":"client","tick":663,"time_ms":13378,"wall_ms":1791536437000.0,"yaw":0.0}
S03R {"authority_install_error_m":0.0,"entity":1,"event":"apply","pose":{"control":1,"durable":2,"entity":1,"last_input_tick":647,"position":[0.0,0.00100011611357331,10.9999923706055],"receipt_ms":13381,"sequence":647,"tick":810,"velocity":[0.0,0.0,0.0],"yaw":0.0},"position":[0.0,0.00100011611357331,10.9999923706055],"time_ms":13397,"wall_ms":1791536437019.0,"yaw":0.0}
S03R {"ack_input_tick":648,"cause":"none","correction_m":0.0,"correction_yaw_deg":0.0,"event":"correction","history_exhausted":false,"replay_frames":15,"replay_usec":213,"role":"client","tick":664,"time_ms":13402,"wall_ms":1791536437024.0}
S03R {"authority_install_error_m":0.0,"entity":2,"event":"apply","pose":{"control":1,"durable":2,"entity":2,"last_input_tick":648,"position":[6.0,0.00100011611357331,3.24999713897705],"receipt_ms":13381,"sequence":648,"tick":810,"velocity":[0.0,0.0,-5.0],"yaw":0.0},"position":[6.0,0.00100011611357331,1.99999821186066],"time_ms":13406,"wall_ms":1791536437029.0,"yaw":0.0}
S03R {"event":"prediction","history_size":16,"position":[6.0,0.00100011611357331,1.91666483879089],"predicted_tick":664,"role":"client","tick":664,"time_ms":13411,"wall_ms":1791536437033.0,"yaw":0.0}
S03R {"event":"prediction","history_size":17,"position":[6.0,0.00100011611357331,1.83333146572113],"predicted_tick":665,"role":"client","tick":665,"time_ms":13417,"wall_ms":1791536437039.0,"yaw":0.0}
S03R {"event":"prediction","history_size":18,"position":[6.0,0.00100011611357331,1.74999809265137],"predicted_tick":666,"role":"client","tick":666,"time_ms":13429,"wall_ms":1791536437052.0,"yaw":0.0}
S03R {"event":"prediction","history_size":19,"position":[6.0,0.00100011611357331,1.6666647195816],"predicted_tick":667,"role":"client","tick":667,"time_ms":13444,"wall_ms":1791536437066.0,"yaw":0.0}
S03R {"event":"prediction","history_size":20,"position":[6.0,0.00100011611357331,1.58333134651184],"predicted_tick":668,"role":"client","tick":668,"time_ms":13451,"wall_ms":1791536437073.0,"yaw":0.0}
S03R {"authority_install_error_m":0.0,"entity":1,"event":"apply","pose":{"control":1,"durable":2,"entity":1,"last_input_tick":653,"position":[0.0,0.00100011611357331,10.9999923706055],"receipt_ms":13456,"sequence":653,"tick":816,"velocity":[0.0,0.0,0.0],"yaw":0.0},"position":[0.0,0.00100011611357331,10.9999923706055],"time_ms":13475,"wall_ms":1791536437098.0,"yaw":0.0}
S03R {"ack_input_tick":653,"cause":"held_timing_or_delivery","correction_m":0.25000011920929,"correction_yaw_deg":0.0,"event":"correction","history_exhausted":false,"replay_frames":15,"replay_usec":147,"role":"client","tick":669,"time_ms":13481,"wall_ms":1791536437103.0}
S03R {"authority_install_error_m":0.0,"entity":2,"event":"apply","pose":{"control":1,"durable":2,"entity":2,"last_input_tick":653,"position":[6.0,0.00100011611357331,3.0833306312561],"receipt_ms":13456,"sequence":653,"tick":816,"velocity":[0.0,0.0,-5.0],"yaw":0.0},"position":[6.0,0.00100011611357331,1.83333146572113],"time_ms":13485,"wall_ms":1791536437107.0,"yaw":0.0}
S03R {"event":"prediction","history_size":16,"position":[6.0,0.00100011611357331,1.74999809265137],"predicted_tick":669,"role":"client","tick":669,"time_ms":13489,"wall_ms":1791536437111.0,"yaw":0.0}
S03R {"event":"prediction","history_size":17,"position":[6.0,0.00100011611357331,1.6666647195816],"predicted_tick":670,"role":"client","tick":670,"time_ms":13494,"wall_ms":1791536437116.0,"yaw":0.0}
S03R {"event":"prediction","history_size":18,"position":[6.0,0.00100011611357331,1.58333134651184],"predicted_tick":671,"role":"client","tick":671,"time_ms":13520,"wall_ms":1791536437143.0,"yaw":0.0}
S03R {"event":"prediction","history_size":19,"position":[6.0,0.00100011611357331,1.49999797344208],"predicted_tick":672,"role":"client","tick":672,"time_ms":13524,"wall_ms":1791536437147.0,"yaw":0.0}
S03R {"event":"prediction","history_size":20,"position":[6.0,0.00100011611357331,1.41666460037231],"predicted_tick":673,"role":"client","tick":673,"time_ms":13536,"wall_ms":1791536437158.0,"yaw":0.0}
S03R {"event":"prediction","history_size":21,"position":[6.0,0.00100011611357331,1.33333122730255],"predicted_tick":674,"role":"client","tick":674,"time_ms":13552,"wall_ms":1791536437174.0,"yaw":0.0}
S03R {"event":"prediction","history_size":22,"position":[6.0,0.00100011611357331,1.24999785423279],"predicted_tick":675,"role":"client","tick":675,"time_ms":13567,"wall_ms":1791536437189.0,"yaw":0.0}
S03R {"event":"prediction","history_size":23,"position":[6.0,0.00100011611357331,1.16666448116302],"predicted_tick":676,"role":"client","tick":676,"time_ms":13582,"wall_ms":1791536437205.0,"yaw":0.0}
S03R {"authority_install_error_m":0.0,"entity":1,"event":"apply","pose":{"control":1,"durable":2,"entity":1,"last_input_tick":659,"position":[0.0,0.00100011611357331,10.9999923706055],"receipt_ms":13586,"sequence":659,"tick":822,"velocity":[0.0,0.0,0.0],"yaw":0.0},"position":[0.0,0.00100011611357331,10.9999923706055],"time_ms":13613,"wall_ms":1791536437236.0,"yaw":0.0}
S03R {"ack_input_tick":659,"cause":"held_timing_or_delivery","correction_m":0.166666746139526,"correction_yaw_deg":0.0,"event":"correction","history_exhausted":false,"replay_frames":17,"replay_usec":121,"role":"client","tick":677,"time_ms":13617,"wall_ms":1791536437240.0}
S03R {"authority_install_error_m":0.0,"entity":2,"event":"apply","pose":{"control":1,"durable":2,"entity":2,"last_input_tick":659,"position":[6.0,0.00100011611357331,2.74999761581421],"receipt_ms":13586,"sequence":659,"tick":822,"velocity":[0.0,0.0,-5.0],"yaw":0.0},"position":[6.0,0.00100011611357331,1.33333122730255],"time_ms":13621,"wall_ms":1791536437244.0,"yaw":0.0}
S03R {"event":"prediction","history_size":18,"position":[6.0,0.00100011611357331,1.24999785423279],"predicted_tick":677,"role":"client","tick":677,"time_ms":13624,"wall_ms":1791536437247.0,"yaw":0.0}
S03R {"authority_install_error_m":0.0,"entity":1,"event":"apply","pose":{"control":1,"durable":2,"entity":1,"last_input_tick":662,"position":[0.0,0.00100011611357331,10.9999923706055],"receipt_ms":13627,"sequence":662,"tick":825,"velocity":[0.0,0.0,0.0],"yaw":0.0},"position":[0.0,0.00100011611357331,10.9999923706055],"time_ms":13644,"wall_ms":1791536437266.0,"yaw":0.0}
S03R {"ack_input_tick":662,"cause":"none","correction_m":0.0,"correction_yaw_deg":0.0,"event":"correction","history_exhausted":false,"replay_frames":15,"replay_usec":488,"role":"client","tick":678,"time_ms":13648,"wall_ms":1791536437271.0}
S03R {"authority_install_error_m":0.0,"entity":2,"event":"apply","pose":{"control":1,"durable":2,"entity":2,"last_input_tick":662,"position":[6.0,0.00100011611357331,2.49999785423279],"receipt_ms":13627,"sequence":662,"tick":825,"velocity":[0.0,0.0,-5.0],"yaw":0.0},"position":[6.0,0.00100011611357331,1.24999785423279],"time_ms":13653,"wall_ms":1791536437275.0,"yaw":0.0}
S03R {"event":"prediction","history_size":16,"position":[6.0,0.00100011611357331,1.16666448116302],"predicted_tick":678,"role":"client","tick":678,"time_ms":13658,"wall_ms":1791536437280.0,"yaw":0.0}
S03R {"event":"prediction","history_size":17,"position":[6.0,0.00100011611357331,1.08333110809326],"predicted_tick":679,"role":"client","tick":679,"time_ms":13662,"wall_ms":1791536437284.0,"yaw":0.0}
S03R {"event":"prediction","history_size":18,"position":[6.0,0.00100011611357331,0.999997794628143],"predicted_tick":680,"role":"client","tick":680,"time_ms":13667,"wall_ms":1791536437289.0,"yaw":0.0}
S03R {"event":"prediction","history_size":19,"position":[6.0,0.00100011611357331,0.916664481163025],"predicted_tick":681,"role":"client","tick":681,"time_ms":13691,"wall_ms":1791536437314.0,"yaw":0.0}
S03R {"authority_install_error_m":0.0,"entity":1,"event":"apply","pose":{"control":1,"durable":2,"entity":1,"last_input_tick":665,"position":[0.0,0.00100011611357331,10.9999923706055],"receipt_ms":13697,"sequence":665,"tick":828,"velocity":[0.0,0.0,0.0],"yaw":0.0},"position":[0.0,0.00100011611357331,10.9999923706055],"time_ms":13697,"wall_ms":1791536437319.0,"yaw":0.0}
S03R {"ack_input_tick":662,"cause":"none","correction_m":0.0,"correction_yaw_deg":0.0,"event":"correction","history_exhausted":false,"replay_frames":19,"replay_usec":117,"role":"client","tick":682,"time_ms":13701,"wall_ms":1791536437323.0}
S03R {"authority_install_error_m":0.0,"entity":2,"event":"apply","pose":{"control":1,"durable":2,"entity":2,"last_input_tick":662,"position":[6.0,0.00100011611357331,2.49999785423279],"receipt_ms":13697,"sequence":662,"tick":828,"velocity":[0.0,0.0,0.0],"yaw":0.0},"position":[6.0,0.00100011611357331,0.916664481163025],"time_ms":13705,"wall_ms":1791536437326.0,"yaw":0.0}
S03R {"event":"prediction","history_size":20,"position":[6.0,0.00100011611357331,0.833331167697906],"predicted_tick":682,"role":"client","tick":682,"time_ms":13709,"wall_ms":1791536437331.0,"yaw":0.0}
S03R {"event":"prediction","history_size":21,"position":[6.0,0.00100011611357331,0.749997854232788],"predicted_tick":683,"role":"client","tick":683,"time_ms":13712,"wall_ms":1791536437334.0,"yaw":0.0}
S03R {"event":"prediction","history_size":22,"position":[6.0,0.00100011611357331,0.66666454076767],"predicted_tick":684,"role":"client","tick":684,"time_ms":13722,"wall_ms":1791536437344.0,"yaw":0.0}
S03R {"event":"prediction","history_size":23,"position":[6.0,0.00100011611357331,0.583331227302551],"predicted_tick":685,"role":"client","tick":685,"time_ms":13737,"wall_ms":1791536437359.0,"yaw":0.0}
S03R {"event":"prediction","history_size":24,"position":[6.0,0.00100011611357331,0.49999788403511],"predicted_tick":686,"role":"client","tick":686,"time_ms":13753,"wall_ms":1791536437375.0,"yaw":0.0}
S03R {"event":"prediction","history_size":25,"position":[6.0,0.00100011611357331,0.41666454076767],"predicted_tick":687,"role":"client","tick":687,"time_ms":13768,"wall_ms":1791536437391.0,"yaw":0.0}
S03R {"event":"prediction","history_size":26,"position":[6.0,0.00100011611357331,0.380206197500229],"predicted_tick":688,"role":"client","tick":688,"time_ms":13783,"wall_ms":1791536437406.0,"yaw":0.0}
S03R {"authority_install_error_m":0.0,"entity":1,"event":"apply","pose":{"control":1,"durable":2,"entity":1,"last_input_tick":668,"position":[0.0,0.00100011611357331,10.9999923706055],"receipt_ms":13798,"sequence":668,"tick":831,"velocity":[0.0,0.0,0.0],"yaw":0.0},"position":[0.0,0.00100011611357331,10.9999923706055],"time_ms":13799,"wall_ms":1791536437421.0,"yaw":0.0}
S03R {"ack_input_tick":667,"cause":"held_timing_or_delivery","correction_m":0.203125029802322,"correction_yaw_deg":0.0,"event":"correction","history_exhausted":false,"replay_frames":21,"replay_usec":139,"role":"client","tick":689,"time_ms":13801,"wall_ms":1791536437424.0}
S03R {"authority_install_error_m":0.0,"entity":2,"event":"apply","pose":{"control":1,"durable":2,"entity":2,"last_input_tick":667,"position":[6.0,0.00100011611357331,2.33333134651184],"receipt_ms":13798,"sequence":667,"tick":831,"velocity":[0.0,0.0,-5.0],"yaw":0.0},"position":[6.0,0.00100011611357331,0.583331227302551],"time_ms":13804,"wall_ms":1791536437426.0,"yaw":0.0}
S03R {"event":"prediction","history_size":22,"position":[6.0,0.00100011611357331,0.49999788403511],"predicted_tick":689,"role":"client","tick":689,"time_ms":13806,"wall_ms":1791536437429.0,"yaw":0.0}
S03R {"event":"prediction","history_size":23,"position":[6.0,0.00100011611357331,0.41666454076767],"predicted_tick":690,"role":"client","tick":690,"time_ms":13830,"wall_ms":1791536437452.0,"yaw":0.0}
S03R {"authority_install_error_m":0.0,"entity":1,"event":"apply","pose":{"control":1,"durable":2,"entity":1,"last_input_tick":671,"position":[0.0,0.00100011611357331,10.9999923706055],"receipt_ms":13833,"sequence":671,"tick":834,"velocity":[0.0,0.0,0.0],"yaw":0.0},"position":[0.0,0.00100011611357331,10.9999923706055],"time_ms":13845,"wall_ms":1791536437468.0,"yaw":0.0}
S03R {"ack_input_tick":671,"cause":"held_timing_or_delivery","correction_m":0.0833333432674408,"correction_yaw_deg":0.0,"event":"correction","history_exhausted":false,"replay_frames":19,"replay_usec":176,"role":"client","tick":691,"time_ms":13848,"wall_ms":1791536437471.0}
S03R {"authority_install_error_m":0.0,"entity":2,"event":"apply","pose":{"control":1,"durable":2,"entity":2,"last_input_tick":671,"position":[6.0,0.00100011611357331,2.08333158493042],"receipt_ms":13833,"sequence":671,"tick":834,"velocity":[0.0,0.0,-5.0],"yaw":0.0},"position":[6.0,0.00100011611357331,0.49999788403511],"time_ms":13853,"wall_ms":1791536437476.0,"yaw":0.0}
S03R {"event":"prediction","history_size":20,"position":[6.0,0.00100011611357331,0.41666454076767],"predicted_tick":691,"role":"client","tick":691,"time_ms":13858,"wall_ms":1791536437481.0,"yaw":0.0}
S03R {"event":"prediction","history_size":21,"position":[6.0,0.00100011611357331,0.380206197500229],"predicted_tick":692,"role":"client","tick":692,"time_ms":13877,"wall_ms":1791536437499.0,"yaw":0.0}
S03R {"authority_install_error_m":0.0,"entity":1,"event":"apply","pose":{"control":1,"durable":2,"entity":1,"last_input_tick":677,"position":[0.0,0.00100011611357331,10.9999923706055],"receipt_ms":13882,"sequence":677,"tick":840,"velocity":[0.0,0.0,0.0],"yaw":0.0},"position":[0.0,0.00100011611357331,10.9999923706055],"time_ms":13882,"wall_ms":1791536437504.0,"yaw":0.0}
S03R {"ack_input_tick":678,"cause":"held_timing_or_delivery","correction_m":0.0364583432674408,"correction_yaw_deg":0.0,"event":"correction","history_exhausted":false,"replay_frames":14,"replay_usec":100,"role":"client","tick":693,"time_ms":13886,"wall_ms":1791536437507.0}
S03R {"authority_install_error_m":0.0,"entity":2,"event":"apply","pose":{"control":1,"durable":2,"entity":2,"last_input_tick":678,"position":[6.0,0.00100011611357331,1.58333134651184],"receipt_ms":13882,"sequence":678,"tick":840,"velocity":[0.0,0.0,-5.0],"yaw":0.0},"position":[6.0,0.00100011611357331,0.41666454076767],"time_ms":13888,"wall_ms":1791536437510.0,"yaw":0.0}
S03R {"event":"prediction","history_size":15,"position":[6.0,0.00100011611357331,0.380206197500229],"predicted_tick":693,"role":"client","tick":693,"time_ms":13890,"wall_ms":1791536437513.0,"yaw":0.0}
S03R {"event":"prediction","history_size":16,"position":[6.0,0.00100011611357331,0.380206197500229],"predicted_tick":694,"role":"client","tick":694,"time_ms":13894,"wall_ms":1791536437516.0,"yaw":0.0}
S03R {"event":"prediction","history_size":17,"position":[6.0,0.00100011611357331,0.380206197500229],"predicted_tick":695,"role":"client","tick":695,"time_ms":13909,"wall_ms":1791536437531.0,"yaw":0.0}
S03R {"event":"prediction","history_size":18,"position":[6.0,0.00100011611357331,0.380206197500229],"predicted_tick":696,"role":"client","tick":696,"time_ms":13923,"wall_ms":1791536437545.0,"yaw":0.0}
S03R {"event":"prediction","history_size":19,"position":[6.0,0.00100011611357331,0.380206197500229],"predicted_tick":697,"role":"client","tick":697,"time_ms":13938,"wall_ms":1791536437560.0,"yaw":0.0}
S03R {"event":"prediction","history_size":20,"position":[6.0,0.00100011611357331,0.380206197500229],"predicted_tick":698,"role":"client","tick":698,"time_ms":13953,"wall_ms":1791536437576.0,"yaw":0.0}
S03R {"authority_install_error_m":0.0,"entity":1,"event":"apply","pose":{"control":1,"durable":2,"entity":1,"last_input_tick":683,"position":[0.0,0.00100011611357331,10.9999923706055],"receipt_ms":13956,"sequence":683,"tick":846,"velocity":[0.0,0.0,0.0],"yaw":0.0},"position":[0.0,0.00100011611357331,10.9999923706055],"time_ms":13969,"wall_ms":1791536437591.0,"yaw":0.0}
S03R {"ack_input_tick":684,"cause":"none","correction_m":0.0,"correction_yaw_deg":0.0,"event":"correction","history_exhausted":false,"replay_frames":14,"replay_usec":176,"role":"client","tick":699,"time_ms":13973,"wall_ms":1791536437596.0}
S03R {"authority_install_error_m":0.0,"entity":2,"event":"apply","pose":{"control":1,"durable":2,"entity":2,"last_input_tick":684,"position":[6.0,0.00100011611357331,1.16666448116302],"receipt_ms":13956,"sequence":684,"tick":846,"velocity":[0.0,0.0,-5.0],"yaw":0.0},"position":[6.0,0.00100011611357331,0.380206197500229],"time_ms":13978,"wall_ms":1791536437600.0,"yaw":0.0}
S03R {"event":"prediction","history_size":15,"position":[6.0,0.00100011611357331,0.380206197500229],"predicted_tick":699,"role":"client","tick":699,"time_ms":13980,"wall_ms":1791536437603.0,"yaw":0.0}
S03R {"event":"prediction","history_size":16,"position":[6.0,0.00100011611357331,0.380206197500229],"predicted_tick":700,"role":"client","tick":700,"time_ms":13985,"wall_ms":1791536437607.0,"yaw":0.0}
S03R {"event":"prediction","history_size":17,"position":[6.0,0.00100011611357331,0.380206197500229],"predicted_tick":701,"role":"client","tick":701,"time_ms":14000,"wall_ms":1791536437622.0,"yaw":0.0}
S03R {"event":"prediction","history_size":18,"position":[6.0,0.00100011611357331,0.380206197500229],"predicted_tick":702,"role":"client","tick":702,"time_ms":14016,"wall_ms":1791536437638.0,"yaw":0.0}
S03R {"event":"prediction","history_size":19,"position":[6.0,0.00100011611357331,0.380206197500229],"predicted_tick":703,"role":"client","tick":703,"time_ms":14046,"wall_ms":1791536437668.0,"yaw":0.0}
S03R {"event":"prediction","history_size":20,"position":[6.0,0.00100011611357331,0.380206197500229],"predicted_tick":704,"role":"client","tick":704,"time_ms":14053,"wall_ms":1791536437674.0,"yaw":0.0}
S03R {"event":"prediction","history_size":21,"position":[6.0,0.00100011611357331,0.380206197500229],"predicted_tick":705,"role":"client","tick":705,"time_ms":14076,"wall_ms":1791536437699.0,"yaw":0.0}
S03R {"event":"prediction","history_size":22,"position":[6.0,0.00100011611357331,0.380206197500229],"predicted_tick":706,"role":"client","tick":706,"time_ms":14092,"wall_ms":1791536437714.0,"yaw":0.0}
S03R {"authority_install_error_m":0.0,"entity":1,"event":"apply","pose":{"control":1,"durable":2,"entity":1,"last_input_tick":686,"position":[0.0,0.00100011611357331,10.9999923706055],"receipt_ms":14096,"sequence":686,"tick":849,"velocity":[0.0,0.0,0.0],"yaw":0.0},"position":[0.0,0.00100011611357331,10.9999923706055],"time_ms":14108,"wall_ms":1791536437731.0,"yaw":0.0}
S03R {"ack_input_tick":684,"cause":"none","correction_m":0.0,"correction_yaw_deg":0.0,"event":"correction","history_exhausted":false,"replay_frames":22,"replay_usec":440,"role":"client","tick":707,"time_ms":14113,"wall_ms":1791536437735.0}
S03R {"authority_install_error_m":0.0,"entity":2,"event":"apply","pose":{"control":1,"durable":2,"entity":2,"last_input_tick":684,"position":[6.0,0.00100011611357331,1.16666448116302],"receipt_ms":14096,"sequence":684,"tick":849,"velocity":[0.0,0.0,0.0],"yaw":0.0},"position":[6.0,0.00100011611357331,0.380206197500229],"time_ms":14116,"wall_ms":1791536437739.0,"yaw":0.0}
S03R {"event":"prediction","history_size":23,"position":[6.0,0.00100011611357331,0.380206197500229],"predicted_tick":707,"role":"client","tick":707,"time_ms":14119,"wall_ms":1791536437741.0,"yaw":0.0}
S03R {"authority_install_error_m":0.0,"entity":1,"event":"apply","pose":{"control":1,"durable":2,"entity":1,"last_input_tick":689,"position":[0.0,0.00100011611357331,10.9999923706055],"receipt_ms":14122,"sequence":689,"tick":852,"velocity":[0.0,0.0,0.0],"yaw":0.0},"position":[0.0,0.00100011611357331,10.9999923706055],"time_ms":14139,"wall_ms":1791536437762.0,"yaw":0.0}
S03R {"ack_input_tick":686,"cause":"none","correction_m":0.0,"correction_yaw_deg":0.0,"event":"correction","history_exhausted":false,"replay_frames":21,"replay_usec":234,"role":"client","tick":708,"time_ms":14142,"wall_ms":1791536437764.0}
S03R {"authority_install_error_m":0.0,"entity":2,"event":"apply","pose":{"control":1,"durable":2,"entity":2,"last_input_tick":686,"position":[6.0,0.00100011611357331,0.999997794628143],"receipt_ms":14122,"sequence":686,"tick":852,"velocity":[0.0,0.0,-5.0],"yaw":0.0},"position":[6.0,0.00100011611357331,0.380206197500229],"time_ms":14146,"wall_ms":1791536437769.0,"yaw":0.0}
S03R {"event":"prediction","history_size":22,"position":[6.0,0.00100011611357331,0.380206197500229],"predicted_tick":708,"role":"client","tick":708,"time_ms":14151,"wall_ms":1791536437773.0,"yaw":0.0}
S03R {"event":"prediction","history_size":23,"position":[6.0,0.00100011611357331,0.380206197500229],"predicted_tick":709,"role":"client","tick":709,"time_ms":14154,"wall_ms":1791536437776.0,"yaw":0.0}
S03R {"event":"prediction","history_size":24,"position":[6.0,0.00100011611357331,0.380206197500229],"predicted_tick":710,"role":"client","tick":710,"time_ms":14169,"wall_ms":1791536437791.0,"yaw":0.0}
S03R {"authority_install_error_m":0.0,"entity":1,"event":"apply","pose":{"control":1,"durable":2,"entity":1,"last_input_tick":692,"position":[0.0,0.00100011611357331,10.9999923706055],"receipt_ms":14172,"sequence":692,"tick":855,"velocity":[0.0,0.0,0.0],"yaw":0.0},"position":[0.0,0.00100011611357331,10.9999923706055],"time_ms":14185,"wall_ms":1791536437807.0,"yaw":0.0}
S03R {"ack_input_tick":692,"cause":"none","correction_m":0.0,"correction_yaw_deg":0.0,"event":"correction","history_exhausted":false,"replay_frames":18,"replay_usec":294,"role":"client","tick":711,"time_ms":14188,"wall_ms":1791536437809.0}
S03R {"authority_install_error_m":0.0,"entity":2,"event":"apply","pose":{"control":1,"durable":2,"entity":2,"last_input_tick":692,"position":[6.0,0.00100011611357331,0.749997854232788],"receipt_ms":14172,"sequence":692,"tick":855,"velocity":[0.0,0.0,-5.0],"yaw":0.0},"position":[6.0,0.00100011611357331,0.380206197500229],"time_ms":14192,"wall_ms":1791536437814.0,"yaw":0.0}
S03R {"event":"prediction","history_size":19,"position":[6.0,0.00100011611357331,0.380206197500229],"predicted_tick":711,"role":"client","tick":711,"time_ms":14196,"wall_ms":1791536437818.0,"yaw":0.0}
S03R {"event":"prediction","history_size":20,"position":[6.0,0.00100011611357331,0.380206197500229],"predicted_tick":712,"role":"client","tick":712,"time_ms":14199,"wall_ms":1791536437821.0,"yaw":0.0}
S03R {"event":"prediction","history_size":21,"position":[6.0,0.00100011611357331,0.380206197500229],"predicted_tick":713,"role":"client","tick":713,"time_ms":14214,"wall_ms":1791536437836.0,"yaw":0.0}
S03R {"event":"prediction","history_size":22,"position":[6.0,0.00100011611357331,0.380206197500229],"predicted_tick":714,"role":"client","tick":714,"time_ms":14230,"wall_ms":1791536437852.0,"yaw":0.0}
S03R {"authority_install_error_m":0.0,"entity":1,"event":"apply","pose":{"control":1,"durable":2,"entity":1,"last_input_tick":695,"position":[0.0,0.00100011611357331,10.9999923706055],"receipt_ms":14233,"sequence":695,"tick":858,"velocity":[0.0,0.0,0.0],"yaw":0.0},"position":[0.0,0.00100011611357331,10.9999923706055],"time_ms":14245,"wall_ms":1791536437867.0,"yaw":0.0}
S03R {"ack_input_tick":695,"cause":"none","correction_m":0.0,"correction_yaw_deg":0.0,"event":"correction","history_exhausted":false,"replay_frames":19,"replay_usec":226,"role":"client","tick":715,"time_ms":14248,"wall_ms":1791536437871.0}
S03R {"authority_install_error_m":0.0,"entity":2,"event":"apply","pose":{"control":1,"durable":2,"entity":2,"last_input_tick":695,"position":[6.0,0.00100011611357331,0.49999788403511],"receipt_ms":14233,"sequence":695,"tick":858,"velocity":[0.0,0.0,-5.0],"yaw":0.0},"position":[6.0,0.00100011611357331,0.380206197500229],"time_ms":14252,"wall_ms":1791536437874.0,"yaw":0.0}
S03R {"event":"prediction","history_size":20,"position":[6.0,0.00100011611357331,0.380206197500229],"predicted_tick":715,"role":"client","tick":715,"time_ms":14256,"wall_ms":1791536437879.0,"yaw":0.0}
S03R {"event":"prediction","history_size":21,"position":[6.0,0.00100011611357331,0.380206197500229],"predicted_tick":716,"role":"client","tick":716,"time_ms":14262,"wall_ms":1791536437884.0,"yaw":0.0}
S03R {"authority_install_error_m":0.0,"entity":1,"event":"apply","pose":{"control":1,"durable":2,"entity":1,"last_input_tick":701,"position":[0.0,0.00100011611357331,10.9999923706055],"receipt_ms":14266,"sequence":701,"tick":864,"velocity":[0.0,0.0,0.0],"yaw":0.0},"position":[0.0,0.00100011611357331,10.9999923706055],"time_ms":14276,"wall_ms":1791536437898.0,"yaw":0.0}
S03R {"ack_input_tick":700,"cause":"none","correction_m":0.000690996646881104,"correction_yaw_deg":0.0,"event":"correction","history_exhausted":false,"replay_frames":16,"replay_usec":348,"role":"client","tick":717,"time_ms":14280,"wall_ms":1791536437903.0}
S03R {"authority_install_error_m":0.0,"entity":2,"event":"apply","pose":{"control":1,"durable":2,"entity":2,"last_input_tick":700,"position":[6.0,0.00100011611357331,0.38089719414711],"receipt_ms":14266,"sequence":700,"tick":864,"velocity":[0.0,0.0,0.0],"yaw":0.0},"position":[6.0,0.00100011611357331,0.38089719414711],"time_ms":14284,"wall_ms":1791536437906.0,"yaw":0.0}
S03R {"event":"prediction","history_size":17,"position":[6.0,0.00100011611357331,0.38089719414711],"predicted_tick":717,"role":"client","tick":717,"time_ms":14290,"wall_ms":1791536437912.0,"yaw":0.0}
S03R {"event":"prediction","history_size":18,"position":[6.0,0.00100011611357331,0.38089719414711],"predicted_tick":718,"role":"client","tick":718,"time_ms":14295,"wall_ms":1791536437917.0,"yaw":0.0}
S03R {"event":"prediction","history_size":19,"position":[6.0,0.00100011611357331,0.38089719414711],"predicted_tick":719,"role":"client","tick":719,"time_ms":14308,"wall_ms":1791536437930.0,"yaw":0.0}
S03R {"aim_yaw":-3.14159265358979,"event":"keys","move":[0.0,1.0],"role":"client","tick":720,"time_ms":14322,"wall_ms":1791536437945.0}
S03R {"event":"prediction","history_size":20,"position":[6.0,0.00100011611357331,0.464320152997971],"predicted_tick":720,"role":"client","tick":720,"time_ms":14325,"wall_ms":1791536437947.0,"yaw":3.14159250259399}
S03R {"event":"prediction","history_size":21,"position":[6.0,0.00100011611357331,0.547653496265411],"predicted_tick":721,"role":"client","tick":721,"time_ms":14338,"wall_ms":1791536437961.0,"yaw":3.14159250259399}
S03R {"event":"prediction","history_size":22,"position":[6.0,0.00100011611357331,0.63098680973053],"predicted_tick":722,"role":"client","tick":722,"time_ms":14356,"wall_ms":1791536437979.0,"yaw":3.14159250259399}
S03R {"event":"prediction","history_size":23,"position":[6.0,0.00100011611357331,0.714320123195648],"predicted_tick":723,"role":"client","tick":723,"time_ms":14369,"wall_ms":1791536437992.0,"yaw":3.14159250259399}
S03R {"event":"prediction","history_size":24,"position":[6.0,0.00100011611357331,0.797653436660767],"predicted_tick":724,"role":"client","tick":724,"time_ms":14385,"wall_ms":1791536438007.0,"yaw":3.14159250259399}
S03R {"authority_install_error_m":0.0,"entity":1,"event":"apply","pose":{"control":1,"durable":2,"entity":1,"last_input_tick":707,"position":[0.0,0.00100011611357331,10.9999923706055],"receipt_ms":14389,"sequence":707,"tick":870,"velocity":[0.0,0.0,0.0],"yaw":0.0},"position":[0.0,0.00100011611357331,10.9999923706055],"time_ms":14401,"wall_ms":1791536438023.0,"yaw":0.0}
S03R {"ack_input_tick":704,"cause":"none","correction_m":0.0000128746032714844,"correction_yaw_deg":0.0,"event":"correction","history_exhausted":false,"replay_frames":20,"replay_usec":222,"role":"client","tick":725,"time_ms":14403,"wall_ms":1791536438026.0}
S03R {"authority_install_error_m":0.0,"entity":2,"event":"apply","pose":{"control":1,"durable":2,"entity":2,"last_input_tick":704,"position":[6.0,0.00100011611357331,0.380998402833939],"receipt_ms":14389,"sequence":704,"tick":870,"velocity":[0.0,0.0,0.0],"yaw":0.0},"position":[6.0,0.00100011611357331,0.797666311264038],"time_ms":14406,"wall_ms":1791536438029.0,"yaw":3.14159250259399}
S03R {"event":"prediction","history_size":21,"position":[6.0,0.00100011611357331,0.880999624729156],"predicted_tick":725,"role":"client","tick":725,"time_ms":14408,"wall_ms":1791536438031.0,"yaw":3.14159250259399}
S03R {"event":"prediction","history_size":22,"position":[6.0,0.00100011611357331,0.964332938194275],"predicted_tick":726,"role":"client","tick":726,"time_ms":14432,"wall_ms":1791536438054.0,"yaw":3.14159250259399}
S03R {"authority_install_error_m":0.0,"entity":1,"event":"apply","pose":{"control":1,"durable":2,"entity":1,"last_input_tick":710,"position":[0.0,0.00100011611357331,10.9999923706055],"receipt_ms":14435,"sequence":710,"tick":873,"velocity":[0.0,0.0,0.0],"yaw":0.0},"position":[0.0,0.00100011611357331,10.9999923706055],"time_ms":14447,"wall_ms":1791536438069.0,"yaw":0.0}
S03R {"ack_input_tick":710,"cause":"none","correction_m":0.000000178813934326172,"correction_yaw_deg":0.0,"event":"correction","history_exhausted":false,"replay_frames":16,"replay_usec":159,"role":"client","tick":727,"time_ms":14450,"wall_ms":1791536438072.0}
S03R {"authority_install_error_m":0.0,"entity":2,"event":"apply","pose":{"control":1,"durable":2,"entity":2,"last_input_tick":710,"position":[6.0,0.00100011611357331,0.380999892950058],"receipt_ms":14435,"sequence":710,"tick":873,"velocity":[0.0,0.0,-5.0],"yaw":0.0},"position":[6.0,0.00100011611357331,0.964333117008209],"time_ms":14454,"wall_ms":1791536438076.0,"yaw":3.14159250259399}
S03R {"event":"prediction","history_size":17,"position":[6.0,0.00100011611357331,1.04766643047333],"predicted_tick":727,"role":"client","tick":727,"time_ms":14458,"wall_ms":1791536438081.0,"yaw":3.14159250259399}
S03R {"event":"prediction","history_size":18,"position":[6.0,0.00100011611357331,1.13099980354309],"predicted_tick":728,"role":"client","tick":728,"time_ms":14461,"wall_ms":1791536438083.0,"yaw":3.14159250259399}
S03R {"event":"prediction","history_size":19,"position":[6.0,0.00100011611357331,1.21433317661285],"predicted_tick":729,"role":"client","tick":729,"time_ms":14478,"wall_ms":1791536438101.0,"yaw":3.14159250259399}
S03R {"event":"prediction","history_size":20,"position":[6.0,0.00100011611357331,1.29766654968262],"predicted_tick":730,"role":"client","tick":730,"time_ms":14494,"wall_ms":1791536438117.0,"yaw":3.14159250259399}
S03R {"event":"prediction","history_size":21,"position":[6.0,0.00100011611357331,1.38099992275238],"predicted_tick":731,"role":"client","tick":731,"time_ms":14510,"wall_ms":1791536438133.0,"yaw":3.14159250259399}
S03R {"event":"prediction","history_size":22,"position":[6.0,0.00100011611357331,1.46433329582214],"predicted_tick":732,"role":"client","tick":732,"time_ms":14525,"wall_ms":1791536438147.0,"yaw":3.14159250259399}
S03R {"event":"prediction","history_size":23,"position":[6.0,0.00100011611357331,1.54766666889191],"predicted_tick":733,"role":"client","tick":733,"time_ms":14543,"wall_ms":1791536438166.0,"yaw":3.14159250259399}
S03R {"event":"prediction","history_size":24,"position":[6.0,0.00100011611357331,1.63100004196167],"predicted_tick":734,"role":"client","tick":734,"time_ms":14556,"wall_ms":1791536438178.0,"yaw":3.14159250259399}
S03R {"event":"prediction","history_size":25,"position":[6.0,0.00100011611357331,1.71433341503143],"predicted_tick":735,"role":"client","tick":735,"time_ms":14572,"wall_ms":1791536438194.0,"yaw":3.14159250259399}
S03R {"event":"prediction","history_size":26,"position":[6.0,0.00100011611357331,1.7976667881012],"predicted_tick":736,"role":"client","tick":736,"time_ms":14587,"wall_ms":1791536438210.0,"yaw":3.14159250259399}
S03R {"event":"prediction","history_size":27,"position":[6.0,0.00100011611357331,1.88100016117096],"predicted_tick":737,"role":"client","tick":737,"time_ms":14603,"wall_ms":1791536438226.0,"yaw":3.14159250259399}
S03R {"event":"prediction","history_size":28,"position":[6.0,0.00100011611357331,1.96433353424072],"predicted_tick":738,"role":"client","tick":738,"time_ms":14620,"wall_ms":1791536438242.0,"yaw":3.14159250259399}
S03R {"event":"prediction","history_size":29,"position":[6.0,0.00100011611357331,2.0476667881012],"predicted_tick":739,"role":"client","tick":739,"time_ms":14633,"wall_ms":1791536438256.0,"yaw":3.14159250259399}
S03R {"event":"prediction","history_size":30,"position":[6.0,0.00100011611357331,2.13100004196167],"predicted_tick":740,"role":"client","tick":740,"time_ms":14649,"wall_ms":1791536438271.0,"yaw":3.14159250259399}
S03R {"event":"prediction","history_size":31,"position":[6.0,0.00100011611357331,2.21433329582214],"predicted_tick":741,"role":"client","tick":741,"time_ms":14678,"wall_ms":1791536438301.0,"yaw":3.14159250259399}
S03R {"event":"prediction","history_size":32,"position":[6.0,0.00100011611357331,2.29766654968262],"predicted_tick":742,"role":"client","tick":742,"time_ms":14694,"wall_ms":1791536438316.0,"yaw":3.14159250259399}
S03R {"event":"prediction","history_size":33,"position":[6.0,0.00100011611357331,2.38099980354309],"predicted_tick":743,"role":"client","tick":743,"time_ms":14700,"wall_ms":1791536438323.0,"yaw":3.14159250259399}
S03R {"event":"prediction","history_size":34,"position":[6.0,0.00100011611357331,2.46433305740356],"predicted_tick":744,"role":"client","tick":744,"time_ms":14725,"wall_ms":1791536438348.0,"yaw":3.14159250259399}
S03R {"event":"prediction","history_size":35,"position":[6.0,0.00100011611357331,2.54766631126404],"predicted_tick":745,"role":"client","tick":745,"time_ms":14744,"wall_ms":1791536438366.0,"yaw":3.14159250259399}
S03R {"event":"prediction","history_size":36,"position":[6.0,0.00100011611357331,2.63099956512451],"predicted_tick":746,"role":"client","tick":746,"time_ms":14758,"wall_ms":1791536438381.0,"yaw":3.14159250259399}
S03R {"event":"prediction","history_size":37,"position":[6.0,0.00100011611357331,2.71433281898499],"predicted_tick":747,"role":"client","tick":747,"time_ms":14772,"wall_ms":1791536438395.0,"yaw":3.14159250259399}
S03R {"event":"prediction","history_size":38,"position":[6.0,0.00100011611357331,2.79766607284546],"predicted_tick":748,"role":"client","tick":748,"time_ms":14789,"wall_ms":1791536438412.0,"yaw":3.14159250259399}
S03R {"event":"prediction","history_size":39,"position":[6.0,0.00100011611357331,2.88099932670593],"predicted_tick":749,"role":"client","tick":749,"time_ms":14804,"wall_ms":1791536438427.0,"yaw":3.14159250259399}
S03R {"event":"prediction","history_size":40,"position":[6.0,0.00100011611357331,2.96433258056641],"predicted_tick":750,"role":"client","tick":750,"time_ms":14820,"wall_ms":1791536438443.0,"yaw":3.14159250259399}
S03R {"event":"prediction","history_size":41,"position":[6.0,0.00100011611357331,3.04766583442688],"predicted_tick":751,"role":"client","tick":751,"time_ms":14852,"wall_ms":1791536438475.0,"yaw":3.14159250259399}
S03R {"event":"prediction","history_size":42,"position":[6.0,0.00100011611357331,3.13099908828735],"predicted_tick":752,"role":"client","tick":752,"time_ms":14868,"wall_ms":1791536438489.0,"yaw":3.14159250259399}
S03R {"event":"prediction","history_size":43,"position":[6.0,0.00100011611357331,3.21433234214783],"predicted_tick":753,"role":"client","tick":753,"time_ms":14875,"wall_ms":1791536438497.0,"yaw":3.14159250259399}
S03R {"event":"prediction","history_size":44,"position":[6.0,0.00100011611357331,3.2976655960083],"predicted_tick":754,"role":"client","tick":754,"time_ms":14897,"wall_ms":1791536438520.0,"yaw":3.14159250259399}
S03R {"event":"prediction","history_size":45,"position":[6.0,0.00100011611357331,3.38099884986877],"predicted_tick":755,"role":"client","tick":755,"time_ms":14914,"wall_ms":1791536438537.0,"yaw":3.14159250259399}
S03R {"event":"prediction","history_size":46,"position":[6.0,0.00100011611357331,3.46433210372925],"predicted_tick":756,"role":"client","tick":756,"time_ms":14928,"wall_ms":1791536438551.0,"yaw":3.14159250259399}
S03R {"event":"prediction","history_size":47,"position":[6.0,0.00100011611357331,3.54766535758972],"predicted_tick":757,"role":"client","tick":757,"time_ms":14944,"wall_ms":1791536438567.0,"yaw":3.14159250259399}
S03R {"event":"prediction","history_size":48,"position":[6.0,0.00100011611357331,3.6309986114502],"predicted_tick":758,"role":"client","tick":758,"time_ms":14960,"wall_ms":1791536438583.0,"yaw":3.14159250259399}
S03R {"event":"prediction","history_size":49,"position":[6.0,0.00100011611357331,3.71433186531067],"predicted_tick":759,"role":"client","tick":759,"time_ms":14975,"wall_ms":1791536438597.0,"yaw":3.14159250259399}
S03R {"event":"prediction","history_size":50,"position":[6.0,0.00100011611357331,3.79766511917114],"predicted_tick":760,"role":"client","tick":760,"time_ms":14991,"wall_ms":1791536438614.0,"yaw":3.14159250259399}
S03R {"event":"prediction","history_size":51,"position":[6.0,0.00100011611357331,3.88099837303162],"predicted_tick":761,"role":"client","tick":761,"time_ms":15006,"wall_ms":1791536438628.0,"yaw":3.14159250259399}
S03R {"event":"prediction","history_size":52,"position":[6.0,0.00100011611357331,3.96433162689209],"predicted_tick":762,"role":"client","tick":762,"time_ms":15036,"wall_ms":1791536438658.0,"yaw":3.14159250259399}
S03R {"event":"prediction","history_size":53,"position":[6.0,0.00100011611357331,4.04766511917114],"predicted_tick":763,"role":"client","tick":763,"time_ms":15052,"wall_ms":1791536438674.0,"yaw":3.14159250259399}
S03R {"event":"prediction","history_size":54,"position":[6.0,0.00100011611357331,4.1309986114502],"predicted_tick":764,"role":"client","tick":764,"time_ms":15068,"wall_ms":1791536438690.0,"yaw":3.14159250259399}
S03R {"event":"prediction","history_size":55,"position":[6.0,0.00100011611357331,4.21433210372925],"predicted_tick":765,"role":"client","tick":765,"time_ms":15074,"wall_ms":1791536438697.0,"yaw":3.14159250259399}
S03R {"event":"prediction","history_size":56,"position":[6.0,0.00100011611357331,4.2976655960083],"predicted_tick":766,"role":"client","tick":766,"time_ms":15100,"wall_ms":1791536438722.0,"yaw":3.14159250259399}
S03R {"event":"prediction","history_size":57,"position":[6.0,0.00100011611357331,4.38099908828735],"predicted_tick":767,"role":"client","tick":767,"time_ms":15114,"wall_ms":1791536438736.0,"yaw":3.14159250259399}
S03R {"aim_yaw":0.0,"event":"keys","move":[0.0,0.0],"role":"client","tick":768,"time_ms":15131,"wall_ms":1791536438753.0}
S03R {"event":"prediction","history_size":58,"position":[6.0,0.00100011611357331,4.38099908828735],"predicted_tick":768,"role":"client","tick":768,"time_ms":15137,"wall_ms":1791536438759.0,"yaw":0.0}
S03R {"event":"prediction","history_size":59,"position":[6.0,0.00100011611357331,4.38099908828735],"predicted_tick":769,"role":"client","tick":769,"time_ms":15142,"wall_ms":1791536438765.0,"yaw":0.0}
S03R {"event":"prediction","history_size":60,"position":[6.0,0.00100011611357331,4.38099908828735],"predicted_tick":770,"role":"client","tick":770,"time_ms":15160,"wall_ms":1791536438782.0,"yaw":0.0}
S03R {"event":"prediction","history_size":61,"position":[6.0,0.00100011611357331,4.38099908828735],"predicted_tick":771,"role":"client","tick":771,"time_ms":15175,"wall_ms":1791536438798.0,"yaw":0.0}
S03R {"event":"prediction","history_size":62,"position":[6.0,0.00100011611357331,4.38099908828735],"predicted_tick":772,"role":"client","tick":772,"time_ms":15207,"wall_ms":1791536438829.0,"yaw":0.0}
S03R {"event":"prediction","history_size":63,"position":[6.0,0.00100011611357331,4.38099908828735],"predicted_tick":773,"role":"client","tick":773,"time_ms":15213,"wall_ms":1791536438836.0,"yaw":0.0}
S03R {"event":"prediction","history_size":64,"position":[6.0,0.00100011611357331,4.38099908828735],"predicted_tick":774,"role":"client","tick":774,"time_ms":15238,"wall_ms":1791536438861.0,"yaw":0.0}
S03R {"event":"prediction","history_size":65,"position":[6.0,0.00100011611357331,4.38099908828735],"predicted_tick":775,"role":"client","tick":775,"time_ms":15245,"wall_ms":1791536438867.0,"yaw":0.0}
S03R {"event":"prediction","history_size":66,"position":[6.0,0.00100011611357331,4.38099908828735],"predicted_tick":776,"role":"client","tick":776,"time_ms":15268,"wall_ms":1791536438890.0,"yaw":0.0}
S03R {"event":"prediction","history_size":67,"position":[6.0,0.00100011611357331,4.38099908828735],"predicted_tick":777,"role":"client","tick":777,"time_ms":15283,"wall_ms":1791536438905.0,"yaw":0.0}
S03R {"event":"prediction","history_size":68,"position":[6.0,0.00100011611357331,4.38099908828735],"predicted_tick":778,"role":"client","tick":778,"time_ms":15301,"wall_ms":1791536438923.0,"yaw":0.0}
S03R {"event":"prediction","history_size":69,"position":[6.0,0.00100011611357331,4.38099908828735],"predicted_tick":779,"role":"client","tick":779,"time_ms":15314,"wall_ms":1791536438937.0,"yaw":0.0}
S03R {"event":"prediction","history_size":70,"position":[6.0,0.00100011611357331,4.38099908828735],"predicted_tick":780,"role":"client","tick":780,"time_ms":15330,"wall_ms":1791536438952.0,"yaw":0.0}
S03R {"event":"prediction","history_size":71,"position":[6.0,0.00100011611357331,4.38099908828735],"predicted_tick":781,"role":"client","tick":781,"time_ms":15346,"wall_ms":1791536438969.0,"yaw":0.0}
S03R {"event":"prediction","history_size":72,"position":[6.0,0.00100011611357331,4.38099908828735],"predicted_tick":782,"role":"client","tick":782,"time_ms":15362,"wall_ms":1791536438984.0,"yaw":0.0}
S03R {"event":"prediction","history_size":73,"position":[6.0,0.00100011611357331,4.38099908828735],"predicted_tick":783,"role":"client","tick":783,"time_ms":15377,"wall_ms":1791536439000.0,"yaw":0.0}
S03R {"event":"prediction","history_size":74,"position":[6.0,0.00100011611357331,4.38099908828735],"predicted_tick":784,"role":"client","tick":784,"time_ms":15393,"wall_ms":1791536439015.0,"yaw":0.0}
S03R {"event":"prediction","history_size":75,"position":[6.0,0.00100011611357331,4.38099908828735],"predicted_tick":785,"role":"client","tick":785,"time_ms":15409,"wall_ms":1791536439031.0,"yaw":0.0}
S03R {"event":"prediction","history_size":76,"position":[6.0,0.00100011611357331,4.38099908828735],"predicted_tick":786,"role":"client","tick":786,"time_ms":15425,"wall_ms":1791536439047.0,"yaw":0.0}
S03R {"event":"prediction","history_size":77,"position":[6.0,0.00100011611357331,4.38099908828735],"predicted_tick":787,"role":"client","tick":787,"time_ms":15456,"wall_ms":1791536439079.0,"yaw":0.0}
S03R {"event":"prediction","history_size":78,"position":[6.0,0.00100011611357331,4.38099908828735],"predicted_tick":788,"role":"client","tick":788,"time_ms":15461,"wall_ms":1791536439084.0,"yaw":0.0}
S03R {"event":"prediction","history_size":79,"position":[6.0,0.00100011611357331,4.38099908828735],"predicted_tick":789,"role":"client","tick":789,"time_ms":15485,"wall_ms":1791536439107.0,"yaw":0.0}
S03R {"event":"prediction","history_size":80,"position":[6.0,0.00100011611357331,4.38099908828735],"predicted_tick":790,"role":"client","tick":790,"time_ms":15493,"wall_ms":1791536439115.0,"yaw":0.0}
S03R {"event":"prediction","history_size":81,"position":[6.0,0.00100011611357331,4.38099908828735],"predicted_tick":791,"role":"client","tick":791,"time_ms":15517,"wall_ms":1791536439139.0,"yaw":0.0}
S03R {"event":"prediction","history_size":82,"position":[6.0,0.00100011611357331,4.38099908828735],"predicted_tick":792,"role":"client","tick":792,"time_ms":15533,"wall_ms":1791536439155.0,"yaw":0.0}
S03R {"event":"prediction","history_size":83,"position":[6.0,0.00100011611357331,4.38099908828735],"predicted_tick":793,"role":"client","tick":793,"time_ms":15546,"wall_ms":1791536439169.0,"yaw":0.0}
S03R {"event":"prediction","history_size":84,"position":[6.0,0.00100011611357331,4.38099908828735],"predicted_tick":794,"role":"client","tick":794,"time_ms":15563,"wall_ms":1791536439185.0,"yaw":0.0}
S03R {"event":"prediction","history_size":85,"position":[6.0,0.00100011611357331,4.38099908828735],"predicted_tick":795,"role":"client","tick":795,"time_ms":15578,"wall_ms":1791536439200.0,"yaw":0.0}
S03R {"event":"prediction","history_size":86,"position":[6.0,0.00100011611357331,4.38099908828735],"predicted_tick":796,"role":"client","tick":796,"time_ms":15594,"wall_ms":1791536439216.0,"yaw":0.0}
S03R {"event":"prediction","history_size":87,"position":[6.0,0.00100011611357331,4.38099908828735],"predicted_tick":797,"role":"client","tick":797,"time_ms":15608,"wall_ms":1791536439231.0,"yaw":0.0}
S03R {"event":"prediction","history_size":88,"position":[6.0,0.00100011611357331,4.38099908828735],"predicted_tick":798,"role":"client","tick":798,"time_ms":15625,"wall_ms":1791536439248.0,"yaw":0.0}
S03R {"event":"prediction","history_size":89,"position":[6.0,0.00100011611357331,4.38099908828735],"predicted_tick":799,"role":"client","tick":799,"time_ms":15641,"wall_ms":1791536439263.0,"yaw":0.0}
S03R {"event":"prediction","history_size":90,"position":[6.0,0.00100011611357331,4.38099908828735],"predicted_tick":800,"role":"client","tick":800,"time_ms":15656,"wall_ms":1791536439278.0,"yaw":0.0}
S03R {"authority_install_error_m":0.0,"entity":1,"event":"apply","pose":{"control":1,"durable":2,"entity":1,"last_input_tick":782,"position":[0.0,0.00100011611357331,10.9999923706055],"receipt_ms":15666,"sequence":782,"tick":945,"velocity":[0.0,0.0,0.0],"yaw":0.0},"position":[0.0,0.00100011611357331,10.9999923706055],"time_ms":15685,"wall_ms":1791536439307.0,"yaw":0.0}
S03R {"ack_input_tick":722,"cause":"none","correction_m":0.0,"correction_yaw_deg":0.0,"event":"correction","history_exhausted":false,"replay_frames":78,"replay_usec":406,"role":"client","tick":801,"time_ms":15689,"wall_ms":1791536439311.0}
S03R {"authority_install_error_m":0.0,"entity":2,"event":"apply","pose":{"control":1,"durable":2,"entity":2,"last_input_tick":722,"position":[6.0,0.00100011611357331,0.630999863147736],"receipt_ms":15666,"sequence":722,"tick":945,"velocity":[0.0,0.0,0.0],"yaw":3.14159250259399},"position":[6.0,0.00100011611357331,4.38099908828735],"time_ms":15693,"wall_ms":1791536439315.0,"yaw":0.0}
S03R {"event":"prediction","history_size":79,"position":[6.0,0.00100011611357331,4.38099908828735],"predicted_tick":801,"role":"client","tick":801,"time_ms":15697,"wall_ms":1791536439319.0,"yaw":0.0}
S03R {"event":"prediction","history_size":80,"position":[6.0,0.00100011611357331,4.38099908828735],"predicted_tick":802,"role":"client","tick":802,"time_ms":15703,"wall_ms":1791536439326.0,"yaw":0.0}
S03R {"event":"prediction","history_size":81,"position":[6.0,0.00100011611357331,4.38099908828735],"predicted_tick":803,"role":"client","tick":803,"time_ms":15716,"wall_ms":1791536439338.0,"yaw":0.0}
S03R {"authority_install_error_m":0.0,"entity":1,"event":"apply","pose":{"control":1,"durable":2,"entity":1,"last_input_tick":785,"position":[0.0,0.00100011611357331,10.9999923706055],"receipt_ms":15719,"sequence":785,"tick":948,"velocity":[0.0,0.0,0.0],"yaw":0.0},"position":[0.0,0.00100011611357331,10.9999923706055],"time_ms":15732,"wall_ms":1791536439355.0,"yaw":0.0}
S03R {"ack_input_tick":722,"cause":"none","correction_m":0.0,"correction_yaw_deg":0.0,"event":"correction","history_exhausted":false,"replay_frames":81,"replay_usec":501,"role":"client","tick":804,"time_ms":15736,"wall_ms":1791536439358.0}
S03R {"authority_install_error_m":0.0,"entity":2,"event":"apply","pose":{"control":1,"durable":2,"entity":2,"last_input_tick":722,"position":[6.0,0.00100011611357331,0.630999863147736],"receipt_ms":15719,"sequence":722,"tick":948,"velocity":[0.0,0.0,0.0],"yaw":3.14159250259399},"position":[6.0,0.00100011611357331,4.38099908828735],"time_ms":15739,"wall_ms":1791536439362.0,"yaw":0.0}
S03R {"event":"prediction","history_size":82,"position":[6.0,0.00100011611357331,4.38099908828735],"predicted_tick":804,"role":"client","tick":804,"time_ms":15744,"wall_ms":1791536439366.0,"yaw":0.0}
S03R {"event":"prediction","history_size":83,"position":[6.0,0.00100011611357331,4.38099908828735],"predicted_tick":805,"role":"client","tick":805,"time_ms":15747,"wall_ms":1791536439369.0,"yaw":0.0}
S03R {"authority_install_error_m":0.0,"entity":1,"event":"apply","pose":{"control":1,"durable":2,"entity":1,"last_input_tick":788,"position":[0.0,0.00100011611357331,10.9999923706055],"receipt_ms":15754,"sequence":788,"tick":951,"velocity":[0.0,0.0,0.0],"yaw":0.0},"position":[0.0,0.00100011611357331,10.9999923706055],"time_ms":15763,"wall_ms":1791536439385.0,"yaw":0.0}
S03R {"ack_input_tick":789,"cause":"held_timing_or_delivery","correction_m":3.74999928474426,"correction_yaw_deg":0.0,"event":"correction","history_exhausted":false,"replay_frames":16,"replay_usec":186,"role":"client","tick":806,"time_ms":15768,"wall_ms":1791536439389.0}
S03R {"authority_install_error_m":0.0,"entity":2,"event":"apply","pose":{"control":1,"durable":2,"entity":2,"last_input_tick":789,"position":[6.0,0.00100011611357331,0.630999863147736],"receipt_ms":15754,"sequence":789,"tick":951,"velocity":[0.0,0.0,0.0],"yaw":0.0},"position":[6.0,0.00100011611357331,0.630999863147736],"time_ms":15771,"wall_ms":1791536439393.0,"yaw":0.0}
S03R {"event":"prediction","history_size":17,"position":[6.0,0.00100011611357331,0.630999863147736],"predicted_tick":806,"role":"client","tick":806,"time_ms":15774,"wall_ms":1791536439396.0,"yaw":0.0}
S03R {"event":"prediction","history_size":18,"position":[6.0,0.00100011611357331,0.630999863147736],"predicted_tick":807,"role":"client","tick":807,"time_ms":15777,"wall_ms":1791536439400.0,"yaw":0.0}
S03R {"event":"prediction","history_size":19,"position":[6.0,0.00100011611357331,0.630999863147736],"predicted_tick":808,"role":"client","tick":808,"time_ms":15793,"wall_ms":1791536439415.0,"yaw":0.0}
S03R {"event":"prediction","history_size":20,"position":[6.0,0.00100011611357331,0.630999863147736],"predicted_tick":809,"role":"client","tick":809,"time_ms":15808,"wall_ms":1791536439431.0,"yaw":0.0}
S03R {"event":"prediction","history_size":21,"position":[6.0,0.00100011611357331,0.630999863147736],"predicted_tick":810,"role":"client","tick":810,"time_ms":15825,"wall_ms":1791536439447.0,"yaw":0.0}
S03R {"event":"prediction","history_size":22,"position":[6.0,0.00100011611357331,0.630999863147736],"predicted_tick":811,"role":"client","tick":811,"time_ms":15842,"wall_ms":1791536439464.0,"yaw":0.0}
S03R {"authority_install_error_m":0.0,"entity":1,"event":"apply","pose":{"control":1,"durable":2,"entity":1,"last_input_tick":791,"position":[0.0,0.00100011611357331,10.9999923706055],"receipt_ms":15846,"sequence":791,"tick":954,"velocity":[0.0,0.0,0.0],"yaw":0.0},"position":[0.0,0.00100011611357331,10.9999923706055],"time_ms":15849,"wall_ms":1791536439471.0,"yaw":0.0}
S03R {"ack_input_tick":791,"cause":"none","correction_m":0.0,"correction_yaw_deg":0.0,"event":"correction","history_exhausted":false,"replay_frames":20,"replay_usec":140,"role":"client","tick":812,"time_ms":15852,"wall_ms":1791536439475.0}
S03R {"authority_install_error_m":0.0,"entity":2,"event":"apply","pose":{"control":1,"durable":2,"entity":2,"last_input_tick":791,"position":[6.0,0.00100011611357331,0.630999863147736],"receipt_ms":15846,"sequence":791,"tick":954,"velocity":[0.0,0.0,0.0],"yaw":0.0},"position":[6.0,0.00100011611357331,0.630999863147736],"time_ms":15855,"wall_ms":1791536439478.0,"yaw":0.0}
S03R {"event":"prediction","history_size":21,"position":[6.0,0.00100011611357331,0.630999863147736],"predicted_tick":812,"role":"client","tick":812,"time_ms":15858,"wall_ms":1791536439480.0,"yaw":0.0}
S03R {"authority_install_error_m":0.0,"entity":1,"event":"apply","pose":{"control":1,"durable":2,"entity":1,"last_input_tick":794,"position":[0.0,0.00100011611357331,10.9999923706055],"receipt_ms":15862,"sequence":794,"tick":957,"velocity":[0.0,0.0,0.0],"yaw":0.0},"position":[0.0,0.00100011611357331,10.9999923706055],"time_ms":15871,"wall_ms":1791536439494.0,"yaw":0.0}
S03R {"ack_input_tick":792,"cause":"none","correction_m":0.0,"correction_yaw_deg":0.0,"event":"correction","history_exhausted":false,"replay_frames":20,"replay_usec":131,"role":"client","tick":813,"time_ms":15874,"wall_ms":1791536439496.0}
S03R {"authority_install_error_m":0.0,"entity":2,"event":"apply","pose":{"control":1,"durable":2,"entity":2,"last_input_tick":792,"position":[6.0,0.00100011611357331,0.630999863147736],"receipt_ms":15862,"sequence":792,"tick":957,"velocity":[0.0,0.0,0.0],"yaw":0.0},"position":[6.0,0.00100011611357331,0.630999863147736],"time_ms":15879,"wall_ms":1791536439501.0,"yaw":0.0}
S03R {"event":"prediction","history_size":21,"position":[6.0,0.00100011611357331,0.630999863147736],"predicted_tick":813,"role":"client","tick":813,"time_ms":15883,"wall_ms":1791536439505.0,"yaw":0.0}
S03R {"event":"prediction","history_size":22,"position":[6.0,0.00100011611357331,0.630999863147736],"predicted_tick":814,"role":"client","tick":814,"time_ms":15886,"wall_ms":1791536439508.0,"yaw":0.0}
S03R {"event":"prediction","history_size":23,"position":[6.0,0.00100011611357331,0.630999863147736],"predicted_tick":815,"role":"client","tick":815,"time_ms":15902,"wall_ms":1791536439524.0,"yaw":0.0}
S03R {"authority_install_error_m":0.0,"entity":1,"event":"apply","pose":{"control":1,"durable":2,"entity":1,"last_input_tick":797,"position":[0.0,0.00100011611357331,10.9999923706055],"receipt_ms":15918,"sequence":797,"tick":960,"velocity":[0.0,0.0,0.0],"yaw":0.0},"position":[0.0,0.00100011611357331,10.9999923706055],"time_ms":15918,"wall_ms":1791536439540.0,"yaw":0.0}
S03R {"ack_input_tick":794,"cause":"none","correction_m":0.0,"correction_yaw_deg":0.0,"event":"correction","history_exhausted":false,"replay_frames":21,"replay_usec":141,"role":"client","tick":816,"time_ms":15921,"wall_ms":1791536439544.0}
S03R {"authority_install_error_m":0.0,"entity":2,"event":"apply","pose":{"control":1,"durable":2,"entity":2,"last_input_tick":794,"position":[6.0,0.00100011611357331,0.630999863147736],"receipt_ms":15918,"sequence":794,"tick":960,"velocity":[0.0,0.0,0.0],"yaw":0.0},"position":[6.0,0.00100011611357331,0.630999863147736],"time_ms":15924,"wall_ms":1791536439547.0,"yaw":0.0}
S03R {"event":"prediction","history_size":22,"position":[6.0,0.00100011611357331,0.630999863147736],"predicted_tick":816,"role":"client","tick":816,"time_ms":15926,"wall_ms":1791536439549.0,"yaw":0.0}
S03R {"event":"prediction","history_size":23,"position":[6.0,0.00100011611357331,0.630999863147736],"predicted_tick":817,"role":"client","tick":817,"time_ms":15949,"wall_ms":1791536439571.0,"yaw":0.0}
S03R {"authority_install_error_m":0.0,"entity":1,"event":"apply","pose":{"control":1,"durable":2,"entity":1,"last_input_tick":803,"position":[0.0,0.00100011611357331,10.9999923706055],"receipt_ms":15955,"sequence":803,"tick":966,"velocity":[0.0,0.0,0.0],"yaw":0.0},"position":[0.0,0.00100011611357331,10.9999923706055],"time_ms":15955,"wall_ms":1791536439578.0,"yaw":0.0}
S03R {"ack_input_tick":800,"cause":"none","correction_m":0.0,"correction_yaw_deg":0.0,"event":"correction","history_exhausted":false,"replay_frames":17,"replay_usec":113,"role":"client","tick":818,"time_ms":15959,"wall_ms":1791536439581.0}
S03R {"authority_install_error_m":0.0,"entity":2,"event":"apply","pose":{"control":1,"durable":2,"entity":2,"last_input_tick":800,"position":[6.0,0.00100011611357331,0.630999863147736],"receipt_ms":15955,"sequence":800,"tick":966,"velocity":[0.0,0.0,0.0],"yaw":0.0},"position":[6.0,0.00100011611357331,0.630999863147736],"time_ms":15961,"wall_ms":1791536439583.0,"yaw":0.0}
S03R {"event":"prediction","history_size":18,"position":[6.0,0.00100011611357331,0.630999863147736],"predicted_tick":818,"role":"client","tick":818,"time_ms":15964,"wall_ms":1791536439587.0,"yaw":0.0}
S03R {"event":"prediction","history_size":19,"position":[6.0,0.00100011611357331,0.630999863147736],"predicted_tick":819,"role":"client","tick":819,"time_ms":15969,"wall_ms":1791536439592.0,"yaw":0.0}
S03R {"event":"prediction","history_size":20,"position":[6.0,0.00100011611357331,0.630999863147736],"predicted_tick":820,"role":"client","tick":820,"time_ms":15996,"wall_ms":1791536439618.0,"yaw":0.0}
S03R {"event":"prediction","history_size":21,"position":[6.0,0.00100011611357331,0.630999863147736],"predicted_tick":821,"role":"client","tick":821,"time_ms":16012,"wall_ms":1791536439635.0,"yaw":0.0}
S03R {"event":"prediction","history_size":22,"position":[6.0,0.00100011611357331,0.630999863147736],"predicted_tick":822,"role":"client","tick":822,"time_ms":16025,"wall_ms":1791536439647.0,"yaw":0.0}
S03R {"event":"prediction","history_size":23,"position":[6.0,0.00100011611357331,0.630999863147736],"predicted_tick":823,"role":"client","tick":823,"time_ms":16043,"wall_ms":1791536439666.0,"yaw":0.0}
S03R {"authority_install_error_m":0.0,"entity":1,"event":"apply","pose":{"control":1,"durable":2,"entity":1,"last_input_tick":806,"position":[0.0,0.00100011611357331,10.9999923706055],"receipt_ms":16048,"sequence":806,"tick":969,"velocity":[0.0,0.0,0.0],"yaw":0.0},"position":[0.0,0.00100011611357331,10.9999923706055],"time_ms":16056,"wall_ms":1791536439678.0,"yaw":0.0}
S03R {"ack_input_tick":804,"cause":"none","correction_m":0.0,"correction_yaw_deg":0.0,"event":"correction","history_exhausted":false,"replay_frames":19,"replay_usec":161,"role":"client","tick":824,"time_ms":16063,"wall_ms":1791536439685.0}
S03R {"authority_install_error_m":0.0,"entity":2,"event":"apply","pose":{"control":1,"durable":2,"entity":2,"last_input_tick":804,"position":[6.0,0.00100011611357331,0.630999863147736],"receipt_ms":16048,"sequence":804,"tick":969,"velocity":[0.0,0.0,0.0],"yaw":0.0},"position":[6.0,0.00100011611357331,0.630999863147736],"time_ms":16065,"wall_ms":1791536439687.0,"yaw":0.0}
S03R {"event":"prediction","history_size":20,"position":[6.0,0.00100011611357331,0.630999863147736],"predicted_tick":824,"role":"client","tick":824,"time_ms":16068,"wall_ms":1791536439689.0,"yaw":0.0}
S03R {"event":"prediction","history_size":21,"position":[6.0,0.00100011611357331,0.630999863147736],"predicted_tick":825,"role":"client","tick":825,"time_ms":16087,"wall_ms":1791536439709.0,"yaw":0.0}
S03R {"authority_install_error_m":0.0,"entity":1,"event":"apply","pose":{"control":1,"durable":2,"entity":1,"last_input_tick":809,"position":[0.0,0.00100011611357331,10.9999923706055],"receipt_ms":16090,"sequence":809,"tick":972,"velocity":[0.0,0.0,0.0],"yaw":0.0},"position":[0.0,0.00100011611357331,10.9999923706055],"time_ms":16102,"wall_ms":1791536439725.0,"yaw":0.0}
S03R {"ack_input_tick":810,"cause":"none","correction_m":0.0,"correction_yaw_deg":0.0,"event":"correction","history_exhausted":false,"replay_frames":15,"replay_usec":105,"role":"client","tick":826,"time_ms":16105,"wall_ms":1791536439728.0}
S03R {"authority_install_error_m":0.0,"entity":2,"event":"apply","pose":{"control":1,"durable":2,"entity":2,"last_input_tick":810,"position":[6.0,0.00100011611357331,0.630999863147736],"receipt_ms":16090,"sequence":810,"tick":972,"velocity":[0.0,0.0,0.0],"yaw":0.0},"position":[6.0,0.00100011611357331,0.630999863147736],"time_ms":16109,"wall_ms":1791536439732.0,"yaw":0.0}
S03R {"event":"prediction","history_size":16,"position":[6.0,0.00100011611357331,0.630999863147736],"predicted_tick":826,"role":"client","tick":826,"time_ms":16114,"wall_ms":1791536439735.0,"yaw":0.0}
S03R {"authority_install_error_m":0.0,"entity":1,"event":"apply","pose":{"control":1,"durable":2,"entity":1,"last_input_tick":812,"position":[0.0,0.00100011611357331,10.9999923706055],"receipt_ms":16119,"sequence":812,"tick":975,"velocity":[0.0,0.0,0.0],"yaw":0.0},"position":[0.0,0.00100011611357331,10.9999923706055],"time_ms":16119,"wall_ms":1791536439741.0,"yaw":0.0}
S03R {"ack_input_tick":812,"cause":"none","correction_m":0.0,"correction_yaw_deg":0.0,"event":"correction","history_exhausted":false,"replay_frames":14,"replay_usec":137,"role":"client","tick":827,"time_ms":16122,"wall_ms":1791536439744.0}
S03R {"authority_install_error_m":0.0,"entity":2,"event":"apply","pose":{"control":1,"durable":2,"entity":2,"last_input_tick":812,"position":[6.0,0.00100011611357331,0.630999863147736],"receipt_ms":16119,"sequence":812,"tick":975,"velocity":[0.0,0.0,0.0],"yaw":0.0},"position":[6.0,0.00100011611357331,0.630999863147736],"time_ms":16125,"wall_ms":1791536439746.0,"yaw":0.0}
S03R {"event":"prediction","history_size":15,"position":[6.0,0.00100011611357331,0.630999863147736],"predicted_tick":827,"role":"client","tick":827,"time_ms":16127,"wall_ms":1791536439749.0,"yaw":0.0}
S03R {"event":"prediction","history_size":16,"position":[6.0,0.00100011611357331,0.630999863147736],"predicted_tick":828,"role":"client","tick":828,"time_ms":16130,"wall_ms":1791536439753.0,"yaw":0.0}
S03R {"event":"prediction","history_size":17,"position":[6.0,0.00100011611357331,0.630999863147736],"predicted_tick":829,"role":"client","tick":829,"time_ms":16148,"wall_ms":1791536439771.0,"yaw":0.0}
S03R {"event":"prediction","history_size":18,"position":[6.0,0.00100011611357331,0.630999863147736],"predicted_tick":830,"role":"client","tick":830,"time_ms":16162,"wall_ms":1791536439785.0,"yaw":0.0}
S03R {"event":"prediction","history_size":19,"position":[6.0,0.00100011611357331,0.630999863147736],"predicted_tick":831,"role":"client","tick":831,"time_ms":16181,"wall_ms":1791536439804.0,"yaw":0.0}
S03R {"event":"prediction","history_size":20,"position":[6.0,0.00100011611357331,0.630999863147736],"predicted_tick":832,"role":"client","tick":832,"time_ms":16195,"wall_ms":1791536439817.0,"yaw":0.0}
S03R {"authority_install_error_m":0.0,"entity":1,"event":"apply","pose":{"control":1,"durable":2,"entity":1,"last_input_tick":815,"position":[0.0,0.00100011611357331,10.9999923706055],"receipt_ms":16200,"sequence":815,"tick":978,"velocity":[0.0,0.0,0.0],"yaw":0.0},"position":[0.0,0.00100011611357331,10.9999923706055],"time_ms":16210,"wall_ms":1791536439832.0,"yaw":0.0}
S03R {"ack_input_tick":812,"cause":"none","correction_m":0.0,"correction_yaw_deg":0.0,"event":"correction","history_exhausted":false,"replay_frames":20,"replay_usec":157,"role":"client","tick":833,"time_ms":16213,"wall_ms":1791536439835.0}
S03R {"authority_install_error_m":0.0,"entity":2,"event":"apply","pose":{"control":1,"durable":2,"entity":2,"last_input_tick":812,"position":[6.0,0.00100011611357331,0.630999863147736],"receipt_ms":16200,"sequence":812,"tick":978,"velocity":[0.0,0.0,0.0],"yaw":0.0},"position":[6.0,0.00100011611357331,0.630999863147736],"time_ms":16215,"wall_ms":1791536439837.0,"yaw":0.0}
S03R {"event":"prediction","history_size":21,"position":[6.0,0.00100011611357331,0.630999863147736],"predicted_tick":833,"role":"client","tick":833,"time_ms":16218,"wall_ms":1791536439840.0,"yaw":0.0}
S03R {"event":"prediction","history_size":22,"position":[6.0,0.00100011611357331,0.630999863147736],"predicted_tick":834,"role":"client","tick":834,"time_ms":16221,"wall_ms":1791536439844.0,"yaw":0.0}
S03R {"event":"prediction","history_size":23,"position":[6.0,0.00100011611357331,0.630999863147736],"predicted_tick":835,"role":"client","tick":835,"time_ms":16240,"wall_ms":1791536439863.0,"yaw":0.0}
S03R {"authority_install_error_m":0.0,"entity":1,"event":"apply","pose":{"control":1,"durable":2,"entity":1,"last_input_tick":818,"position":[0.0,0.00100011611357331,10.9999923706055],"receipt_ms":16244,"sequence":818,"tick":981,"velocity":[0.0,0.0,0.0],"yaw":0.0},"position":[0.0,0.00100011611357331,10.9999923706055],"time_ms":16256,"wall_ms":1791536439879.0,"yaw":0.0}
S03R {"ack_input_tick":815,"cause":"none","correction_m":0.0,"correction_yaw_deg":0.0,"event":"correction","history_exhausted":false,"replay_frames":20,"replay_usec":254,"role":"client","tick":836,"time_ms":16261,"wall_ms":1791536439883.0}
S03R {"authority_install_error_m":0.0,"entity":2,"event":"apply","pose":{"control":1,"durable":2,"entity":2,"last_input_tick":815,"position":[6.0,0.00100011611357331,0.630999863147736],"receipt_ms":16244,"sequence":815,"tick":981,"velocity":[0.0,0.0,0.0],"yaw":0.0},"position":[6.0,0.00100011611357331,0.630999863147736],"time_ms":16265,"wall_ms":1791536439887.0,"yaw":0.0}
S03R {"event":"prediction","history_size":21,"position":[6.0,0.00100011611357331,0.630999863147736],"predicted_tick":836,"role":"client","tick":836,"time_ms":16270,"wall_ms":1791536439891.0,"yaw":0.0}
S03R {"event":"prediction","history_size":22,"position":[6.0,0.00100011611357331,0.630999863147736],"predicted_tick":837,"role":"client","tick":837,"time_ms":16275,"wall_ms":1791536439897.0,"yaw":0.0}
S03R {"event":"prediction","history_size":23,"position":[6.0,0.00100011611357331,0.630999863147736],"predicted_tick":838,"role":"client","tick":838,"time_ms":16302,"wall_ms":1791536439925.0,"yaw":0.0}
S03R {"authority_install_error_m":0.0,"entity":1,"event":"apply","pose":{"control":1,"durable":2,"entity":1,"last_input_tick":821,"position":[0.0,0.00100011611357331,10.9999923706055],"receipt_ms":16305,"sequence":821,"tick":984,"velocity":[0.0,0.0,0.0],"yaw":0.0},"position":[0.0,0.00100011611357331,10.9999923706055],"time_ms":16318,"wall_ms":1791536439940.0,"yaw":0.0}
S03R {"ack_input_tick":822,"cause":"none","correction_m":0.0,"correction_yaw_deg":0.0,"event":"correction","history_exhausted":false,"replay_frames":16,"replay_usec":114,"role":"client","tick":839,"time_ms":16322,"wall_ms":1791536439945.0}
S03R {"authority_install_error_m":0.0,"entity":2,"event":"apply","pose":{"control":1,"durable":2,"entity":2,"last_input_tick":822,"position":[6.0,0.00100011611357331,0.630999863147736],"receipt_ms":16305,"sequence":822,"tick":984,"velocity":[0.0,0.0,0.0],"yaw":0.0},"position":[6.0,0.00100011611357331,0.630999863147736],"time_ms":16326,"wall_ms":1791536439949.0,"yaw":0.0}
S03R {"event":"prediction","history_size":17,"position":[6.0,0.00100011611357331,0.630999863147736],"predicted_tick":839,"role":"client","tick":839,"time_ms":16329,"wall_ms":1791536439951.0,"yaw":0.0}
S03R {"event":"prediction","history_size":18,"position":[6.0,0.00100011611357331,0.630999863147736],"predicted_tick":840,"role":"client","tick":840,"time_ms":16332,"wall_ms":1791536439954.0,"yaw":0.0}
S03R {"event":"prediction","history_size":19,"position":[6.0,0.00100011611357331,0.630999863147736],"predicted_tick":841,"role":"client","tick":841,"time_ms":16348,"wall_ms":1791536439971.0,"yaw":0.0}
S03R {"authority_install_error_m":0.0,"entity":1,"event":"apply","pose":{"control":1,"durable":2,"entity":1,"last_input_tick":827,"position":[0.0,0.00100011611357331,10.9999923706055],"receipt_ms":16352,"sequence":827,"tick":990,"velocity":[0.0,0.0,0.0],"yaw":0.0},"position":[0.0,0.00100011611357331,10.9999923706055],"time_ms":16364,"wall_ms":1791536439986.0,"yaw":0.0}
S03R {"ack_input_tick":826,"cause":"none","correction_m":0.0,"correction_yaw_deg":0.0,"event":"correction","history_exhausted":false,"replay_frames":15,"replay_usec":106,"role":"client","tick":842,"time_ms":16366,"wall_ms":1791536439988.0}
S03R {"authority_install_error_m":0.0,"entity":2,"event":"apply","pose":{"control":1,"durable":2,"entity":2,"last_input_tick":826,"position":[6.0,0.00100011611357331,0.630999863147736],"receipt_ms":16352,"sequence":826,"tick":990,"velocity":[0.0,0.0,0.0],"yaw":0.0},"position":[6.0,0.00100011611357331,0.630999863147736],"time_ms":16371,"wall_ms":1791536439993.0,"yaw":0.0}
S03R {"event":"prediction","history_size":16,"position":[6.0,0.00100011611357331,0.630999863147736],"predicted_tick":842,"role":"client","tick":842,"time_ms":16375,"wall_ms":1791536439996.0,"yaw":0.0}
S03R {"event":"prediction","history_size":17,"position":[6.0,0.00100011611357331,0.630999863147736],"predicted_tick":843,"role":"client","tick":843,"time_ms":16380,"wall_ms":1791536440002.0,"yaw":0.0}
S03R {"event":"prediction","history_size":18,"position":[6.0,0.00100011611357331,0.630999863147736],"predicted_tick":844,"role":"client","tick":844,"time_ms":16395,"wall_ms":1791536440018.0,"yaw":0.0}
S03R {"authority_install_error_m":0.0,"entity":1,"event":"apply","pose":{"control":1,"durable":2,"entity":1,"last_input_tick":830,"position":[0.0,0.00100011611357331,10.9999923706055],"receipt_ms":16410,"sequence":830,"tick":993,"velocity":[0.0,0.0,0.0],"yaw":0.0},"position":[0.0,0.00100011611357331,10.9999923706055],"time_ms":16410,"wall_ms":1791536440033.0,"yaw":0.0}
S03R {"ack_input_tick":828,"cause":"none","correction_m":0.0,"correction_yaw_deg":0.0,"event":"correction","history_exhausted":false,"replay_frames":16,"replay_usec":181,"role":"client","tick":845,"time_ms":16415,"wall_ms":1791536440038.0}
S03R {"authority_install_error_m":0.0,"entity":2,"event":"apply","pose":{"control":1,"durable":2,"entity":2,"last_input_tick":828,"position":[6.0,0.00100011611357331,0.630999863147736],"receipt_ms":16410,"sequence":828,"tick":993,"velocity":[0.0,0.0,0.0],"yaw":0.0},"position":[6.0,0.00100011611357331,0.630999863147736],"time_ms":16419,"wall_ms":1791536440042.0,"yaw":0.0}
S03R {"event":"prediction","history_size":17,"position":[6.0,0.00100011611357331,0.630999863147736],"predicted_tick":845,"role":"client","tick":845,"time_ms":16422,"wall_ms":1791536440045.0,"yaw":0.0}
S03R {"event":"prediction","history_size":18,"position":[6.0,0.00100011611357331,0.630999863147736],"predicted_tick":846,"role":"client","tick":846,"time_ms":16425,"wall_ms":1791536440048.0,"yaw":0.0}
S03R {"event":"prediction","history_size":19,"position":[6.0,0.00100011611357331,0.630999863147736],"predicted_tick":847,"role":"client","tick":847,"time_ms":16442,"wall_ms":1791536440064.0,"yaw":0.0}
S03R {"event":"prediction","history_size":20,"position":[6.0,0.00100011611357331,0.630999863147736],"predicted_tick":848,"role":"client","tick":848,"time_ms":16449,"wall_ms":1791536440071.0,"yaw":0.0}
S03R {"event":"prediction","history_size":21,"position":[6.0,0.00100011611357331,0.630999863147736],"predicted_tick":849,"role":"client","tick":849,"time_ms":16472,"wall_ms":1791536440095.0,"yaw":0.0}
S03R {"authority_install_error_m":0.0,"entity":1,"event":"apply","pose":{"control":1,"durable":2,"entity":1,"last_input_tick":833,"position":[0.0,0.00100011611357331,10.9999923706055],"receipt_ms":16476,"sequence":833,"tick":996,"velocity":[0.0,0.0,0.0],"yaw":0.0},"position":[0.0,0.00100011611357331,10.9999923706055],"time_ms":16489,"wall_ms":1791536440111.0,"yaw":0.0}
S03R {"ack_input_tick":832,"cause":"none","correction_m":0.0,"correction_yaw_deg":0.0,"event":"correction","history_exhausted":false,"replay_frames":17,"replay_usec":121,"role":"client","tick":850,"time_ms":16491,"wall_ms":1791536440114.0}
S03R {"authority_install_error_m":0.0,"entity":2,"event":"apply","pose":{"control":1,"durable":2,"entity":2,"last_input_tick":832,"position":[6.0,0.00100011611357331,0.630999863147736],"receipt_ms":16476,"sequence":832,"tick":996,"velocity":[0.0,0.0,0.0],"yaw":0.0},"position":[6.0,0.00100011611357331,0.630999863147736],"time_ms":16494,"wall_ms":1791536440116.0,"yaw":0.0}
S03R {"event":"prediction","history_size":18,"position":[6.0,0.00100011611357331,0.630999863147736],"predicted_tick":850,"role":"client","tick":850,"time_ms":16496,"wall_ms":1791536440119.0,"yaw":0.0}
S03R {"event":"prediction","history_size":19,"position":[6.0,0.00100011611357331,0.630999863147736],"predicted_tick":851,"role":"client","tick":851,"time_ms":16499,"wall_ms":1791536440121.0,"yaw":0.0}
S03R {"event":"prediction","history_size":20,"position":[6.0,0.00100011611357331,0.630999863147736],"predicted_tick":852,"role":"client","tick":852,"time_ms":16520,"wall_ms":1791536440142.0,"yaw":0.0}
S03R {"event":"prediction","history_size":21,"position":[6.0,0.00100011611357331,0.630999863147736],"predicted_tick":853,"role":"client","tick":853,"time_ms":16536,"wall_ms":1791536440158.0,"yaw":0.0}
S03R {"event":"prediction","history_size":22,"position":[6.0,0.00100011611357331,0.630999863147736],"predicted_tick":854,"role":"client","tick":854,"time_ms":16551,"wall_ms":1791536440174.0,"yaw":0.0}
S03R {"authority_install_error_m":0.0,"entity":1,"event":"apply","pose":{"control":1,"durable":2,"entity":1,"last_input_tick":836,"position":[0.0,0.00100011611357331,10.9999923706055],"receipt_ms":16557,"sequence":836,"tick":999,"velocity":[0.0,0.0,0.0],"yaw":0.0},"position":[0.0,0.00100011611357331,10.9999923706055],"time_ms":16566,"wall_ms":1791536440189.0,"yaw":0.0}
S03R {"ack_input_tick":835,"cause":"none","correction_m":0.0,"correction_yaw_deg":0.0,"event":"correction","history_exhausted":false,"replay_frames":19,"replay_usec":304,"role":"client","tick":855,"time_ms":16570,"wall_ms":1791536440192.0}
S03R {"authority_install_error_m":0.0,"entity":2,"event":"apply","pose":{"control":1,"durable":2,"entity":2,"last_input_tick":835,"position":[6.0,0.00100011611357331,0.630999863147736],"receipt_ms":16557,"sequence":835,"tick":999,"velocity":[0.0,0.0,0.0],"yaw":0.0},"position":[6.0,0.00100011611357331,0.630999863147736],"time_ms":16575,"wall_ms":1791536440197.0,"yaw":0.0}
S03R {"event":"prediction","history_size":20,"position":[6.0,0.00100011611357331,0.630999863147736],"predicted_tick":855,"role":"client","tick":855,"time_ms":16577,"wall_ms":1791536440199.0,"yaw":0.0}
S03R {"event":"prediction","history_size":21,"position":[6.0,0.00100011611357331,0.630999863147736],"predicted_tick":856,"role":"client","tick":856,"time_ms":16599,"wall_ms":1791536440221.0,"yaw":0.0}
S03R {"authority_install_error_m":0.0,"entity":1,"event":"apply","pose":{"control":1,"durable":2,"entity":1,"last_input_tick":839,"position":[0.0,0.00100011611357331,10.9999923706055],"receipt_ms":16606,"sequence":839,"tick":1002,"velocity":[0.0,0.0,0.0],"yaw":0.0},"position":[0.0,0.00100011611357331,10.9999923706055],"time_ms":16606,"wall_ms":1791536440229.0,"yaw":0.0}
S03R {"ack_input_tick":836,"cause":"none","correction_m":0.0,"correction_yaw_deg":0.0,"event":"correction","history_exhausted":false,"replay_frames":20,"replay_usec":130,"role":"client","tick":857,"time_ms":16610,"wall_ms":1791536440232.0}
S03R {"authority_install_error_m":0.0,"entity":2,"event":"apply","pose":{"control":1,"durable":2,"entity":2,"last_input_tick":836,"position":[6.0,0.00100011611357331,0.630999863147736],"receipt_ms":16606,"sequence":836,"tick":1002,"velocity":[0.0,0.0,0.0],"yaw":0.0},"position":[6.0,0.00100011611357331,0.630999863147736],"time_ms":16612,"wall_ms":1791536440235.0,"yaw":0.0}
S03R {"event":"prediction","history_size":21,"position":[6.0,0.00100011611357331,0.630999863147736],"predicted_tick":857,"role":"client","tick":857,"time_ms":16615,"wall_ms":1791536440237.0,"yaw":0.0}
S03R {"authority_install_error_m":0.0,"entity":1,"event":"apply","pose":{"control":1,"durable":2,"entity":1,"last_input_tick":842,"position":[0.0,0.00100011611357331,10.9999923706055],"receipt_ms":16620,"sequence":842,"tick":1005,"velocity":[0.0,0.0,0.0],"yaw":0.0},"position":[0.0,0.00100011611357331,10.9999923706055],"time_ms":16620,"wall_ms":1791536440242.0,"yaw":0.0}
S03R {"ack_input_tick":843,"cause":"none","correction_m":0.0,"correction_yaw_deg":0.0,"event":"correction","history_exhausted":false,"replay_frames":14,"replay_usec":92,"role":"client","tick":858,"time_ms":16623,"wall_ms":1791536440245.0}
S03R {"authority_install_error_m":0.0,"entity":2,"event":"apply","pose":{"control":1,"durable":2,"entity":2,"last_input_tick":843,"position":[6.0,0.00100011611357331,0.630999863147736],"receipt_ms":16620,"sequence":843,"tick":1005,"velocity":[0.0,0.0,0.0],"yaw":0.0},"position":[6.0,0.00100011611357331,0.630999863147736],"time_ms":16626,"wall_ms":1791536440247.0,"yaw":0.0}
S03R {"event":"prediction","history_size":15,"position":[6.0,0.00100011611357331,0.630999863147736],"predicted_tick":858,"role":"client","tick":858,"time_ms":16628,"wall_ms":1791536440251.0,"yaw":0.0}
S03R {"event":"prediction","history_size":16,"position":[6.0,0.00100011611357331,0.630999863147736],"predicted_tick":859,"role":"client","tick":859,"time_ms":16645,"wall_ms":1791536440267.0,"yaw":0.0}
S03R {"event":"prediction","history_size":17,"position":[6.0,0.00100011611357331,0.630999863147736],"predicted_tick":860,"role":"client","tick":860,"time_ms":16661,"wall_ms":1791536440283.0,"yaw":0.0}
S03R {"event":"prediction","history_size":18,"position":[6.0,0.00100011611357331,0.630999863147736],"predicted_tick":861,"role":"client","tick":861,"time_ms":16676,"wall_ms":1791536440298.0,"yaw":0.0}
S03R {"event":"prediction","history_size":19,"position":[6.0,0.00100011611357331,0.630999863147736],"predicted_tick":862,"role":"client","tick":862,"time_ms":16708,"wall_ms":1791536440330.0,"yaw":0.0}
S03R {"event":"prediction","history_size":20,"position":[6.0,0.00100011611357331,0.630999863147736],"predicted_tick":863,"role":"client","tick":863,"time_ms":16713,"wall_ms":1791536440336.0,"yaw":0.0}
S03R {"event":"prediction","history_size":21,"position":[6.0,0.00100011611357331,0.630999863147736],"predicted_tick":864,"role":"client","tick":864,"time_ms":16738,"wall_ms":1791536440360.0,"yaw":0.0}
S03R {"event":"prediction","history_size":22,"position":[6.0,0.00100011611357331,0.630999863147736],"predicted_tick":865,"role":"client","tick":865,"time_ms":16755,"wall_ms":1791536440376.0,"yaw":0.0}
S03R {"authority_install_error_m":0.0,"entity":1,"event":"apply","pose":{"control":1,"durable":2,"entity":1,"last_input_tick":851,"position":[0.0,0.00100011611357331,10.9999923706055],"receipt_ms":16758,"sequence":851,"tick":1014,"velocity":[0.0,0.0,0.0],"yaw":0.0},"position":[0.0,0.00100011611357331,10.9999923706055],"time_ms":16770,"wall_ms":1791536440393.0,"yaw":0.0}
S03R {"ack_input_tick":853,"cause":"none","correction_m":0.0,"correction_yaw_deg":0.0,"event":"correction","history_exhausted":false,"replay_frames":12,"replay_usec":201,"role":"client","tick":866,"time_ms":16774,"wall_ms":1791536440396.0}
S03R {"authority_install_error_m":0.0,"entity":2,"event":"apply","pose":{"control":1,"durable":2,"entity":2,"last_input_tick":853,"position":[6.0,0.00100011611357331,0.630999863147736],"receipt_ms":16758,"sequence":853,"tick":1014,"velocity":[0.0,0.0,0.0],"yaw":0.0},"position":[6.0,0.00100011611357331,0.630999863147736],"time_ms":16777,"wall_ms":1791536440400.0,"yaw":0.0}
S03R {"event":"prediction","history_size":13,"position":[6.0,0.00100011611357331,0.630999863147736],"predicted_tick":866,"role":"client","tick":866,"time_ms":16782,"wall_ms":1791536440404.0,"yaw":0.0}
S03R {"event":"prediction","history_size":14,"position":[6.0,0.00100011611357331,0.630999863147736],"predicted_tick":867,"role":"client","tick":867,"time_ms":16785,"wall_ms":1791536440406.0,"yaw":0.0}
S03R {"event":"prediction","history_size":15,"position":[6.0,0.00100011611357331,0.630999863147736],"predicted_tick":868,"role":"client","tick":868,"time_ms":16802,"wall_ms":1791536440423.0,"yaw":0.0}
S03R {"event":"prediction","history_size":16,"position":[6.0,0.00100011611357331,0.630999863147736],"predicted_tick":869,"role":"client","tick":869,"time_ms":16813,"wall_ms":1791536440435.0,"yaw":0.0}
S03R {"event":"prediction","history_size":17,"position":[6.0,0.00100011611357331,0.630999863147736],"predicted_tick":870,"role":"client","tick":870,"time_ms":16832,"wall_ms":1791536440454.0,"yaw":0.0}
S03R {"event":"prediction","history_size":18,"position":[6.0,0.00100011611357331,0.630999863147736],"predicted_tick":871,"role":"client","tick":871,"time_ms":16847,"wall_ms":1791536440469.0,"yaw":0.0}
S03R {"event":"prediction","history_size":19,"position":[6.0,0.00100011611357331,0.630999863147736],"predicted_tick":872,"role":"client","tick":872,"time_ms":16862,"wall_ms":1791536440485.0,"yaw":0.0}
S03R {"event":"prediction","history_size":20,"position":[6.0,0.00100011611357331,0.630999863147736],"predicted_tick":873,"role":"client","tick":873,"time_ms":16877,"wall_ms":1791536440500.0,"yaw":0.0}
S03R {"authority_install_error_m":0.0,"entity":1,"event":"apply","pose":{"control":1,"durable":2,"entity":1,"last_input_tick":854,"position":[0.0,0.00100011611357331,10.9999923706055],"receipt_ms":16883,"sequence":854,"tick":1017,"velocity":[0.0,0.0,0.0],"yaw":0.0},"position":[0.0,0.00100011611357331,10.9999923706055],"time_ms":16893,"wall_ms":1791536440515.0,"yaw":0.0}
S03R {"ack_input_tick":855,"cause":"none","correction_m":0.0,"correction_yaw_deg":0.0,"event":"correction","history_exhausted":false,"replay_frames":18,"replay_usec":178,"role":"client","tick":874,"time_ms":16898,"wall_ms":1791536440520.0}
S03R {"authority_install_error_m":0.0,"entity":2,"event":"apply","pose":{"control":1,"durable":2,"entity":2,"last_input_tick":855,"position":[6.0,0.00100011611357331,0.630999863147736],"receipt_ms":16883,"sequence":855,"tick":1017,"velocity":[0.0,0.0,0.0],"yaw":0.0},"position":[6.0,0.00100011611357331,0.630999863147736],"time_ms":16902,"wall_ms":1791536440525.0,"yaw":0.0}
S03R {"event":"prediction","history_size":19,"position":[6.0,0.00100011611357331,0.630999863147736],"predicted_tick":874,"role":"client","tick":874,"time_ms":16908,"wall_ms":1791536440531.0,"yaw":0.0}
S03R {"authority_install_error_m":0.0,"entity":1,"event":"apply","pose":{"control":1,"durable":2,"entity":1,"last_input_tick":857,"position":[0.0,0.00100011611357331,10.9999923706055],"receipt_ms":16913,"sequence":857,"tick":1020,"velocity":[0.0,0.0,0.0],"yaw":0.0},"position":[0.0,0.00100011611357331,10.9999923706055],"time_ms":16913,"wall_ms":1791536440536.0,"yaw":0.0}
S03R {"ack_input_tick":856,"cause":"none","correction_m":0.0,"correction_yaw_deg":0.0,"event":"correction","history_exhausted":false,"replay_frames":18,"replay_usec":165,"role":"client","tick":875,"time_ms":16918,"wall_ms":1791536440540.0}
S03R {"authority_install_error_m":0.0,"entity":2,"event":"apply","pose":{"control":1,"durable":2,"entity":2,"last_input_tick":856,"position":[6.0,0.00100011611357331,0.630999863147736],"receipt_ms":16913,"sequence":856,"tick":1020,"velocity":[0.0,0.0,0.0],"yaw":0.0},"position":[6.0,0.00100011611357331,0.630999863147736],"time_ms":16920,"wall_ms":1791536440542.0,"yaw":0.0}
S03R {"event":"prediction","history_size":19,"position":[6.0,0.00100011611357331,0.630999863147736],"predicted_tick":875,"role":"client","tick":875,"time_ms":16922,"wall_ms":1791536440544.0,"yaw":0.0}
S03R {"event":"prediction","history_size":20,"position":[6.0,0.00100011611357331,0.630999863147736],"predicted_tick":876,"role":"client","tick":876,"time_ms":16927,"wall_ms":1791536440549.0,"yaw":0.0}
S03R {"event":"prediction","history_size":21,"position":[6.0,0.00100011611357331,0.630999863147736],"predicted_tick":877,"role":"client","tick":877,"time_ms":16940,"wall_ms":1791536440563.0,"yaw":0.0}
S03R {"event":"prediction","history_size":22,"position":[6.0,0.00100011611357331,0.630999863147736],"predicted_tick":878,"role":"client","tick":878,"time_ms":16954,"wall_ms":1791536440577.0,"yaw":0.0}
S03R {"authority_install_error_m":0.0,"entity":1,"event":"apply","pose":{"control":1,"durable":2,"entity":1,"last_input_tick":860,"position":[0.0,0.00100011611357331,10.9999923706055],"receipt_ms":16970,"sequence":860,"tick":1023,"velocity":[0.0,0.0,0.0],"yaw":0.0},"position":[0.0,0.00100011611357331,10.9999923706055],"time_ms":16970,"wall_ms":1791536440592.0,"yaw":0.0}
S03R {"ack_input_tick":860,"cause":"none","correction_m":0.0,"correction_yaw_deg":0.0,"event":"correction","history_exhausted":false,"replay_frames":18,"replay_usec":131,"role":"client","tick":879,"time_ms":16973,"wall_ms":1791536440595.0}
S03R {"authority_install_error_m":0.0,"entity":2,"event":"apply","pose":{"control":1,"durable":2,"entity":2,"last_input_tick":860,"position":[6.0,0.00100011611357331,0.630999863147736],"receipt_ms":16970,"sequence":860,"tick":1023,"velocity":[0.0,0.0,0.0],"yaw":0.0},"position":[6.0,0.00100011611357331,0.630999863147736],"time_ms":16977,"wall_ms":1791536440599.0,"yaw":0.0}
S03R {"event":"prediction","history_size":19,"position":[6.0,0.00100011611357331,0.630999863147736],"predicted_tick":879,"role":"client","tick":879,"time_ms":16981,"wall_ms":1791536440603.0,"yaw":0.0}
S03R {"authority_install_error_m":0.0,"entity":1,"event":"apply","pose":{"control":1,"durable":2,"entity":1,"last_input_tick":863,"position":[0.0,0.00100011611357331,10.9999923706055],"receipt_ms":16984,"sequence":863,"tick":1026,"velocity":[0.0,0.0,0.0],"yaw":0.0},"position":[0.0,0.00100011611357331,10.9999923706055],"time_ms":16984,"wall_ms":1791536440607.0,"yaw":0.0}
S03R {"ack_input_tick":860,"cause":"none","correction_m":0.0,"correction_yaw_deg":0.0,"event":"correction","history_exhausted":false,"replay_frames":19,"replay_usec":184,"role":"client","tick":880,"time_ms":16987,"wall_ms":1791536440609.0}
S03R {"authority_install_error_m":0.0,"entity":2,"event":"apply","pose":{"control":1,"durable":2,"entity":2,"last_input_tick":860,"position":[6.0,0.00100011611357331,0.630999863147736],"receipt_ms":16984,"sequence":860,"tick":1026,"velocity":[0.0,0.0,0.0],"yaw":0.0},"position":[6.0,0.00100011611357331,0.630999863147736],"time_ms":16991,"wall_ms":1791536440613.0,"yaw":0.0}
S03R {"event":"prediction","history_size":20,"position":[6.0,0.00100011611357331,0.630999863147736],"predicted_tick":880,"role":"client","tick":880,"time_ms":16995,"wall_ms":1791536440618.0,"yaw":0.0}
S03R {"event":"prediction","history_size":21,"position":[6.0,0.00100011611357331,0.630999863147736],"predicted_tick":881,"role":"client","tick":881,"time_ms":17016,"wall_ms":1791536440639.0,"yaw":0.0}
S03R {"event":"prediction","history_size":22,"position":[6.0,0.00100011611357331,0.630999863147736],"predicted_tick":882,"role":"client","tick":882,"time_ms":17024,"wall_ms":1791536440645.0,"yaw":0.0}
S03R {"authority_install_error_m":0.0,"entity":1,"event":"apply","pose":{"control":1,"durable":2,"entity":1,"last_input_tick":866,"position":[0.0,0.00100011611357331,10.9999923706055],"receipt_ms":17029,"sequence":866,"tick":1029,"velocity":[0.0,0.0,0.0],"yaw":0.0},"position":[0.0,0.00100011611357331,10.9999923706055],"time_ms":17046,"wall_ms":1791536440669.0,"yaw":0.0}
S03R {"ack_input_tick":863,"cause":"none","correction_m":0.0,"correction_yaw_deg":0.0,"event":"correction","history_exhausted":false,"replay_frames":19,"replay_usec":196,"role":"client","tick":883,"time_ms":17050,"wall_ms":1791536440671.0}
S03R {"authority_install_error_m":0.0,"entity":2,"event":"apply","pose":{"control":1,"durable":2,"entity":2,"last_input_tick":863,"position":[6.0,0.00100011611357331,0.630999863147736],"receipt_ms":17029,"sequence":863,"tick":1029,"velocity":[0.0,0.0,0.0],"yaw":0.0},"position":[6.0,0.00100011611357331,0.630999863147736],"time_ms":17052,"wall_ms":1791536440674.0,"yaw":0.0}
S03R {"event":"prediction","history_size":20,"position":[6.0,0.00100011611357331,0.630999863147736],"predicted_tick":883,"role":"client","tick":883,"time_ms":17054,"wall_ms":1791536440677.0,"yaw":0.0}
S03R {"event":"prediction","history_size":21,"position":[6.0,0.00100011611357331,0.630999863147736],"predicted_tick":884,"role":"client","tick":884,"time_ms":17058,"wall_ms":1791536440680.0,"yaw":0.0}
S03R {"authority_install_error_m":0.0,"entity":1,"event":"apply","pose":{"control":1,"durable":2,"entity":1,"last_input_tick":869,"position":[0.0,0.00100011611357331,10.9999923706055],"receipt_ms":17077,"sequence":869,"tick":1032,"velocity":[0.0,0.0,0.0],"yaw":0.0},"position":[0.0,0.00100011611357331,10.9999923706055],"time_ms":17078,"wall_ms":1791536440700.0,"yaw":0.0}
S03R {"ack_input_tick":867,"cause":"none","correction_m":0.0,"correction_yaw_deg":0.0,"event":"correction","history_exhausted":false,"replay_frames":17,"replay_usec":114,"role":"client","tick":885,"time_ms":17080,"wall_ms":1791536440703.0}
S03R {"authority_install_error_m":0.0,"entity":2,"event":"apply","pose":{"control":1,"durable":2,"entity":2,"last_input_tick":867,"position":[6.0,0.00100011611357331,0.630999863147736],"receipt_ms":17077,"sequence":867,"tick":1032,"velocity":[0.0,0.0,0.0],"yaw":0.0},"position":[6.0,0.00100011611357331,0.630999863147736],"time_ms":17083,"wall_ms":1791536440705.0,"yaw":0.0}
S03R {"event":"prediction","history_size":18,"position":[6.0,0.00100011611357331,0.630999863147736],"predicted_tick":885,"role":"client","tick":885,"time_ms":17085,"wall_ms":1791536440708.0,"yaw":0.0}
S03R {"event":"prediction","history_size":19,"position":[6.0,0.00100011611357331,0.630999863147736],"predicted_tick":886,"role":"client","tick":886,"time_ms":17093,"wall_ms":1791536440716.0,"yaw":0.0}
S03R {"event":"prediction","history_size":20,"position":[6.0,0.00100011611357331,0.630999863147736],"predicted_tick":887,"role":"client","tick":887,"time_ms":17111,"wall_ms":1791536440733.0,"yaw":0.0}
S03R {"aim_yaw":-3.14159265358979,"event":"input","index":22,"move":[0.0,1.0],"position":[6.0,0.00100011611357331,0.630999863147736],"role":"client","sequence_floor":888,"tick":888,"time_ms":17139,"wall_ms":1791536440761.0,"yaw":0.0}
S03R {"aim_yaw":-3.14159265358979,"event":"keys","move":[0.0,1.0],"role":"client","tick":888,"time_ms":17145,"wall_ms":1791536440768.0}
S03R {"authority_install_error_m":0.0,"entity":1,"event":"apply","pose":{"control":1,"durable":2,"entity":1,"last_input_tick":872,"position":[0.0,0.00100011611357331,10.9999923706055],"receipt_ms":17123,"sequence":872,"tick":1035,"velocity":[0.0,0.0,0.0],"yaw":0.0},"position":[0.0,0.00100011611357331,10.9999923706055],"time_ms":17150,"wall_ms":1791536440772.0,"yaw":0.0}
S03R {"ack_input_tick":870,"cause":"none","correction_m":0.0,"correction_yaw_deg":0.0,"event":"correction","history_exhausted":false,"replay_frames":17,"replay_usec":116,"role":"client","tick":888,"time_ms":17154,"wall_ms":1791536440777.0}
S03R {"authority_install_error_m":0.0,"entity":2,"event":"apply","pose":{"control":1,"durable":2,"entity":2,"last_input_tick":870,"position":[6.0,0.00100011611357331,0.630999863147736],"receipt_ms":17123,"sequence":870,"tick":1035,"velocity":[0.0,0.0,0.0],"yaw":0.0},"position":[6.0,0.00100011611357331,0.630999863147736],"time_ms":17158,"wall_ms":1791536440781.0,"yaw":0.0}
S03R {"event":"prediction","history_size":18,"position":[6.0,0.00100011611357331,0.714333176612854],"predicted_tick":888,"role":"client","tick":888,"time_ms":17161,"wall_ms":1791536440783.0,"yaw":3.14159250259399}
S03R {"event":"prediction","history_size":19,"position":[6.0,0.00100011611357331,0.797666490077972],"predicted_tick":889,"role":"client","tick":889,"time_ms":17164,"wall_ms":1791536440786.0,"yaw":3.14159250259399}
S03R {"event":"prediction","history_size":20,"position":[6.0,0.00100011611357331,0.880999803543091],"predicted_tick":890,"role":"client","tick":890,"time_ms":17167,"wall_ms":1791536440789.0,"yaw":3.14159250259399}
S03R {"event":"prediction","history_size":21,"position":[6.0,0.00100011611357331,0.964333117008209],"predicted_tick":891,"role":"client","tick":891,"time_ms":17186,"wall_ms":1791536440808.0,"yaw":3.14159250259399}
S03R {"authority_install_error_m":0.0,"entity":1,"event":"apply","pose":{"control":1,"durable":2,"entity":1,"last_input_tick":875,"position":[0.0,0.00100011611357331,10.9999923706055],"receipt_ms":17208,"sequence":875,"tick":1038,"velocity":[0.0,0.0,0.0],"yaw":0.0},"position":[0.0,0.00100011611357331,10.9999923706055],"time_ms":17209,"wall_ms":1791536440831.0,"yaw":0.0}
S03R {"ack_input_tick":873,"cause":"none","correction_m":0.0,"correction_yaw_deg":0.0,"event":"correction","history_exhausted":false,"replay_frames":18,"replay_usec":120,"role":"client","tick":892,"time_ms":17212,"wall_ms":1791536440835.0}
S03R {"authority_install_error_m":0.0,"entity":2,"event":"apply","pose":{"control":1,"durable":2,"entity":2,"last_input_tick":873,"position":[6.0,0.00100011611357331,0.630999863147736],"receipt_ms":17208,"sequence":873,"tick":1038,"velocity":[0.0,0.0,0.0],"yaw":0.0},"position":[6.0,0.00100011611357331,0.964333117008209],"time_ms":17218,"wall_ms":1791536440841.0,"yaw":3.14159250259399}
S03R {"event":"prediction","history_size":19,"position":[6.0,0.00100011611357331,1.04766643047333],"predicted_tick":892,"role":"client","tick":892,"time_ms":17221,"wall_ms":1791536440844.0,"yaw":3.14159250259399}
S03R {"event":"prediction","history_size":20,"position":[6.0,0.00100011611357331,1.13099980354309],"predicted_tick":893,"role":"client","tick":893,"time_ms":17226,"wall_ms":1791536440848.0,"yaw":3.14159250259399}
S03R {"event":"prediction","history_size":21,"position":[6.0,0.00100011611357331,1.21433317661285],"predicted_tick":894,"role":"client","tick":894,"time_ms":17234,"wall_ms":1791536440856.0,"yaw":3.14159250259399}
S03R {"event":"prediction","history_size":22,"position":[6.0,0.00100011611357331,1.29766654968262],"predicted_tick":895,"role":"client","tick":895,"time_ms":17247,"wall_ms":1791536440870.0,"yaw":3.14159250259399}
S03R {"authority_install_error_m":0.0,"entity":1,"event":"apply","pose":{"control":1,"durable":2,"entity":1,"last_input_tick":878,"position":[0.0,0.00100011611357331,10.9999923706055],"receipt_ms":17252,"sequence":878,"tick":1041,"velocity":[0.0,0.0,0.0],"yaw":0.0},"position":[0.0,0.00100011611357331,10.9999923706055],"time_ms":17254,"wall_ms":1791536440877.0,"yaw":0.0}
S03R {"ack_input_tick":876,"cause":"none","correction_m":0.0,"correction_yaw_deg":0.0,"event":"correction","history_exhausted":false,"replay_frames":19,"replay_usec":125,"role":"client","tick":896,"time_ms":17258,"wall_ms":1791536440881.0}
S03R {"authority_install_error_m":0.0,"entity":2,"event":"apply","pose":{"control":1,"durable":2,"entity":2,"last_input_tick":876,"position":[6.0,0.00100011611357331,0.630999863147736],"receipt_ms":17252,"sequence":876,"tick":1041,"velocity":[0.0,0.0,0.0],"yaw":0.0},"position":[6.0,0.00100011611357331,1.29766654968262],"time_ms":17261,"wall_ms":1791536440883.0,"yaw":3.14159250259399}
S03R {"event":"prediction","history_size":20,"position":[6.0,0.00100011611357331,1.38099992275238],"predicted_tick":896,"role":"client","tick":896,"time_ms":17263,"wall_ms":1791536440885.0,"yaw":3.14159250259399}
S03R {"event":"prediction","history_size":21,"position":[6.0,0.00100011611357331,1.46433329582214],"predicted_tick":897,"role":"client","tick":897,"time_ms":17267,"wall_ms":1791536440890.0,"yaw":3.14159250259399}
S03R {"event":"prediction","history_size":22,"position":[6.0,0.00100011611357331,1.54766666889191],"predicted_tick":898,"role":"client","tick":898,"time_ms":17294,"wall_ms":1791536440916.0,"yaw":3.14159250259399}
S03R {"event":"prediction","history_size":23,"position":[6.0,0.00100011611357331,1.63100004196167],"predicted_tick":899,"role":"client","tick":899,"time_ms":17310,"wall_ms":1791536440932.0,"yaw":3.14159250259399}
S03R {"authority_install_error_m":0.0,"entity":1,"event":"apply","pose":{"control":1,"durable":2,"entity":1,"last_input_tick":881,"position":[0.0,0.00100011611357331,10.9999923706055],"receipt_ms":17314,"sequence":881,"tick":1044,"velocity":[0.0,0.0,0.0],"yaw":0.0},"position":[0.0,0.00100011611357331,10.9999923706055],"time_ms":17325,"wall_ms":1791536440948.0,"yaw":0.0}
S03R {"ack_input_tick":879,"cause":"none","correction_m":0.0,"correction_yaw_deg":0.0,"event":"correction","history_exhausted":false,"replay_frames":20,"replay_usec":132,"role":"client","tick":900,"time_ms":17328,"wall_ms":1791536440950.0}
S03R {"authority_install_error_m":0.0,"entity":2,"event":"apply","pose":{"control":1,"durable":2,"entity":2,"last_input_tick":879,"position":[6.0,0.00100011611357331,0.630999863147736],"receipt_ms":17314,"sequence":879,"tick":1044,"velocity":[0.0,0.0,0.0],"yaw":0.0},"position":[6.0,0.00100011611357331,1.63100004196167],"time_ms":17330,"wall_ms":1791536440953.0,"yaw":3.14159250259399}
S03R {"event":"prediction","history_size":21,"position":[6.0,0.00100011611357331,1.71433341503143],"predicted_tick":900,"role":"client","tick":900,"time_ms":17333,"wall_ms":1791536440956.0,"yaw":3.14159250259399}
S03R {"event":"prediction","history_size":22,"position":[6.0,0.00100011611357331,1.7976667881012],"predicted_tick":901,"role":"client","tick":901,"time_ms":17336,"wall_ms":1791536440958.0,"yaw":3.14159250259399}
S03R {"event":"prediction","history_size":23,"position":[6.0,0.00100011611357331,1.88100016117096],"predicted_tick":902,"role":"client","tick":902,"time_ms":17356,"wall_ms":1791536440978.0,"yaw":3.14159250259399}
S03R {"event":"prediction","history_size":24,"position":[6.0,0.00100011611357331,1.96433353424072],"predicted_tick":903,"role":"client","tick":903,"time_ms":17391,"wall_ms":1791536441014.0,"yaw":3.14159250259399}
S03R {"authority_install_error_m":0.0,"entity":1,"event":"apply","pose":{"control":1,"durable":2,"entity":1,"last_input_tick":887,"position":[0.0,0.00100011611357331,10.9999923706055],"receipt_ms":17395,"sequence":887,"tick":1050,"velocity":[0.0,0.0,0.0],"yaw":0.0},"position":[0.0,0.00100011611357331,10.9999923706055],"time_ms":17397,"wall_ms":1791536441019.0,"yaw":0.0}
S03R {"ack_input_tick":888,"cause":"none","correction_m":0.0,"correction_yaw_deg":0.0,"event":"correction","history_exhausted":false,"replay_frames":15,"replay_usec":101,"role":"client","tick":904,"time_ms":17400,"wall_ms":1791536441022.0}
S03R {"authority_install_error_m":0.0,"entity":2,"event":"apply","pose":{"control":1,"durable":2,"entity":2,"last_input_tick":888,"position":[6.0,0.00100011611357331,0.714333176612854],"receipt_ms":17395,"sequence":888,"tick":1050,"velocity":[0.0,0.0,5.0],"yaw":3.14159250259399},"position":[6.0,0.00100011611357331,1.96433353424072],"time_ms":17402,"wall_ms":1791536441024.0,"yaw":3.14159250259399}
S03R {"event":"prediction","history_size":16,"position":[6.0,0.00100011611357331,2.0476667881012],"predicted_tick":904,"role":"client","tick":904,"time_ms":17404,"wall_ms":1791536441026.0,"yaw":3.14159250259399}
S03R {"event":"prediction","history_size":17,"position":[6.0,0.00100011611357331,2.13100004196167],"predicted_tick":905,"role":"client","tick":905,"time_ms":17418,"wall_ms":1791536441041.0,"yaw":3.14159250259399}
S03R {"event":"prediction","history_size":18,"position":[6.0,0.00100011611357331,2.21433329582214],"predicted_tick":906,"role":"client","tick":906,"time_ms":17425,"wall_ms":1791536441048.0,"yaw":3.14159250259399}
S03R {"authority_install_error_m":0.0,"entity":1,"event":"apply","pose":{"control":1,"durable":2,"entity":1,"last_input_tick":890,"position":[0.0,0.00100011611357331,10.9999923706055],"receipt_ms":17435,"sequence":890,"tick":1053,"velocity":[0.0,0.0,0.0],"yaw":0.0},"position":[0.0,0.00100011611357331,10.9999923706055],"time_ms":17450,"wall_ms":1791536441072.0,"yaw":0.0}
S03R {"ack_input_tick":888,"cause":"none","correction_m":0.0,"correction_yaw_deg":0.0,"event":"correction","history_exhausted":false,"replay_frames":18,"replay_usec":121,"role":"client","tick":907,"time_ms":17453,"wall_ms":1791536441075.0}
S03R {"authority_install_error_m":0.0,"entity":2,"event":"apply","pose":{"control":1,"durable":2,"entity":2,"last_input_tick":888,"position":[6.0,0.00100011611357331,0.714333176612854],"receipt_ms":17435,"sequence":888,"tick":1053,"velocity":[0.0,0.0,0.0],"yaw":3.14159250259399},"position":[6.0,0.00100011611357331,2.21433329582214],"time_ms":17457,"wall_ms":1791536441079.0,"yaw":3.14159250259399}
S03R {"event":"prediction","history_size":19,"position":[6.0,0.00100011611357331,2.29766654968262],"predicted_tick":907,"role":"client","tick":907,"time_ms":17461,"wall_ms":1791536441084.0,"yaw":3.14159250259399}
S03R {"authority_install_error_m":0.0,"entity":1,"event":"apply","pose":{"control":1,"durable":2,"entity":1,"last_input_tick":893,"position":[0.0,0.00100011611357331,10.9999923706055],"receipt_ms":17466,"sequence":893,"tick":1056,"velocity":[0.0,0.0,0.0],"yaw":0.0},"position":[0.0,0.00100011611357331,10.9999923706055],"time_ms":17466,"wall_ms":1791536441089.0,"yaw":0.0}
S03R {"ack_input_tick":891,"cause":"held_timing_or_delivery","correction_m":0.0833332538604736,"correction_yaw_deg":0.0,"event":"correction","history_exhausted":false,"replay_frames":16,"replay_usec":138,"role":"client","tick":908,"time_ms":17469,"wall_ms":1791536441092.0}
S03R {"authority_install_error_m":0.0,"entity":2,"event":"apply","pose":{"control":1,"durable":2,"entity":2,"last_input_tick":891,"position":[6.0,0.00100011611357331,0.880999803543091],"receipt_ms":17466,"sequence":891,"tick":1056,"velocity":[0.0,0.0,5.0],"yaw":3.14159250259399},"position":[6.0,0.00100011611357331,2.21433329582214],"time_ms":17471,"wall_ms":1791536441093.0,"yaw":3.14159250259399}
S03R {"event":"prediction","history_size":17,"position":[6.0,0.00100011611357331,2.29766654968262],"predicted_tick":908,"role":"client","tick":908,"time_ms":17474,"wall_ms":1791536441096.0,"yaw":3.14159250259399}
S03R {"event":"prediction","history_size":18,"position":[6.0,0.00100011611357331,2.38099980354309],"predicted_tick":909,"role":"client","tick":909,"time_ms":17477,"wall_ms":1791536441099.0,"yaw":3.14159250259399}
S03R {"event":"prediction","history_size":19,"position":[6.0,0.00100011611357331,2.46433305740356],"predicted_tick":910,"role":"client","tick":910,"time_ms":17497,"wall_ms":1791536441120.0,"yaw":3.14159250259399}
S03R {"event":"prediction","history_size":20,"position":[6.0,0.00100011611357331,2.54766631126404],"predicted_tick":911,"role":"client","tick":911,"time_ms":17511,"wall_ms":1791536441134.0,"yaw":3.14159250259399}
S03R {"event":"prediction","history_size":21,"position":[6.0,0.00100011611357331,2.63099956512451],"predicted_tick":912,"role":"client","tick":912,"time_ms":17527,"wall_ms":1791536441150.0,"yaw":3.14159250259399}
S03R {"event":"prediction","history_size":22,"position":[6.0,0.00100011611357331,2.71433281898499],"predicted_tick":913,"role":"client","tick":913,"time_ms":17543,"wall_ms":1791536441165.0,"yaw":3.14159250259399}
S03R {"event":"prediction","history_size":23,"position":[6.0,0.00100011611357331,2.79766607284546],"predicted_tick":914,"role":"client","tick":914,"time_ms":17560,"wall_ms":1791536441181.0,"yaw":3.14159250259399}
S03R {"authority_install_error_m":0.0,"entity":1,"event":"apply","pose":{"control":1,"durable":2,"entity":1,"last_input_tick":896,"position":[0.0,0.00100011611357331,10.9999923706055],"receipt_ms":17563,"sequence":896,"tick":1059,"velocity":[0.0,0.0,0.0],"yaw":0.0},"position":[0.0,0.00100011611357331,10.9999923706055],"time_ms":17574,"wall_ms":1791536441197.0,"yaw":0.0}
S03R {"ack_input_tick":894,"cause":"none","correction_m":0.0,"correction_yaw_deg":0.0,"event":"correction","history_exhausted":false,"replay_frames":20,"replay_usec":137,"role":"client","tick":915,"time_ms":17577,"wall_ms":1791536441199.0}
S03R {"authority_install_error_m":0.0,"entity":2,"event":"apply","pose":{"control":1,"durable":2,"entity":2,"last_input_tick":894,"position":[6.0,0.00100011611357331,1.13099980354309],"receipt_ms":17563,"sequence":894,"tick":1059,"velocity":[0.0,0.0,5.0],"yaw":3.14159250259399},"position":[6.0,0.00100011611357331,2.79766607284546],"time_ms":17580,"wall_ms":1791536441202.0,"yaw":3.14159250259399}
S03R {"event":"prediction","history_size":21,"position":[6.0,0.00100011611357331,2.88099932670593],"predicted_tick":915,"role":"client","tick":915,"time_ms":17582,"wall_ms":1791536441205.0,"yaw":3.14159250259399}
S03R {"event":"prediction","history_size":22,"position":[6.0,0.00100011611357331,2.96433258056641],"predicted_tick":916,"role":"client","tick":916,"time_ms":17585,"wall_ms":1791536441207.0,"yaw":3.14159250259399}
S03R {"event":"prediction","history_size":23,"position":[6.0,0.00100011611357331,3.04766583442688],"predicted_tick":917,"role":"client","tick":917,"time_ms":17606,"wall_ms":1791536441229.0,"yaw":3.14159250259399}
S03R {"event":"prediction","history_size":24,"position":[6.0,0.00100011611357331,3.13099908828735],"predicted_tick":918,"role":"client","tick":918,"time_ms":17622,"wall_ms":1791536441244.0,"yaw":3.14159250259399}
S03R {"event":"prediction","history_size":25,"position":[6.0,0.00100011611357331,3.21433234214783],"predicted_tick":919,"role":"client","tick":919,"time_ms":17636,"wall_ms":1791536441258.0,"yaw":3.14159250259399}
S03R {"event":"prediction","history_size":26,"position":[6.0,0.00100011611357331,3.2976655960083],"predicted_tick":920,"role":"client","tick":920,"time_ms":17653,"wall_ms":1791536441275.0,"yaw":3.14159250259399}
S03R {"event":"prediction","history_size":27,"position":[6.0,0.00100011611357331,3.38099884986877],"predicted_tick":921,"role":"client","tick":921,"time_ms":17668,"wall_ms":1791536441291.0,"yaw":3.14159250259399}
S03R {"event":"prediction","history_size":28,"position":[6.0,0.00100011611357331,3.46433210372925],"predicted_tick":922,"role":"client","tick":922,"time_ms":17684,"wall_ms":1791536441306.0,"yaw":3.14159250259399}
S03R {"event":"prediction","history_size":29,"position":[6.0,0.00100011611357331,3.54766535758972],"predicted_tick":923,"role":"client","tick":923,"time_ms":17699,"wall_ms":1791536441322.0,"yaw":3.14159250259399}
S03R {"event":"prediction","history_size":30,"position":[6.0,0.00100011611357331,3.6309986114502],"predicted_tick":924,"role":"client","tick":924,"time_ms":17730,"wall_ms":1791536441352.0,"yaw":3.14159250259399}
S03R {"event":"prediction","history_size":31,"position":[6.0,0.00100011611357331,3.71433186531067],"predicted_tick":925,"role":"client","tick":925,"time_ms":17769,"wall_ms":1791536441391.0,"yaw":3.14159250259399}
S03R {"event":"prediction","history_size":32,"position":[6.0,0.00100011611357331,3.79766511917114],"predicted_tick":926,"role":"client","tick":926,"time_ms":17773,"wall_ms":1791536441395.0,"yaw":3.14159250259399}
S03R {"event":"prediction","history_size":33,"position":[6.0,0.00100011611357331,3.88099837303162],"predicted_tick":927,"role":"client","tick":927,"time_ms":17778,"wall_ms":1791536441400.0,"yaw":3.14159250259399}
S03R {"event":"prediction","history_size":34,"position":[6.0,0.00100011611357331,3.96433162689209],"predicted_tick":928,"role":"client","tick":928,"time_ms":17782,"wall_ms":1791536441405.0,"yaw":3.14159250259399}
S03R {"event":"prediction","history_size":35,"position":[6.0,0.00100011611357331,4.04766511917114],"predicted_tick":929,"role":"client","tick":929,"time_ms":17808,"wall_ms":1791536441431.0,"yaw":3.14159250259399}
S03R {"aim_yaw":0.0,"event":"keys","move":[0.0,0.0],"role":"client","tick":930,"time_ms":17823,"wall_ms":1791536441445.0}
S03R {"event":"prediction","history_size":36,"position":[6.0,0.00100011611357331,4.04766511917114],"predicted_tick":930,"role":"client","tick":930,"time_ms":17826,"wall_ms":1791536441449.0,"yaw":0.0}
S03R {"event":"prediction","history_size":37,"position":[6.0,0.00100011611357331,4.04766511917114],"predicted_tick":931,"role":"client","tick":931,"time_ms":17838,"wall_ms":1791536441461.0,"yaw":0.0}
S03R {"event":"prediction","history_size":38,"position":[6.0,0.00100011611357331,4.04766511917114],"predicted_tick":932,"role":"client","tick":932,"time_ms":17854,"wall_ms":1791536441476.0,"yaw":0.0}
S03R {"event":"prediction","history_size":39,"position":[6.0,0.00100011611357331,4.04766511917114],"predicted_tick":933,"role":"client","tick":933,"time_ms":17868,"wall_ms":1791536441491.0,"yaw":0.0}
S03R {"event":"prediction","history_size":40,"position":[6.0,0.00100011611357331,4.04766511917114],"predicted_tick":934,"role":"client","tick":934,"time_ms":17887,"wall_ms":1791536441510.0,"yaw":0.0}
S03R {"authority_install_error_m":0.0,"entity":1,"event":"apply","pose":{"control":1,"durable":2,"entity":1,"last_input_tick":899,"position":[0.0,0.00100011611357331,10.9999923706055],"receipt_ms":17900,"sequence":899,"tick":1062,"velocity":[0.0,0.0,0.0],"yaw":0.0},"position":[0.0,0.00100011611357331,10.9999923706055],"time_ms":17900,"wall_ms":1791536441523.0,"yaw":0.0}
S03R {"ack_input_tick":902,"cause":"held_timing_or_delivery","correction_m":0.499999761581421,"correction_yaw_deg":0.0,"event":"correction","history_exhausted":false,"replay_frames":32,"replay_usec":184,"role":"client","tick":935,"time_ms":17903,"wall_ms":1791536441524.0}
S03R {"authority_install_error_m":0.0,"entity":2,"event":"apply","pose":{"control":1,"durable":2,"entity":2,"last_input_tick":902,"position":[6.0,0.00100011611357331,1.29766654968262],"receipt_ms":17900,"sequence":902,"tick":1062,"velocity":[0.0,0.0,0.0],"yaw":3.14159250259399},"position":[6.0,0.00100011611357331,3.54766535758972],"time_ms":17905,"wall_ms":1791536441527.0,"yaw":0.0}
S03R {"event":"prediction","history_size":33,"position":[6.0,0.00100011611357331,3.54766535758972],"predicted_tick":935,"role":"client","tick":935,"time_ms":17908,"wall_ms":1791536441530.0,"yaw":0.0}
S03R {"event":"prediction","history_size":34,"position":[6.0,0.00100011611357331,3.54766535758972],"predicted_tick":936,"role":"client","tick":936,"time_ms":17930,"wall_ms":1791536441552.0,"yaw":0.0}
S03R {"authority_install_error_m":0.0,"entity":1,"event":"apply","pose":{"control":1,"durable":2,"entity":1,"last_input_tick":902,"position":[0.0,0.00100011611357331,10.9999923706055],"receipt_ms":17933,"sequence":902,"tick":1065,"velocity":[0.0,0.0,0.0],"yaw":0.0},"position":[0.0,0.00100011611357331,10.9999923706055],"time_ms":17945,"wall_ms":1791536441567.0,"yaw":0.0}
S03R {"ack_input_tick":909,"cause":"held_timing_or_delivery","correction_m":0.333333015441895,"correction_yaw_deg":0.0,"event":"correction","history_exhausted":false,"replay_frames":27,"replay_usec":213,"role":"client","tick":937,"time_ms":17948,"wall_ms":1791536441569.0}
S03R {"authority_install_error_m":0.0,"entity":2,"event":"apply","pose":{"control":1,"durable":2,"entity":2,"last_input_tick":909,"position":[6.0,0.00100011611357331,1.54766666889191],"receipt_ms":17933,"sequence":909,"tick":1065,"velocity":[0.0,0.0,5.0],"yaw":3.14159250259399},"position":[6.0,0.00100011611357331,3.21433234214783],"time_ms":17952,"wall_ms":1791536441574.0,"yaw":0.0}
S03R {"event":"prediction","history_size":28,"position":[6.0,0.00100011611357331,3.21433234214783],"predicted_tick":937,"role":"client","tick":937,"time_ms":17958,"wall_ms":1791536441581.0,"yaw":0.0}
S03R {"authority_install_error_m":0.0,"entity":1,"event":"apply","pose":{"control":1,"durable":2,"entity":1,"last_input_tick":905,"position":[0.0,0.00100011611357331,10.9999923706055],"receipt_ms":17963,"sequence":905,"tick":1068,"velocity":[0.0,0.0,0.0],"yaw":0.0},"position":[0.0,0.00100011611357331,10.9999923706055],"time_ms":17964,"wall_ms":1791536441586.0,"yaw":0.0}
S03R {"ack_input_tick":910,"cause":"none","correction_m":0.0,"correction_yaw_deg":0.0,"event":"correction","history_exhausted":false,"replay_frames":27,"replay_usec":181,"role":"client","tick":938,"time_ms":17967,"wall_ms":1791536441589.0}
S03R {"authority_install_error_m":0.0,"entity":2,"event":"apply","pose":{"control":1,"durable":2,"entity":2,"last_input_tick":910,"position":[6.0,0.00100011611357331,1.63100004196167],"receipt_ms":17963,"sequence":910,"tick":1068,"velocity":[0.0,0.0,0.0],"yaw":3.14159250259399},"position":[6.0,0.00100011611357331,3.21433234214783],"time_ms":17970,"wall_ms":1791536441592.0,"yaw":0.0}
S03R {"event":"prediction","history_size":28,"position":[6.0,0.00100011611357331,3.21433234214783],"predicted_tick":938,"role":"client","tick":938,"time_ms":17972,"wall_ms":1791536441594.0,"yaw":0.0}
S03R {"event":"prediction","history_size":29,"position":[6.0,0.00100011611357331,3.21433234214783],"predicted_tick":939,"role":"client","tick":939,"time_ms":17991,"wall_ms":1791536441613.0,"yaw":0.0}
S03R {"authority_install_error_m":0.0,"entity":1,"event":"apply","pose":{"control":1,"durable":2,"entity":1,"last_input_tick":917,"position":[0.0,0.00100011611357331,10.9999923706055],"receipt_ms":17995,"sequence":917,"tick":1080,"velocity":[0.0,0.0,0.0],"yaw":0.0},"position":[0.0,0.00100011611357331,10.9999923706055],"time_ms":18006,"wall_ms":1791536441628.0,"yaw":0.0}
S03R {"ack_input_tick":921,"cause":"held_timing_or_delivery","correction_m":0.416666269302368,"correction_yaw_deg":0.0,"event":"correction","history_exhausted":false,"replay_frames":18,"replay_usec":141,"role":"client","tick":940,"time_ms":18008,"wall_ms":1791536441631.0}
S03R {"authority_install_error_m":0.0,"entity":2,"event":"apply","pose":{"control":1,"durable":2,"entity":2,"last_input_tick":921,"position":[6.0,0.00100011611357331,2.13100004196167],"receipt_ms":17995,"sequence":921,"tick":1080,"velocity":[0.0,0.0,5.0],"yaw":3.14159250259399},"position":[6.0,0.00100011611357331,2.79766607284546],"time_ms":18013,"wall_ms":1791536441634.0,"yaw":0.0}
S03R {"event":"prediction","history_size":19,"position":[6.0,0.00100011611357331,2.79766607284546],"predicted_tick":940,"role":"client","tick":940,"time_ms":18017,"wall_ms":1791536441639.0,"yaw":0.0}
S03R {"event":"prediction","history_size":20,"position":[6.0,0.00100011611357331,2.79766607284546],"predicted_tick":941,"role":"client","tick":941,"time_ms":18020,"wall_ms":1791536441642.0,"yaw":0.0}
S03R {"event":"prediction","history_size":21,"position":[6.0,0.00100011611357331,2.79766607284546],"predicted_tick":942,"role":"client","tick":942,"time_ms":18037,"wall_ms":1791536441659.0,"yaw":0.0}
S03R {"event":"prediction","history_size":22,"position":[6.0,0.00100011611357331,2.79766607284546],"predicted_tick":943,"role":"client","tick":943,"time_ms":18052,"wall_ms":1791536441674.0,"yaw":0.0}
S03R {"event":"prediction","history_size":23,"position":[6.0,0.00100011611357331,2.79766607284546],"predicted_tick":944,"role":"client","tick":944,"time_ms":18059,"wall_ms":1791536441681.0,"yaw":0.0}
S03R {"authority_install_error_m":0.0,"entity":1,"event":"apply","pose":{"control":1,"durable":2,"entity":1,"last_input_tick":923,"position":[0.0,0.00100011611357331,10.9999923706055],"receipt_ms":18067,"sequence":923,"tick":1086,"velocity":[0.0,0.0,0.0],"yaw":0.0},"position":[0.0,0.00100011611357331,10.9999923706055],"time_ms":18083,"wall_ms":1791536441706.0,"yaw":0.0}
S03R {"ack_input_tick":928,"cause":"held_timing_or_delivery","correction_m":0.0833332538604736,"correction_yaw_deg":0.0,"event":"correction","history_exhausted":false,"replay_frames":16,"replay_usec":117,"role":"client","tick":945,"time_ms":18097,"wall_ms":1791536441719.0}
S03R {"authority_install_error_m":0.0,"entity":2,"event":"apply","pose":{"control":1,"durable":2,"entity":2,"last_input_tick":928,"position":[6.0,0.00100011611357331,2.63099956512451],"receipt_ms":18067,"sequence":928,"tick":1086,"velocity":[0.0,0.0,5.0],"yaw":3.14159250259399},"position":[6.0,0.00100011611357331,2.71433281898499],"time_ms":18102,"wall_ms":1791536441724.0,"yaw":0.0}
S03R {"event":"prediction","history_size":17,"position":[6.0,0.00100011611357331,2.71433281898499],"predicted_tick":945,"role":"client","tick":945,"time_ms":18106,"wall_ms":1791536441728.0,"yaw":0.0}
S03R {"event":"prediction","history_size":18,"position":[6.0,0.00100011611357331,2.71433281898499],"predicted_tick":946,"role":"client","tick":946,"time_ms":18111,"wall_ms":1791536441734.0,"yaw":0.0}
S03R {"event":"prediction","history_size":19,"position":[6.0,0.00100011611357331,2.71433281898499],"predicted_tick":947,"role":"client","tick":947,"time_ms":18129,"wall_ms":1791536441752.0,"yaw":0.0}
S03R {"event":"prediction","history_size":20,"position":[6.0,0.00100011611357331,2.71433281898499],"predicted_tick":948,"role":"client","tick":948,"time_ms":18134,"wall_ms":1791536441757.0,"yaw":0.0}
S03R {"event":"prediction","history_size":21,"position":[6.0,0.00100011611357331,2.71433281898499],"predicted_tick":949,"role":"client","tick":949,"time_ms":18145,"wall_ms":1791536441767.0,"yaw":0.0}
S03R {"event":"focus_api","neutral":true,"role":"client","time_ms":18160,"wall_ms":1791536441783.0}
S03R {"authority_install_error_m":0.0,"entity":1,"event":"apply","pose":{"control":1,"durable":2,"entity":1,"last_input_tick":926,"position":[0.0,0.00100011611357331,10.9999923706055],"receipt_ms":18160,"sequence":926,"tick":1089,"velocity":[0.0,0.0,0.0],"yaw":0.0},"position":[0.0,0.00100011611357331,10.9999923706055],"time_ms":18165,"wall_ms":1791536441787.0,"yaw":0.0}
S03R {"ack_input_tick":931,"cause":"none","correction_m":0.0,"correction_yaw_deg":0.0,"event":"correction","history_exhausted":false,"replay_frames":18,"replay_usec":121,"role":"client","tick":950,"time_ms":18169,"wall_ms":1791536441792.0}
S03R {"authority_install_error_m":0.0,"entity":2,"event":"apply","pose":{"control":1,"durable":2,"entity":2,"last_input_tick":931,"position":[6.0,0.00100011611357331,2.71433281898499],"receipt_ms":18160,"sequence":931,"tick":1089,"velocity":[0.0,0.0,0.0],"yaw":0.0},"position":[6.0,0.00100011611357331,2.71433281898499],"time_ms":18172,"wall_ms":1791536441794.0,"yaw":0.0}
S03R {"event":"prediction","history_size":19,"position":[6.0,0.00100011611357331,2.71433281898499],"predicted_tick":950,"role":"client","tick":950,"time_ms":18175,"wall_ms":1791536441797.0,"yaw":0.0}
S03R {"event":"prediction","history_size":20,"position":[6.0,0.00100011611357331,2.71433281898499],"predicted_tick":951,"role":"client","tick":951,"time_ms":18178,"wall_ms":1791536441800.0,"yaw":0.0}
S03R {"event":"prediction","history_size":21,"position":[6.0,0.00100011611357331,2.71433281898499],"predicted_tick":952,"role":"client","tick":952,"time_ms":18191,"wall_ms":1791536441814.0,"yaw":0.0}
S03R {"event":"prediction","history_size":22,"position":[6.0,0.00100011611357331,2.71433281898499],"predicted_tick":953,"role":"client","tick":953,"time_ms":18206,"wall_ms":1791536441829.0,"yaw":0.0}
S03R {"authority_install_error_m":0.0,"entity":1,"event":"apply","pose":{"control":1,"durable":2,"entity":1,"last_input_tick":929,"position":[0.0,0.00100011611357331,10.9999923706055],"receipt_ms":18209,"sequence":929,"tick":1092,"velocity":[0.0,0.0,0.0],"yaw":0.0},"position":[0.0,0.00100011611357331,10.9999923706055],"time_ms":18222,"wall_ms":1791536441845.0,"yaw":0.0}
S03R {"ack_input_tick":934,"cause":"none","correction_m":0.0,"correction_yaw_deg":0.0,"event":"correction","history_exhausted":false,"replay_frames":19,"replay_usec":292,"role":"client","tick":954,"time_ms":18227,"wall_ms":1791536441849.0}
S03R {"authority_install_error_m":0.0,"entity":2,"event":"apply","pose":{"control":1,"durable":2,"entity":2,"last_input_tick":934,"position":[6.0,0.00100011611357331,2.71433281898499],"receipt_ms":18209,"sequence":934,"tick":1092,"velocity":[0.0,0.0,0.0],"yaw":0.0},"position":[6.0,0.00100011611357331,2.71433281898499],"time_ms":18231,"wall_ms":1791536441853.0,"yaw":0.0}
S03R {"event":"prediction","history_size":20,"position":[6.0,0.00100011611357331,2.71433281898499],"predicted_tick":954,"role":"client","tick":954,"time_ms":18235,"wall_ms":1791536441858.0,"yaw":0.0}
S03R {"event":"prediction","history_size":21,"position":[6.0,0.00100011611357331,2.71433281898499],"predicted_tick":955,"role":"client","tick":955,"time_ms":18240,"wall_ms":1791536441863.0,"yaw":0.0}
S03R {"event":"prediction","history_size":22,"position":[6.0,0.00100011611357331,2.71433281898499],"predicted_tick":956,"role":"client","tick":956,"time_ms":18253,"wall_ms":1791536441875.0,"yaw":0.0}
S03R {"event":"prediction","history_size":23,"position":[6.0,0.00100011611357331,2.71433281898499],"predicted_tick":957,"role":"client","tick":957,"time_ms":18268,"wall_ms":1791536441891.0,"yaw":0.0}
S03R {"event":"prediction","history_size":24,"position":[6.0,0.00100011611357331,2.71433281898499],"predicted_tick":958,"role":"client","tick":958,"time_ms":18284,"wall_ms":1791536441906.0,"yaw":0.0}
S03R {"authority_install_error_m":0.0,"entity":1,"event":"apply","pose":{"control":1,"durable":2,"entity":1,"last_input_tick":932,"position":[0.0,0.00100011611357331,10.9999923706055],"receipt_ms":18287,"sequence":932,"tick":1095,"velocity":[0.0,0.0,0.0],"yaw":0.0},"position":[0.0,0.00100011611357331,10.9999923706055],"time_ms":18299,"wall_ms":1791536441921.0,"yaw":0.0}
S03R {"ack_input_tick":939,"cause":"none","correction_m":0.0,"correction_yaw_deg":0.0,"event":"correction","history_exhausted":false,"replay_frames":19,"replay_usec":125,"role":"client","tick":959,"time_ms":18303,"wall_ms":1791536441925.0}
S03R {"authority_install_error_m":0.0,"entity":2,"event":"apply","pose":{"control":1,"durable":2,"entity":2,"last_input_tick":939,"position":[6.0,0.00100011611357331,2.71433281898499],"receipt_ms":18287,"sequence":939,"tick":1095,"velocity":[0.0,0.0,0.0],"yaw":0.0},"position":[6.0,0.00100011611357331,2.71433281898499],"time_ms":18307,"wall_ms":1791536441930.0,"yaw":0.0}
S03R {"event":"prediction","history_size":20,"position":[6.0,0.00100011611357331,2.71433281898499],"predicted_tick":959,"role":"client","tick":959,"time_ms":18311,"wall_ms":1791536441933.0,"yaw":0.0}
S03R {"event":"prediction","history_size":21,"position":[6.0,0.00100011611357331,2.71433281898499],"predicted_tick":960,"role":"client","tick":960,"time_ms":18317,"wall_ms":1791536441940.0,"yaw":0.0}
S03R {"event":"prediction","history_size":22,"position":[6.0,0.00100011611357331,2.71433281898499],"predicted_tick":961,"role":"client","tick":961,"time_ms":18346,"wall_ms":1791536441969.0,"yaw":0.0}
S03R {"authority_install_error_m":0.0,"entity":1,"event":"apply","pose":{"control":1,"durable":2,"entity":1,"last_input_tick":935,"position":[0.0,0.00100011611357331,10.9999923706055],"receipt_ms":18392,"sequence":935,"tick":1098,"velocity":[0.0,0.0,0.0],"yaw":0.0},"position":[0.0,0.00100011611357331,10.9999923706055],"time_ms":18393,"wall_ms":1791536442015.0,"yaw":0.0}
S03R {"ack_input_tick":940,"cause":"none","correction_m":0.0,"correction_yaw_deg":0.0,"event":"correction","history_exhausted":false,"replay_frames":21,"replay_usec":408,"role":"client","tick":962,"time_ms":18396,"wall_ms":1791536442018.0}
S03R {"authority_install_error_m":0.0,"entity":2,"event":"apply","pose":{"control":1,"durable":2,"entity":2,"last_input_tick":940,"position":[6.0,0.00100011611357331,2.71433281898499],"receipt_ms":18392,"sequence":940,"tick":1098,"velocity":[0.0,0.0,0.0],"yaw":0.0},"position":[6.0,0.00100011611357331,2.71433281898499],"time_ms":18403,"wall_ms":1791536442025.0,"yaw":0.0}
S03R {"event":"prediction","history_size":22,"position":[6.0,0.00100011611357331,2.71433281898499],"predicted_tick":962,"role":"client","tick":962,"time_ms":18405,"wall_ms":1791536442028.0,"yaw":0.0}
S03R {"event":"prediction","history_size":23,"position":[6.0,0.00100011611357331,2.71433281898499],"predicted_tick":963,"role":"client","tick":963,"time_ms":18409,"wall_ms":1791536442032.0,"yaw":0.0}
S03R {"event":"prediction","history_size":24,"position":[6.0,0.00100011611357331,2.71433281898499],"predicted_tick":964,"role":"client","tick":964,"time_ms":18414,"wall_ms":1791536442036.0,"yaw":0.0}
S03R {"authority_install_error_m":0.0,"entity":1,"event":"apply","pose":{"control":1,"durable":2,"entity":1,"last_input_tick":938,"position":[0.0,0.00100011611357331,10.9999923706055],"receipt_ms":18418,"sequence":938,"tick":1101,"velocity":[0.0,0.0,0.0],"yaw":0.0},"position":[0.0,0.00100011611357331,10.9999923706055],"time_ms":18418,"wall_ms":1791536442040.0,"yaw":0.0}
S03R {"ack_input_tick":943,"cause":"none","correction_m":0.0,"correction_yaw_deg":0.0,"event":"correction","history_exhausted":false,"replay_frames":21,"replay_usec":111,"role":"client","tick":965,"time_ms":18422,"wall_ms":1791536442044.0}
S03R {"authority_install_error_m":0.0,"entity":2,"event":"apply","pose":{"control":1,"durable":2,"entity":2,"last_input_tick":943,"position":[6.0,0.00100011611357331,2.71433281898499],"receipt_ms":18418,"sequence":943,"tick":1101,"velocity":[0.0,0.0,0.0],"yaw":0.0},"position":[6.0,0.00100011611357331,2.71433281898499],"time_ms":18426,"wall_ms":1791536442048.0,"yaw":0.0}
S03R {"event":"prediction","history_size":22,"position":[6.0,0.00100011611357331,2.71433281898499],"predicted_tick":965,"role":"client","tick":965,"time_ms":18430,"wall_ms":1791536442052.0,"yaw":0.0}
S03R {"event":"prediction","history_size":23,"position":[6.0,0.00100011611357331,2.71433281898499],"predicted_tick":966,"role":"client","tick":966,"time_ms":18435,"wall_ms":1791536442058.0,"yaw":0.0}
S03R {"event":"prediction","history_size":24,"position":[6.0,0.00100011611357331,2.71433281898499],"predicted_tick":967,"role":"client","tick":967,"time_ms":18439,"wall_ms":1791536442061.0,"yaw":0.0}
S03R {"event":"prediction","history_size":25,"position":[6.0,0.00100011611357331,2.71433281898499],"predicted_tick":968,"role":"client","tick":968,"time_ms":18454,"wall_ms":1791536442077.0,"yaw":0.0}
S03R {"event":"prediction","history_size":26,"position":[6.0,0.00100011611357331,2.71433281898499],"predicted_tick":969,"role":"client","tick":969,"time_ms":18469,"wall_ms":1791536442091.0,"yaw":0.0}
S03R {"event":"prediction","history_size":27,"position":[6.0,0.00100011611357331,2.71433281898499],"predicted_tick":970,"role":"client","tick":970,"time_ms":18484,"wall_ms":1791536442106.0,"yaw":0.0}
S03R {"event":"prediction","history_size":28,"position":[6.0,0.00100011611357331,2.71433281898499],"predicted_tick":971,"role":"client","tick":971,"time_ms":18500,"wall_ms":1791536442123.0,"yaw":0.0}
S03R {"authority_install_error_m":0.0,"entity":1,"event":"apply","pose":{"control":1,"durable":2,"entity":1,"last_input_tick":944,"position":[0.0,0.00100011611357331,10.9999923706055],"receipt_ms":18504,"sequence":944,"tick":1107,"velocity":[0.0,0.0,0.0],"yaw":0.0},"position":[0.0,0.00100011611357331,10.9999923706055],"time_ms":18518,"wall_ms":1791536442139.0,"yaw":0.0}
S03R {"ack_input_tick":950,"cause":"none","correction_m":0.0,"correction_yaw_deg":0.0,"event":"correction","history_exhausted":false,"replay_frames":21,"replay_usec":173,"role":"client","tick":972,"time_ms":18523,"wall_ms":1791536442144.0}
S03R {"authority_install_error_m":0.0,"entity":2,"event":"apply","pose":{"control":1,"durable":2,"entity":2,"last_input_tick":950,"position":[6.0,0.00100011611357331,2.71433281898499],"receipt_ms":18504,"sequence":950,"tick":1107,"velocity":[0.0,0.0,0.0],"yaw":0.0},"position":[6.0,0.00100011611357331,2.71433281898499],"time_ms":18527,"wall_ms":1791536442149.0,"yaw":0.0}
S03R {"event":"prediction","history_size":22,"position":[6.0,0.00100011611357331,2.71433281898499],"predicted_tick":972,"role":"client","tick":972,"time_ms":18532,"wall_ms":1791536442153.0,"yaw":0.0}
S03R {"authority_install_error_m":0.0,"entity":1,"event":"apply","pose":{"control":1,"durable":2,"entity":1,"last_input_tick":950,"position":[0.0,0.00100011611357331,10.9999923706055],"receipt_ms":18535,"sequence":950,"tick":1113,"velocity":[0.0,0.0,0.0],"yaw":0.0},"position":[0.0,0.00100011611357331,10.9999923706055],"time_ms":18535,"wall_ms":1791536442157.0,"yaw":0.0}
S03R {"ack_input_tick":958,"cause":"none","correction_m":0.0,"correction_yaw_deg":0.0,"event":"correction","history_exhausted":false,"replay_frames":14,"replay_usec":98,"role":"client","tick":973,"time_ms":18538,"wall_ms":1791536442160.0}
S03R {"authority_install_error_m":0.0,"entity":2,"event":"apply","pose":{"control":1,"durable":2,"entity":2,"last_input_tick":958,"position":[6.0,0.00100011611357331,2.71433281898499],"receipt_ms":18535,"sequence":958,"tick":1113,"velocity":[0.0,0.0,0.0],"yaw":0.0},"position":[6.0,0.00100011611357331,2.71433281898499],"time_ms":18540,"wall_ms":1791536442162.0,"yaw":0.0}
S03R {"event":"prediction","history_size":15,"position":[6.0,0.00100011611357331,2.71433281898499],"predicted_tick":973,"role":"client","tick":973,"time_ms":18543,"wall_ms":1791536442165.0,"yaw":0.0}
S03R {"event":"prediction","history_size":16,"position":[6.0,0.00100011611357331,2.71433281898499],"predicted_tick":974,"role":"client","tick":974,"time_ms":18563,"wall_ms":1791536442185.0,"yaw":0.0}
S03R {"event":"prediction","history_size":17,"position":[6.0,0.00100011611357331,2.71433281898499],"predicted_tick":975,"role":"client","tick":975,"time_ms":18580,"wall_ms":1791536442202.0,"yaw":0.0}
S03R {"event":"prediction","history_size":18,"position":[6.0,0.00100011611357331,2.71433281898499],"predicted_tick":976,"role":"client","tick":976,"time_ms":18610,"wall_ms":1791536442232.0,"yaw":0.0}
S03R {"event":"prediction","history_size":19,"position":[6.0,0.00100011611357331,2.71433281898499],"predicted_tick":977,"role":"client","tick":977,"time_ms":18616,"wall_ms":1791536442238.0,"yaw":0.0}
S03R {"event":"prediction","history_size":20,"position":[6.0,0.00100011611357331,2.71433281898499],"predicted_tick":978,"role":"client","tick":978,"time_ms":18641,"wall_ms":1791536442263.0,"yaw":0.0}
S03R {"authority_install_error_m":0.0,"entity":1,"event":"apply","pose":{"control":1,"durable":2,"entity":1,"last_input_tick":956,"position":[0.0,0.00100011611357331,10.9999923706055],"receipt_ms":18645,"sequence":956,"tick":1119,"velocity":[0.0,0.0,0.0],"yaw":0.0},"position":[0.0,0.00100011611357331,10.9999923706055],"time_ms":18655,"wall_ms":1791536442278.0,"yaw":0.0}
S03R {"ack_input_tick":962,"cause":"none","correction_m":0.0,"correction_yaw_deg":0.0,"event":"correction","history_exhausted":false,"replay_frames":16,"replay_usec":131,"role":"client","tick":979,"time_ms":18658,"wall_ms":1791536442281.0}
S03R {"authority_install_error_m":0.0,"entity":2,"event":"apply","pose":{"control":1,"durable":2,"entity":2,"last_input_tick":962,"position":[6.0,0.00100011611357331,2.71433281898499],"receipt_ms":18645,"sequence":962,"tick":1119,"velocity":[0.0,0.0,0.0],"yaw":0.0},"position":[6.0,0.00100011611357331,2.71433281898499],"time_ms":18662,"wall_ms":1791536442284.0,"yaw":0.0}
S03R {"event":"prediction","history_size":17,"position":[6.0,0.00100011611357331,2.71433281898499],"predicted_tick":979,"role":"client","tick":979,"time_ms":18666,"wall_ms":1791536442288.0,"yaw":0.0}
S03R {"event":"prediction","history_size":18,"position":[6.0,0.00100011611357331,2.71433281898499],"predicted_tick":980,"role":"client","tick":980,"time_ms":18669,"wall_ms":1791536442291.0,"yaw":0.0}
S03R {"event":"prediction","history_size":19,"position":[6.0,0.00100011611357331,2.71433281898499],"predicted_tick":981,"role":"client","tick":981,"time_ms":18686,"wall_ms":1791536442308.0,"yaw":0.0}
S03R {"event":"prediction","history_size":20,"position":[6.0,0.00100011611357331,2.71433281898499],"predicted_tick":982,"role":"client","tick":982,"time_ms":18701,"wall_ms":1791536442323.0,"yaw":0.0}
S03R {"event":"prediction","history_size":21,"position":[6.0,0.00100011611357331,2.71433281898499],"predicted_tick":983,"role":"client","tick":983,"time_ms":18716,"wall_ms":1791536442339.0,"yaw":0.0}
S03R {"authority_install_error_m":0.0,"entity":1,"event":"apply","pose":{"control":1,"durable":2,"entity":1,"last_input_tick":962,"position":[0.0,0.00100011611357331,10.9999923706055],"receipt_ms":18720,"sequence":962,"tick":1125,"velocity":[0.0,0.0,0.0],"yaw":0.0},"position":[0.0,0.00100011611357331,10.9999923706055],"time_ms":18733,"wall_ms":1791536442355.0,"yaw":0.0}
S03R {"ack_input_tick":968,"cause":"none","correction_m":0.0,"correction_yaw_deg":0.0,"event":"correction","history_exhausted":false,"replay_frames":15,"replay_usec":181,"role":"client","tick":984,"time_ms":18738,"wall_ms":1791536442360.0}
S03R {"authority_install_error_m":0.0,"entity":2,"event":"apply","pose":{"control":1,"durable":2,"entity":2,"last_input_tick":968,"position":[6.0,0.00100011611357331,2.71433281898499],"receipt_ms":18720,"sequence":968,"tick":1125,"velocity":[0.0,0.0,0.0],"yaw":0.0},"position":[6.0,0.00100011611357331,2.71433281898499],"time_ms":18743,"wall_ms":1791536442365.0,"yaw":0.0}
S03R {"event":"prediction","history_size":16,"position":[6.0,0.00100011611357331,2.71433281898499],"predicted_tick":984,"role":"client","tick":984,"time_ms":18747,"wall_ms":1791536442369.0,"yaw":0.0}
S03R {"event":"prediction","history_size":17,"position":[6.0,0.00100011611357331,2.71433281898499],"predicted_tick":985,"role":"client","tick":985,"time_ms":18753,"wall_ms":1791536442376.0,"yaw":0.0}
S03R {"event":"prediction","history_size":18,"position":[6.0,0.00100011611357331,2.71433281898499],"predicted_tick":986,"role":"client","tick":986,"time_ms":18763,"wall_ms":1791536442386.0,"yaw":0.0}
S03R {"event":"prediction","history_size":19,"position":[6.0,0.00100011611357331,2.71433281898499],"predicted_tick":987,"role":"client","tick":987,"time_ms":18784,"wall_ms":1791536442406.0,"yaw":0.0}
S03R {"event":"prediction","history_size":20,"position":[6.0,0.00100011611357331,2.71433281898499],"predicted_tick":988,"role":"client","tick":988,"time_ms":18795,"wall_ms":1791536442418.0,"yaw":0.0}
S03R {"event":"prediction","history_size":21,"position":[6.0,0.00100011611357331,2.71433281898499],"predicted_tick":989,"role":"client","tick":989,"time_ms":18808,"wall_ms":1791536442431.0,"yaw":0.0}
S03R {"aim_yaw":-3.14159265358979,"event":"input","index":23,"move":[0.0,1.0],"position":[6.0,0.00100011611357331,2.71433281898499],"role":"client","sequence_floor":990,"tick":990,"time_ms":18826,"wall_ms":1791536442448.0,"yaw":0.0}
S03R {"aim_yaw":-3.14159265358979,"event":"keys","move":[0.0,1.0],"role":"client","tick":990,"time_ms":18829,"wall_ms":1791536442451.0}
S03R {"event":"prediction","history_size":22,"position":[6.0,0.00100011611357331,2.79766607284546],"predicted_tick":990,"role":"client","tick":990,"time_ms":18836,"wall_ms":1791536442459.0,"yaw":3.14159250259399}
S03R {"authority_install_error_m":0.0,"entity":1,"event":"apply","pose":{"control":1,"durable":2,"entity":1,"last_input_tick":965,"position":[0.0,0.00100011611357331,10.9999923706055],"receipt_ms":18842,"sequence":965,"tick":1128,"velocity":[0.0,0.0,0.0],"yaw":0.0},"position":[0.0,0.00100011611357331,10.9999923706055],"time_ms":18842,"wall_ms":1791536442465.0,"yaw":0.0}
S03R {"ack_input_tick":971,"cause":"none","correction_m":0.0,"correction_yaw_deg":0.0,"event":"correction","history_exhausted":false,"replay_frames":19,"replay_usec":207,"role":"client","tick":991,"time_ms":18847,"wall_ms":1791536442469.0}
S03R {"authority_install_error_m":0.0,"entity":2,"event":"apply","pose":{"control":1,"durable":2,"entity":2,"last_input_tick":971,"position":[6.0,0.00100011611357331,2.71433281898499],"receipt_ms":18842,"sequence":971,"tick":1128,"velocity":[0.0,0.0,0.0],"yaw":0.0},"position":[6.0,0.00100011611357331,2.79766607284546],"time_ms":18851,"wall_ms":1791536442473.0,"yaw":3.14159250259399}
S03R {"event":"prediction","history_size":20,"position":[6.0,0.00100011611357331,2.88099932670593],"predicted_tick":991,"role":"client","tick":991,"time_ms":18853,"wall_ms":1791536442476.0,"yaw":3.14159250259399}
S03R {"event":"prediction","history_size":21,"position":[6.0,0.00100011611357331,2.96433258056641],"predicted_tick":992,"role":"client","tick":992,"time_ms":18859,"wall_ms":1791536442482.0,"yaw":3.14159250259399}
S03R {"event":"prediction","history_size":22,"position":[6.0,0.00100011611357331,3.04766583442688],"predicted_tick":993,"role":"client","tick":993,"time_ms":18886,"wall_ms":1791536442508.0,"yaw":3.14159250259399}
S03R {"authority_install_error_m":0.0,"entity":1,"event":"apply","pose":{"control":1,"durable":2,"entity":1,"last_input_tick":971,"position":[0.0,0.00100011611357331,10.9999923706055],"receipt_ms":18891,"sequence":971,"tick":1134,"velocity":[0.0,0.0,0.0],"yaw":0.0},"position":[0.0,0.00100011611357331,10.9999923706055],"time_ms":18893,"wall_ms":1791536442515.0,"yaw":0.0}
S03R {"ack_input_tick":976,"cause":"none","correction_m":0.0,"correction_yaw_deg":0.0,"event":"correction","history_exhausted":false,"replay_frames":17,"replay_usec":439,"role":"client","tick":994,"time_ms":18896,"wall_ms":1791536442518.0}
S03R {"authority_install_error_m":0.0,"entity":2,"event":"apply","pose":{"control":1,"durable":2,"entity":2,"last_input_tick":976,"position":[6.0,0.00100011611357331,2.71433281898499],"receipt_ms":18891,"sequence":976,"tick":1134,"velocity":[0.0,0.0,0.0],"yaw":0.0},"position":[6.0,0.00100011611357331,3.04766583442688],"time_ms":18899,"wall_ms":1791536442522.0,"yaw":3.14159250259399}
S03R {"event":"prediction","history_size":18,"position":[6.0,0.00100011611357331,3.13099908828735],"predicted_tick":994,"role":"client","tick":994,"time_ms":18901,"wall_ms":1791536442524.0,"yaw":3.14159250259399}
S03R {"event":"prediction","history_size":19,"position":[6.0,0.00100011611357331,3.21433234214783],"predicted_tick":995,"role":"client","tick":995,"time_ms":18907,"wall_ms":1791536442529.0,"yaw":3.14159250259399}
S03R {"event":"prediction","history_size":20,"position":[6.0,0.00100011611357331,3.2976655960083],"predicted_tick":996,"role":"client","tick":996,"time_ms":18933,"wall_ms":1791536442555.0,"yaw":3.14159250259399}
S03R {"event":"prediction","history_size":21,"position":[6.0,0.00100011611357331,3.38099884986877],"predicted_tick":997,"role":"client","tick":997,"time_ms":18938,"wall_ms":1791536442560.0,"yaw":3.14159250259399}
S03R {"event":"prediction","history_size":22,"position":[6.0,0.00100011611357331,3.46433210372925],"predicted_tick":998,"role":"client","tick":998,"time_ms":18961,"wall_ms":1791536442584.0,"yaw":3.14159250259399}
S03R {"event":"prediction","history_size":23,"position":[6.0,0.00100011611357331,3.54766535758972],"predicted_tick":999,"role":"client","tick":999,"time_ms":18968,"wall_ms":1791536442591.0,"yaw":3.14159250259399}
S03R {"event":"prediction","history_size":24,"position":[6.0,0.00100011611357331,3.6309986114502],"predicted_tick":1000,"role":"client","tick":1000,"time_ms":18992,"wall_ms":1791536442615.0,"yaw":3.14159250259399}
S03R {"event":"prediction","history_size":25,"position":[6.0,0.00100011611357331,3.71433186531067],"predicted_tick":1001,"role":"client","tick":1001,"time_ms":19008,"wall_ms":1791536442631.0,"yaw":3.14159250259399}
S03R {"aim_yaw":0.0,"event":"keys","move":[0.0,0.0],"role":"client","tick":1002,"time_ms":19022,"wall_ms":1791536442645.0}
S03R {"authority_install_error_m":0.0,"entity":1,"event":"apply","pose":{"control":1,"durable":2,"entity":1,"last_input_tick":974,"position":[0.0,0.00100011611357331,10.9999923706055],"receipt_ms":19013,"sequence":974,"tick":1137,"velocity":[0.0,0.0,0.0],"yaw":0.0},"position":[0.0,0.00100011611357331,10.9999923706055],"time_ms":19025,"wall_ms":1791536442647.0,"yaw":0.0}
S03R {"ack_input_tick":980,"cause":"none","correction_m":0.0,"correction_yaw_deg":0.0,"event":"correction","history_exhausted":false,"replay_frames":21,"replay_usec":144,"role":"client","tick":1002,"time_ms":19027,"wall_ms":1791536442649.0}
S03R {"authority_install_error_m":0.0,"entity":2,"event":"apply","pose":{"control":1,"durable":2,"entity":2,"last_input_tick":980,"position":[6.0,0.00100011611357331,2.71433281898499],"receipt_ms":19013,"sequence":980,"tick":1137,"velocity":[0.0,0.0,0.0],"yaw":0.0},"position":[6.0,0.00100011611357331,3.71433186531067],"time_ms":19030,"wall_ms":1791536442652.0,"yaw":3.14159250259399}
S03R {"event":"prediction","history_size":22,"position":[6.0,0.00100011611357331,3.71433186531067],"predicted_tick":1002,"role":"client","tick":1002,"time_ms":19032,"wall_ms":1791536442655.0,"yaw":0.0}
S03R {"authority_install_error_m":0.0,"entity":1,"event":"apply","pose":{"control":1,"durable":2,"entity":1,"last_input_tick":980,"position":[0.0,0.00100011611357331,10.9999923706055],"receipt_ms":19035,"sequence":980,"tick":1143,"velocity":[0.0,0.0,0.0],"yaw":0.0},"position":[0.0,0.00100011611357331,10.9999923706055],"time_ms":19054,"wall_ms":1791536442677.0,"yaw":0.0}
S03R {"ack_input_tick":985,"cause":"none","correction_m":0.0,"correction_yaw_deg":0.0,"event":"correction","history_exhausted":false,"replay_frames":17,"replay_usec":196,"role":"client","tick":1003,"time_ms":19057,"wall_ms":1791536442680.0}
S03R {"authority_install_error_m":0.0,"entity":2,"event":"apply","pose":{"control":1,"durable":2,"entity":2,"last_input_tick":985,"position":[6.0,0.00100011611357331,2.71433281898499],"receipt_ms":19035,"sequence":985,"tick":1143,"velocity":[0.0,0.0,0.0],"yaw":0.0},"position":[6.0,0.00100011611357331,3.71433186531067],"time_ms":19060,"wall_ms":1791536442682.0,"yaw":0.0}
S03R {"event":"prediction","history_size":18,"position":[6.0,0.00100011611357331,3.71433186531067],"predicted_tick":1003,"role":"client","tick":1003,"time_ms":19062,"wall_ms":1791536442685.0,"yaw":0.0}
S03R {"event":"prediction","history_size":19,"position":[6.0,0.00100011611357331,3.71433186531067],"predicted_tick":1004,"role":"client","tick":1004,"time_ms":19065,"wall_ms":1791536442688.0,"yaw":0.0}
S03R {"event":"prediction","history_size":20,"position":[6.0,0.00100011611357331,3.71433186531067],"predicted_tick":1005,"role":"client","tick":1005,"time_ms":19085,"wall_ms":1791536442707.0,"yaw":0.0}
S03R {"event":"prediction","history_size":21,"position":[6.0,0.00100011611357331,3.71433186531067],"predicted_tick":1006,"role":"client","tick":1006,"time_ms":19100,"wall_ms":1791536442722.0,"yaw":0.0}
S03R {"event":"prediction","history_size":22,"position":[6.0,0.00100011611357331,3.71433186531067],"predicted_tick":1007,"role":"client","tick":1007,"time_ms":19117,"wall_ms":1791536442740.0,"yaw":0.0}
S03R {"event":"prediction","history_size":23,"position":[6.0,0.00100011611357331,3.71433186531067],"predicted_tick":1008,"role":"client","tick":1008,"time_ms":19123,"wall_ms":1791536442745.0,"yaw":0.0}
S03R {"event":"prediction","history_size":24,"position":[6.0,0.00100011611357331,3.71433186531067],"predicted_tick":1009,"role":"client","tick":1009,"time_ms":19147,"wall_ms":1791536442769.0,"yaw":0.0}
S03R {"authority_install_error_m":0.0,"entity":1,"event":"apply","pose":{"control":1,"durable":2,"entity":1,"last_input_tick":986,"position":[0.0,0.00100011611357331,10.9999923706055],"receipt_ms":19153,"sequence":986,"tick":1149,"velocity":[0.0,0.0,0.0],"yaw":0.0},"position":[0.0,0.00100011611357331,10.9999923706055],"time_ms":19154,"wall_ms":1791536442776.0,"yaw":0.0}
S03R {"ack_input_tick":991,"cause":"none","correction_m":0.0,"correction_yaw_deg":0.0,"event":"correction","history_exhausted":false,"replay_frames":18,"replay_usec":339,"role":"client","tick":1010,"time_ms":19157,"wall_ms":1791536442780.0}
S03R {"authority_install_error_m":0.0,"entity":2,"event":"apply","pose":{"control":1,"durable":2,"entity":2,"last_input_tick":991,"position":[6.0,0.00100011611357331,2.88099932670593],"receipt_ms":19153,"sequence":991,"tick":1149,"velocity":[0.0,0.0,5.0],"yaw":3.14159250259399},"position":[6.0,0.00100011611357331,3.71433186531067],"time_ms":19159,"wall_ms":1791536442781.0,"yaw":0.0}
S03R {"event":"prediction","history_size":19,"position":[6.0,0.00100011611357331,3.71433186531067],"predicted_tick":1010,"role":"client","tick":1010,"time_ms":19163,"wall_ms":1791536442785.0,"yaw":0.0}
S03R {"event":"prediction","history_size":20,"position":[6.0,0.00100011611357331,3.71433186531067],"predicted_tick":1011,"role":"client","tick":1011,"time_ms":19168,"wall_ms":1791536442791.0,"yaw":0.0}
S03R {"event":"prediction","history_size":21,"position":[6.0,0.00100011611357331,3.71433186531067],"predicted_tick":1012,"role":"client","tick":1012,"time_ms":19193,"wall_ms":1791536442816.0,"yaw":0.0}
S03R {"event":"prediction","history_size":22,"position":[6.0,0.00100011611357331,3.71433186531067],"predicted_tick":1013,"role":"client","tick":1013,"time_ms":19208,"wall_ms":1791536442831.0,"yaw":0.0}
S03R {"authority_install_error_m":0.0,"entity":1,"event":"apply","pose":{"control":1,"durable":2,"entity":1,"last_input_tick":989,"position":[0.0,0.00100011611357331,10.9999923706055],"receipt_ms":19212,"sequence":989,"tick":1152,"velocity":[0.0,0.0,0.0],"yaw":0.0},"position":[0.0,0.00100011611357331,10.9999923706055],"time_ms":19224,"wall_ms":1791536442846.0,"yaw":0.0}
S03R {"ack_input_tick":997,"cause":"held_timing_or_delivery","correction_m":0.249999761581421,"correction_yaw_deg":0.0,"event":"correction","history_exhausted":false,"replay_frames":16,"replay_usec":326,"role":"client","tick":1014,"time_ms":19227,"wall_ms":1791536442850.0}
S03R {"authority_install_error_m":0.0,"entity":2,"event":"apply","pose":{"control":1,"durable":2,"entity":2,"last_input_tick":997,"position":[6.0,0.00100011611357331,3.13099908828735],"receipt_ms":19212,"sequence":997,"tick":1152,"velocity":[0.0,0.0,5.0],"yaw":3.14159250259399},"position":[6.0,0.00100011611357331,3.46433210372925],"time_ms":19231,"wall_ms":1791536442853.0,"yaw":0.0}
S03R {"event":"prediction","history_size":17,"position":[6.0,0.00100011611357331,3.46433210372925],"predicted_tick":1014,"role":"client","tick":1014,"time_ms":19234,"wall_ms":1791536442856.0,"yaw":0.0}
S03R {"event":"prediction","history_size":18,"position":[6.0,0.00100011611357331,3.46433210372925],"predicted_tick":1015,"role":"client","tick":1015,"time_ms":19237,"wall_ms":1791536442859.0,"yaw":0.0}
S03R {"event":"prediction","history_size":19,"position":[6.0,0.00100011611357331,3.46433210372925],"predicted_tick":1016,"role":"client","tick":1016,"time_ms":19255,"wall_ms":1791536442878.0,"yaw":0.0}
S03R {"event":"prediction","history_size":20,"position":[6.0,0.00100011611357331,3.46433210372925],"predicted_tick":1017,"role":"client","tick":1017,"time_ms":19271,"wall_ms":1791536442894.0,"yaw":0.0}
S03R {"authority_install_error_m":0.0,"entity":1,"event":"apply","pose":{"control":1,"durable":2,"entity":1,"last_input_tick":992,"position":[0.0,0.00100011611357331,10.9999923706055],"receipt_ms":19277,"sequence":992,"tick":1155,"velocity":[0.0,0.0,0.0],"yaw":0.0},"position":[0.0,0.00100011611357331,10.9999923706055],"time_ms":19286,"wall_ms":1791536442909.0,"yaw":0.0}
S03R {"ack_input_tick":999,"cause":"none","correction_m":0.0,"correction_yaw_deg":0.0,"event":"correction","history_exhausted":false,"replay_frames":18,"replay_usec":243,"role":"client","tick":1018,"time_ms":19291,"wall_ms":1791536442914.0}
S03R {"authority_install_error_m":0.0,"entity":2,"event":"apply","pose":{"control":1,"durable":2,"entity":2,"last_input_tick":999,"position":[6.0,0.00100011611357331,3.2976655960083],"receipt_ms":19277,"sequence":999,"tick":1155,"velocity":[0.0,0.0,5.0],"yaw":3.14159250259399},"position":[6.0,0.00100011611357331,3.46433210372925],"time_ms":19295,"wall_ms":1791536442917.0,"yaw":0.0}
S03R {"event":"prediction","history_size":19,"position":[6.0,0.00100011611357331,3.46433210372925],"predicted_tick":1018,"role":"client","tick":1018,"time_ms":19298,"wall_ms":1791536442920.0,"yaw":0.0}
S03R {"event":"prediction","history_size":20,"position":[6.0,0.00100011611357331,3.46433210372925],"predicted_tick":1019,"role":"client","tick":1019,"time_ms":19301,"wall_ms":1791536442923.0,"yaw":0.0}
S03R {"event":"prediction","history_size":21,"position":[6.0,0.00100011611357331,3.46433210372925],"predicted_tick":1020,"role":"client","tick":1020,"time_ms":19318,"wall_ms":1791536442940.0,"yaw":0.0}
S03R {"authority_install_error_m":0.0,"entity":1,"event":"apply","pose":{"control":1,"durable":2,"entity":1,"last_input_tick":995,"position":[0.0,0.00100011611357331,10.9999923706055],"receipt_ms":19334,"sequence":995,"tick":1158,"velocity":[0.0,0.0,0.0],"yaw":0.0},"position":[0.0,0.00100011611357331,10.9999923706055],"time_ms":19334,"wall_ms":1791536442957.0,"yaw":0.0}
S03R {"ack_input_tick":1000,"cause":"none","correction_m":0.0,"correction_yaw_deg":0.0,"event":"correction","history_exhausted":false,"replay_frames":20,"replay_usec":308,"role":"client","tick":1021,"time_ms":19337,"wall_ms":1791536442960.0}
S03R {"authority_install_error_m":0.0,"entity":2,"event":"apply","pose":{"control":1,"durable":2,"entity":2,"last_input_tick":1000,"position":[6.0,0.00100011611357331,3.38099884986877],"receipt_ms":19334,"sequence":1000,"tick":1158,"velocity":[0.0,0.0,0.0],"yaw":3.14159250259399},"position":[6.0,0.00100011611357331,3.46433210372925],"time_ms":19341,"wall_ms":1791536442963.0,"yaw":0.0}
S03R {"event":"prediction","history_size":21,"position":[6.0,0.00100011611357331,3.46433210372925],"predicted_tick":1021,"role":"client","tick":1021,"time_ms":19345,"wall_ms":1791536442968.0,"yaw":0.0}
S03R {"event":"prediction","history_size":22,"position":[6.0,0.00100011611357331,3.46433210372925],"predicted_tick":1022,"role":"client","tick":1022,"time_ms":19349,"wall_ms":1791536442971.0,"yaw":0.0}
S03R {"event":"prediction","history_size":23,"position":[6.0,0.00100011611357331,3.46433210372925],"predicted_tick":1023,"role":"client","tick":1023,"time_ms":19365,"wall_ms":1791536442988.0,"yaw":0.0}
S03R {"event":"prediction","history_size":24,"position":[6.0,0.00100011611357331,3.46433210372925],"predicted_tick":1024,"role":"client","tick":1024,"time_ms":19397,"wall_ms":1791536443019.0,"yaw":0.0}
S03R {"authority_install_error_m":0.0,"entity":1,"event":"apply","pose":{"control":1,"durable":2,"entity":1,"last_input_tick":1001,"position":[0.0,0.00100011611357331,10.9999923706055],"receipt_ms":19401,"sequence":1001,"tick":1164,"velocity":[0.0,0.0,0.0],"yaw":0.0},"position":[0.0,0.00100011611357331,10.9999923706055],"time_ms":19412,"wall_ms":1791536443035.0,"yaw":0.0}
S03R {"ack_input_tick":1000,"cause":"none","correction_m":0.0,"correction_yaw_deg":0.0,"event":"correction","history_exhausted":false,"replay_frames":24,"replay_usec":367,"role":"client","tick":1025,"time_ms":19415,"wall_ms":1791536443037.0}
S03R {"authority_install_error_m":0.0,"entity":2,"event":"apply","pose":{"control":1,"durable":2,"entity":2,"last_input_tick":1000,"position":[6.0,0.00100011611357331,3.38099884986877],"receipt_ms":19401,"sequence":1000,"tick":1164,"velocity":[0.0,0.0,0.0],"yaw":3.14159250259399},"position":[6.0,0.00100011611357331,3.46433210372925],"time_ms":19419,"wall_ms":1791536443042.0,"yaw":0.0}
S03R {"event":"prediction","history_size":25,"position":[6.0,0.00100011611357331,3.46433210372925],"predicted_tick":1025,"role":"client","tick":1025,"time_ms":19423,"wall_ms":1791536443045.0,"yaw":0.0}
S03R {"authority_install_error_m":0.0,"entity":1,"event":"apply","pose":{"control":1,"durable":2,"entity":1,"last_input_tick":1004,"position":[0.0,0.00100011611357331,10.9999923706055],"receipt_ms":19427,"sequence":1004,"tick":1167,"velocity":[0.0,0.0,0.0],"yaw":0.0},"position":[0.0,0.00100011611357331,10.9999923706055],"time_ms":19427,"wall_ms":1791536443048.0,"yaw":0.0}
S03R {"ack_input_tick":1000,"cause":"none","correction_m":0.0,"correction_yaw_deg":0.0,"event":"correction","history_exhausted":false,"replay_frames":25,"replay_usec":576,"role":"client","tick":1026,"time_ms":19430,"wall_ms":1791536443053.0}
S03R {"authority_install_error_m":0.0,"entity":2,"event":"apply","pose":{"control":1,"durable":2,"entity":2,"last_input_tick":1000,"position":[6.0,0.00100011611357331,3.38099884986877],"receipt_ms":19427,"sequence":1000,"tick":1167,"velocity":[0.0,0.0,0.0],"yaw":3.14159250259399},"position":[6.0,0.00100011611357331,3.46433210372925],"time_ms":19434,"wall_ms":1791536443057.0,"yaw":0.0}
S03R {"event":"prediction","history_size":26,"position":[6.0,0.00100011611357331,3.46433210372925],"predicted_tick":1026,"role":"client","tick":1026,"time_ms":19439,"wall_ms":1791536443062.0,"yaw":0.0}
S03R {"event":"prediction","history_size":27,"position":[6.0,0.00100011611357331,3.46433210372925],"predicted_tick":1027,"role":"client","tick":1027,"time_ms":19442,"wall_ms":1791536443065.0,"yaw":0.0}
S03R {"event":"prediction","history_size":28,"position":[6.0,0.00100011611357331,3.46433210372925],"predicted_tick":1028,"role":"client","tick":1028,"time_ms":19460,"wall_ms":1791536443083.0,"yaw":0.0}
S03R {"event":"prediction","history_size":29,"position":[6.0,0.00100011611357331,3.46433210372925],"predicted_tick":1029,"role":"client","tick":1029,"time_ms":19476,"wall_ms":1791536443098.0,"yaw":0.0}
S03R {"event":"prediction","history_size":30,"position":[6.0,0.00100011611357331,3.46433210372925],"predicted_tick":1030,"role":"client","tick":1030,"time_ms":19491,"wall_ms":1791536443113.0,"yaw":0.0}
S03R {"event":"prediction","history_size":31,"position":[6.0,0.00100011611357331,3.46433210372925],"predicted_tick":1031,"role":"client","tick":1031,"time_ms":19507,"wall_ms":1791536443130.0,"yaw":0.0}
S03R {"event":"prediction","history_size":32,"position":[6.0,0.00100011611357331,3.46433210372925],"predicted_tick":1032,"role":"client","tick":1032,"time_ms":19538,"wall_ms":1791536443161.0,"yaw":0.0}
S03R {"event":"prediction","history_size":33,"position":[6.0,0.00100011611357331,3.46433210372925],"predicted_tick":1033,"role":"client","tick":1033,"time_ms":19553,"wall_ms":1791536443176.0,"yaw":0.0}
S03R {"authority_install_error_m":0.0,"entity":1,"event":"apply","pose":{"control":1,"durable":2,"entity":1,"last_input_tick":1007,"position":[0.0,0.00100011611357331,10.9999923706055],"receipt_ms":19557,"sequence":1007,"tick":1170,"velocity":[0.0,0.0,0.0],"yaw":0.0},"position":[0.0,0.00100011611357331,10.9999923706055],"time_ms":19569,"wall_ms":1791536443191.0,"yaw":0.0}
S03R {"ack_input_tick":1000,"cause":"none","correction_m":0.0,"correction_yaw_deg":0.0,"event":"correction","history_exhausted":false,"replay_frames":33,"replay_usec":493,"role":"client","tick":1034,"time_ms":19572,"wall_ms":1791536443195.0}
S03R {"authority_install_error_m":0.0,"entity":2,"event":"apply","pose":{"control":1,"durable":2,"entity":2,"last_input_tick":1000,"position":[6.0,0.00100011611357331,3.38099884986877],"receipt_ms":19557,"sequence":1000,"tick":1170,"velocity":[0.0,0.0,0.0],"yaw":3.14159250259399},"position":[6.0,0.00100011611357331,3.46433210372925],"time_ms":19576,"wall_ms":1791536443199.0,"yaw":0.0}
S03R {"event":"prediction","history_size":34,"position":[6.0,0.00100011611357331,3.46433210372925],"predicted_tick":1034,"role":"client","tick":1034,"time_ms":19580,"wall_ms":1791536443203.0,"yaw":0.0}
S03R {"authority_install_error_m":0.0,"entity":1,"event":"apply","pose":{"control":1,"durable":2,"entity":1,"last_input_tick":1010,"position":[0.0,0.00100011611357331,10.9999923706055],"receipt_ms":19583,"sequence":1010,"tick":1173,"velocity":[0.0,0.0,0.0],"yaw":0.0},"position":[0.0,0.00100011611357331,10.9999923706055],"time_ms":19584,"wall_ms":1791536443206.0,"yaw":0.0}
S03R {"ack_input_tick":1000,"cause":"none","correction_m":0.0,"correction_yaw_deg":0.0,"event":"correction","history_exhausted":false,"replay_frames":34,"replay_usec":304,"role":"client","tick":1035,"time_ms":19586,"wall_ms":1791536443209.0}
S03R {"authority_install_error_m":0.0,"entity":2,"event":"apply","pose":{"control":1,"durable":2,"entity":2,"last_input_tick":1000,"position":[6.0,0.00100011611357331,3.38099884986877],"receipt_ms":19583,"sequence":1000,"tick":1173,"velocity":[0.0,0.0,0.0],"yaw":3.14159250259399},"position":[6.0,0.00100011611357331,3.46433210372925],"time_ms":19590,"wall_ms":1791536443212.0,"yaw":0.0}
S03R {"event":"prediction","history_size":35,"position":[6.0,0.00100011611357331,3.46433210372925],"predicted_tick":1035,"role":"client","tick":1035,"time_ms":19595,"wall_ms":1791536443217.0,"yaw":0.0}
S03R {"event":"prediction","history_size":36,"position":[6.0,0.00100011611357331,3.46433210372925],"predicted_tick":1036,"role":"client","tick":1036,"time_ms":19598,"wall_ms":1791536443220.0,"yaw":0.0}
S03R {"event":"prediction","history_size":37,"position":[6.0,0.00100011611357331,3.46433210372925],"predicted_tick":1037,"role":"client","tick":1037,"time_ms":19615,"wall_ms":1791536443237.0,"yaw":0.0}
S03R {"authority_install_error_m":0.0,"entity":1,"event":"apply","pose":{"control":1,"durable":2,"entity":1,"last_input_tick":1013,"position":[0.0,0.00100011611357331,10.9999923706055],"receipt_ms":19630,"sequence":1013,"tick":1176,"velocity":[0.0,0.0,0.0],"yaw":0.0},"position":[0.0,0.00100011611357331,10.9999923706055],"time_ms":19631,"wall_ms":1791536443253.0,"yaw":0.0}
S03R {"ack_input_tick":1000,"cause":"none","correction_m":0.0,"correction_yaw_deg":0.0,"event":"correction","history_exhausted":false,"replay_frames":37,"replay_usec":379,"role":"client","tick":1038,"time_ms":19634,"wall_ms":1791536443256.0}
S03R {"authority_install_error_m":0.0,"entity":2,"event":"apply","pose":{"control":1,"durable":2,"entity":2,"last_input_tick":1000,"position":[6.0,0.00100011611357331,3.38099884986877],"receipt_ms":19630,"sequence":1000,"tick":1176,"velocity":[0.0,0.0,0.0],"yaw":3.14159250259399},"position":[6.0,0.00100011611357331,3.46433210372925],"time_ms":19636,"wall_ms":1791536443259.0,"yaw":0.0}
S03R {"event":"prediction","history_size":38,"position":[6.0,0.00100011611357331,3.46433210372925],"predicted_tick":1038,"role":"client","tick":1038,"time_ms":19639,"wall_ms":1791536443261.0,"yaw":0.0}
S03R {"event":"prediction","history_size":39,"position":[6.0,0.00100011611357331,3.46433210372925],"predicted_tick":1039,"role":"client","tick":1039,"time_ms":19644,"wall_ms":1791536443267.0,"yaw":0.0}
S03R {"event":"prediction","history_size":40,"position":[6.0,0.00100011611357331,3.46433210372925],"predicted_tick":1040,"role":"client","tick":1040,"time_ms":19661,"wall_ms":1791536443284.0,"yaw":0.0}
S03R {"event":"prediction","history_size":41,"position":[6.0,0.00100011611357331,3.46433210372925],"predicted_tick":1041,"role":"client","tick":1041,"time_ms":19676,"wall_ms":1791536443299.0,"yaw":0.0}
S03R {"authority_install_error_m":0.0,"entity":1,"event":"apply","pose":{"control":1,"durable":2,"entity":1,"last_input_tick":1016,"position":[0.0,0.00100011611357331,10.9999923706055],"receipt_ms":19688,"sequence":1016,"tick":1179,"velocity":[0.0,0.0,0.0],"yaw":0.0},"position":[0.0,0.00100011611357331,10.9999923706055],"time_ms":19688,"wall_ms":1791536443311.0,"yaw":0.0}
S03R {"ack_input_tick":1000,"cause":"none","correction_m":0.0,"correction_yaw_deg":0.0,"event":"correction","history_exhausted":false,"replay_frames":41,"replay_usec":622,"role":"client","tick":1042,"time_ms":19692,"wall_ms":1791536443315.0}
S03R {"authority_install_error_m":0.0,"entity":2,"event":"apply","pose":{"control":1,"durable":2,"entity":2,"last_input_tick":1000,"position":[6.0,0.00100011611357331,3.38099884986877],"receipt_ms":19688,"sequence":1000,"tick":1179,"velocity":[0.0,0.0,0.0],"yaw":3.14159250259399},"position":[6.0,0.00100011611357331,3.46433210372925],"time_ms":19696,"wall_ms":1791536443317.0,"yaw":0.0}
S03R {"event":"prediction","history_size":42,"position":[6.0,0.00100011611357331,3.46433210372925],"predicted_tick":1042,"role":"client","tick":1042,"time_ms":19700,"wall_ms":1791536443322.0,"yaw":0.0}
S03R {"authority_install_error_m":0.0,"entity":1,"event":"apply","pose":{"control":1,"durable":2,"entity":1,"last_input_tick":1019,"position":[0.0,0.00100011611357331,10.9999923706055],"receipt_ms":19705,"sequence":1019,"tick":1182,"velocity":[0.0,0.0,0.0],"yaw":0.0},"position":[0.0,0.00100011611357331,10.9999923706055],"time_ms":19705,"wall_ms":1791536443327.0,"yaw":0.0}
S03R {"ack_input_tick":1000,"cause":"none","correction_m":0.0,"correction_yaw_deg":0.0,"event":"correction","history_exhausted":false,"replay_frames":42,"replay_usec":406,"role":"client","tick":1043,"time_ms":19709,"wall_ms":1791536443331.0}
S03R {"authority_install_error_m":0.0,"entity":2,"event":"apply","pose":{"control":1,"durable":2,"entity":2,"last_input_tick":1000,"position":[6.0,0.00100011611357331,3.38099884986877],"receipt_ms":19705,"sequence":1000,"tick":1182,"velocity":[0.0,0.0,0.0],"yaw":3.14159250259399},"position":[6.0,0.00100011611357331,3.46433210372925],"time_ms":19711,"wall_ms":1791536443333.0,"yaw":0.0}
S03R {"event":"prediction","history_size":43,"position":[6.0,0.00100011611357331,3.46433210372925],"predicted_tick":1043,"role":"client","tick":1043,"time_ms":19713,"wall_ms":1791536443335.0,"yaw":0.0}
S03R {"event":"prediction","history_size":44,"position":[6.0,0.00100011611357331,3.46433210372925],"predicted_tick":1044,"role":"client","tick":1044,"time_ms":19724,"wall_ms":1791536443346.0,"yaw":0.0}
S03R {"event":"prediction","history_size":45,"position":[6.0,0.00100011611357331,3.46433210372925],"predicted_tick":1045,"role":"client","tick":1045,"time_ms":19739,"wall_ms":1791536443362.0,"yaw":0.0}
S03R {"event":"prediction","history_size":46,"position":[6.0,0.00100011611357331,3.46433210372925],"predicted_tick":1046,"role":"client","tick":1046,"time_ms":19755,"wall_ms":1791536443377.0,"yaw":0.0}
S03R {"event":"prediction","history_size":47,"position":[6.0,0.00100011611357331,3.46433210372925],"predicted_tick":1047,"role":"client","tick":1047,"time_ms":19770,"wall_ms":1791536443392.0,"yaw":0.0}
S03R {"event":"prediction","history_size":48,"position":[6.0,0.00100011611357331,3.46433210372925],"predicted_tick":1048,"role":"client","tick":1048,"time_ms":19786,"wall_ms":1791536443408.0,"yaw":0.0}
S03R {"event":"prediction","history_size":49,"position":[6.0,0.00100011611357331,3.46433210372925],"predicted_tick":1049,"role":"client","tick":1049,"time_ms":19802,"wall_ms":1791536443424.0,"yaw":0.0}
S03R {"event":"prediction","history_size":50,"position":[6.0,0.00100011611357331,3.46433210372925],"predicted_tick":1050,"role":"client","tick":1050,"time_ms":19818,"wall_ms":1791536443440.0,"yaw":0.0}
S03R {"event":"prediction","history_size":51,"position":[6.0,0.00100011611357331,3.46433210372925],"predicted_tick":1051,"role":"client","tick":1051,"time_ms":19834,"wall_ms":1791536443456.0,"yaw":0.0}
S03R {"authority_install_error_m":0.0,"entity":1,"event":"apply","pose":{"control":1,"durable":2,"entity":1,"last_input_tick":1025,"position":[0.0,0.00100011611357331,10.9999923706055],"receipt_ms":19839,"sequence":1025,"tick":1188,"velocity":[0.0,0.0,0.0],"yaw":0.0},"position":[0.0,0.00100011611357331,10.9999923706055],"time_ms":19849,"wall_ms":1791536443471.0,"yaw":0.0}
S03R {"ack_input_tick":1000,"cause":"none","correction_m":0.0,"correction_yaw_deg":0.0,"event":"correction","history_exhausted":false,"replay_frames":51,"replay_usec":269,"role":"client","tick":1052,"time_ms":19853,"wall_ms":1791536443476.0}
S03R {"authority_install_error_m":0.0,"entity":2,"event":"apply","pose":{"control":1,"durable":2,"entity":2,"last_input_tick":1000,"position":[6.0,0.00100011611357331,3.38099884986877],"receipt_ms":19839,"sequence":1000,"tick":1188,"velocity":[0.0,0.0,0.0],"yaw":3.14159250259399},"position":[6.0,0.00100011611357331,3.46433210372925],"time_ms":19857,"wall_ms":1791536443480.0,"yaw":0.0}
S03R {"event":"prediction","history_size":52,"position":[6.0,0.00100011611357331,3.46433210372925],"predicted_tick":1052,"role":"client","tick":1052,"time_ms":19862,"wall_ms":1791536443484.0,"yaw":0.0}
S03R {"authority_install_error_m":0.0,"entity":1,"event":"apply","pose":{"control":1,"durable":2,"entity":1,"last_input_tick":1028,"position":[0.0,0.00100011611357331,10.9999923706055],"receipt_ms":19865,"sequence":1028,"tick":1191,"velocity":[0.0,0.0,0.0],"yaw":0.0},"position":[0.0,0.00100011611357331,10.9999923706055],"time_ms":19865,"wall_ms":1791536443488.0,"yaw":0.0}
S03R {"ack_input_tick":1000,"cause":"none","correction_m":0.0,"correction_yaw_deg":0.0,"event":"correction","history_exhausted":false,"replay_frames":52,"replay_usec":688,"role":"client","tick":1053,"time_ms":19869,"wall_ms":1791536443491.0}
S03R {"authority_install_error_m":0.0,"entity":2,"event":"apply","pose":{"control":1,"durable":2,"entity":2,"last_input_tick":1000,"position":[6.0,0.00100011611357331,3.38099884986877],"receipt_ms":19865,"sequence":1000,"tick":1191,"velocity":[0.0,0.0,0.0],"yaw":3.14159250259399},"position":[6.0,0.00100011611357331,3.46433210372925],"time_ms":19871,"wall_ms":1791536443494.0,"yaw":0.0}
S03R {"event":"prediction","history_size":53,"position":[6.0,0.00100011611357331,3.46433210372925],"predicted_tick":1053,"role":"client","tick":1053,"time_ms":19874,"wall_ms":1791536443495.0,"yaw":0.0}
S03R {"event":"prediction","history_size":54,"position":[6.0,0.00100011611357331,3.46433210372925],"predicted_tick":1054,"role":"client","tick":1054,"time_ms":19896,"wall_ms":1791536443519.0,"yaw":0.0}
S03R {"authority_install_error_m":0.0,"entity":1,"event":"apply","pose":{"control":1,"durable":2,"entity":1,"last_input_tick":1031,"position":[0.0,0.00100011611357331,10.9999923706055],"receipt_ms":19901,"sequence":1031,"tick":1194,"velocity":[0.0,0.0,0.0],"yaw":0.0},"position":[0.0,0.00100011611357331,10.9999923706055],"time_ms":19902,"wall_ms":1791536443524.0,"yaw":0.0}
S03R {"ack_input_tick":1000,"cause":"none","correction_m":0.0,"correction_yaw_deg":0.0,"event":"correction","history_exhausted":false,"replay_frames":54,"replay_usec":369,"role":"client","tick":1055,"time_ms":19905,"wall_ms":1791536443528.0}
S03R {"authority_install_error_m":0.0,"entity":2,"event":"apply","pose":{"control":1,"durable":2,"entity":2,"last_input_tick":1000,"position":[6.0,0.00100011611357331,3.38099884986877],"receipt_ms":19901,"sequence":1000,"tick":1194,"velocity":[0.0,0.0,0.0],"yaw":3.14159250259399},"position":[6.0,0.00100011611357331,3.46433210372925],"time_ms":19908,"wall_ms":1791536443530.0,"yaw":0.0}
S03R {"event":"prediction","history_size":55,"position":[6.0,0.00100011611357331,3.46433210372925],"predicted_tick":1055,"role":"client","tick":1055,"time_ms":19910,"wall_ms":1791536443533.0,"yaw":0.0}
S03R {"event":"prediction","history_size":56,"position":[6.0,0.00100011611357331,3.46433210372925],"predicted_tick":1056,"role":"client","tick":1056,"time_ms":19928,"wall_ms":1791536443550.0,"yaw":0.0}
S03R {"event":"prediction","history_size":57,"position":[6.0,0.00100011611357331,3.46433210372925],"predicted_tick":1057,"role":"client","tick":1057,"time_ms":19943,"wall_ms":1791536443566.0,"yaw":0.0}
S03R {"authority_install_error_m":0.0,"entity":1,"event":"apply","pose":{"control":1,"durable":2,"entity":1,"last_input_tick":1034,"position":[0.0,0.00100011611357331,10.9999923706055],"receipt_ms":19948,"sequence":1034,"tick":1197,"velocity":[0.0,0.0,0.0],"yaw":0.0},"position":[0.0,0.00100011611357331,10.9999923706055],"time_ms":19958,"wall_ms":1791536443581.0,"yaw":0.0}
S03R {"ack_input_tick":1041,"cause":"held_timing_or_delivery","correction_m":0.0833332538604736,"correction_yaw_deg":0.0,"event":"correction","history_exhausted":false,"replay_frames":16,"replay_usec":176,"role":"client","tick":1058,"time_ms":19963,"wall_ms":1791536443586.0}
S03R {"authority_install_error_m":0.0,"entity":2,"event":"apply","pose":{"control":1,"durable":2,"entity":2,"last_input_tick":1041,"position":[6.0,0.00100011611357331,3.38099884986877],"receipt_ms":19948,"sequence":1041,"tick":1197,"velocity":[0.0,0.0,0.0],"yaw":0.0},"position":[6.0,0.00100011611357331,3.38099884986877],"time_ms":19967,"wall_ms":1791536443590.0,"yaw":0.0}
S03R {"event":"prediction","history_size":17,"position":[6.0,0.00100011611357331,3.38099884986877],"predicted_tick":1058,"role":"client","tick":1058,"time_ms":19972,"wall_ms":1791536443594.0,"yaw":0.0}
S03R {"event":"prediction","history_size":18,"position":[6.0,0.00100011611357331,3.38099884986877],"predicted_tick":1059,"role":"client","tick":1059,"time_ms":19977,"wall_ms":1791536443600.0,"yaw":0.0}
S03R {"event":"prediction","history_size":19,"position":[6.0,0.00100011611357331,3.38099884986877],"predicted_tick":1060,"role":"client","tick":1060,"time_ms":20004,"wall_ms":1791536443626.0,"yaw":0.0}
S03R {"event":"prediction","history_size":20,"position":[6.0,0.00100011611357331,3.38099884986877],"predicted_tick":1061,"role":"client","tick":1061,"time_ms":20021,"wall_ms":1791536443644.0,"yaw":0.0}
S03R {"event":"prediction","history_size":21,"position":[6.0,0.00100011611357331,3.38099884986877],"predicted_tick":1062,"role":"client","tick":1062,"time_ms":20035,"wall_ms":1791536443658.0,"yaw":0.0}
S03R {"authority_install_error_m":0.0,"entity":1,"event":"apply","pose":{"control":1,"durable":2,"entity":1,"last_input_tick":1037,"position":[0.0,0.00100011611357331,10.9999923706055],"receipt_ms":20039,"sequence":1037,"tick":1200,"velocity":[0.0,0.0,0.0],"yaw":0.0},"position":[0.0,0.00100011611357331,10.9999923706055],"time_ms":20050,"wall_ms":1791536443673.0,"yaw":0.0}
S03R {"ack_input_tick":1045,"cause":"none","correction_m":0.0,"correction_yaw_deg":0.0,"event":"correction","history_exhausted":false,"replay_frames":17,"replay_usec":180,"role":"client","tick":1063,"time_ms":20055,"wall_ms":1791536443677.0}
S03R {"authority_install_error_m":0.0,"entity":2,"event":"apply","pose":{"control":1,"durable":2,"entity":2,"last_input_tick":1045,"position":[6.0,0.00100011611357331,3.38099884986877],"receipt_ms":20039,"sequence":1045,"tick":1200,"velocity":[0.0,0.0,0.0],"yaw":0.0},"position":[6.0,0.00100011611357331,3.38099884986877],"time_ms":20060,"wall_ms":1791536443682.0,"yaw":0.0}
S03R {"event":"prediction","history_size":18,"position":[6.0,0.00100011611357331,3.38099884986877],"predicted_tick":1063,"role":"client","tick":1063,"time_ms":20062,"wall_ms":1791536443685.0,"yaw":0.0}
S03R {"event":"prediction","history_size":19,"position":[6.0,0.00100011611357331,3.38099884986877],"predicted_tick":1064,"role":"client","tick":1064,"time_ms":20065,"wall_ms":1791536443687.0,"yaw":0.0}
S03R {"event":"prediction","history_size":20,"position":[6.0,0.00100011611357331,3.38099884986877],"predicted_tick":1065,"role":"client","tick":1065,"time_ms":20083,"wall_ms":1791536443706.0,"yaw":0.0}
S03R {"authority_install_error_m":0.0,"entity":1,"event":"apply","pose":{"control":1,"durable":2,"entity":1,"last_input_tick":1043,"position":[0.0,0.00100011611357331,10.9999923706055],"receipt_ms":20096,"sequence":1043,"tick":1206,"velocity":[0.0,0.0,0.0],"yaw":0.0},"position":[0.0,0.00100011611357331,10.9999923706055],"time_ms":20097,"wall_ms":1791536443719.0,"yaw":0.0}
S03R {"ack_input_tick":1051,"cause":"none","correction_m":0.0,"correction_yaw_deg":0.0,"event":"correction","history_exhausted":false,"replay_frames":14,"replay_usec":148,"role":"client","tick":1066,"time_ms":20100,"wall_ms":1791536443722.0}
S03R {"authority_install_error_m":0.0,"entity":2,"event":"apply","pose":{"control":1,"durable":2,"entity":2,"last_input_tick":1051,"position":[6.0,0.00100011611357331,3.38099884986877],"receipt_ms":20096,"sequence":1051,"tick":1206,"velocity":[0.0,0.0,0.0],"yaw":0.0},"position":[6.0,0.00100011611357331,3.38099884986877],"time_ms":20104,"wall_ms":1791536443727.0,"yaw":0.0}
S03R {"event":"prediction","history_size":15,"position":[6.0,0.00100011611357331,3.38099884986877],"predicted_tick":1066,"role":"client","tick":1066,"time_ms":20107,"wall_ms":1791536443730.0,"yaw":0.0}
S03R {"event":"prediction","history_size":16,"position":[6.0,0.00100011611357331,3.38099884986877],"predicted_tick":1067,"role":"client","tick":1067,"time_ms":20110,"wall_ms":1791536443733.0,"yaw":0.0}
S03R {"event":"prediction","history_size":17,"position":[6.0,0.00100011611357331,3.38099884986877],"predicted_tick":1068,"role":"client","tick":1068,"time_ms":20130,"wall_ms":1791536443752.0,"yaw":0.0}
S03R {"event":"prediction","history_size":18,"position":[6.0,0.00100011611357331,3.38099884986877],"predicted_tick":1069,"role":"client","tick":1069,"time_ms":20152,"wall_ms":1791536443774.0,"yaw":0.0}
S03R {"authority_install_error_m":0.0,"entity":1,"event":"apply","pose":{"control":1,"durable":2,"entity":1,"last_input_tick":1046,"position":[0.0,0.00100011611357331,10.9999923706055],"receipt_ms":20158,"sequence":1046,"tick":1209,"velocity":[0.0,0.0,0.0],"yaw":0.0},"position":[0.0,0.00100011611357331,10.9999923706055],"time_ms":20158,"wall_ms":1791536443781.0,"yaw":0.0}
S03R {"ack_input_tick":1053,"cause":"none","correction_m":0.0,"correction_yaw_deg":0.0,"event":"correction","history_exhausted":false,"replay_frames":16,"replay_usec":206,"role":"client","tick":1070,"time_ms":20162,"wall_ms":1791536443784.0}
S03R {"authority_install_error_m":0.0,"entity":2,"event":"apply","pose":{"control":1,"durable":2,"entity":2,"last_input_tick":1053,"position":[6.0,0.00100011611357331,3.38099884986877],"receipt_ms":20158,"sequence":1053,"tick":1209,"velocity":[0.0,0.0,0.0],"yaw":0.0},"position":[6.0,0.00100011611357331,3.38099884986877],"time_ms":20166,"wall_ms":1791536443789.0,"yaw":0.0}
S03R {"event":"prediction","history_size":17,"position":[6.0,0.00100011611357331,3.38099884986877],"predicted_tick":1070,"role":"client","tick":1070,"time_ms":20170,"wall_ms":1791536443792.0,"yaw":0.0}
S03R {"authority_install_error_m":0.0,"entity":1,"event":"apply","pose":{"control":1,"durable":2,"entity":1,"last_input_tick":1049,"position":[0.0,0.00100011611357331,10.9999923706055],"receipt_ms":20173,"sequence":1049,"tick":1212,"velocity":[0.0,0.0,0.0],"yaw":0.0},"position":[0.0,0.00100011611357331,10.9999923706055],"time_ms":20173,"wall_ms":1791536443795.0,"yaw":0.0}
S03R {"ack_input_tick":1055,"cause":"none","correction_m":0.0,"correction_yaw_deg":0.0,"event":"correction","history_exhausted":false,"replay_frames":15,"replay_usec":169,"role":"client","tick":1071,"time_ms":20176,"wall_ms":1791536443797.0}
S03R {"authority_install_error_m":0.0,"entity":2,"event":"apply","pose":{"control":1,"durable":2,"entity":2,"last_input_tick":1055,"position":[6.0,0.00100011611357331,3.38099884986877],"receipt_ms":20173,"sequence":1055,"tick":1212,"velocity":[0.0,0.0,0.0],"yaw":0.0},"position":[6.0,0.00100011611357331,3.38099884986877],"time_ms":20179,"wall_ms":1791536443802.0,"yaw":0.0}
S03R {"event":"prediction","history_size":16,"position":[6.0,0.00100011611357331,3.38099884986877],"predicted_tick":1071,"role":"client","tick":1071,"time_ms":20182,"wall_ms":1791536443805.0,"yaw":0.0}
S03R {"event":"prediction","history_size":17,"position":[6.0,0.00100011611357331,3.38099884986877],"predicted_tick":1072,"role":"client","tick":1072,"time_ms":20188,"wall_ms":1791536443810.0,"yaw":0.0}
S03R {"event":"prediction","history_size":18,"position":[6.0,0.00100011611357331,3.38099884986877],"predicted_tick":1073,"role":"client","tick":1073,"time_ms":20209,"wall_ms":1791536443832.0,"yaw":0.0}
S03R {"event":"prediction","history_size":19,"position":[6.0,0.00100011611357331,3.38099884986877],"predicted_tick":1074,"role":"client","tick":1074,"time_ms":20225,"wall_ms":1791536443847.0,"yaw":0.0}
S03R {"authority_install_error_m":0.0,"entity":1,"event":"apply","pose":{"control":1,"durable":2,"entity":1,"last_input_tick":1052,"position":[0.0,0.00100011611357331,10.9999923706055],"receipt_ms":20230,"sequence":1052,"tick":1215,"velocity":[0.0,0.0,0.0],"yaw":0.0},"position":[0.0,0.00100011611357331,10.9999923706055],"time_ms":20242,"wall_ms":1791536443864.0,"yaw":0.0}
S03R {"ack_input_tick":1057,"cause":"none","correction_m":0.0,"correction_yaw_deg":0.0,"event":"correction","history_exhausted":false,"replay_frames":17,"replay_usec":172,"role":"client","tick":1075,"time_ms":20246,"wall_ms":1791536443868.0}
S03R {"authority_install_error_m":0.0,"entity":2,"event":"apply","pose":{"control":1,"durable":2,"entity":2,"last_input_tick":1057,"position":[6.0,0.00100011611357331,3.38099884986877],"receipt_ms":20230,"sequence":1057,"tick":1215,"velocity":[0.0,0.0,0.0],"yaw":0.0},"position":[6.0,0.00100011611357331,3.38099884986877],"time_ms":20250,"wall_ms":1791536443872.0,"yaw":0.0}
S03R {"event":"prediction","history_size":18,"position":[6.0,0.00100011611357331,3.38099884986877],"predicted_tick":1075,"role":"client","tick":1075,"time_ms":20252,"wall_ms":1791536443875.0,"yaw":0.0}
S03R {"event":"prediction","history_size":19,"position":[6.0,0.00100011611357331,3.38099884986877],"predicted_tick":1076,"role":"client","tick":1076,"time_ms":20256,"wall_ms":1791536443878.0,"yaw":0.0}
S03R {"event":"prediction","history_size":20,"position":[6.0,0.00100011611357331,3.38099884986877],"predicted_tick":1077,"role":"client","tick":1077,"time_ms":20272,"wall_ms":1791536443895.0,"yaw":0.0}
S03R {"event":"prediction","history_size":21,"position":[6.0,0.00100011611357331,3.38099884986877],"predicted_tick":1078,"role":"client","tick":1078,"time_ms":20288,"wall_ms":1791536443910.0,"yaw":0.0}
S03R {"authority_install_error_m":0.0,"entity":1,"event":"apply","pose":{"control":1,"durable":2,"entity":1,"last_input_tick":1055,"position":[0.0,0.00100011611357331,10.9999923706055],"receipt_ms":20293,"sequence":1055,"tick":1218,"velocity":[0.0,0.0,0.0],"yaw":0.0},"position":[0.0,0.00100011611357331,10.9999923706055],"time_ms":20304,"wall_ms":1791536443926.0,"yaw":0.0}
S03R {"ack_input_tick":1062,"cause":"none","correction_m":0.0,"correction_yaw_deg":0.0,"event":"correction","history_exhausted":false,"replay_frames":16,"replay_usec":317,"role":"client","tick":1079,"time_ms":20308,"wall_ms":1791536443929.0}
S03R {"authority_install_error_m":0.0,"entity":2,"event":"apply","pose":{"control":1,"durable":2,"entity":2,"last_input_tick":1062,"position":[6.0,0.00100011611357331,3.38099884986877],"receipt_ms":20293,"sequence":1062,"tick":1218,"velocity":[0.0,0.0,0.0],"yaw":0.0},"position":[6.0,0.00100011611357331,3.38099884986877],"time_ms":20312,"wall_ms":1791536443934.0,"yaw":0.0}
S03R {"event":"prediction","history_size":17,"position":[6.0,0.00100011611357331,3.38099884986877],"predicted_tick":1079,"role":"client","tick":1079,"time_ms":20315,"wall_ms":1791536443937.0,"yaw":0.0}
S03R {"entity":2,"event":"resync_request","health":70,"role":"client","time_ms":20318,"wall_ms":1791536443939.0}
S03R {"event":"prediction","history_size":17,"position":[6.0,0.00100011611357331,3.38099884986877],"predicted_tick":1079,"role":"client","tick":1080,"time_ms":20320,"wall_ms":1791536443942.0,"yaw":0.0}
S03R {"event":"prediction","history_size":17,"position":[6.0,0.00100011611357331,3.38099884986877],"predicted_tick":1079,"role":"client","tick":1081,"time_ms":20334,"wall_ms":1791536443956.0,"yaw":0.0}
S03R {"event":"prediction","history_size":17,"position":[6.0,0.00100011611357331,3.38099884986877],"predicted_tick":1079,"role":"client","tick":1082,"time_ms":20349,"wall_ms":1791536443971.0,"yaw":0.0}
S03R {"event":"prediction","history_size":17,"position":[6.0,0.00100011611357331,3.38099884986877],"predicted_tick":1079,"role":"client","tick":1083,"time_ms":20366,"wall_ms":1791536443988.0,"yaw":0.0}
S03R {"authority_install_error_m":0.0,"entity":1,"event":"apply","pose":{"control":1,"durable":2,"entity":1,"last_input_tick":1061,"position":[0.0,0.00100011611357331,10.9999923706055],"receipt_ms":20380,"sequence":1061,"tick":1224,"velocity":[0.0,0.0,0.0],"yaw":0.0},"position":[0.0,0.00100011611357331,10.9999923706055],"time_ms":20395,"wall_ms":1791536444018.0,"yaw":0.0}
S03R {"ack_input_tick":1066,"cause":"none","correction_m":0.0,"correction_yaw_deg":0.0,"event":"correction","history_exhausted":false,"replay_frames":13,"replay_usec":258,"role":"client","tick":1084,"time_ms":20400,"wall_ms":1791536444023.0}
S03R {"authority_install_error_m":0.0,"entity":2,"event":"apply","pose":{"control":1,"durable":2,"entity":2,"last_input_tick":1066,"position":[6.0,0.00100011611357331,3.38099884986877],"receipt_ms":20380,"sequence":1066,"tick":1224,"velocity":[0.0,0.0,0.0],"yaw":0.0},"position":[6.0,0.00100011611357331,3.38099884986877],"time_ms":20404,"wall_ms":1791536444026.0,"yaw":0.0}
S03R {"event":"prediction","history_size":13,"position":[6.0,0.00100011611357331,3.38099884986877],"predicted_tick":1079,"role":"client","tick":1084,"time_ms":20407,"wall_ms":1791536444029.0,"yaw":0.0}
S03R {"event":"prediction","history_size":13,"position":[6.0,0.00100011611357331,3.38099884986877],"predicted_tick":1079,"role":"client","tick":1085,"time_ms":20411,"wall_ms":1791536444032.0,"yaw":0.0}
S03R {"event":"prediction","history_size":13,"position":[6.0,0.00100011611357331,3.38099884986877],"predicted_tick":1079,"role":"client","tick":1086,"time_ms":20441,"wall_ms":1791536444064.0,"yaw":0.0}
S03R {"event":"prediction","history_size":13,"position":[6.0,0.00100011611357331,3.38099884986877],"predicted_tick":1079,"role":"client","tick":1087,"time_ms":20448,"wall_ms":1791536444071.0,"yaw":0.0}
S03R {"event":"prediction","history_size":13,"position":[6.0,0.00100011611357331,3.38099884986877],"predicted_tick":1079,"role":"client","tick":1088,"time_ms":20472,"wall_ms":1791536444094.0,"yaw":0.0}
S03R {"event":"prediction","history_size":13,"position":[6.0,0.00100011611357331,3.38099884986877],"predicted_tick":1079,"role":"client","tick":1089,"time_ms":20487,"wall_ms":1791536444110.0,"yaw":0.0}
S03R {"event":"prediction","history_size":13,"position":[6.0,0.00100011611357331,3.38099884986877],"predicted_tick":1079,"role":"client","tick":1090,"time_ms":20501,"wall_ms":1791536444124.0,"yaw":0.0}
S03R {"authority_install_error_m":0.0,"entity":1,"event":"apply","pose":{"control":1,"durable":2,"entity":1,"last_input_tick":1064,"position":[0.0,0.00100011611357331,10.9999923706055],"receipt_ms":20504,"sequence":1064,"tick":1227,"velocity":[0.0,0.0,0.0],"yaw":0.0},"position":[0.0,0.00100011611357331,10.9999923706055],"time_ms":20518,"wall_ms":1791536444140.0,"yaw":0.0}
S03R {"ack_input_tick":1068,"cause":"none","correction_m":0.0,"correction_yaw_deg":0.0,"event":"correction","history_exhausted":false,"replay_frames":11,"replay_usec":163,"role":"client","tick":1091,"time_ms":20521,"wall_ms":1791536444143.0}
S03R {"authority_install_error_m":0.0,"entity":2,"event":"apply","pose":{"control":1,"durable":2,"entity":2,"last_input_tick":1068,"position":[6.0,0.00100011611357331,3.38099884986877],"receipt_ms":20504,"sequence":1068,"tick":1227,"velocity":[0.0,0.0,0.0],"yaw":0.0},"position":[6.0,0.00100011611357331,3.38099884986877],"time_ms":20524,"wall_ms":1791536444147.0,"yaw":0.0}
S03R {"event":"prediction","history_size":11,"position":[6.0,0.00100011611357331,3.38099884986877],"predicted_tick":1079,"role":"client","tick":1091,"time_ms":20526,"wall_ms":1791536444149.0,"yaw":0.0}
S03R {"authority_install_error_m":0.0,"entity":1,"event":"apply","pose":{"control":1,"durable":2,"entity":1,"last_input_tick":1067,"position":[0.0,0.00100011611357331,10.9999923706055],"receipt_ms":20529,"sequence":1067,"tick":1230,"velocity":[0.0,0.0,0.0],"yaw":0.0},"position":[0.0,0.00100011611357331,10.9999923706055],"time_ms":20530,"wall_ms":1791536444152.0,"yaw":0.0}
S03R {"ack_input_tick":1076,"cause":"none","correction_m":0.0,"correction_yaw_deg":0.0,"event":"correction","history_exhausted":false,"replay_frames":3,"replay_usec":76,"role":"client","tick":1092,"time_ms":20532,"wall_ms":1791536444155.0}
S03R {"authority_install_error_m":0.0,"entity":2,"event":"apply","pose":{"control":1,"durable":2,"entity":2,"last_input_tick":1076,"position":[6.0,0.00100011611357331,3.38099884986877],"receipt_ms":20529,"sequence":1076,"tick":1230,"velocity":[0.0,0.0,0.0],"yaw":0.0},"position":[6.0,0.00100011611357331,3.38099884986877],"time_ms":20535,"wall_ms":1791536444158.0,"yaw":0.0}
S03R {"event":"prediction","history_size":3,"position":[6.0,0.00100011611357331,3.38099884986877],"predicted_tick":1079,"role":"client","tick":1092,"time_ms":20540,"wall_ms":1791536444162.0,"yaw":0.0}
S03R {"event":"prediction","history_size":3,"position":[6.0,0.00100011611357331,3.38099884986877],"predicted_tick":1079,"role":"client","tick":1093,"time_ms":20545,"wall_ms":1791536444167.0,"yaw":0.0}
S03R {"event":"prediction","history_size":3,"position":[6.0,0.00100011611357331,3.38099884986877],"predicted_tick":1079,"role":"client","tick":1094,"time_ms":20565,"wall_ms":1791536444188.0,"yaw":0.0}
S03R {"authority_install_error_m":0.0,"entity":1,"event":"apply","pose":{"control":1,"durable":2,"entity":1,"last_input_tick":1073,"position":[0.0,0.00100011611357331,10.9999923706055],"receipt_ms":20571,"sequence":1073,"tick":1236,"velocity":[0.0,0.0,0.0],"yaw":0.0},"position":[0.0,0.00100011611357331,10.9999923706055],"time_ms":20572,"wall_ms":1791536444195.0,"yaw":0.0}
S03R {"ack_input_tick":1078,"cause":"none","correction_m":0.0,"correction_yaw_deg":0.0,"event":"correction","history_exhausted":false,"replay_frames":1,"replay_usec":61,"role":"client","tick":1095,"time_ms":20575,"wall_ms":1791536444197.0}
S03R {"authority_install_error_m":0.0,"entity":2,"event":"apply","pose":{"control":1,"durable":2,"entity":2,"last_input_tick":1078,"position":[6.0,0.00100011611357331,3.38099884986877],"receipt_ms":20571,"sequence":1078,"tick":1236,"velocity":[0.0,0.0,0.0],"yaw":0.0},"position":[6.0,0.00100011611357331,3.38099884986877],"time_ms":20577,"wall_ms":1791536444200.0,"yaw":0.0}
S03R {"event":"prediction","history_size":1,"position":[6.0,0.00100011611357331,3.38099884986877],"predicted_tick":1079,"role":"client","tick":1095,"time_ms":20580,"wall_ms":1791536444203.0,"yaw":0.0}
S03R {"event":"prediction","history_size":1,"position":[6.0,0.00100011611357331,3.38099884986877],"predicted_tick":1079,"role":"client","tick":1096,"time_ms":20596,"wall_ms":1791536444218.0,"yaw":0.0}
S03R {"event":"prediction","history_size":1,"position":[6.0,0.00100011611357331,3.38099884986877],"predicted_tick":1079,"role":"client","tick":1097,"time_ms":20611,"wall_ms":1791536444234.0,"yaw":0.0}
S03R {"event":"prediction","history_size":1,"position":[6.0,0.00100011611357331,3.38099884986877],"predicted_tick":1079,"role":"client","tick":1098,"time_ms":20626,"wall_ms":1791536444249.0,"yaw":0.0}
S03R {"event":"prediction","history_size":1,"position":[6.0,0.00100011611357331,3.38099884986877],"predicted_tick":1079,"role":"client","tick":1099,"time_ms":20643,"wall_ms":1791536444265.0,"yaw":0.0}
S03R {"event":"prediction","history_size":1,"position":[6.0,0.00100011611357331,3.38099884986877],"predicted_tick":1079,"role":"client","tick":1100,"time_ms":20650,"wall_ms":1791536444272.0,"yaw":0.0}
S03R {"event":"prediction","history_size":1,"position":[6.0,0.00100011611357331,3.38099884986877],"predicted_tick":1079,"role":"client","tick":1101,"time_ms":20672,"wall_ms":1791536444295.0,"yaw":0.0}
S03R {"event":"prediction","history_size":0,"position":[6.0,0.00100011611357331,3.38099884986877],"predicted_tick":0,"role":"client","tick":1102,"time_ms":20685,"wall_ms":1791536444307.0,"yaw":0.0}
S03R {"event":"prediction","history_size":0,"position":[6.0,0.00100011611357331,3.38099884986877],"predicted_tick":0,"role":"client","tick":1103,"time_ms":20704,"wall_ms":1791536444327.0,"yaw":0.0}
S03R {"event":"prediction","history_size":0,"position":[6.0,0.00100011611357331,3.38099884986877],"predicted_tick":0,"role":"client","tick":1104,"time_ms":20719,"wall_ms":1791536444341.0,"yaw":0.0}
S03R {"event":"prediction","history_size":0,"position":[6.0,0.00100011611357331,3.38099884986877],"predicted_tick":0,"role":"client","tick":1105,"time_ms":20734,"wall_ms":1791536444357.0,"yaw":0.0}
S03R {"event":"prediction","history_size":0,"position":[6.0,0.00100011611357331,3.38099884986877],"predicted_tick":0,"role":"client","tick":1106,"time_ms":20750,"wall_ms":1791536444372.0,"yaw":0.0}
S03R {"event":"prediction","history_size":0,"position":[6.0,0.00100011611357331,3.38099884986877],"predicted_tick":0,"role":"client","tick":1107,"time_ms":20780,"wall_ms":1791536444402.0,"yaw":0.0}
S03R {"event":"prediction","history_size":0,"position":[6.0,0.00100011611357331,3.38099884986877],"predicted_tick":0,"role":"client","tick":1108,"time_ms":20795,"wall_ms":1791536444417.0,"yaw":0.0}
S03R {"event":"prediction","history_size":0,"position":[6.0,0.00100011611357331,3.38099884986877],"predicted_tick":0,"role":"client","tick":1109,"time_ms":20801,"wall_ms":1791536444423.0,"yaw":0.0}
S03R {"event":"prediction","history_size":0,"position":[6.0,0.00100011611357331,3.38099884986877],"predicted_tick":0,"role":"client","tick":1110,"time_ms":20827,"wall_ms":1791536444449.0,"yaw":0.0}
S03R {"event":"prediction","history_size":0,"position":[6.0,0.00100011611357331,3.38099884986877],"predicted_tick":0,"role":"client","tick":1111,"time_ms":20833,"wall_ms":1791536444456.0,"yaw":0.0}
S03R {"event":"prediction","history_size":0,"position":[6.0,0.00100011611357331,3.38099884986877],"predicted_tick":0,"role":"client","tick":1112,"time_ms":20858,"wall_ms":1791536444481.0,"yaw":0.0}
S03R {"event":"prediction","history_size":0,"position":[6.0,0.00100011611357331,3.38099884986877],"predicted_tick":0,"role":"client","tick":1113,"time_ms":20892,"wall_ms":1791536444514.0,"yaw":0.0}
S03R {"event":"prediction","history_size":0,"position":[6.0,0.00100011611357331,3.38099884986877],"predicted_tick":0,"role":"client","tick":1114,"time_ms":20898,"wall_ms":1791536444521.0,"yaw":0.0}
S03R {"event":"prediction","history_size":0,"position":[6.0,0.00100011611357331,3.38099884986877],"predicted_tick":0,"role":"client","tick":1115,"time_ms":20922,"wall_ms":1791536444544.0,"yaw":0.0}
S03R {"event":"prediction","history_size":0,"position":[6.0,0.00100011611357331,3.38099884986877],"predicted_tick":0,"role":"client","tick":1116,"time_ms":20928,"wall_ms":1791536444551.0,"yaw":0.0}
S03R {"event":"prediction","history_size":0,"position":[6.0,0.00100011611357331,3.38099884986877],"predicted_tick":0,"role":"client","tick":1117,"time_ms":20952,"wall_ms":1791536444574.0,"yaw":0.0}
S03R {"event":"prediction","history_size":0,"position":[6.0,0.00100011611357331,3.38099884986877],"predicted_tick":0,"role":"client","tick":1118,"time_ms":20959,"wall_ms":1791536444581.0,"yaw":0.0}
S03R {"event":"prediction","history_size":0,"position":[6.0,0.00100011611357331,3.38099884986877],"predicted_tick":0,"role":"client","tick":1119,"time_ms":20983,"wall_ms":1791536444605.0,"yaw":0.0}
S03R {"event":"prediction","history_size":0,"position":[6.0,0.00100011611357331,3.38099884986877],"predicted_tick":0,"role":"client","tick":1120,"time_ms":20997,"wall_ms":1791536444619.0,"yaw":0.0}
S03R {"event":"prediction","history_size":0,"position":[6.0,0.00100011611357331,3.38099884986877],"predicted_tick":0,"role":"client","tick":1121,"time_ms":21014,"wall_ms":1791536444637.0,"yaw":0.0}
S03R {"event":"prediction","history_size":0,"position":[6.0,0.00100011611357331,3.38099884986877],"predicted_tick":0,"role":"client","tick":1122,"time_ms":21031,"wall_ms":1791536444654.0,"yaw":0.0}
S03R {"event":"prediction","history_size":0,"position":[6.0,0.00100011611357331,3.38099884986877],"predicted_tick":0,"role":"client","tick":1123,"time_ms":21038,"wall_ms":1791536444660.0,"yaw":0.0}
S03R {"event":"prediction","history_size":0,"position":[6.0,0.00100011611357331,3.38099884986877],"predicted_tick":0,"role":"client","tick":1124,"time_ms":21059,"wall_ms":1791536444682.0,"yaw":0.0}
S03R {"event":"prediction","history_size":0,"position":[6.0,0.00100011611357331,3.38099884986877],"predicted_tick":0,"role":"client","tick":1125,"time_ms":21076,"wall_ms":1791536444699.0,"yaw":0.0}
S03R {"event":"prediction","history_size":0,"position":[6.0,0.00100011611357331,3.38099884986877],"predicted_tick":0,"role":"client","tick":1126,"time_ms":21091,"wall_ms":1791536444713.0,"yaw":0.0}
S03R {"event":"prediction","history_size":0,"position":[6.0,0.00100011611357331,3.38099884986877],"predicted_tick":0,"role":"client","tick":1127,"time_ms":21107,"wall_ms":1791536444729.0,"yaw":0.0}
S03R {"event":"prediction","history_size":0,"position":[6.0,0.00100011611357331,3.38099884986877],"predicted_tick":0,"role":"client","tick":1128,"time_ms":21122,"wall_ms":1791536444744.0,"yaw":0.0}
S03R {"event":"prediction","history_size":0,"position":[6.0,0.00100011611357331,3.38099884986877],"predicted_tick":0,"role":"client","tick":1129,"time_ms":21136,"wall_ms":1791536444759.0,"yaw":0.0}
S03R {"event":"prediction","history_size":0,"position":[6.0,0.00100011611357331,3.38099884986877],"predicted_tick":0,"role":"client","tick":1130,"time_ms":21151,"wall_ms":1791536444774.0,"yaw":0.0}
S03R {"event":"prediction","history_size":0,"position":[6.0,0.00100011611357331,3.38099884986877],"predicted_tick":0,"role":"client","tick":1131,"time_ms":21169,"wall_ms":1791536444791.0,"yaw":0.0}
S03R {"event":"prediction","history_size":0,"position":[6.0,0.00100011611357331,3.38099884986877],"predicted_tick":0,"role":"client","tick":1132,"time_ms":21183,"wall_ms":1791536444805.0,"yaw":0.0}
S03R {"event":"prediction","history_size":0,"position":[6.0,0.00100011611357331,3.38099884986877],"predicted_tick":0,"role":"client","tick":1133,"time_ms":21213,"wall_ms":1791536444835.0,"yaw":0.0}
S03R {"control":2,"entity":2,"event":"resync_applied","health":70,"role":"client","time_ms":21219,"wall_ms":1791536444841.0}
S03R {"ack_input_tick":0,"cause":"none","correction_m":0.0,"correction_yaw_deg":0.0,"event":"correction","history_exhausted":false,"replay_frames":0,"replay_usec":18,"role":"client","tick":1134,"time_ms":21222,"wall_ms":1791536444845.0}
S03R {"authority_install_error_m":0.0,"entity":2,"event":"apply","pose":{"control":2,"durable":4,"entity":2,"last_input_tick":0,"position":[6.0,0.00100011611357331,3.38099884986877],"receipt_ms":21218,"sequence":0,"tick":1273,"velocity":[0.0,0.0,0.0],"yaw":0.0},"position":[6.0,0.00100011611357331,3.38099884986877],"time_ms":21224,"wall_ms":1791536444847.0,"yaw":0.0}
S03R {"event":"prediction","history_size":1,"position":[6.0,0.00100011611357331,3.38099884986877],"predicted_tick":1134,"role":"client","tick":1134,"time_ms":21227,"wall_ms":1791536444849.0,"yaw":0.0}
S03R {"authority_install_error_m":0.0,"entity":1,"event":"apply","pose":{"control":1,"durable":4,"entity":1,"last_input_tick":1112,"position":[0.0,0.00100011611357331,10.9999923706055],"receipt_ms":21230,"sequence":1112,"tick":1275,"velocity":[0.0,0.0,0.0],"yaw":0.0},"position":[0.0,0.00100011611357331,10.9999923706055],"time_ms":21243,"wall_ms":1791536444866.0,"yaw":0.0}
S03R {"ack_input_tick":0,"cause":"none","correction_m":0.0,"correction_yaw_deg":0.0,"event":"correction","history_exhausted":false,"replay_frames":1,"replay_usec":71,"role":"client","tick":1135,"time_ms":21246,"wall_ms":1791536444869.0}
S03R {"authority_install_error_m":0.0,"entity":2,"event":"apply","pose":{"control":2,"durable":4,"entity":2,"last_input_tick":0,"position":[6.0,0.00100011611357331,3.38099884986877],"receipt_ms":21230,"sequence":0,"tick":1275,"velocity":[0.0,0.0,0.0],"yaw":0.0},"position":[6.0,0.00100011611357331,3.38099884986877],"time_ms":21252,"wall_ms":1791536444875.0,"yaw":0.0}
S03R {"event":"prediction","history_size":2,"position":[6.0,0.00100011611357331,3.38099884986877],"predicted_tick":1135,"role":"client","tick":1135,"time_ms":21256,"wall_ms":1791536444879.0,"yaw":0.0}
S03R {"event":"prediction","history_size":3,"position":[6.0,0.00100011611357331,3.38099884986877],"predicted_tick":1136,"role":"client","tick":1136,"time_ms":21275,"wall_ms":1791536444897.0,"yaw":0.0}
S03R {"event":"prediction","history_size":4,"position":[6.0,0.00100011611357331,3.38099884986877],"predicted_tick":1137,"role":"client","tick":1137,"time_ms":21290,"wall_ms":1791536444913.0,"yaw":0.0}
S03R {"event":"prediction","history_size":5,"position":[6.0,0.00100011611357331,3.38099884986877],"predicted_tick":1138,"role":"client","tick":1138,"time_ms":21309,"wall_ms":1791536444931.0,"yaw":0.0}
S03R {"event":"prediction","history_size":6,"position":[6.0,0.00100011611357331,3.38099884986877],"predicted_tick":1139,"role":"client","tick":1139,"time_ms":21323,"wall_ms":1791536444944.0,"yaw":0.0}
S03R {"event":"prediction","history_size":7,"position":[6.0,0.00100011611357331,3.38099884986877],"predicted_tick":1140,"role":"client","tick":1140,"time_ms":21338,"wall_ms":1791536444960.0,"yaw":0.0}
S03R {"event":"prediction","history_size":8,"position":[6.0,0.00100011611357331,3.38099884986877],"predicted_tick":1141,"role":"client","tick":1141,"time_ms":21353,"wall_ms":1791536444975.0,"yaw":0.0}
S03R {"authority_install_error_m":0.0,"entity":1,"event":"apply","pose":{"control":1,"durable":4,"entity":1,"last_input_tick":1115,"position":[0.0,0.00100011611357331,10.9999923706055],"receipt_ms":21359,"sequence":1115,"tick":1278,"velocity":[0.0,0.0,0.0],"yaw":0.0},"position":[0.0,0.00100011611357331,10.9999923706055],"time_ms":21369,"wall_ms":1791536444992.0,"yaw":0.0}
S03R {"ack_input_tick":0,"cause":"none","correction_m":0.0,"correction_yaw_deg":0.0,"event":"correction","history_exhausted":false,"replay_frames":8,"replay_usec":167,"role":"client","tick":1142,"time_ms":21374,"wall_ms":1791536444997.0}
S03R {"authority_install_error_m":0.0,"entity":2,"event":"apply","pose":{"control":2,"durable":4,"entity":2,"last_input_tick":0,"position":[6.0,0.00100011611357331,3.38099884986877],"receipt_ms":21359,"sequence":0,"tick":1278,"velocity":[0.0,0.0,0.0],"yaw":0.0},"position":[6.0,0.00100011611357331,3.38099884986877],"time_ms":21378,"wall_ms":1791536445000.0,"yaw":0.0}
S03R {"event":"prediction","history_size":9,"position":[6.0,0.00100011611357331,3.38099884986877],"predicted_tick":1142,"role":"client","tick":1142,"time_ms":21381,"wall_ms":1791536445003.0,"yaw":0.0}
S03R {"authority_install_error_m":0.0,"entity":1,"event":"apply","pose":{"control":1,"durable":4,"entity":1,"last_input_tick":1118,"position":[0.0,0.00100011611357331,10.9999923706055],"receipt_ms":21384,"sequence":1118,"tick":1281,"velocity":[0.0,0.0,0.0],"yaw":0.0},"position":[0.0,0.00100011611357331,10.9999923706055],"time_ms":21384,"wall_ms":1791536445007.0,"yaw":0.0}
S03R {"ack_input_tick":0,"cause":"none","correction_m":0.0,"correction_yaw_deg":0.0,"event":"correction","history_exhausted":false,"replay_frames":9,"replay_usec":163,"role":"client","tick":1143,"time_ms":21387,"wall_ms":1791536445009.0}
S03R {"authority_install_error_m":0.0,"entity":2,"event":"apply","pose":{"control":2,"durable":4,"entity":2,"last_input_tick":0,"position":[6.0,0.00100011611357331,3.38099884986877],"receipt_ms":21384,"sequence":0,"tick":1281,"velocity":[0.0,0.0,0.0],"yaw":0.0},"position":[6.0,0.00100011611357331,3.38099884986877],"time_ms":21390,"wall_ms":1791536445012.0,"yaw":0.0}
S03R {"event":"prediction","history_size":10,"position":[6.0,0.00100011611357331,3.38099884986877],"predicted_tick":1143,"role":"client","tick":1143,"time_ms":21392,"wall_ms":1791536445015.0,"yaw":0.0}
S03R {"authority_install_error_m":0.0,"entity":1,"event":"apply","pose":{"control":1,"durable":4,"entity":1,"last_input_tick":1121,"position":[0.0,0.00100011611357331,10.9999923706055],"receipt_ms":21395,"sequence":1121,"tick":1284,"velocity":[0.0,0.0,0.0],"yaw":0.0},"position":[0.0,0.00100011611357331,10.9999923706055],"time_ms":21396,"wall_ms":1791536445017.0,"yaw":0.0}
S03R {"ack_input_tick":0,"cause":"none","correction_m":0.0,"correction_yaw_deg":0.0,"event":"correction","history_exhausted":false,"replay_frames":10,"replay_usec":146,"role":"client","tick":1144,"time_ms":21398,"wall_ms":1791536445021.0}
S03R {"authority_install_error_m":0.0,"entity":2,"event":"apply","pose":{"control":2,"durable":4,"entity":2,"last_input_tick":0,"position":[6.0,0.00100011611357331,3.38099884986877],"receipt_ms":21395,"sequence":0,"tick":1284,"velocity":[0.0,0.0,0.0],"yaw":0.0},"position":[6.0,0.00100011611357331,3.38099884986877],"time_ms":21401,"wall_ms":1791536445023.0,"yaw":0.0}
S03R {"event":"prediction","history_size":11,"position":[6.0,0.00100011611357331,3.38099884986877],"predicted_tick":1144,"role":"client","tick":1144,"time_ms":21405,"wall_ms":1791536445027.0,"yaw":0.0}
S03R {"event":"prediction","history_size":12,"position":[6.0,0.00100011611357331,3.38099884986877],"predicted_tick":1145,"role":"client","tick":1145,"time_ms":21410,"wall_ms":1791536445033.0,"yaw":0.0}
S03R {"event":"prediction","history_size":13,"position":[6.0,0.00100011611357331,3.38099884986877],"predicted_tick":1146,"role":"client","tick":1146,"time_ms":21430,"wall_ms":1791536445052.0,"yaw":0.0}
S03R {"event":"prediction","history_size":14,"position":[6.0,0.00100011611357331,3.38099884986877],"predicted_tick":1147,"role":"client","tick":1147,"time_ms":21446,"wall_ms":1791536445069.0,"yaw":0.0}
S03R {"event":"prediction","history_size":15,"position":[6.0,0.00100011611357331,3.38099884986877],"predicted_tick":1148,"role":"client","tick":1148,"time_ms":21462,"wall_ms":1791536445083.0,"yaw":0.0}
S03R {"authority_install_error_m":0.0,"entity":1,"event":"apply","pose":{"control":1,"durable":4,"entity":1,"last_input_tick":1124,"position":[0.0,0.00100011611357331,10.9999923706055],"receipt_ms":21467,"sequence":1124,"tick":1287,"velocity":[0.0,0.0,0.0],"yaw":0.0},"position":[0.0,0.00100011611357331,10.9999923706055],"time_ms":21476,"wall_ms":1791536445099.0,"yaw":0.0}
S03R {"ack_input_tick":0,"cause":"none","correction_m":0.0,"correction_yaw_deg":0.0,"event":"correction","history_exhausted":false,"replay_frames":15,"replay_usec":223,"role":"client","tick":1149,"time_ms":21479,"wall_ms":1791536445102.0}
S03R {"authority_install_error_m":0.0,"entity":2,"event":"apply","pose":{"control":2,"durable":4,"entity":2,"last_input_tick":0,"position":[6.0,0.00100011611357331,3.38099884986877],"receipt_ms":21467,"sequence":0,"tick":1287,"velocity":[0.0,0.0,0.0],"yaw":0.0},"position":[6.0,0.00100011611357331,3.38099884986877],"time_ms":21483,"wall_ms":1791536445105.0,"yaw":0.0}
S03R {"event":"prediction","history_size":16,"position":[6.0,0.00100011611357331,3.38099884986877],"predicted_tick":1149,"role":"client","tick":1149,"time_ms":21487,"wall_ms":1791536445109.0,"yaw":0.0}
S03R {"event":"prediction","history_size":17,"position":[6.0,0.00100011611357331,3.38099884986877],"predicted_tick":1150,"role":"client","tick":1150,"time_ms":21491,"wall_ms":1791536445113.0,"yaw":0.0}
S03R {"event":"prediction","history_size":18,"position":[6.0,0.00100011611357331,3.38099884986877],"predicted_tick":1151,"role":"client","tick":1151,"time_ms":21513,"wall_ms":1791536445135.0,"yaw":0.0}
S03R {"event":"prediction","history_size":19,"position":[6.0,0.00100011611357331,3.38099884986877],"predicted_tick":1152,"role":"client","tick":1152,"time_ms":21519,"wall_ms":1791536445141.0,"yaw":0.0}
S03R {"event":"prediction","history_size":20,"position":[6.0,0.00100011611357331,3.38099884986877],"predicted_tick":1153,"role":"client","tick":1153,"time_ms":21538,"wall_ms":1791536445161.0,"yaw":0.0}
S03R {"authority_install_error_m":0.0,"entity":1,"event":"apply","pose":{"control":1,"durable":4,"entity":1,"last_input_tick":1127,"position":[0.0,0.00100011611357331,10.9999923706055],"receipt_ms":21543,"sequence":1127,"tick":1290,"velocity":[0.0,0.0,0.0],"yaw":0.0},"position":[0.0,0.00100011611357331,10.9999923706055],"time_ms":21554,"wall_ms":1791536445177.0,"yaw":0.0}
S03R {"ack_input_tick":1134,"cause":"none","correction_m":0.0,"correction_yaw_deg":0.0,"event":"correction","history_exhausted":false,"replay_frames":19,"replay_usec":200,"role":"client","tick":1154,"time_ms":21558,"wall_ms":1791536445180.0}
S03R {"authority_install_error_m":0.0,"entity":2,"event":"apply","pose":{"control":2,"durable":4,"entity":2,"last_input_tick":1134,"position":[6.0,0.00100011611357331,3.38099884986877],"receipt_ms":21543,"sequence":1,"tick":1290,"velocity":[0.0,0.0,0.0],"yaw":0.0},"position":[6.0,0.00100011611357331,3.38099884986877],"time_ms":21561,"wall_ms":1791536445183.0,"yaw":0.0}
S03R {"event":"prediction","history_size":20,"position":[6.0,0.00100011611357331,3.38099884986877],"predicted_tick":1154,"role":"client","tick":1154,"time_ms":21566,"wall_ms":1791536445188.0,"yaw":0.0}
S03R {"authority_install_error_m":0.0,"entity":1,"event":"apply","pose":{"control":1,"durable":4,"entity":1,"last_input_tick":1130,"position":[0.0,0.00100011611357331,10.9999923706055],"receipt_ms":21571,"sequence":1130,"tick":1293,"velocity":[0.0,0.0,0.0],"yaw":0.0},"position":[0.0,0.00100011611357331,10.9999923706055],"time_ms":21571,"wall_ms":1791536445193.0,"yaw":0.0}
S03R {"ack_input_tick":1134,"cause":"none","correction_m":0.0,"correction_yaw_deg":0.0,"event":"correction","history_exhausted":false,"replay_frames":20,"replay_usec":130,"role":"client","tick":1155,"time_ms":21574,"wall_ms":1791536445197.0}
S03R {"authority_install_error_m":0.0,"entity":2,"event":"apply","pose":{"control":2,"durable":4,"entity":2,"last_input_tick":1134,"position":[6.0,0.00100011611357331,3.38099884986877],"receipt_ms":21571,"sequence":1,"tick":1293,"velocity":[0.0,0.0,0.0],"yaw":0.0},"position":[6.0,0.00100011611357331,3.38099884986877],"time_ms":21576,"wall_ms":1791536445198.0,"yaw":0.0}
S03R {"event":"prediction","history_size":21,"position":[6.0,0.00100011611357331,3.38099884986877],"predicted_tick":1155,"role":"client","tick":1155,"time_ms":21579,"wall_ms":1791536445201.0,"yaw":0.0}
S03R {"event":"prediction","history_size":22,"position":[6.0,0.00100011611357331,3.38099884986877],"predicted_tick":1156,"role":"client","tick":1156,"time_ms":21587,"wall_ms":1791536445209.0,"yaw":0.0}
S03R {"event":"prediction","history_size":23,"position":[6.0,0.00100011611357331,3.38099884986877],"predicted_tick":1157,"role":"client","tick":1157,"time_ms":21602,"wall_ms":1791536445224.0,"yaw":0.0}
S03R {"authority_install_error_m":0.0,"entity":1,"event":"apply","pose":{"control":1,"durable":4,"entity":1,"last_input_tick":1133,"position":[0.0,0.00100011611357331,10.9999923706055],"receipt_ms":21605,"sequence":1133,"tick":1296,"velocity":[0.0,0.0,0.0],"yaw":0.0},"position":[0.0,0.00100011611357331,10.9999923706055],"time_ms":21617,"wall_ms":1791536445239.0,"yaw":0.0}
S03R {"ack_input_tick":1138,"cause":"none","correction_m":0.0,"correction_yaw_deg":0.0,"event":"correction","history_exhausted":false,"replay_frames":19,"replay_usec":184,"role":"client","tick":1158,"time_ms":21630,"wall_ms":1791536445253.0}
S03R {"authority_install_error_m":0.0,"entity":2,"event":"apply","pose":{"control":2,"durable":4,"entity":2,"last_input_tick":1138,"position":[6.0,0.00100011611357331,3.38099884986877],"receipt_ms":21605,"sequence":5,"tick":1296,"velocity":[0.0,0.0,0.0],"yaw":0.0},"position":[6.0,0.00100011611357331,3.38099884986877],"time_ms":21634,"wall_ms":1791536445257.0,"yaw":0.0}
S03R {"event":"prediction","history_size":20,"position":[6.0,0.00100011611357331,3.38099884986877],"predicted_tick":1158,"role":"client","tick":1158,"time_ms":21638,"wall_ms":1791536445261.0,"yaw":0.0}
S03R {"event":"prediction","history_size":21,"position":[6.0,0.00100011611357331,3.38099884986877],"predicted_tick":1159,"role":"client","tick":1159,"time_ms":21643,"wall_ms":1791536445266.0,"yaw":0.0}
S03R {"authority_install_error_m":0.0,"entity":1,"event":"apply","pose":{"control":1,"durable":4,"entity":1,"last_input_tick":1136,"position":[0.0,0.00100011611357331,10.9999923706055],"receipt_ms":21647,"sequence":1136,"tick":1299,"velocity":[0.0,0.0,0.0],"yaw":0.0},"position":[0.0,0.00100011611357331,10.9999923706055],"time_ms":21664,"wall_ms":1791536445287.0,"yaw":0.0}
S03R {"ack_input_tick":1142,"cause":"none","correction_m":0.0,"correction_yaw_deg":0.0,"event":"correction","history_exhausted":false,"replay_frames":17,"replay_usec":259,"role":"client","tick":1160,"time_ms":21669,"wall_ms":1791536445292.0}
S03R {"authority_install_error_m":0.0,"entity":2,"event":"apply","pose":{"control":2,"durable":4,"entity":2,"last_input_tick":1142,"position":[6.0,0.00100011611357331,3.38099884986877],"receipt_ms":21647,"sequence":9,"tick":1299,"velocity":[0.0,0.0,0.0],"yaw":0.0},"position":[6.0,0.00100011611357331,3.38099884986877],"time_ms":21674,"wall_ms":1791536445297.0,"yaw":0.0}
S03R {"event":"prediction","history_size":18,"position":[6.0,0.00100011611357331,3.38099884986877],"predicted_tick":1160,"role":"client","tick":1160,"time_ms":21678,"wall_ms":1791536445300.0,"yaw":0.0}
S03R {"event":"prediction","history_size":19,"position":[6.0,0.00100011611357331,3.38099884986877],"predicted_tick":1161,"role":"client","tick":1161,"time_ms":21683,"wall_ms":1791536445306.0,"yaw":0.0}
S03R {"event":"prediction","history_size":20,"position":[6.0,0.00100011611357331,3.38099884986877],"predicted_tick":1162,"role":"client","tick":1162,"time_ms":21694,"wall_ms":1791536445316.0,"yaw":0.0}
S03R {"authority_install_error_m":0.0,"entity":1,"event":"apply","pose":{"control":1,"durable":4,"entity":1,"last_input_tick":1139,"position":[0.0,0.00100011611357331,10.9999923706055],"receipt_ms":21699,"sequence":1139,"tick":1302,"velocity":[0.0,0.0,0.0],"yaw":0.0},"position":[0.0,0.00100011611357331,10.9999923706055],"time_ms":21709,"wall_ms":1791536445332.0,"yaw":0.0}
S03R {"ack_input_tick":1144,"cause":"none","correction_m":0.0,"correction_yaw_deg":0.0,"event":"correction","history_exhausted":false,"replay_frames":18,"replay_usec":199,"role":"client","tick":1163,"time_ms":21713,"wall_ms":1791536445335.0}
S03R {"authority_install_error_m":0.0,"entity":2,"event":"apply","pose":{"control":2,"durable":4,"entity":2,"last_input_tick":1144,"position":[6.0,0.00100011611357331,3.38099884986877],"receipt_ms":21699,"sequence":11,"tick":1302,"velocity":[0.0,0.0,0.0],"yaw":0.0},"position":[6.0,0.00100011611357331,3.38099884986877],"time_ms":21715,"wall_ms":1791536445338.0,"yaw":0.0}
S03R {"event":"prediction","history_size":19,"position":[6.0,0.00100011611357331,3.38099884986877],"predicted_tick":1163,"role":"client","tick":1163,"time_ms":21717,"wall_ms":1791536445340.0,"yaw":0.0}
S03R {"event":"prediction","history_size":20,"position":[6.0,0.00100011611357331,3.38099884986877],"predicted_tick":1164,"role":"client","tick":1164,"time_ms":21721,"wall_ms":1791536445342.0,"yaw":0.0}
S03R {"event":"prediction","history_size":21,"position":[6.0,0.00100011611357331,3.38099884986877],"predicted_tick":1165,"role":"client","tick":1165,"time_ms":21743,"wall_ms":1791536445365.0,"yaw":0.0}
S03R {"authority_install_error_m":0.0,"entity":1,"event":"apply","pose":{"control":1,"durable":4,"entity":1,"last_input_tick":1142,"position":[0.0,0.00100011611357331,10.9999923706055],"receipt_ms":21748,"sequence":1142,"tick":1305,"velocity":[0.0,0.0,0.0],"yaw":0.0},"position":[0.0,0.00100011611357331,10.9999923706055],"time_ms":21749,"wall_ms":1791536445371.0,"yaw":0.0}
S03R {"ack_input_tick":1150,"cause":"none","correction_m":0.0,"correction_yaw_deg":0.0,"event":"correction","history_exhausted":false,"replay_frames":15,"replay_usec":180,"role":"client","tick":1166,"time_ms":21752,"wall_ms":1791536445375.0}
S03R {"authority_install_error_m":0.0,"entity":2,"event":"apply","pose":{"control":2,"durable":4,"entity":2,"last_input_tick":1150,"position":[6.0,0.00100011611357331,3.38099884986877],"receipt_ms":21748,"sequence":17,"tick":1305,"velocity":[0.0,0.0,0.0],"yaw":0.0},"position":[6.0,0.00100011611357331,3.38099884986877],"time_ms":21757,"wall_ms":1791536445380.0,"yaw":0.0}
S03R {"event":"prediction","history_size":16,"position":[6.0,0.00100011611357331,3.38099884986877],"predicted_tick":1166,"role":"client","tick":1166,"time_ms":21761,"wall_ms":1791536445383.0,"yaw":0.0}
S03R {"event":"prediction","history_size":17,"position":[6.0,0.00100011611357331,3.38099884986877],"predicted_tick":1167,"role":"client","tick":1167,"time_ms":21772,"wall_ms":1791536445394.0,"yaw":0.0}
S03R {"event":"prediction","history_size":18,"position":[6.0,0.00100011611357331,3.38099884986877],"predicted_tick":1168,"role":"client","tick":1168,"time_ms":21787,"wall_ms":1791536445410.0,"yaw":0.0}
S03R {"event":"prediction","history_size":19,"position":[6.0,0.00100011611357331,3.38099884986877],"predicted_tick":1169,"role":"client","tick":1169,"time_ms":21804,"wall_ms":1791536445427.0,"yaw":0.0}
S03R {"authority_install_error_m":0.0,"entity":1,"event":"apply","pose":{"control":1,"durable":4,"entity":1,"last_input_tick":1145,"position":[0.0,0.00100011611357331,10.9999923706055],"receipt_ms":21809,"sequence":1145,"tick":1308,"velocity":[0.0,0.0,0.0],"yaw":0.0},"position":[0.0,0.00100011611357331,10.9999923706055],"time_ms":21818,"wall_ms":1791536445441.0,"yaw":0.0}
S03R {"ack_input_tick":1153,"cause":"none","correction_m":0.0,"correction_yaw_deg":0.0,"event":"correction","history_exhausted":false,"replay_frames":16,"replay_usec":201,"role":"client","tick":1170,"time_ms":21823,"wall_ms":1791536445446.0}
S03R {"authority_install_error_m":0.0,"entity":2,"event":"apply","pose":{"control":2,"durable":4,"entity":2,"last_input_tick":1153,"position":[6.0,0.00100011611357331,3.38099884986877],"receipt_ms":21809,"sequence":20,"tick":1308,"velocity":[0.0,0.0,0.0],"yaw":0.0},"position":[6.0,0.00100011611357331,3.38099884986877],"time_ms":21830,"wall_ms":1791536445452.0,"yaw":0.0}
S03R {"event":"prediction","history_size":17,"position":[6.0,0.00100011611357331,3.38099884986877],"predicted_tick":1170,"role":"client","tick":1170,"time_ms":21832,"wall_ms":1791536445455.0,"yaw":0.0}
S03R {"event":"prediction","history_size":18,"position":[6.0,0.00100011611357331,3.38099884986877],"predicted_tick":1171,"role":"client","tick":1171,"time_ms":21836,"wall_ms":1791536445458.0,"yaw":0.0}
S03R {"event":"prediction","history_size":19,"position":[6.0,0.00100011611357331,3.38099884986877],"predicted_tick":1172,"role":"client","tick":1172,"time_ms":21864,"wall_ms":1791536445486.0,"yaw":0.0}
S03R {"event":"prediction","history_size":20,"position":[6.0,0.00100011611357331,3.38099884986877],"predicted_tick":1173,"role":"client","tick":1173,"time_ms":21878,"wall_ms":1791536445500.0,"yaw":0.0}
S03R {"event":"prediction","history_size":21,"position":[6.0,0.00100011611357331,3.38099884986877],"predicted_tick":1174,"role":"client","tick":1174,"time_ms":21885,"wall_ms":1791536445506.0,"yaw":0.0}
S03R {"event":"prediction","history_size":22,"position":[6.0,0.00100011611357331,3.38099884986877],"predicted_tick":1175,"role":"client","tick":1175,"time_ms":21909,"wall_ms":1791536445531.0,"yaw":0.0}
S03R {"authority_install_error_m":0.0,"entity":1,"event":"apply","pose":{"control":1,"durable":4,"entity":1,"last_input_tick":1151,"position":[0.0,0.00100011611357331,10.9999923706055],"receipt_ms":21913,"sequence":1151,"tick":1314,"velocity":[0.0,0.0,0.0],"yaw":0.0},"position":[0.0,0.00100011611357331,10.9999923706055],"time_ms":21924,"wall_ms":1791536445546.0,"yaw":0.0}
S03R {"ack_input_tick":1156,"cause":"none","correction_m":0.0,"correction_yaw_deg":0.0,"event":"correction","history_exhausted":false,"replay_frames":19,"replay_usec":208,"role":"client","tick":1176,"time_ms":21926,"wall_ms":1791536445548.0}
S03R {"authority_install_error_m":0.0,"entity":2,"event":"apply","pose":{"control":2,"durable":4,"entity":2,"last_input_tick":1156,"position":[6.0,0.00100011611357331,3.38099884986877],"receipt_ms":21913,"sequence":23,"tick":1314,"velocity":[0.0,0.0,0.0],"yaw":0.0},"position":[6.0,0.00100011611357331,3.38099884986877],"time_ms":21929,"wall_ms":1791536445551.0,"yaw":0.0}
S03R {"event":"prediction","history_size":20,"position":[6.0,0.00100011611357331,3.38099884986877],"predicted_tick":1176,"role":"client","tick":1176,"time_ms":21931,"wall_ms":1791536445554.0,"yaw":0.0}
S03R {"authority_install_error_m":0.0,"entity":1,"event":"apply","pose":{"control":1,"durable":4,"entity":1,"last_input_tick":1154,"position":[0.0,0.00100011611357331,10.9999923706055],"receipt_ms":21934,"sequence":1154,"tick":1317,"velocity":[0.0,0.0,0.0],"yaw":0.0},"position":[0.0,0.00100011611357331,10.9999923706055],"time_ms":21954,"wall_ms":1791536445577.0,"yaw":0.0}
S03R {"ack_input_tick":1159,"cause":"none","correction_m":0.0,"correction_yaw_deg":0.0,"event":"correction","history_exhausted":false,"replay_frames":17,"replay_usec":303,"role":"client","tick":1177,"time_ms":21958,"wall_ms":1791536445580.0}
S03R {"authority_install_error_m":0.0,"entity":2,"event":"apply","pose":{"control":2,"durable":4,"entity":2,"last_input_tick":1159,"position":[6.0,0.00100011611357331,3.38099884986877],"receipt_ms":21934,"sequence":26,"tick":1317,"velocity":[0.0,0.0,0.0],"yaw":0.0},"position":[6.0,0.00100011611357331,3.38099884986877],"time_ms":21960,"wall_ms":1791536445583.0,"yaw":0.0}
S03R {"event":"prediction","history_size":18,"position":[6.0,0.00100011611357331,3.38099884986877],"predicted_tick":1177,"role":"client","tick":1177,"time_ms":21963,"wall_ms":1791536445585.0,"yaw":0.0}
S03R {"authority_install_error_m":0.0,"entity":1,"event":"apply","pose":{"control":1,"durable":4,"entity":1,"last_input_tick":1157,"position":[0.0,0.00100011611357331,10.9999923706055],"receipt_ms":21966,"sequence":1157,"tick":1320,"velocity":[0.0,0.0,0.0],"yaw":0.0},"position":[0.0,0.00100011611357331,10.9999923706055],"time_ms":21966,"wall_ms":1791536445589.0,"yaw":0.0}
S03R {"ack_input_tick":1162,"cause":"none","correction_m":0.0,"correction_yaw_deg":0.0,"event":"correction","history_exhausted":false,"replay_frames":15,"replay_usec":89,"role":"client","tick":1178,"time_ms":21968,"wall_ms":1791536445591.0}
S03R {"authority_install_error_m":0.0,"entity":2,"event":"apply","pose":{"control":2,"durable":4,"entity":2,"last_input_tick":1162,"position":[6.0,0.00100011611357331,3.38099884986877],"receipt_ms":21966,"sequence":29,"tick":1320,"velocity":[0.0,0.0,0.0],"yaw":0.0},"position":[6.0,0.00100011611357331,3.38099884986877],"time_ms":21971,"wall_ms":1791536445594.0,"yaw":0.0}
S03R {"event":"prediction","history_size":16,"position":[6.0,0.00100011611357331,3.38099884986877],"predicted_tick":1178,"role":"client","tick":1178,"time_ms":21975,"wall_ms":1791536445597.0,"yaw":0.0}
S03R {"event":"prediction","history_size":17,"position":[6.0,0.00100011611357331,3.38099884986877],"predicted_tick":1179,"role":"client","tick":1179,"time_ms":21981,"wall_ms":1791536445603.0,"yaw":0.0}
S03R {"event":"prediction","history_size":18,"position":[6.0,0.00100011611357331,3.38099884986877],"predicted_tick":1180,"role":"client","tick":1180,"time_ms":22003,"wall_ms":1791536445625.0,"yaw":0.0}
S03R {"event":"prediction","history_size":19,"position":[6.0,0.00100011611357331,3.38099884986877],"predicted_tick":1181,"role":"client","tick":1181,"time_ms":22016,"wall_ms":1791536445639.0,"yaw":0.0}
S03R {"event":"prediction","history_size":20,"position":[6.0,0.00100011611357331,3.38099884986877],"predicted_tick":1182,"role":"client","tick":1182,"time_ms":22033,"wall_ms":1791536445656.0,"yaw":0.0}
S03R {"event":"prediction","history_size":21,"position":[6.0,0.00100011611357331,3.38099884986877],"predicted_tick":1183,"role":"client","tick":1183,"time_ms":22049,"wall_ms":1791536445671.0,"yaw":0.0}
S03R {"event":"prediction","history_size":22,"position":[6.0,0.00100011611357331,3.38099884986877],"predicted_tick":1184,"role":"client","tick":1184,"time_ms":22055,"wall_ms":1791536445678.0,"yaw":0.0}
S03R {"event":"prediction","history_size":23,"position":[6.0,0.00100011611357331,3.38099884986877],"predicted_tick":1185,"role":"client","tick":1185,"time_ms":22078,"wall_ms":1791536445701.0,"yaw":0.0}
S03R {"authority_install_error_m":0.0,"entity":1,"event":"apply","pose":{"control":1,"durable":4,"entity":1,"last_input_tick":1163,"position":[0.0,0.00100011611357331,10.9999923706055],"receipt_ms":22082,"sequence":1163,"tick":1326,"velocity":[0.0,0.0,0.0],"yaw":0.0},"position":[0.0,0.00100011611357331,10.9999923706055],"time_ms":22083,"wall_ms":1791536445705.0,"yaw":0.0}
S03R {"ack_input_tick":1168,"cause":"none","correction_m":0.0,"correction_yaw_deg":0.0,"event":"correction","history_exhausted":false,"replay_frames":17,"replay_usec":181,"role":"client","tick":1186,"time_ms":22086,"wall_ms":1791536445707.0}
S03R {"authority_install_error_m":0.0,"entity":2,"event":"apply","pose":{"control":2,"durable":4,"entity":2,"last_input_tick":1168,"position":[6.0,0.00100011611357331,3.38099884986877],"receipt_ms":22082,"sequence":35,"tick":1326,"velocity":[0.0,0.0,0.0],"yaw":0.0},"position":[6.0,0.00100011611357331,3.38099884986877],"time_ms":22090,"wall_ms":1791536445712.0,"yaw":0.0}
S03R {"event":"prediction","history_size":18,"position":[6.0,0.00100011611357331,3.38099884986877],"predicted_tick":1186,"role":"client","tick":1186,"time_ms":22094,"wall_ms":1791536445716.0,"yaw":0.0}
S03R {"event":"prediction","history_size":19,"position":[6.0,0.00100011611357331,3.38099884986877],"predicted_tick":1187,"role":"client","tick":1187,"time_ms":22100,"wall_ms":1791536445722.0,"yaw":0.0}
S03R {"event":"prediction","history_size":20,"position":[6.0,0.00100011611357331,3.38099884986877],"predicted_tick":1188,"role":"client","tick":1188,"time_ms":22126,"wall_ms":1791536445749.0,"yaw":0.0}
S03R {"event":"prediction","history_size":21,"position":[6.0,0.00100011611357331,3.38099884986877],"predicted_tick":1189,"role":"client","tick":1189,"time_ms":22141,"wall_ms":1791536445764.0,"yaw":0.0}
S03R {"event":"prediction","history_size":22,"position":[6.0,0.00100011611357331,3.38099884986877],"predicted_tick":1190,"role":"client","tick":1190,"time_ms":22159,"wall_ms":1791536445781.0,"yaw":0.0}
S03R {"event":"prediction","history_size":23,"position":[6.0,0.00100011611357331,3.38099884986877],"predicted_tick":1191,"role":"client","tick":1191,"time_ms":22172,"wall_ms":1791536445794.0,"yaw":0.0}
S03R {"event":"prediction","history_size":24,"position":[6.0,0.00100011611357331,3.38099884986877],"predicted_tick":1192,"role":"client","tick":1192,"time_ms":22187,"wall_ms":1791536445810.0,"yaw":0.0}
S03R {"event":"prediction","history_size":25,"position":[6.0,0.00100011611357331,3.38099884986877],"predicted_tick":1193,"role":"client","tick":1193,"time_ms":22204,"wall_ms":1791536445826.0,"yaw":0.0}
S03R {"authority_install_error_m":0.0,"entity":1,"event":"apply","pose":{"control":1,"durable":4,"entity":1,"last_input_tick":1169,"position":[0.0,0.00100011611357331,10.9999923706055],"receipt_ms":22209,"sequence":1169,"tick":1332,"velocity":[0.0,0.0,0.0],"yaw":0.0},"position":[0.0,0.00100011611357331,10.9999923706055],"time_ms":22219,"wall_ms":1791536445841.0,"yaw":0.0}
S03R {"ack_input_tick":1176,"cause":"none","correction_m":0.0,"correction_yaw_deg":0.0,"event":"correction","history_exhausted":false,"replay_frames":17,"replay_usec":265,"role":"client","tick":1194,"time_ms":22222,"wall_ms":1791536445844.0}
S03R {"authority_install_error_m":0.0,"entity":2,"event":"apply","pose":{"control":2,"durable":4,"entity":2,"last_input_tick":1176,"position":[6.0,0.00100011611357331,3.38099884986877],"receipt_ms":22209,"sequence":43,"tick":1332,"velocity":[0.0,0.0,0.0],"yaw":0.0},"position":[6.0,0.00100011611357331,3.38099884986877],"time_ms":22225,"wall_ms":1791536445847.0,"yaw":0.0}
S03R {"event":"prediction","history_size":18,"position":[6.0,0.00100011611357331,3.38099884986877],"predicted_tick":1194,"role":"client","tick":1194,"time_ms":22227,"wall_ms":1791536445850.0,"yaw":0.0}
S03R {"event":"prediction","history_size":19,"position":[6.0,0.00100011611357331,3.38099884986877],"predicted_tick":1195,"role":"client","tick":1195,"time_ms":22249,"wall_ms":1791536445871.0,"yaw":0.0}
S03R {"event":"prediction","history_size":20,"position":[6.0,0.00100011611357331,3.38099884986877],"predicted_tick":1196,"role":"client","tick":1196,"time_ms":22264,"wall_ms":1791536445886.0,"yaw":0.0}
S03R {"event":"prediction","history_size":21,"position":[6.0,0.00100011611357331,3.38099884986877],"predicted_tick":1197,"role":"client","tick":1197,"time_ms":22280,"wall_ms":1791536445902.0,"yaw":0.0}
S03R {"event":"prediction","history_size":22,"position":[6.0,0.00100011611357331,3.38099884986877],"predicted_tick":1198,"role":"client","tick":1198,"time_ms":22296,"wall_ms":1791536445917.0,"yaw":0.0}
S03R {"event":"prediction","history_size":23,"position":[6.0,0.00100011611357331,3.38099884986877],"predicted_tick":1199,"role":"client","tick":1199,"time_ms":22312,"wall_ms":1791536445935.0,"yaw":0.0}
S03R {"authority_install_error_m":0.0,"entity":1,"event":"apply","pose":{"control":1,"durable":4,"entity":1,"last_input_tick":1178,"position":[0.0,0.00100011611357331,10.9999923706055],"receipt_ms":22327,"sequence":1178,"tick":1341,"velocity":[0.0,0.0,0.0],"yaw":0.0},"position":[0.0,0.00100011611357331,10.9999923706055],"time_ms":22327,"wall_ms":1791536445950.0,"yaw":0.0}
S03R {"ack_input_tick":1186,"cause":"none","correction_m":0.0,"correction_yaw_deg":0.0,"event":"correction","history_exhausted":false,"replay_frames":13,"replay_usec":182,"role":"client","tick":1200,"time_ms":22335,"wall_ms":1791536445957.0}
S03R {"authority_install_error_m":0.0,"entity":2,"event":"apply","pose":{"control":2,"durable":4,"entity":2,"last_input_tick":1186,"position":[6.0,0.00100011611357331,3.38099884986877],"receipt_ms":22327,"sequence":53,"tick":1341,"velocity":[0.0,0.0,0.0],"yaw":0.0},"position":[6.0,0.00100011611357331,3.38099884986877],"time_ms":22339,"wall_ms":1791536445962.0,"yaw":0.0}
S03R {"event":"prediction","history_size":14,"position":[6.0,0.00100011611357331,3.38099884986877],"predicted_tick":1200,"role":"client","tick":1200,"time_ms":22345,"wall_ms":1791536445968.0,"yaw":0.0}
S03R {"event":"prediction","history_size":15,"position":[6.0,0.00100011611357331,3.38099884986877],"predicted_tick":1201,"role":"client","tick":1201,"time_ms":22357,"wall_ms":1791536445979.0,"yaw":0.0}
S03R {"event":"prediction","history_size":16,"position":[6.0,0.00100011611357331,3.38099884986877],"predicted_tick":1202,"role":"client","tick":1202,"time_ms":22372,"wall_ms":1791536445994.0,"yaw":0.0}
S03R {"event":"prediction","history_size":17,"position":[6.0,0.00100011611357331,3.38099884986877],"predicted_tick":1203,"role":"client","tick":1203,"time_ms":22387,"wall_ms":1791536446010.0,"yaw":0.0}
S03R {"event":"prediction","history_size":18,"position":[6.0,0.00100011611357331,3.38099884986877],"predicted_tick":1204,"role":"client","tick":1204,"time_ms":22404,"wall_ms":1791536446026.0,"yaw":0.0}
S03R {"authority_install_error_m":0.0,"entity":1,"event":"apply","pose":{"control":1,"durable":4,"entity":1,"last_input_tick":1181,"position":[0.0,0.00100011611357331,10.9999923706055],"receipt_ms":22409,"sequence":1181,"tick":1344,"velocity":[0.0,0.0,0.0],"yaw":0.0},"position":[0.0,0.00100011611357331,10.9999923706055],"time_ms":22419,"wall_ms":1791536446042.0,"yaw":0.0}
S03R {"ack_input_tick":1187,"cause":"none","correction_m":0.0,"correction_yaw_deg":0.0,"event":"correction","history_exhausted":false,"replay_frames":17,"replay_usec":194,"role":"client","tick":1205,"time_ms":22424,"wall_ms":1791536446047.0}
S03R {"authority_install_error_m":0.0,"entity":2,"event":"apply","pose":{"control":2,"durable":4,"entity":2,"last_input_tick":1187,"position":[6.0,0.00100011611357331,3.38099884986877],"receipt_ms":22409,"sequence":54,"tick":1344,"velocity":[0.0,0.0,0.0],"yaw":0.0},"position":[6.0,0.00100011611357331,3.38099884986877],"time_ms":22428,"wall_ms":1791536446051.0,"yaw":0.0}
S03R {"event":"prediction","history_size":18,"position":[6.0,0.00100011611357331,3.38099884986877],"predicted_tick":1205,"role":"client","tick":1205,"time_ms":22431,"wall_ms":1791536446053.0,"yaw":0.0}
S03R {"event":"prediction","history_size":19,"position":[6.0,0.00100011611357331,3.38099884986877],"predicted_tick":1206,"role":"client","tick":1206,"time_ms":22434,"wall_ms":1791536446056.0,"yaw":0.0}
S03R {"event":"prediction","history_size":20,"position":[6.0,0.00100011611357331,3.38099884986877],"predicted_tick":1207,"role":"client","tick":1207,"time_ms":22449,"wall_ms":1791536446072.0,"yaw":0.0}
S03R {"event":"prediction","history_size":21,"position":[6.0,0.00100011611357331,3.38099884986877],"predicted_tick":1208,"role":"client","tick":1208,"time_ms":22465,"wall_ms":1791536446087.0,"yaw":0.0}
S03R {"event":"prediction","history_size":22,"position":[6.0,0.00100011611357331,3.38099884986877],"predicted_tick":1209,"role":"client","tick":1209,"time_ms":22476,"wall_ms":1791536446099.0,"yaw":0.0}
S03R {"event":"prediction","history_size":23,"position":[6.0,0.00100011611357331,3.38099884986877],"predicted_tick":1210,"role":"client","tick":1210,"time_ms":22497,"wall_ms":1791536446119.0,"yaw":0.0}
S03R {"authority_install_error_m":0.0,"entity":1,"event":"apply","pose":{"control":1,"durable":4,"entity":1,"last_input_tick":1187,"position":[0.0,0.00100011611357331,10.9999923706055],"receipt_ms":22500,"sequence":1187,"tick":1350,"velocity":[0.0,0.0,0.0],"yaw":0.0},"position":[0.0,0.00100011611357331,10.9999923706055],"time_ms":22512,"wall_ms":1791536446135.0,"yaw":0.0}
S03R {"ack_input_tick":1194,"cause":"none","correction_m":0.0,"correction_yaw_deg":0.0,"event":"correction","history_exhausted":false,"replay_frames":16,"replay_usec":220,"role":"client","tick":1211,"time_ms":22515,"wall_ms":1791536446138.0}
S03R {"authority_install_error_m":0.0,"entity":2,"event":"apply","pose":{"control":2,"durable":4,"entity":2,"last_input_tick":1194,"position":[6.0,0.00100011611357331,3.38099884986877],"receipt_ms":22500,"sequence":61,"tick":1350,"velocity":[0.0,0.0,0.0],"yaw":0.0},"position":[6.0,0.00100011611357331,3.38099884986877],"time_ms":22518,"wall_ms":1791536446140.0,"yaw":0.0}
S03R {"event":"prediction","history_size":17,"position":[6.0,0.00100011611357331,3.38099884986877],"predicted_tick":1211,"role":"client","tick":1211,"time_ms":22520,"wall_ms":1791536446143.0,"yaw":0.0}
S03R {"event":"prediction","history_size":18,"position":[6.0,0.00100011611357331,3.38099884986877],"predicted_tick":1212,"role":"client","tick":1212,"time_ms":22524,"wall_ms":1791536446146.0,"yaw":0.0}
S03R {"event":"prediction","history_size":19,"position":[6.0,0.00100011611357331,3.38099884986877],"predicted_tick":1213,"role":"client","tick":1213,"time_ms":22544,"wall_ms":1791536446166.0,"yaw":0.0}
S03R {"authority_install_error_m":0.0,"entity":1,"event":"apply","pose":{"control":1,"durable":4,"entity":1,"last_input_tick":1190,"position":[0.0,0.00100011611357331,10.9999923706055],"receipt_ms":22549,"sequence":1190,"tick":1353,"velocity":[0.0,0.0,0.0],"yaw":0.0},"position":[0.0,0.00100011611357331,10.9999923706055],"time_ms":22550,"wall_ms":1791536446172.0,"yaw":0.0}
S03R {"ack_input_tick":1196,"cause":"none","correction_m":0.0,"correction_yaw_deg":0.0,"event":"correction","history_exhausted":false,"replay_frames":17,"replay_usec":246,"role":"client","tick":1214,"time_ms":22553,"wall_ms":1791536446175.0}
S03R {"authority_install_error_m":0.0,"entity":2,"event":"apply","pose":{"control":2,"durable":4,"entity":2,"last_input_tick":1196,"position":[6.0,0.00100011611357331,3.38099884986877],"receipt_ms":22549,"sequence":63,"tick":1353,"velocity":[0.0,0.0,0.0],"yaw":0.0},"position":[6.0,0.00100011611357331,3.38099884986877],"time_ms":22556,"wall_ms":1791536446178.0,"yaw":0.0}
S03R {"event":"prediction","history_size":18,"position":[6.0,0.00100011611357331,3.38099884986877],"predicted_tick":1214,"role":"client","tick":1214,"time_ms":22559,"wall_ms":1791536446181.0,"yaw":0.0}
S03R {"event":"prediction","history_size":19,"position":[6.0,0.00100011611357331,3.38099884986877],"predicted_tick":1215,"role":"client","tick":1215,"time_ms":22574,"wall_ms":1791536446197.0,"yaw":0.0}
S03R {"event":"prediction","history_size":20,"position":[6.0,0.00100011611357331,3.38099884986877],"predicted_tick":1216,"role":"client","tick":1216,"time_ms":22589,"wall_ms":1791536446212.0,"yaw":0.0}
S03R {"authority_install_error_m":0.0,"entity":1,"event":"apply","pose":{"control":1,"durable":4,"entity":1,"last_input_tick":1193,"position":[0.0,0.00100011611357331,10.9999923706055],"receipt_ms":22595,"sequence":1193,"tick":1356,"velocity":[0.0,0.0,0.0],"yaw":0.0},"position":[0.0,0.00100011611357331,10.9999923706055],"time_ms":22605,"wall_ms":1791536446227.0,"yaw":0.0}
S03R {"ack_input_tick":1198,"cause":"none","correction_m":0.0,"correction_yaw_deg":0.0,"event":"correction","history_exhausted":false,"replay_frames":18,"replay_usec":369,"role":"client","tick":1217,"time_ms":22610,"wall_ms":1791536446232.0}
S03R {"authority_install_error_m":0.0,"entity":2,"event":"apply","pose":{"control":2,"durable":4,"entity":2,"last_input_tick":1198,"position":[6.0,0.00100011611357331,3.38099884986877],"receipt_ms":22595,"sequence":65,"tick":1356,"velocity":[0.0,0.0,0.0],"yaw":0.0},"position":[6.0,0.00100011611357331,3.38099884986877],"time_ms":22614,"wall_ms":1791536446236.0,"yaw":0.0}
S03R {"event":"prediction","history_size":19,"position":[6.0,0.00100011611357331,3.38099884986877],"predicted_tick":1217,"role":"client","tick":1217,"time_ms":22616,"wall_ms":1791536446238.0,"yaw":0.0}
S03R {"event":"prediction","history_size":20,"position":[6.0,0.00100011611357331,3.38099884986877],"predicted_tick":1218,"role":"client","tick":1218,"time_ms":22619,"wall_ms":1791536446241.0,"yaw":0.0}
S03R {"event":"prediction","history_size":21,"position":[6.0,0.00100011611357331,3.38099884986877],"predicted_tick":1219,"role":"client","tick":1219,"time_ms":22636,"wall_ms":1791536446258.0,"yaw":0.0}
S03R {"event":"prediction","history_size":22,"position":[6.0,0.00100011611357331,3.38099884986877],"predicted_tick":1220,"role":"client","tick":1220,"time_ms":22668,"wall_ms":1791536446290.0,"yaw":0.0}
S03R {"authority_install_error_m":0.0,"entity":1,"event":"apply","pose":{"control":1,"durable":4,"entity":1,"last_input_tick":1196,"position":[0.0,0.00100011611357331,10.9999923706055],"receipt_ms":22672,"sequence":1196,"tick":1359,"velocity":[0.0,0.0,0.0],"yaw":0.0},"position":[0.0,0.00100011611357331,10.9999923706055],"time_ms":22674,"wall_ms":1791536446297.0,"yaw":0.0}
S03R {"ack_input_tick":1203,"cause":"none","correction_m":0.0,"correction_yaw_deg":0.0,"event":"correction","history_exhausted":false,"replay_frames":17,"replay_usec":163,"role":"client","tick":1221,"time_ms":22677,"wall_ms":1791536446299.0}
S03R {"authority_install_error_m":0.0,"entity":2,"event":"apply","pose":{"control":2,"durable":4,"entity":2,"last_input_tick":1203,"position":[6.0,0.00100011611357331,3.38099884986877],"receipt_ms":22672,"sequence":70,"tick":1359,"velocity":[0.0,0.0,0.0],"yaw":0.0},"position":[6.0,0.00100011611357331,3.38099884986877],"time_ms":22679,"wall_ms":1791536446301.0,"yaw":0.0}
S03R {"event":"prediction","history_size":18,"position":[6.0,0.00100011611357331,3.38099884986877],"predicted_tick":1221,"role":"client","tick":1221,"time_ms":22682,"wall_ms":1791536446303.0,"yaw":0.0}
S03R {"authority_install_error_m":0.0,"entity":1,"event":"apply","pose":{"control":1,"durable":4,"entity":1,"last_input_tick":1199,"position":[0.0,0.00100011611357331,10.9999923706055],"receipt_ms":22686,"sequence":1199,"tick":1362,"velocity":[0.0,0.0,0.0],"yaw":0.0},"position":[0.0,0.00100011611357331,10.9999923706055],"time_ms":22688,"wall_ms":1791536446310.0,"yaw":0.0}
S03R {"ack_input_tick":1206,"cause":"none","correction_m":0.0,"correction_yaw_deg":0.0,"event":"correction","history_exhausted":false,"replay_frames":15,"replay_usec":146,"role":"client","tick":1222,"time_ms":22691,"wall_ms":1791536446313.0}
S03R {"authority_install_error_m":0.0,"entity":2,"event":"apply","pose":{"control":2,"durable":4,"entity":2,"last_input_tick":1206,"position":[6.0,0.00100011611357331,3.38099884986877],"receipt_ms":22686,"sequence":73,"tick":1362,"velocity":[0.0,0.0,0.0],"yaw":0.0},"position":[6.0,0.00100011611357331,3.38099884986877],"time_ms":22693,"wall_ms":1791536446316.0,"yaw":0.0}
S03R {"event":"prediction","history_size":16,"position":[6.0,0.00100011611357331,3.38099884986877],"predicted_tick":1222,"role":"client","tick":1222,"time_ms":22695,"wall_ms":1791536446318.0,"yaw":0.0}
S03R {"event":"prediction","history_size":17,"position":[6.0,0.00100011611357331,3.38099884986877],"predicted_tick":1223,"role":"client","tick":1223,"time_ms":22702,"wall_ms":1791536446324.0,"yaw":0.0}
S03R {"authority_install_error_m":0.0,"entity":1,"event":"apply","pose":{"control":1,"durable":4,"entity":1,"last_input_tick":1202,"position":[0.0,0.00100011611357331,10.9999923706055],"receipt_ms":22715,"sequence":1202,"tick":1365,"velocity":[0.0,0.0,0.0],"yaw":0.0},"position":[0.0,0.00100011611357331,10.9999923706055],"time_ms":22716,"wall_ms":1791536446338.0,"yaw":0.0}
S03R {"ack_input_tick":1209,"cause":"none","correction_m":0.0,"correction_yaw_deg":0.0,"event":"correction","history_exhausted":false,"replay_frames":14,"replay_usec":211,"role":"client","tick":1224,"time_ms":22721,"wall_ms":1791536446344.0}
S03R {"authority_install_error_m":0.0,"entity":2,"event":"apply","pose":{"control":2,"durable":4,"entity":2,"last_input_tick":1209,"position":[6.0,0.00100011611357331,3.38099884986877],"receipt_ms":22715,"sequence":76,"tick":1365,"velocity":[0.0,0.0,0.0],"yaw":0.0},"position":[6.0,0.00100011611357331,3.38099884986877],"time_ms":22726,"wall_ms":1791536446348.0,"yaw":0.0}
S03R {"event":"prediction","history_size":15,"position":[6.0,0.00100011611357331,3.38099884986877],"predicted_tick":1224,"role":"client","tick":1224,"time_ms":22728,"wall_ms":1791536446351.0,"yaw":0.0}
S03R {"event":"prediction","history_size":16,"position":[6.0,0.00100011611357331,3.38099884986877],"predicted_tick":1225,"role":"client","tick":1225,"time_ms":22746,"wall_ms":1791536446368.0,"yaw":0.0}
S03R {"event":"prediction","history_size":17,"position":[6.0,0.00100011611357331,3.38099884986877],"predicted_tick":1226,"role":"client","tick":1226,"time_ms":22753,"wall_ms":1791536446375.0,"yaw":0.0}
S03R {"event":"prediction","history_size":18,"position":[6.0,0.00100011611357331,3.38099884986877],"predicted_tick":1227,"role":"client","tick":1227,"time_ms":22782,"wall_ms":1791536446404.0,"yaw":0.0}
S03R {"event":"prediction","history_size":19,"position":[6.0,0.00100011611357331,3.38099884986877],"predicted_tick":1228,"role":"client","tick":1228,"time_ms":22793,"wall_ms":1791536446415.0,"yaw":0.0}
S03R {"event":"prediction","history_size":20,"position":[6.0,0.00100011611357331,3.38099884986877],"predicted_tick":1229,"role":"client","tick":1229,"time_ms":22810,"wall_ms":1791536446432.0,"yaw":0.0}
S03R {"event":"prediction","history_size":21,"position":[6.0,0.00100011611357331,3.38099884986877],"predicted_tick":1230,"role":"client","tick":1230,"time_ms":22825,"wall_ms":1791536446448.0,"yaw":0.0}
S03R {"authority_install_error_m":0.0,"entity":1,"event":"apply","pose":{"control":1,"durable":4,"entity":1,"last_input_tick":1208,"position":[0.0,0.00100011611357331,10.9999923706055],"receipt_ms":22833,"sequence":1208,"tick":1371,"velocity":[0.0,0.0,0.0],"yaw":0.0},"position":[0.0,0.00100011611357331,10.9999923706055],"time_ms":22846,"wall_ms":1791536446468.0,"yaw":0.0}
S03R {"ack_input_tick":1214,"cause":"none","correction_m":0.0,"correction_yaw_deg":0.0,"event":"correction","history_exhausted":false,"replay_frames":16,"replay_usec":200,"role":"client","tick":1231,"time_ms":22849,"wall_ms":1791536446472.0}
S03R {"authority_install_error_m":0.0,"entity":2,"event":"apply","pose":{"control":2,"durable":4,"entity":2,"last_input_tick":1214,"position":[6.0,0.00100011611357331,3.38099884986877],"receipt_ms":22833,"sequence":81,"tick":1371,"velocity":[0.0,0.0,0.0],"yaw":0.0},"position":[6.0,0.00100011611357331,3.38099884986877],"time_ms":22853,"wall_ms":1791536446475.0,"yaw":0.0}
S03R {"event":"prediction","history_size":17,"position":[6.0,0.00100011611357331,3.38099884986877],"predicted_tick":1231,"role":"client","tick":1231,"time_ms":22859,"wall_ms":1791536446481.0,"yaw":0.0}
S03R {"event":"prediction","history_size":18,"position":[6.0,0.00100011611357331,3.38099884986877],"predicted_tick":1232,"role":"client","tick":1232,"time_ms":22865,"wall_ms":1791536446486.0,"yaw":0.0}
S03R {"event":"prediction","history_size":19,"position":[6.0,0.00100011611357331,3.38099884986877],"predicted_tick":1233,"role":"client","tick":1233,"time_ms":22886,"wall_ms":1791536446508.0,"yaw":0.0}
S03R {"event":"prediction","history_size":20,"position":[6.0,0.00100011611357331,3.38099884986877],"predicted_tick":1234,"role":"client","tick":1234,"time_ms":22901,"wall_ms":1791536446524.0,"yaw":0.0}
S03R {"event":"prediction","history_size":21,"position":[6.0,0.00100011611357331,3.38099884986877],"predicted_tick":1235,"role":"client","tick":1235,"time_ms":22908,"wall_ms":1791536446530.0,"yaw":0.0}
S03R {"event":"prediction","history_size":22,"position":[6.0,0.00100011611357331,3.38099884986877],"predicted_tick":1236,"role":"client","tick":1236,"time_ms":22934,"wall_ms":1791536446557.0,"yaw":0.0}
S03R {"authority_install_error_m":0.0,"entity":1,"event":"apply","pose":{"control":1,"durable":4,"entity":1,"last_input_tick":1211,"position":[0.0,0.00100011611357331,10.9999923706055],"receipt_ms":22937,"sequence":1211,"tick":1374,"velocity":[0.0,0.0,0.0],"yaw":0.0},"position":[0.0,0.00100011611357331,10.9999923706055],"time_ms":22948,"wall_ms":1791536446571.0,"yaw":0.0}
S03R {"ack_input_tick":1217,"cause":"none","correction_m":0.0,"correction_yaw_deg":0.0,"event":"correction","history_exhausted":false,"replay_frames":19,"replay_usec":149,"role":"client","tick":1237,"time_ms":22951,"wall_ms":1791536446573.0}
S03R {"authority_install_error_m":0.0,"entity":2,"event":"apply","pose":{"control":2,"durable":4,"entity":2,"last_input_tick":1217,"position":[6.0,0.00100011611357331,3.38099884986877],"receipt_ms":22937,"sequence":84,"tick":1374,"velocity":[0.0,0.0,0.0],"yaw":0.0},"position":[6.0,0.00100011611357331,3.38099884986877],"time_ms":22955,"wall_ms":1791536446577.0,"yaw":0.0}
S03R {"event":"prediction","history_size":20,"position":[6.0,0.00100011611357331,3.38099884986877],"predicted_tick":1237,"role":"client","tick":1237,"time_ms":22960,"wall_ms":1791536446582.0,"yaw":0.0}
S03R {"authority_install_error_m":0.0,"entity":1,"event":"apply","pose":{"control":1,"durable":4,"entity":1,"last_input_tick":1217,"position":[0.0,0.00100011611357331,10.9999923706055],"receipt_ms":22966,"sequence":1217,"tick":1380,"velocity":[0.0,0.0,0.0],"yaw":0.0},"position":[0.0,0.00100011611357331,10.9999923706055],"time_ms":22967,"wall_ms":1791536446589.0,"yaw":0.0}
S03R {"ack_input_tick":1223,"cause":"none","correction_m":0.0,"correction_yaw_deg":0.0,"event":"correction","history_exhausted":false,"replay_frames":14,"replay_usec":164,"role":"client","tick":1238,"time_ms":22970,"wall_ms":1791536446592.0}
S03R {"authority_install_error_m":0.0,"entity":2,"event":"apply","pose":{"control":2,"durable":4,"entity":2,"last_input_tick":1223,"position":[6.0,0.00100011611357331,3.38099884986877],"receipt_ms":22966,"sequence":90,"tick":1380,"velocity":[0.0,0.0,0.0],"yaw":0.0},"position":[6.0,0.00100011611357331,3.38099884986877],"time_ms":22974,"wall_ms":1791536446597.0,"yaw":0.0}
S03R {"event":"prediction","history_size":15,"position":[6.0,0.00100011611357331,3.38099884986877],"predicted_tick":1238,"role":"client","tick":1238,"time_ms":22979,"wall_ms":1791536446602.0,"yaw":0.0}
S03R {"event":"prediction","history_size":16,"position":[6.0,0.00100011611357331,3.38099884986877],"predicted_tick":1239,"role":"client","tick":1239,"time_ms":22983,"wall_ms":1791536446605.0,"yaw":0.0}
S03R {"event":"prediction","history_size":17,"position":[6.0,0.00100011611357331,3.38099884986877],"predicted_tick":1240,"role":"client","tick":1240,"time_ms":22996,"wall_ms":1791536446618.0,"yaw":0.0}
S03R {"event":"prediction","history_size":18,"position":[6.0,0.00100011611357331,3.38099884986877],"predicted_tick":1241,"role":"client","tick":1241,"time_ms":23002,"wall_ms":1791536446625.0,"yaw":0.0}
S03R {"event":"prediction","history_size":19,"position":[6.0,0.00100011611357331,3.38099884986877],"predicted_tick":1242,"role":"client","tick":1242,"time_ms":23027,"wall_ms":1791536446650.0,"yaw":0.0}
S03R {"event":"prediction","history_size":20,"position":[6.0,0.00100011611357331,3.38099884986877],"predicted_tick":1243,"role":"client","tick":1243,"time_ms":23033,"wall_ms":1791536446656.0,"yaw":0.0}
S03R {"authority_install_error_m":0.0,"entity":1,"event":"apply","pose":{"control":1,"durable":4,"entity":1,"last_input_tick":1220,"position":[0.0,0.00100011611357331,10.9999923706055],"receipt_ms":23036,"sequence":1220,"tick":1383,"velocity":[0.0,0.0,0.0],"yaw":0.0},"position":[0.0,0.00100011611357331,10.9999923706055],"time_ms":23059,"wall_ms":1791536446681.0,"yaw":0.0}
S03R {"ack_input_tick":1226,"cause":"none","correction_m":0.0,"correction_yaw_deg":0.0,"event":"correction","history_exhausted":false,"replay_frames":17,"replay_usec":113,"role":"client","tick":1244,"time_ms":23064,"wall_ms":1791536446686.0}
S03R {"authority_install_error_m":0.0,"entity":2,"event":"apply","pose":{"control":2,"durable":4,"entity":2,"last_input_tick":1226,"position":[6.0,0.00100011611357331,3.38099884986877],"receipt_ms":23036,"sequence":93,"tick":1383,"velocity":[0.0,0.0,0.0],"yaw":0.0},"position":[6.0,0.00100011611357331,3.38099884986877],"time_ms":23068,"wall_ms":1791536446691.0,"yaw":0.0}
S03R {"event":"prediction","history_size":18,"position":[6.0,0.00100011611357331,3.38099884986877],"predicted_tick":1244,"role":"client","tick":1244,"time_ms":23072,"wall_ms":1791536446694.0,"yaw":0.0}
S03R {"event":"prediction","history_size":19,"position":[6.0,0.00100011611357331,3.38099884986877],"predicted_tick":1245,"role":"client","tick":1245,"time_ms":23077,"wall_ms":1791536446700.0,"yaw":0.0}
S03R {"event":"prediction","history_size":20,"position":[6.0,0.00100011611357331,3.38099884986877],"predicted_tick":1246,"role":"client","tick":1246,"time_ms":23091,"wall_ms":1791536446713.0,"yaw":0.0}
S03R {"event":"prediction","history_size":21,"position":[6.0,0.00100011611357331,3.38099884986877],"predicted_tick":1247,"role":"client","tick":1247,"time_ms":23107,"wall_ms":1791536446729.0,"yaw":0.0}
S03R {"authority_install_error_m":0.0,"entity":1,"event":"apply","pose":{"control":1,"durable":4,"entity":1,"last_input_tick":1223,"position":[0.0,0.00100011611357331,10.9999923706055],"receipt_ms":23111,"sequence":1223,"tick":1386,"velocity":[0.0,0.0,0.0],"yaw":0.0},"position":[0.0,0.00100011611357331,10.9999923706055],"time_ms":23135,"wall_ms":1791536446758.0,"yaw":0.0}
S03R {"ack_input_tick":1230,"cause":"none","correction_m":0.0,"correction_yaw_deg":0.0,"event":"correction","history_exhausted":false,"replay_frames":17,"replay_usec":205,"role":"client","tick":1248,"time_ms":23149,"wall_ms":1791536446771.0}
S03R {"authority_install_error_m":0.0,"entity":2,"event":"apply","pose":{"control":2,"durable":4,"entity":2,"last_input_tick":1230,"position":[6.0,0.00100011611357331,3.38099884986877],"receipt_ms":23111,"sequence":97,"tick":1386,"velocity":[0.0,0.0,0.0],"yaw":0.0},"position":[6.0,0.00100011611357331,3.38099884986877],"time_ms":23156,"wall_ms":1791536446778.0,"yaw":0.0}
S03R {"event":"prediction","history_size":18,"position":[6.0,0.00100011611357331,3.38099884986877],"predicted_tick":1248,"role":"client","tick":1248,"time_ms":23160,"wall_ms":1791536446782.0,"yaw":0.0}
S03R {"event":"prediction","history_size":19,"position":[6.0,0.00100011611357331,3.38099884986877],"predicted_tick":1249,"role":"client","tick":1249,"time_ms":23165,"wall_ms":1791536446788.0,"yaw":0.0}
S03R {"event":"prediction","history_size":20,"position":[6.0,0.00100011611357331,3.38099884986877],"predicted_tick":1250,"role":"client","tick":1250,"time_ms":23168,"wall_ms":1791536446791.0,"yaw":0.0}
S03R {"event":"prediction","history_size":21,"position":[6.0,0.00100011611357331,3.38099884986877],"predicted_tick":1251,"role":"client","tick":1251,"time_ms":23183,"wall_ms":1791536446805.0,"yaw":0.0}
S03R {"event":"prediction","history_size":22,"position":[6.0,0.00100011611357331,3.38099884986877],"predicted_tick":1252,"role":"client","tick":1252,"time_ms":23188,"wall_ms":1791536446811.0,"yaw":0.0}
S03R {"event":"prediction","history_size":23,"position":[6.0,0.00100011611357331,3.38099884986877],"predicted_tick":1253,"role":"client","tick":1253,"time_ms":23214,"wall_ms":1791536446836.0,"yaw":0.0}
S03R {"authority_install_error_m":0.0,"entity":1,"event":"apply","pose":{"control":1,"durable":4,"entity":1,"last_input_tick":1226,"position":[0.0,0.00100011611357331,10.9999923706055],"receipt_ms":23218,"sequence":1226,"tick":1389,"velocity":[0.0,0.0,0.0],"yaw":0.0},"position":[0.0,0.00100011611357331,10.9999923706055],"time_ms":23218,"wall_ms":1791536446841.0,"yaw":0.0}
S03R {"ack_input_tick":1230,"cause":"none","correction_m":0.0,"correction_yaw_deg":0.0,"event":"correction","history_exhausted":false,"replay_frames":23,"replay_usec":178,"role":"client","tick":1254,"time_ms":23222,"wall_ms":1791536446844.0}
S03R {"authority_install_error_m":0.0,"entity":2,"event":"apply","pose":{"control":2,"durable":4,"entity":2,"last_input_tick":1230,"position":[6.0,0.00100011611357331,3.38099884986877],"receipt_ms":23218,"sequence":97,"tick":1389,"velocity":[0.0,0.0,0.0],"yaw":0.0},"position":[6.0,0.00100011611357331,3.38099884986877],"time_ms":23226,"wall_ms":1791536446848.0,"yaw":0.0}
S03R {"event":"prediction","history_size":24,"position":[6.0,0.00100011611357331,3.38099884986877],"predicted_tick":1254,"role":"client","tick":1254,"time_ms":23233,"wall_ms":1791536446855.0,"yaw":0.0}
S03R {"authority_install_error_m":0.0,"entity":1,"event":"apply","pose":{"control":1,"durable":4,"entity":1,"last_input_tick":1232,"position":[0.0,0.00100011611357331,10.9999923706055],"receipt_ms":23237,"sequence":1232,"tick":1395,"velocity":[0.0,0.0,0.0],"yaw":0.0},"position":[0.0,0.00100011611357331,10.9999923706055],"time_ms":23237,"wall_ms":1791536446860.0,"yaw":0.0}
S03R {"ack_input_tick":1237,"cause":"none","correction_m":0.0,"correction_yaw_deg":0.0,"event":"correction","history_exhausted":false,"replay_frames":17,"replay_usec":120,"role":"client","tick":1255,"time_ms":23240,"wall_ms":1791536446863.0}
S03R {"authority_install_error_m":0.0,"entity":2,"event":"apply","pose":{"control":2,"durable":4,"entity":2,"last_input_tick":1237,"position":[6.0,0.00100011611357331,3.38099884986877],"receipt_ms":23237,"sequence":104,"tick":1395,"velocity":[0.0,0.0,0.0],"yaw":0.0},"position":[6.0,0.00100011611357331,3.38099884986877],"time_ms":23242,"wall_ms":1791536446865.0,"yaw":0.0}
S03R {"event":"prediction","history_size":18,"position":[6.0,0.00100011611357331,3.38099884986877],"predicted_tick":1255,"role":"client","tick":1255,"time_ms":23245,"wall_ms":1791536446867.0,"yaw":0.0}
S03R {"event":"prediction","history_size":19,"position":[6.0,0.00100011611357331,3.38099884986877],"predicted_tick":1256,"role":"client","tick":1256,"time_ms":23250,"wall_ms":1791536446872.0,"yaw":0.0}
S03R {"event":"prediction","history_size":20,"position":[6.0,0.00100011611357331,3.38099884986877],"predicted_tick":1257,"role":"client","tick":1257,"time_ms":23276,"wall_ms":1791536446898.0,"yaw":0.0}
S03R {"event":"prediction","history_size":21,"position":[6.0,0.00100011611357331,3.38099884986877],"predicted_tick":1258,"role":"client","tick":1258,"time_ms":23282,"wall_ms":1791536446905.0,"yaw":0.0}
S03R {"event":"prediction","history_size":22,"position":[6.0,0.00100011611357331,3.38099884986877],"predicted_tick":1259,"role":"client","tick":1259,"time_ms":23306,"wall_ms":1791536446928.0,"yaw":0.0}
S03R {"event":"prediction","history_size":23,"position":[6.0,0.00100011611357331,3.38099884986877],"predicted_tick":1260,"role":"client","tick":1260,"time_ms":23320,"wall_ms":1791536446943.0,"yaw":0.0}
S03R {"authority_install_error_m":0.0,"entity":1,"event":"apply","pose":{"control":1,"durable":4,"entity":1,"last_input_tick":1238,"position":[0.0,0.00100011611357331,10.9999923706055],"receipt_ms":23325,"sequence":1238,"tick":1401,"velocity":[0.0,0.0,0.0],"yaw":0.0},"position":[0.0,0.00100011611357331,10.9999923706055],"time_ms":23335,"wall_ms":1791536446957.0,"yaw":0.0}
S03R {"ack_input_tick":1243,"cause":"none","correction_m":0.0,"correction_yaw_deg":0.0,"event":"correction","history_exhausted":false,"replay_frames":17,"replay_usec":307,"role":"client","tick":1261,"time_ms":23341,"wall_ms":1791536446963.0}
S03R {"authority_install_error_m":0.0,"entity":2,"event":"apply","pose":{"control":2,"durable":4,"entity":2,"last_input_tick":1243,"position":[6.0,0.00100011611357331,3.38099884986877],"receipt_ms":23325,"sequence":110,"tick":1401,"velocity":[0.0,0.0,0.0],"yaw":0.0},"position":[6.0,0.00100011611357331,3.38099884986877],"time_ms":23344,"wall_ms":1791536446966.0,"yaw":0.0}
S03R {"event":"prediction","history_size":18,"position":[6.0,0.00100011611357331,3.38099884986877],"predicted_tick":1261,"role":"client","tick":1261,"time_ms":23347,"wall_ms":1791536446969.0,"yaw":0.0}
S03R {"event":"prediction","history_size":19,"position":[6.0,0.00100011611357331,3.38099884986877],"predicted_tick":1262,"role":"client","tick":1262,"time_ms":23352,"wall_ms":1791536446974.0,"yaw":0.0}
S03R {"event":"prediction","history_size":20,"position":[6.0,0.00100011611357331,3.38099884986877],"predicted_tick":1263,"role":"client","tick":1263,"time_ms":23382,"wall_ms":1791536447004.0,"yaw":0.0}
S03R {"event":"prediction","history_size":21,"position":[6.0,0.00100011611357331,3.38099884986877],"predicted_tick":1264,"role":"client","tick":1264,"time_ms":23397,"wall_ms":1791536447019.0,"yaw":0.0}
S03R {"event":"prediction","history_size":22,"position":[6.0,0.00100011611357331,3.38099884986877],"predicted_tick":1265,"role":"client","tick":1265,"time_ms":23404,"wall_ms":1791536447025.0,"yaw":0.0}
S03R {"event":"prediction","history_size":23,"position":[6.0,0.00100011611357331,3.38099884986877],"predicted_tick":1266,"role":"client","tick":1266,"time_ms":23427,"wall_ms":1791536447049.0,"yaw":0.0}
S03R {"event":"prediction","history_size":24,"position":[6.0,0.00100011611357331,3.38099884986877],"predicted_tick":1267,"role":"client","tick":1267,"time_ms":23443,"wall_ms":1791536447066.0,"yaw":0.0}
S03R {"event":"prediction","history_size":25,"position":[6.0,0.00100011611357331,3.38099884986877],"predicted_tick":1268,"role":"client","tick":1268,"time_ms":23458,"wall_ms":1791536447081.0,"yaw":0.0}
S03R {"authority_install_error_m":0.0,"entity":1,"event":"apply","pose":{"control":1,"durable":4,"entity":1,"last_input_tick":1241,"position":[0.0,0.00100011611357331,10.9999923706055],"receipt_ms":23461,"sequence":1241,"tick":1404,"velocity":[0.0,0.0,0.0],"yaw":0.0},"position":[0.0,0.00100011611357331,10.9999923706055],"time_ms":23474,"wall_ms":1791536447096.0,"yaw":0.0}
S03R {"ack_input_tick":1246,"cause":"none","correction_m":0.0,"correction_yaw_deg":0.0,"event":"correction","history_exhausted":false,"replay_frames":22,"replay_usec":159,"role":"client","tick":1269,"time_ms":23484,"wall_ms":1791536447106.0}
S03R {"authority_install_error_m":0.0,"entity":2,"event":"apply","pose":{"control":2,"durable":4,"entity":2,"last_input_tick":1246,"position":[6.0,0.00100011611357331,3.38099884986877],"receipt_ms":23461,"sequence":113,"tick":1404,"velocity":[0.0,0.0,0.0],"yaw":0.0},"position":[6.0,0.00100011611357331,3.38099884986877],"time_ms":23488,"wall_ms":1791536447109.0,"yaw":0.0}
S03R {"event":"prediction","history_size":23,"position":[6.0,0.00100011611357331,3.38099884986877],"predicted_tick":1269,"role":"client","tick":1269,"time_ms":23493,"wall_ms":1791536447115.0,"yaw":0.0}
S03R {"authority_install_error_m":0.0,"entity":1,"event":"apply","pose":{"control":1,"durable":4,"entity":1,"last_input_tick":1244,"position":[0.0,0.00100011611357331,10.9999923706055],"receipt_ms":23498,"sequence":1244,"tick":1407,"velocity":[0.0,0.0,0.0],"yaw":0.0},"position":[0.0,0.00100011611357331,10.9999923706055],"time_ms":23499,"wall_ms":1791536447121.0,"yaw":0.0}
S03R {"ack_input_tick":1252,"cause":"none","correction_m":0.0,"correction_yaw_deg":0.0,"event":"correction","history_exhausted":false,"replay_frames":17,"replay_usec":116,"role":"client","tick":1270,"time_ms":23502,"wall_ms":1791536447124.0}
S03R {"authority_install_error_m":0.0,"entity":2,"event":"apply","pose":{"control":2,"durable":4,"entity":2,"last_input_tick":1252,"position":[6.0,0.00100011611357331,3.38099884986877],"receipt_ms":23499,"sequence":119,"tick":1407,"velocity":[0.0,0.0,0.0],"yaw":0.0},"position":[6.0,0.00100011611357331,3.38099884986877],"time_ms":23507,"wall_ms":1791536447128.0,"yaw":0.0}
S03R {"event":"prediction","history_size":18,"position":[6.0,0.00100011611357331,3.38099884986877],"predicted_tick":1270,"role":"client","tick":1270,"time_ms":23511,"wall_ms":1791536447133.0,"yaw":0.0}
S03R {"event":"prediction","history_size":19,"position":[6.0,0.00100011611357331,3.38099884986877],"predicted_tick":1271,"role":"client","tick":1271,"time_ms":23516,"wall_ms":1791536447138.0,"yaw":0.0}
S03R {"event":"prediction","history_size":20,"position":[6.0,0.00100011611357331,3.38099884986877],"predicted_tick":1272,"role":"client","tick":1272,"time_ms":23534,"wall_ms":1791536447156.0,"yaw":0.0}
S03R {"authority_install_error_m":0.0,"entity":1,"event":"apply","pose":{"control":1,"durable":4,"entity":1,"last_input_tick":1247,"position":[0.0,0.00100011611357331,10.9999923706055],"receipt_ms":23538,"sequence":1247,"tick":1410,"velocity":[0.0,0.0,0.0],"yaw":0.0},"position":[0.0,0.00100011611357331,10.9999923706055],"time_ms":23538,"wall_ms":1791536447161.0,"yaw":0.0}
S03R {"ack_input_tick":1252,"cause":"none","correction_m":0.0,"correction_yaw_deg":0.0,"event":"correction","history_exhausted":false,"replay_frames":20,"replay_usec":122,"role":"client","tick":1273,"time_ms":23542,"wall_ms":1791536447164.0}
S03R {"authority_install_error_m":0.0,"entity":2,"event":"apply","pose":{"control":2,"durable":4,"entity":2,"last_input_tick":1252,"position":[6.0,0.00100011611357331,3.38099884986877],"receipt_ms":23538,"sequence":119,"tick":1410,"velocity":[0.0,0.0,0.0],"yaw":0.0},"position":[6.0,0.00100011611357331,3.38099884986877],"time_ms":23546,"wall_ms":1791536447168.0,"yaw":0.0}
S03R {"event":"prediction","history_size":21,"position":[6.0,0.00100011611357331,3.38099884986877],"predicted_tick":1273,"role":"client","tick":1273,"time_ms":23549,"wall_ms":1791536447171.0,"yaw":0.0}
S03R {"event":"prediction","history_size":22,"position":[6.0,0.00100011611357331,3.38099884986877],"predicted_tick":1274,"role":"client","tick":1274,"time_ms":23552,"wall_ms":1791536447174.0,"yaw":0.0}
S03R {"authority_install_error_m":0.0,"entity":1,"event":"apply","pose":{"control":1,"durable":4,"entity":1,"last_input_tick":1250,"position":[0.0,0.00100011611357331,10.9999923706055],"receipt_ms":23565,"sequence":1250,"tick":1413,"velocity":[0.0,0.0,0.0],"yaw":0.0},"position":[0.0,0.00100011611357331,10.9999923706055],"time_ms":23565,"wall_ms":1791536447188.0,"yaw":0.0}
S03R {"ack_input_tick":1257,"cause":"none","correction_m":0.0,"correction_yaw_deg":0.0,"event":"correction","history_exhausted":false,"replay_frames":17,"replay_usec":115,"role":"client","tick":1275,"time_ms":23568,"wall_ms":1791536447190.0}
S03R {"authority_install_error_m":0.0,"entity":2,"event":"apply","pose":{"control":2,"durable":4,"entity":2,"last_input_tick":1257,"position":[6.0,0.00100011611357331,3.38099884986877],"receipt_ms":23565,"sequence":124,"tick":1413,"velocity":[0.0,0.0,0.0],"yaw":0.0},"position":[6.0,0.00100011611357331,3.38099884986877],"time_ms":23572,"wall_ms":1791536447195.0,"yaw":0.0}
S03R {"event":"prediction","history_size":18,"position":[6.0,0.00100011611357331,3.38099884986877],"predicted_tick":1275,"role":"client","tick":1275,"time_ms":23576,"wall_ms":1791536447199.0,"yaw":0.0}
S03R {"event":"prediction","history_size":19,"position":[6.0,0.00100011611357331,3.38099884986877],"predicted_tick":1276,"role":"client","tick":1276,"time_ms":23582,"wall_ms":1791536447204.0,"yaw":0.0}
S03R {"event":"prediction","history_size":20,"position":[6.0,0.00100011611357331,3.38099884986877],"predicted_tick":1277,"role":"client","tick":1277,"time_ms":23613,"wall_ms":1791536447235.0,"yaw":0.0}
S03R {"event":"prediction","history_size":21,"position":[6.0,0.00100011611357331,3.38099884986877],"predicted_tick":1278,"role":"client","tick":1278,"time_ms":23629,"wall_ms":1791536447251.0,"yaw":0.0}
S03R {"event":"prediction","history_size":22,"position":[6.0,0.00100011611357331,3.38099884986877],"predicted_tick":1279,"role":"client","tick":1279,"time_ms":23660,"wall_ms":1791536447282.0,"yaw":0.0}
S03R {"authority_install_error_m":0.0,"entity":1,"event":"apply","pose":{"control":1,"durable":4,"entity":1,"last_input_tick":1253,"position":[0.0,0.00100011611357331,10.9999923706055],"receipt_ms":23667,"sequence":1253,"tick":1416,"velocity":[0.0,0.0,0.0],"yaw":0.0},"position":[0.0,0.00100011611357331,10.9999923706055],"time_ms":23668,"wall_ms":1791536447290.0,"yaw":0.0}
S03R {"ack_input_tick":1260,"cause":"none","correction_m":0.0,"correction_yaw_deg":0.0,"event":"correction","history_exhausted":false,"replay_frames":19,"replay_usec":185,"role":"client","tick":1280,"time_ms":23672,"wall_ms":1791536447293.0}
S03R {"authority_install_error_m":0.0,"entity":2,"event":"apply","pose":{"control":2,"durable":4,"entity":2,"last_input_tick":1260,"position":[6.0,0.00100011611357331,3.38099884986877],"receipt_ms":23667,"sequence":127,"tick":1416,"velocity":[0.0,0.0,0.0],"yaw":0.0},"position":[6.0,0.00100011611357331,3.38099884986877],"time_ms":23674,"wall_ms":1791536447297.0,"yaw":0.0}
S03R {"event":"prediction","history_size":20,"position":[6.0,0.00100011611357331,3.38099884986877],"predicted_tick":1280,"role":"client","tick":1280,"time_ms":23677,"wall_ms":1791536447299.0,"yaw":0.0}
S03R {"event":"prediction","history_size":21,"position":[6.0,0.00100011611357331,3.38099884986877],"predicted_tick":1281,"role":"client","tick":1281,"time_ms":23682,"wall_ms":1791536447304.0,"yaw":0.0}
S03R {"event":"prediction","history_size":22,"position":[6.0,0.00100011611357331,3.38099884986877],"predicted_tick":1282,"role":"client","tick":1282,"time_ms":23691,"wall_ms":1791536447313.0,"yaw":0.0}
S03R {"authority_install_error_m":0.0,"entity":1,"event":"apply","pose":{"control":1,"durable":4,"entity":1,"last_input_tick":1259,"position":[0.0,0.00100011611357331,10.9999923706055],"receipt_ms":23694,"sequence":1259,"tick":1422,"velocity":[0.0,0.0,0.0],"yaw":0.0},"position":[0.0,0.00100011611357331,10.9999923706055],"time_ms":23707,"wall_ms":1791536447330.0,"yaw":0.0}
S03R {"ack_input_tick":1266,"cause":"none","correction_m":0.0,"correction_yaw_deg":0.0,"event":"correction","history_exhausted":false,"replay_frames":16,"replay_usec":109,"role":"client","tick":1283,"time_ms":23710,"wall_ms":1791536447333.0}
S03R {"authority_install_error_m":0.0,"entity":2,"event":"apply","pose":{"control":2,"durable":4,"entity":2,"last_input_tick":1266,"position":[6.0,0.00100011611357331,3.38099884986877],"receipt_ms":23694,"sequence":133,"tick":1422,"velocity":[0.0,0.0,0.0],"yaw":0.0},"position":[6.0,0.00100011611357331,3.38099884986877],"time_ms":23715,"wall_ms":1791536447337.0,"yaw":0.0}
S03R {"event":"prediction","history_size":17,"position":[6.0,0.00100011611357331,3.38099884986877],"predicted_tick":1283,"role":"client","tick":1283,"time_ms":23717,"wall_ms":1791536447339.0,"yaw":0.0}
S03R {"authority_install_error_m":0.0,"entity":1,"event":"apply","pose":{"control":1,"durable":4,"entity":1,"last_input_tick":1262,"position":[0.0,0.00100011611357331,10.9999923706055],"receipt_ms":23722,"sequence":1262,"tick":1425,"velocity":[0.0,0.0,0.0],"yaw":0.0},"position":[0.0,0.00100011611357331,10.9999923706055],"time_ms":23724,"wall_ms":1791536447346.0,"yaw":0.0}
S03R {"ack_input_tick":1268,"cause":"none","correction_m":0.0,"correction_yaw_deg":0.0,"event":"correction","history_exhausted":false,"replay_frames":15,"replay_usec":205,"role":"client","tick":1284,"time_ms":23727,"wall_ms":1791536447350.0}
S03R {"authority_install_error_m":0.0,"entity":2,"event":"apply","pose":{"control":2,"durable":4,"entity":2,"last_input_tick":1268,"position":[6.0,0.00100011611357331,3.38099884986877],"receipt_ms":23722,"sequence":135,"tick":1425,"velocity":[0.0,0.0,0.0],"yaw":0.0},"position":[6.0,0.00100011611357331,3.38099884986877],"time_ms":23730,"wall_ms":1791536447352.0,"yaw":0.0}
S03R {"event":"prediction","history_size":16,"position":[6.0,0.00100011611357331,3.38099884986877],"predicted_tick":1284,"role":"client","tick":1284,"time_ms":23732,"wall_ms":1791536447355.0,"yaw":0.0}
S03R {"event":"prediction","history_size":17,"position":[6.0,0.00100011611357331,3.38099884986877],"predicted_tick":1285,"role":"client","tick":1285,"time_ms":23736,"wall_ms":1791536447358.0,"yaw":0.0}
S03R {"event":"prediction","history_size":18,"position":[6.0,0.00100011611357331,3.38099884986877],"predicted_tick":1286,"role":"client","tick":1286,"time_ms":23753,"wall_ms":1791536447375.0,"yaw":0.0}
S03R {"event":"prediction","history_size":19,"position":[6.0,0.00100011611357331,3.38099884986877],"predicted_tick":1287,"role":"client","tick":1287,"time_ms":23768,"wall_ms":1791536447391.0,"yaw":0.0}
S03R {"event":"prediction","history_size":20,"position":[6.0,0.00100011611357331,3.38099884986877],"predicted_tick":1288,"role":"client","tick":1288,"time_ms":23784,"wall_ms":1791536447407.0,"yaw":0.0}
S03R {"event":"prediction","history_size":21,"position":[6.0,0.00100011611357331,3.38099884986877],"predicted_tick":1289,"role":"client","tick":1289,"time_ms":23801,"wall_ms":1791536447423.0,"yaw":0.0}
S03R {"event":"prediction","history_size":22,"position":[6.0,0.00100011611357331,3.38099884986877],"predicted_tick":1290,"role":"client","tick":1290,"time_ms":23816,"wall_ms":1791536447439.0,"yaw":0.0}
S03R {"event":"prediction","history_size":23,"position":[6.0,0.00100011611357331,3.38099884986877],"predicted_tick":1291,"role":"client","tick":1291,"time_ms":23832,"wall_ms":1791536447454.0,"yaw":0.0}
S03R {"authority_install_error_m":0.0,"entity":1,"event":"apply","pose":{"control":1,"durable":4,"entity":1,"last_input_tick":1265,"position":[0.0,0.00100011611357331,10.9999923706055],"receipt_ms":23843,"sequence":1265,"tick":1428,"velocity":[0.0,0.0,0.0],"yaw":0.0},"position":[0.0,0.00100011611357331,10.9999923706055],"time_ms":23863,"wall_ms":1791536447486.0,"yaw":0.0}
S03R {"ack_input_tick":1270,"cause":"none","correction_m":0.0,"correction_yaw_deg":0.0,"event":"correction","history_exhausted":false,"replay_frames":21,"replay_usec":155,"role":"client","tick":1292,"time_ms":23866,"wall_ms":1791536447488.0}
S03R {"authority_install_error_m":0.0,"entity":2,"event":"apply","pose":{"control":2,"durable":4,"entity":2,"last_input_tick":1270,"position":[6.0,0.00100011611357331,3.38099884986877],"receipt_ms":23843,"sequence":137,"tick":1428,"velocity":[0.0,0.0,0.0],"yaw":0.0},"position":[6.0,0.00100011611357331,3.38099884986877],"time_ms":23869,"wall_ms":1791536447492.0,"yaw":0.0}
S03R {"event":"prediction","history_size":22,"position":[6.0,0.00100011611357331,3.38099884986877],"predicted_tick":1292,"role":"client","tick":1292,"time_ms":23874,"wall_ms":1791536447496.0,"yaw":0.0}
S03R {"authority_install_error_m":0.0,"entity":1,"event":"apply","pose":{"control":1,"durable":4,"entity":1,"last_input_tick":1271,"position":[0.0,0.00100011611357331,10.9999923706055],"receipt_ms":23877,"sequence":1271,"tick":1434,"velocity":[0.0,0.0,0.0],"yaw":0.0},"position":[0.0,0.00100011611357331,10.9999923706055],"time_ms":23877,"wall_ms":1791536447499.0,"yaw":0.0}
S03R {"ack_input_tick":1279,"cause":"none","correction_m":0.0,"correction_yaw_deg":0.0,"event":"correction","history_exhausted":false,"replay_frames":13,"replay_usec":177,"role":"client","tick":1293,"time_ms":23880,"wall_ms":1791536447502.0}
S03R {"authority_install_error_m":0.0,"entity":2,"event":"apply","pose":{"control":2,"durable":4,"entity":2,"last_input_tick":1279,"position":[6.0,0.00100011611357331,3.38099884986877],"receipt_ms":23877,"sequence":146,"tick":1434,"velocity":[0.0,0.0,0.0],"yaw":0.0},"position":[6.0,0.00100011611357331,3.38099884986877],"time_ms":23883,"wall_ms":1791536447505.0,"yaw":0.0}
S03R {"event":"prediction","history_size":14,"position":[6.0,0.00100011611357331,3.38099884986877],"predicted_tick":1293,"role":"client","tick":1293,"time_ms":23888,"wall_ms":1791536447510.0,"yaw":0.0}
S03R {"event":"prediction","history_size":15,"position":[6.0,0.00100011611357331,3.38099884986877],"predicted_tick":1294,"role":"client","tick":1294,"time_ms":23891,"wall_ms":1791536447513.0,"yaw":0.0}
S03R {"event":"prediction","history_size":16,"position":[6.0,0.00100011611357331,3.38099884986877],"predicted_tick":1295,"role":"client","tick":1295,"time_ms":23910,"wall_ms":1791536447532.0,"yaw":0.0}
S03R {"event":"prediction","history_size":17,"position":[6.0,0.00100011611357331,3.38099884986877],"predicted_tick":1296,"role":"client","tick":1296,"time_ms":23925,"wall_ms":1791536447547.0,"yaw":0.0}
S03R {"event":"prediction","history_size":18,"position":[6.0,0.00100011611357331,3.38099884986877],"predicted_tick":1297,"role":"client","tick":1297,"time_ms":23942,"wall_ms":1791536447564.0,"yaw":0.0}
S03R {"authority_install_error_m":0.0,"entity":1,"event":"apply","pose":{"control":1,"durable":4,"entity":1,"last_input_tick":1274,"position":[0.0,0.00100011611357331,10.9999923706055],"receipt_ms":23956,"sequence":1274,"tick":1437,"velocity":[0.0,0.0,0.0],"yaw":0.0},"position":[0.0,0.00100011611357331,10.9999923706055],"time_ms":23959,"wall_ms":1791536447581.0,"yaw":0.0}
S03R {"ack_input_tick":1282,"cause":"none","correction_m":0.0,"correction_yaw_deg":0.0,"event":"correction","history_exhausted":false,"replay_frames":15,"replay_usec":124,"role":"client","tick":1298,"time_ms":23963,"wall_ms":1791536447586.0}
S03R {"authority_install_error_m":0.0,"entity":2,"event":"apply","pose":{"control":2,"durable":4,"entity":2,"last_input_tick":1282,"position":[6.0,0.00100011611357331,3.38099884986877],"receipt_ms":23956,"sequence":149,"tick":1437,"velocity":[0.0,0.0,0.0],"yaw":0.0},"position":[6.0,0.00100011611357331,3.38099884986877],"time_ms":23966,"wall_ms":1791536447588.0,"yaw":0.0}
S03R {"event":"prediction","history_size":16,"position":[6.0,0.00100011611357331,3.38099884986877],"predicted_tick":1298,"role":"client","tick":1298,"time_ms":23968,"wall_ms":1791536447591.0,"yaw":0.0}
S03R {"event":"prediction","history_size":17,"position":[6.0,0.00100011611357331,3.38099884986877],"predicted_tick":1299,"role":"client","tick":1299,"time_ms":23972,"wall_ms":1791536447594.0,"yaw":0.0}
S03R {"event":"prediction","history_size":18,"position":[6.0,0.00100011611357331,3.38099884986877],"predicted_tick":1300,"role":"client","tick":1300,"time_ms":23986,"wall_ms":1791536447608.0,"yaw":0.0}
S03R {"event":"prediction","history_size":19,"position":[6.0,0.00100011611357331,3.38099884986877],"predicted_tick":1301,"role":"client","tick":1301,"time_ms":24001,"wall_ms":1791536447623.0,"yaw":0.0}
S03R {"event":"prediction","history_size":20,"position":[6.0,0.00100011611357331,3.38099884986877],"predicted_tick":1302,"role":"client","tick":1302,"time_ms":24016,"wall_ms":1791536447639.0,"yaw":0.0}
S03R {"authority_install_error_m":0.0,"entity":1,"event":"apply","pose":{"control":1,"durable":4,"entity":1,"last_input_tick":1277,"position":[0.0,0.00100011611357331,10.9999923706055],"receipt_ms":24032,"sequence":1277,"tick":1440,"velocity":[0.0,0.0,0.0],"yaw":0.0},"position":[0.0,0.00100011611357331,10.9999923706055],"time_ms":24046,"wall_ms":1791536447669.0,"yaw":0.0}
S03R {"ack_input_tick":1285,"cause":"none","correction_m":0.0,"correction_yaw_deg":0.0,"event":"correction","history_exhausted":false,"replay_frames":17,"replay_usec":226,"role":"client","tick":1303,"time_ms":24049,"wall_ms":1791536447672.0}
S03R {"authority_install_error_m":0.0,"entity":2,"event":"apply","pose":{"control":2,"durable":4,"entity":2,"last_input_tick":1285,"position":[6.0,0.00100011611357331,3.38099884986877],"receipt_ms":24032,"sequence":152,"tick":1440,"velocity":[0.0,0.0,0.0],"yaw":0.0},"position":[6.0,0.00100011611357331,3.38099884986877],"time_ms":24052,"wall_ms":1791536447674.0,"yaw":0.0}
S03R {"event":"prediction","history_size":18,"position":[6.0,0.00100011611357331,3.38099884986877],"predicted_tick":1303,"role":"client","tick":1303,"time_ms":24055,"wall_ms":1791536447677.0,"yaw":0.0}
S03R {"event":"prediction","history_size":19,"position":[6.0,0.00100011611357331,3.38099884986877],"predicted_tick":1304,"role":"client","tick":1304,"time_ms":24058,"wall_ms":1791536447681.0,"yaw":0.0}
S03R {"event":"prediction","history_size":20,"position":[6.0,0.00100011611357331,3.38099884986877],"predicted_tick":1305,"role":"client","tick":1305,"time_ms":24077,"wall_ms":1791536447700.0,"yaw":0.0}
S03R {"authority_install_error_m":0.0,"entity":1,"event":"apply","pose":{"control":1,"durable":4,"entity":1,"last_input_tick":1283,"position":[0.0,0.00100011611357331,10.9999923706055],"receipt_ms":24093,"sequence":1283,"tick":1446,"velocity":[0.0,0.0,0.0],"yaw":0.0},"position":[0.0,0.00100011611357331,10.9999923706055],"time_ms":24094,"wall_ms":1791536447716.0,"yaw":0.0}
S03R {"ack_input_tick":1291,"cause":"none","correction_m":0.0,"correction_yaw_deg":0.0,"event":"correction","history_exhausted":false,"replay_frames":14,"replay_usec":107,"role":"client","tick":1306,"time_ms":24097,"wall_ms":1791536447719.0}
S03R {"authority_install_error_m":0.0,"entity":2,"event":"apply","pose":{"control":2,"durable":4,"entity":2,"last_input_tick":1291,"position":[6.0,0.00100011611357331,3.38099884986877],"receipt_ms":24093,"sequence":158,"tick":1446,"velocity":[0.0,0.0,0.0],"yaw":0.0},"position":[6.0,0.00100011611357331,3.38099884986877],"time_ms":24101,"wall_ms":1791536447724.0,"yaw":0.0}
S03R {"event":"prediction","history_size":15,"position":[6.0,0.00100011611357331,3.38099884986877],"predicted_tick":1306,"role":"client","tick":1306,"time_ms":24105,"wall_ms":1791536447728.0,"yaw":0.0}
S03R {"event":"prediction","history_size":16,"position":[6.0,0.00100011611357331,3.38099884986877],"predicted_tick":1307,"role":"client","tick":1307,"time_ms":24111,"wall_ms":1791536447733.0,"yaw":0.0}
S03R {"event":"prediction","history_size":17,"position":[6.0,0.00100011611357331,3.38099884986877],"predicted_tick":1308,"role":"client","tick":1308,"time_ms":24124,"wall_ms":1791536447747.0,"yaw":0.0}
S03R {"authority_install_error_m":0.0,"entity":1,"event":"apply","pose":{"control":1,"durable":4,"entity":1,"last_input_tick":1286,"position":[0.0,0.00100011611357331,10.9999923706055],"receipt_ms":24131,"sequence":1286,"tick":1449,"velocity":[0.0,0.0,0.0],"yaw":0.0},"position":[0.0,0.00100011611357331,10.9999923706055],"time_ms":24140,"wall_ms":1791536447763.0,"yaw":0.0}
S03R {"ack_input_tick":1292,"cause":"none","correction_m":0.0,"correction_yaw_deg":0.0,"event":"correction","history_exhausted":false,"replay_frames":16,"replay_usec":247,"role":"client","tick":1309,"time_ms":24145,"wall_ms":1791536447768.0}
S03R {"authority_install_error_m":0.0,"entity":2,"event":"apply","pose":{"control":2,"durable":4,"entity":2,"last_input_tick":1292,"position":[6.0,0.00100011611357331,3.38099884986877],"receipt_ms":24131,"sequence":159,"tick":1449,"velocity":[0.0,0.0,0.0],"yaw":0.0},"position":[6.0,0.00100011611357331,3.38099884986877],"time_ms":24151,"wall_ms":1791536447773.0,"yaw":0.0}
S03R {"event":"prediction","history_size":17,"position":[6.0,0.00100011611357331,3.38099884986877],"predicted_tick":1309,"role":"client","tick":1309,"time_ms":24158,"wall_ms":1791536447780.0,"yaw":0.0}
S03R {"event":"prediction","history_size":18,"position":[6.0,0.00100011611357331,3.38099884986877],"predicted_tick":1310,"role":"client","tick":1310,"time_ms":24164,"wall_ms":1791536447786.0,"yaw":0.0}
S03R {"event":"prediction","history_size":19,"position":[6.0,0.00100011611357331,3.38099884986877],"predicted_tick":1311,"role":"client","tick":1311,"time_ms":24187,"wall_ms":1791536447810.0,"yaw":0.0}
S03R {"authority_install_error_m":0.0,"entity":1,"event":"apply","pose":{"control":1,"durable":4,"entity":1,"last_input_tick":1289,"position":[0.0,0.00100011611357331,10.9999923706055],"receipt_ms":24192,"sequence":1289,"tick":1452,"velocity":[0.0,0.0,0.0],"yaw":0.0},"position":[0.0,0.00100011611357331,10.9999923706055],"time_ms":24194,"wall_ms":1791536447817.0,"yaw":0.0}
S03R {"ack_input_tick":1296,"cause":"none","correction_m":0.0,"correction_yaw_deg":0.0,"event":"correction","history_exhausted":false,"replay_frames":15,"replay_usec":193,"role":"client","tick":1312,"time_ms":24199,"wall_ms":1791536447821.0}
S03R {"authority_install_error_m":0.0,"entity":2,"event":"apply","pose":{"control":2,"durable":4,"entity":2,"last_input_tick":1296,"position":[6.0,0.00100011611357331,3.38099884986877],"receipt_ms":24192,"sequence":163,"tick":1452,"velocity":[0.0,0.0,0.0],"yaw":0.0},"position":[6.0,0.00100011611357331,3.38099884986877],"time_ms":24201,"wall_ms":1791536447823.0,"yaw":0.0}
S03R {"event":"prediction","history_size":16,"position":[6.0,0.00100011611357331,3.38099884986877],"predicted_tick":1312,"role":"client","tick":1312,"time_ms":24206,"wall_ms":1791536447827.0,"yaw":0.0}
S03R {"event":"prediction","history_size":17,"position":[6.0,0.00100011611357331,3.38099884986877],"predicted_tick":1313,"role":"client","tick":1313,"time_ms":24210,"wall_ms":1791536447833.0,"yaw":0.0}
S03R {"event":"prediction","history_size":18,"position":[6.0,0.00100011611357331,3.38099884986877],"predicted_tick":1314,"role":"client","tick":1314,"time_ms":24235,"wall_ms":1791536447857.0,"yaw":0.0}
S03R {"event":"prediction","history_size":19,"position":[6.0,0.00100011611357331,3.38099884986877],"predicted_tick":1315,"role":"client","tick":1315,"time_ms":24250,"wall_ms":1791536447872.0,"yaw":0.0}
S03R {"event":"prediction","history_size":20,"position":[6.0,0.00100011611357331,3.38099884986877],"predicted_tick":1316,"role":"client","tick":1316,"time_ms":24262,"wall_ms":1791536447885.0,"yaw":0.0}
S03R {"event":"prediction","history_size":21,"position":[6.0,0.00100011611357331,3.38099884986877],"predicted_tick":1317,"role":"client","tick":1317,"time_ms":24277,"wall_ms":1791536447899.0,"yaw":0.0}
S03R {"authority_install_error_m":0.0,"entity":1,"event":"apply","pose":{"control":1,"durable":4,"entity":1,"last_input_tick":1292,"position":[0.0,0.00100011611357331,10.9999923706055],"receipt_ms":24282,"sequence":1292,"tick":1455,"velocity":[0.0,0.0,0.0],"yaw":0.0},"position":[0.0,0.00100011611357331,10.9999923706055],"time_ms":24284,"wall_ms":1791536447906.0,"yaw":0.0}
S03R {"ack_input_tick":1299,"cause":"none","correction_m":0.0,"correction_yaw_deg":0.0,"event":"correction","history_exhausted":false,"replay_frames":18,"replay_usec":113,"role":"client","tick":1318,"time_ms":24287,"wall_ms":1791536447909.0}
S03R {"authority_install_error_m":0.0,"entity":2,"event":"apply","pose":{"control":2,"durable":4,"entity":2,"last_input_tick":1299,"position":[6.0,0.00100011611357331,3.38099884986877],"receipt_ms":24282,"sequence":166,"tick":1455,"velocity":[0.0,0.0,0.0],"yaw":0.0},"position":[6.0,0.00100011611357331,3.38099884986877],"time_ms":24291,"wall_ms":1791536447913.0,"yaw":0.0}
S03R {"event":"prediction","history_size":19,"position":[6.0,0.00100011611357331,3.38099884986877],"predicted_tick":1318,"role":"client","tick":1318,"time_ms":24296,"wall_ms":1791536447918.0,"yaw":0.0}
S03R {"event":"prediction","history_size":20,"position":[6.0,0.00100011611357331,3.38099884986877],"predicted_tick":1319,"role":"client","tick":1319,"time_ms":24301,"wall_ms":1791536447924.0,"yaw":0.0}
S03R {"event":"prediction","history_size":21,"position":[6.0,0.00100011611357331,3.38099884986877],"predicted_tick":1320,"role":"client","tick":1320,"time_ms":24326,"wall_ms":1791536447948.0,"yaw":0.0}
S03R {"authority_install_error_m":0.0,"entity":1,"event":"apply","pose":{"control":1,"durable":4,"entity":1,"last_input_tick":1295,"position":[0.0,0.00100011611357331,10.9999923706055],"receipt_ms":24331,"sequence":1295,"tick":1458,"velocity":[0.0,0.0,0.0],"yaw":0.0},"position":[0.0,0.00100011611357331,10.9999923706055],"time_ms":24332,"wall_ms":1791536447953.0,"yaw":0.0}
S03R {"ack_input_tick":1301,"cause":"none","correction_m":0.0,"correction_yaw_deg":0.0,"event":"correction","history_exhausted":false,"replay_frames":19,"replay_usec":131,"role":"client","tick":1321,"time_ms":24335,"wall_ms":1791536447957.0}
S03R {"authority_install_error_m":0.0,"entity":2,"event":"apply","pose":{"control":2,"durable":4,"entity":2,"last_input_tick":1301,"position":[6.0,0.00100011611357331,3.38099884986877],"receipt_ms":24331,"sequence":168,"tick":1458,"velocity":[0.0,0.0,0.0],"yaw":0.0},"position":[6.0,0.00100011611357331,3.38099884986877],"time_ms":24337,"wall_ms":1791536447959.0,"yaw":0.0}
S03R {"event":"prediction","history_size":20,"position":[6.0,0.00100011611357331,3.38099884986877],"predicted_tick":1321,"role":"client","tick":1321,"time_ms":24340,"wall_ms":1791536447962.0,"yaw":0.0}
S03R {"event":"prediction","history_size":21,"position":[6.0,0.00100011611357331,3.38099884986877],"predicted_tick":1322,"role":"client","tick":1322,"time_ms":24355,"wall_ms":1791536447976.0,"yaw":0.0}
S03R {"authority_install_error_m":0.0,"entity":1,"event":"apply","pose":{"control":1,"durable":4,"entity":1,"last_input_tick":1298,"position":[0.0,0.00100011611357331,10.9999923706055],"receipt_ms":24361,"sequence":1298,"tick":1461,"velocity":[0.0,0.0,0.0],"yaw":0.0},"position":[0.0,0.00100011611357331,10.9999923706055],"time_ms":24370,"wall_ms":1791536447992.0,"yaw":0.0}
S03R {"ack_input_tick":1303,"cause":"none","correction_m":0.0,"correction_yaw_deg":0.0,"event":"correction","history_exhausted":false,"replay_frames":19,"replay_usec":121,"role":"client","tick":1323,"time_ms":24374,"wall_ms":1791536447995.0}
S03R {"authority_install_error_m":0.0,"entity":2,"event":"apply","pose":{"control":2,"durable":4,"entity":2,"last_input_tick":1303,"position":[6.0,0.00100011611357331,3.38099884986877],"receipt_ms":24361,"sequence":170,"tick":1461,"velocity":[0.0,0.0,0.0],"yaw":0.0},"position":[6.0,0.00100011611357331,3.38099884986877],"time_ms":24378,"wall_ms":1791536447999.0,"yaw":0.0}
S03R {"event":"prediction","history_size":20,"position":[6.0,0.00100011611357331,3.38099884986877],"predicted_tick":1323,"role":"client","tick":1323,"time_ms":24382,"wall_ms":1791536448004.0,"yaw":0.0}
S03R {"event":"prediction","history_size":21,"position":[6.0,0.00100011611357331,3.38099884986877],"predicted_tick":1324,"role":"client","tick":1324,"time_ms":24389,"wall_ms":1791536448012.0,"yaw":0.0}
S03R {"event":"prediction","history_size":22,"position":[6.0,0.00100011611357331,3.38099884986877],"predicted_tick":1325,"role":"client","tick":1325,"time_ms":24402,"wall_ms":1791536448025.0,"yaw":0.0}
S03R {"event":"prediction","history_size":23,"position":[6.0,0.00100011611357331,3.38099884986877],"predicted_tick":1326,"role":"client","tick":1326,"time_ms":24417,"wall_ms":1791536448039.0,"yaw":0.0}
S03R {"authority_install_error_m":0.0,"entity":1,"event":"apply","pose":{"control":1,"durable":4,"entity":1,"last_input_tick":1304,"position":[0.0,0.00100011611357331,10.9999923706055],"receipt_ms":24432,"sequence":1304,"tick":1467,"velocity":[0.0,0.0,0.0],"yaw":0.0},"position":[0.0,0.00100011611357331,10.9999923706055],"time_ms":24450,"wall_ms":1791536448072.0,"yaw":0.0}
S03R {"ack_input_tick":1310,"cause":"none","correction_m":0.0,"correction_yaw_deg":0.0,"event":"correction","history_exhausted":false,"replay_frames":16,"replay_usec":120,"role":"client","tick":1327,"time_ms":24454,"wall_ms":1791536448076.0}
S03R {"authority_install_error_m":0.0,"entity":2,"event":"apply","pose":{"control":2,"durable":4,"entity":2,"last_input_tick":1310,"position":[6.0,0.00100011611357331,3.38099884986877],"receipt_ms":24432,"sequence":177,"tick":1467,"velocity":[0.0,0.0,0.0],"yaw":0.0},"position":[6.0,0.00100011611357331,3.38099884986877],"time_ms":24458,"wall_ms":1791536448081.0,"yaw":0.0}
S03R {"event":"prediction","history_size":17,"position":[6.0,0.00100011611357331,3.38099884986877],"predicted_tick":1327,"role":"client","tick":1327,"time_ms":24461,"wall_ms":1791536448082.0,"yaw":0.0}
S03R {"event":"prediction","history_size":18,"position":[6.0,0.00100011611357331,3.38099884986877],"predicted_tick":1328,"role":"client","tick":1328,"time_ms":24467,"wall_ms":1791536448090.0,"yaw":0.0}
S03R {"event":"prediction","history_size":19,"position":[6.0,0.00100011611357331,3.38099884986877],"predicted_tick":1329,"role":"client","tick":1329,"time_ms":24479,"wall_ms":1791536448102.0,"yaw":0.0}
S03R {"authority_install_error_m":0.0,"entity":1,"event":"apply","pose":{"control":1,"durable":4,"entity":1,"last_input_tick":1307,"position":[0.0,0.00100011611357331,10.9999923706055],"receipt_ms":24485,"sequence":1307,"tick":1470,"velocity":[0.0,0.0,0.0],"yaw":0.0},"position":[0.0,0.00100011611357331,10.9999923706055],"time_ms":24495,"wall_ms":1791536448117.0,"yaw":0.0}
S03R {"ack_input_tick":1316,"cause":"none","correction_m":0.0,"correction_yaw_deg":0.0,"event":"correction","history_exhausted":false,"replay_frames":13,"replay_usec":191,"role":"client","tick":1330,"time_ms":24498,"wall_ms":1791536448121.0}
S03R {"authority_install_error_m":0.0,"entity":2,"event":"apply","pose":{"control":2,"durable":4,"entity":2,"last_input_tick":1316,"position":[6.0,0.00100011611357331,3.38099884986877],"receipt_ms":24485,"sequence":183,"tick":1470,"velocity":[0.0,0.0,0.0],"yaw":0.0},"position":[6.0,0.00100011611357331,3.38099884986877],"time_ms":24501,"wall_ms":1791536448123.0,"yaw":0.0}
S03R {"event":"prediction","history_size":14,"position":[6.0,0.00100011611357331,3.38099884986877],"predicted_tick":1330,"role":"client","tick":1330,"time_ms":24503,"wall_ms":1791536448126.0,"yaw":0.0}
S03R {"event":"prediction","history_size":15,"position":[6.0,0.00100011611357331,3.38099884986877],"predicted_tick":1331,"role":"client","tick":1331,"time_ms":24507,"wall_ms":1791536448129.0,"yaw":0.0}
S03R {"event":"prediction","history_size":16,"position":[6.0,0.00100011611357331,3.38099884986877],"predicted_tick":1332,"role":"client","tick":1332,"time_ms":24527,"wall_ms":1791536448150.0,"yaw":0.0}
S03R {"event":"prediction","history_size":17,"position":[6.0,0.00100011611357331,3.38099884986877],"predicted_tick":1333,"role":"client","tick":1333,"time_ms":24543,"wall_ms":1791536448166.0,"yaw":0.0}
S03R {"event":"prediction","history_size":18,"position":[6.0,0.00100011611357331,3.38099884986877],"predicted_tick":1334,"role":"client","tick":1334,"time_ms":24560,"wall_ms":1791536448183.0,"yaw":0.0}
S03R {"event":"prediction","history_size":19,"position":[6.0,0.00100011611357331,3.38099884986877],"predicted_tick":1335,"role":"client","tick":1335,"time_ms":24574,"wall_ms":1791536448197.0,"yaw":0.0}
S03R {"event":"prediction","history_size":20,"position":[6.0,0.00100011611357331,3.38099884986877],"predicted_tick":1336,"role":"client","tick":1336,"time_ms":24591,"wall_ms":1791536448214.0,"yaw":0.0}
S03R {"authority_install_error_m":0.0,"entity":1,"event":"apply","pose":{"control":1,"durable":4,"entity":1,"last_input_tick":1310,"position":[0.0,0.00100011611357331,10.9999923706055],"receipt_ms":24595,"sequence":1310,"tick":1473,"velocity":[0.0,0.0,0.0],"yaw":0.0},"position":[0.0,0.00100011611357331,10.9999923706055],"time_ms":24607,"wall_ms":1791536448229.0,"yaw":0.0}
S03R {"ack_input_tick":1318,"cause":"none","correction_m":0.0,"correction_yaw_deg":0.0,"event":"correction","history_exhausted":false,"replay_frames":18,"replay_usec":128,"role":"client","tick":1337,"time_ms":24611,"wall_ms":1791536448234.0}
S03R {"authority_install_error_m":0.0,"entity":2,"event":"apply","pose":{"control":2,"durable":4,"entity":2,"last_input_tick":1318,"position":[6.0,0.00100011611357331,3.38099884986877],"receipt_ms":24595,"sequence":185,"tick":1473,"velocity":[0.0,0.0,0.0],"yaw":0.0},"position":[6.0,0.00100011611357331,3.38099884986877],"time_ms":24614,"wall_ms":1791536448236.0,"yaw":0.0}
S03R {"event":"prediction","history_size":19,"position":[6.0,0.00100011611357331,3.38099884986877],"predicted_tick":1337,"role":"client","tick":1337,"time_ms":24616,"wall_ms":1791536448239.0,"yaw":0.0}
S03R {"event":"prediction","history_size":20,"position":[6.0,0.00100011611357331,3.38099884986877],"predicted_tick":1338,"role":"client","tick":1338,"time_ms":24620,"wall_ms":1791536448242.0,"yaw":0.0}
S03R {"event":"prediction","history_size":21,"position":[6.0,0.00100011611357331,3.38099884986877],"predicted_tick":1339,"role":"client","tick":1339,"time_ms":24637,"wall_ms":1791536448259.0,"yaw":0.0}
S03R {"authority_install_error_m":0.0,"entity":1,"event":"apply","pose":{"control":1,"durable":4,"entity":1,"last_input_tick":1313,"position":[0.0,0.00100011611357331,10.9999923706055],"receipt_ms":24651,"sequence":1313,"tick":1476,"velocity":[0.0,0.0,0.0],"yaw":0.0},"position":[0.0,0.00100011611357331,10.9999923706055],"time_ms":24652,"wall_ms":1791536448274.0,"yaw":0.0}
S03R {"ack_input_tick":1321,"cause":"none","correction_m":0.0,"correction_yaw_deg":0.0,"event":"correction","history_exhausted":false,"replay_frames":18,"replay_usec":244,"role":"client","tick":1340,"time_ms":24655,"wall_ms":1791536448277.0}
S03R {"authority_install_error_m":0.0,"entity":2,"event":"apply","pose":{"control":2,"durable":4,"entity":2,"last_input_tick":1321,"position":[6.0,0.00100011611357331,3.38099884986877],"receipt_ms":24651,"sequence":188,"tick":1476,"velocity":[0.0,0.0,0.0],"yaw":0.0},"position":[6.0,0.00100011611357331,3.38099884986877],"time_ms":24658,"wall_ms":1791536448281.0,"yaw":0.0}
S03R {"event":"prediction","history_size":19,"position":[6.0,0.00100011611357331,3.38099884986877],"predicted_tick":1340,"role":"client","tick":1340,"time_ms":24661,"wall_ms":1791536448284.0,"yaw":0.0}
S03R {"event":"prediction","history_size":20,"position":[6.0,0.00100011611357331,3.38099884986877],"predicted_tick":1341,"role":"client","tick":1341,"time_ms":24665,"wall_ms":1791536448287.0,"yaw":0.0}
S03R {"event":"prediction","history_size":21,"position":[6.0,0.00100011611357331,3.38099884986877],"predicted_tick":1342,"role":"client","tick":1342,"time_ms":24683,"wall_ms":1791536448306.0,"yaw":0.0}
S03R {"accepted":0,"correlated_held_results":428,"event":"result","failures":[],"max_held_bytes":0,"max_movement_bytes":0,"ok":true,"reason":"HOST_LOST","rejected":{},"role":"client","time_ms":24729,"wall_ms":1791536448351.0}
