Godot Engine v4.8.dev7.official.c971f93e7 - https://godotengine.org

S03R {"event":"state_receive","role":"client","rows":[{"entity":2,"sequence":0,"tick":39}],"time_ms":410,"wall_ms":1791532977059.0}
S03R {"can_draw":false,"display":"headless","engine":"4.8-dev7 (official)","event":"start","low_processor_mode":false,"max_fps":0,"pid":42128,"profile":"baseline","renderer":"forward_plus","role":"client","time_ms":417,"user_dir":"C:/tmp/ft/lanes/s03-p/review1-main-baseline2/baseline/client/user/appdata/Godot/app_userdata/Fun Things","vsync_mode":1,"wall_ms":1791532977066.0,"window_mode":1,"window_visible":true}
S03R {"ack_input_tick":0,"cause":"none","correction_m":0.0,"correction_yaw_deg":0.0,"event":"correction","history_exhausted":false,"replay_frames":0,"replay_usec":23,"role":"client","tick":0,"time_ms":422,"wall_ms":1791532977070.0}
S03R {"authority_install_error_m":0.0,"entity":2,"event":"apply","pose":{"control":1,"durable":2,"entity":2,"last_input_tick":0,"position":[6.0,0.00100000004749745,14.0],"receipt_ms":410,"sequence":0,"tick":39,"velocity":[0.0,0.0,0.0],"yaw":0.0},"position":[6.0,0.00100000004749745,14.0],"time_ms":425,"wall_ms":1791532977073.0,"yaw":0.0}
S03R {"event":"prediction","history_size":0,"position":[6.0,0.00100000004749745,14.0],"predicted_tick":0,"role":"client","tick":0,"time_ms":427,"wall_ms":1791532977075.0,"yaw":0.0}
S03R {"aim_yaw":0.0,"event":"input","index":1,"move":[0.0,-1.0],"position":[6.0,0.00100000004749745,14.0],"role":"client","sequence_floor":1,"tick":1,"time_ms":432,"wall_ms":1791532977080.0,"yaw":0.0}
S03R {"aim_yaw":0.0,"event":"keys","move":[0.0,-1.0],"role":"client","tick":1,"time_ms":436,"wall_ms":1791532977084.0}
S03R {"event":"prediction","history_size":1,"position":[6.0,0.00100005290005356,13.9166669845581],"predicted_tick":1,"role":"client","tick":1,"time_ms":440,"wall_ms":1791532977089.0,"yaw":0.0}
S03R {"aim_yaw":0.0,"event":"input_send","index":1,"move":[0.0,-1.0],"role":"client","sample_ticks_ms":453,"sample_wall_ms":1791532977100.0,"send_ticks_ms":453,"send_wall_ms":1791532977100.0,"sequence":2,"time_ms":453,"wall_ms":1791532977100.0}
S03R {"event":"prediction","history_size":2,"position":[6.0,0.00100005290005356,13.8333339691162],"predicted_tick":2,"role":"client","tick":2,"time_ms":456,"wall_ms":1791532977105.0,"yaw":0.0}
S03R {"event":"state_receive","role":"client","rows":[{"entity":1,"sequence":1,"tick":42},{"entity":2,"sequence":0,"tick":42}],"time_ms":459,"wall_ms":1791532977107.0}
S03R {"authority_install_error_m":0.0,"entity":1,"event":"apply","pose":{"control":1,"durable":2,"entity":1,"last_input_tick":1,"position":[0.0,0.00100011611357331,6.0],"receipt_ms":459,"sequence":1,"tick":42,"velocity":[0.0,0.0,0.0],"yaw":0.0},"position":[0.0,0.00100011611357331,6.0],"time_ms":467,"wall_ms":1791532977114.0,"yaw":0.0}
S03R {"ack_input_tick":0,"cause":"none","correction_m":0.0,"correction_yaw_deg":0.0,"event":"correction","history_exhausted":false,"replay_frames":2,"replay_usec":44,"role":"client","tick":3,"time_ms":469,"wall_ms":1791532977117.0}
S03R {"authority_install_error_m":0.0,"entity":2,"event":"apply","pose":{"control":1,"durable":2,"entity":2,"last_input_tick":0,"position":[6.0,0.00100005290005356,14.0],"receipt_ms":459,"sequence":0,"tick":42,"velocity":[0.0,0.0,0.0],"yaw":0.0},"position":[6.0,0.00100005290005356,13.8333339691162],"time_ms":473,"wall_ms":1791532977121.0,"yaw":0.0}
S03R {"event":"prediction","history_size":3,"position":[6.0,0.00100005290005356,13.7500009536743],"predicted_tick":3,"role":"client","tick":3,"time_ms":478,"wall_ms":1791532977125.0,"yaw":0.0}
S03R {"aim_yaw":0.0,"event":"input_send","index":1,"move":[0.0,-1.0],"role":"client","sample_ticks_ms":488,"sample_wall_ms":1791532977136.0,"send_ticks_ms":488,"send_wall_ms":1791532977136.0,"sequence":4,"time_ms":488,"wall_ms":1791532977136.0}
S03R {"event":"prediction","history_size":4,"position":[6.0,0.00100005290005356,13.6666679382324],"predicted_tick":4,"role":"client","tick":4,"time_ms":490,"wall_ms":1791532977138.0,"yaw":0.0}
S03R {"event":"prediction","history_size":5,"position":[6.0,0.00100005290005356,13.5833349227905],"predicted_tick":5,"role":"client","tick":5,"time_ms":501,"wall_ms":1791532977149.0,"yaw":0.0}
S03R {"event":"state_receive","role":"client","rows":[{"entity":1,"sequence":4,"tick":45},{"entity":2,"sequence":2,"tick":45}],"time_ms":505,"wall_ms":1791532977153.0}
S03R {"aim_yaw":0.0,"event":"input_send","index":1,"move":[0.0,-1.0],"role":"client","sample_ticks_ms":522,"sample_wall_ms":1791532977171.0,"send_ticks_ms":522,"send_wall_ms":1791532977171.0,"sequence":6,"time_ms":522,"wall_ms":1791532977171.0}
S03R {"authority_install_error_m":0.0,"entity":1,"event":"apply","pose":{"control":1,"durable":2,"entity":1,"last_input_tick":4,"position":[0.0,0.00100011611357331,6.0],"receipt_ms":505,"sequence":4,"tick":45,"velocity":[0.0,0.0,0.0],"yaw":0.0},"position":[0.0,0.00100011611357331,6.0],"time_ms":525,"wall_ms":1791532977172.0,"yaw":0.0}
S03R {"ack_input_tick":2,"cause":"none","correction_m":0.0,"correction_yaw_deg":0.0,"event":"correction","history_exhausted":false,"replay_frames":3,"replay_usec":52,"role":"client","tick":6,"time_ms":527,"wall_ms":1791532977176.0}
S03R {"authority_install_error_m":0.0,"entity":2,"event":"apply","pose":{"control":1,"durable":2,"entity":2,"last_input_tick":2,"position":[6.0,0.00100005290005356,13.8333339691162],"receipt_ms":505,"sequence":2,"tick":45,"velocity":[0.0,0.0,0.0],"yaw":0.0},"position":[6.0,0.00100005290005356,13.5833349227905],"time_ms":529,"wall_ms":1791532977177.0,"yaw":0.0}
S03R {"event":"prediction","history_size":4,"position":[6.0,0.00100005290005356,13.5000019073486],"predicted_tick":6,"role":"client","tick":6,"time_ms":534,"wall_ms":1791532977181.0,"yaw":0.0}
S03R {"event":"prediction","history_size":5,"position":[6.0,0.00100005290005356,13.4166688919067],"predicted_tick":7,"role":"client","tick":7,"time_ms":539,"wall_ms":1791532977187.0,"yaw":0.0}
S03R {"aim_yaw":0.0,"event":"input_send","index":1,"move":[0.0,-1.0],"role":"client","sample_ticks_ms":553,"sample_wall_ms":1791532977201.0,"send_ticks_ms":553,"send_wall_ms":1791532977201.0,"sequence":8,"time_ms":553,"wall_ms":1791532977201.0}
S03R {"event":"prediction","history_size":6,"position":[6.0,0.00100005290005356,13.3333358764648],"predicted_tick":8,"role":"client","tick":8,"time_ms":557,"wall_ms":1791532977205.0,"yaw":0.0}
S03R {"event":"state_receive","role":"client","rows":[{"entity":1,"sequence":7,"tick":48},{"entity":2,"sequence":5,"tick":48}],"time_ms":562,"wall_ms":1791532977210.0}
S03R {"authority_install_error_m":0.0,"entity":1,"event":"apply","pose":{"control":1,"durable":2,"entity":1,"last_input_tick":7,"position":[0.0,0.00100011611357331,6.0],"receipt_ms":562,"sequence":7,"tick":48,"velocity":[0.0,0.0,0.0],"yaw":0.0},"position":[0.0,0.00100011611357331,6.0],"time_ms":573,"wall_ms":1791532977222.0,"yaw":0.0}
S03R {"ack_input_tick":5,"cause":"none","correction_m":0.0,"correction_yaw_deg":0.0,"event":"correction","history_exhausted":false,"replay_frames":3,"replay_usec":53,"role":"client","tick":9,"time_ms":576,"wall_ms":1791532977224.0}
S03R {"authority_install_error_m":0.0,"entity":2,"event":"apply","pose":{"control":1,"durable":2,"entity":2,"last_input_tick":5,"position":[6.0,0.00100005290005356,13.5833349227905],"receipt_ms":562,"sequence":5,"tick":48,"velocity":[0.0,0.0,-5.0],"yaw":0.0},"position":[6.0,0.00100005290005356,13.3333358764648],"time_ms":578,"wall_ms":1791532977226.0,"yaw":0.0}
S03R {"event":"prediction","history_size":4,"position":[6.0,0.00100005290005356,13.2500028610229],"predicted_tick":9,"role":"client","tick":9,"time_ms":585,"wall_ms":1791532977233.0,"yaw":0.0}
S03R {"aim_yaw":0.0,"event":"input_send","index":1,"move":[0.0,-1.0],"role":"client","sample_ticks_ms":589,"sample_wall_ms":1791532977237.0,"send_ticks_ms":589,"send_wall_ms":1791532977237.0,"sequence":10,"time_ms":589,"wall_ms":1791532977238.0}
S03R {"event":"prediction","history_size":5,"position":[6.0,0.00100005290005356,13.1666698455811],"predicted_tick":10,"role":"client","tick":10,"time_ms":592,"wall_ms":1791532977240.0,"yaw":0.0}
S03R {"event":"prediction","history_size":6,"position":[6.0,0.00100005290005356,13.0833368301392],"predicted_tick":11,"role":"client","tick":11,"time_ms":610,"wall_ms":1791532977258.0,"yaw":0.0}
S03R {"event":"state_receive","role":"client","rows":[{"entity":1,"sequence":10,"tick":51},{"entity":2,"sequence":8,"tick":51}],"time_ms":613,"wall_ms":1791532977261.0}
S03R {"aim_yaw":0.0,"event":"keys","move":[0.0,0.0],"role":"client","tick":12,"time_ms":624,"wall_ms":1791532977272.0}
S03R {"authority_install_error_m":0.0,"entity":1,"event":"apply","pose":{"control":1,"durable":2,"entity":1,"last_input_tick":10,"position":[0.0,0.00100011611357331,6.0],"receipt_ms":613,"sequence":10,"tick":51,"velocity":[0.0,0.0,0.0],"yaw":0.0},"position":[0.0,0.00100011611357331,6.0],"time_ms":626,"wall_ms":1791532977274.0,"yaw":0.0}
S03R {"ack_input_tick":8,"cause":"none","correction_m":0.0,"correction_yaw_deg":0.0,"event":"correction","history_exhausted":false,"replay_frames":3,"replay_usec":112,"role":"client","tick":12,"time_ms":631,"wall_ms":1791532977278.0}
S03R {"authority_install_error_m":0.0,"entity":2,"event":"apply","pose":{"control":1,"durable":2,"entity":2,"last_input_tick":8,"position":[6.0,0.00100005290005356,13.3333358764648],"receipt_ms":613,"sequence":8,"tick":51,"velocity":[0.0,0.0,-5.0],"yaw":0.0},"position":[6.0,0.00100005290005356,13.0833368301392],"time_ms":633,"wall_ms":1791532977281.0,"yaw":0.0}
S03R {"event":"prediction","history_size":4,"position":[6.0,0.00100005290005356,13.0833368301392],"predicted_tick":12,"role":"client","tick":12,"time_ms":639,"wall_ms":1791532977287.0,"yaw":0.0}
S03R {"event":"prediction","history_size":5,"position":[6.0,0.00100005290005356,13.0833368301392],"predicted_tick":13,"role":"client","tick":13,"time_ms":644,"wall_ms":1791532977293.0,"yaw":0.0}
S03R {"event":"state_receive","role":"client","rows":[{"entity":1,"sequence":13,"tick":54},{"entity":2,"sequence":11,"tick":54}],"time_ms":658,"wall_ms":1791532977306.0}
S03R {"authority_install_error_m":0.0,"entity":1,"event":"apply","pose":{"control":1,"durable":2,"entity":1,"last_input_tick":13,"position":[0.0,0.00100011611357331,6.0],"receipt_ms":658,"sequence":13,"tick":54,"velocity":[0.0,0.0,0.0],"yaw":0.0},"position":[0.0,0.00100011611357331,6.0],"time_ms":665,"wall_ms":1791532977313.0,"yaw":0.0}
S03R {"ack_input_tick":11,"cause":"none","correction_m":0.0,"correction_yaw_deg":0.0,"event":"correction","history_exhausted":false,"replay_frames":2,"replay_usec":58,"role":"client","tick":14,"time_ms":668,"wall_ms":1791532977315.0}
S03R {"authority_install_error_m":0.0,"entity":2,"event":"apply","pose":{"control":1,"durable":2,"entity":2,"last_input_tick":11,"position":[6.0,0.00100005290005356,13.0833368301392],"receipt_ms":658,"sequence":11,"tick":54,"velocity":[0.0,0.0,-5.0],"yaw":0.0},"position":[6.0,0.00100005290005356,13.0833368301392],"time_ms":672,"wall_ms":1791532977320.0,"yaw":0.0}
S03R {"event":"prediction","history_size":3,"position":[6.0,0.00100005290005356,13.0833368301392],"predicted_tick":14,"role":"client","tick":14,"time_ms":674,"wall_ms":1791532977322.0,"yaw":0.0}
S03R {"event":"prediction","history_size":4,"position":[6.0,0.00100005290005356,13.0833368301392],"predicted_tick":15,"role":"client","tick":15,"time_ms":678,"wall_ms":1791532977327.0,"yaw":0.0}
S03R {"event":"prediction","history_size":5,"position":[6.0,0.00100005290005356,13.0833368301392],"predicted_tick":16,"role":"client","tick":16,"time_ms":699,"wall_ms":1791532977348.0,"yaw":0.0}
S03R {"event":"prediction","history_size":6,"position":[6.0,0.00100005290005356,13.0833368301392],"predicted_tick":17,"role":"client","tick":17,"time_ms":713,"wall_ms":1791532977361.0,"yaw":0.0}
S03R {"event":"state_receive","role":"client","rows":[{"entity":1,"sequence":16,"tick":57},{"entity":2,"sequence":14,"tick":57}],"time_ms":717,"wall_ms":1791532977365.0}
S03R {"authority_install_error_m":0.0,"entity":1,"event":"apply","pose":{"control":1,"durable":2,"entity":1,"last_input_tick":16,"position":[0.0,0.00100011611357331,6.0],"receipt_ms":717,"sequence":16,"tick":57,"velocity":[0.0,0.0,0.0],"yaw":0.0},"position":[0.0,0.00100011611357331,6.0],"time_ms":722,"wall_ms":1791532977370.0,"yaw":0.0}
S03R {"ack_input_tick":14,"cause":"none","correction_m":0.0,"correction_yaw_deg":0.0,"event":"correction","history_exhausted":false,"replay_frames":3,"replay_usec":52,"role":"client","tick":18,"time_ms":728,"wall_ms":1791532977376.0}
S03R {"authority_install_error_m":0.0,"entity":2,"event":"apply","pose":{"control":1,"durable":2,"entity":2,"last_input_tick":14,"position":[6.0,0.00100005290005356,13.0833368301392],"receipt_ms":717,"sequence":14,"tick":57,"velocity":[0.0,0.0,0.0],"yaw":0.0},"position":[6.0,0.00100005290005356,13.0833368301392],"time_ms":733,"wall_ms":1791532977382.0,"yaw":0.0}
S03R {"event":"prediction","history_size":4,"position":[6.0,0.00100005290005356,13.0833368301392],"predicted_tick":18,"role":"client","tick":18,"time_ms":738,"wall_ms":1791532977386.0,"yaw":0.0}
S03R {"event":"prediction","history_size":5,"position":[6.0,0.00100005290005356,13.0833368301392],"predicted_tick":19,"role":"client","tick":19,"time_ms":743,"wall_ms":1791532977392.0,"yaw":0.0}
S03R {"event":"prediction","history_size":6,"position":[6.0,0.00100005290005356,13.0833368301392],"predicted_tick":20,"role":"client","tick":20,"time_ms":757,"wall_ms":1791532977406.0,"yaw":0.0}
S03R {"event":"state_receive","role":"client","rows":[{"entity":1,"sequence":19,"tick":60},{"entity":2,"sequence":17,"tick":60}],"time_ms":763,"wall_ms":1791532977412.0}
S03R {"authority_install_error_m":0.0,"entity":1,"event":"apply","pose":{"control":1,"durable":2,"entity":1,"last_input_tick":19,"position":[0.0,0.00100011611357331,6.0],"receipt_ms":763,"sequence":19,"tick":60,"velocity":[0.0,0.0,0.0],"yaw":0.0},"position":[0.0,0.00100011611357331,6.0],"time_ms":771,"wall_ms":1791532977419.0,"yaw":0.0}
S03R {"ack_input_tick":17,"cause":"none","correction_m":0.0,"correction_yaw_deg":0.0,"event":"correction","history_exhausted":false,"replay_frames":3,"replay_usec":48,"role":"client","tick":21,"time_ms":774,"wall_ms":1791532977422.0}
S03R {"authority_install_error_m":0.0,"entity":2,"event":"apply","pose":{"control":1,"durable":2,"entity":2,"last_input_tick":17,"position":[6.0,0.00100005290005356,13.0833368301392],"receipt_ms":763,"sequence":17,"tick":60,"velocity":[0.0,0.0,0.0],"yaw":0.0},"position":[6.0,0.00100005290005356,13.0833368301392],"time_ms":781,"wall_ms":1791532977428.0,"yaw":0.0}
S03R {"event":"prediction","history_size":4,"position":[6.0,0.00100005290005356,13.0833368301392],"predicted_tick":21,"role":"client","tick":21,"time_ms":783,"wall_ms":1791532977431.0,"yaw":0.0}
S03R {"event":"prediction","history_size":5,"position":[6.0,0.00100005290005356,13.0833368301392],"predicted_tick":22,"role":"client","tick":22,"time_ms":786,"wall_ms":1791532977435.0,"yaw":0.0}
S03R {"event":"prediction","history_size":6,"position":[6.0,0.00100005290005356,13.0833368301392],"predicted_tick":23,"role":"client","tick":23,"time_ms":800,"wall_ms":1791532977449.0,"yaw":0.0}
S03R {"event":"state_receive","role":"client","rows":[{"entity":1,"sequence":22,"tick":63},{"entity":2,"sequence":20,"tick":63}],"time_ms":803,"wall_ms":1791532977452.0}
S03R {"authority_install_error_m":0.0,"entity":1,"event":"apply","pose":{"control":1,"durable":2,"entity":1,"last_input_tick":22,"position":[0.0,0.00100011611357331,6.0],"receipt_ms":803,"sequence":22,"tick":63,"velocity":[0.0,0.0,0.0],"yaw":0.0},"position":[0.0,0.00100011611357331,6.0],"time_ms":814,"wall_ms":1791532977462.0,"yaw":0.0}
S03R {"ack_input_tick":20,"cause":"none","correction_m":0.0,"correction_yaw_deg":0.0,"event":"correction","history_exhausted":false,"replay_frames":3,"replay_usec":83,"role":"client","tick":24,"time_ms":816,"wall_ms":1791532977464.0}
S03R {"authority_install_error_m":0.0,"entity":2,"event":"apply","pose":{"control":1,"durable":2,"entity":2,"last_input_tick":20,"position":[6.0,0.00100005290005356,13.0833368301392],"receipt_ms":803,"sequence":20,"tick":63,"velocity":[0.0,0.0,0.0],"yaw":0.0},"position":[6.0,0.00100005290005356,13.0833368301392],"time_ms":819,"wall_ms":1791532977467.0,"yaw":0.0}
S03R {"event":"prediction","history_size":4,"position":[6.0,0.00100005290005356,13.0833368301392],"predicted_tick":24,"role":"client","tick":24,"time_ms":821,"wall_ms":1791532977469.0,"yaw":0.0}
S03R {"event":"prediction","history_size":5,"position":[6.0,0.00100005290005356,13.0833368301392],"predicted_tick":25,"role":"client","tick":25,"time_ms":834,"wall_ms":1791532977482.0,"yaw":0.0}
S03R {"event":"prediction","history_size":6,"position":[6.0,0.00100005290005356,13.0833368301392],"predicted_tick":26,"role":"client","tick":26,"time_ms":848,"wall_ms":1791532977496.0,"yaw":0.0}
S03R {"event":"state_receive","role":"client","rows":[{"entity":1,"sequence":25,"tick":66},{"entity":2,"sequence":23,"tick":66}],"time_ms":851,"wall_ms":1791532977499.0}
S03R {"authority_install_error_m":0.0,"entity":1,"event":"apply","pose":{"control":1,"durable":2,"entity":1,"last_input_tick":25,"position":[0.0,0.00100011611357331,6.0],"receipt_ms":851,"sequence":25,"tick":66,"velocity":[0.0,0.0,0.0],"yaw":0.0},"position":[0.0,0.00100011611357331,6.0],"time_ms":862,"wall_ms":1791532977510.0,"yaw":0.0}
S03R {"ack_input_tick":23,"cause":"none","correction_m":0.0,"correction_yaw_deg":0.0,"event":"correction","history_exhausted":false,"replay_frames":3,"replay_usec":53,"role":"client","tick":27,"time_ms":864,"wall_ms":1791532977513.0}
S03R {"authority_install_error_m":0.0,"entity":2,"event":"apply","pose":{"control":1,"durable":2,"entity":2,"last_input_tick":23,"position":[6.0,0.00100005290005356,13.0833368301392],"receipt_ms":851,"sequence":23,"tick":66,"velocity":[0.0,0.0,0.0],"yaw":0.0},"position":[6.0,0.00100005290005356,13.0833368301392],"time_ms":868,"wall_ms":1791532977516.0,"yaw":0.0}
S03R {"event":"prediction","history_size":4,"position":[6.0,0.00100005290005356,13.0833368301392],"predicted_tick":27,"role":"client","tick":27,"time_ms":873,"wall_ms":1791532977520.0,"yaw":0.0}
S03R {"event":"prediction","history_size":5,"position":[6.0,0.00100005290005356,13.0833368301392],"predicted_tick":28,"role":"client","tick":28,"time_ms":883,"wall_ms":1791532977531.0,"yaw":0.0}
S03R {"event":"prediction","history_size":6,"position":[6.0,0.00100005290005356,13.0833368301392],"predicted_tick":29,"role":"client","tick":29,"time_ms":896,"wall_ms":1791532977544.0,"yaw":0.0}
S03R {"event":"state_receive","role":"client","rows":[{"entity":1,"sequence":28,"tick":69},{"entity":2,"sequence":26,"tick":69}],"time_ms":910,"wall_ms":1791532977558.0}
S03R {"aim_yaw":-1.5707963267949,"event":"input","index":2,"move":[1.0,0.0],"position":[6.0,0.00100005290005356,13.0833368301392],"role":"client","sequence_floor":30,"tick":30,"time_ms":917,"wall_ms":1791532977566.0,"yaw":0.0}
S03R {"aim_yaw":-1.5707963267949,"event":"keys","move":[1.0,0.0],"role":"client","tick":30,"time_ms":920,"wall_ms":1791532977567.0}
S03R {"aim_yaw":-1.5707963267949,"event":"input_send","index":2,"move":[1.0,0.0],"role":"client","sample_ticks_ms":924,"sample_wall_ms":1791532977572.0,"send_ticks_ms":924,"send_wall_ms":1791532977572.0,"sequence":30,"time_ms":924,"wall_ms":1791532977572.0}
S03R {"authority_install_error_m":0.0,"entity":1,"event":"apply","pose":{"control":1,"durable":2,"entity":1,"last_input_tick":28,"position":[0.0,0.00100011611357331,6.0],"receipt_ms":910,"sequence":28,"tick":69,"velocity":[0.0,0.0,0.0],"yaw":0.0},"position":[0.0,0.00100011611357331,6.0],"time_ms":928,"wall_ms":1791532977575.0,"yaw":0.0}
S03R {"ack_input_tick":26,"cause":"none","correction_m":0.0,"correction_yaw_deg":0.0,"event":"correction","history_exhausted":false,"replay_frames":3,"replay_usec":94,"role":"client","tick":30,"time_ms":931,"wall_ms":1791532977579.0}
S03R {"authority_install_error_m":0.0,"entity":2,"event":"apply","pose":{"control":1,"durable":2,"entity":2,"last_input_tick":26,"position":[6.0,0.00100005290005356,13.0833368301392],"receipt_ms":910,"sequence":26,"tick":69,"velocity":[0.0,0.0,0.0],"yaw":0.0},"position":[6.0,0.00100005290005356,13.0833368301392],"time_ms":933,"wall_ms":1791532977581.0,"yaw":0.0}
S03R {"event":"prediction","history_size":4,"position":[6.08333349227905,0.00100005290005356,13.0833368301392],"predicted_tick":30,"role":"client","tick":30,"time_ms":937,"wall_ms":1791532977585.0,"yaw":-1.57079637050629}
S03R {"event":"prediction","history_size":5,"position":[6.16666698455811,0.00100005290005356,13.0833368301392],"predicted_tick":31,"role":"client","tick":31,"time_ms":941,"wall_ms":1791532977589.0,"yaw":-1.57079637050629}
S03R {"aim_yaw":-1.5707963267949,"event":"input_send","index":2,"move":[1.0,0.0],"role":"client","sample_ticks_ms":955,"sample_wall_ms":1791532977603.0,"send_ticks_ms":955,"send_wall_ms":1791532977603.0,"sequence":32,"time_ms":955,"wall_ms":1791532977603.0}
S03R {"event":"prediction","history_size":6,"position":[6.25000047683716,0.00100005290005356,13.0833368301392],"predicted_tick":32,"role":"client","tick":32,"time_ms":960,"wall_ms":1791532977608.0,"yaw":-1.57079637050629}
S03R {"event":"state_receive","role":"client","rows":[{"entity":1,"sequence":31,"tick":72},{"entity":2,"sequence":29,"tick":72}],"time_ms":964,"wall_ms":1791532977613.0}
S03R {"authority_install_error_m":0.0,"entity":1,"event":"apply","pose":{"control":1,"durable":2,"entity":1,"last_input_tick":31,"position":[0.0,0.00100011611357331,6.0],"receipt_ms":964,"sequence":31,"tick":72,"velocity":[0.0,0.0,0.0],"yaw":0.0},"position":[0.0,0.00100011611357331,6.0],"time_ms":976,"wall_ms":1791532977624.0,"yaw":0.0}
S03R {"ack_input_tick":29,"cause":"none","correction_m":0.0,"correction_yaw_deg":0.0,"event":"correction","history_exhausted":false,"replay_frames":3,"replay_usec":55,"role":"client","tick":33,"time_ms":982,"wall_ms":1791532977630.0}
S03R {"authority_install_error_m":0.0,"entity":2,"event":"apply","pose":{"control":1,"durable":2,"entity":2,"last_input_tick":29,"position":[6.0,0.00100005290005356,13.0833368301392],"receipt_ms":964,"sequence":29,"tick":72,"velocity":[0.0,0.0,0.0],"yaw":0.0},"position":[6.25000047683716,0.00100005290005356,13.0833368301392],"time_ms":984,"wall_ms":1791532977632.0,"yaw":-1.57079637050629}
S03R {"event":"prediction","history_size":4,"position":[6.33333396911621,0.00100005290005356,13.0833368301392],"predicted_tick":33,"role":"client","tick":33,"time_ms":987,"wall_ms":1791532977635.0,"yaw":-1.57079637050629}
S03R {"aim_yaw":-1.5707963267949,"event":"input_send","index":2,"move":[1.0,0.0],"role":"client","sample_ticks_ms":989,"sample_wall_ms":1791532977638.0,"send_ticks_ms":990,"send_wall_ms":1791532977638.0,"sequence":34,"time_ms":990,"wall_ms":1791532977638.0}
S03R {"event":"prediction","history_size":5,"position":[6.41666746139526,0.00100005290005356,13.0833368301392],"predicted_tick":34,"role":"client","tick":34,"time_ms":993,"wall_ms":1791532977642.0,"yaw":-1.57079637050629}
S03R {"event":"state_receive","role":"client","rows":[{"entity":1,"sequence":34,"tick":75},{"entity":2,"sequence":32,"tick":75}],"time_ms":998,"wall_ms":1791532977646.0}
S03R {"authority_install_error_m":0.0,"entity":1,"event":"apply","pose":{"control":1,"durable":2,"entity":1,"last_input_tick":34,"position":[0.0,0.00100011611357331,6.0],"receipt_ms":998,"sequence":34,"tick":75,"velocity":[0.0,0.0,0.0],"yaw":0.0},"position":[0.0,0.00100011611357331,6.0],"time_ms":1004,"wall_ms":1791532977651.0,"yaw":0.0}
S03R {"ack_input_tick":32,"cause":"none","correction_m":0.0,"correction_yaw_deg":0.0,"event":"correction","history_exhausted":false,"replay_frames":2,"replay_usec":52,"role":"client","tick":35,"time_ms":1006,"wall_ms":1791532977653.0}
S03R {"authority_install_error_m":0.0,"entity":2,"event":"apply","pose":{"control":1,"durable":2,"entity":2,"last_input_tick":32,"position":[6.25000047683716,0.00100005290005356,13.0833368301392],"receipt_ms":998,"sequence":32,"tick":75,"velocity":[5.0,0.0,0.0],"yaw":-1.57079637050629},"position":[6.41666746139526,0.00100005290005356,13.0833368301392],"time_ms":1010,"wall_ms":1791532977658.0,"yaw":-1.57079637050629}
S03R {"event":"prediction","history_size":3,"position":[6.50000095367432,0.00100005290005356,13.0833368301392],"predicted_tick":35,"role":"client","tick":35,"time_ms":1014,"wall_ms":1791532977663.0,"yaw":-1.57079637050629}
S03R {"aim_yaw":-1.5707963267949,"event":"input_send","index":2,"move":[1.0,0.0],"role":"client","sample_ticks_ms":1026,"sample_wall_ms":1791532977674.0,"send_ticks_ms":1026,"send_wall_ms":1791532977674.0,"sequence":36,"time_ms":1026,"wall_ms":1791532977674.0}
S03R {"event":"prediction","history_size":4,"position":[6.58333444595337,0.00100005290005356,13.0833368301392],"predicted_tick":36,"role":"client","tick":36,"time_ms":1030,"wall_ms":1791532977679.0,"yaw":-1.57079637050629}
S03R {"event":"prediction","history_size":5,"position":[6.66666793823242,0.00100005290005356,13.0833368301392],"predicted_tick":37,"role":"client","tick":37,"time_ms":1040,"wall_ms":1791532977688.0,"yaw":-1.57079637050629}
S03R {"event":"state_receive","role":"client","rows":[{"entity":1,"sequence":37,"tick":78},{"entity":2,"sequence":35,"tick":78}],"time_ms":1044,"wall_ms":1791532977692.0}
S03R {"aim_yaw":-1.5707963267949,"event":"input_send","index":2,"move":[1.0,0.0],"role":"client","sample_ticks_ms":1054,"sample_wall_ms":1791532977702.0,"send_ticks_ms":1054,"send_wall_ms":1791532977702.0,"sequence":38,"time_ms":1054,"wall_ms":1791532977702.0}
S03R {"authority_install_error_m":0.0,"entity":1,"event":"apply","pose":{"control":1,"durable":2,"entity":1,"last_input_tick":37,"position":[0.0,0.00100011611357331,6.0],"receipt_ms":1044,"sequence":37,"tick":78,"velocity":[0.0,0.0,0.0],"yaw":0.0},"position":[0.0,0.00100011611357331,6.0],"time_ms":1057,"wall_ms":1791532977705.0,"yaw":0.0}
S03R {"ack_input_tick":35,"cause":"none","correction_m":0.0,"correction_yaw_deg":0.0,"event":"correction","history_exhausted":false,"replay_frames":2,"replay_usec":55,"role":"client","tick":38,"time_ms":1059,"wall_ms":1791532977708.0}
S03R {"authority_install_error_m":0.0,"entity":2,"event":"apply","pose":{"control":1,"durable":2,"entity":2,"last_input_tick":35,"position":[6.50000095367432,0.00100005290005356,13.0833368301392],"receipt_ms":1044,"sequence":35,"tick":78,"velocity":[5.0,0.0,0.0],"yaw":-1.57079637050629},"position":[6.66666793823242,0.00100005290005356,13.0833368301392],"time_ms":1062,"wall_ms":1791532977710.0,"yaw":-1.57079637050629}
S03R {"event":"prediction","history_size":3,"position":[6.75000143051147,0.00100005290005356,13.0833368301392],"predicted_tick":38,"role":"client","tick":38,"time_ms":1064,"wall_ms":1791532977712.0,"yaw":-1.57079637050629}
S03R {"event":"prediction","history_size":4,"position":[6.83333492279053,0.00100005290005356,13.0833368301392],"predicted_tick":39,"role":"client","tick":39,"time_ms":1076,"wall_ms":1791532977723.0,"yaw":-1.57079637050629}
S03R {"aim_yaw":-1.5707963267949,"event":"input_send","index":2,"move":[1.0,0.0],"role":"client","sample_ticks_ms":1089,"sample_wall_ms":1791532977738.0,"send_ticks_ms":1089,"send_wall_ms":1791532977738.0,"sequence":40,"time_ms":1089,"wall_ms":1791532977738.0}
S03R {"event":"prediction","history_size":5,"position":[6.91666841506958,0.00100005290005356,13.0833368301392],"predicted_tick":40,"role":"client","tick":40,"time_ms":1093,"wall_ms":1791532977740.0,"yaw":-1.57079637050629}
S03R {"event":"state_receive","role":"client","rows":[{"entity":1,"sequence":40,"tick":81},{"entity":2,"sequence":38,"tick":81}],"time_ms":1098,"wall_ms":1791532977745.0}
S03R {"authority_install_error_m":0.0,"entity":1,"event":"apply","pose":{"control":1,"durable":2,"entity":1,"last_input_tick":40,"position":[0.0,0.00100011611357331,6.0],"receipt_ms":1098,"sequence":40,"tick":81,"velocity":[0.0,0.0,0.0],"yaw":0.0},"position":[0.0,0.00100011611357331,6.0],"time_ms":1103,"wall_ms":1791532977751.0,"yaw":0.0}
S03R {"ack_input_tick":38,"cause":"none","correction_m":0.0,"correction_yaw_deg":0.0,"event":"correction","history_exhausted":false,"replay_frames":2,"replay_usec":53,"role":"client","tick":41,"time_ms":1106,"wall_ms":1791532977753.0}
S03R {"authority_install_error_m":0.0,"entity":2,"event":"apply","pose":{"control":1,"durable":2,"entity":2,"last_input_tick":38,"position":[6.75000143051147,0.00100005290005356,13.0833368301392],"receipt_ms":1098,"sequence":38,"tick":81,"velocity":[5.0,0.0,0.0],"yaw":-1.57079637050629},"position":[6.91666841506958,0.00100005290005356,13.0833368301392],"time_ms":1112,"wall_ms":1791532977759.0,"yaw":-1.57079637050629}
S03R {"event":"prediction","history_size":3,"position":[7.00000190734863,0.00100005290005356,13.0833368301392],"predicted_tick":41,"role":"client","tick":41,"time_ms":1114,"wall_ms":1791532977762.0,"yaw":-1.57079637050629}
S03R {"aim_yaw":0.0,"event":"keys","move":[0.0,0.0],"role":"client","tick":42,"time_ms":1124,"wall_ms":1791532977773.0}
S03R {"event":"prediction","history_size":4,"position":[7.00000190734863,0.00100005290005356,13.0833368301392],"predicted_tick":42,"role":"client","tick":42,"time_ms":1128,"wall_ms":1791532977777.0,"yaw":0.0}
S03R {"event":"prediction","history_size":5,"position":[7.00000190734863,0.00100005290005356,13.0833368301392],"predicted_tick":43,"role":"client","tick":43,"time_ms":1138,"wall_ms":1791532977786.0,"yaw":0.0}
S03R {"event":"state_receive","role":"client","rows":[{"entity":1,"sequence":43,"tick":84},{"entity":2,"sequence":40,"tick":84}],"time_ms":1144,"wall_ms":1791532977792.0}
S03R {"authority_install_error_m":0.0,"entity":1,"event":"apply","pose":{"control":1,"durable":2,"entity":1,"last_input_tick":43,"position":[0.0,0.00100011611357331,6.0],"receipt_ms":1144,"sequence":43,"tick":84,"velocity":[0.0,0.0,0.0],"yaw":0.0},"position":[0.0,0.00100011611357331,6.0],"time_ms":1159,"wall_ms":1791532977806.0,"yaw":0.0}
S03R {"ack_input_tick":40,"cause":"none","correction_m":0.0,"correction_yaw_deg":0.0,"event":"correction","history_exhausted":false,"replay_frames":3,"replay_usec":101,"role":"client","tick":44,"time_ms":1162,"wall_ms":1791532977809.0}
S03R {"authority_install_error_m":0.0,"entity":2,"event":"apply","pose":{"control":1,"durable":2,"entity":2,"last_input_tick":40,"position":[6.91666841506958,0.00100005290005356,13.0833368301392],"receipt_ms":1144,"sequence":40,"tick":84,"velocity":[0.0,0.0,0.0],"yaw":-1.57079637050629},"position":[7.00000190734863,0.00100005290005356,13.0833368301392],"time_ms":1164,"wall_ms":1791532977812.0,"yaw":0.0}
S03R {"event":"prediction","history_size":4,"position":[7.00000190734863,0.00100005290005356,13.0833368301392],"predicted_tick":44,"role":"client","tick":44,"time_ms":1167,"wall_ms":1791532977815.0,"yaw":0.0}
S03R {"event":"prediction","history_size":5,"position":[7.00000190734863,0.00100005290005356,13.0833368301392],"predicted_tick":45,"role":"client","tick":45,"time_ms":1173,"wall_ms":1791532977821.0,"yaw":0.0}
S03R {"event":"prediction","history_size":6,"position":[7.00000190734863,0.00100005290005356,13.0833368301392],"predicted_tick":46,"role":"client","tick":46,"time_ms":1187,"wall_ms":1791532977834.0,"yaw":0.0}
S03R {"event":"state_receive","role":"client","rows":[{"entity":1,"sequence":46,"tick":87},{"entity":2,"sequence":43,"tick":87}],"time_ms":1201,"wall_ms":1791532977849.0}
S03R {"authority_install_error_m":0.0,"entity":1,"event":"apply","pose":{"control":1,"durable":2,"entity":1,"last_input_tick":46,"position":[0.0,0.00100011611357331,6.0],"receipt_ms":1201,"sequence":46,"tick":87,"velocity":[0.0,0.0,0.0],"yaw":0.0},"position":[0.0,0.00100011611357331,6.0],"time_ms":1207,"wall_ms":1791532977855.0,"yaw":0.0}
S03R {"ack_input_tick":43,"cause":"none","correction_m":0.0,"correction_yaw_deg":0.0,"event":"correction","history_exhausted":false,"replay_frames":3,"replay_usec":59,"role":"client","tick":47,"time_ms":1210,"wall_ms":1791532977858.0}
S03R {"authority_install_error_m":0.0,"entity":2,"event":"apply","pose":{"control":1,"durable":2,"entity":2,"last_input_tick":43,"position":[7.00000190734863,0.00100005290005356,13.0833368301392],"receipt_ms":1201,"sequence":43,"tick":87,"velocity":[0.0,0.0,0.0],"yaw":0.0},"position":[7.00000190734863,0.00100005290005356,13.0833368301392],"time_ms":1212,"wall_ms":1791532977860.0,"yaw":0.0}
S03R {"event":"prediction","history_size":4,"position":[7.00000190734863,0.00100005290005356,13.0833368301392],"predicted_tick":47,"role":"client","tick":47,"time_ms":1214,"wall_ms":1791532977863.0,"yaw":0.0}
S03R {"event":"prediction","history_size":5,"position":[7.00000190734863,0.00100005290005356,13.0833368301392],"predicted_tick":48,"role":"client","tick":48,"time_ms":1221,"wall_ms":1791532977870.0,"yaw":0.0}
S03R {"event":"prediction","history_size":6,"position":[7.00000190734863,0.00100005290005356,13.0833368301392],"predicted_tick":49,"role":"client","tick":49,"time_ms":1242,"wall_ms":1791532977890.0,"yaw":0.0}
S03R {"event":"prediction","history_size":7,"position":[7.00000190734863,0.00100005290005356,13.0833368301392],"predicted_tick":50,"role":"client","tick":50,"time_ms":1256,"wall_ms":1791532977904.0,"yaw":0.0}
S03R {"event":"prediction","history_size":8,"position":[7.00000190734863,0.00100005290005356,13.0833368301392],"predicted_tick":51,"role":"client","tick":51,"time_ms":1269,"wall_ms":1791532977917.0,"yaw":0.0}
S03R {"event":"prediction","history_size":9,"position":[7.00000190734863,0.00100005290005356,13.0833368301392],"predicted_tick":52,"role":"client","tick":52,"time_ms":1290,"wall_ms":1791532977938.0,"yaw":0.0}
S03R {"event":"state_receive","role":"client","rows":[{"entity":1,"sequence":52,"tick":93},{"entity":2,"sequence":49,"tick":93}],"time_ms":1293,"wall_ms":1791532977941.0}
S03R {"authority_install_error_m":0.0,"entity":1,"event":"apply","pose":{"control":1,"durable":2,"entity":1,"last_input_tick":52,"position":[0.0,0.00100011611357331,6.0],"receipt_ms":1293,"sequence":52,"tick":93,"velocity":[0.0,0.0,0.0],"yaw":0.0},"position":[0.0,0.00100011611357331,6.0],"time_ms":1304,"wall_ms":1791532977952.0,"yaw":0.0}
S03R {"ack_input_tick":49,"cause":"none","correction_m":0.0,"correction_yaw_deg":0.0,"event":"correction","history_exhausted":false,"replay_frames":3,"replay_usec":55,"role":"client","tick":53,"time_ms":1308,"wall_ms":1791532977956.0}
S03R {"authority_install_error_m":0.0,"entity":2,"event":"apply","pose":{"control":1,"durable":2,"entity":2,"last_input_tick":49,"position":[7.00000190734863,0.00100005290005356,13.0833368301392],"receipt_ms":1293,"sequence":49,"tick":93,"velocity":[0.0,0.0,0.0],"yaw":0.0},"position":[7.00000190734863,0.00100005290005356,13.0833368301392],"time_ms":1313,"wall_ms":1791532977961.0,"yaw":0.0}
S03R {"event":"prediction","history_size":4,"position":[7.00000190734863,0.00100005290005356,13.0833368301392],"predicted_tick":53,"role":"client","tick":53,"time_ms":1315,"wall_ms":1791532977963.0,"yaw":0.0}
S03R {"event":"prediction","history_size":5,"position":[7.00000190734863,0.00100005290005356,13.0833368301392],"predicted_tick":54,"role":"client","tick":54,"time_ms":1325,"wall_ms":1791532977973.0,"yaw":0.0}
S03R {"event":"prediction","history_size":6,"position":[7.00000190734863,0.00100005290005356,13.0833368301392],"predicted_tick":55,"role":"client","tick":55,"time_ms":1339,"wall_ms":1791532977987.0,"yaw":0.0}
S03R {"event":"prediction","history_size":7,"position":[7.00000190734863,0.00100005290005356,13.0833368301392],"predicted_tick":56,"role":"client","tick":56,"time_ms":1353,"wall_ms":1791532978001.0,"yaw":0.0}
S03R {"event":"state_receive","role":"client","rows":[{"entity":1,"sequence":55,"tick":96},{"entity":2,"sequence":52,"tick":96}],"time_ms":1359,"wall_ms":1791532978007.0}
S03R {"authority_install_error_m":0.0,"entity":1,"event":"apply","pose":{"control":1,"durable":2,"entity":1,"last_input_tick":55,"position":[0.0,0.00100011611357331,6.0],"receipt_ms":1359,"sequence":55,"tick":96,"velocity":[0.0,0.0,0.0],"yaw":0.0},"position":[0.0,0.00100011611357331,6.0],"time_ms":1373,"wall_ms":1791532978022.0,"yaw":0.0}
S03R {"ack_input_tick":52,"cause":"none","correction_m":0.0,"correction_yaw_deg":0.0,"event":"correction","history_exhausted":false,"replay_frames":4,"replay_usec":69,"role":"client","tick":57,"time_ms":1377,"wall_ms":1791532978026.0}
S03R {"authority_install_error_m":0.0,"entity":2,"event":"apply","pose":{"control":1,"durable":2,"entity":2,"last_input_tick":52,"position":[7.00000190734863,0.00100005290005356,13.0833368301392],"receipt_ms":1359,"sequence":52,"tick":96,"velocity":[0.0,0.0,0.0],"yaw":0.0},"position":[7.00000190734863,0.00100005290005356,13.0833368301392],"time_ms":1381,"wall_ms":1791532978030.0,"yaw":0.0}
S03R {"event":"prediction","history_size":5,"position":[7.00000190734863,0.00100005290005356,13.0833368301392],"predicted_tick":57,"role":"client","tick":57,"time_ms":1384,"wall_ms":1791532978032.0,"yaw":0.0}
S03R {"event":"prediction","history_size":6,"position":[7.00000190734863,0.00100005290005356,13.0833368301392],"predicted_tick":58,"role":"client","tick":58,"time_ms":1387,"wall_ms":1791532978035.0,"yaw":0.0}
S03R {"event":"state_receive","role":"client","rows":[{"entity":1,"sequence":58,"tick":99},{"entity":2,"sequence":55,"tick":99}],"time_ms":1401,"wall_ms":1791532978049.0}
S03R {"authority_install_error_m":0.0,"entity":1,"event":"apply","pose":{"control":1,"durable":2,"entity":1,"last_input_tick":58,"position":[0.0,0.00100011611357331,6.0],"receipt_ms":1401,"sequence":58,"tick":99,"velocity":[0.0,0.0,0.0],"yaw":0.0},"position":[0.0,0.00100011611357331,6.0],"time_ms":1408,"wall_ms":1791532978056.0,"yaw":0.0}
S03R {"ack_input_tick":55,"cause":"none","correction_m":0.0,"correction_yaw_deg":0.0,"event":"correction","history_exhausted":false,"replay_frames":3,"replay_usec":61,"role":"client","tick":59,"time_ms":1412,"wall_ms":1791532978060.0}
S03R {"authority_install_error_m":0.0,"entity":2,"event":"apply","pose":{"control":1,"durable":2,"entity":2,"last_input_tick":55,"position":[7.00000190734863,0.00100005290005356,13.0833368301392],"receipt_ms":1401,"sequence":55,"tick":99,"velocity":[0.0,0.0,0.0],"yaw":0.0},"position":[7.00000190734863,0.00100005290005356,13.0833368301392],"time_ms":1414,"wall_ms":1791532978062.0,"yaw":0.0}
S03R {"event":"prediction","history_size":4,"position":[7.00000190734863,0.00100005290005356,13.0833368301392],"predicted_tick":59,"role":"client","tick":59,"time_ms":1418,"wall_ms":1791532978065.0,"yaw":0.0}
S03R {"aim_yaw":0.0,"event":"input","index":3,"move":[0.0,-1.0],"position":[7.00000190734863,0.00100005290005356,13.0833368301392],"role":"client","sequence_floor":60,"tick":60,"time_ms":1423,"wall_ms":1791532978072.0,"yaw":0.0}
S03R {"aim_yaw":0.0,"event":"keys","move":[0.0,-1.0],"role":"client","tick":60,"time_ms":1426,"wall_ms":1791532978074.0}
S03R {"aim_yaw":0.0,"event":"input_send","index":3,"move":[0.0,-1.0],"role":"client","sample_ticks_ms":1430,"sample_wall_ms":1791532978078.0,"send_ticks_ms":1430,"send_wall_ms":1791532978078.0,"sequence":60,"time_ms":1430,"wall_ms":1791532978078.0}
S03R {"event":"prediction","history_size":5,"position":[7.00000190734863,0.00100005290005356,13.0000038146973],"predicted_tick":60,"role":"client","tick":60,"time_ms":1435,"wall_ms":1791532978083.0,"yaw":0.0}
S03R {"event":"prediction","history_size":6,"position":[7.00000190734863,0.00100005290005356,12.9166707992554],"predicted_tick":61,"role":"client","tick":61,"time_ms":1437,"wall_ms":1791532978085.0,"yaw":0.0}
S03R {"aim_yaw":0.0,"event":"input_send","index":3,"move":[0.0,-1.0],"role":"client","sample_ticks_ms":1458,"sample_wall_ms":1791532978106.0,"send_ticks_ms":1458,"send_wall_ms":1791532978106.0,"sequence":62,"time_ms":1458,"wall_ms":1791532978106.0}
S03R {"event":"prediction","history_size":7,"position":[7.00000190734863,0.00100005290005356,12.8333377838135],"predicted_tick":62,"role":"client","tick":62,"time_ms":1461,"wall_ms":1791532978109.0,"yaw":0.0}
S03R {"event":"state_receive","role":"client","rows":[{"entity":1,"sequence":61,"tick":102},{"entity":2,"sequence":58,"tick":102}],"time_ms":1466,"wall_ms":1791532978114.0}
S03R {"authority_install_error_m":0.0,"entity":1,"event":"apply","pose":{"control":1,"durable":2,"entity":1,"last_input_tick":61,"position":[0.0,0.00100011611357331,6.0],"receipt_ms":1466,"sequence":61,"tick":102,"velocity":[0.0,0.0,0.0],"yaw":0.0},"position":[0.0,0.00100011611357331,6.0],"time_ms":1472,"wall_ms":1791532978121.0,"yaw":0.0}
S03R {"ack_input_tick":58,"cause":"none","correction_m":0.0,"correction_yaw_deg":0.0,"event":"correction","history_exhausted":false,"replay_frames":4,"replay_usec":60,"role":"client","tick":63,"time_ms":1475,"wall_ms":1791532978122.0}
S03R {"authority_install_error_m":0.0,"entity":2,"event":"apply","pose":{"control":1,"durable":2,"entity":2,"last_input_tick":58,"position":[7.00000190734863,0.00100005290005356,13.0833368301392],"receipt_ms":1466,"sequence":58,"tick":102,"velocity":[0.0,0.0,0.0],"yaw":0.0},"position":[7.00000190734863,0.00100005290005356,12.8333377838135],"time_ms":1479,"wall_ms":1791532978127.0,"yaw":0.0}
S03R {"event":"prediction","history_size":5,"position":[7.00000190734863,0.00100005290005356,12.7500047683716],"predicted_tick":63,"role":"client","tick":63,"time_ms":1483,"wall_ms":1791532978132.0,"yaw":0.0}
S03R {"aim_yaw":0.0,"event":"input_send","index":3,"move":[0.0,-1.0],"role":"client","sample_ticks_ms":1486,"sample_wall_ms":1791532978134.0,"send_ticks_ms":1486,"send_wall_ms":1791532978134.0,"sequence":64,"time_ms":1486,"wall_ms":1791532978134.0}
S03R {"event":"prediction","history_size":6,"position":[7.00000190734863,0.00100005290005356,12.6666717529297],"predicted_tick":64,"role":"client","tick":64,"time_ms":1489,"wall_ms":1791532978137.0,"yaw":0.0}
S03R {"event":"prediction","history_size":7,"position":[7.00000190734863,0.00100005290005356,12.5833387374878],"predicted_tick":65,"role":"client","tick":65,"time_ms":1507,"wall_ms":1791532978155.0,"yaw":0.0}
S03R {"event":"state_receive","role":"client","rows":[{"entity":1,"sequence":64,"tick":105},{"entity":2,"sequence":61,"tick":105}],"time_ms":1510,"wall_ms":1791532978158.0}
S03R {"aim_yaw":0.0,"event":"input_send","index":3,"move":[0.0,-1.0],"role":"client","sample_ticks_ms":1521,"sample_wall_ms":1791532978169.0,"send_ticks_ms":1521,"send_wall_ms":1791532978169.0,"sequence":66,"time_ms":1521,"wall_ms":1791532978169.0}
S03R {"authority_install_error_m":0.0,"entity":1,"event":"apply","pose":{"control":1,"durable":2,"entity":1,"last_input_tick":64,"position":[0.0,0.00100011611357331,6.0],"receipt_ms":1510,"sequence":64,"tick":105,"velocity":[0.0,0.0,0.0],"yaw":0.0},"position":[0.0,0.00100011611357331,6.0],"time_ms":1523,"wall_ms":1791532978172.0,"yaw":0.0}
S03R {"ack_input_tick":61,"cause":"none","correction_m":0.0,"correction_yaw_deg":0.0,"event":"correction","history_exhausted":false,"replay_frames":4,"replay_usec":65,"role":"client","tick":66,"time_ms":1526,"wall_ms":1791532978174.0}
S03R {"authority_install_error_m":0.0,"entity":2,"event":"apply","pose":{"control":1,"durable":2,"entity":2,"last_input_tick":61,"position":[7.00000190734863,0.00100005290005356,12.9166707992554],"receipt_ms":1510,"sequence":61,"tick":105,"velocity":[0.0,0.0,-5.0],"yaw":0.0},"position":[7.00000190734863,0.00100005290005356,12.5833387374878],"time_ms":1528,"wall_ms":1791532978176.0,"yaw":0.0}
S03R {"event":"prediction","history_size":5,"position":[7.00000190734863,0.00100005290005356,12.5000057220459],"predicted_tick":66,"role":"client","tick":66,"time_ms":1530,"wall_ms":1791532978178.0,"yaw":0.0}
S03R {"event":"prediction","history_size":6,"position":[7.00000190734863,0.00100005290005356,12.416672706604],"predicted_tick":67,"role":"client","tick":67,"time_ms":1543,"wall_ms":1791532978191.0,"yaw":0.0}
S03R {"aim_yaw":0.0,"event":"input_send","index":3,"move":[0.0,-1.0],"role":"client","sample_ticks_ms":1556,"sample_wall_ms":1791532978205.0,"send_ticks_ms":1556,"send_wall_ms":1791532978205.0,"sequence":68,"time_ms":1556,"wall_ms":1791532978205.0}
S03R {"event":"prediction","history_size":7,"position":[7.00000190734863,0.00100005290005356,12.3333396911621],"predicted_tick":68,"role":"client","tick":68,"time_ms":1559,"wall_ms":1791532978207.0,"yaw":0.0}
S03R {"event":"state_receive","role":"client","rows":[{"entity":1,"sequence":67,"tick":108},{"entity":2,"sequence":64,"tick":108}],"time_ms":1564,"wall_ms":1791532978212.0}
S03R {"authority_install_error_m":0.0,"entity":1,"event":"apply","pose":{"control":1,"durable":2,"entity":1,"last_input_tick":67,"position":[0.0,0.00100011611357331,6.0],"receipt_ms":1564,"sequence":67,"tick":108,"velocity":[0.0,0.0,0.0],"yaw":0.0},"position":[0.0,0.00100011611357331,6.0],"time_ms":1570,"wall_ms":1791532978218.0,"yaw":0.0}
S03R {"ack_input_tick":64,"cause":"none","correction_m":0.0,"correction_yaw_deg":0.0,"event":"correction","history_exhausted":false,"replay_frames":4,"replay_usec":66,"role":"client","tick":69,"time_ms":1572,"wall_ms":1791532978221.0}
S03R {"authority_install_error_m":0.0,"entity":2,"event":"apply","pose":{"control":1,"durable":2,"entity":2,"last_input_tick":64,"position":[7.00000190734863,0.00100005290005356,12.6666717529297],"receipt_ms":1564,"sequence":64,"tick":108,"velocity":[0.0,0.0,-5.0],"yaw":0.0},"position":[7.00000190734863,0.00100005290005356,12.3333396911621],"time_ms":1575,"wall_ms":1791532978223.0,"yaw":0.0}
S03R {"event":"prediction","history_size":5,"position":[7.00000190734863,0.00100005290005356,12.2500066757202],"predicted_tick":69,"role":"client","tick":69,"time_ms":1577,"wall_ms":1791532978225.0,"yaw":0.0}
S03R {"aim_yaw":0.0,"event":"input_send","index":3,"move":[0.0,-1.0],"role":"client","sample_ticks_ms":1591,"sample_wall_ms":1791532978239.0,"send_ticks_ms":1591,"send_wall_ms":1791532978239.0,"sequence":70,"time_ms":1591,"wall_ms":1791532978239.0}
S03R {"event":"prediction","history_size":6,"position":[7.00000190734863,0.00100005290005356,12.1666736602783],"predicted_tick":70,"role":"client","tick":70,"time_ms":1596,"wall_ms":1791532978244.0,"yaw":0.0}
S03R {"event":"state_receive","role":"client","rows":[{"entity":1,"sequence":70,"tick":111},{"entity":2,"sequence":67,"tick":111}],"time_ms":1601,"wall_ms":1791532978249.0}
S03R {"authority_install_error_m":0.0,"entity":1,"event":"apply","pose":{"control":1,"durable":2,"entity":1,"last_input_tick":70,"position":[0.0,0.00100011611357331,6.0],"receipt_ms":1601,"sequence":70,"tick":111,"velocity":[0.0,0.0,0.0],"yaw":0.0},"position":[0.0,0.00100011611357331,6.0],"time_ms":1605,"wall_ms":1791532978253.0,"yaw":0.0}
S03R {"ack_input_tick":67,"cause":"none","correction_m":0.0,"correction_yaw_deg":0.0,"event":"correction","history_exhausted":false,"replay_frames":3,"replay_usec":57,"role":"client","tick":71,"time_ms":1610,"wall_ms":1791532978258.0}
S03R {"authority_install_error_m":0.0,"entity":2,"event":"apply","pose":{"control":1,"durable":2,"entity":2,"last_input_tick":67,"position":[7.00000190734863,0.00100005290005356,12.416672706604],"receipt_ms":1601,"sequence":67,"tick":111,"velocity":[0.0,0.0,-5.0],"yaw":0.0},"position":[7.00000190734863,0.00100005290005356,12.1666736602783],"time_ms":1613,"wall_ms":1791532978261.0,"yaw":0.0}
S03R {"event":"prediction","history_size":4,"position":[7.00000190734863,0.00100005290005356,12.0833406448364],"predicted_tick":71,"role":"client","tick":71,"time_ms":1617,"wall_ms":1791532978265.0,"yaw":0.0}
S03R {"aim_yaw":0.0,"event":"keys","move":[0.0,0.0],"role":"client","tick":72,"time_ms":1622,"wall_ms":1791532978270.0}
S03R {"event":"prediction","history_size":5,"position":[7.00000190734863,0.00100005290005356,12.0833406448364],"predicted_tick":72,"role":"client","tick":72,"time_ms":1626,"wall_ms":1791532978274.0,"yaw":0.0}
S03R {"event":"prediction","history_size":6,"position":[7.00000190734863,0.00100005290005356,12.0833406448364],"predicted_tick":73,"role":"client","tick":73,"time_ms":1643,"wall_ms":1791532978291.0,"yaw":0.0}
S03R {"event":"state_receive","role":"client","rows":[{"entity":1,"sequence":73,"tick":114},{"entity":2,"sequence":70,"tick":114}],"time_ms":1650,"wall_ms":1791532978298.0}
S03R {"authority_install_error_m":0.0,"entity":1,"event":"apply","pose":{"control":1,"durable":2,"entity":1,"last_input_tick":73,"position":[0.0,0.00100011611357331,6.0],"receipt_ms":1650,"sequence":73,"tick":114,"velocity":[0.0,0.0,0.0],"yaw":0.0},"position":[0.0,0.00100011611357331,6.0],"time_ms":1657,"wall_ms":1791532978305.0,"yaw":0.0}
S03R {"ack_input_tick":70,"cause":"none","correction_m":0.0,"correction_yaw_deg":0.0,"event":"correction","history_exhausted":false,"replay_frames":3,"replay_usec":58,"role":"client","tick":74,"time_ms":1659,"wall_ms":1791532978308.0}
S03R {"authority_install_error_m":0.0,"entity":2,"event":"apply","pose":{"control":1,"durable":2,"entity":2,"last_input_tick":70,"position":[7.00000190734863,0.00100005290005356,12.1666736602783],"receipt_ms":1650,"sequence":70,"tick":114,"velocity":[0.0,0.0,-5.0],"yaw":0.0},"position":[7.00000190734863,0.00100005290005356,12.0833406448364],"time_ms":1662,"wall_ms":1791532978310.0,"yaw":0.0}
S03R {"event":"prediction","history_size":4,"position":[7.00000190734863,0.00100005290005356,12.0833406448364],"predicted_tick":74,"role":"client","tick":74,"time_ms":1664,"wall_ms":1791532978312.0,"yaw":0.0}
S03R {"event":"prediction","history_size":5,"position":[7.00000190734863,0.00100005290005356,12.0833406448364],"predicted_tick":75,"role":"client","tick":75,"time_ms":1670,"wall_ms":1791532978319.0,"yaw":0.0}
S03R {"event":"prediction","history_size":6,"position":[7.00000190734863,0.00100005290005356,12.0833406448364],"predicted_tick":76,"role":"client","tick":76,"time_ms":1691,"wall_ms":1791532978340.0,"yaw":0.0}
S03R {"event":"prediction","history_size":7,"position":[7.00000190734863,0.00100005290005356,12.0833406448364],"predicted_tick":77,"role":"client","tick":77,"time_ms":1705,"wall_ms":1791532978353.0,"yaw":0.0}
S03R {"event":"state_receive","role":"client","rows":[{"entity":1,"sequence":76,"tick":117},{"entity":2,"sequence":73,"tick":117}],"time_ms":1709,"wall_ms":1791532978358.0}
S03R {"authority_install_error_m":0.0,"entity":1,"event":"apply","pose":{"control":1,"durable":2,"entity":1,"last_input_tick":76,"position":[0.0,0.00100011611357331,6.0],"receipt_ms":1709,"sequence":76,"tick":117,"velocity":[0.0,0.0,0.0],"yaw":0.0},"position":[0.0,0.00100011611357331,6.0],"time_ms":1726,"wall_ms":1791532978374.0,"yaw":0.0}
S03R {"ack_input_tick":73,"cause":"none","correction_m":0.0,"correction_yaw_deg":0.0,"event":"correction","history_exhausted":false,"replay_frames":4,"replay_usec":76,"role":"client","tick":78,"time_ms":1730,"wall_ms":1791532978377.0}
S03R {"authority_install_error_m":0.0,"entity":2,"event":"apply","pose":{"control":1,"durable":2,"entity":2,"last_input_tick":73,"position":[7.00000190734863,0.00100005290005356,12.0833406448364],"receipt_ms":1709,"sequence":73,"tick":117,"velocity":[0.0,0.0,0.0],"yaw":0.0},"position":[7.00000190734863,0.00100005290005356,12.0833406448364],"time_ms":1734,"wall_ms":1791532978382.0,"yaw":0.0}
S03R {"event":"prediction","history_size":5,"position":[7.00000190734863,0.00100005290005356,12.0833406448364],"predicted_tick":78,"role":"client","tick":78,"time_ms":1737,"wall_ms":1791532978385.0,"yaw":0.0}
S03R {"event":"prediction","history_size":6,"position":[7.00000190734863,0.00100005290005356,12.0833406448364],"predicted_tick":79,"role":"client","tick":79,"time_ms":1742,"wall_ms":1791532978391.0,"yaw":0.0}
S03R {"event":"state_receive","role":"client","rows":[{"entity":1,"sequence":79,"tick":120},{"entity":2,"sequence":76,"tick":120}],"time_ms":1749,"wall_ms":1791532978396.0}
S03R {"authority_install_error_m":0.0,"entity":1,"event":"apply","pose":{"control":1,"durable":2,"entity":1,"last_input_tick":79,"position":[0.0,0.00100011611357331,6.0],"receipt_ms":1749,"sequence":79,"tick":120,"velocity":[0.0,0.0,0.0],"yaw":0.0},"position":[0.0,0.00100011611357331,6.0],"time_ms":1756,"wall_ms":1791532978404.0,"yaw":0.0}
S03R {"ack_input_tick":76,"cause":"none","correction_m":0.0,"correction_yaw_deg":0.0,"event":"correction","history_exhausted":false,"replay_frames":3,"replay_usec":96,"role":"client","tick":80,"time_ms":1759,"wall_ms":1791532978407.0}
S03R {"authority_install_error_m":0.0,"entity":2,"event":"apply","pose":{"control":1,"durable":2,"entity":2,"last_input_tick":76,"position":[7.00000190734863,0.00100005290005356,12.0833406448364],"receipt_ms":1749,"sequence":76,"tick":120,"velocity":[0.0,0.0,0.0],"yaw":0.0},"position":[7.00000190734863,0.00100005290005356,12.0833406448364],"time_ms":1761,"wall_ms":1791532978410.0,"yaw":0.0}
S03R {"event":"prediction","history_size":4,"position":[7.00000190734863,0.00100005290005356,12.0833406448364],"predicted_tick":80,"role":"client","tick":80,"time_ms":1764,"wall_ms":1791532978412.0,"yaw":0.0}
S03R {"event":"prediction","history_size":5,"position":[7.00000190734863,0.00100005290005356,12.0833406448364],"predicted_tick":81,"role":"client","tick":81,"time_ms":1776,"wall_ms":1791532978424.0,"yaw":0.0}
S03R {"event":"prediction","history_size":6,"position":[7.00000190734863,0.00100005290005356,12.0833406448364],"predicted_tick":82,"role":"client","tick":82,"time_ms":1790,"wall_ms":1791532978438.0,"yaw":0.0}
S03R {"event":"state_receive","role":"client","rows":[{"entity":1,"sequence":82,"tick":123},{"entity":2,"sequence":79,"tick":123}],"time_ms":1795,"wall_ms":1791532978443.0}
S03R {"authority_install_error_m":0.0,"entity":1,"event":"apply","pose":{"control":1,"durable":2,"entity":1,"last_input_tick":82,"position":[0.0,0.00100011611357331,6.0],"receipt_ms":1795,"sequence":82,"tick":123,"velocity":[0.0,0.0,0.0],"yaw":0.0},"position":[0.0,0.00100011611357331,6.0],"time_ms":1804,"wall_ms":1791532978452.0,"yaw":0.0}
S03R {"ack_input_tick":79,"cause":"none","correction_m":0.0,"correction_yaw_deg":0.0,"event":"correction","history_exhausted":false,"replay_frames":3,"replay_usec":47,"role":"client","tick":83,"time_ms":1807,"wall_ms":1791532978455.0}
S03R {"authority_install_error_m":0.0,"entity":2,"event":"apply","pose":{"control":1,"durable":2,"entity":2,"last_input_tick":79,"position":[7.00000190734863,0.00100005290005356,12.0833406448364],"receipt_ms":1795,"sequence":79,"tick":123,"velocity":[0.0,0.0,0.0],"yaw":0.0},"position":[7.00000190734863,0.00100005290005356,12.0833406448364],"time_ms":1809,"wall_ms":1791532978458.0,"yaw":0.0}
S03R {"event":"prediction","history_size":4,"position":[7.00000190734863,0.00100005290005356,12.0833406448364],"predicted_tick":83,"role":"client","tick":83,"time_ms":1812,"wall_ms":1791532978460.0,"yaw":0.0}
S03R {"event":"prediction","history_size":5,"position":[7.00000190734863,0.00100005290005356,12.0833406448364],"predicted_tick":84,"role":"client","tick":84,"time_ms":1825,"wall_ms":1791532978473.0,"yaw":0.0}
S03R {"event":"prediction","history_size":6,"position":[7.00000190734863,0.00100005290005356,12.0833406448364],"predicted_tick":85,"role":"client","tick":85,"time_ms":1839,"wall_ms":1791532978487.0,"yaw":0.0}
S03R {"event":"state_receive","role":"client","rows":[{"entity":1,"sequence":85,"tick":126},{"entity":2,"sequence":82,"tick":126}],"time_ms":1845,"wall_ms":1791532978494.0}
S03R {"authority_install_error_m":0.0,"entity":1,"event":"apply","pose":{"control":1,"durable":2,"entity":1,"last_input_tick":85,"position":[0.0,0.00100011611357331,6.0],"receipt_ms":1845,"sequence":85,"tick":126,"velocity":[0.0,0.0,0.0],"yaw":0.0},"position":[0.0,0.00100011611357331,6.0],"time_ms":1860,"wall_ms":1791532978508.0,"yaw":0.0}
S03R {"ack_input_tick":82,"cause":"none","correction_m":0.0,"correction_yaw_deg":0.0,"event":"correction","history_exhausted":false,"replay_frames":3,"replay_usec":55,"role":"client","tick":86,"time_ms":1862,"wall_ms":1791532978510.0}
S03R {"authority_install_error_m":0.0,"entity":2,"event":"apply","pose":{"control":1,"durable":2,"entity":2,"last_input_tick":82,"position":[7.00000190734863,0.00100005290005356,12.0833406448364],"receipt_ms":1845,"sequence":82,"tick":126,"velocity":[0.0,0.0,0.0],"yaw":0.0},"position":[7.00000190734863,0.00100005290005356,12.0833406448364],"time_ms":1864,"wall_ms":1791532978513.0,"yaw":0.0}
S03R {"event":"prediction","history_size":4,"position":[7.00000190734863,0.00100005290005356,12.0833406448364],"predicted_tick":86,"role":"client","tick":86,"time_ms":1867,"wall_ms":1791532978515.0,"yaw":0.0}
S03R {"event":"prediction","history_size":5,"position":[7.00000190734863,0.00100005290005356,12.0833406448364],"predicted_tick":87,"role":"client","tick":87,"time_ms":1873,"wall_ms":1791532978521.0,"yaw":0.0}
S03R {"event":"prediction","history_size":6,"position":[7.00000190734863,0.00100005290005356,12.0833406448364],"predicted_tick":88,"role":"client","tick":88,"time_ms":1887,"wall_ms":1791532978535.0,"yaw":0.0}
S03R {"event":"state_receive","role":"client","rows":[{"entity":1,"sequence":88,"tick":129},{"entity":2,"sequence":85,"tick":129}],"time_ms":1901,"wall_ms":1791532978549.0}
S03R {"authority_install_error_m":0.0,"entity":1,"event":"apply","pose":{"control":1,"durable":2,"entity":1,"last_input_tick":88,"position":[0.0,0.00100011611357331,6.0],"receipt_ms":1901,"sequence":88,"tick":129,"velocity":[0.0,0.0,0.0],"yaw":0.0},"position":[0.0,0.00100011611357331,6.0],"time_ms":1908,"wall_ms":1791532978556.0,"yaw":0.0}
S03R {"ack_input_tick":85,"cause":"none","correction_m":0.0,"correction_yaw_deg":0.0,"event":"correction","history_exhausted":false,"replay_frames":3,"replay_usec":55,"role":"client","tick":89,"time_ms":1911,"wall_ms":1791532978558.0}
S03R {"authority_install_error_m":0.0,"entity":2,"event":"apply","pose":{"control":1,"durable":2,"entity":2,"last_input_tick":85,"position":[7.00000190734863,0.00100005290005356,12.0833406448364],"receipt_ms":1901,"sequence":85,"tick":129,"velocity":[0.0,0.0,0.0],"yaw":0.0},"position":[7.00000190734863,0.00100005290005356,12.0833406448364],"time_ms":1913,"wall_ms":1791532978561.0,"yaw":0.0}
S03R {"event":"prediction","history_size":4,"position":[7.00000190734863,0.00100005290005356,12.0833406448364],"predicted_tick":89,"role":"client","tick":89,"time_ms":1915,"wall_ms":1791532978563.0,"yaw":0.0}
S03R {"aim_yaw":1.5707963267949,"event":"input","index":4,"move":[-1.0,0.0],"position":[7.00000190734863,0.00100005290005356,12.0833406448364],"role":"client","sequence_floor":90,"tick":90,"time_ms":1921,"wall_ms":1791532978570.0,"yaw":0.0}
S03R {"aim_yaw":1.5707963267949,"event":"keys","move":[-1.0,0.0],"role":"client","tick":90,"time_ms":1924,"wall_ms":1791532978572.0}
S03R {"aim_yaw":1.5707963267949,"event":"input_send","index":4,"move":[-1.0,0.0],"role":"client","sample_ticks_ms":1929,"sample_wall_ms":1791532978577.0,"send_ticks_ms":1929,"send_wall_ms":1791532978577.0,"sequence":90,"time_ms":1929,"wall_ms":1791532978577.0}
S03R {"event":"prediction","history_size":5,"position":[6.91666841506958,0.00100005290005356,12.0833406448364],"predicted_tick":90,"role":"client","tick":90,"time_ms":1933,"wall_ms":1791532978581.0,"yaw":1.57079637050629}
S03R {"event":"prediction","history_size":6,"position":[6.83333492279053,0.00100005290005356,12.0833406448364],"predicted_tick":91,"role":"client","tick":91,"time_ms":1937,"wall_ms":1791532978584.0,"yaw":1.57079637050629}
S03R {"event":"state_receive","role":"client","rows":[{"entity":1,"sequence":91,"tick":132},{"entity":2,"sequence":88,"tick":132}],"time_ms":1950,"wall_ms":1791532978598.0}
S03R {"aim_yaw":1.5707963267949,"event":"input_send","index":4,"move":[-1.0,0.0],"role":"client","sample_ticks_ms":1957,"sample_wall_ms":1791532978606.0,"send_ticks_ms":1957,"send_wall_ms":1791532978606.0,"sequence":92,"time_ms":1957,"wall_ms":1791532978606.0}
S03R {"authority_install_error_m":0.0,"entity":1,"event":"apply","pose":{"control":1,"durable":2,"entity":1,"last_input_tick":91,"position":[0.0,0.00100011611357331,6.0],"receipt_ms":1950,"sequence":91,"tick":132,"velocity":[0.0,0.0,0.0],"yaw":0.0},"position":[0.0,0.00100011611357331,6.0],"time_ms":1962,"wall_ms":1791532978609.0,"yaw":0.0}
S03R {"ack_input_tick":88,"cause":"none","correction_m":0.0,"correction_yaw_deg":0.0,"event":"correction","history_exhausted":false,"replay_frames":3,"replay_usec":57,"role":"client","tick":92,"time_ms":1966,"wall_ms":1791532978614.0}
S03R {"authority_install_error_m":0.0,"entity":2,"event":"apply","pose":{"control":1,"durable":2,"entity":2,"last_input_tick":88,"position":[7.00000190734863,0.00100005290005356,12.0833406448364],"receipt_ms":1950,"sequence":88,"tick":132,"velocity":[0.0,0.0,0.0],"yaw":0.0},"position":[6.83333492279053,0.00100005290005356,12.0833406448364],"time_ms":1970,"wall_ms":1791532978618.0,"yaw":1.57079637050629}
S03R {"event":"prediction","history_size":4,"position":[6.75000143051147,0.00100005290005356,12.0833406448364],"predicted_tick":92,"role":"client","tick":92,"time_ms":1973,"wall_ms":1791532978620.0,"yaw":1.57079637050629}
S03R {"event":"prediction","history_size":5,"position":[6.66666793823242,0.00100005290005356,12.0833406448364],"predicted_tick":93,"role":"client","tick":93,"time_ms":1978,"wall_ms":1791532978626.0,"yaw":1.57079637050629}
S03R {"aim_yaw":1.5707963267949,"event":"input_send","index":4,"move":[-1.0,0.0],"role":"client","sample_ticks_ms":1985,"sample_wall_ms":1791532978633.0,"send_ticks_ms":1985,"send_wall_ms":1791532978633.0,"sequence":94,"time_ms":1985,"wall_ms":1791532978633.0}
S03R {"event":"prediction","history_size":6,"position":[6.58333444595337,0.00100005290005356,12.0833406448364],"predicted_tick":94,"role":"client","tick":94,"time_ms":1988,"wall_ms":1791532978636.0,"yaw":1.57079637050629}
S03R {"event":"prediction","history_size":7,"position":[6.50000095367432,0.00100005290005356,12.0833406448364],"predicted_tick":95,"role":"client","tick":95,"time_ms":1999,"wall_ms":1791532978647.0,"yaw":1.57079637050629}
S03R {"event":"state_receive","role":"client","rows":[{"entity":1,"sequence":94,"tick":135},{"entity":2,"sequence":91,"tick":135}],"time_ms":2002,"wall_ms":1791532978650.0}
S03R {"aim_yaw":1.5707963267949,"event":"input_send","index":4,"move":[-1.0,0.0],"role":"client","sample_ticks_ms":2012,"sample_wall_ms":1791532978661.0,"send_ticks_ms":2013,"send_wall_ms":1791532978661.0,"sequence":96,"time_ms":2013,"wall_ms":1791532978661.0}
S03R {"authority_install_error_m":0.0,"entity":1,"event":"apply","pose":{"control":1,"durable":2,"entity":1,"last_input_tick":94,"position":[0.0,0.00100011611357331,6.0],"receipt_ms":2002,"sequence":94,"tick":135,"velocity":[0.0,0.0,0.0],"yaw":0.0},"position":[0.0,0.00100011611357331,6.0],"time_ms":2015,"wall_ms":1791532978663.0,"yaw":0.0}
S03R {"ack_input_tick":91,"cause":"none","correction_m":0.0,"correction_yaw_deg":0.0,"event":"correction","history_exhausted":false,"replay_frames":4,"replay_usec":54,"role":"client","tick":96,"time_ms":2017,"wall_ms":1791532978666.0}
S03R {"authority_install_error_m":0.0,"entity":2,"event":"apply","pose":{"control":1,"durable":2,"entity":2,"last_input_tick":91,"position":[6.83333492279053,0.00100005290005356,12.0833406448364],"receipt_ms":2002,"sequence":91,"tick":135,"velocity":[-5.0,0.0,0.0],"yaw":1.57079637050629},"position":[6.50000095367432,0.00100005290005356,12.0833406448364],"time_ms":2020,"wall_ms":1791532978668.0,"yaw":1.57079637050629}
S03R {"event":"prediction","history_size":5,"position":[6.41666746139526,0.00100005290005356,12.0833406448364],"predicted_tick":96,"role":"client","tick":96,"time_ms":2024,"wall_ms":1791532978672.0,"yaw":1.57079637050629}
S03R {"event":"prediction","history_size":6,"position":[6.33333396911621,0.00100005290005356,12.0833406448364],"predicted_tick":97,"role":"client","tick":97,"time_ms":2034,"wall_ms":1791532978683.0,"yaw":1.57079637050629}
S03R {"aim_yaw":1.5707963267949,"event":"input_send","index":4,"move":[-1.0,0.0],"role":"client","sample_ticks_ms":2048,"sample_wall_ms":1791532978696.0,"send_ticks_ms":2048,"send_wall_ms":1791532978696.0,"sequence":98,"time_ms":2048,"wall_ms":1791532978696.0}
S03R {"event":"prediction","history_size":7,"position":[6.25000047683716,0.00100005290005356,12.0833406448364],"predicted_tick":98,"role":"client","tick":98,"time_ms":2051,"wall_ms":1791532978699.0,"yaw":1.57079637050629}
S03R {"event":"state_receive","role":"client","rows":[{"entity":1,"sequence":97,"tick":138},{"entity":2,"sequence":94,"tick":138}],"time_ms":2054,"wall_ms":1791532978702.0}
S03R {"authority_install_error_m":0.0,"entity":1,"event":"apply","pose":{"control":1,"durable":2,"entity":1,"last_input_tick":97,"position":[0.0,0.00100011611357331,6.0],"receipt_ms":2054,"sequence":97,"tick":138,"velocity":[0.0,0.0,0.0],"yaw":0.0},"position":[0.0,0.00100011611357331,6.0],"time_ms":2062,"wall_ms":1791532978710.0,"yaw":0.0}
S03R {"ack_input_tick":94,"cause":"none","correction_m":0.0,"correction_yaw_deg":0.0,"event":"correction","history_exhausted":false,"replay_frames":4,"replay_usec":108,"role":"client","tick":99,"time_ms":2066,"wall_ms":1791532978714.0}
S03R {"authority_install_error_m":0.0,"entity":2,"event":"apply","pose":{"control":1,"durable":2,"entity":2,"last_input_tick":94,"position":[6.58333444595337,0.00100005290005356,12.0833406448364],"receipt_ms":2054,"sequence":94,"tick":138,"velocity":[-5.0,0.0,0.0],"yaw":1.57079637050629},"position":[6.25000047683716,0.00100005290005356,12.0833406448364],"time_ms":2070,"wall_ms":1791532978717.0,"yaw":1.57079637050629}
S03R {"event":"prediction","history_size":5,"position":[6.16666698455811,0.00100005290005356,12.0833406448364],"predicted_tick":99,"role":"client","tick":99,"time_ms":2072,"wall_ms":1791532978721.0,"yaw":1.57079637050629}
S03R {"aim_yaw":1.5707963267949,"event":"input_send","index":4,"move":[-1.0,0.0],"role":"client","sample_ticks_ms":2082,"sample_wall_ms":1791532978730.0,"send_ticks_ms":2082,"send_wall_ms":1791532978730.0,"sequence":100,"time_ms":2082,"wall_ms":1791532978730.0}
S03R {"event":"prediction","history_size":6,"position":[6.08333349227905,0.00100005290005356,12.0833406448364],"predicted_tick":100,"role":"client","tick":100,"time_ms":2085,"wall_ms":1791532978733.0,"yaw":1.57079637050629}
S03R {"event":"prediction","history_size":7,"position":[6.0,0.00100005290005356,12.0833406448364],"predicted_tick":101,"role":"client","tick":101,"time_ms":2096,"wall_ms":1791532978744.0,"yaw":1.57079637050629}
S03R {"event":"state_receive","role":"client","rows":[{"entity":1,"sequence":100,"tick":141},{"entity":2,"sequence":97,"tick":141}],"time_ms":2110,"wall_ms":1791532978757.0}
S03R {"aim_yaw":0.0,"event":"keys","move":[0.0,0.0],"role":"client","tick":102,"time_ms":2117,"wall_ms":1791532978765.0}
S03R {"authority_install_error_m":0.0,"entity":1,"event":"apply","pose":{"control":1,"durable":2,"entity":1,"last_input_tick":100,"position":[0.0,0.00100011611357331,6.0],"receipt_ms":2110,"sequence":100,"tick":141,"velocity":[0.0,0.0,0.0],"yaw":0.0},"position":[0.0,0.00100011611357331,6.0],"time_ms":2119,"wall_ms":1791532978767.0,"yaw":0.0}
S03R {"ack_input_tick":97,"cause":"none","correction_m":0.0,"correction_yaw_deg":0.0,"event":"correction","history_exhausted":false,"replay_frames":4,"replay_usec":55,"role":"client","tick":102,"time_ms":2122,"wall_ms":1791532978770.0}
S03R {"authority_install_error_m":0.0,"entity":2,"event":"apply","pose":{"control":1,"durable":2,"entity":2,"last_input_tick":97,"position":[6.33333396911621,0.00100005290005356,12.0833406448364],"receipt_ms":2110,"sequence":97,"tick":141,"velocity":[-5.0,0.0,0.0],"yaw":1.57079637050629},"position":[6.0,0.00100005290005356,12.0833406448364],"time_ms":2124,"wall_ms":1791532978772.0,"yaw":1.57079637050629}
S03R {"event":"prediction","history_size":5,"position":[6.0,0.00100005290005356,12.0833406448364],"predicted_tick":102,"role":"client","tick":102,"time_ms":2129,"wall_ms":1791532978778.0,"yaw":0.0}
S03R {"event":"prediction","history_size":6,"position":[6.0,0.00100005290005356,12.0833406448364],"predicted_tick":103,"role":"client","tick":103,"time_ms":2133,"wall_ms":1791532978781.0,"yaw":0.0}
S03R {"event":"prediction","history_size":7,"position":[6.0,0.00100005290005356,12.0833406448364],"predicted_tick":104,"role":"client","tick":104,"time_ms":2147,"wall_ms":1791532978795.0,"yaw":0.0}
S03R {"event":"state_receive","role":"client","rows":[{"entity":1,"sequence":103,"tick":144},{"entity":2,"sequence":100,"tick":144}],"time_ms":2153,"wall_ms":1791532978802.0}
S03R {"authority_install_error_m":0.0,"entity":1,"event":"apply","pose":{"control":1,"durable":2,"entity":1,"last_input_tick":103,"position":[0.0,0.00100011611357331,6.0],"receipt_ms":2153,"sequence":103,"tick":144,"velocity":[0.0,0.0,0.0],"yaw":0.0},"position":[0.0,0.00100011611357331,6.0],"time_ms":2167,"wall_ms":1791532978816.0,"yaw":0.0}
S03R {"ack_input_tick":100,"cause":"none","correction_m":0.0,"correction_yaw_deg":0.0,"event":"correction","history_exhausted":false,"replay_frames":4,"replay_usec":67,"role":"client","tick":105,"time_ms":2170,"wall_ms":1791532978818.0}
S03R {"authority_install_error_m":0.0,"entity":2,"event":"apply","pose":{"control":1,"durable":2,"entity":2,"last_input_tick":100,"position":[6.08333349227905,0.00100005290005356,12.0833406448364],"receipt_ms":2153,"sequence":100,"tick":144,"velocity":[-5.0,0.0,0.0],"yaw":1.57079637050629},"position":[6.0,0.00100005290005356,12.0833406448364],"time_ms":2172,"wall_ms":1791532978820.0,"yaw":0.0}
S03R {"event":"prediction","history_size":5,"position":[6.0,0.00100005290005356,12.0833406448364],"predicted_tick":105,"role":"client","tick":105,"time_ms":2175,"wall_ms":1791532978823.0,"yaw":0.0}
S03R {"event":"prediction","history_size":6,"position":[6.0,0.00100005290005356,12.0833406448364],"predicted_tick":106,"role":"client","tick":106,"time_ms":2181,"wall_ms":1791532978829.0,"yaw":0.0}
S03R {"event":"prediction","history_size":7,"position":[6.0,0.00100005290005356,12.0833406448364],"predicted_tick":107,"role":"client","tick":107,"time_ms":2202,"wall_ms":1791532978850.0,"yaw":0.0}
S03R {"event":"state_receive","role":"client","rows":[{"entity":1,"sequence":106,"tick":147},{"entity":2,"sequence":103,"tick":147}],"time_ms":2205,"wall_ms":1791532978853.0}
S03R {"authority_install_error_m":0.0,"entity":1,"event":"apply","pose":{"control":1,"durable":2,"entity":1,"last_input_tick":106,"position":[0.0,0.00100011611357331,6.0],"receipt_ms":2205,"sequence":106,"tick":147,"velocity":[0.0,0.0,0.0],"yaw":0.0},"position":[0.0,0.00100011611357331,6.0],"time_ms":2216,"wall_ms":1791532978864.0,"yaw":0.0}
S03R {"ack_input_tick":103,"cause":"none","correction_m":0.0,"correction_yaw_deg":0.0,"event":"correction","history_exhausted":false,"replay_frames":4,"replay_usec":103,"role":"client","tick":108,"time_ms":2219,"wall_ms":1791532978867.0}
S03R {"authority_install_error_m":0.0,"entity":2,"event":"apply","pose":{"control":1,"durable":2,"entity":2,"last_input_tick":103,"position":[6.0,0.00100005290005356,12.0833406448364],"receipt_ms":2205,"sequence":103,"tick":147,"velocity":[0.0,0.0,0.0],"yaw":0.0},"position":[6.0,0.00100005290005356,12.0833406448364],"time_ms":2224,"wall_ms":1791532978872.0,"yaw":0.0}
S03R {"event":"prediction","history_size":5,"position":[6.0,0.00100005290005356,12.0833406448364],"predicted_tick":108,"role":"client","tick":108,"time_ms":2228,"wall_ms":1791532978876.0,"yaw":0.0}
S03R {"event":"prediction","history_size":6,"position":[6.0,0.00100005290005356,12.0833406448364],"predicted_tick":109,"role":"client","tick":109,"time_ms":2233,"wall_ms":1791532978881.0,"yaw":0.0}
S03R {"event":"prediction","history_size":7,"position":[6.0,0.00100005290005356,12.0833406448364],"predicted_tick":110,"role":"client","tick":110,"time_ms":2254,"wall_ms":1791532978903.0,"yaw":0.0}
S03R {"event":"state_receive","role":"client","rows":[{"entity":1,"sequence":109,"tick":150},{"entity":2,"sequence":106,"tick":150}],"time_ms":2257,"wall_ms":1791532978905.0}
S03R {"authority_install_error_m":0.0,"entity":1,"event":"apply","pose":{"control":1,"durable":2,"entity":1,"last_input_tick":109,"position":[0.0,0.00100011611357331,6.0],"receipt_ms":2257,"sequence":109,"tick":150,"velocity":[0.0,0.0,0.0],"yaw":0.0},"position":[0.0,0.00100011611357331,6.0],"time_ms":2268,"wall_ms":1791532978916.0,"yaw":0.0}
S03R {"ack_input_tick":106,"cause":"none","correction_m":0.0,"correction_yaw_deg":0.0,"event":"correction","history_exhausted":false,"replay_frames":4,"replay_usec":172,"role":"client","tick":111,"time_ms":2271,"wall_ms":1791532978919.0}
S03R {"authority_install_error_m":0.0,"entity":2,"event":"apply","pose":{"control":1,"durable":2,"entity":2,"last_input_tick":106,"position":[6.0,0.00100005290005356,12.0833406448364],"receipt_ms":2257,"sequence":106,"tick":150,"velocity":[0.0,0.0,0.0],"yaw":0.0},"position":[6.0,0.00100005290005356,12.0833406448364],"time_ms":2275,"wall_ms":1791532978922.0,"yaw":0.0}
S03R {"event":"prediction","history_size":5,"position":[6.0,0.00100005290005356,12.0833406448364],"predicted_tick":111,"role":"client","tick":111,"time_ms":2277,"wall_ms":1791532978925.0,"yaw":0.0}
S03R {"event":"prediction","history_size":6,"position":[6.0,0.00100005290005356,12.0833406448364],"predicted_tick":112,"role":"client","tick":112,"time_ms":2289,"wall_ms":1791532978937.0,"yaw":0.0}
S03R {"event":"prediction","history_size":7,"position":[6.0,0.00100005290005356,12.0833406448364],"predicted_tick":113,"role":"client","tick":113,"time_ms":2303,"wall_ms":1791532978951.0,"yaw":0.0}
S03R {"event":"state_receive","role":"client","rows":[{"entity":1,"sequence":112,"tick":153},{"entity":2,"sequence":109,"tick":153}],"time_ms":2308,"wall_ms":1791532978957.0}
S03R {"authority_install_error_m":0.0,"entity":1,"event":"apply","pose":{"control":1,"durable":2,"entity":1,"last_input_tick":112,"position":[0.0,0.00100011611357331,6.0],"receipt_ms":2308,"sequence":112,"tick":153,"velocity":[0.0,0.0,0.0],"yaw":0.0},"position":[0.0,0.00100011611357331,6.0],"time_ms":2316,"wall_ms":1791532978964.0,"yaw":0.0}
S03R {"ack_input_tick":109,"cause":"none","correction_m":0.0,"correction_yaw_deg":0.0,"event":"correction","history_exhausted":false,"replay_frames":4,"replay_usec":102,"role":"client","tick":114,"time_ms":2319,"wall_ms":1791532978968.0}
S03R {"authority_install_error_m":0.0,"entity":2,"event":"apply","pose":{"control":1,"durable":2,"entity":2,"last_input_tick":109,"position":[6.0,0.00100005290005356,12.0833406448364],"receipt_ms":2308,"sequence":109,"tick":153,"velocity":[0.0,0.0,0.0],"yaw":0.0},"position":[6.0,0.00100005290005356,12.0833406448364],"time_ms":2322,"wall_ms":1791532978970.0,"yaw":0.0}
S03R {"event":"prediction","history_size":5,"position":[6.0,0.00100005290005356,12.0833406448364],"predicted_tick":114,"role":"client","tick":114,"time_ms":2324,"wall_ms":1791532978973.0,"yaw":0.0}
S03R {"event":"prediction","history_size":6,"position":[6.0,0.00100005290005356,12.0833406448364],"predicted_tick":115,"role":"client","tick":115,"time_ms":2337,"wall_ms":1791532978986.0,"yaw":0.0}
S03R {"event":"prediction","history_size":7,"position":[6.0,0.00100005290005356,12.0833406448364],"predicted_tick":116,"role":"client","tick":116,"time_ms":2351,"wall_ms":1791532978999.0,"yaw":0.0}
S03R {"event":"state_receive","role":"client","rows":[{"entity":1,"sequence":115,"tick":156},{"entity":2,"sequence":112,"tick":156}],"time_ms":2355,"wall_ms":1791532979004.0}
S03R {"authority_install_error_m":0.0,"entity":1,"event":"apply","pose":{"control":1,"durable":2,"entity":1,"last_input_tick":115,"position":[0.0,0.00100011611357331,6.0],"receipt_ms":2355,"sequence":115,"tick":156,"velocity":[0.0,0.0,0.0],"yaw":0.0},"position":[0.0,0.00100011611357331,6.0],"time_ms":2372,"wall_ms":1791532979020.0,"yaw":0.0}
S03R {"ack_input_tick":112,"cause":"none","correction_m":0.0,"correction_yaw_deg":0.0,"event":"correction","history_exhausted":false,"replay_frames":4,"replay_usec":121,"role":"client","tick":117,"time_ms":2374,"wall_ms":1791532979022.0}
S03R {"authority_install_error_m":0.0,"entity":2,"event":"apply","pose":{"control":1,"durable":2,"entity":2,"last_input_tick":112,"position":[6.0,0.00100005290005356,12.0833406448364],"receipt_ms":2355,"sequence":112,"tick":156,"velocity":[0.0,0.0,0.0],"yaw":0.0},"position":[6.0,0.00100005290005356,12.0833406448364],"time_ms":2377,"wall_ms":1791532979026.0,"yaw":0.0}
S03R {"event":"prediction","history_size":5,"position":[6.0,0.00100005290005356,12.0833406448364],"predicted_tick":117,"role":"client","tick":117,"time_ms":2379,"wall_ms":1791532979027.0,"yaw":0.0}
S03R {"event":"prediction","history_size":6,"position":[6.0,0.00100005290005356,12.0833406448364],"predicted_tick":118,"role":"client","tick":118,"time_ms":2385,"wall_ms":1791532979033.0,"yaw":0.0}
S03R {"event":"prediction","history_size":7,"position":[6.0,0.00100005290005356,12.0833406448364],"predicted_tick":119,"role":"client","tick":119,"time_ms":2399,"wall_ms":1791532979047.0,"yaw":0.0}
S03R {"event":"state_receive","role":"client","rows":[{"entity":1,"sequence":118,"tick":159},{"entity":2,"sequence":115,"tick":159}],"time_ms":2403,"wall_ms":1791532979051.0}
S03R {"aim_yaw":0.0,"event":"input","index":5,"move":[0.0,-1.0],"position":[6.0,0.00100005290005356,12.0833406448364],"role":"client","sequence_floor":120,"tick":120,"time_ms":2420,"wall_ms":1791532979067.0,"yaw":0.0}
S03R {"aim_yaw":0.0,"event":"keys","move":[0.0,-1.0],"role":"client","tick":120,"time_ms":2422,"wall_ms":1791532979071.0}
S03R {"aim_yaw":0.0,"event":"input_send","index":5,"move":[0.0,-1.0],"role":"client","sample_ticks_ms":2425,"sample_wall_ms":1791532979073.0,"send_ticks_ms":2425,"send_wall_ms":1791532979073.0,"sequence":120,"time_ms":2425,"wall_ms":1791532979073.0}
S03R {"authority_install_error_m":0.0,"entity":1,"event":"apply","pose":{"control":1,"durable":2,"entity":1,"last_input_tick":118,"position":[0.0,0.00100011611357331,6.0],"receipt_ms":2403,"sequence":118,"tick":159,"velocity":[0.0,0.0,0.0],"yaw":0.0},"position":[0.0,0.00100011611357331,6.0],"time_ms":2427,"wall_ms":1791532979076.0,"yaw":0.0}
S03R {"ack_input_tick":115,"cause":"none","correction_m":0.0,"correction_yaw_deg":0.0,"event":"correction","history_exhausted":false,"replay_frames":4,"replay_usec":58,"role":"client","tick":120,"time_ms":2430,"wall_ms":1791532979078.0}
S03R {"authority_install_error_m":0.0,"entity":2,"event":"apply","pose":{"control":1,"durable":2,"entity":2,"last_input_tick":115,"position":[6.0,0.00100005290005356,12.0833406448364],"receipt_ms":2403,"sequence":115,"tick":159,"velocity":[0.0,0.0,0.0],"yaw":0.0},"position":[6.0,0.00100005290005356,12.0833406448364],"time_ms":2434,"wall_ms":1791532979082.0,"yaw":0.0}
S03R {"event":"prediction","history_size":5,"position":[6.0,0.00100005290005356,12.0000076293945],"predicted_tick":120,"role":"client","tick":120,"time_ms":2438,"wall_ms":1791532979086.0,"yaw":0.0}
S03R {"event":"prediction","history_size":6,"position":[6.0,0.00100005290005356,11.9166746139526],"predicted_tick":121,"role":"client","tick":121,"time_ms":2443,"wall_ms":1791532979091.0,"yaw":0.0}
S03R {"aim_yaw":0.0,"event":"input_send","index":5,"move":[0.0,-1.0],"role":"client","sample_ticks_ms":2457,"sample_wall_ms":1791532979105.0,"send_ticks_ms":2457,"send_wall_ms":1791532979106.0,"sequence":122,"time_ms":2457,"wall_ms":1791532979106.0}
S03R {"event":"prediction","history_size":7,"position":[6.0,0.00100005290005356,11.8333415985107],"predicted_tick":122,"role":"client","tick":122,"time_ms":2459,"wall_ms":1791532979107.0,"yaw":0.0}
S03R {"event":"state_receive","role":"client","rows":[{"entity":1,"sequence":121,"tick":162},{"entity":2,"sequence":118,"tick":162}],"time_ms":2462,"wall_ms":1791532979110.0}
S03R {"authority_install_error_m":0.0,"entity":1,"event":"apply","pose":{"control":1,"durable":2,"entity":1,"last_input_tick":121,"position":[0.0,0.00100011611357331,6.16666698455811],"receipt_ms":2462,"sequence":121,"tick":162,"velocity":[0.0,0.0,5.0],"yaw":3.14159250259399},"position":[0.0,0.00100011611357331,6.16666698455811],"time_ms":2478,"wall_ms":1791532979126.0,"yaw":3.14159250259399}
S03R {"ack_input_tick":118,"cause":"none","correction_m":0.0,"correction_yaw_deg":0.0,"event":"correction","history_exhausted":false,"replay_frames":4,"replay_usec":86,"role":"client","tick":123,"time_ms":2481,"wall_ms":1791532979129.0}
S03R {"authority_install_error_m":0.0,"entity":2,"event":"apply","pose":{"control":1,"durable":2,"entity":2,"last_input_tick":118,"position":[6.0,0.00100005290005356,12.0833406448364],"receipt_ms":2462,"sequence":118,"tick":162,"velocity":[0.0,0.0,0.0],"yaw":0.0},"position":[6.0,0.00100005290005356,11.8333415985107],"time_ms":2486,"wall_ms":1791532979134.0,"yaw":0.0}
S03R {"event":"prediction","history_size":5,"position":[6.0,0.00100005290005356,11.7500085830688],"predicted_tick":123,"role":"client","tick":123,"time_ms":2488,"wall_ms":1791532979136.0,"yaw":0.0}
S03R {"aim_yaw":0.0,"event":"input_send","index":5,"move":[0.0,-1.0],"role":"client","sample_ticks_ms":2491,"sample_wall_ms":1791532979139.0,"send_ticks_ms":2491,"send_wall_ms":1791532979139.0,"sequence":124,"time_ms":2491,"wall_ms":1791532979139.0}
S03R {"event":"prediction","history_size":6,"position":[6.0,0.00100005290005356,11.666675567627],"predicted_tick":124,"role":"client","tick":124,"time_ms":2495,"wall_ms":1791532979143.0,"yaw":0.0}
S03R {"event":"prediction","history_size":7,"position":[6.0,0.00100005290005356,11.5833425521851],"predicted_tick":125,"role":"client","tick":125,"time_ms":2505,"wall_ms":1791532979153.0,"yaw":0.0}
S03R {"event":"state_receive","role":"client","rows":[{"entity":1,"sequence":124,"tick":165},{"entity":2,"sequence":121,"tick":165}],"time_ms":2508,"wall_ms":1791532979157.0}
S03R {"aim_yaw":0.0,"event":"input_send","index":5,"move":[0.0,-1.0],"role":"client","sample_ticks_ms":2526,"sample_wall_ms":1791532979174.0,"send_ticks_ms":2526,"send_wall_ms":1791532979174.0,"sequence":126,"time_ms":2526,"wall_ms":1791532979174.0}
S03R {"authority_install_error_m":0.0,"entity":1,"event":"apply","pose":{"control":1,"durable":2,"entity":1,"last_input_tick":124,"position":[0.0,0.00100011611357331,6.41666746139526],"receipt_ms":2508,"sequence":124,"tick":165,"velocity":[0.0,0.0,5.0],"yaw":3.14159250259399},"position":[0.0,0.00100011611357331,6.41666746139526],"time_ms":2530,"wall_ms":1791532979179.0,"yaw":3.14159250259399}
S03R {"ack_input_tick":121,"cause":"none","correction_m":0.0,"correction_yaw_deg":0.0,"event":"correction","history_exhausted":false,"replay_frames":4,"replay_usec":93,"role":"client","tick":126,"time_ms":2535,"wall_ms":1791532979182.0}
S03R {"authority_install_error_m":0.0,"entity":2,"event":"apply","pose":{"control":1,"durable":2,"entity":2,"last_input_tick":121,"position":[6.0,0.00100005290005356,11.9166746139526],"receipt_ms":2508,"sequence":121,"tick":165,"velocity":[0.0,0.0,-5.0],"yaw":0.0},"position":[6.0,0.00100005290005356,11.5833425521851],"time_ms":2539,"wall_ms":1791532979188.0,"yaw":0.0}
S03R {"event":"prediction","history_size":5,"position":[6.0,0.00100005290005356,11.5000095367432],"predicted_tick":126,"role":"client","tick":126,"time_ms":2542,"wall_ms":1791532979189.0,"yaw":0.0}
S03R {"event":"prediction","history_size":6,"position":[6.0,0.00100005290005356,11.4166765213013],"predicted_tick":127,"role":"client","tick":127,"time_ms":2545,"wall_ms":1791532979192.0,"yaw":0.0}
S03R {"aim_yaw":0.0,"event":"input_send","index":5,"move":[0.0,-1.0],"role":"client","sample_ticks_ms":2551,"sample_wall_ms":1791532979199.0,"send_ticks_ms":2552,"send_wall_ms":1791532979199.0,"sequence":128,"time_ms":2552,"wall_ms":1791532979199.0}
S03R {"event":"prediction","history_size":7,"position":[6.0,0.00100005290005356,11.3333435058594],"predicted_tick":128,"role":"client","tick":128,"time_ms":2554,"wall_ms":1791532979202.0,"yaw":0.0}
S03R {"event":"state_receive","role":"client","rows":[{"entity":1,"sequence":127,"tick":168},{"entity":2,"sequence":124,"tick":168}],"time_ms":2559,"wall_ms":1791532979208.0}
S03R {"authority_install_error_m":0.0,"entity":1,"event":"apply","pose":{"control":1,"durable":2,"entity":1,"last_input_tick":127,"position":[0.0,0.00100011611357331,6.66666793823242],"receipt_ms":2559,"sequence":127,"tick":168,"velocity":[0.0,0.0,5.0],"yaw":3.14159250259399},"position":[0.0,0.00100011611357331,6.66666793823242],"time_ms":2565,"wall_ms":1791532979214.0,"yaw":3.14159250259399}
S03R {"ack_input_tick":124,"cause":"none","correction_m":0.0,"correction_yaw_deg":0.0,"event":"correction","history_exhausted":false,"replay_frames":4,"replay_usec":79,"role":"client","tick":129,"time_ms":2569,"wall_ms":1791532979217.0}
S03R {"authority_install_error_m":0.0,"entity":2,"event":"apply","pose":{"control":1,"durable":2,"entity":2,"last_input_tick":124,"position":[6.0,0.00100005290005356,11.666675567627],"receipt_ms":2559,"sequence":124,"tick":168,"velocity":[0.0,0.0,-5.0],"yaw":0.0},"position":[6.0,0.00100005290005356,11.3333435058594],"time_ms":2572,"wall_ms":1791532979220.0,"yaw":0.0}
S03R {"event":"prediction","history_size":5,"position":[6.0,0.00100005290005356,11.2500104904175],"predicted_tick":129,"role":"client","tick":129,"time_ms":2574,"wall_ms":1791532979222.0,"yaw":0.0}
S03R {"aim_yaw":0.0,"event":"input_send","index":5,"move":[0.0,-1.0],"role":"client","sample_ticks_ms":2579,"sample_wall_ms":1791532979226.0,"send_ticks_ms":2579,"send_wall_ms":1791532979228.0,"sequence":130,"time_ms":2579,"wall_ms":1791532979228.0}
S03R {"event":"prediction","history_size":6,"position":[6.0,0.00100005290005356,11.1666774749756],"predicted_tick":130,"role":"client","tick":130,"time_ms":2583,"wall_ms":1791532979231.0,"yaw":0.0}
S03R {"event":"prediction","history_size":7,"position":[6.0,0.00100005290005356,11.0833444595337],"predicted_tick":131,"role":"client","tick":131,"time_ms":2600,"wall_ms":1791532979248.0,"yaw":0.0}
S03R {"event":"state_receive","role":"client","rows":[{"entity":1,"sequence":130,"tick":171},{"entity":2,"sequence":127,"tick":171}],"time_ms":2607,"wall_ms":1791532979255.0}
S03R {"aim_yaw":0.0,"event":"keys","move":[0.0,0.0],"role":"client","tick":132,"time_ms":2614,"wall_ms":1791532979262.0}
S03R {"authority_install_error_m":0.0,"entity":1,"event":"apply","pose":{"control":1,"durable":2,"entity":1,"last_input_tick":130,"position":[0.0,0.00100011611357331,6.91666841506958],"receipt_ms":2607,"sequence":130,"tick":171,"velocity":[0.0,0.0,5.0],"yaw":3.14159250259399},"position":[0.0,0.00100011611357331,6.91666841506958],"time_ms":2616,"wall_ms":1791532979265.0,"yaw":3.14159250259399}
S03R {"ack_input_tick":127,"cause":"none","correction_m":0.0,"correction_yaw_deg":0.0,"event":"correction","history_exhausted":false,"replay_frames":4,"replay_usec":50,"role":"client","tick":132,"time_ms":2619,"wall_ms":1791532979267.0}
S03R {"authority_install_error_m":0.0,"entity":2,"event":"apply","pose":{"control":1,"durable":2,"entity":2,"last_input_tick":127,"position":[6.0,0.00100005290005356,11.4166765213013],"receipt_ms":2607,"sequence":127,"tick":171,"velocity":[0.0,0.0,-5.0],"yaw":0.0},"position":[6.0,0.00100005290005356,11.0833444595337],"time_ms":2621,"wall_ms":1791532979269.0,"yaw":0.0}
S03R {"event":"prediction","history_size":5,"position":[6.0,0.00100005290005356,11.0833444595337],"predicted_tick":132,"role":"client","tick":132,"time_ms":2623,"wall_ms":1791532979272.0,"yaw":0.0}
S03R {"event":"prediction","history_size":6,"position":[6.0,0.00100005290005356,11.0833444595337],"predicted_tick":133,"role":"client","tick":133,"time_ms":2628,"wall_ms":1791532979277.0,"yaw":0.0}
S03R {"event":"prediction","history_size":7,"position":[6.0,0.00100005290005356,11.0833444595337],"predicted_tick":134,"role":"client","tick":134,"time_ms":2649,"wall_ms":1791532979297.0,"yaw":0.0}
S03R {"event":"state_receive","role":"client","rows":[{"entity":1,"sequence":133,"tick":174},{"entity":2,"sequence":130,"tick":174}],"time_ms":2654,"wall_ms":1791532979302.0}
S03R {"authority_install_error_m":0.0,"entity":1,"event":"apply","pose":{"control":1,"durable":2,"entity":1,"last_input_tick":133,"position":[0.0,0.00100011611357331,7.16666889190674],"receipt_ms":2654,"sequence":133,"tick":174,"velocity":[0.0,0.0,5.0],"yaw":3.14159250259399},"position":[0.0,0.00100011611357331,7.16666889190674],"time_ms":2663,"wall_ms":1791532979311.0,"yaw":3.14159250259399}
S03R {"ack_input_tick":130,"cause":"none","correction_m":0.0,"correction_yaw_deg":0.0,"event":"correction","history_exhausted":false,"replay_frames":4,"replay_usec":56,"role":"client","tick":135,"time_ms":2665,"wall_ms":1791532979313.0}
S03R {"authority_install_error_m":0.0,"entity":2,"event":"apply","pose":{"control":1,"durable":2,"entity":2,"last_input_tick":130,"position":[6.0,0.00100005290005356,11.1666774749756],"receipt_ms":2654,"sequence":130,"tick":174,"velocity":[0.0,0.0,-5.0],"yaw":0.0},"position":[6.0,0.00100005290005356,11.0833444595337],"time_ms":2668,"wall_ms":1791532979316.0,"yaw":0.0}
S03R {"event":"prediction","history_size":5,"position":[6.0,0.00100005290005356,11.0833444595337],"predicted_tick":135,"role":"client","tick":135,"time_ms":2670,"wall_ms":1791532979318.0,"yaw":0.0}
S03R {"event":"prediction","history_size":6,"position":[6.0,0.00100005290005356,11.0833444595337],"predicted_tick":136,"role":"client","tick":136,"time_ms":2684,"wall_ms":1791532979332.0,"yaw":0.0}
S03R {"event":"prediction","history_size":7,"position":[6.0,0.00100005290005356,11.0833444595337],"predicted_tick":137,"role":"client","tick":137,"time_ms":2697,"wall_ms":1791532979345.0,"yaw":0.0}
S03R {"event":"state_receive","role":"client","rows":[{"entity":1,"sequence":136,"tick":177},{"entity":2,"sequence":133,"tick":177}],"time_ms":2702,"wall_ms":1791532979351.0}
S03R {"authority_install_error_m":0.0,"entity":1,"event":"apply","pose":{"control":1,"durable":2,"entity":1,"last_input_tick":136,"position":[0.0,0.00100011611357331,7.4166693687439],"receipt_ms":2702,"sequence":136,"tick":177,"velocity":[0.0,0.0,5.0],"yaw":3.14159250259399},"position":[0.0,0.00100011611357331,7.4166693687439],"time_ms":2711,"wall_ms":1791532979360.0,"yaw":3.14159250259399}
S03R {"ack_input_tick":133,"cause":"none","correction_m":0.0,"correction_yaw_deg":0.0,"event":"correction","history_exhausted":false,"replay_frames":4,"replay_usec":52,"role":"client","tick":138,"time_ms":2714,"wall_ms":1791532979362.0}
S03R {"authority_install_error_m":0.0,"entity":2,"event":"apply","pose":{"control":1,"durable":2,"entity":2,"last_input_tick":133,"position":[6.0,0.00100005290005356,11.0833444595337],"receipt_ms":2702,"sequence":133,"tick":177,"velocity":[0.0,0.0,0.0],"yaw":0.0},"position":[6.0,0.00100005290005356,11.0833444595337],"time_ms":2718,"wall_ms":1791532979365.0,"yaw":0.0}
S03R {"event":"prediction","history_size":5,"position":[6.0,0.00100005290005356,11.0833444595337],"predicted_tick":138,"role":"client","tick":138,"time_ms":2722,"wall_ms":1791532979370.0,"yaw":0.0}
S03R {"event":"prediction","history_size":6,"position":[6.0,0.00100005290005356,11.0833444595337],"predicted_tick":139,"role":"client","tick":139,"time_ms":2734,"wall_ms":1791532979382.0,"yaw":0.0}
S03R {"event":"prediction","history_size":7,"position":[6.0,0.00100005290005356,11.0833444595337],"predicted_tick":140,"role":"client","tick":140,"time_ms":2747,"wall_ms":1791532979395.0,"yaw":0.0}
S03R {"event":"state_receive","role":"client","rows":[{"entity":1,"sequence":139,"tick":180},{"entity":2,"sequence":136,"tick":180}],"time_ms":2751,"wall_ms":1791532979399.0}
S03R {"authority_install_error_m":0.0,"entity":1,"event":"apply","pose":{"control":1,"durable":2,"entity":1,"last_input_tick":139,"position":[0.0,0.00100011611357331,7.66666984558105],"receipt_ms":2751,"sequence":139,"tick":180,"velocity":[0.0,0.0,5.0],"yaw":3.14159250259399},"position":[0.0,0.00100011611357331,7.66666984558105],"time_ms":2768,"wall_ms":1791532979416.0,"yaw":3.14159250259399}
S03R {"ack_input_tick":136,"cause":"none","correction_m":0.0,"correction_yaw_deg":0.0,"event":"correction","history_exhausted":false,"replay_frames":4,"replay_usec":60,"role":"client","tick":141,"time_ms":2770,"wall_ms":1791532979419.0}
S03R {"authority_install_error_m":0.0,"entity":2,"event":"apply","pose":{"control":1,"durable":2,"entity":2,"last_input_tick":136,"position":[6.0,0.00100005290005356,11.0833444595337],"receipt_ms":2751,"sequence":136,"tick":180,"velocity":[0.0,0.0,0.0],"yaw":0.0},"position":[6.0,0.00100005290005356,11.0833444595337],"time_ms":2773,"wall_ms":1791532979421.0,"yaw":0.0}
S03R {"event":"prediction","history_size":5,"position":[6.0,0.00100005290005356,11.0833444595337],"predicted_tick":141,"role":"client","tick":141,"time_ms":2775,"wall_ms":1791532979422.0,"yaw":0.0}
S03R {"event":"prediction","history_size":6,"position":[6.0,0.00100005290005356,11.0833444595337],"predicted_tick":142,"role":"client","tick":142,"time_ms":2782,"wall_ms":1791532979430.0,"yaw":0.0}
S03R {"event":"prediction","history_size":7,"position":[6.0,0.00100005290005356,11.0833444595337],"predicted_tick":143,"role":"client","tick":143,"time_ms":2796,"wall_ms":1791532979444.0,"yaw":0.0}
S03R {"event":"state_receive","role":"client","rows":[{"entity":1,"sequence":142,"tick":183},{"entity":2,"sequence":139,"tick":183}],"time_ms":2809,"wall_ms":1791532979458.0}
S03R {"authority_install_error_m":0.0,"entity":1,"event":"apply","pose":{"control":1,"durable":2,"entity":1,"last_input_tick":142,"position":[0.0,0.00100011611357331,7.91667032241821],"receipt_ms":2809,"sequence":142,"tick":183,"velocity":[0.0,0.0,5.0],"yaw":3.14159250259399},"position":[0.0,0.00100011611357331,7.91667032241821],"time_ms":2816,"wall_ms":1791532979464.0,"yaw":3.14159250259399}
S03R {"ack_input_tick":139,"cause":"none","correction_m":0.0,"correction_yaw_deg":0.0,"event":"correction","history_exhausted":false,"replay_frames":4,"replay_usec":57,"role":"client","tick":144,"time_ms":2819,"wall_ms":1791532979467.0}
S03R {"authority_install_error_m":0.0,"entity":2,"event":"apply","pose":{"control":1,"durable":2,"entity":2,"last_input_tick":139,"position":[6.0,0.00100005290005356,11.0833444595337],"receipt_ms":2809,"sequence":139,"tick":183,"velocity":[0.0,0.0,0.0],"yaw":0.0},"position":[6.0,0.00100005290005356,11.0833444595337],"time_ms":2821,"wall_ms":1791532979469.0,"yaw":0.0}
S03R {"event":"prediction","history_size":5,"position":[6.0,0.00100005290005356,11.0833444595337],"predicted_tick":144,"role":"client","tick":144,"time_ms":2824,"wall_ms":1791532979471.0,"yaw":0.0}
S03R {"event":"prediction","history_size":6,"position":[6.0,0.00100005290005356,11.0833444595337],"predicted_tick":145,"role":"client","tick":145,"time_ms":2830,"wall_ms":1791532979478.0,"yaw":0.0}
S03R {"event":"prediction","history_size":7,"position":[6.0,0.00100005290005356,11.0833444595337],"predicted_tick":146,"role":"client","tick":146,"time_ms":2851,"wall_ms":1791532979499.0,"yaw":0.0}
S03R {"event":"state_receive","role":"client","rows":[{"entity":1,"sequence":145,"tick":186},{"entity":2,"sequence":142,"tick":186}],"time_ms":2854,"wall_ms":1791532979503.0}
S03R {"authority_install_error_m":0.0,"entity":1,"event":"apply","pose":{"control":1,"durable":2,"entity":1,"last_input_tick":145,"position":[0.0,0.00100011611357331,8.16666984558105],"receipt_ms":2854,"sequence":145,"tick":186,"velocity":[0.0,0.0,5.0],"yaw":3.14159250259399},"position":[0.0,0.00100011611357331,8.16666984558105],"time_ms":2865,"wall_ms":1791532979513.0,"yaw":3.14159250259399}
S03R {"ack_input_tick":142,"cause":"none","correction_m":0.0,"correction_yaw_deg":0.0,"event":"correction","history_exhausted":false,"replay_frames":4,"replay_usec":80,"role":"client","tick":147,"time_ms":2867,"wall_ms":1791532979516.0}
S03R {"authority_install_error_m":0.0,"entity":2,"event":"apply","pose":{"control":1,"durable":2,"entity":2,"last_input_tick":142,"position":[6.0,0.00100005290005356,11.0833444595337],"receipt_ms":2854,"sequence":142,"tick":186,"velocity":[0.0,0.0,0.0],"yaw":0.0},"position":[6.0,0.00100005290005356,11.0833444595337],"time_ms":2871,"wall_ms":1791532979520.0,"yaw":0.0}
S03R {"event":"prediction","history_size":5,"position":[6.0,0.00100005290005356,11.0833444595337],"predicted_tick":147,"role":"client","tick":147,"time_ms":2874,"wall_ms":1791532979522.0,"yaw":0.0}
S03R {"event":"prediction","history_size":6,"position":[6.0,0.00100005290005356,11.0833444595337],"predicted_tick":148,"role":"client","tick":148,"time_ms":2879,"wall_ms":1791532979527.0,"yaw":0.0}
S03R {"event":"prediction","history_size":7,"position":[6.0,0.00100005290005356,11.0833444595337],"predicted_tick":149,"role":"client","tick":149,"time_ms":2900,"wall_ms":1791532979547.0,"yaw":0.0}
S03R {"event":"state_receive","role":"client","rows":[{"entity":1,"sequence":148,"tick":189},{"entity":2,"sequence":145,"tick":189}],"time_ms":2903,"wall_ms":1791532979551.0}
S03R {"aim_yaw":-1.5707963267949,"event":"input","index":6,"move":[1.0,0.0],"position":[6.0,0.00100005290005356,11.0833444595337],"role":"client","sequence_floor":150,"tick":150,"time_ms":2913,"wall_ms":1791532979562.0,"yaw":0.0}
S03R {"aim_yaw":-1.5707963267949,"event":"keys","move":[1.0,0.0],"role":"client","tick":150,"time_ms":2918,"wall_ms":1791532979566.0}
S03R {"aim_yaw":-1.5707963267949,"event":"input_send","index":6,"move":[1.0,0.0],"role":"client","sample_ticks_ms":2922,"sample_wall_ms":1791532979570.0,"send_ticks_ms":2922,"send_wall_ms":1791532979570.0,"sequence":150,"time_ms":2922,"wall_ms":1791532979570.0}
S03R {"authority_install_error_m":0.0,"entity":1,"event":"apply","pose":{"control":1,"durable":2,"entity":1,"last_input_tick":148,"position":[0.0,0.00100011611357331,8.41666889190674],"receipt_ms":2903,"sequence":148,"tick":189,"velocity":[0.0,0.0,5.0],"yaw":3.14159250259399},"position":[0.0,0.00100011611357331,8.41666889190674],"time_ms":2925,"wall_ms":1791532979573.0,"yaw":3.14159250259399}
S03R {"ack_input_tick":145,"cause":"none","correction_m":0.0,"correction_yaw_deg":0.0,"event":"correction","history_exhausted":false,"replay_frames":4,"replay_usec":62,"role":"client","tick":150,"time_ms":2927,"wall_ms":1791532979575.0}
S03R {"authority_install_error_m":0.0,"entity":2,"event":"apply","pose":{"control":1,"durable":2,"entity":2,"last_input_tick":145,"position":[6.0,0.00100005290005356,11.0833444595337],"receipt_ms":2903,"sequence":145,"tick":189,"velocity":[0.0,0.0,0.0],"yaw":0.0},"position":[6.0,0.00100005290005356,11.0833444595337],"time_ms":2931,"wall_ms":1791532979580.0,"yaw":0.0}
S03R {"event":"prediction","history_size":5,"position":[6.08333349227905,0.00100005290005356,11.0833444595337],"predicted_tick":150,"role":"client","tick":150,"time_ms":2936,"wall_ms":1791532979583.0,"yaw":-1.57079637050629}
S03R {"event":"prediction","history_size":6,"position":[6.16666698455811,0.00100005290005356,11.0833444595337],"predicted_tick":151,"role":"client","tick":151,"time_ms":2941,"wall_ms":1791532979589.0,"yaw":-1.57079637050629}
S03R {"event":"state_receive","role":"client","rows":[{"entity":1,"sequence":151,"tick":192},{"entity":2,"sequence":148,"tick":192}],"time_ms":2954,"wall_ms":1791532979603.0}
S03R {"aim_yaw":-1.5707963267949,"event":"input_send","index":6,"move":[1.0,0.0],"role":"client","sample_ticks_ms":2961,"sample_wall_ms":1791532979609.0,"send_ticks_ms":2961,"send_wall_ms":1791532979609.0,"sequence":152,"time_ms":2961,"wall_ms":1791532979609.0}
S03R {"authority_install_error_m":0.0,"entity":1,"event":"apply","pose":{"control":1,"durable":2,"entity":1,"last_input_tick":151,"position":[0.0,0.00100011611357331,8.66666793823242],"receipt_ms":2954,"sequence":151,"tick":192,"velocity":[0.0,0.0,5.0],"yaw":3.14159250259399},"position":[0.0,0.00100011611357331,8.66666793823242],"time_ms":2966,"wall_ms":1791532979613.0,"yaw":3.14159250259399}
S03R {"ack_input_tick":148,"cause":"none","correction_m":0.0,"correction_yaw_deg":0.0,"event":"correction","history_exhausted":false,"replay_frames":3,"replay_usec":53,"role":"client","tick":152,"time_ms":2970,"wall_ms":1791532979619.0}
S03R {"authority_install_error_m":0.0,"entity":2,"event":"apply","pose":{"control":1,"durable":2,"entity":2,"last_input_tick":148,"position":[6.0,0.00100005290005356,11.0833444595337],"receipt_ms":2954,"sequence":148,"tick":192,"velocity":[0.0,0.0,0.0],"yaw":0.0},"position":[6.16666698455811,0.00100005290005356,11.0833444595337],"time_ms":2974,"wall_ms":1791532979622.0,"yaw":-1.57079637050629}
S03R {"event":"prediction","history_size":4,"position":[6.25000047683716,0.00100005290005356,11.0833444595337],"predicted_tick":152,"role":"client","tick":152,"time_ms":2978,"wall_ms":1791532979626.0,"yaw":-1.57079637050629}
S03R {"event":"prediction","history_size":5,"position":[6.33333396911621,0.00100005290005356,11.0833444595337],"predicted_tick":153,"role":"client","tick":153,"time_ms":2984,"wall_ms":1791532979631.0,"yaw":-1.57079637050629}
S03R {"aim_yaw":-1.5707963267949,"event":"input_send","index":6,"move":[1.0,0.0],"role":"client","sample_ticks_ms":2990,"sample_wall_ms":1791532979638.0,"send_ticks_ms":2990,"send_wall_ms":1791532979638.0,"sequence":154,"time_ms":2990,"wall_ms":1791532979638.0}
S03R {"event":"prediction","history_size":6,"position":[6.41666746139526,0.00100005290005356,11.0833444595337],"predicted_tick":154,"role":"client","tick":154,"time_ms":2993,"wall_ms":1791532979641.0,"yaw":-1.57079637050629}
S03R {"event":"prediction","history_size":7,"position":[6.50000095367432,0.00100005290005356,11.0833444595337],"predicted_tick":155,"role":"client","tick":155,"time_ms":3004,"wall_ms":1791532979652.0,"yaw":-1.57079637050629}
S03R {"event":"state_receive","role":"client","rows":[{"entity":1,"sequence":154,"tick":195},{"entity":2,"sequence":151,"tick":195}],"time_ms":3008,"wall_ms":1791532979656.0}
S03R {"aim_yaw":-1.5707963267949,"event":"input_send","index":6,"move":[1.0,0.0],"role":"client","sample_ticks_ms":3018,"sample_wall_ms":1791532979666.0,"send_ticks_ms":3018,"send_wall_ms":1791532979666.0,"sequence":156,"time_ms":3018,"wall_ms":1791532979666.0}
S03R {"authority_install_error_m":0.0,"entity":1,"event":"apply","pose":{"control":1,"durable":2,"entity":1,"last_input_tick":154,"position":[0.0,0.00100011611357331,8.91666698455811],"receipt_ms":3008,"sequence":154,"tick":195,"velocity":[0.0,0.0,5.0],"yaw":3.14159250259399},"position":[0.0,0.00100011611357331,8.91666698455811],"time_ms":3021,"wall_ms":1791532979669.0,"yaw":3.14159250259399}
S03R {"ack_input_tick":151,"cause":"none","correction_m":0.0,"correction_yaw_deg":0.0,"event":"correction","history_exhausted":false,"replay_frames":4,"replay_usec":61,"role":"client","tick":156,"time_ms":3023,"wall_ms":1791532979672.0}
S03R {"authority_install_error_m":0.0,"entity":2,"event":"apply","pose":{"control":1,"durable":2,"entity":2,"last_input_tick":151,"position":[6.16666698455811,0.00100005290005356,11.0833444595337],"receipt_ms":3008,"sequence":151,"tick":195,"velocity":[5.0,0.0,0.0],"yaw":-1.57079637050629},"position":[6.50000095367432,0.00100005290005356,11.0833444595337],"time_ms":3025,"wall_ms":1791532979673.0,"yaw":-1.57079637050629}
S03R {"event":"prediction","history_size":5,"position":[6.58333444595337,0.00100005290005356,11.0833444595337],"predicted_tick":156,"role":"client","tick":156,"time_ms":3030,"wall_ms":1791532979678.0,"yaw":-1.57079637050629}
S03R {"event":"prediction","history_size":6,"position":[6.66666793823242,0.00100005290005356,11.0833444595337],"predicted_tick":157,"role":"client","tick":157,"time_ms":3034,"wall_ms":1791532979683.0,"yaw":-1.57079637050629}
S03R {"aim_yaw":-1.5707963267949,"event":"input_send","index":6,"move":[1.0,0.0],"role":"client","sample_ticks_ms":3048,"sample_wall_ms":1791532979696.0,"send_ticks_ms":3048,"send_wall_ms":1791532979696.0,"sequence":158,"time_ms":3048,"wall_ms":1791532979696.0}
S03R {"event":"prediction","history_size":7,"position":[6.75000143051147,0.00100005290005356,11.0833444595337],"predicted_tick":158,"role":"client","tick":158,"time_ms":3053,"wall_ms":1791532979700.0,"yaw":-1.57079637050629}
S03R {"event":"state_receive","role":"client","rows":[{"entity":1,"sequence":157,"tick":198},{"entity":2,"sequence":154,"tick":198}],"time_ms":3057,"wall_ms":1791532979706.0}
S03R {"authority_install_error_m":0.0,"entity":1,"event":"apply","pose":{"control":1,"durable":2,"entity":1,"last_input_tick":157,"position":[0.0,0.00100011611357331,9.16666603088379],"receipt_ms":3057,"sequence":157,"tick":198,"velocity":[0.0,0.0,5.0],"yaw":3.14159250259399},"position":[0.0,0.00100011611357331,9.16666603088379],"time_ms":3062,"wall_ms":1791532979710.0,"yaw":3.14159250259399}
S03R {"ack_input_tick":154,"cause":"none","correction_m":0.0,"correction_yaw_deg":0.0,"event":"correction","history_exhausted":false,"replay_frames":4,"replay_usec":61,"role":"client","tick":159,"time_ms":3065,"wall_ms":1791532979713.0}
S03R {"authority_install_error_m":0.0,"entity":2,"event":"apply","pose":{"control":1,"durable":2,"entity":2,"last_input_tick":154,"position":[6.41666746139526,0.00100005290005356,11.0833444595337],"receipt_ms":3057,"sequence":154,"tick":198,"velocity":[5.0,0.0,0.0],"yaw":-1.57079637050629},"position":[6.75000143051147,0.00100005290005356,11.0833444595337],"time_ms":3069,"wall_ms":1791532979718.0,"yaw":-1.57079637050629}
S03R {"event":"prediction","history_size":5,"position":[6.83333492279053,0.00100005290005356,11.0833444595337],"predicted_tick":159,"role":"client","tick":159,"time_ms":3072,"wall_ms":1791532979719.0,"yaw":-1.57079637050629}
S03R {"aim_yaw":-1.5707963267949,"event":"input_send","index":6,"move":[1.0,0.0],"role":"client","sample_ticks_ms":3083,"sample_wall_ms":1791532979731.0,"send_ticks_ms":3083,"send_wall_ms":1791532979731.0,"sequence":160,"time_ms":3083,"wall_ms":1791532979731.0}
S03R {"event":"prediction","history_size":6,"position":[6.91666841506958,0.00100005290005356,11.0833444595337],"predicted_tick":160,"role":"client","tick":160,"time_ms":3087,"wall_ms":1791532979734.0,"yaw":-1.57079637050629}
S03R {"event":"prediction","history_size":7,"position":[7.00000190734863,0.00100005290005356,11.0833444595337],"predicted_tick":161,"role":"client","tick":161,"time_ms":3097,"wall_ms":1791532979745.0,"yaw":-1.57079637050629}
S03R {"event":"state_receive","role":"client","rows":[{"entity":1,"sequence":160,"tick":201},{"entity":2,"sequence":157,"tick":201}],"time_ms":3103,"wall_ms":1791532979751.0}
S03R {"aim_yaw":0.0,"event":"keys","move":[0.0,0.0],"role":"client","tick":162,"time_ms":3117,"wall_ms":1791532979765.0}
S03R {"authority_install_error_m":0.0,"entity":1,"event":"apply","pose":{"control":1,"durable":2,"entity":1,"last_input_tick":160,"position":[0.0,0.00100011611357331,9.41666507720947],"receipt_ms":3103,"sequence":160,"tick":201,"velocity":[0.0,0.0,5.0],"yaw":3.14159250259399},"position":[0.0,0.00100011611357331,9.41666507720947],"time_ms":3120,"wall_ms":1791532979767.0,"yaw":3.14159250259399}
S03R {"ack_input_tick":157,"cause":"none","correction_m":0.0,"correction_yaw_deg":0.0,"event":"correction","history_exhausted":false,"replay_frames":4,"replay_usec":107,"role":"client","tick":162,"time_ms":3123,"wall_ms":1791532979771.0}
S03R {"authority_install_error_m":0.0,"entity":2,"event":"apply","pose":{"control":1,"durable":2,"entity":2,"last_input_tick":157,"position":[6.66666793823242,0.00100005290005356,11.0833444595337],"receipt_ms":3103,"sequence":157,"tick":201,"velocity":[5.0,0.0,0.0],"yaw":-1.57079637050629},"position":[7.00000190734863,0.00100005290005356,11.0833444595337],"time_ms":3126,"wall_ms":1791532979774.0,"yaw":-1.57079637050629}
S03R {"event":"prediction","history_size":5,"position":[7.00000190734863,0.00100005290005356,11.0833444595337],"predicted_tick":162,"role":"client","tick":162,"time_ms":3129,"wall_ms":1791532979777.0,"yaw":0.0}
S03R {"event":"prediction","history_size":6,"position":[7.00000190734863,0.00100005290005356,11.0833444595337],"predicted_tick":163,"role":"client","tick":163,"time_ms":3135,"wall_ms":1791532979784.0,"yaw":0.0}
S03R {"event":"prediction","history_size":7,"position":[7.00000190734863,0.00100005290005356,11.0833444595337],"predicted_tick":164,"role":"client","tick":164,"time_ms":3149,"wall_ms":1791532979797.0,"yaw":0.0}
S03R {"event":"state_receive","role":"client","rows":[{"entity":1,"sequence":163,"tick":204},{"entity":2,"sequence":160,"tick":204}],"time_ms":3163,"wall_ms":1791532979812.0}
S03R {"authority_install_error_m":0.0,"entity":1,"event":"apply","pose":{"control":1,"durable":2,"entity":1,"last_input_tick":163,"position":[0.0,0.00100011611357331,9.66666412353516],"receipt_ms":3163,"sequence":163,"tick":204,"velocity":[0.0,0.0,5.0],"yaw":3.14159250259399},"position":[0.0,0.00100011611357331,9.66666412353516],"time_ms":3170,"wall_ms":1791532979818.0,"yaw":3.14159250259399}
S03R {"ack_input_tick":160,"cause":"none","correction_m":0.0,"correction_yaw_deg":0.0,"event":"correction","history_exhausted":false,"replay_frames":4,"replay_usec":64,"role":"client","tick":165,"time_ms":3183,"wall_ms":1791532979831.0}
S03R {"authority_install_error_m":0.0,"entity":2,"event":"apply","pose":{"control":1,"durable":2,"entity":2,"last_input_tick":160,"position":[6.91666841506958,0.00100005290005356,11.0833444595337],"receipt_ms":3163,"sequence":160,"tick":204,"velocity":[5.0,0.0,0.0],"yaw":-1.57079637050629},"position":[7.00000190734863,0.00100005290005356,11.0833444595337],"time_ms":3193,"wall_ms":1791532979841.0,"yaw":0.0}
S03R {"event":"prediction","history_size":5,"position":[7.00000190734863,0.00100005290005356,11.0833444595337],"predicted_tick":165,"role":"client","tick":165,"time_ms":3202,"wall_ms":1791532979850.0,"yaw":0.0}
S03R {"event":"prediction","history_size":6,"position":[7.00000190734863,0.00100005290005356,11.0833444595337],"predicted_tick":166,"role":"client","tick":166,"time_ms":3206,"wall_ms":1791532979854.0,"yaw":0.0}
S03R {"event":"prediction","history_size":7,"position":[7.00000190734863,0.00100005290005356,11.0833444595337],"predicted_tick":167,"role":"client","tick":167,"time_ms":3213,"wall_ms":1791532979860.0,"yaw":0.0}
S03R {"event":"prediction","history_size":8,"position":[7.00000190734863,0.00100005290005356,11.0833444595337],"predicted_tick":168,"role":"client","tick":168,"time_ms":3226,"wall_ms":1791532979875.0,"yaw":0.0}
S03R {"event":"state_receive","role":"client","rows":[{"entity":1,"sequence":166,"tick":207},{"entity":2,"sequence":163,"tick":207}],"time_ms":3235,"wall_ms":1791532979883.0}
S03R {"authority_install_error_m":0.0,"entity":1,"event":"apply","pose":{"control":1,"durable":2,"entity":1,"last_input_tick":166,"position":[0.0,0.00100011611357331,9.91666316986084],"receipt_ms":3235,"sequence":166,"tick":207,"velocity":[0.0,0.0,5.0],"yaw":3.14159250259399},"position":[0.0,0.00100011611357331,9.91666316986084],"time_ms":3241,"wall_ms":1791532979889.0,"yaw":3.14159250259399}
S03R {"ack_input_tick":163,"cause":"none","correction_m":0.0,"correction_yaw_deg":0.0,"event":"correction","history_exhausted":false,"replay_frames":5,"replay_usec":65,"role":"client","tick":169,"time_ms":3245,"wall_ms":1791532979893.0}
S03R {"authority_install_error_m":0.0,"entity":2,"event":"apply","pose":{"control":1,"durable":2,"entity":2,"last_input_tick":163,"position":[7.00000190734863,0.00100005290005356,11.0833444595337],"receipt_ms":3235,"sequence":163,"tick":207,"velocity":[0.0,0.0,0.0],"yaw":0.0},"position":[7.00000190734863,0.00100005290005356,11.0833444595337],"time_ms":3249,"wall_ms":1791532979896.0,"yaw":0.0}
S03R {"event":"prediction","history_size":6,"position":[7.00000190734863,0.00100005290005356,11.0833444595337],"predicted_tick":169,"role":"client","tick":169,"time_ms":3256,"wall_ms":1791532979904.0,"yaw":0.0}
S03R {"event":"state_receive","role":"client","rows":[{"entity":1,"sequence":169,"tick":210},{"entity":2,"sequence":166,"tick":210}],"time_ms":3263,"wall_ms":1791532979912.0}
S03R {"authority_install_error_m":0.0,"entity":1,"event":"apply","pose":{"control":1,"durable":2,"entity":1,"last_input_tick":169,"position":[0.0,0.00100011611357331,10.1666622161865],"receipt_ms":3263,"sequence":169,"tick":210,"velocity":[0.0,0.0,5.0],"yaw":3.14159250259399},"position":[0.0,0.00100011611357331,10.1666622161865],"time_ms":3267,"wall_ms":1791532979915.0,"yaw":3.14159250259399}
S03R {"ack_input_tick":166,"cause":"none","correction_m":0.0,"correction_yaw_deg":0.0,"event":"correction","history_exhausted":false,"replay_frames":3,"replay_usec":83,"role":"client","tick":170,"time_ms":3273,"wall_ms":1791532979920.0}
S03R {"authority_install_error_m":0.0,"entity":2,"event":"apply","pose":{"control":1,"durable":2,"entity":2,"last_input_tick":166,"position":[7.00000190734863,0.00100005290005356,11.0833444595337],"receipt_ms":3263,"sequence":166,"tick":210,"velocity":[0.0,0.0,0.0],"yaw":0.0},"position":[7.00000190734863,0.00100005290005356,11.0833444595337],"time_ms":3278,"wall_ms":1791532979926.0,"yaw":0.0}
S03R {"event":"prediction","history_size":4,"position":[7.00000190734863,0.00100005290005356,11.0833444595337],"predicted_tick":170,"role":"client","tick":170,"time_ms":3283,"wall_ms":1791532979931.0,"yaw":0.0}
S03R {"event":"prediction","history_size":5,"position":[7.00000190734863,0.00100005290005356,11.0833444595337],"predicted_tick":171,"role":"client","tick":171,"time_ms":3286,"wall_ms":1791532979934.0,"yaw":0.0}
S03R {"event":"prediction","history_size":6,"position":[7.00000190734863,0.00100005290005356,11.0833444595337],"predicted_tick":172,"role":"client","tick":172,"time_ms":3293,"wall_ms":1791532979941.0,"yaw":0.0}
S03R {"event":"prediction","history_size":7,"position":[7.00000190734863,0.00100005290005356,11.0833444595337],"predicted_tick":173,"role":"client","tick":173,"time_ms":3301,"wall_ms":1791532979949.0,"yaw":0.0}
S03R {"event":"prediction","history_size":8,"position":[7.00000190734863,0.00100005290005356,11.0833444595337],"predicted_tick":174,"role":"client","tick":174,"time_ms":3313,"wall_ms":1791532979962.0,"yaw":0.0}
S03R {"event":"prediction","history_size":9,"position":[7.00000190734863,0.00100005290005356,11.0833444595337],"predicted_tick":175,"role":"client","tick":175,"time_ms":3334,"wall_ms":1791532979982.0,"yaw":0.0}
S03R {"event":"prediction","history_size":10,"position":[7.00000190734863,0.00100005290005356,11.0833444595337],"predicted_tick":176,"role":"client","tick":176,"time_ms":3348,"wall_ms":1791532979997.0,"yaw":0.0}
S03R {"event":"state_receive","role":"client","rows":[{"entity":1,"sequence":175,"tick":216},{"entity":2,"sequence":172,"tick":216}],"time_ms":3352,"wall_ms":1791532980000.0}
S03R {"authority_install_error_m":0.0,"entity":1,"event":"apply","pose":{"control":1,"durable":2,"entity":1,"last_input_tick":175,"position":[0.0,0.00100011611357331,10.6666603088379],"receipt_ms":3352,"sequence":175,"tick":216,"velocity":[0.0,0.0,5.0],"yaw":3.14159250259399},"position":[0.0,0.00100011611357331,10.6666603088379],"time_ms":3361,"wall_ms":1791532980010.0,"yaw":3.14159250259399}
S03R {"ack_input_tick":172,"cause":"none","correction_m":0.0,"correction_yaw_deg":0.0,"event":"correction","history_exhausted":false,"replay_frames":4,"replay_usec":102,"role":"client","tick":177,"time_ms":3365,"wall_ms":1791532980013.0}
S03R {"authority_install_error_m":0.0,"entity":2,"event":"apply","pose":{"control":1,"durable":2,"entity":2,"last_input_tick":172,"position":[7.00000190734863,0.00100005290005356,11.0833444595337],"receipt_ms":3352,"sequence":172,"tick":216,"velocity":[0.0,0.0,0.0],"yaw":0.0},"position":[7.00000190734863,0.00100005290005356,11.0833444595337],"time_ms":3371,"wall_ms":1791532980019.0,"yaw":0.0}
S03R {"event":"prediction","history_size":5,"position":[7.00000190734863,0.00100005290005356,11.0833444595337],"predicted_tick":177,"role":"client","tick":177,"time_ms":3374,"wall_ms":1791532980022.0,"yaw":0.0}
S03R {"event":"prediction","history_size":6,"position":[7.00000190734863,0.00100005290005356,11.0833444595337],"predicted_tick":178,"role":"client","tick":178,"time_ms":3385,"wall_ms":1791532980032.0,"yaw":0.0}
S03R {"event":"prediction","history_size":7,"position":[7.00000190734863,0.00100005290005356,11.0833444595337],"predicted_tick":179,"role":"client","tick":179,"time_ms":3398,"wall_ms":1791532980046.0,"yaw":0.0}
S03R {"event":"state_receive","role":"client","rows":[{"entity":1,"sequence":178,"tick":219},{"entity":2,"sequence":175,"tick":219}],"time_ms":3401,"wall_ms":1791532980049.0}
S03R {"aim_yaw":0.0,"event":"input","index":7,"move":[0.0,-1.0],"position":[7.00000190734863,0.00100005290005356,11.0833444595337],"role":"client","sequence_floor":180,"tick":180,"time_ms":3412,"wall_ms":1791532980060.0,"yaw":0.0}
S03R {"aim_yaw":0.0,"event":"keys","move":[0.0,-1.0],"role":"client","tick":180,"time_ms":3414,"wall_ms":1791532980063.0}
S03R {"aim_yaw":0.0,"event":"input_send","index":7,"move":[0.0,-1.0],"role":"client","sample_ticks_ms":3417,"sample_wall_ms":1791532980065.0,"send_ticks_ms":3417,"send_wall_ms":1791532980065.0,"sequence":180,"time_ms":3417,"wall_ms":1791532980065.0}
S03R {"authority_install_error_m":0.0,"entity":1,"event":"apply","pose":{"control":1,"durable":2,"entity":1,"last_input_tick":178,"position":[0.0,0.00100011611357331,10.9166593551636],"receipt_ms":3401,"sequence":178,"tick":219,"velocity":[0.0,0.0,5.0],"yaw":3.14159250259399},"position":[0.0,0.00100011611357331,10.9166593551636],"time_ms":3419,"wall_ms":1791532980068.0,"yaw":3.14159250259399}
S03R {"ack_input_tick":175,"cause":"none","correction_m":0.0,"correction_yaw_deg":0.0,"event":"correction","history_exhausted":false,"replay_frames":4,"replay_usec":59,"role":"client","tick":180,"time_ms":3424,"wall_ms":1791532980072.0}
S03R {"authority_install_error_m":0.0,"entity":2,"event":"apply","pose":{"control":1,"durable":2,"entity":2,"last_input_tick":175,"position":[7.00000190734863,0.00100005290005356,11.0833444595337],"receipt_ms":3401,"sequence":175,"tick":219,"velocity":[0.0,0.0,0.0],"yaw":0.0},"position":[7.00000190734863,0.00100005290005356,11.0833444595337],"time_ms":3428,"wall_ms":1791532980075.0,"yaw":0.0}
S03R {"event":"prediction","history_size":5,"position":[7.00000190734863,0.00100005290005356,11.0000114440918],"predicted_tick":180,"role":"client","tick":180,"time_ms":3432,"wall_ms":1791532980081.0,"yaw":0.0}
S03R {"event":"prediction","history_size":6,"position":[7.00000190734863,0.00100005290005356,10.9166784286499],"predicted_tick":181,"role":"client","tick":181,"time_ms":3437,"wall_ms":1791532980085.0,"yaw":0.0}
S03R {"event":"state_receive","role":"client","rows":[{"entity":1,"sequence":181,"tick":222},{"entity":2,"sequence":178,"tick":222}],"time_ms":3444,"wall_ms":1791532980092.0}
S03R {"aim_yaw":0.0,"event":"input_send","index":7,"move":[0.0,-1.0],"role":"client","sample_ticks_ms":3458,"sample_wall_ms":1791532980106.0,"send_ticks_ms":3458,"send_wall_ms":1791532980106.0,"sequence":182,"time_ms":3458,"wall_ms":1791532980106.0}
S03R {"authority_install_error_m":0.0,"entity":1,"event":"apply","pose":{"control":1,"durable":2,"entity":1,"last_input_tick":181,"position":[0.0,0.00100011611357331,10.9999923706055],"receipt_ms":3444,"sequence":181,"tick":222,"velocity":[0.0,0.0,0.0],"yaw":0.0},"position":[0.0,0.00100011611357331,10.9999923706055],"time_ms":3460,"wall_ms":1791532980108.0,"yaw":0.0}
S03R {"ack_input_tick":178,"cause":"none","correction_m":0.0,"correction_yaw_deg":0.0,"event":"correction","history_exhausted":false,"replay_frames":3,"replay_usec":57,"role":"client","tick":182,"time_ms":3463,"wall_ms":1791532980110.0}
S03R {"authority_install_error_m":0.0,"entity":2,"event":"apply","pose":{"control":1,"durable":2,"entity":2,"last_input_tick":178,"position":[7.00000190734863,0.00100005290005356,11.0833444595337],"receipt_ms":3444,"sequence":178,"tick":222,"velocity":[0.0,0.0,0.0],"yaw":0.0},"position":[7.00000190734863,0.00100005290005356,10.9166784286499],"time_ms":3465,"wall_ms":1791532980113.0,"yaw":0.0}
S03R {"event":"prediction","history_size":4,"position":[7.00000190734863,0.00100005290005356,10.833345413208],"predicted_tick":182,"role":"client","tick":182,"time_ms":3467,"wall_ms":1791532980116.0,"yaw":0.0}
S03R {"event":"prediction","history_size":5,"position":[7.00000190734863,0.00100005290005356,10.7500123977661],"predicted_tick":183,"role":"client","tick":183,"time_ms":3472,"wall_ms":1791532980121.0,"yaw":0.0}
S03R {"aim_yaw":0.0,"event":"input_send","index":7,"move":[0.0,-1.0],"role":"client","sample_ticks_ms":3486,"sample_wall_ms":1791532980134.0,"send_ticks_ms":3486,"send_wall_ms":1791532980134.0,"sequence":184,"time_ms":3486,"wall_ms":1791532980134.0}
S03R {"event":"prediction","history_size":6,"position":[7.00000190734863,0.00100005290005356,10.6666793823242],"predicted_tick":184,"role":"client","tick":184,"time_ms":3489,"wall_ms":1791532980137.0,"yaw":0.0}
S03R {"event":"state_receive","role":"client","rows":[{"entity":1,"sequence":184,"tick":225},{"entity":2,"sequence":181,"tick":225}],"time_ms":3500,"wall_ms":1791532980148.0}
S03R {"authority_install_error_m":0.0,"entity":1,"event":"apply","pose":{"control":1,"durable":2,"entity":1,"last_input_tick":184,"position":[0.0,0.00100011611357331,10.9999923706055],"receipt_ms":3500,"sequence":184,"tick":225,"velocity":[0.0,0.0,0.0],"yaw":0.0},"position":[0.0,0.00100011611357331,10.9999923706055],"time_ms":3507,"wall_ms":1791532980155.0,"yaw":0.0}
S03R {"ack_input_tick":181,"cause":"none","correction_m":0.0,"correction_yaw_deg":0.0,"event":"correction","history_exhausted":false,"replay_frames":3,"replay_usec":83,"role":"client","tick":185,"time_ms":3510,"wall_ms":1791532980158.0}
S03R {"authority_install_error_m":0.0,"entity":2,"event":"apply","pose":{"control":1,"durable":2,"entity":2,"last_input_tick":181,"position":[7.00000190734863,0.00100005290005356,10.9166784286499],"receipt_ms":3500,"sequence":181,"tick":225,"velocity":[0.0,0.0,-5.0],"yaw":0.0},"position":[7.00000190734863,0.00100005290005356,10.6666793823242],"time_ms":3512,"wall_ms":1791532980160.0,"yaw":0.0}
S03R {"event":"prediction","history_size":4,"position":[7.00000190734863,0.00100005290005356,10.5833463668823],"predicted_tick":185,"role":"client","tick":185,"time_ms":3515,"wall_ms":1791532980162.0,"yaw":0.0}
S03R {"aim_yaw":0.0,"event":"input_send","index":7,"move":[0.0,-1.0],"role":"client","sample_ticks_ms":3520,"sample_wall_ms":1791532980169.0,"send_ticks_ms":3521,"send_wall_ms":1791532980169.0,"sequence":186,"time_ms":3521,"wall_ms":1791532980169.0}
S03R {"event":"prediction","history_size":5,"position":[7.00000190734863,0.00100005290005356,10.5000133514404],"predicted_tick":186,"role":"client","tick":186,"time_ms":3524,"wall_ms":1791532980172.0,"yaw":0.0}
S03R {"event":"prediction","history_size":6,"position":[7.00000190734863,0.00100005290005356,10.4166803359985],"predicted_tick":187,"role":"client","tick":187,"time_ms":3534,"wall_ms":1791532980183.0,"yaw":0.0}
S03R {"event":"state_receive","role":"client","rows":[{"entity":1,"sequence":187,"tick":228},{"entity":2,"sequence":184,"tick":228}],"time_ms":3548,"wall_ms":1791532980197.0}
S03R {"aim_yaw":0.0,"event":"input_send","index":7,"move":[0.0,-1.0],"role":"client","sample_ticks_ms":3555,"sample_wall_ms":1791532980203.0,"send_ticks_ms":3555,"send_wall_ms":1791532980203.0,"sequence":188,"time_ms":3555,"wall_ms":1791532980203.0}
S03R {"authority_install_error_m":0.0,"entity":1,"event":"apply","pose":{"control":1,"durable":2,"entity":1,"last_input_tick":187,"position":[0.0,0.00100011611357331,10.9999923706055],"receipt_ms":3548,"sequence":187,"tick":228,"velocity":[0.0,0.0,0.0],"yaw":0.0},"position":[0.0,0.00100011611357331,10.9999923706055],"time_ms":3558,"wall_ms":1791532980206.0,"yaw":0.0}
S03R {"ack_input_tick":184,"cause":"none","correction_m":0.0,"correction_yaw_deg":0.0,"event":"correction","history_exhausted":false,"replay_frames":3,"replay_usec":60,"role":"client","tick":188,"time_ms":3560,"wall_ms":1791532980209.0}
S03R {"authority_install_error_m":0.0,"entity":2,"event":"apply","pose":{"control":1,"durable":2,"entity":2,"last_input_tick":184,"position":[7.00000190734863,0.00100005290005356,10.6666793823242],"receipt_ms":3548,"sequence":184,"tick":228,"velocity":[0.0,0.0,-5.0],"yaw":0.0},"position":[7.00000190734863,0.00100005290005356,10.4166803359985],"time_ms":3562,"wall_ms":1791532980210.0,"yaw":0.0}
S03R {"event":"prediction","history_size":4,"position":[7.00000190734863,0.00100005290005356,10.3333473205566],"predicted_tick":188,"role":"client","tick":188,"time_ms":3565,"wall_ms":1791532980213.0,"yaw":0.0}
S03R {"event":"prediction","history_size":5,"position":[7.00000190734863,0.00100005290005356,10.2500143051147],"predicted_tick":189,"role":"client","tick":189,"time_ms":3570,"wall_ms":1791532980218.0,"yaw":0.0}
S03R {"aim_yaw":0.0,"event":"input_send","index":7,"move":[0.0,-1.0],"role":"client","sample_ticks_ms":3584,"sample_wall_ms":1791532980231.0,"send_ticks_ms":3584,"send_wall_ms":1791532980231.0,"sequence":190,"time_ms":3584,"wall_ms":1791532980231.0}
S03R {"event":"prediction","history_size":6,"position":[7.00000190734863,0.00100005290005356,10.1666812896729],"predicted_tick":190,"role":"client","tick":190,"time_ms":3587,"wall_ms":1791532980235.0,"yaw":0.0}
S03R {"event":"state_receive","role":"client","rows":[{"entity":1,"sequence":190,"tick":231},{"entity":2,"sequence":187,"tick":231}],"time_ms":3598,"wall_ms":1791532980246.0}
S03R {"authority_install_error_m":0.0,"entity":1,"event":"apply","pose":{"control":1,"durable":2,"entity":1,"last_input_tick":190,"position":[0.0,0.00100011611357331,10.9999923706055],"receipt_ms":3598,"sequence":190,"tick":231,"velocity":[0.0,0.0,0.0],"yaw":0.0},"position":[0.0,0.00100011611357331,10.9999923706055],"time_ms":3605,"wall_ms":1791532980252.0,"yaw":0.0}
S03R {"ack_input_tick":187,"cause":"none","correction_m":0.0,"correction_yaw_deg":0.0,"event":"correction","history_exhausted":false,"replay_frames":3,"replay_usec":62,"role":"client","tick":191,"time_ms":3607,"wall_ms":1791532980256.0}
S03R {"authority_install_error_m":0.0,"entity":2,"event":"apply","pose":{"control":1,"durable":2,"entity":2,"last_input_tick":187,"position":[7.00000190734863,0.00100005290005356,10.4166803359985],"receipt_ms":3598,"sequence":187,"tick":231,"velocity":[0.0,0.0,-5.0],"yaw":0.0},"position":[7.00000190734863,0.00100005290005356,10.1666812896729],"time_ms":3610,"wall_ms":1791532980257.0,"yaw":0.0}
S03R {"event":"prediction","history_size":4,"position":[7.00000190734863,0.00100005290005356,10.083348274231],"predicted_tick":191,"role":"client","tick":191,"time_ms":3613,"wall_ms":1791532980260.0,"yaw":0.0}
S03R {"aim_yaw":0.0,"event":"keys","move":[0.0,0.0],"role":"client","tick":192,"time_ms":3618,"wall_ms":1791532980266.0}
S03R {"event":"prediction","history_size":5,"position":[7.00000190734863,0.00100005290005356,10.083348274231],"predicted_tick":192,"role":"client","tick":192,"time_ms":3621,"wall_ms":1791532980269.0,"yaw":0.0}
S03R {"event":"prediction","history_size":6,"position":[7.00000190734863,0.00100005290005356,10.083348274231],"predicted_tick":193,"role":"client","tick":193,"time_ms":3632,"wall_ms":1791532980280.0,"yaw":0.0}
S03R {"event":"state_receive","role":"client","rows":[{"entity":1,"sequence":193,"tick":234},{"entity":2,"sequence":190,"tick":234}],"time_ms":3646,"wall_ms":1791532980294.0}
S03R {"authority_install_error_m":0.0,"entity":1,"event":"apply","pose":{"control":1,"durable":2,"entity":1,"last_input_tick":193,"position":[0.0,0.00100011611357331,10.9999923706055],"receipt_ms":3646,"sequence":193,"tick":234,"velocity":[0.0,0.0,0.0],"yaw":0.0},"position":[0.0,0.00100011611357331,10.9999923706055],"time_ms":3653,"wall_ms":1791532980301.0,"yaw":0.0}
S03R {"ack_input_tick":190,"cause":"none","correction_m":0.0,"correction_yaw_deg":0.0,"event":"correction","history_exhausted":false,"replay_frames":3,"replay_usec":89,"role":"client","tick":194,"time_ms":3656,"wall_ms":1791532980304.0}
S03R {"authority_install_error_m":0.0,"entity":2,"event":"apply","pose":{"control":1,"durable":2,"entity":2,"last_input_tick":190,"position":[7.00000190734863,0.00100005290005356,10.1666812896729],"receipt_ms":3646,"sequence":190,"tick":234,"velocity":[0.0,0.0,-5.0],"yaw":0.0},"position":[7.00000190734863,0.00100005290005356,10.083348274231],"time_ms":3661,"wall_ms":1791532980309.0,"yaw":0.0}
S03R {"event":"prediction","history_size":4,"position":[7.00000190734863,0.00100005290005356,10.083348274231],"predicted_tick":194,"role":"client","tick":194,"time_ms":3666,"wall_ms":1791532980313.0,"yaw":0.0}
S03R {"event":"prediction","history_size":5,"position":[7.00000190734863,0.00100005290005356,10.083348274231],"predicted_tick":195,"role":"client","tick":195,"time_ms":3671,"wall_ms":1791532980320.0,"yaw":0.0}
S03R {"event":"prediction","history_size":6,"position":[7.00000190734863,0.00100005290005356,10.083348274231],"predicted_tick":196,"role":"client","tick":196,"time_ms":3685,"wall_ms":1791532980333.0,"yaw":0.0}
S03R {"event":"state_receive","role":"client","rows":[{"entity":1,"sequence":196,"tick":237},{"entity":2,"sequence":193,"tick":237}],"time_ms":3692,"wall_ms":1791532980340.0}
S03R {"authority_install_error_m":0.0,"entity":1,"event":"apply","pose":{"control":1,"durable":2,"entity":1,"last_input_tick":196,"position":[0.0,0.00100011611357331,10.9999923706055],"receipt_ms":3692,"sequence":196,"tick":237,"velocity":[0.0,0.0,0.0],"yaw":0.0},"position":[0.0,0.00100011611357331,10.9999923706055],"time_ms":3706,"wall_ms":1791532980354.0,"yaw":0.0}
S03R {"ack_input_tick":193,"cause":"none","correction_m":0.0,"correction_yaw_deg":0.0,"event":"correction","history_exhausted":false,"replay_frames":3,"replay_usec":92,"role":"client","tick":197,"time_ms":3711,"wall_ms":1791532980358.0}
S03R {"authority_install_error_m":0.0,"entity":2,"event":"apply","pose":{"control":1,"durable":2,"entity":2,"last_input_tick":193,"position":[7.00000190734863,0.00100005290005356,10.083348274231],"receipt_ms":3692,"sequence":193,"tick":237,"velocity":[0.0,0.0,0.0],"yaw":0.0},"position":[7.00000190734863,0.00100005290005356,10.083348274231],"time_ms":3715,"wall_ms":1791532980363.0,"yaw":0.0}
S03R {"event":"prediction","history_size":4,"position":[7.00000190734863,0.00100005290005356,10.083348274231],"predicted_tick":197,"role":"client","tick":197,"time_ms":3717,"wall_ms":1791532980365.0,"yaw":0.0}
S03R {"event":"prediction","history_size":5,"position":[7.00000190734863,0.00100005290005356,10.083348274231],"predicted_tick":198,"role":"client","tick":198,"time_ms":3720,"wall_ms":1791532980368.0,"yaw":0.0}
S03R {"event":"prediction","history_size":6,"position":[7.00000190734863,0.00100005290005356,10.083348274231],"predicted_tick":199,"role":"client","tick":199,"time_ms":3734,"wall_ms":1791532980382.0,"yaw":0.0}
S03R {"event":"state_receive","role":"client","rows":[{"entity":1,"sequence":199,"tick":240},{"entity":2,"sequence":196,"tick":240}],"time_ms":3748,"wall_ms":1791532980396.0}
S03R {"authority_install_error_m":0.0,"entity":1,"event":"apply","pose":{"control":1,"durable":2,"entity":1,"last_input_tick":199,"position":[0.0,0.00100011611357331,10.9999923706055],"receipt_ms":3748,"sequence":199,"tick":240,"velocity":[0.0,0.0,0.0],"yaw":0.0},"position":[0.0,0.00100011611357331,10.9999923706055],"time_ms":3755,"wall_ms":1791532980403.0,"yaw":0.0}
S03R {"ack_input_tick":196,"cause":"none","correction_m":0.0,"correction_yaw_deg":0.0,"event":"correction","history_exhausted":false,"replay_frames":3,"replay_usec":82,"role":"client","tick":200,"time_ms":3758,"wall_ms":1791532980406.0}
S03R {"authority_install_error_m":0.0,"entity":2,"event":"apply","pose":{"control":1,"durable":2,"entity":2,"last_input_tick":196,"position":[7.00000190734863,0.00100005290005356,10.083348274231],"receipt_ms":3748,"sequence":196,"tick":240,"velocity":[0.0,0.0,0.0],"yaw":0.0},"position":[7.00000190734863,0.00100005290005356,10.083348274231],"time_ms":3762,"wall_ms":1791532980409.0,"yaw":0.0}
S03R {"event":"prediction","history_size":4,"position":[7.00000190734863,0.00100005290005356,10.083348274231],"predicted_tick":200,"role":"client","tick":200,"time_ms":3766,"wall_ms":1791532980414.0,"yaw":0.0}
S03R {"event":"prediction","history_size":5,"position":[7.00000190734863,0.00100005290005356,10.083348274231],"predicted_tick":201,"role":"client","tick":201,"time_ms":3769,"wall_ms":1791532980418.0,"yaw":0.0}
S03R {"event":"prediction","history_size":6,"position":[7.00000190734863,0.00100005290005356,10.083348274231],"predicted_tick":202,"role":"client","tick":202,"time_ms":3783,"wall_ms":1791532980432.0,"yaw":0.0}
S03R {"event":"state_receive","role":"client","rows":[{"entity":1,"sequence":202,"tick":243},{"entity":2,"sequence":199,"tick":243}],"time_ms":3797,"wall_ms":1791532980445.0}
S03R {"authority_install_error_m":0.0,"entity":1,"event":"apply","pose":{"control":1,"durable":2,"entity":1,"last_input_tick":202,"position":[0.0,0.00100011611357331,10.9999923706055],"receipt_ms":3797,"sequence":202,"tick":243,"velocity":[0.0,0.0,0.0],"yaw":0.0},"position":[0.0,0.00100011611357331,10.9999923706055],"time_ms":3804,"wall_ms":1791532980452.0,"yaw":0.0}
S03R {"ack_input_tick":199,"cause":"none","correction_m":0.0,"correction_yaw_deg":0.0,"event":"correction","history_exhausted":false,"replay_frames":3,"replay_usec":85,"role":"client","tick":203,"time_ms":3806,"wall_ms":1791532980454.0}
S03R {"authority_install_error_m":0.0,"entity":2,"event":"apply","pose":{"control":1,"durable":2,"entity":2,"last_input_tick":199,"position":[7.00000190734863,0.00100005290005356,10.083348274231],"receipt_ms":3797,"sequence":199,"tick":243,"velocity":[0.0,0.0,0.0],"yaw":0.0},"position":[7.00000190734863,0.00100005290005356,10.083348274231],"time_ms":3809,"wall_ms":1791532980457.0,"yaw":0.0}
S03R {"event":"prediction","history_size":4,"position":[7.00000190734863,0.00100005290005356,10.083348274231],"predicted_tick":203,"role":"client","tick":203,"time_ms":3813,"wall_ms":1791532980462.0,"yaw":0.0}
S03R {"event":"prediction","history_size":5,"position":[7.00000190734863,0.00100005290005356,10.083348274231],"predicted_tick":204,"role":"client","tick":204,"time_ms":3818,"wall_ms":1791532980466.0,"yaw":0.0}
S03R {"event":"prediction","history_size":6,"position":[7.00000190734863,0.00100005290005356,10.083348274231],"predicted_tick":205,"role":"client","tick":205,"time_ms":3832,"wall_ms":1791532980479.0,"yaw":0.0}
S03R {"event":"state_receive","role":"client","rows":[{"entity":1,"sequence":205,"tick":246},{"entity":2,"sequence":202,"tick":246}],"time_ms":3845,"wall_ms":1791532980494.0}
S03R {"authority_install_error_m":0.0,"entity":1,"event":"apply","pose":{"control":1,"durable":2,"entity":1,"last_input_tick":205,"position":[0.0,0.00100011611357331,10.9999923706055],"receipt_ms":3845,"sequence":205,"tick":246,"velocity":[0.0,0.0,0.0],"yaw":0.0},"position":[0.0,0.00100011611357331,10.9999923706055],"time_ms":3853,"wall_ms":1791532980501.0,"yaw":0.0}
S03R {"ack_input_tick":202,"cause":"none","correction_m":0.0,"correction_yaw_deg":0.0,"event":"correction","history_exhausted":false,"replay_frames":3,"replay_usec":100,"role":"client","tick":206,"time_ms":3857,"wall_ms":1791532980506.0}
S03R {"authority_install_error_m":0.0,"entity":2,"event":"apply","pose":{"control":1,"durable":2,"entity":2,"last_input_tick":202,"position":[7.00000190734863,0.00100005290005356,10.083348274231],"receipt_ms":3845,"sequence":202,"tick":246,"velocity":[0.0,0.0,0.0],"yaw":0.0},"position":[7.00000190734863,0.00100005290005356,10.083348274231],"time_ms":3861,"wall_ms":1791532980510.0,"yaw":0.0}
S03R {"event":"prediction","history_size":4,"position":[7.00000190734863,0.00100005290005356,10.083348274231],"predicted_tick":206,"role":"client","tick":206,"time_ms":3868,"wall_ms":1791532980516.0,"yaw":0.0}
S03R {"event":"prediction","history_size":5,"position":[7.00000190734863,0.00100005290005356,10.083348274231],"predicted_tick":207,"role":"client","tick":207,"time_ms":3871,"wall_ms":1791532980519.0,"yaw":0.0}
S03R {"event":"prediction","history_size":6,"position":[7.00000190734863,0.00100005290005356,10.083348274231],"predicted_tick":208,"role":"client","tick":208,"time_ms":3885,"wall_ms":1791532980533.0,"yaw":0.0}
S03R {"event":"state_receive","role":"client","rows":[{"entity":1,"sequence":208,"tick":249},{"entity":2,"sequence":205,"tick":249}],"time_ms":3898,"wall_ms":1791532980547.0}
S03R {"authority_install_error_m":0.0,"entity":1,"event":"apply","pose":{"control":1,"durable":2,"entity":1,"last_input_tick":208,"position":[0.0,0.00100011611357331,10.9999923706055],"receipt_ms":3898,"sequence":208,"tick":249,"velocity":[0.0,0.0,0.0],"yaw":0.0},"position":[0.0,0.00100011611357331,10.9999923706055],"time_ms":3905,"wall_ms":1791532980554.0,"yaw":0.0}
S03R {"ack_input_tick":205,"cause":"none","correction_m":0.0,"correction_yaw_deg":0.0,"event":"correction","history_exhausted":false,"replay_frames":3,"replay_usec":61,"role":"client","tick":209,"time_ms":3908,"wall_ms":1791532980556.0}
S03R {"authority_install_error_m":0.0,"entity":2,"event":"apply","pose":{"control":1,"durable":2,"entity":2,"last_input_tick":205,"position":[7.00000190734863,0.00100005290005356,10.083348274231],"receipt_ms":3898,"sequence":205,"tick":249,"velocity":[0.0,0.0,0.0],"yaw":0.0},"position":[7.00000190734863,0.00100005290005356,10.083348274231],"time_ms":3912,"wall_ms":1791532980560.0,"yaw":0.0}
S03R {"event":"prediction","history_size":4,"position":[7.00000190734863,0.00100005290005356,10.083348274231],"predicted_tick":209,"role":"client","tick":209,"time_ms":3916,"wall_ms":1791532980564.0,"yaw":0.0}
S03R {"aim_yaw":1.5707963267949,"event":"input","index":8,"move":[-1.0,0.0],"position":[7.00000190734863,0.00100005290005356,10.083348274231],"role":"client","sequence_floor":210,"tick":210,"time_ms":3919,"wall_ms":1791532980567.0,"yaw":0.0}
S03R {"aim_yaw":1.5707963267949,"event":"keys","move":[-1.0,0.0],"role":"client","tick":210,"time_ms":3926,"wall_ms":1791532980574.0}
S03R {"aim_yaw":1.5707963267949,"event":"input_send","index":8,"move":[-1.0,0.0],"role":"client","sample_ticks_ms":3928,"sample_wall_ms":1791532980576.0,"send_ticks_ms":3928,"send_wall_ms":1791532980576.0,"sequence":210,"time_ms":3928,"wall_ms":1791532980576.0}
S03R {"event":"prediction","history_size":5,"position":[6.91666841506958,0.00100005290005356,10.083348274231],"predicted_tick":210,"role":"client","tick":210,"time_ms":3932,"wall_ms":1791532980580.0,"yaw":1.57079637050629}
S03R {"event":"prediction","history_size":6,"position":[6.83333492279053,0.00100005290005356,10.083348274231],"predicted_tick":211,"role":"client","tick":211,"time_ms":3935,"wall_ms":1791532980583.0,"yaw":1.57079637050629}
S03R {"event":"state_receive","role":"client","rows":[{"entity":1,"sequence":211,"tick":252},{"entity":2,"sequence":208,"tick":252}],"time_ms":3949,"wall_ms":1791532980597.0}
S03R {"aim_yaw":1.5707963267949,"event":"input_send","index":8,"move":[-1.0,0.0],"role":"client","sample_ticks_ms":3956,"sample_wall_ms":1791532980604.0,"send_ticks_ms":3956,"send_wall_ms":1791532980604.0,"sequence":212,"time_ms":3956,"wall_ms":1791532980604.0}
S03R {"authority_install_error_m":0.0,"entity":1,"event":"apply","pose":{"control":1,"durable":2,"entity":1,"last_input_tick":211,"position":[0.0,0.00100011611357331,10.9999923706055],"receipt_ms":3949,"sequence":211,"tick":252,"velocity":[0.0,0.0,0.0],"yaw":0.0},"position":[0.0,0.00100011611357331,10.9999923706055],"time_ms":3960,"wall_ms":1791532980608.0,"yaw":0.0}
S03R {"ack_input_tick":208,"cause":"none","correction_m":0.0,"correction_yaw_deg":0.0,"event":"correction","history_exhausted":false,"replay_frames":3,"replay_usec":91,"role":"client","tick":212,"time_ms":3964,"wall_ms":1791532980612.0}
S03R {"authority_install_error_m":0.0,"entity":2,"event":"apply","pose":{"control":1,"durable":2,"entity":2,"last_input_tick":208,"position":[7.00000190734863,0.00100005290005356,10.083348274231],"receipt_ms":3949,"sequence":208,"tick":252,"velocity":[0.0,0.0,0.0],"yaw":0.0},"position":[6.83333492279053,0.00100005290005356,10.083348274231],"time_ms":3968,"wall_ms":1791532980616.0,"yaw":1.57079637050629}
S03R {"event":"prediction","history_size":4,"position":[6.75000143051147,0.00100005290005356,10.083348274231],"predicted_tick":212,"role":"client","tick":212,"time_ms":3970,"wall_ms":1791532980618.0,"yaw":1.57079637050629}
S03R {"event":"prediction","history_size":5,"position":[6.66666793823242,0.00100005290005356,10.083348274231],"predicted_tick":213,"role":"client","tick":213,"time_ms":3975,"wall_ms":1791532980624.0,"yaw":1.57079637050629}
S03R {"aim_yaw":1.5707963267949,"event":"input_send","index":8,"move":[-1.0,0.0],"role":"client","sample_ticks_ms":3989,"sample_wall_ms":1791532980638.0,"send_ticks_ms":3989,"send_wall_ms":1791532980638.0,"sequence":214,"time_ms":3989,"wall_ms":1791532980638.0}
S03R {"event":"prediction","history_size":6,"position":[6.58333444595337,0.00100005290005356,10.083348274231],"predicted_tick":214,"role":"client","tick":214,"time_ms":4001,"wall_ms":1791532980649.0,"yaw":1.57079637050629}
S03R {"event":"prediction","history_size":7,"position":[6.50000095367432,0.00100005290005356,10.083348274231],"predicted_tick":215,"role":"client","tick":215,"time_ms":4007,"wall_ms":1791532980656.0,"yaw":1.57079637050629}
S03R {"aim_yaw":1.5707963267949,"event":"input_send","index":8,"move":[-1.0,0.0],"role":"client","sample_ticks_ms":4028,"sample_wall_ms":1791532980676.0,"send_ticks_ms":4028,"send_wall_ms":1791532980676.0,"sequence":216,"time_ms":4028,"wall_ms":1791532980676.0}
S03R {"event":"prediction","history_size":8,"position":[6.41666746139526,0.00100005290005356,10.083348274231],"predicted_tick":216,"role":"client","tick":216,"time_ms":4032,"wall_ms":1791532980680.0,"yaw":1.57079637050629}
S03R {"event":"prediction","history_size":9,"position":[6.33333396911621,0.00100005290005356,10.083348274231],"predicted_tick":217,"role":"client","tick":217,"time_ms":4042,"wall_ms":1791532980690.0,"yaw":1.57079637050629}
S03R {"event":"state_receive","role":"client","rows":[{"entity":1,"sequence":217,"tick":258},{"entity":2,"sequence":214,"tick":258}],"time_ms":4045,"wall_ms":1791532980694.0}
S03R {"aim_yaw":1.5707963267949,"event":"input_send","index":8,"move":[-1.0,0.0],"role":"client","sample_ticks_ms":4056,"sample_wall_ms":1791532980704.0,"send_ticks_ms":4056,"send_wall_ms":1791532980704.0,"sequence":218,"time_ms":4056,"wall_ms":1791532980704.0}
S03R {"authority_install_error_m":0.0,"entity":1,"event":"apply","pose":{"control":1,"durable":2,"entity":1,"last_input_tick":217,"position":[0.0,0.00100011611357331,10.9999923706055],"receipt_ms":4045,"sequence":217,"tick":258,"velocity":[0.0,0.0,0.0],"yaw":0.0},"position":[0.0,0.00100011611357331,10.9999923706055],"time_ms":4059,"wall_ms":1791532980707.0,"yaw":0.0}
S03R {"ack_input_tick":214,"cause":"none","correction_m":0.0,"correction_yaw_deg":0.0,"event":"correction","history_exhausted":false,"replay_frames":3,"replay_usec":55,"role":"client","tick":218,"time_ms":4061,"wall_ms":1791532980709.0}
S03R {"authority_install_error_m":0.0,"entity":2,"event":"apply","pose":{"control":1,"durable":2,"entity":2,"last_input_tick":214,"position":[6.58333444595337,0.00100005290005356,10.083348274231],"receipt_ms":4045,"sequence":214,"tick":258,"velocity":[-5.0,0.0,0.0],"yaw":1.57079637050629},"position":[6.33333396911621,0.00100005290005356,10.083348274231],"time_ms":4063,"wall_ms":1791532980712.0,"yaw":1.57079637050629}
S03R {"event":"prediction","history_size":4,"position":[6.25000047683716,0.00100005290005356,10.083348274231],"predicted_tick":218,"role":"client","tick":218,"time_ms":4066,"wall_ms":1791532980714.0,"yaw":1.57079637050629}
S03R {"event":"prediction","history_size":5,"position":[6.16666698455811,0.00100005290005356,10.083348274231],"predicted_tick":219,"role":"client","tick":219,"time_ms":4070,"wall_ms":1791532980719.0,"yaw":1.57079637050629}
S03R {"aim_yaw":1.5707963267949,"event":"input_send","index":8,"move":[-1.0,0.0],"role":"client","sample_ticks_ms":4091,"sample_wall_ms":1791532980738.0,"send_ticks_ms":4091,"send_wall_ms":1791532980740.0,"sequence":220,"time_ms":4091,"wall_ms":1791532980740.0}
S03R {"event":"prediction","history_size":6,"position":[6.08333349227905,0.00100005290005356,10.083348274231],"predicted_tick":220,"role":"client","tick":220,"time_ms":4094,"wall_ms":1791532980741.0,"yaw":1.57079637050629}
S03R {"event":"state_receive","role":"client","rows":[{"entity":1,"sequence":220,"tick":261},{"entity":2,"sequence":217,"tick":261}],"time_ms":4099,"wall_ms":1791532980747.0}
S03R {"authority_install_error_m":0.0,"entity":1,"event":"apply","pose":{"control":1,"durable":2,"entity":1,"last_input_tick":220,"position":[0.0,0.00100011611357331,10.9999923706055],"receipt_ms":4099,"sequence":220,"tick":261,"velocity":[0.0,0.0,0.0],"yaw":0.0},"position":[0.0,0.00100011611357331,10.9999923706055],"time_ms":4105,"wall_ms":1791532980753.0,"yaw":0.0}
S03R {"ack_input_tick":217,"cause":"none","correction_m":0.0,"correction_yaw_deg":0.0,"event":"correction","history_exhausted":false,"replay_frames":3,"replay_usec":94,"role":"client","tick":221,"time_ms":4108,"wall_ms":1791532980756.0}
S03R {"authority_install_error_m":0.0,"entity":2,"event":"apply","pose":{"control":1,"durable":2,"entity":2,"last_input_tick":217,"position":[6.33333396911621,0.00100005290005356,10.083348274231],"receipt_ms":4099,"sequence":217,"tick":261,"velocity":[-5.0,0.0,0.0],"yaw":1.57079637050629},"position":[6.08333349227905,0.00100005290005356,10.083348274231],"time_ms":4112,"wall_ms":1791532980760.0,"yaw":1.57079637050629}
S03R {"event":"prediction","history_size":4,"position":[6.0,0.00100005290005356,10.083348274231],"predicted_tick":221,"role":"client","tick":221,"time_ms":4115,"wall_ms":1791532980764.0,"yaw":1.57079637050629}
S03R {"aim_yaw":0.0,"event":"keys","move":[0.0,0.0],"role":"client","tick":222,"time_ms":4120,"wall_ms":1791532980768.0}
S03R {"event":"prediction","history_size":5,"position":[6.0,0.00100005290005356,10.083348274231],"predicted_tick":222,"role":"client","tick":222,"time_ms":4125,"wall_ms":1791532980773.0,"yaw":0.0}
S03R {"event":"prediction","history_size":6,"position":[6.0,0.00100005290005356,10.083348274231],"predicted_tick":223,"role":"client","tick":223,"time_ms":4141,"wall_ms":1791532980789.0,"yaw":0.0}
S03R {"event":"state_receive","role":"client","rows":[{"entity":1,"sequence":223,"tick":264},{"entity":2,"sequence":220,"tick":264}],"time_ms":4146,"wall_ms":1791532980794.0}
S03R {"authority_install_error_m":0.0,"entity":1,"event":"apply","pose":{"control":1,"durable":2,"entity":1,"last_input_tick":223,"position":[0.0,0.00100011611357331,10.9999923706055],"receipt_ms":4146,"sequence":223,"tick":264,"velocity":[0.0,0.0,0.0],"yaw":0.0},"position":[0.0,0.00100011611357331,10.9999923706055],"time_ms":4155,"wall_ms":1791532980803.0,"yaw":0.0}
S03R {"ack_input_tick":220,"cause":"none","correction_m":0.0,"correction_yaw_deg":0.0,"event":"correction","history_exhausted":false,"replay_frames":3,"replay_usec":86,"role":"client","tick":224,"time_ms":4158,"wall_ms":1791532980805.0}
S03R {"authority_install_error_m":0.0,"entity":2,"event":"apply","pose":{"control":1,"durable":2,"entity":2,"last_input_tick":220,"position":[6.08333349227905,0.00100005290005356,10.083348274231],"receipt_ms":4146,"sequence":220,"tick":264,"velocity":[-5.0,0.0,0.0],"yaw":1.57079637050629},"position":[6.0,0.00100005290005356,10.083348274231],"time_ms":4160,"wall_ms":1791532980808.0,"yaw":0.0}
S03R {"event":"prediction","history_size":4,"position":[6.0,0.00100005290005356,10.083348274231],"predicted_tick":224,"role":"client","tick":224,"time_ms":4162,"wall_ms":1791532980809.0,"yaw":0.0}
S03R {"event":"prediction","history_size":5,"position":[6.0,0.00100005290005356,10.083348274231],"predicted_tick":225,"role":"client","tick":225,"time_ms":4169,"wall_ms":1791532980817.0,"yaw":0.0}
S03R {"event":"prediction","history_size":6,"position":[6.0,0.00100005290005356,10.083348274231],"predicted_tick":226,"role":"client","tick":226,"time_ms":4190,"wall_ms":1791532980838.0,"yaw":0.0}
S03R {"event":"state_receive","role":"client","rows":[{"entity":1,"sequence":226,"tick":267},{"entity":2,"sequence":223,"tick":267}],"time_ms":4194,"wall_ms":1791532980842.0}
S03R {"authority_install_error_m":0.0,"entity":1,"event":"apply","pose":{"control":1,"durable":2,"entity":1,"last_input_tick":226,"position":[0.0,0.00100011611357331,10.9999923706055],"receipt_ms":4194,"sequence":226,"tick":267,"velocity":[0.0,0.0,0.0],"yaw":0.0},"position":[0.0,0.00100011611357331,10.9999923706055],"time_ms":4203,"wall_ms":1791532980852.0,"yaw":0.0}
S03R {"ack_input_tick":223,"cause":"none","correction_m":0.0,"correction_yaw_deg":0.0,"event":"correction","history_exhausted":false,"replay_frames":3,"replay_usec":58,"role":"client","tick":227,"time_ms":4206,"wall_ms":1791532980853.0}
S03R {"authority_install_error_m":0.0,"entity":2,"event":"apply","pose":{"control":1,"durable":2,"entity":2,"last_input_tick":223,"position":[6.0,0.00100005290005356,10.083348274231],"receipt_ms":4194,"sequence":223,"tick":267,"velocity":[0.0,0.0,0.0],"yaw":0.0},"position":[6.0,0.00100005290005356,10.083348274231],"time_ms":4210,"wall_ms":1791532980858.0,"yaw":0.0}
S03R {"event":"prediction","history_size":4,"position":[6.0,0.00100005290005356,10.083348274231],"predicted_tick":227,"role":"client","tick":227,"time_ms":4214,"wall_ms":1791532980862.0,"yaw":0.0}
S03R {"event":"prediction","history_size":5,"position":[6.0,0.00100005290005356,10.083348274231],"predicted_tick":228,"role":"client","tick":228,"time_ms":4218,"wall_ms":1791532980866.0,"yaw":0.0}
S03R {"event":"prediction","history_size":6,"position":[6.0,0.00100005290005356,10.083348274231],"predicted_tick":229,"role":"client","tick":229,"time_ms":4238,"wall_ms":1791532980886.0,"yaw":0.0}
S03R {"event":"prediction","history_size":7,"position":[6.0,0.00100005290005356,10.083348274231],"predicted_tick":230,"role":"client","tick":230,"time_ms":4252,"wall_ms":1791532980900.0,"yaw":0.0}
S03R {"event":"state_receive","role":"client","rows":[{"entity":1,"sequence":229,"tick":270},{"entity":2,"sequence":226,"tick":270}],"time_ms":4255,"wall_ms":1791532980903.0}
S03R {"authority_install_error_m":0.0,"entity":1,"event":"apply","pose":{"control":1,"durable":2,"entity":1,"last_input_tick":229,"position":[0.0,0.00100011611357331,10.9999923706055],"receipt_ms":4255,"sequence":229,"tick":270,"velocity":[0.0,0.0,0.0],"yaw":0.0},"position":[0.0,0.00100011611357331,10.9999923706055],"time_ms":4266,"wall_ms":1791532980914.0,"yaw":0.0}
S03R {"ack_input_tick":226,"cause":"none","correction_m":0.0,"correction_yaw_deg":0.0,"event":"correction","history_exhausted":false,"replay_frames":4,"replay_usec":115,"role":"client","tick":231,"time_ms":4268,"wall_ms":1791532980916.0}
S03R {"authority_install_error_m":0.0,"entity":2,"event":"apply","pose":{"control":1,"durable":2,"entity":2,"last_input_tick":226,"position":[6.0,0.00100005290005356,10.083348274231],"receipt_ms":4255,"sequence":226,"tick":270,"velocity":[0.0,0.0,0.0],"yaw":0.0},"position":[6.0,0.00100005290005356,10.083348274231],"time_ms":4271,"wall_ms":1791532980919.0,"yaw":0.0}
S03R {"event":"prediction","history_size":5,"position":[6.0,0.00100005290005356,10.083348274231],"predicted_tick":231,"role":"client","tick":231,"time_ms":4274,"wall_ms":1791532980922.0,"yaw":0.0}
S03R {"event":"prediction","history_size":6,"position":[6.0,0.00100005290005356,10.083348274231],"predicted_tick":232,"role":"client","tick":232,"time_ms":4287,"wall_ms":1791532980934.0,"yaw":0.0}
S03R {"event":"prediction","history_size":7,"position":[6.0,0.00100005290005356,10.083348274231],"predicted_tick":233,"role":"client","tick":233,"time_ms":4300,"wall_ms":1791532980949.0,"yaw":0.0}
S03R {"event":"state_receive","role":"client","rows":[{"entity":1,"sequence":232,"tick":273},{"entity":2,"sequence":229,"tick":273}],"time_ms":4304,"wall_ms":1791532980952.0}
S03R {"authority_install_error_m":0.0,"entity":1,"event":"apply","pose":{"control":1,"durable":2,"entity":1,"last_input_tick":232,"position":[0.0,0.00100011611357331,10.9999923706055],"receipt_ms":4304,"sequence":232,"tick":273,"velocity":[0.0,0.0,0.0],"yaw":0.0},"position":[0.0,0.00100011611357331,10.9999923706055],"time_ms":4314,"wall_ms":1791532980963.0,"yaw":0.0}
S03R {"ack_input_tick":229,"cause":"none","correction_m":0.0,"correction_yaw_deg":0.0,"event":"correction","history_exhausted":false,"replay_frames":4,"replay_usec":53,"role":"client","tick":234,"time_ms":4317,"wall_ms":1791532980965.0}
S03R {"authority_install_error_m":0.0,"entity":2,"event":"apply","pose":{"control":1,"durable":2,"entity":2,"last_input_tick":229,"position":[6.0,0.00100005290005356,10.083348274231],"receipt_ms":4304,"sequence":229,"tick":273,"velocity":[0.0,0.0,0.0],"yaw":0.0},"position":[6.0,0.00100005290005356,10.083348274231],"time_ms":4319,"wall_ms":1791532980967.0,"yaw":0.0}
S03R {"event":"prediction","history_size":5,"position":[6.0,0.00100005290005356,10.083348274231],"predicted_tick":234,"role":"client","tick":234,"time_ms":4322,"wall_ms":1791532980969.0,"yaw":0.0}
S03R {"event":"prediction","history_size":6,"position":[6.0,0.00100005290005356,10.083348274231],"predicted_tick":235,"role":"client","tick":235,"time_ms":4335,"wall_ms":1791532980983.0,"yaw":0.0}
S03R {"event":"prediction","history_size":7,"position":[6.0,0.00100005290005356,10.083348274231],"predicted_tick":236,"role":"client","tick":236,"time_ms":4349,"wall_ms":1791532980997.0,"yaw":0.0}
S03R {"event":"state_receive","role":"client","rows":[{"entity":1,"sequence":235,"tick":276},{"entity":2,"sequence":232,"tick":276}],"time_ms":4352,"wall_ms":1791532981000.0}
S03R {"authority_install_error_m":0.0,"entity":1,"event":"apply","pose":{"control":1,"durable":2,"entity":1,"last_input_tick":235,"position":[0.0,0.00100011611357331,10.9999923706055],"receipt_ms":4352,"sequence":235,"tick":276,"velocity":[0.0,0.0,0.0],"yaw":0.0},"position":[0.0,0.00100011611357331,10.9999923706055],"time_ms":4362,"wall_ms":1791532981010.0,"yaw":0.0}
S03R {"ack_input_tick":232,"cause":"none","correction_m":0.0,"correction_yaw_deg":0.0,"event":"correction","history_exhausted":false,"replay_frames":4,"replay_usec":57,"role":"client","tick":237,"time_ms":4365,"wall_ms":1791532981013.0}
S03R {"authority_install_error_m":0.0,"entity":2,"event":"apply","pose":{"control":1,"durable":2,"entity":2,"last_input_tick":232,"position":[6.0,0.00100005290005356,10.083348274231],"receipt_ms":4352,"sequence":232,"tick":276,"velocity":[0.0,0.0,0.0],"yaw":0.0},"position":[6.0,0.00100005290005356,10.083348274231],"time_ms":4367,"wall_ms":1791532981015.0,"yaw":0.0}
S03R {"event":"prediction","history_size":5,"position":[6.0,0.00100005290005356,10.083348274231],"predicted_tick":237,"role":"client","tick":237,"time_ms":4370,"wall_ms":1791532981018.0,"yaw":0.0}
S03R {"event":"prediction","history_size":6,"position":[6.0,0.00100005290005356,10.083348274231],"predicted_tick":238,"role":"client","tick":238,"time_ms":4383,"wall_ms":1791532981032.0,"yaw":0.0}
S03R {"event":"prediction","history_size":7,"position":[6.0,0.00100005290005356,10.083348274231],"predicted_tick":239,"role":"client","tick":239,"time_ms":4397,"wall_ms":1791532981046.0,"yaw":0.0}
S03R {"event":"state_receive","role":"client","rows":[{"entity":1,"sequence":238,"tick":279},{"entity":2,"sequence":235,"tick":279}],"time_ms":4401,"wall_ms":1791532981049.0}
S03R {"aim_yaw":0.0,"event":"input","index":9,"move":[0.0,-1.0],"position":[6.0,0.00100005290005356,10.083348274231],"role":"client","sequence_floor":240,"tick":240,"time_ms":4418,"wall_ms":1791532981066.0,"yaw":0.0}
S03R {"aim_yaw":0.0,"event":"keys","move":[0.0,-1.0],"role":"client","tick":240,"time_ms":4420,"wall_ms":1791532981068.0}
S03R {"aim_yaw":0.0,"event":"input_send","index":9,"move":[0.0,-1.0],"role":"client","sample_ticks_ms":4422,"sample_wall_ms":1791532981071.0,"send_ticks_ms":4423,"send_wall_ms":1791532981071.0,"sequence":240,"time_ms":4423,"wall_ms":1791532981071.0}
S03R {"authority_install_error_m":0.0,"entity":1,"event":"apply","pose":{"control":1,"durable":2,"entity":1,"last_input_tick":238,"position":[0.0,0.00100011611357331,10.9999923706055],"receipt_ms":4401,"sequence":238,"tick":279,"velocity":[0.0,0.0,0.0],"yaw":0.0},"position":[0.0,0.00100011611357331,10.9999923706055],"time_ms":4425,"wall_ms":1791532981073.0,"yaw":0.0}
S03R {"ack_input_tick":235,"cause":"none","correction_m":0.0,"correction_yaw_deg":0.0,"event":"correction","history_exhausted":false,"replay_frames":4,"replay_usec":59,"role":"client","tick":240,"time_ms":4428,"wall_ms":1791532981076.0}
S03R {"authority_install_error_m":0.0,"entity":2,"event":"apply","pose":{"control":1,"durable":2,"entity":2,"last_input_tick":235,"position":[6.0,0.00100005290005356,10.083348274231],"receipt_ms":4401,"sequence":235,"tick":279,"velocity":[0.0,0.0,0.0],"yaw":0.0},"position":[6.0,0.00100005290005356,10.083348274231],"time_ms":4433,"wall_ms":1791532981081.0,"yaw":0.0}
S03R {"event":"prediction","history_size":5,"position":[6.0,0.00100005290005356,10.0000152587891],"predicted_tick":240,"role":"client","tick":240,"time_ms":4438,"wall_ms":1791532981085.0,"yaw":0.0}
S03R {"event":"prediction","history_size":6,"position":[6.0,0.00100005290005356,9.91668224334717],"predicted_tick":241,"role":"client","tick":241,"time_ms":4443,"wall_ms":1791532981091.0,"yaw":0.0}
S03R {"aim_yaw":0.0,"event":"input_send","index":9,"move":[0.0,-1.0],"role":"client","sample_ticks_ms":4456,"sample_wall_ms":1791532981104.0,"send_ticks_ms":4457,"send_wall_ms":1791532981104.0,"sequence":242,"time_ms":4457,"wall_ms":1791532981104.0}
S03R {"event":"prediction","history_size":7,"position":[6.0,0.00100005290005356,9.83334922790527],"predicted_tick":242,"role":"client","tick":242,"time_ms":4459,"wall_ms":1791532981107.0,"yaw":0.0}
S03R {"event":"state_receive","role":"client","rows":[{"entity":1,"sequence":241,"tick":282},{"entity":2,"sequence":238,"tick":282}],"time_ms":4462,"wall_ms":1791532981110.0}
S03R {"authority_install_error_m":0.0,"entity":1,"event":"apply","pose":{"control":1,"durable":2,"entity":1,"last_input_tick":241,"position":[0.0,0.00100011611357331,10.9999923706055],"receipt_ms":4462,"sequence":241,"tick":282,"velocity":[0.0,0.0,0.0],"yaw":0.0},"position":[0.0,0.00100011611357331,10.9999923706055],"time_ms":4477,"wall_ms":1791532981125.0,"yaw":0.0}
S03R {"ack_input_tick":238,"cause":"none","correction_m":0.0,"correction_yaw_deg":0.0,"event":"correction","history_exhausted":false,"replay_frames":4,"replay_usec":60,"role":"client","tick":243,"time_ms":4480,"wall_ms":1791532981128.0}
S03R {"authority_install_error_m":0.0,"entity":2,"event":"apply","pose":{"control":1,"durable":2,"entity":2,"last_input_tick":238,"position":[6.0,0.00100005290005356,10.083348274231],"receipt_ms":4462,"sequence":238,"tick":282,"velocity":[0.0,0.0,0.0],"yaw":0.0},"position":[6.0,0.00100005290005356,9.83334922790527],"time_ms":4484,"wall_ms":1791532981133.0,"yaw":0.0}
S03R {"event":"prediction","history_size":5,"position":[6.0,0.00100005290005356,9.75001621246338],"predicted_tick":243,"role":"client","tick":243,"time_ms":4488,"wall_ms":1791532981136.0,"yaw":0.0}
S03R {"aim_yaw":0.0,"event":"input_send","index":9,"move":[0.0,-1.0],"role":"client","sample_ticks_ms":4491,"sample_wall_ms":1791532981139.0,"send_ticks_ms":4491,"send_wall_ms":1791532981140.0,"sequence":244,"time_ms":4491,"wall_ms":1791532981140.0}
S03R {"event":"prediction","history_size":6,"position":[6.0,0.00100005290005356,9.66668319702148],"predicted_tick":244,"role":"client","tick":244,"time_ms":4494,"wall_ms":1791532981142.0,"yaw":0.0}
S03R {"event":"prediction","history_size":7,"position":[6.0,0.00100005290005356,9.58335018157959],"predicted_tick":245,"role":"client","tick":245,"time_ms":4505,"wall_ms":1791532981153.0,"yaw":0.0}
S03R {"event":"state_receive","role":"client","rows":[{"entity":1,"sequence":244,"tick":285},{"entity":2,"sequence":241,"tick":285}],"time_ms":4510,"wall_ms":1791532981158.0}
S03R {"aim_yaw":0.0,"event":"input_send","index":9,"move":[0.0,-1.0],"role":"client","sample_ticks_ms":4526,"sample_wall_ms":1791532981174.0,"send_ticks_ms":4526,"send_wall_ms":1791532981174.0,"sequence":246,"time_ms":4526,"wall_ms":1791532981174.0}
S03R {"authority_install_error_m":0.0,"entity":1,"event":"apply","pose":{"control":1,"durable":2,"entity":1,"last_input_tick":244,"position":[0.0,0.00100011611357331,10.9999923706055],"receipt_ms":4510,"sequence":244,"tick":285,"velocity":[0.0,0.0,0.0],"yaw":0.0},"position":[0.0,0.00100011611357331,10.9999923706055],"time_ms":4529,"wall_ms":1791532981177.0,"yaw":0.0}
S03R {"ack_input_tick":241,"cause":"none","correction_m":0.0,"correction_yaw_deg":0.0,"event":"correction","history_exhausted":false,"replay_frames":4,"replay_usec":73,"role":"client","tick":246,"time_ms":4535,"wall_ms":1791532981184.0}
S03R {"authority_install_error_m":0.0,"entity":2,"event":"apply","pose":{"control":1,"durable":2,"entity":2,"last_input_tick":241,"position":[6.0,0.00100005290005356,9.91668224334717],"receipt_ms":4510,"sequence":241,"tick":285,"velocity":[0.0,0.0,-5.0],"yaw":0.0},"position":[6.0,0.00100005290005356,9.58335018157959],"time_ms":4540,"wall_ms":1791532981188.0,"yaw":0.0}
S03R {"event":"prediction","history_size":5,"position":[6.0,0.00100005290005356,9.5000171661377],"predicted_tick":246,"role":"client","tick":246,"time_ms":4542,"wall_ms":1791532981190.0,"yaw":0.0}
S03R {"event":"prediction","history_size":6,"position":[6.0,0.00100005290005356,9.4166841506958],"predicted_tick":247,"role":"client","tick":247,"time_ms":4545,"wall_ms":1791532981193.0,"yaw":0.0}
S03R {"aim_yaw":0.0,"event":"input_send","index":9,"move":[0.0,-1.0],"role":"client","sample_ticks_ms":4552,"sample_wall_ms":1791532981200.0,"send_ticks_ms":4552,"send_wall_ms":1791532981200.0,"sequence":248,"time_ms":4552,"wall_ms":1791532981200.0}
S03R {"event":"prediction","history_size":7,"position":[6.0,0.00100005290005356,9.33335113525391],"predicted_tick":248,"role":"client","tick":248,"time_ms":4556,"wall_ms":1791532981205.0,"yaw":0.0}
S03R {"event":"state_receive","role":"client","rows":[{"entity":1,"sequence":247,"tick":288},{"entity":2,"sequence":244,"tick":288}],"time_ms":4561,"wall_ms":1791532981209.0}
S03R {"authority_install_error_m":0.0,"entity":1,"event":"apply","pose":{"control":1,"durable":2,"entity":1,"last_input_tick":247,"position":[0.0,0.00100011611357331,10.9999923706055],"receipt_ms":4561,"sequence":247,"tick":288,"velocity":[0.0,0.0,0.0],"yaw":0.0},"position":[0.0,0.00100011611357331,10.9999923706055],"time_ms":4566,"wall_ms":1791532981215.0,"yaw":0.0}
S03R {"ack_input_tick":244,"cause":"none","correction_m":0.0,"correction_yaw_deg":0.0,"event":"correction","history_exhausted":false,"replay_frames":4,"replay_usec":65,"role":"client","tick":249,"time_ms":4570,"wall_ms":1791532981218.0}
S03R {"authority_install_error_m":0.0,"entity":2,"event":"apply","pose":{"control":1,"durable":2,"entity":2,"last_input_tick":244,"position":[6.0,0.00100005290005356,9.66668319702148],"receipt_ms":4561,"sequence":244,"tick":288,"velocity":[0.0,0.0,-5.0],"yaw":0.0},"position":[6.0,0.00100005290005356,9.33335113525391],"time_ms":4572,"wall_ms":1791532981220.0,"yaw":0.0}
S03R {"event":"prediction","history_size":5,"position":[6.0,0.00100005290005356,9.25001811981201],"predicted_tick":249,"role":"client","tick":249,"time_ms":4575,"wall_ms":1791532981223.0,"yaw":0.0}
S03R {"aim_yaw":0.0,"event":"input_send","index":9,"move":[0.0,-1.0],"role":"client","sample_ticks_ms":4580,"sample_wall_ms":1791532981228.0,"send_ticks_ms":4580,"send_wall_ms":1791532981228.0,"sequence":250,"time_ms":4580,"wall_ms":1791532981228.0}
S03R {"event":"prediction","history_size":6,"position":[6.0,0.00100005290005356,9.16668510437012],"predicted_tick":250,"role":"client","tick":250,"time_ms":4584,"wall_ms":1791532981232.0,"yaw":0.0}
S03R {"event":"prediction","history_size":7,"position":[6.0,0.00100005290005356,9.08335208892822],"predicted_tick":251,"role":"client","tick":251,"time_ms":4601,"wall_ms":1791532981249.0,"yaw":0.0}
S03R {"event":"state_receive","role":"client","rows":[{"entity":1,"sequence":250,"tick":291},{"entity":2,"sequence":247,"tick":291}],"time_ms":4605,"wall_ms":1791532981254.0}
S03R {"aim_yaw":0.0,"event":"keys","move":[0.0,0.0],"role":"client","tick":252,"time_ms":4614,"wall_ms":1791532981263.0}
S03R {"authority_install_error_m":0.0,"entity":1,"event":"apply","pose":{"control":1,"durable":2,"entity":1,"last_input_tick":250,"position":[0.0,0.00100011611357331,10.9999923706055],"receipt_ms":4605,"sequence":250,"tick":291,"velocity":[0.0,0.0,0.0],"yaw":0.0},"position":[0.0,0.00100011611357331,10.9999923706055],"time_ms":4617,"wall_ms":1791532981265.0,"yaw":0.0}
S03R {"ack_input_tick":247,"cause":"none","correction_m":0.0,"correction_yaw_deg":0.0,"event":"correction","history_exhausted":false,"replay_frames":4,"replay_usec":67,"role":"client","tick":252,"time_ms":4619,"wall_ms":1791532981267.0}
S03R {"authority_install_error_m":0.0,"entity":2,"event":"apply","pose":{"control":1,"durable":2,"entity":2,"last_input_tick":247,"position":[6.0,0.00100005290005356,9.4166841506958],"receipt_ms":4605,"sequence":247,"tick":291,"velocity":[0.0,0.0,-5.0],"yaw":0.0},"position":[6.0,0.00100005290005356,9.08335208892822],"time_ms":4622,"wall_ms":1791532981270.0,"yaw":0.0}
S03R {"event":"prediction","history_size":5,"position":[6.0,0.00100005290005356,9.08335208892822],"predicted_tick":252,"role":"client","tick":252,"time_ms":4626,"wall_ms":1791532981273.0,"yaw":0.0}
S03R {"event":"prediction","history_size":6,"position":[6.0,0.00100005290005356,9.08335208892822],"predicted_tick":253,"role":"client","tick":253,"time_ms":4629,"wall_ms":1791532981276.0,"yaw":0.0}
S03R {"event":"prediction","history_size":7,"position":[6.0,0.00100005290005356,9.08335208892822],"predicted_tick":254,"role":"client","tick":254,"time_ms":4650,"wall_ms":1791532981298.0,"yaw":0.0}
S03R {"event":"state_receive","role":"client","rows":[{"entity":1,"sequence":253,"tick":294},{"entity":2,"sequence":250,"tick":294}],"time_ms":4654,"wall_ms":1791532981302.0}
S03R {"authority_install_error_m":0.0,"entity":1,"event":"apply","pose":{"control":1,"durable":2,"entity":1,"last_input_tick":253,"position":[0.0,0.00100011611357331,10.9999923706055],"receipt_ms":4654,"sequence":253,"tick":294,"velocity":[0.0,0.0,0.0],"yaw":0.0},"position":[0.0,0.00100011611357331,10.9999923706055],"time_ms":4663,"wall_ms":1791532981312.0,"yaw":0.0}
S03R {"ack_input_tick":250,"cause":"none","correction_m":0.0,"correction_yaw_deg":0.0,"event":"correction","history_exhausted":false,"replay_frames":4,"replay_usec":72,"role":"client","tick":255,"time_ms":4666,"wall_ms":1791532981314.0}
S03R {"authority_install_error_m":0.0,"entity":2,"event":"apply","pose":{"control":1,"durable":2,"entity":2,"last_input_tick":250,"position":[6.0,0.00100005290005356,9.16668510437012],"receipt_ms":4654,"sequence":250,"tick":294,"velocity":[0.0,0.0,-5.0],"yaw":0.0},"position":[6.0,0.00100005290005356,9.08335208892822],"time_ms":4668,"wall_ms":1791532981317.0,"yaw":0.0}
S03R {"event":"prediction","history_size":5,"position":[6.0,0.00100005290005356,9.08335208892822],"predicted_tick":255,"role":"client","tick":255,"time_ms":4671,"wall_ms":1791532981319.0,"yaw":0.0}
S03R {"event":"prediction","history_size":6,"position":[6.0,0.00100005290005356,9.08335208892822],"predicted_tick":256,"role":"client","tick":256,"time_ms":4684,"wall_ms":1791532981332.0,"yaw":0.0}
S03R {"event":"prediction","history_size":7,"position":[6.0,0.00100005290005356,9.08335208892822],"predicted_tick":257,"role":"client","tick":257,"time_ms":4698,"wall_ms":1791532981346.0,"yaw":0.0}
S03R {"event":"prediction","history_size":8,"position":[6.0,0.00100005290005356,9.08335208892822],"predicted_tick":258,"role":"client","tick":258,"time_ms":4712,"wall_ms":1791532981360.0,"yaw":0.0}
S03R {"event":"state_receive","role":"client","rows":[{"entity":1,"sequence":256,"tick":297},{"entity":2,"sequence":253,"tick":297}],"time_ms":4718,"wall_ms":1791532981366.0}
S03R {"authority_install_error_m":0.0,"entity":1,"event":"apply","pose":{"control":1,"durable":2,"entity":1,"last_input_tick":256,"position":[0.0,0.00100011611357331,10.9999923706055],"receipt_ms":4718,"sequence":256,"tick":297,"velocity":[0.0,0.0,0.0],"yaw":0.0},"position":[0.0,0.00100011611357331,10.9999923706055],"time_ms":4732,"wall_ms":1791532981381.0,"yaw":0.0}
S03R {"ack_input_tick":253,"cause":"none","correction_m":0.0,"correction_yaw_deg":0.0,"event":"correction","history_exhausted":false,"replay_frames":5,"replay_usec":69,"role":"client","tick":259,"time_ms":4739,"wall_ms":1791532981387.0}
S03R {"authority_install_error_m":0.0,"entity":2,"event":"apply","pose":{"control":1,"durable":2,"entity":2,"last_input_tick":253,"position":[6.0,0.00100005290005356,9.08335208892822],"receipt_ms":4718,"sequence":253,"tick":297,"velocity":[0.0,0.0,0.0],"yaw":0.0},"position":[6.0,0.00100005290005356,9.08335208892822],"time_ms":4743,"wall_ms":1791532981391.0,"yaw":0.0}
S03R {"event":"prediction","history_size":6,"position":[6.0,0.00100005290005356,9.08335208892822],"predicted_tick":259,"role":"client","tick":259,"time_ms":4749,"wall_ms":1791532981397.0,"yaw":0.0}
S03R {"event":"prediction","history_size":7,"position":[6.0,0.00100005290005356,9.08335208892822],"predicted_tick":260,"role":"client","tick":260,"time_ms":4756,"wall_ms":1791532981404.0,"yaw":0.0}
S03R {"event":"state_receive","role":"client","rows":[{"entity":1,"sequence":259,"tick":300},{"entity":2,"sequence":256,"tick":300}],"time_ms":4764,"wall_ms":1791532981411.0}
S03R {"authority_install_error_m":0.0,"entity":1,"event":"apply","pose":{"control":1,"durable":2,"entity":1,"last_input_tick":259,"position":[0.0,0.00100011611357331,10.9999923706055],"receipt_ms":4764,"sequence":259,"tick":300,"velocity":[0.0,0.0,0.0],"yaw":0.0},"position":[0.0,0.00100011611357331,10.9999923706055],"time_ms":4773,"wall_ms":1791532981421.0,"yaw":0.0}
S03R {"ack_input_tick":256,"cause":"none","correction_m":0.0,"correction_yaw_deg":0.0,"event":"correction","history_exhausted":false,"replay_frames":4,"replay_usec":95,"role":"client","tick":261,"time_ms":4777,"wall_ms":1791532981425.0}
S03R {"authority_install_error_m":0.0,"entity":2,"event":"apply","pose":{"control":1,"durable":2,"entity":2,"last_input_tick":256,"position":[6.0,0.00100005290005356,9.08335208892822],"receipt_ms":4764,"sequence":256,"tick":300,"velocity":[0.0,0.0,0.0],"yaw":0.0},"position":[6.0,0.00100005290005356,9.08335208892822],"time_ms":4785,"wall_ms":1791532981433.0,"yaw":0.0}
S03R {"event":"prediction","history_size":5,"position":[6.0,0.00100005290005356,9.08335208892822],"predicted_tick":261,"role":"client","tick":261,"time_ms":4791,"wall_ms":1791532981439.0,"yaw":0.0}
S03R {"event":"prediction","history_size":6,"position":[6.0,0.00100005290005356,9.08335208892822],"predicted_tick":262,"role":"client","tick":262,"time_ms":4798,"wall_ms":1791532981445.0,"yaw":0.0}
S03R {"event":"prediction","history_size":7,"position":[6.0,0.00100005290005356,9.08335208892822],"predicted_tick":263,"role":"client","tick":263,"time_ms":4804,"wall_ms":1791532981453.0,"yaw":0.0}
S03R {"event":"prediction","history_size":8,"position":[6.0,0.00100005290005356,9.08335208892822],"predicted_tick":264,"role":"client","tick":264,"time_ms":4818,"wall_ms":1791532981466.0,"yaw":0.0}
S03R {"event":"state_receive","role":"client","rows":[{"entity":1,"sequence":262,"tick":303},{"entity":2,"sequence":259,"tick":303}],"time_ms":4823,"wall_ms":1791532981471.0}
S03R {"authority_install_error_m":0.0,"entity":1,"event":"apply","pose":{"control":1,"durable":2,"entity":1,"last_input_tick":262,"position":[0.0,0.00100011611357331,10.9999923706055],"receipt_ms":4823,"sequence":262,"tick":303,"velocity":[0.0,0.0,0.0],"yaw":0.0},"position":[0.0,0.00100011611357331,10.9999923706055],"time_ms":4832,"wall_ms":1791532981480.0,"yaw":0.0}
S03R {"ack_input_tick":259,"cause":"none","correction_m":0.0,"correction_yaw_deg":0.0,"event":"correction","history_exhausted":false,"replay_frames":5,"replay_usec":62,"role":"client","tick":265,"time_ms":4836,"wall_ms":1791532981484.0}
S03R {"authority_install_error_m":0.0,"entity":2,"event":"apply","pose":{"control":1,"durable":2,"entity":2,"last_input_tick":259,"position":[6.0,0.00100005290005356,9.08335208892822],"receipt_ms":4823,"sequence":259,"tick":303,"velocity":[0.0,0.0,0.0],"yaw":0.0},"position":[6.0,0.00100005290005356,9.08335208892822],"time_ms":4840,"wall_ms":1791532981487.0,"yaw":0.0}
S03R {"event":"prediction","history_size":6,"position":[6.0,0.00100005290005356,9.08335208892822],"predicted_tick":265,"role":"client","tick":265,"time_ms":4846,"wall_ms":1791532981495.0,"yaw":0.0}
S03R {"event":"state_receive","role":"client","rows":[{"entity":1,"sequence":265,"tick":306},{"entity":2,"sequence":262,"tick":306}],"time_ms":4853,"wall_ms":1791532981501.0}
S03R {"authority_install_error_m":0.0,"entity":1,"event":"apply","pose":{"control":1,"durable":2,"entity":1,"last_input_tick":265,"position":[0.0,0.00100011611357331,10.9999923706055],"receipt_ms":4853,"sequence":265,"tick":306,"velocity":[0.0,0.0,0.0],"yaw":0.0},"position":[0.0,0.00100011611357331,10.9999923706055],"time_ms":4856,"wall_ms":1791532981504.0,"yaw":0.0}
S03R {"ack_input_tick":262,"cause":"none","correction_m":0.0,"correction_yaw_deg":0.0,"event":"correction","history_exhausted":false,"replay_frames":3,"replay_usec":56,"role":"client","tick":266,"time_ms":4863,"wall_ms":1791532981510.0}
S03R {"authority_install_error_m":0.0,"entity":2,"event":"apply","pose":{"control":1,"durable":2,"entity":2,"last_input_tick":262,"position":[6.0,0.00100005290005356,9.08335208892822],"receipt_ms":4853,"sequence":262,"tick":306,"velocity":[0.0,0.0,0.0],"yaw":0.0},"position":[6.0,0.00100005290005356,9.08335208892822],"time_ms":4867,"wall_ms":1791532981515.0,"yaw":0.0}
S03R {"event":"prediction","history_size":4,"position":[6.0,0.00100005290005356,9.08335208892822],"predicted_tick":266,"role":"client","tick":266,"time_ms":4873,"wall_ms":1791532981521.0,"yaw":0.0}
S03R {"event":"prediction","history_size":5,"position":[6.0,0.00100005290005356,9.08335208892822],"predicted_tick":267,"role":"client","tick":267,"time_ms":4878,"wall_ms":1791532981526.0,"yaw":0.0}
S03R {"event":"prediction","history_size":6,"position":[6.0,0.00100005290005356,9.08335208892822],"predicted_tick":268,"role":"client","tick":268,"time_ms":4885,"wall_ms":1791532981532.0,"yaw":0.0}
S03R {"event":"prediction","history_size":7,"position":[6.0,0.00100005290005356,9.08335208892822],"predicted_tick":269,"role":"client","tick":269,"time_ms":4898,"wall_ms":1791532981547.0,"yaw":0.0}
S03R {"event":"state_receive","role":"client","rows":[{"entity":1,"sequence":268,"tick":309},{"entity":2,"sequence":265,"tick":309}],"time_ms":4903,"wall_ms":1791532981551.0}
S03R {"aim_yaw":-1.5707963267949,"event":"input","index":10,"move":[1.0,0.0],"position":[6.0,0.00100005290005356,9.08335208892822],"role":"client","sequence_floor":270,"tick":270,"time_ms":4912,"wall_ms":1791532981560.0,"yaw":0.0}
S03R {"aim_yaw":-1.5707963267949,"event":"keys","move":[1.0,0.0],"role":"client","tick":270,"time_ms":4915,"wall_ms":1791532981563.0}
S03R {"aim_yaw":-1.5707963267949,"event":"input_send","index":10,"move":[1.0,0.0],"role":"client","sample_ticks_ms":4919,"sample_wall_ms":1791532981566.0,"send_ticks_ms":4919,"send_wall_ms":1791532981566.0,"sequence":270,"time_ms":4919,"wall_ms":1791532981566.0}
S03R {"authority_install_error_m":0.0,"entity":1,"event":"apply","pose":{"control":1,"durable":2,"entity":1,"last_input_tick":268,"position":[0.0,0.00100011611357331,10.9999923706055],"receipt_ms":4903,"sequence":268,"tick":309,"velocity":[0.0,0.0,0.0],"yaw":0.0},"position":[0.0,0.00100011611357331,10.9999923706055],"time_ms":4923,"wall_ms":1791532981571.0,"yaw":0.0}
S03R {"ack_input_tick":265,"cause":"none","correction_m":0.0,"correction_yaw_deg":0.0,"event":"correction","history_exhausted":false,"replay_frames":4,"replay_usec":64,"role":"client","tick":270,"time_ms":4929,"wall_ms":1791532981577.0}
S03R {"authority_install_error_m":0.0,"entity":2,"event":"apply","pose":{"control":1,"durable":2,"entity":2,"last_input_tick":265,"position":[6.0,0.00100005290005356,9.08335208892822],"receipt_ms":4903,"sequence":265,"tick":309,"velocity":[0.0,0.0,0.0],"yaw":0.0},"position":[6.0,0.00100005290005356,9.08335208892822],"time_ms":4935,"wall_ms":1791532981584.0,"yaw":0.0}
S03R {"event":"prediction","history_size":5,"position":[6.08333349227905,0.00100005290005356,9.08335208892822],"predicted_tick":270,"role":"client","tick":270,"time_ms":4940,"wall_ms":1791532981588.0,"yaw":-1.57079637050629}
S03R {"event":"state_receive","role":"client","rows":[{"entity":1,"sequence":271,"tick":312},{"entity":2,"sequence":268,"tick":312}],"time_ms":4947,"wall_ms":1791532981595.0}
S03R {"authority_install_error_m":0.0,"entity":1,"event":"apply","pose":{"control":1,"durable":2,"entity":1,"last_input_tick":271,"position":[0.0,0.00100011611357331,10.9999923706055],"receipt_ms":4947,"sequence":271,"tick":312,"velocity":[0.0,0.0,0.0],"yaw":0.0},"position":[0.0,0.00100011611357331,10.9999923706055],"time_ms":4951,"wall_ms":1791532981599.0,"yaw":0.0}
S03R {"ack_input_tick":268,"cause":"none","correction_m":0.0,"correction_yaw_deg":0.0,"event":"correction","history_exhausted":false,"replay_frames":2,"replay_usec":49,"role":"client","tick":271,"time_ms":4957,"wall_ms":1791532981605.0}
S03R {"authority_install_error_m":0.0,"entity":2,"event":"apply","pose":{"control":1,"durable":2,"entity":2,"last_input_tick":268,"position":[6.0,0.00100005290005356,9.08335208892822],"receipt_ms":4947,"sequence":268,"tick":312,"velocity":[0.0,0.0,0.0],"yaw":0.0},"position":[6.08333349227905,0.00100005290005356,9.08335208892822],"time_ms":4963,"wall_ms":1791532981611.0,"yaw":-1.57079637050629}
S03R {"event":"prediction","history_size":3,"position":[6.16666698455811,0.00100005290005356,9.08335208892822],"predicted_tick":271,"role":"client","tick":271,"time_ms":4965,"wall_ms":1791532981613.0,"yaw":-1.57079637050629}
S03R {"aim_yaw":-1.5707963267949,"event":"input_send","index":10,"move":[1.0,0.0],"role":"client","sample_ticks_ms":4970,"sample_wall_ms":1791532981618.0,"send_ticks_ms":4970,"send_wall_ms":1791532981619.0,"sequence":272,"time_ms":4970,"wall_ms":1791532981619.0}
S03R {"event":"prediction","history_size":4,"position":[6.25000047683716,0.00100005290005356,9.08335208892822],"predicted_tick":272,"role":"client","tick":272,"time_ms":4974,"wall_ms":1791532981621.0,"yaw":-1.57079637050629}
S03R {"event":"prediction","history_size":5,"position":[6.33333396911621,0.00100005290005356,9.08335208892822],"predicted_tick":273,"role":"client","tick":273,"time_ms":4983,"wall_ms":1791532981631.0,"yaw":-1.57079637050629}
S03R {"aim_yaw":-1.5707963267949,"event":"input_send","index":10,"move":[1.0,0.0],"role":"client","sample_ticks_ms":4989,"sample_wall_ms":1791532981638.0,"send_ticks_ms":4990,"send_wall_ms":1791532981638.0,"sequence":274,"time_ms":4990,"wall_ms":1791532981638.0}
S03R {"event":"prediction","history_size":6,"position":[6.41666746139526,0.00100005290005356,9.08335208892822],"predicted_tick":274,"role":"client","tick":274,"time_ms":4992,"wall_ms":1791532981640.0,"yaw":-1.57079637050629}
S03R {"event":"prediction","history_size":7,"position":[6.50000095367432,0.00100005290005356,9.08335208892822],"predicted_tick":275,"role":"client","tick":275,"time_ms":5001,"wall_ms":1791532981649.0,"yaw":-1.57079637050629}
S03R {"event":"state_receive","role":"client","rows":[{"entity":1,"sequence":274,"tick":315},{"entity":2,"sequence":271,"tick":315}],"time_ms":5010,"wall_ms":1791532981658.0}
S03R {"aim_yaw":-1.5707963267949,"event":"input_send","index":10,"move":[1.0,0.0],"role":"client","sample_ticks_ms":5017,"sample_wall_ms":1791532981666.0,"send_ticks_ms":5017,"send_wall_ms":1791532981666.0,"sequence":276,"time_ms":5017,"wall_ms":1791532981666.0}
S03R {"authority_install_error_m":0.0,"entity":1,"event":"apply","pose":{"control":1,"durable":2,"entity":1,"last_input_tick":274,"position":[0.0,0.00100011611357331,10.9999923706055],"receipt_ms":5010,"sequence":274,"tick":315,"velocity":[0.0,0.0,0.0],"yaw":0.0},"position":[0.0,0.00100011611357331,10.9999923706055],"time_ms":5020,"wall_ms":1791532981669.0,"yaw":0.0}
S03R {"ack_input_tick":271,"cause":"none","correction_m":0.0,"correction_yaw_deg":0.0,"event":"correction","history_exhausted":false,"replay_frames":4,"replay_usec":54,"role":"client","tick":276,"time_ms":5025,"wall_ms":1791532981673.0}
S03R {"authority_install_error_m":0.0,"entity":2,"event":"apply","pose":{"control":1,"durable":2,"entity":2,"last_input_tick":271,"position":[6.16666698455811,0.00100005290005356,9.08335208892822],"receipt_ms":5010,"sequence":271,"tick":315,"velocity":[5.0,0.0,0.0],"yaw":-1.57079637050629},"position":[6.50000095367432,0.00100005290005356,9.08335208892822],"time_ms":5029,"wall_ms":1791532981677.0,"yaw":-1.57079637050629}
S03R {"event":"prediction","history_size":5,"position":[6.58333444595337,0.00100005290005356,9.08335208892822],"predicted_tick":276,"role":"client","tick":276,"time_ms":5033,"wall_ms":1791532981681.0,"yaw":-1.57079637050629}
S03R {"event":"prediction","history_size":6,"position":[6.66666793823242,0.00100005290005356,9.08335208892822],"predicted_tick":277,"role":"client","tick":277,"time_ms":5036,"wall_ms":1791532981684.0,"yaw":-1.57079637050629}
S03R {"aim_yaw":-1.5707963267949,"event":"input_send","index":10,"move":[1.0,0.0],"role":"client","sample_ticks_ms":5050,"sample_wall_ms":1791532981698.0,"send_ticks_ms":5050,"send_wall_ms":1791532981698.0,"sequence":278,"time_ms":5050,"wall_ms":1791532981698.0}
S03R {"event":"prediction","history_size":7,"position":[6.75000143051147,0.00100005290005356,9.08335208892822],"predicted_tick":278,"role":"client","tick":278,"time_ms":5054,"wall_ms":1791532981702.0,"yaw":-1.57079637050629}
S03R {"event":"state_receive","role":"client","rows":[{"entity":1,"sequence":277,"tick":318},{"entity":2,"sequence":274,"tick":318}],"time_ms":5059,"wall_ms":1791532981707.0}
S03R {"authority_install_error_m":0.0,"entity":1,"event":"apply","pose":{"control":1,"durable":2,"entity":1,"last_input_tick":277,"position":[0.0,0.00100011611357331,10.9999923706055],"receipt_ms":5059,"sequence":277,"tick":318,"velocity":[0.0,0.0,0.0],"yaw":0.0},"position":[0.0,0.00100011611357331,10.9999923706055],"time_ms":5064,"wall_ms":1791532981711.0,"yaw":0.0}
S03R {"ack_input_tick":274,"cause":"none","correction_m":0.0,"correction_yaw_deg":0.0,"event":"correction","history_exhausted":false,"replay_frames":4,"replay_usec":63,"role":"client","tick":279,"time_ms":5068,"wall_ms":1791532981716.0}
S03R {"authority_install_error_m":0.0,"entity":2,"event":"apply","pose":{"control":1,"durable":2,"entity":2,"last_input_tick":274,"position":[6.41666746139526,0.00100005290005356,9.08335208892822],"receipt_ms":5059,"sequence":274,"tick":318,"velocity":[5.0,0.0,0.0],"yaw":-1.57079637050629},"position":[6.75000143051147,0.00100005290005356,9.08335208892822],"time_ms":5070,"wall_ms":1791532981718.0,"yaw":-1.57079637050629}
S03R {"event":"prediction","history_size":5,"position":[6.83333492279053,0.00100005290005356,9.08335208892822],"predicted_tick":279,"role":"client","tick":279,"time_ms":5072,"wall_ms":1791532981720.0,"yaw":-1.57079637050629}
S03R {"aim_yaw":-1.5707963267949,"event":"input_send","index":10,"move":[1.0,0.0],"role":"client","sample_ticks_ms":5084,"sample_wall_ms":1791532981732.0,"send_ticks_ms":5084,"send_wall_ms":1791532981733.0,"sequence":280,"time_ms":5084,"wall_ms":1791532981733.0}
S03R {"event":"prediction","history_size":6,"position":[6.91666841506958,0.00100005290005356,9.08335208892822],"predicted_tick":280,"role":"client","tick":280,"time_ms":5087,"wall_ms":1791532981735.0,"yaw":-1.57079637050629}
S03R {"event":"prediction","history_size":7,"position":[7.00000190734863,0.00100005290005356,9.08335208892822],"predicted_tick":281,"role":"client","tick":281,"time_ms":5098,"wall_ms":1791532981746.0,"yaw":-1.57079637050629}
S03R {"event":"state_receive","role":"client","rows":[{"entity":1,"sequence":280,"tick":321},{"entity":2,"sequence":277,"tick":321}],"time_ms":5103,"wall_ms":1791532981751.0}
S03R {"aim_yaw":0.0,"event":"keys","move":[0.0,0.0],"role":"client","tick":282,"time_ms":5112,"wall_ms":1791532981760.0}
S03R {"authority_install_error_m":0.0,"entity":1,"event":"apply","pose":{"control":1,"durable":2,"entity":1,"last_input_tick":280,"position":[0.0,0.00100011611357331,10.9999923706055],"receipt_ms":5103,"sequence":280,"tick":321,"velocity":[0.0,0.0,0.0],"yaw":0.0},"position":[0.0,0.00100011611357331,10.9999923706055],"time_ms":5116,"wall_ms":1791532981764.0,"yaw":0.0}
S03R {"ack_input_tick":277,"cause":"none","correction_m":0.0,"correction_yaw_deg":0.0,"event":"correction","history_exhausted":false,"replay_frames":4,"replay_usec":67,"role":"client","tick":282,"time_ms":5118,"wall_ms":1791532981766.0}
S03R {"authority_install_error_m":0.0,"entity":2,"event":"apply","pose":{"control":1,"durable":2,"entity":2,"last_input_tick":277,"position":[6.66666793823242,0.00100005290005356,9.08335208892822],"receipt_ms":5103,"sequence":277,"tick":321,"velocity":[5.0,0.0,0.0],"yaw":-1.57079637050629},"position":[7.00000190734863,0.00100005290005356,9.08335208892822],"time_ms":5121,"wall_ms":1791532981769.0,"yaw":-1.57079637050629}
S03R {"event":"prediction","history_size":5,"position":[7.00000190734863,0.00100005290005356,9.08335208892822],"predicted_tick":282,"role":"client","tick":282,"time_ms":5123,"wall_ms":1791532981771.0,"yaw":0.0}
S03R {"event":"prediction","history_size":6,"position":[7.00000190734863,0.00100005290005356,9.08335208892822],"predicted_tick":283,"role":"client","tick":283,"time_ms":5128,"wall_ms":1791532981776.0,"yaw":0.0}
S03R {"event":"prediction","history_size":7,"position":[7.00000190734863,0.00100005290005356,9.08335208892822],"predicted_tick":284,"role":"client","tick":284,"time_ms":5149,"wall_ms":1791532981797.0,"yaw":0.0}
S03R {"event":"state_receive","role":"client","rows":[{"entity":1,"sequence":283,"tick":324},{"entity":2,"sequence":280,"tick":324}],"time_ms":5152,"wall_ms":1791532981800.0}
S03R {"authority_install_error_m":0.0,"entity":1,"event":"apply","pose":{"control":1,"durable":2,"entity":1,"last_input_tick":283,"position":[0.0,0.00100011611357331,10.9999923706055],"receipt_ms":5152,"sequence":283,"tick":324,"velocity":[0.0,0.0,0.0],"yaw":0.0},"position":[0.0,0.00100011611357331,10.9999923706055],"time_ms":5162,"wall_ms":1791532981810.0,"yaw":0.0}
S03R {"ack_input_tick":280,"cause":"none","correction_m":0.0,"correction_yaw_deg":0.0,"event":"correction","history_exhausted":false,"replay_frames":4,"replay_usec":128,"role":"client","tick":285,"time_ms":5165,"wall_ms":1791532981814.0}
S03R {"authority_install_error_m":0.0,"entity":2,"event":"apply","pose":{"control":1,"durable":2,"entity":2,"last_input_tick":280,"position":[6.91666841506958,0.00100005290005356,9.08335208892822],"receipt_ms":5152,"sequence":280,"tick":324,"velocity":[5.0,0.0,0.0],"yaw":-1.57079637050629},"position":[7.00000190734863,0.00100005290005356,9.08335208892822],"time_ms":5167,"wall_ms":1791532981816.0,"yaw":0.0}
S03R {"event":"prediction","history_size":5,"position":[7.00000190734863,0.00100005290005356,9.08335208892822],"predicted_tick":285,"role":"client","tick":285,"time_ms":5170,"wall_ms":1791532981818.0,"yaw":0.0}
S03R {"event":"prediction","history_size":6,"position":[7.00000190734863,0.00100005290005356,9.08335208892822],"predicted_tick":286,"role":"client","tick":286,"time_ms":5183,"wall_ms":1791532981832.0,"yaw":0.0}
S03R {"event":"prediction","history_size":7,"position":[7.00000190734863,0.00100005290005356,9.08335208892822],"predicted_tick":287,"role":"client","tick":287,"time_ms":5197,"wall_ms":1791532981845.0,"yaw":0.0}
S03R {"event":"state_receive","role":"client","rows":[{"entity":1,"sequence":286,"tick":327},{"entity":2,"sequence":283,"tick":327}],"time_ms":5200,"wall_ms":1791532981848.0}
S03R {"authority_install_error_m":0.0,"entity":1,"event":"apply","pose":{"control":1,"durable":2,"entity":1,"last_input_tick":286,"position":[0.0,0.00100011611357331,10.9999923706055],"receipt_ms":5200,"sequence":286,"tick":327,"velocity":[0.0,0.0,0.0],"yaw":0.0},"position":[0.0,0.00100011611357331,10.9999923706055],"time_ms":5218,"wall_ms":1791532981866.0,"yaw":0.0}
S03R {"ack_input_tick":283,"cause":"none","correction_m":0.0,"correction_yaw_deg":0.0,"event":"correction","history_exhausted":false,"replay_frames":4,"replay_usec":660,"role":"client","tick":288,"time_ms":5225,"wall_ms":1791532981873.0}
S03R {"authority_install_error_m":0.0,"entity":2,"event":"apply","pose":{"control":1,"durable":2,"entity":2,"last_input_tick":283,"position":[7.00000190734863,0.00100005290005356,9.08335208892822],"receipt_ms":5200,"sequence":283,"tick":327,"velocity":[0.0,0.0,0.0],"yaw":0.0},"position":[7.00000190734863,0.00100005290005356,9.08335208892822],"time_ms":5229,"wall_ms":1791532981877.0,"yaw":0.0}
S03R {"event":"prediction","history_size":5,"position":[7.00000190734863,0.00100005290005356,9.08335208892822],"predicted_tick":288,"role":"client","tick":288,"time_ms":5233,"wall_ms":1791532981882.0,"yaw":0.0}
S03R {"event":"prediction","history_size":6,"position":[7.00000190734863,0.00100005290005356,9.08335208892822],"predicted_tick":289,"role":"client","tick":289,"time_ms":5238,"wall_ms":1791532981886.0,"yaw":0.0}
S03R {"event":"state_receive","role":"client","rows":[{"entity":1,"sequence":289,"tick":330},{"entity":2,"sequence":286,"tick":330}],"time_ms":5252,"wall_ms":1791532981900.0}
S03R {"authority_install_error_m":0.0,"entity":1,"event":"apply","pose":{"control":1,"durable":2,"entity":1,"last_input_tick":289,"position":[0.0,0.00100011611357331,10.9999923706055],"receipt_ms":5252,"sequence":289,"tick":330,"velocity":[0.0,0.0,0.0],"yaw":0.0},"position":[0.0,0.00100011611357331,10.9999923706055],"time_ms":5259,"wall_ms":1791532981907.0,"yaw":0.0}
S03R {"ack_input_tick":286,"cause":"none","correction_m":0.0,"correction_yaw_deg":0.0,"event":"correction","history_exhausted":false,"replay_frames":3,"replay_usec":57,"role":"client","tick":290,"time_ms":5261,"wall_ms":1791532981910.0}
S03R {"authority_install_error_m":0.0,"entity":2,"event":"apply","pose":{"control":1,"durable":2,"entity":2,"last_input_tick":286,"position":[7.00000190734863,0.00100005290005356,9.08335208892822],"receipt_ms":5252,"sequence":286,"tick":330,"velocity":[0.0,0.0,0.0],"yaw":0.0},"position":[7.00000190734863,0.00100005290005356,9.08335208892822],"time_ms":5264,"wall_ms":1791532981912.0,"yaw":0.0}
S03R {"event":"prediction","history_size":4,"position":[7.00000190734863,0.00100005290005356,9.08335208892822],"predicted_tick":290,"role":"client","tick":290,"time_ms":5266,"wall_ms":1791532981914.0,"yaw":0.0}
S03R {"event":"prediction","history_size":5,"position":[7.00000190734863,0.00100005290005356,9.08335208892822],"predicted_tick":291,"role":"client","tick":291,"time_ms":5273,"wall_ms":1791532981920.0,"yaw":0.0}
S03R {"event":"prediction","history_size":6,"position":[7.00000190734863,0.00100005290005356,9.08335208892822],"predicted_tick":292,"role":"client","tick":292,"time_ms":5287,"wall_ms":1791532981935.0,"yaw":0.0}
S03R {"event":"state_receive","role":"client","rows":[{"entity":1,"sequence":292,"tick":333},{"entity":2,"sequence":289,"tick":333}],"time_ms":5300,"wall_ms":1791532981948.0}
S03R {"authority_install_error_m":0.0,"entity":1,"event":"apply","pose":{"control":1,"durable":2,"entity":1,"last_input_tick":292,"position":[0.0,0.00100011611357331,10.9999923706055],"receipt_ms":5300,"sequence":292,"tick":333,"velocity":[0.0,0.0,0.0],"yaw":0.0},"position":[0.0,0.00100011611357331,10.9999923706055],"time_ms":5307,"wall_ms":1791532981955.0,"yaw":0.0}
S03R {"ack_input_tick":289,"cause":"none","correction_m":0.0,"correction_yaw_deg":0.0,"event":"correction","history_exhausted":false,"replay_frames":3,"replay_usec":51,"role":"client","tick":293,"time_ms":5310,"wall_ms":1791532981958.0}
S03R {"authority_install_error_m":0.0,"entity":2,"event":"apply","pose":{"control":1,"durable":2,"entity":2,"last_input_tick":289,"position":[7.00000190734863,0.00100005290005356,9.08335208892822],"receipt_ms":5300,"sequence":289,"tick":333,"velocity":[0.0,0.0,0.0],"yaw":0.0},"position":[7.00000190734863,0.00100005290005356,9.08335208892822],"time_ms":5312,"wall_ms":1791532981960.0,"yaw":0.0}
S03R {"event":"prediction","history_size":4,"position":[7.00000190734863,0.00100005290005356,9.08335208892822],"predicted_tick":293,"role":"client","tick":293,"time_ms":5315,"wall_ms":1791532981963.0,"yaw":0.0}
S03R {"event":"prediction","history_size":5,"position":[7.00000190734863,0.00100005290005356,9.08335208892822],"predicted_tick":294,"role":"client","tick":294,"time_ms":5321,"wall_ms":1791532981969.0,"yaw":0.0}
S03R {"event":"prediction","history_size":6,"position":[7.00000190734863,0.00100005290005356,9.08335208892822],"predicted_tick":295,"role":"client","tick":295,"time_ms":5342,"wall_ms":1791532981990.0,"yaw":0.0}
S03R {"event":"state_receive","role":"client","rows":[{"entity":1,"sequence":295,"tick":336},{"entity":2,"sequence":292,"tick":336}],"time_ms":5345,"wall_ms":1791532981993.0}
S03R {"authority_install_error_m":0.0,"entity":1,"event":"apply","pose":{"control":1,"durable":2,"entity":1,"last_input_tick":295,"position":[0.0,0.00100011611357331,10.9999923706055],"receipt_ms":5345,"sequence":295,"tick":336,"velocity":[0.0,0.0,0.0],"yaw":0.0},"position":[0.0,0.00100011611357331,10.9999923706055],"time_ms":5356,"wall_ms":1791532982004.0,"yaw":0.0}
S03R {"ack_input_tick":292,"cause":"none","correction_m":0.0,"correction_yaw_deg":0.0,"event":"correction","history_exhausted":false,"replay_frames":3,"replay_usec":52,"role":"client","tick":296,"time_ms":5358,"wall_ms":1791532982007.0}
S03R {"authority_install_error_m":0.0,"entity":2,"event":"apply","pose":{"control":1,"durable":2,"entity":2,"last_input_tick":292,"position":[7.00000190734863,0.00100005290005356,9.08335208892822],"receipt_ms":5345,"sequence":292,"tick":336,"velocity":[0.0,0.0,0.0],"yaw":0.0},"position":[7.00000190734863,0.00100005290005356,9.08335208892822],"time_ms":5360,"wall_ms":1791532982009.0,"yaw":0.0}
S03R {"event":"prediction","history_size":4,"position":[7.00000190734863,0.00100005290005356,9.08335208892822],"predicted_tick":296,"role":"client","tick":296,"time_ms":5363,"wall_ms":1791532982011.0,"yaw":0.0}
S03R {"event":"prediction","history_size":5,"position":[7.00000190734863,0.00100005290005356,9.08335208892822],"predicted_tick":297,"role":"client","tick":297,"time_ms":5369,"wall_ms":1791532982017.0,"yaw":0.0}
S03R {"event":"prediction","history_size":6,"position":[7.00000190734863,0.00100005290005356,9.08335208892822],"predicted_tick":298,"role":"client","tick":298,"time_ms":5390,"wall_ms":1791532982039.0,"yaw":0.0}
S03R {"event":"state_receive","role":"client","rows":[{"entity":1,"sequence":298,"tick":339},{"entity":2,"sequence":295,"tick":339}],"time_ms":5393,"wall_ms":1791532982041.0}
S03R {"authority_install_error_m":0.0,"entity":1,"event":"apply","pose":{"control":1,"durable":2,"entity":1,"last_input_tick":298,"position":[0.0,0.00100011611357331,10.9999923706055],"receipt_ms":5393,"sequence":298,"tick":339,"velocity":[0.0,0.0,0.0],"yaw":0.0},"position":[0.0,0.00100011611357331,10.9999923706055],"time_ms":5404,"wall_ms":1791532982052.0,"yaw":0.0}
S03R {"ack_input_tick":295,"cause":"none","correction_m":0.0,"correction_yaw_deg":0.0,"event":"correction","history_exhausted":false,"replay_frames":3,"replay_usec":47,"role":"client","tick":299,"time_ms":5406,"wall_ms":1791532982055.0}
S03R {"authority_install_error_m":0.0,"entity":2,"event":"apply","pose":{"control":1,"durable":2,"entity":2,"last_input_tick":295,"position":[7.00000190734863,0.00100005290005356,9.08335208892822],"receipt_ms":5393,"sequence":295,"tick":339,"velocity":[0.0,0.0,0.0],"yaw":0.0},"position":[7.00000190734863,0.00100005290005356,9.08335208892822],"time_ms":5408,"wall_ms":1791532982057.0,"yaw":0.0}
S03R {"event":"prediction","history_size":4,"position":[7.00000190734863,0.00100005290005356,9.08335208892822],"predicted_tick":299,"role":"client","tick":299,"time_ms":5411,"wall_ms":1791532982059.0,"yaw":0.0}
S03R {"aim_yaw":0.0,"event":"input","index":11,"move":[0.0,-1.0],"position":[7.00000190734863,0.00100005290005356,9.08335208892822],"role":"client","sequence_floor":300,"tick":300,"time_ms":5425,"wall_ms":1791532982072.0,"yaw":0.0}
S03R {"aim_yaw":0.0,"event":"keys","move":[0.0,-1.0],"role":"client","tick":300,"time_ms":5427,"wall_ms":1791532982075.0}
S03R {"aim_yaw":0.0,"event":"input_send","index":11,"move":[0.0,-1.0],"role":"client","sample_ticks_ms":5429,"sample_wall_ms":1791532982078.0,"send_ticks_ms":5429,"send_wall_ms":1791532982078.0,"sequence":300,"time_ms":5429,"wall_ms":1791532982078.0}
S03R {"event":"prediction","history_size":5,"position":[7.00000190734863,0.00100005290005356,9.00001907348633],"predicted_tick":300,"role":"client","tick":300,"time_ms":5432,"wall_ms":1791532982080.0,"yaw":0.0}
S03R {"event":"prediction","history_size":6,"position":[7.00000190734863,0.00100005290005356,8.91668605804443],"predicted_tick":301,"role":"client","tick":301,"time_ms":5438,"wall_ms":1791532982086.0,"yaw":0.0}
S03R {"event":"state_receive","role":"client","rows":[{"entity":1,"sequence":301,"tick":342},{"entity":2,"sequence":298,"tick":342}],"time_ms":5442,"wall_ms":1791532982090.0}
S03R {"aim_yaw":0.0,"event":"input_send","index":11,"move":[0.0,-1.0],"role":"client","sample_ticks_ms":5459,"sample_wall_ms":1791532982107.0,"send_ticks_ms":5459,"send_wall_ms":1791532982107.0,"sequence":302,"time_ms":5459,"wall_ms":1791532982107.0}
S03R {"authority_install_error_m":0.0,"entity":1,"event":"apply","pose":{"control":1,"durable":2,"entity":1,"last_input_tick":301,"position":[0.0,0.00100011611357331,10.9999923706055],"receipt_ms":5442,"sequence":301,"tick":342,"velocity":[0.0,0.0,0.0],"yaw":0.0},"position":[0.0,0.00100011611357331,10.9999923706055],"time_ms":5462,"wall_ms":1791532982110.0,"yaw":0.0}
S03R {"ack_input_tick":298,"cause":"none","correction_m":0.0,"correction_yaw_deg":0.0,"event":"correction","history_exhausted":false,"replay_frames":3,"replay_usec":99,"role":"client","tick":302,"time_ms":5464,"wall_ms":1791532982112.0}
S03R {"authority_install_error_m":0.0,"entity":2,"event":"apply","pose":{"control":1,"durable":2,"entity":2,"last_input_tick":298,"position":[7.00000190734863,0.00100005290005356,9.08335208892822],"receipt_ms":5442,"sequence":298,"tick":342,"velocity":[0.0,0.0,0.0],"yaw":0.0},"position":[7.00000190734863,0.00100005290005356,8.91668605804443],"time_ms":5468,"wall_ms":1791532982117.0,"yaw":0.0}
S03R {"event":"prediction","history_size":4,"position":[7.00000190734863,0.00100005290005356,8.83335304260254],"predicted_tick":302,"role":"client","tick":302,"time_ms":5471,"wall_ms":1791532982119.0,"yaw":0.0}
S03R {"event":"prediction","history_size":5,"position":[7.00000190734863,0.00100005290005356,8.75002002716064],"predicted_tick":303,"role":"client","tick":303,"time_ms":5476,"wall_ms":1791532982124.0,"yaw":0.0}
S03R {"aim_yaw":0.0,"event":"input_send","index":11,"move":[0.0,-1.0],"role":"client","sample_ticks_ms":5489,"sample_wall_ms":1791532982138.0,"send_ticks_ms":5489,"send_wall_ms":1791532982138.0,"sequence":304,"time_ms":5489,"wall_ms":1791532982138.0}
S03R {"event":"prediction","history_size":6,"position":[7.00000190734863,0.00100005290005356,8.66668701171875],"predicted_tick":304,"role":"client","tick":304,"time_ms":5492,"wall_ms":1791532982140.0,"yaw":0.0}
S03R {"event":"state_receive","role":"client","rows":[{"entity":1,"sequence":304,"tick":345},{"entity":2,"sequence":301,"tick":345}],"time_ms":5495,"wall_ms":1791532982143.0}
S03R {"authority_install_error_m":0.0,"entity":1,"event":"apply","pose":{"control":1,"durable":2,"entity":1,"last_input_tick":304,"position":[0.0,0.00100011611357331,10.9999923706055],"receipt_ms":5495,"sequence":304,"tick":345,"velocity":[0.0,0.0,0.0],"yaw":0.0},"position":[0.0,0.00100011611357331,10.9999923706055],"time_ms":5510,"wall_ms":1791532982158.0,"yaw":0.0}
S03R {"ack_input_tick":301,"cause":"none","correction_m":0.0,"correction_yaw_deg":0.0,"event":"correction","history_exhausted":false,"replay_frames":3,"replay_usec":82,"role":"client","tick":305,"time_ms":5513,"wall_ms":1791532982161.0}
S03R {"authority_install_error_m":0.0,"entity":2,"event":"apply","pose":{"control":1,"durable":2,"entity":2,"last_input_tick":301,"position":[7.00000190734863,0.00100005290005356,8.91668605804443],"receipt_ms":5495,"sequence":301,"tick":345,"velocity":[0.0,0.0,-5.0],"yaw":0.0},"position":[7.00000190734863,0.00100005290005356,8.66668701171875],"time_ms":5515,"wall_ms":1791532982162.0,"yaw":0.0}
S03R {"event":"prediction","history_size":4,"position":[7.00000190734863,0.00100005290005356,8.58335399627686],"predicted_tick":305,"role":"client","tick":305,"time_ms":5517,"wall_ms":1791532982165.0,"yaw":0.0}
S03R {"aim_yaw":0.0,"event":"input_send","index":11,"move":[0.0,-1.0],"role":"client","sample_ticks_ms":5524,"sample_wall_ms":1791532982172.0,"send_ticks_ms":5524,"send_wall_ms":1791532982172.0,"sequence":306,"time_ms":5524,"wall_ms":1791532982172.0}
S03R {"event":"prediction","history_size":5,"position":[7.00000190734863,0.00100005290005356,8.50002098083496],"predicted_tick":306,"role":"client","tick":306,"time_ms":5526,"wall_ms":1791532982175.0,"yaw":0.0}
S03R {"event":"prediction","history_size":6,"position":[7.00000190734863,0.00100005290005356,8.41668796539307],"predicted_tick":307,"role":"client","tick":307,"time_ms":5545,"wall_ms":1791532982192.0,"yaw":0.0}
S03R {"event":"state_receive","role":"client","rows":[{"entity":1,"sequence":307,"tick":348},{"entity":2,"sequence":304,"tick":348}],"time_ms":5548,"wall_ms":1791532982196.0}
S03R {"aim_yaw":0.0,"event":"input_send","index":11,"move":[0.0,-1.0],"role":"client","sample_ticks_ms":5558,"sample_wall_ms":1791532982206.0,"send_ticks_ms":5559,"send_wall_ms":1791532982207.0,"sequence":308,"time_ms":5559,"wall_ms":1791532982207.0}
S03R {"authority_install_error_m":0.0,"entity":1,"event":"apply","pose":{"control":1,"durable":2,"entity":1,"last_input_tick":307,"position":[0.0,0.00100011611357331,10.9999923706055],"receipt_ms":5548,"sequence":307,"tick":348,"velocity":[0.0,0.0,0.0],"yaw":0.0},"position":[0.0,0.00100011611357331,10.9999923706055],"time_ms":5561,"wall_ms":1791532982210.0,"yaw":0.0}
S03R {"ack_input_tick":304,"cause":"none","correction_m":0.0,"correction_yaw_deg":0.0,"event":"correction","history_exhausted":false,"replay_frames":3,"replay_usec":66,"role":"client","tick":308,"time_ms":5563,"wall_ms":1791532982212.0}
S03R {"authority_install_error_m":0.0,"entity":2,"event":"apply","pose":{"control":1,"durable":2,"entity":2,"last_input_tick":304,"position":[7.00000190734863,0.00100005290005356,8.66668701171875],"receipt_ms":5548,"sequence":304,"tick":348,"velocity":[0.0,0.0,-5.0],"yaw":0.0},"position":[7.00000190734863,0.00100005290005356,8.41668796539307],"time_ms":5566,"wall_ms":1791532982214.0,"yaw":0.0}
S03R {"event":"prediction","history_size":4,"position":[7.00000190734863,0.00100005290005356,8.33335494995117],"predicted_tick":308,"role":"client","tick":308,"time_ms":5570,"wall_ms":1791532982218.0,"yaw":0.0}
S03R {"event":"prediction","history_size":5,"position":[7.00000190734863,0.00100005290005356,8.25002193450928],"predicted_tick":309,"role":"client","tick":309,"time_ms":5575,"wall_ms":1791532982224.0,"yaw":0.0}
S03R {"aim_yaw":0.0,"event":"input_send","index":11,"move":[0.0,-1.0],"role":"client","sample_ticks_ms":5596,"sample_wall_ms":1791532982244.0,"send_ticks_ms":5596,"send_wall_ms":1791532982244.0,"sequence":310,"time_ms":5596,"wall_ms":1791532982244.0}
S03R {"event":"prediction","history_size":6,"position":[7.00000190734863,0.00100005290005356,8.16668891906738],"predicted_tick":310,"role":"client","tick":310,"time_ms":5598,"wall_ms":1791532982247.0,"yaw":0.0}
S03R {"event":"state_receive","role":"client","rows":[{"entity":1,"sequence":310,"tick":351},{"entity":2,"sequence":307,"tick":351}],"time_ms":5602,"wall_ms":1791532982250.0}
S03R {"authority_install_error_m":0.0,"entity":1,"event":"apply","pose":{"control":1,"durable":2,"entity":1,"last_input_tick":310,"position":[0.0,0.00100011611357331,10.9999923706055],"receipt_ms":5602,"sequence":310,"tick":351,"velocity":[0.0,0.0,0.0],"yaw":0.0},"position":[0.0,0.00100011611357331,10.9999923706055],"time_ms":5610,"wall_ms":1791532982258.0,"yaw":0.0}
S03R {"ack_input_tick":307,"cause":"none","correction_m":0.0,"correction_yaw_deg":0.0,"event":"correction","history_exhausted":false,"replay_frames":3,"replay_usec":82,"role":"client","tick":311,"time_ms":5613,"wall_ms":1791532982261.0}
S03R {"authority_install_error_m":0.0,"entity":2,"event":"apply","pose":{"control":1,"durable":2,"entity":2,"last_input_tick":307,"position":[7.00000190734863,0.00100005290005356,8.41668796539307],"receipt_ms":5602,"sequence":307,"tick":351,"velocity":[0.0,0.0,-5.0],"yaw":0.0},"position":[7.00000190734863,0.00100005290005356,8.16668891906738],"time_ms":5615,"wall_ms":1791532982263.0,"yaw":0.0}
S03R {"event":"prediction","history_size":4,"position":[7.00000190734863,0.00100005290005356,8.08335590362549],"predicted_tick":311,"role":"client","tick":311,"time_ms":5617,"wall_ms":1791532982265.0,"yaw":0.0}
S03R {"aim_yaw":0.0,"event":"keys","move":[0.0,0.0],"role":"client","tick":312,"time_ms":5630,"wall_ms":1791532982279.0}
S03R {"event":"prediction","history_size":5,"position":[7.00000190734863,0.00100005290005356,8.08335590362549],"predicted_tick":312,"role":"client","tick":312,"time_ms":5633,"wall_ms":1791532982281.0,"yaw":0.0}
S03R {"event":"prediction","history_size":6,"position":[7.00000190734863,0.00100005290005356,8.08335590362549],"predicted_tick":313,"role":"client","tick":313,"time_ms":5644,"wall_ms":1791532982292.0,"yaw":0.0}
S03R {"event":"state_receive","role":"client","rows":[{"entity":1,"sequence":313,"tick":354},{"entity":2,"sequence":310,"tick":354}],"time_ms":5648,"wall_ms":1791532982297.0}
S03R {"authority_install_error_m":0.0,"entity":1,"event":"apply","pose":{"control":1,"durable":2,"entity":1,"last_input_tick":313,"position":[0.0,0.00100011611357331,10.9999923706055],"receipt_ms":5648,"sequence":313,"tick":354,"velocity":[0.0,0.0,0.0],"yaw":0.0},"position":[0.0,0.00100011611357331,10.9999923706055],"time_ms":5658,"wall_ms":1791532982307.0,"yaw":0.0}
S03R {"ack_input_tick":310,"cause":"none","correction_m":0.0,"correction_yaw_deg":0.0,"event":"correction","history_exhausted":false,"replay_frames":3,"replay_usec":82,"role":"client","tick":314,"time_ms":5661,"wall_ms":1791532982309.0}
S03R {"authority_install_error_m":0.0,"entity":2,"event":"apply","pose":{"control":1,"durable":2,"entity":2,"last_input_tick":310,"position":[7.00000190734863,0.00100005290005356,8.16668891906738],"receipt_ms":5648,"sequence":310,"tick":354,"velocity":[0.0,0.0,-5.0],"yaw":0.0},"position":[7.00000190734863,0.00100005290005356,8.08335590362549],"time_ms":5663,"wall_ms":1791532982311.0,"yaw":0.0}
S03R {"event":"prediction","history_size":4,"position":[7.00000190734863,0.00100005290005356,8.08335590362549],"predicted_tick":314,"role":"client","tick":314,"time_ms":5667,"wall_ms":1791532982315.0,"yaw":0.0}
S03R {"event":"prediction","history_size":5,"position":[7.00000190734863,0.00100005290005356,8.08335590362549],"predicted_tick":315,"role":"client","tick":315,"time_ms":5679,"wall_ms":1791532982327.0,"yaw":0.0}
S03R {"event":"prediction","history_size":6,"position":[7.00000190734863,0.00100005290005356,8.08335590362549],"predicted_tick":316,"role":"client","tick":316,"time_ms":5693,"wall_ms":1791532982341.0,"yaw":0.0}
S03R {"event":"state_receive","role":"client","rows":[{"entity":1,"sequence":316,"tick":357},{"entity":2,"sequence":313,"tick":357}],"time_ms":5696,"wall_ms":1791532982344.0}
S03R {"authority_install_error_m":0.0,"entity":1,"event":"apply","pose":{"control":1,"durable":2,"entity":1,"last_input_tick":316,"position":[0.0,0.00100011611357331,10.9999923706055],"receipt_ms":5696,"sequence":316,"tick":357,"velocity":[0.0,0.0,0.0],"yaw":0.0},"position":[0.0,0.00100011611357331,10.9999923706055],"time_ms":5713,"wall_ms":1791532982361.0,"yaw":0.0}
S03R {"ack_input_tick":313,"cause":"none","correction_m":0.0,"correction_yaw_deg":0.0,"event":"correction","history_exhausted":false,"replay_frames":3,"replay_usec":101,"role":"client","tick":317,"time_ms":5716,"wall_ms":1791532982364.0}
S03R {"authority_install_error_m":0.0,"entity":2,"event":"apply","pose":{"control":1,"durable":2,"entity":2,"last_input_tick":313,"position":[7.00000190734863,0.00100005290005356,8.08335590362549],"receipt_ms":5696,"sequence":313,"tick":357,"velocity":[0.0,0.0,0.0],"yaw":0.0},"position":[7.00000190734863,0.00100005290005356,8.08335590362549],"time_ms":5718,"wall_ms":1791532982366.0,"yaw":0.0}
S03R {"event":"prediction","history_size":4,"position":[7.00000190734863,0.00100005290005356,8.08335590362549],"predicted_tick":317,"role":"client","tick":317,"time_ms":5723,"wall_ms":1791532982370.0,"yaw":0.0}
S03R {"event":"prediction","history_size":5,"position":[7.00000190734863,0.00100005290005356,8.08335590362549],"predicted_tick":318,"role":"client","tick":318,"time_ms":5728,"wall_ms":1791532982376.0,"yaw":0.0}
S03R {"event":"prediction","history_size":6,"position":[7.00000190734863,0.00100005290005356,8.08335590362549],"predicted_tick":319,"role":"client","tick":319,"time_ms":5735,"wall_ms":1791532982383.0,"yaw":0.0}
S03R {"event":"prediction","history_size":7,"position":[7.00000190734863,0.00100005290005356,8.08335590362549],"predicted_tick":320,"role":"client","tick":320,"time_ms":5749,"wall_ms":1791532982397.0,"yaw":0.0}
S03R {"event":"state_receive","role":"client","rows":[{"entity":1,"sequence":319,"tick":360},{"entity":2,"sequence":316,"tick":360}],"time_ms":5752,"wall_ms":1791532982400.0}
S03R {"authority_install_error_m":0.0,"entity":1,"event":"apply","pose":{"control":1,"durable":2,"entity":1,"last_input_tick":319,"position":[0.0,0.00100011611357331,10.9999923706055],"receipt_ms":5752,"sequence":319,"tick":360,"velocity":[0.0,0.0,0.0],"yaw":0.0},"position":[0.0,0.00100011611357331,10.9999923706055],"time_ms":5762,"wall_ms":1791532982411.0,"yaw":0.0}
S03R {"ack_input_tick":316,"cause":"none","correction_m":0.0,"correction_yaw_deg":0.0,"event":"correction","history_exhausted":false,"replay_frames":4,"replay_usec":90,"role":"client","tick":321,"time_ms":5765,"wall_ms":1791532982413.0}
S03R {"authority_install_error_m":0.0,"entity":2,"event":"apply","pose":{"control":1,"durable":2,"entity":2,"last_input_tick":316,"position":[7.00000190734863,0.00100005290005356,8.08335590362549],"receipt_ms":5752,"sequence":316,"tick":360,"velocity":[0.0,0.0,0.0],"yaw":0.0},"position":[7.00000190734863,0.00100005290005356,8.08335590362549],"time_ms":5767,"wall_ms":1791532982415.0,"yaw":0.0}
S03R {"event":"prediction","history_size":5,"position":[7.00000190734863,0.00100005290005356,8.08335590362549],"predicted_tick":321,"role":"client","tick":321,"time_ms":5770,"wall_ms":1791532982418.0,"yaw":0.0}
S03R {"event":"prediction","history_size":6,"position":[7.00000190734863,0.00100005290005356,8.08335590362549],"predicted_tick":322,"role":"client","tick":322,"time_ms":5783,"wall_ms":1791532982432.0,"yaw":0.0}
S03R {"event":"prediction","history_size":7,"position":[7.00000190734863,0.00100005290005356,8.08335590362549],"predicted_tick":323,"role":"client","tick":323,"time_ms":5797,"wall_ms":1791532982445.0,"yaw":0.0}
S03R {"event":"state_receive","role":"client","rows":[{"entity":1,"sequence":322,"tick":363},{"entity":2,"sequence":319,"tick":363}],"time_ms":5800,"wall_ms":1791532982447.0}
S03R {"authority_install_error_m":0.0,"entity":1,"event":"apply","pose":{"control":1,"durable":2,"entity":1,"last_input_tick":322,"position":[0.0,0.00100011611357331,10.9999923706055],"receipt_ms":5800,"sequence":322,"tick":363,"velocity":[0.0,0.0,0.0],"yaw":0.0},"position":[0.0,0.00100011611357331,10.9999923706055],"time_ms":5818,"wall_ms":1791532982466.0,"yaw":0.0}
S03R {"ack_input_tick":319,"cause":"none","correction_m":0.0,"correction_yaw_deg":0.0,"event":"correction","history_exhausted":false,"replay_frames":4,"replay_usec":75,"role":"client","tick":324,"time_ms":5820,"wall_ms":1791532982469.0}
S03R {"authority_install_error_m":0.0,"entity":2,"event":"apply","pose":{"control":1,"durable":2,"entity":2,"last_input_tick":319,"position":[7.00000190734863,0.00100005290005356,8.08335590362549],"receipt_ms":5800,"sequence":319,"tick":363,"velocity":[0.0,0.0,0.0],"yaw":0.0},"position":[7.00000190734863,0.00100005290005356,8.08335590362549],"time_ms":5822,"wall_ms":1791532982471.0,"yaw":0.0}
S03R {"event":"prediction","history_size":5,"position":[7.00000190734863,0.00100005290005356,8.08335590362549],"predicted_tick":324,"role":"client","tick":324,"time_ms":5827,"wall_ms":1791532982475.0,"yaw":0.0}
S03R {"event":"prediction","history_size":6,"position":[7.00000190734863,0.00100005290005356,8.08335590362549],"predicted_tick":325,"role":"client","tick":325,"time_ms":5831,"wall_ms":1791532982480.0,"yaw":0.0}
S03R {"event":"prediction","history_size":7,"position":[7.00000190734863,0.00100005290005356,8.08335590362549],"predicted_tick":326,"role":"client","tick":326,"time_ms":5845,"wall_ms":1791532982493.0,"yaw":0.0}
S03R {"event":"state_receive","role":"client","rows":[{"entity":1,"sequence":325,"tick":366},{"entity":2,"sequence":322,"tick":366}],"time_ms":5852,"wall_ms":1791532982500.0}
S03R {"authority_install_error_m":0.0,"entity":1,"event":"apply","pose":{"control":1,"durable":2,"entity":1,"last_input_tick":325,"position":[0.0,0.00100011611357331,10.9999923706055],"receipt_ms":5852,"sequence":325,"tick":366,"velocity":[0.0,0.0,0.0],"yaw":0.0},"position":[0.0,0.00100011611357331,10.9999923706055],"time_ms":5866,"wall_ms":1791532982514.0,"yaw":0.0}
S03R {"ack_input_tick":322,"cause":"none","correction_m":0.0,"correction_yaw_deg":0.0,"event":"correction","history_exhausted":false,"replay_frames":4,"replay_usec":96,"role":"client","tick":327,"time_ms":5868,"wall_ms":1791532982517.0}
S03R {"authority_install_error_m":0.0,"entity":2,"event":"apply","pose":{"control":1,"durable":2,"entity":2,"last_input_tick":322,"position":[7.00000190734863,0.00100005290005356,8.08335590362549],"receipt_ms":5852,"sequence":322,"tick":366,"velocity":[0.0,0.0,0.0],"yaw":0.0},"position":[7.00000190734863,0.00100005290005356,8.08335590362549],"time_ms":5871,"wall_ms":1791532982519.0,"yaw":0.0}
S03R {"event":"prediction","history_size":5,"position":[7.00000190734863,0.00100005290005356,8.08335590362549],"predicted_tick":327,"role":"client","tick":327,"time_ms":5873,"wall_ms":1791532982522.0,"yaw":0.0}
S03R {"event":"prediction","history_size":6,"position":[7.00000190734863,0.00100005290005356,8.08335590362549],"predicted_tick":328,"role":"client","tick":328,"time_ms":5880,"wall_ms":1791532982528.0,"yaw":0.0}
S03R {"event":"prediction","history_size":7,"position":[7.00000190734863,0.00100005290005356,8.08335590362549],"predicted_tick":329,"role":"client","tick":329,"time_ms":5900,"wall_ms":1791532982549.0,"yaw":0.0}
S03R {"event":"state_receive","role":"client","rows":[{"entity":1,"sequence":328,"tick":369},{"entity":2,"sequence":325,"tick":369}],"time_ms":5904,"wall_ms":1791532982552.0}
S03R {"aim_yaw":1.5707963267949,"event":"input","index":12,"move":[-1.0,0.0],"position":[7.00000190734863,0.00100005290005356,8.08335590362549],"role":"client","sequence_floor":330,"tick":330,"time_ms":5914,"wall_ms":1791532982563.0,"yaw":0.0}
S03R {"aim_yaw":1.5707963267949,"event":"keys","move":[-1.0,0.0],"role":"client","tick":330,"time_ms":5917,"wall_ms":1791532982565.0}
S03R {"aim_yaw":1.5707963267949,"event":"input_send","index":12,"move":[-1.0,0.0],"role":"client","sample_ticks_ms":5919,"sample_wall_ms":1791532982568.0,"send_ticks_ms":5920,"send_wall_ms":1791532982568.0,"sequence":330,"time_ms":5920,"wall_ms":1791532982568.0}
S03R {"authority_install_error_m":0.0,"entity":1,"event":"apply","pose":{"control":1,"durable":2,"entity":1,"last_input_tick":328,"position":[0.0,0.00100011611357331,10.9999923706055],"receipt_ms":5904,"sequence":328,"tick":369,"velocity":[0.0,0.0,0.0],"yaw":0.0},"position":[0.0,0.00100011611357331,10.9999923706055],"time_ms":5922,"wall_ms":1791532982570.0,"yaw":0.0}
S03R {"ack_input_tick":325,"cause":"none","correction_m":0.0,"correction_yaw_deg":0.0,"event":"correction","history_exhausted":false,"replay_frames":4,"replay_usec":77,"role":"client","tick":330,"time_ms":5924,"wall_ms":1791532982573.0}
S03R {"authority_install_error_m":0.0,"entity":2,"event":"apply","pose":{"control":1,"durable":2,"entity":2,"last_input_tick":325,"position":[7.00000190734863,0.00100005290005356,8.08335590362549],"receipt_ms":5904,"sequence":325,"tick":369,"velocity":[0.0,0.0,0.0],"yaw":0.0},"position":[7.00000190734863,0.00100005290005356,8.08335590362549],"time_ms":5928,"wall_ms":1791532982577.0,"yaw":0.0}
S03R {"event":"prediction","history_size":5,"position":[6.91666841506958,0.00100005290005356,8.08335590362549],"predicted_tick":330,"role":"client","tick":330,"time_ms":5933,"wall_ms":1791532982581.0,"yaw":1.57079637050629}
S03R {"event":"prediction","history_size":6,"position":[6.83333492279053,0.00100005290005356,8.08335590362549],"predicted_tick":331,"role":"client","tick":331,"time_ms":5938,"wall_ms":1791532982586.0,"yaw":1.57079637050629}
S03R {"aim_yaw":1.5707963267949,"event":"input_send","index":12,"move":[-1.0,0.0],"role":"client","sample_ticks_ms":5958,"sample_wall_ms":1791532982607.0,"send_ticks_ms":5958,"send_wall_ms":1791532982607.0,"sequence":332,"time_ms":5958,"wall_ms":1791532982607.0}
S03R {"event":"prediction","history_size":7,"position":[6.75000143051147,0.00100005290005356,8.08335590362549],"predicted_tick":332,"role":"client","tick":332,"time_ms":5961,"wall_ms":1791532982609.0,"yaw":1.57079637050629}
S03R {"event":"state_receive","role":"client","rows":[{"entity":1,"sequence":331,"tick":372},{"entity":2,"sequence":328,"tick":372}],"time_ms":5966,"wall_ms":1791532982614.0}
S03R {"authority_install_error_m":0.0,"entity":1,"event":"apply","pose":{"control":1,"durable":2,"entity":1,"last_input_tick":331,"position":[0.0,0.00100011611357331,10.9999923706055],"receipt_ms":5966,"sequence":331,"tick":372,"velocity":[0.0,0.0,0.0],"yaw":0.0},"position":[0.0,0.00100011611357331,10.9999923706055],"time_ms":5972,"wall_ms":1791532982619.0,"yaw":0.0}
S03R {"ack_input_tick":328,"cause":"none","correction_m":0.0,"correction_yaw_deg":0.0,"event":"correction","history_exhausted":false,"replay_frames":4,"replay_usec":142,"role":"client","tick":333,"time_ms":5975,"wall_ms":1791532982622.0}
S03R {"authority_install_error_m":0.0,"entity":2,"event":"apply","pose":{"control":1,"durable":2,"entity":2,"last_input_tick":328,"position":[7.00000190734863,0.00100005290005356,8.08335590362549],"receipt_ms":5966,"sequence":328,"tick":372,"velocity":[0.0,0.0,0.0],"yaw":0.0},"position":[6.75000143051147,0.00100005290005356,8.08335590362549],"time_ms":5977,"wall_ms":1791532982626.0,"yaw":1.57079637050629}
S03R {"event":"prediction","history_size":5,"position":[6.66666793823242,0.00100005290005356,8.08335590362549],"predicted_tick":333,"role":"client","tick":333,"time_ms":5979,"wall_ms":1791532982627.0,"yaw":1.57079637050629}
S03R {"aim_yaw":1.5707963267949,"event":"input_send","index":12,"move":[-1.0,0.0],"role":"client","sample_ticks_ms":5986,"sample_wall_ms":1791532982633.0,"send_ticks_ms":5986,"send_wall_ms":1791532982633.0,"sequence":334,"time_ms":5986,"wall_ms":1791532982633.0}
S03R {"event":"prediction","history_size":6,"position":[6.58333444595337,0.00100005290005356,8.08335590362549],"predicted_tick":334,"role":"client","tick":334,"time_ms":5988,"wall_ms":1791532982636.0,"yaw":1.57079637050629}
S03R {"event":"state_receive","role":"client","rows":[{"entity":1,"sequence":334,"tick":375},{"entity":2,"sequence":331,"tick":375}],"time_ms":6000,"wall_ms":1791532982648.0}
S03R {"authority_install_error_m":0.0,"entity":1,"event":"apply","pose":{"control":1,"durable":2,"entity":1,"last_input_tick":334,"position":[0.0,0.00100011611357331,10.9999923706055],"receipt_ms":6000,"sequence":334,"tick":375,"velocity":[0.0,0.0,0.0],"yaw":0.0},"position":[0.0,0.00100011611357331,10.9999923706055],"time_ms":6007,"wall_ms":1791532982655.0,"yaw":0.0}
S03R {"ack_input_tick":331,"cause":"none","correction_m":0.0,"correction_yaw_deg":0.0,"event":"correction","history_exhausted":false,"replay_frames":3,"replay_usec":93,"role":"client","tick":335,"time_ms":6011,"wall_ms":1791532982659.0}
S03R {"authority_install_error_m":0.0,"entity":2,"event":"apply","pose":{"control":1,"durable":2,"entity":2,"last_input_tick":331,"position":[6.83333492279053,0.00100005290005356,8.08335590362549],"receipt_ms":6000,"sequence":331,"tick":375,"velocity":[-5.0,0.0,0.0],"yaw":1.57079637050629},"position":[6.58333444595337,0.00100005290005356,8.08335590362549],"time_ms":6015,"wall_ms":1791532982664.0,"yaw":1.57079637050629}
S03R {"event":"prediction","history_size":4,"position":[6.50000095367432,0.00100005290005356,8.08335590362549],"predicted_tick":335,"role":"client","tick":335,"time_ms":6018,"wall_ms":1791532982666.0,"yaw":1.57079637050629}
S03R {"aim_yaw":1.5707963267949,"event":"input_send","index":12,"move":[-1.0,0.0],"role":"client","sample_ticks_ms":6021,"sample_wall_ms":1791532982669.0,"send_ticks_ms":6021,"send_wall_ms":1791532982670.0,"sequence":336,"time_ms":6021,"wall_ms":1791532982670.0}
S03R {"event":"prediction","history_size":5,"position":[6.41666746139526,0.00100005290005356,8.08335590362549],"predicted_tick":336,"role":"client","tick":336,"time_ms":6023,"wall_ms":1791532982672.0,"yaw":1.57079637050629}
S03R {"event":"prediction","history_size":6,"position":[6.33333396911621,0.00100005290005356,8.08335590362549],"predicted_tick":337,"role":"client","tick":337,"time_ms":6042,"wall_ms":1791532982690.0,"yaw":1.57079637050629}
S03R {"aim_yaw":1.5707963267949,"event":"input_send","index":12,"move":[-1.0,0.0],"role":"client","sample_ticks_ms":6055,"sample_wall_ms":1791532982704.0,"send_ticks_ms":6056,"send_wall_ms":1791532982704.0,"sequence":338,"time_ms":6056,"wall_ms":1791532982704.0}
S03R {"event":"prediction","history_size":7,"position":[6.25000047683716,0.00100005290005356,8.08335590362549],"predicted_tick":338,"role":"client","tick":338,"time_ms":6058,"wall_ms":1791532982706.0,"yaw":1.57079637050629}
S03R {"event":"state_receive","role":"client","rows":[{"entity":1,"sequence":337,"tick":378},{"entity":2,"sequence":334,"tick":378}],"time_ms":6061,"wall_ms":1791532982709.0}
S03R {"authority_install_error_m":0.0,"entity":1,"event":"apply","pose":{"control":1,"durable":2,"entity":1,"last_input_tick":337,"position":[0.0,0.00100011611357331,10.9999923706055],"receipt_ms":6061,"sequence":337,"tick":378,"velocity":[0.0,0.0,0.0],"yaw":0.0},"position":[0.0,0.00100011611357331,10.9999923706055],"time_ms":6069,"wall_ms":1791532982718.0,"yaw":0.0}
S03R {"ack_input_tick":334,"cause":"none","correction_m":0.0,"correction_yaw_deg":0.0,"event":"correction","history_exhausted":false,"replay_frames":4,"replay_usec":89,"role":"client","tick":339,"time_ms":6074,"wall_ms":1791532982722.0}
S03R {"authority_install_error_m":0.0,"entity":2,"event":"apply","pose":{"control":1,"durable":2,"entity":2,"last_input_tick":334,"position":[6.58333444595337,0.00100005290005356,8.08335590362549],"receipt_ms":6061,"sequence":334,"tick":378,"velocity":[-5.0,0.0,0.0],"yaw":1.57079637050629},"position":[6.25000047683716,0.00100005290005356,8.08335590362549],"time_ms":6076,"wall_ms":1791532982724.0,"yaw":1.57079637050629}
S03R {"event":"prediction","history_size":5,"position":[6.16666698455811,0.00100005290005356,8.08335590362549],"predicted_tick":339,"role":"client","tick":339,"time_ms":6081,"wall_ms":1791532982728.0,"yaw":1.57079637050629}
S03R {"aim_yaw":1.5707963267949,"event":"input_send","index":12,"move":[-1.0,0.0],"role":"client","sample_ticks_ms":6093,"sample_wall_ms":1791532982740.0,"send_ticks_ms":6093,"send_wall_ms":1791532982740.0,"sequence":340,"time_ms":6093,"wall_ms":1791532982740.0}
S03R {"event":"prediction","history_size":6,"position":[6.08333349227905,0.00100005290005356,8.08335590362549],"predicted_tick":340,"role":"client","tick":340,"time_ms":6097,"wall_ms":1791532982745.0,"yaw":1.57079637050629}
S03R {"event":"prediction","history_size":7,"position":[6.0,0.00100005290005356,8.08335590362549],"predicted_tick":341,"role":"client","tick":341,"time_ms":6106,"wall_ms":1791532982755.0,"yaw":1.57079637050629}
S03R {"event":"state_receive","role":"client","rows":[{"entity":1,"sequence":340,"tick":381},{"entity":2,"sequence":337,"tick":381}],"time_ms":6109,"wall_ms":1791532982757.0}
S03R {"aim_yaw":0.0,"event":"keys","move":[0.0,0.0],"role":"client","tick":342,"time_ms":6120,"wall_ms":1791532982768.0}
S03R {"authority_install_error_m":0.0,"entity":1,"event":"apply","pose":{"control":1,"durable":2,"entity":1,"last_input_tick":340,"position":[0.0,0.00100011611357331,10.9999923706055],"receipt_ms":6109,"sequence":340,"tick":381,"velocity":[0.0,0.0,0.0],"yaw":0.0},"position":[0.0,0.00100011611357331,10.9999923706055],"time_ms":6123,"wall_ms":1791532982771.0,"yaw":0.0}
S03R {"ack_input_tick":337,"cause":"none","correction_m":0.0,"correction_yaw_deg":0.0,"event":"correction","history_exhausted":false,"replay_frames":4,"replay_usec":72,"role":"client","tick":342,"time_ms":6125,"wall_ms":1791532982774.0}
S03R {"authority_install_error_m":0.0,"entity":2,"event":"apply","pose":{"control":1,"durable":2,"entity":2,"last_input_tick":337,"position":[6.33333396911621,0.00100005290005356,8.08335590362549],"receipt_ms":6109,"sequence":337,"tick":381,"velocity":[-5.0,0.0,0.0],"yaw":1.57079637050629},"position":[6.0,0.00100005290005356,8.08335590362549],"time_ms":6129,"wall_ms":1791532982777.0,"yaw":1.57079637050629}
S03R {"event":"prediction","history_size":5,"position":[6.0,0.00100005290005356,8.08335590362549],"predicted_tick":342,"role":"client","tick":342,"time_ms":6134,"wall_ms":1791532982781.0,"yaw":0.0}
S03R {"event":"prediction","history_size":6,"position":[6.0,0.00100005290005356,8.08335590362549],"predicted_tick":343,"role":"client","tick":343,"time_ms":6146,"wall_ms":1791532982794.0,"yaw":0.0}
S03R {"event":"prediction","history_size":7,"position":[6.0,0.00100005290005356,8.08335590362549],"predicted_tick":344,"role":"client","tick":344,"time_ms":6160,"wall_ms":1791532982808.0,"yaw":0.0}
S03R {"event":"state_receive","role":"client","rows":[{"entity":1,"sequence":343,"tick":384},{"entity":2,"sequence":340,"tick":384}],"time_ms":6165,"wall_ms":1791532982813.0}
S03R {"authority_install_error_m":0.0,"entity":1,"event":"apply","pose":{"control":1,"durable":2,"entity":1,"last_input_tick":343,"position":[0.0,0.00100011611357331,10.9999923706055],"receipt_ms":6165,"sequence":343,"tick":384,"velocity":[0.0,0.0,0.0],"yaw":0.0},"position":[0.0,0.00100011611357331,10.9999923706055],"time_ms":6173,"wall_ms":1791532982821.0,"yaw":0.0}
S03R {"ack_input_tick":340,"cause":"none","correction_m":0.0,"correction_yaw_deg":0.0,"event":"correction","history_exhausted":false,"replay_frames":4,"replay_usec":107,"role":"client","tick":345,"time_ms":6178,"wall_ms":1791532982826.0}
S03R {"authority_install_error_m":0.0,"entity":2,"event":"apply","pose":{"control":1,"durable":2,"entity":2,"last_input_tick":340,"position":[6.08333349227905,0.00100005290005356,8.08335590362549],"receipt_ms":6165,"sequence":340,"tick":384,"velocity":[-5.0,0.0,0.0],"yaw":1.57079637050629},"position":[6.0,0.00100005290005356,8.08335590362549],"time_ms":6182,"wall_ms":1791532982830.0,"yaw":0.0}
S03R {"event":"prediction","history_size":5,"position":[6.0,0.00100005290005356,8.08335590362549],"predicted_tick":345,"role":"client","tick":345,"time_ms":6184,"wall_ms":1791532982832.0,"yaw":0.0}
S03R {"event":"prediction","history_size":6,"position":[6.0,0.00100005290005356,8.08335590362549],"predicted_tick":346,"role":"client","tick":346,"time_ms":6195,"wall_ms":1791532982843.0,"yaw":0.0}
S03R {"event":"prediction","history_size":7,"position":[6.0,0.00100005290005356,8.08335590362549],"predicted_tick":347,"role":"client","tick":347,"time_ms":6208,"wall_ms":1791532982857.0,"yaw":0.0}
S03R {"event":"state_receive","role":"client","rows":[{"entity":1,"sequence":346,"tick":387},{"entity":2,"sequence":343,"tick":387}],"time_ms":6213,"wall_ms":1791532982861.0}
S03R {"authority_install_error_m":0.0,"entity":1,"event":"apply","pose":{"control":1,"durable":2,"entity":1,"last_input_tick":346,"position":[0.0,0.00100011611357331,10.9999923706055],"receipt_ms":6213,"sequence":346,"tick":387,"velocity":[0.0,0.0,0.0],"yaw":0.0},"position":[0.0,0.00100011611357331,10.9999923706055],"time_ms":6222,"wall_ms":1791532982870.0,"yaw":0.0}
S03R {"ack_input_tick":343,"cause":"none","correction_m":0.0,"correction_yaw_deg":0.0,"event":"correction","history_exhausted":false,"replay_frames":4,"replay_usec":59,"role":"client","tick":348,"time_ms":6225,"wall_ms":1791532982873.0}
S03R {"authority_install_error_m":0.0,"entity":2,"event":"apply","pose":{"control":1,"durable":2,"entity":2,"last_input_tick":343,"position":[6.0,0.00100005290005356,8.08335590362549],"receipt_ms":6213,"sequence":343,"tick":387,"velocity":[0.0,0.0,0.0],"yaw":0.0},"position":[6.0,0.00100005290005356,8.08335590362549],"time_ms":6227,"wall_ms":1791532982875.0,"yaw":0.0}
S03R {"event":"prediction","history_size":5,"position":[6.0,0.00100005290005356,8.08335590362549],"predicted_tick":348,"role":"client","tick":348,"time_ms":6230,"wall_ms":1791532982878.0,"yaw":0.0}
S03R {"event":"prediction","history_size":6,"position":[6.0,0.00100005290005356,8.08335590362549],"predicted_tick":349,"role":"client","tick":349,"time_ms":6243,"wall_ms":1791532982891.0,"yaw":0.0}
S03R {"event":"prediction","history_size":7,"position":[6.0,0.00100005290005356,8.08335590362549],"predicted_tick":350,"role":"client","tick":350,"time_ms":6257,"wall_ms":1791532982905.0,"yaw":0.0}
S03R {"event":"state_receive","role":"client","rows":[{"entity":1,"sequence":349,"tick":390},{"entity":2,"sequence":346,"tick":390}],"time_ms":6260,"wall_ms":1791532982909.0}
S03R {"authority_install_error_m":0.0,"entity":1,"event":"apply","pose":{"control":1,"durable":2,"entity":1,"last_input_tick":349,"position":[0.0,0.00100011611357331,10.9999923706055],"receipt_ms":6260,"sequence":349,"tick":390,"velocity":[0.0,0.0,0.0],"yaw":0.0},"position":[0.0,0.00100011611357331,10.9999923706055],"time_ms":6270,"wall_ms":1791532982918.0,"yaw":0.0}
S03R {"ack_input_tick":346,"cause":"none","correction_m":0.0,"correction_yaw_deg":0.0,"event":"correction","history_exhausted":false,"replay_frames":4,"replay_usec":89,"role":"client","tick":351,"time_ms":6273,"wall_ms":1791532982922.0}
S03R {"authority_install_error_m":0.0,"entity":2,"event":"apply","pose":{"control":1,"durable":2,"entity":2,"last_input_tick":346,"position":[6.0,0.00100005290005356,8.08335590362549],"receipt_ms":6260,"sequence":346,"tick":390,"velocity":[0.0,0.0,0.0],"yaw":0.0},"position":[6.0,0.00100005290005356,8.08335590362549],"time_ms":6275,"wall_ms":1791532982924.0,"yaw":0.0}
S03R {"event":"prediction","history_size":5,"position":[6.0,0.00100005290005356,8.08335590362549],"predicted_tick":351,"role":"client","tick":351,"time_ms":6278,"wall_ms":1791532982926.0,"yaw":0.0}
S03R {"event":"prediction","history_size":6,"position":[6.0,0.00100005290005356,8.08335590362549],"predicted_tick":352,"role":"client","tick":352,"time_ms":6291,"wall_ms":1791532982939.0,"yaw":0.0}
S03R {"event":"prediction","history_size":7,"position":[6.0,0.00100005290005356,8.08335590362549],"predicted_tick":353,"role":"client","tick":353,"time_ms":6305,"wall_ms":1791532982953.0,"yaw":0.0}
S03R {"event":"state_receive","role":"client","rows":[{"entity":1,"sequence":352,"tick":393},{"entity":2,"sequence":349,"tick":393}],"time_ms":6309,"wall_ms":1791532982956.0}
S03R {"authority_install_error_m":0.0,"entity":1,"event":"apply","pose":{"control":1,"durable":2,"entity":1,"last_input_tick":352,"position":[0.0,0.00100011611357331,10.9999923706055],"receipt_ms":6309,"sequence":352,"tick":393,"velocity":[0.0,0.0,0.0],"yaw":0.0},"position":[0.0,0.00100011611357331,10.9999923706055],"time_ms":6326,"wall_ms":1791532982973.0,"yaw":0.0}
S03R {"ack_input_tick":349,"cause":"none","correction_m":0.0,"correction_yaw_deg":0.0,"event":"correction","history_exhausted":false,"replay_frames":4,"replay_usec":86,"role":"client","tick":354,"time_ms":6330,"wall_ms":1791532982978.0}
S03R {"authority_install_error_m":0.0,"entity":2,"event":"apply","pose":{"control":1,"durable":2,"entity":2,"last_input_tick":349,"position":[6.0,0.00100005290005356,8.08335590362549],"receipt_ms":6309,"sequence":349,"tick":393,"velocity":[0.0,0.0,0.0],"yaw":0.0},"position":[6.0,0.00100005290005356,8.08335590362549],"time_ms":6334,"wall_ms":1791532982982.0,"yaw":0.0}
S03R {"event":"prediction","history_size":5,"position":[6.0,0.00100005290005356,8.08335590362549],"predicted_tick":354,"role":"client","tick":354,"time_ms":6338,"wall_ms":1791532982986.0,"yaw":0.0}
S03R {"event":"prediction","history_size":6,"position":[6.0,0.00100005290005356,8.08335590362549],"predicted_tick":355,"role":"client","tick":355,"time_ms":6341,"wall_ms":1791532982989.0,"yaw":0.0}
S03R {"event":"prediction","history_size":7,"position":[6.0,0.00100005290005356,8.08335590362549],"predicted_tick":356,"role":"client","tick":356,"time_ms":6355,"wall_ms":1791532983003.0,"yaw":0.0}
S03R {"event":"state_receive","role":"client","rows":[{"entity":1,"sequence":355,"tick":396},{"entity":2,"sequence":352,"tick":396}],"time_ms":6358,"wall_ms":1791532983006.0}
S03R {"authority_install_error_m":0.0,"entity":1,"event":"apply","pose":{"control":1,"durable":2,"entity":1,"last_input_tick":355,"position":[0.0,0.00100011611357331,10.9999923706055],"receipt_ms":6358,"sequence":355,"tick":396,"velocity":[0.0,0.0,0.0],"yaw":0.0},"position":[0.0,0.00100011611357331,10.9999923706055],"time_ms":6376,"wall_ms":1791532983024.0,"yaw":0.0}
S03R {"ack_input_tick":352,"cause":"none","correction_m":0.0,"correction_yaw_deg":0.0,"event":"correction","history_exhausted":false,"replay_frames":4,"replay_usec":59,"role":"client","tick":357,"time_ms":6378,"wall_ms":1791532983027.0}
S03R {"authority_install_error_m":0.0,"entity":2,"event":"apply","pose":{"control":1,"durable":2,"entity":2,"last_input_tick":352,"position":[6.0,0.00100005290005356,8.08335590362549],"receipt_ms":6358,"sequence":352,"tick":396,"velocity":[0.0,0.0,0.0],"yaw":0.0},"position":[6.0,0.00100005290005356,8.08335590362549],"time_ms":6382,"wall_ms":1791532983030.0,"yaw":0.0}
S03R {"event":"prediction","history_size":5,"position":[6.0,0.00100005290005356,8.08335590362549],"predicted_tick":357,"role":"client","tick":357,"time_ms":6385,"wall_ms":1791532983033.0,"yaw":0.0}
S03R {"event":"prediction","history_size":6,"position":[6.0,0.00100005290005356,8.08335590362549],"predicted_tick":358,"role":"client","tick":358,"time_ms":6390,"wall_ms":1791532983038.0,"yaw":0.0}
S03R {"event":"prediction","history_size":7,"position":[6.0,0.00100005290005356,8.08335590362549],"predicted_tick":359,"role":"client","tick":359,"time_ms":6403,"wall_ms":1791532983051.0,"yaw":0.0}
S03R {"event":"state_receive","role":"client","rows":[{"entity":1,"sequence":358,"tick":399},{"entity":2,"sequence":355,"tick":399}],"time_ms":6407,"wall_ms":1791532983055.0}
S03R {"aim_yaw":0.0,"event":"input","index":13,"move":[0.0,-1.0],"position":[6.0,0.00100005290005356,8.08335590362549],"role":"client","sequence_floor":360,"tick":360,"time_ms":6424,"wall_ms":1791532983072.0,"yaw":0.0}
S03R {"aim_yaw":0.0,"event":"keys","move":[0.0,-1.0],"role":"client","tick":360,"time_ms":6436,"wall_ms":1791532983084.0}
S03R {"aim_yaw":0.0,"event":"input_send","index":13,"move":[0.0,-1.0],"role":"client","sample_ticks_ms":6440,"sample_wall_ms":1791532983088.0,"send_ticks_ms":6441,"send_wall_ms":1791532983088.0,"sequence":360,"time_ms":6441,"wall_ms":1791532983088.0}
S03R {"authority_install_error_m":0.0,"entity":1,"event":"apply","pose":{"control":1,"durable":2,"entity":1,"last_input_tick":358,"position":[0.0,0.00100011611357331,10.9999923706055],"receipt_ms":6407,"sequence":358,"tick":399,"velocity":[0.0,0.0,0.0],"yaw":0.0},"position":[0.0,0.00100011611357331,10.9999923706055],"time_ms":6443,"wall_ms":1791532983091.0,"yaw":0.0}
S03R {"ack_input_tick":355,"cause":"none","correction_m":0.0,"correction_yaw_deg":0.0,"event":"correction","history_exhausted":false,"replay_frames":4,"replay_usec":122,"role":"client","tick":360,"time_ms":6448,"wall_ms":1791532983095.0}
S03R {"authority_install_error_m":0.0,"entity":2,"event":"apply","pose":{"control":1,"durable":2,"entity":2,"last_input_tick":355,"position":[6.0,0.00100005290005356,8.08335590362549],"receipt_ms":6407,"sequence":355,"tick":399,"velocity":[0.0,0.0,0.0],"yaw":0.0},"position":[6.0,0.00100005290005356,8.08335590362549],"time_ms":6452,"wall_ms":1791532983099.0,"yaw":0.0}
S03R {"event":"prediction","history_size":5,"position":[6.0,0.00100005290005356,8.00002288818359],"predicted_tick":360,"role":"client","tick":360,"time_ms":6456,"wall_ms":1791532983104.0,"yaw":0.0}
S03R {"event":"state_receive","role":"client","rows":[{"entity":1,"sequence":361,"tick":402},{"entity":2,"sequence":358,"tick":402}],"time_ms":6461,"wall_ms":1791532983109.0}
S03R {"authority_install_error_m":0.0,"entity":1,"event":"apply","pose":{"control":1,"durable":2,"entity":1,"last_input_tick":361,"position":[0.0,0.00100011611357331,10.9999923706055],"receipt_ms":6461,"sequence":361,"tick":402,"velocity":[0.0,0.0,0.0],"yaw":0.0},"position":[0.0,0.00100011611357331,10.9999923706055],"time_ms":6465,"wall_ms":1791532983113.0,"yaw":0.0}
S03R {"ack_input_tick":358,"cause":"none","correction_m":0.0,"correction_yaw_deg":0.0,"event":"correction","history_exhausted":false,"replay_frames":2,"replay_usec":42,"role":"client","tick":361,"time_ms":6469,"wall_ms":1791532983117.0}
S03R {"authority_install_error_m":0.0,"entity":2,"event":"apply","pose":{"control":1,"durable":2,"entity":2,"last_input_tick":358,"position":[6.0,0.00100005290005356,8.08335590362549],"receipt_ms":6461,"sequence":358,"tick":402,"velocity":[0.0,0.0,0.0],"yaw":0.0},"position":[6.0,0.00100005290005356,8.00002288818359],"time_ms":6471,"wall_ms":1791532983119.0,"yaw":0.0}
S03R {"event":"prediction","history_size":3,"position":[6.0,0.00100005290005356,7.91668939590454],"predicted_tick":361,"role":"client","tick":361,"time_ms":6473,"wall_ms":1791532983122.0,"yaw":0.0}
S03R {"aim_yaw":0.0,"event":"input_send","index":13,"move":[0.0,-1.0],"role":"client","sample_ticks_ms":6476,"sample_wall_ms":1791532983125.0,"send_ticks_ms":6477,"send_wall_ms":1791532983125.0,"sequence":362,"time_ms":6477,"wall_ms":1791532983125.0}
S03R {"event":"prediction","history_size":4,"position":[6.0,0.00100005290005356,7.83335590362549],"predicted_tick":362,"role":"client","tick":362,"time_ms":6479,"wall_ms":1791532983128.0,"yaw":0.0}
S03R {"event":"prediction","history_size":5,"position":[6.0,0.00100005290005356,7.75002241134644],"predicted_tick":363,"role":"client","tick":363,"time_ms":6482,"wall_ms":1791532983130.0,"yaw":0.0}
S03R {"aim_yaw":0.0,"event":"input_send","index":13,"move":[0.0,-1.0],"role":"client","sample_ticks_ms":6487,"sample_wall_ms":1791532983135.0,"send_ticks_ms":6487,"send_wall_ms":1791532983135.0,"sequence":364,"time_ms":6487,"wall_ms":1791532983135.0}
S03R {"event":"prediction","history_size":6,"position":[6.0,0.00100005290005356,7.66668891906738],"predicted_tick":364,"role":"client","tick":364,"time_ms":6490,"wall_ms":1791532983138.0,"yaw":0.0}
S03R {"event":"prediction","history_size":7,"position":[6.0,0.00100005290005356,7.58335542678833],"predicted_tick":365,"role":"client","tick":365,"time_ms":6495,"wall_ms":1791532983143.0,"yaw":0.0}
S03R {"event":"state_receive","role":"client","rows":[{"entity":1,"sequence":364,"tick":405},{"entity":2,"sequence":361,"tick":405}],"time_ms":6510,"wall_ms":1791532983158.0}
S03R {"aim_yaw":0.0,"event":"input_send","index":13,"move":[0.0,-1.0],"role":"client","sample_ticks_ms":6516,"sample_wall_ms":1791532983164.0,"send_ticks_ms":6517,"send_wall_ms":1791532983164.0,"sequence":366,"time_ms":6517,"wall_ms":1791532983164.0}
S03R {"authority_install_error_m":0.0,"entity":1,"event":"apply","pose":{"control":1,"durable":2,"entity":1,"last_input_tick":364,"position":[0.0,0.00100011611357331,10.9999923706055],"receipt_ms":6510,"sequence":364,"tick":405,"velocity":[0.0,0.0,0.0],"yaw":0.0},"position":[0.0,0.00100011611357331,10.9999923706055],"time_ms":6519,"wall_ms":1791532983167.0,"yaw":0.0}
S03R {"ack_input_tick":361,"cause":"none","correction_m":0.0,"correction_yaw_deg":0.0,"event":"correction","history_exhausted":false,"replay_frames":4,"replay_usec":91,"role":"client","tick":366,"time_ms":6524,"wall_ms":1791532983172.0}
S03R {"authority_install_error_m":0.0,"entity":2,"event":"apply","pose":{"control":1,"durable":2,"entity":2,"last_input_tick":361,"position":[6.0,0.00100005290005356,7.91668939590454],"receipt_ms":6510,"sequence":361,"tick":405,"velocity":[0.0,0.0,-5.0],"yaw":0.0},"position":[6.0,0.00100005290005356,7.58335542678833],"time_ms":6528,"wall_ms":1791532983176.0,"yaw":0.0}
S03R {"event":"prediction","history_size":5,"position":[6.0,0.00100005290005356,7.50002193450928],"predicted_tick":366,"role":"client","tick":366,"time_ms":6532,"wall_ms":1791532983180.0,"yaw":0.0}
S03R {"event":"prediction","history_size":6,"position":[6.0,0.00100005290005356,7.41668844223022],"predicted_tick":367,"role":"client","tick":367,"time_ms":6544,"wall_ms":1791532983192.0,"yaw":0.0}
S03R {"event":"state_receive","role":"client","rows":[{"entity":1,"sequence":367,"tick":408},{"entity":2,"sequence":364,"tick":408}],"time_ms":6558,"wall_ms":1791532983206.0}
S03R {"aim_yaw":0.0,"event":"input_send","index":13,"move":[0.0,-1.0],"role":"client","sample_ticks_ms":6565,"sample_wall_ms":1791532983213.0,"send_ticks_ms":6565,"send_wall_ms":1791532983213.0,"sequence":368,"time_ms":6565,"wall_ms":1791532983213.0}
S03R {"authority_install_error_m":0.0,"entity":1,"event":"apply","pose":{"control":1,"durable":2,"entity":1,"last_input_tick":367,"position":[0.0,0.00100011611357331,10.9999923706055],"receipt_ms":6558,"sequence":367,"tick":408,"velocity":[0.0,0.0,0.0],"yaw":0.0},"position":[0.0,0.00100011611357331,10.9999923706055],"time_ms":6567,"wall_ms":1791532983216.0,"yaw":0.0}
S03R {"ack_input_tick":364,"cause":"none","correction_m":0.0,"correction_yaw_deg":0.0,"event":"correction","history_exhausted":false,"replay_frames":3,"replay_usec":81,"role":"client","tick":368,"time_ms":6572,"wall_ms":1791532983219.0}
S03R {"authority_install_error_m":0.0,"entity":2,"event":"apply","pose":{"control":1,"durable":2,"entity":2,"last_input_tick":364,"position":[6.0,0.00100005290005356,7.66668891906738],"receipt_ms":6558,"sequence":364,"tick":408,"velocity":[0.0,0.0,-5.0],"yaw":0.0},"position":[6.0,0.00100005290005356,7.41668844223022],"time_ms":6576,"wall_ms":1791532983223.0,"yaw":0.0}
S03R {"event":"prediction","history_size":4,"position":[6.0,0.00100005290005356,7.33335494995117],"predicted_tick":368,"role":"client","tick":368,"time_ms":6580,"wall_ms":1791532983228.0,"yaw":0.0}
S03R {"event":"prediction","history_size":5,"position":[6.0,0.00100005290005356,7.25002145767212],"predicted_tick":369,"role":"client","tick":369,"time_ms":6585,"wall_ms":1791532983233.0,"yaw":0.0}
S03R {"aim_yaw":0.0,"event":"input_send","index":13,"move":[0.0,-1.0],"role":"client","sample_ticks_ms":6592,"sample_wall_ms":1791532983240.0,"send_ticks_ms":6592,"send_wall_ms":1791532983240.0,"sequence":370,"time_ms":6592,"wall_ms":1791532983240.0}
S03R {"event":"prediction","history_size":6,"position":[6.0,0.00100005290005356,7.16668796539307],"predicted_tick":370,"role":"client","tick":370,"time_ms":6594,"wall_ms":1791532983242.0,"yaw":0.0}
S03R {"event":"prediction","history_size":7,"position":[6.0,0.00100005290005356,7.08335447311401],"predicted_tick":371,"role":"client","tick":371,"time_ms":6606,"wall_ms":1791532983254.0,"yaw":0.0}
S03R {"event":"state_receive","role":"client","rows":[{"entity":1,"sequence":370,"tick":411},{"entity":2,"sequence":367,"tick":411}],"time_ms":6610,"wall_ms":1791532983259.0}
S03R {"aim_yaw":0.0,"event":"keys","move":[0.0,0.0],"role":"client","tick":372,"time_ms":6619,"wall_ms":1791532983267.0}
S03R {"authority_install_error_m":0.0,"entity":1,"event":"apply","pose":{"control":1,"durable":2,"entity":1,"last_input_tick":370,"position":[0.0,0.00100011611357331,10.9999923706055],"receipt_ms":6610,"sequence":370,"tick":411,"velocity":[0.0,0.0,0.0],"yaw":0.0},"position":[0.0,0.00100011611357331,10.9999923706055],"time_ms":6622,"wall_ms":1791532983270.0,"yaw":0.0}
S03R {"ack_input_tick":367,"cause":"none","correction_m":0.0,"correction_yaw_deg":0.0,"event":"correction","history_exhausted":false,"replay_frames":4,"replay_usec":122,"role":"client","tick":372,"time_ms":6625,"wall_ms":1791532983273.0}
S03R {"authority_install_error_m":0.0,"entity":2,"event":"apply","pose":{"control":1,"durable":2,"entity":2,"last_input_tick":367,"position":[6.0,0.00100005290005356,7.41668844223022],"receipt_ms":6610,"sequence":367,"tick":411,"velocity":[0.0,0.0,-5.0],"yaw":0.0},"position":[6.0,0.00100005290005356,7.08335447311401],"time_ms":6627,"wall_ms":1791532983275.0,"yaw":0.0}
S03R {"event":"prediction","history_size":5,"position":[6.0,0.00100005290005356,7.08335447311401],"predicted_tick":372,"role":"client","tick":372,"time_ms":6630,"wall_ms":1791532983278.0,"yaw":0.0}
S03R {"event":"prediction","history_size":6,"position":[6.0,0.00100005290005356,7.08335447311401],"predicted_tick":373,"role":"client","tick":373,"time_ms":6635,"wall_ms":1791532983284.0,"yaw":0.0}
S03R {"event":"prediction","history_size":7,"position":[6.0,0.00100005290005356,7.08335447311401],"predicted_tick":374,"role":"client","tick":374,"time_ms":6649,"wall_ms":1791532983297.0,"yaw":0.0}
S03R {"event":"prediction","history_size":8,"position":[6.0,0.00100005290005356,7.08335447311401],"predicted_tick":375,"role":"client","tick":375,"time_ms":6663,"wall_ms":1791532983312.0,"yaw":0.0}
S03R {"event":"state_receive","role":"client","rows":[{"entity":1,"sequence":373,"tick":414},{"entity":2,"sequence":370,"tick":414}],"time_ms":6667,"wall_ms":1791532983316.0}
S03R {"authority_install_error_m":0.0,"entity":1,"event":"apply","pose":{"control":1,"durable":2,"entity":1,"last_input_tick":373,"position":[0.0,0.00100011611357331,10.9999923706055],"receipt_ms":6667,"sequence":373,"tick":414,"velocity":[0.0,0.0,0.0],"yaw":0.0},"position":[0.0,0.00100011611357331,10.9999923706055],"time_ms":6684,"wall_ms":1791532983332.0,"yaw":0.0}
S03R {"ack_input_tick":370,"cause":"none","correction_m":0.0,"correction_yaw_deg":0.0,"event":"correction","history_exhausted":false,"replay_frames":5,"replay_usec":60,"role":"client","tick":376,"time_ms":6688,"wall_ms":1791532983335.0}
S03R {"authority_install_error_m":0.0,"entity":2,"event":"apply","pose":{"control":1,"durable":2,"entity":2,"last_input_tick":370,"position":[6.0,0.00100005290005356,7.16668796539307],"receipt_ms":6667,"sequence":370,"tick":414,"velocity":[0.0,0.0,-5.0],"yaw":0.0},"position":[6.0,0.00100005290005356,7.08335447311401],"time_ms":6692,"wall_ms":1791532983340.0,"yaw":0.0}
S03R {"event":"prediction","history_size":6,"position":[6.0,0.00100005290005356,7.08335447311401],"predicted_tick":376,"role":"client","tick":376,"time_ms":6696,"wall_ms":1791532983345.0,"yaw":0.0}
S03R {"event":"prediction","history_size":7,"position":[6.0,0.00100005290005356,7.08335447311401],"predicted_tick":377,"role":"client","tick":377,"time_ms":6699,"wall_ms":1791532983348.0,"yaw":0.0}
S03R {"event":"state_receive","role":"client","rows":[{"entity":1,"sequence":376,"tick":417},{"entity":2,"sequence":373,"tick":417}],"time_ms":6706,"wall_ms":1791532983354.0}
S03R {"authority_install_error_m":0.0,"entity":1,"event":"apply","pose":{"control":1,"durable":2,"entity":1,"last_input_tick":376,"position":[0.0,0.00100011611357331,10.9999923706055],"receipt_ms":6706,"sequence":376,"tick":417,"velocity":[0.0,0.0,0.0],"yaw":0.0},"position":[0.0,0.00100011611357331,10.9999923706055],"time_ms":6713,"wall_ms":1791532983361.0,"yaw":0.0}
S03R {"ack_input_tick":373,"cause":"none","correction_m":0.0,"correction_yaw_deg":0.0,"event":"correction","history_exhausted":false,"replay_frames":4,"replay_usec":56,"role":"client","tick":378,"time_ms":6717,"wall_ms":1791532983365.0}
S03R {"authority_install_error_m":0.0,"entity":2,"event":"apply","pose":{"control":1,"durable":2,"entity":2,"last_input_tick":373,"position":[6.0,0.00100005290005356,7.08335447311401],"receipt_ms":6706,"sequence":373,"tick":417,"velocity":[0.0,0.0,0.0],"yaw":0.0},"position":[6.0,0.00100005290005356,7.08335447311401],"time_ms":6722,"wall_ms":1791532983369.0,"yaw":0.0}
S03R {"event":"prediction","history_size":5,"position":[6.0,0.00100005290005356,7.08335447311401],"predicted_tick":378,"role":"client","tick":378,"time_ms":6724,"wall_ms":1791532983372.0,"yaw":0.0}
S03R {"event":"prediction","history_size":6,"position":[6.0,0.00100005290005356,7.08335447311401],"predicted_tick":379,"role":"client","tick":379,"time_ms":6728,"wall_ms":1791532983375.0,"yaw":0.0}
S03R {"event":"prediction","history_size":7,"position":[6.0,0.00100005290005356,7.08335447311401],"predicted_tick":380,"role":"client","tick":380,"time_ms":6748,"wall_ms":1791532983396.0,"yaw":0.0}
S03R {"event":"state_receive","role":"client","rows":[{"entity":1,"sequence":379,"tick":420},{"entity":2,"sequence":376,"tick":420}],"time_ms":6753,"wall_ms":1791532983402.0}
S03R {"authority_install_error_m":0.0,"entity":1,"event":"apply","pose":{"control":1,"durable":2,"entity":1,"last_input_tick":379,"position":[0.0,0.00100011611357331,10.9999923706055],"receipt_ms":6753,"sequence":379,"tick":420,"velocity":[0.0,0.0,0.0],"yaw":0.0},"position":[0.0,0.00100011611357331,10.9999923706055],"time_ms":6762,"wall_ms":1791532983410.0,"yaw":0.0}
S03R {"ack_input_tick":376,"cause":"none","correction_m":0.0,"correction_yaw_deg":0.0,"event":"correction","history_exhausted":false,"replay_frames":4,"replay_usec":61,"role":"client","tick":381,"time_ms":6765,"wall_ms":1791532983412.0}
S03R {"authority_install_error_m":0.0,"entity":2,"event":"apply","pose":{"control":1,"durable":2,"entity":2,"last_input_tick":376,"position":[6.0,0.00100005290005356,7.08335447311401],"receipt_ms":6753,"sequence":376,"tick":420,"velocity":[0.0,0.0,0.0],"yaw":0.0},"position":[6.0,0.00100005290005356,7.08335447311401],"time_ms":6767,"wall_ms":1791532983415.0,"yaw":0.0}
S03R {"event":"prediction","history_size":5,"position":[6.0,0.00100005290005356,7.08335447311401],"predicted_tick":381,"role":"client","tick":381,"time_ms":6772,"wall_ms":1791532983420.0,"yaw":0.0}
S03R {"event":"prediction","history_size":6,"position":[6.0,0.00100005290005356,7.08335447311401],"predicted_tick":382,"role":"client","tick":382,"time_ms":6784,"wall_ms":1791532983432.0,"yaw":0.0}
S03R {"event":"prediction","history_size":7,"position":[6.0,0.00100005290005356,7.08335447311401],"predicted_tick":383,"role":"client","tick":383,"time_ms":6798,"wall_ms":1791532983446.0,"yaw":0.0}
S03R {"event":"state_receive","role":"client","rows":[{"entity":1,"sequence":382,"tick":423},{"entity":2,"sequence":379,"tick":423}],"time_ms":6805,"wall_ms":1791532983453.0}
S03R {"authority_install_error_m":0.0,"entity":1,"event":"apply","pose":{"control":1,"durable":2,"entity":1,"last_input_tick":382,"position":[0.0,0.00100011611357331,10.9999923706055],"receipt_ms":6805,"sequence":382,"tick":423,"velocity":[0.0,0.0,0.0],"yaw":0.0},"position":[0.0,0.00100011611357331,10.9999923706055],"time_ms":6812,"wall_ms":1791532983459.0,"yaw":0.0}
S03R {"ack_input_tick":379,"cause":"none","correction_m":0.0,"correction_yaw_deg":0.0,"event":"correction","history_exhausted":false,"replay_frames":4,"replay_usec":111,"role":"client","tick":384,"time_ms":6814,"wall_ms":1791532983463.0}
S03R {"authority_install_error_m":0.0,"entity":2,"event":"apply","pose":{"control":1,"durable":2,"entity":2,"last_input_tick":379,"position":[6.0,0.00100005290005356,7.08335447311401],"receipt_ms":6805,"sequence":379,"tick":423,"velocity":[0.0,0.0,0.0],"yaw":0.0},"position":[6.0,0.00100005290005356,7.08335447311401],"time_ms":6817,"wall_ms":1791532983465.0,"yaw":0.0}
S03R {"event":"prediction","history_size":5,"position":[6.0,0.00100005290005356,7.08335447311401],"predicted_tick":384,"role":"client","tick":384,"time_ms":6821,"wall_ms":1791532983469.0,"yaw":0.0}
S03R {"event":"prediction","history_size":6,"position":[6.0,0.00100005290005356,7.08335447311401],"predicted_tick":385,"role":"client","tick":385,"time_ms":6833,"wall_ms":1791532983481.0,"yaw":0.0}
S03R {"event":"prediction","history_size":7,"position":[6.0,0.00100005290005356,7.08335447311401],"predicted_tick":386,"role":"client","tick":386,"time_ms":6847,"wall_ms":1791532983495.0,"yaw":0.0}
S03R {"event":"prediction","history_size":8,"position":[6.0,0.00100005290005356,7.08335447311401],"predicted_tick":387,"role":"client","tick":387,"time_ms":6868,"wall_ms":1791532983516.0,"yaw":0.0}
S03R {"event":"state_receive","role":"client","rows":[{"entity":1,"sequence":385,"tick":426},{"entity":2,"sequence":382,"tick":426}],"time_ms":6872,"wall_ms":1791532983520.0}
S03R {"authority_install_error_m":0.0,"entity":1,"event":"apply","pose":{"control":1,"durable":2,"entity":1,"last_input_tick":385,"position":[0.0,0.00100011611357331,10.9999923706055],"receipt_ms":6872,"sequence":385,"tick":426,"velocity":[0.0,0.0,0.0],"yaw":0.0},"position":[0.0,0.00100011611357331,10.9999923706055],"time_ms":6882,"wall_ms":1791532983529.0,"yaw":0.0}
S03R {"ack_input_tick":382,"cause":"none","correction_m":0.0,"correction_yaw_deg":0.0,"event":"correction","history_exhausted":false,"replay_frames":5,"replay_usec":63,"role":"client","tick":388,"time_ms":6886,"wall_ms":1791532983535.0}
S03R {"authority_install_error_m":0.0,"entity":2,"event":"apply","pose":{"control":1,"durable":2,"entity":2,"last_input_tick":382,"position":[6.0,0.00100005290005356,7.08335447311401],"receipt_ms":6872,"sequence":382,"tick":426,"velocity":[0.0,0.0,0.0],"yaw":0.0},"position":[6.0,0.00100005290005356,7.08335447311401],"time_ms":6890,"wall_ms":1791532983539.0,"yaw":0.0}
S03R {"event":"prediction","history_size":6,"position":[6.0,0.00100005290005356,7.08335447311401],"predicted_tick":388,"role":"client","tick":388,"time_ms":6893,"wall_ms":1791532983541.0,"yaw":0.0}
S03R {"event":"prediction","history_size":7,"position":[6.0,0.00100005290005356,7.08335447311401],"predicted_tick":389,"role":"client","tick":389,"time_ms":6896,"wall_ms":1791532983545.0,"yaw":0.0}
S03R {"event":"state_receive","role":"client","rows":[{"entity":1,"sequence":388,"tick":429},{"entity":2,"sequence":385,"tick":429}],"time_ms":6910,"wall_ms":1791532983558.0}
S03R {"aim_yaw":-1.5707963267949,"event":"input","index":14,"move":[1.0,0.0],"position":[6.0,0.00100005290005356,7.08335447311401],"role":"client","sequence_floor":390,"tick":390,"time_ms":6917,"wall_ms":1791532983565.0,"yaw":0.0}
S03R {"aim_yaw":-1.5707963267949,"event":"keys","move":[1.0,0.0],"role":"client","tick":390,"time_ms":6919,"wall_ms":1791532983568.0}
S03R {"aim_yaw":-1.5707963267949,"event":"input_send","index":14,"move":[1.0,0.0],"role":"client","sample_ticks_ms":6922,"sample_wall_ms":1791532983570.0,"send_ticks_ms":6922,"send_wall_ms":1791532983570.0,"sequence":390,"time_ms":6922,"wall_ms":1791532983570.0}
S03R {"authority_install_error_m":0.0,"entity":1,"event":"apply","pose":{"control":1,"durable":2,"entity":1,"last_input_tick":388,"position":[0.0,0.00100011611357331,10.9999923706055],"receipt_ms":6910,"sequence":388,"tick":429,"velocity":[0.0,0.0,0.0],"yaw":0.0},"position":[0.0,0.00100011611357331,10.9999923706055],"time_ms":6926,"wall_ms":1791532983573.0,"yaw":0.0}
S03R {"ack_input_tick":385,"cause":"none","correction_m":0.0,"correction_yaw_deg":0.0,"event":"correction","history_exhausted":false,"replay_frames":4,"replay_usec":62,"role":"client","tick":390,"time_ms":6930,"wall_ms":1791532983579.0}
S03R {"authority_install_error_m":0.0,"entity":2,"event":"apply","pose":{"control":1,"durable":2,"entity":2,"last_input_tick":385,"position":[6.0,0.00100005290005356,7.08335447311401],"receipt_ms":6910,"sequence":385,"tick":429,"velocity":[0.0,0.0,0.0],"yaw":0.0},"position":[6.0,0.00100005290005356,7.08335447311401],"time_ms":6934,"wall_ms":1791532983582.0,"yaw":0.0}
S03R {"event":"prediction","history_size":5,"position":[6.08333349227905,0.00100005290005356,7.08335447311401],"predicted_tick":390,"role":"client","tick":390,"time_ms":6937,"wall_ms":1791532983585.0,"yaw":-1.57079637050629}
S03R {"event":"prediction","history_size":6,"position":[6.16666698455811,0.00100005290005356,7.08335447311401],"predicted_tick":391,"role":"client","tick":391,"time_ms":6942,"wall_ms":1791532983590.0,"yaw":-1.57079637050629}
S03R {"event":"state_receive","role":"client","rows":[{"entity":1,"sequence":391,"tick":432},{"entity":2,"sequence":388,"tick":432}],"time_ms":6946,"wall_ms":1791532983594.0}
S03R {"aim_yaw":-1.5707963267949,"event":"input_send","index":14,"move":[1.0,0.0],"role":"client","sample_ticks_ms":6956,"sample_wall_ms":1791532983604.0,"send_ticks_ms":6956,"send_wall_ms":1791532983605.0,"sequence":392,"time_ms":6956,"wall_ms":1791532983605.0}
S03R {"authority_install_error_m":0.0,"entity":1,"event":"apply","pose":{"control":1,"durable":2,"entity":1,"last_input_tick":391,"position":[0.0,0.00100011611357331,10.9999923706055],"receipt_ms":6946,"sequence":391,"tick":432,"velocity":[0.0,0.0,0.0],"yaw":0.0},"position":[0.0,0.00100011611357331,10.9999923706055],"time_ms":6959,"wall_ms":1791532983607.0,"yaw":0.0}
S03R {"ack_input_tick":388,"cause":"none","correction_m":0.0,"correction_yaw_deg":0.0,"event":"correction","history_exhausted":false,"replay_frames":3,"replay_usec":57,"role":"client","tick":392,"time_ms":6961,"wall_ms":1791532983609.0}
S03R {"authority_install_error_m":0.0,"entity":2,"event":"apply","pose":{"control":1,"durable":2,"entity":2,"last_input_tick":388,"position":[6.0,0.00100005290005356,7.08335447311401],"receipt_ms":6946,"sequence":388,"tick":432,"velocity":[0.0,0.0,0.0],"yaw":0.0},"position":[6.16666698455811,0.00100005290005356,7.08335447311401],"time_ms":6963,"wall_ms":1791532983611.0,"yaw":-1.57079637050629}
S03R {"event":"prediction","history_size":4,"position":[6.25000047683716,0.00100005290005356,7.08335447311401],"predicted_tick":392,"role":"client","tick":392,"time_ms":6968,"wall_ms":1791532983616.0,"yaw":-1.57079637050629}
S03R {"event":"prediction","history_size":5,"position":[6.33333396911621,0.00100005290005356,7.08335447311401],"predicted_tick":393,"role":"client","tick":393,"time_ms":6978,"wall_ms":1791532983627.0,"yaw":-1.57079637050629}
S03R {"aim_yaw":-1.5707963267949,"event":"input_send","index":14,"move":[1.0,0.0],"role":"client","sample_ticks_ms":6992,"sample_wall_ms":1791532983640.0,"send_ticks_ms":6992,"send_wall_ms":1791532983640.0,"sequence":394,"time_ms":6992,"wall_ms":1791532983640.0}
S03R {"event":"prediction","history_size":6,"position":[6.41666746139526,0.00100005290005356,7.08335447311401],"predicted_tick":394,"role":"client","tick":394,"time_ms":6994,"wall_ms":1791532983642.0,"yaw":-1.57079637050629}
S03R {"event":"state_receive","role":"client","rows":[{"entity":1,"sequence":394,"tick":435},{"entity":2,"sequence":391,"tick":435}],"time_ms":6997,"wall_ms":1791532983646.0}
S03R {"authority_install_error_m":0.0,"entity":1,"event":"apply","pose":{"control":1,"durable":2,"entity":1,"last_input_tick":394,"position":[0.0,0.00100011611357331,10.9999923706055],"receipt_ms":6997,"sequence":394,"tick":435,"velocity":[0.0,0.0,0.0],"yaw":0.0},"position":[0.0,0.00100011611357331,10.9999923706055],"time_ms":7006,"wall_ms":1791532983653.0,"yaw":0.0}
S03R {"ack_input_tick":391,"cause":"none","correction_m":0.0,"correction_yaw_deg":0.0,"event":"correction","history_exhausted":false,"replay_frames":3,"replay_usec":104,"role":"client","tick":395,"time_ms":7010,"wall_ms":1791532983658.0}
S03R {"authority_install_error_m":0.0,"entity":2,"event":"apply","pose":{"control":1,"durable":2,"entity":2,"last_input_tick":391,"position":[6.16666698455811,0.00100005290005356,7.08335447311401],"receipt_ms":6997,"sequence":391,"tick":435,"velocity":[5.0,0.0,0.0],"yaw":-1.57079637050629},"position":[6.41666746139526,0.00100005290005356,7.08335447311401],"time_ms":7013,"wall_ms":1791532983661.0,"yaw":-1.57079637050629}
S03R {"event":"prediction","history_size":4,"position":[6.50000095367432,0.00100005290005356,7.08335447311401],"predicted_tick":395,"role":"client","tick":395,"time_ms":7015,"wall_ms":1791532983663.0,"yaw":-1.57079637050629}
S03R {"aim_yaw":-1.5707963267949,"event":"input_send","index":14,"move":[1.0,0.0],"role":"client","sample_ticks_ms":7026,"sample_wall_ms":1791532983674.0,"send_ticks_ms":7026,"send_wall_ms":1791532983675.0,"sequence":396,"time_ms":7026,"wall_ms":1791532983675.0}
S03R {"event":"prediction","history_size":5,"position":[6.58333444595337,0.00100005290005356,7.08335447311401],"predicted_tick":396,"role":"client","tick":396,"time_ms":7029,"wall_ms":1791532983678.0,"yaw":-1.57079637050629}
S03R {"event":"prediction","history_size":6,"position":[6.66666793823242,0.00100005290005356,7.08335447311401],"predicted_tick":397,"role":"client","tick":397,"time_ms":7040,"wall_ms":1791532983688.0,"yaw":-1.57079637050629}
S03R {"event":"state_receive","role":"client","rows":[{"entity":1,"sequence":397,"tick":438},{"entity":2,"sequence":394,"tick":438}],"time_ms":7047,"wall_ms":1791532983695.0}
S03R {"aim_yaw":-1.5707963267949,"event":"input_send","index":14,"move":[1.0,0.0],"role":"client","sample_ticks_ms":7054,"sample_wall_ms":1791532983702.0,"send_ticks_ms":7054,"send_wall_ms":1791532983703.0,"sequence":398,"time_ms":7054,"wall_ms":1791532983703.0}
S03R {"authority_install_error_m":0.0,"entity":1,"event":"apply","pose":{"control":1,"durable":2,"entity":1,"last_input_tick":397,"position":[0.0,0.00100011611357331,10.9999923706055],"receipt_ms":7047,"sequence":397,"tick":438,"velocity":[0.0,0.0,0.0],"yaw":0.0},"position":[0.0,0.00100011611357331,10.9999923706055],"time_ms":7056,"wall_ms":1791532983705.0,"yaw":0.0}
S03R {"ack_input_tick":394,"cause":"none","correction_m":0.0,"correction_yaw_deg":0.0,"event":"correction","history_exhausted":false,"replay_frames":3,"replay_usec":61,"role":"client","tick":398,"time_ms":7061,"wall_ms":1791532983709.0}
S03R {"authority_install_error_m":0.0,"entity":2,"event":"apply","pose":{"control":1,"durable":2,"entity":2,"last_input_tick":394,"position":[6.41666746139526,0.00100005290005356,7.08335447311401],"receipt_ms":7047,"sequence":394,"tick":438,"velocity":[5.0,0.0,0.0],"yaw":-1.57079637050629},"position":[6.66666793823242,0.00100005290005356,7.08335447311401],"time_ms":7065,"wall_ms":1791532983713.0,"yaw":-1.57079637050629}
S03R {"event":"prediction","history_size":4,"position":[6.75000143051147,0.00100005290005356,7.08335447311401],"predicted_tick":398,"role":"client","tick":398,"time_ms":7067,"wall_ms":1791532983716.0,"yaw":-1.57079637050629}
S03R {"event":"prediction","history_size":5,"position":[6.83333492279053,0.00100005290005356,7.08335447311401],"predicted_tick":399,"role":"client","tick":399,"time_ms":7077,"wall_ms":1791532983725.0,"yaw":-1.57079637050629}
S03R {"aim_yaw":-1.5707963267949,"event":"input_send","index":14,"move":[1.0,0.0],"role":"client","sample_ticks_ms":7091,"sample_wall_ms":1791532983739.0,"send_ticks_ms":7091,"send_wall_ms":1791532983739.0,"sequence":400,"time_ms":7091,"wall_ms":1791532983739.0}
S03R {"event":"prediction","history_size":6,"position":[6.91666841506958,0.00100005290005356,7.08335447311401],"predicted_tick":400,"role":"client","tick":400,"time_ms":7093,"wall_ms":1791532983742.0,"yaw":-1.57079637050629}
S03R {"event":"state_receive","role":"client","rows":[{"entity":1,"sequence":400,"tick":441},{"entity":2,"sequence":397,"tick":441}],"time_ms":7098,"wall_ms":1791532983747.0}
S03R {"authority_install_error_m":0.0,"entity":1,"event":"apply","pose":{"control":1,"durable":2,"entity":1,"last_input_tick":400,"position":[0.0,0.00100011611357331,10.9999923706055],"receipt_ms":7098,"sequence":400,"tick":441,"velocity":[0.0,0.0,0.0],"yaw":0.0},"position":[0.0,0.00100011611357331,10.9999923706055],"time_ms":7105,"wall_ms":1791532983752.0,"yaw":0.0}
S03R {"ack_input_tick":397,"cause":"none","correction_m":0.0,"correction_yaw_deg":0.0,"event":"correction","history_exhausted":false,"replay_frames":3,"replay_usec":82,"role":"client","tick":401,"time_ms":7107,"wall_ms":1791532983756.0}
S03R {"authority_install_error_m":0.0,"entity":2,"event":"apply","pose":{"control":1,"durable":2,"entity":2,"last_input_tick":397,"position":[6.66666793823242,0.00100005290005356,7.08335447311401],"receipt_ms":7098,"sequence":397,"tick":441,"velocity":[5.0,0.0,0.0],"yaw":-1.57079637050629},"position":[6.91666841506958,0.00100005290005356,7.08335447311401],"time_ms":7110,"wall_ms":1791532983758.0,"yaw":-1.57079637050629}
S03R {"event":"prediction","history_size":4,"position":[7.00000190734863,0.00100005290005356,7.08335447311401],"predicted_tick":401,"role":"client","tick":401,"time_ms":7114,"wall_ms":1791532983761.0,"yaw":-1.57079637050629}
S03R {"aim_yaw":0.0,"event":"keys","move":[0.0,0.0],"role":"client","tick":402,"time_ms":7125,"wall_ms":1791532983774.0}
S03R {"event":"prediction","history_size":5,"position":[7.00000190734863,0.00100005290005356,7.08335447311401],"predicted_tick":402,"role":"client","tick":402,"time_ms":7128,"wall_ms":1791532983777.0,"yaw":0.0}
S03R {"event":"prediction","history_size":6,"position":[7.00000190734863,0.00100005290005356,7.08335447311401],"predicted_tick":403,"role":"client","tick":403,"time_ms":7139,"wall_ms":1791532983787.0,"yaw":0.0}
S03R {"event":"prediction","history_size":7,"position":[7.00000190734863,0.00100005290005356,7.08335447311401],"predicted_tick":404,"role":"client","tick":404,"time_ms":7153,"wall_ms":1791532983802.0,"yaw":0.0}
S03R {"event":"state_receive","role":"client","rows":[{"entity":1,"sequence":403,"tick":444},{"entity":2,"sequence":400,"tick":444}],"time_ms":7156,"wall_ms":1791532983805.0}
S03R {"authority_install_error_m":0.0,"entity":1,"event":"apply","pose":{"control":1,"durable":2,"entity":1,"last_input_tick":403,"position":[0.0,0.00100011611357331,10.9999923706055],"receipt_ms":7156,"sequence":403,"tick":444,"velocity":[0.0,0.0,0.0],"yaw":0.0},"position":[0.0,0.00100011611357331,10.9999923706055],"time_ms":7174,"wall_ms":1791532983822.0,"yaw":0.0}
S03R {"ack_input_tick":400,"cause":"none","correction_m":0.0,"correction_yaw_deg":0.0,"event":"correction","history_exhausted":false,"replay_frames":4,"replay_usec":50,"role":"client","tick":405,"time_ms":7176,"wall_ms":1791532983825.0}
S03R {"authority_install_error_m":0.0,"entity":2,"event":"apply","pose":{"control":1,"durable":2,"entity":2,"last_input_tick":400,"position":[6.91666841506958,0.00100005290005356,7.08335447311401],"receipt_ms":7156,"sequence":400,"tick":444,"velocity":[5.0,0.0,0.0],"yaw":-1.57079637050629},"position":[7.00000190734863,0.00100005290005356,7.08335447311401],"time_ms":7181,"wall_ms":1791532983829.0,"yaw":0.0}
S03R {"event":"prediction","history_size":5,"position":[7.00000190734863,0.00100005290005356,7.08335447311401],"predicted_tick":405,"role":"client","tick":405,"time_ms":7185,"wall_ms":1791532983832.0,"yaw":0.0}
S03R {"event":"prediction","history_size":6,"position":[7.00000190734863,0.00100005290005356,7.08335447311401],"predicted_tick":406,"role":"client","tick":406,"time_ms":7188,"wall_ms":1791532983836.0,"yaw":0.0}
S03R {"event":"state_receive","role":"client","rows":[{"entity":1,"sequence":406,"tick":447},{"entity":2,"sequence":403,"tick":447}],"time_ms":7202,"wall_ms":1791532983850.0}
S03R {"authority_install_error_m":0.0,"entity":1,"event":"apply","pose":{"control":1,"durable":2,"entity":1,"last_input_tick":406,"position":[0.0,0.00100011611357331,10.9999923706055],"receipt_ms":7202,"sequence":406,"tick":447,"velocity":[0.0,0.0,0.0],"yaw":0.0},"position":[0.0,0.00100011611357331,10.9999923706055],"time_ms":7209,"wall_ms":1791532983857.0,"yaw":0.0}
S03R {"ack_input_tick":403,"cause":"none","correction_m":0.0,"correction_yaw_deg":0.0,"event":"correction","history_exhausted":false,"replay_frames":3,"replay_usec":53,"role":"client","tick":407,"time_ms":7211,"wall_ms":1791532983859.0}
S03R {"authority_install_error_m":0.0,"entity":2,"event":"apply","pose":{"control":1,"durable":2,"entity":2,"last_input_tick":403,"position":[7.00000190734863,0.00100005290005356,7.08335447311401],"receipt_ms":7202,"sequence":403,"tick":447,"velocity":[0.0,0.0,0.0],"yaw":0.0},"position":[7.00000190734863,0.00100005290005356,7.08335447311401],"time_ms":7216,"wall_ms":1791532983863.0,"yaw":0.0}
S03R {"event":"prediction","history_size":4,"position":[7.00000190734863,0.00100005290005356,7.08335447311401],"predicted_tick":407,"role":"client","tick":407,"time_ms":7220,"wall_ms":1791532983868.0,"yaw":0.0}
S03R {"event":"prediction","history_size":5,"position":[7.00000190734863,0.00100005290005356,7.08335447311401],"predicted_tick":408,"role":"client","tick":408,"time_ms":7223,"wall_ms":1791532983871.0,"yaw":0.0}
S03R {"event":"prediction","history_size":6,"position":[7.00000190734863,0.00100005290005356,7.08335447311401],"predicted_tick":409,"role":"client","tick":409,"time_ms":7237,"wall_ms":1791532983885.0,"yaw":0.0}
S03R {"event":"prediction","history_size":7,"position":[7.00000190734863,0.00100005290005356,7.08335447311401],"predicted_tick":410,"role":"client","tick":410,"time_ms":7258,"wall_ms":1791532983906.0,"yaw":0.0}
S03R {"event":"state_receive","role":"client","rows":[{"entity":1,"sequence":409,"tick":450},{"entity":2,"sequence":406,"tick":450}],"time_ms":7261,"wall_ms":1791532983909.0}
S03R {"authority_install_error_m":0.0,"entity":1,"event":"apply","pose":{"control":1,"durable":2,"entity":1,"last_input_tick":409,"position":[0.0,0.00100011611357331,10.9999923706055],"receipt_ms":7261,"sequence":409,"tick":450,"velocity":[0.0,0.0,0.0],"yaw":0.0},"position":[0.0,0.00100011611357331,10.9999923706055],"time_ms":7271,"wall_ms":1791532983920.0,"yaw":0.0}
S03R {"ack_input_tick":406,"cause":"none","correction_m":0.0,"correction_yaw_deg":0.0,"event":"correction","history_exhausted":false,"replay_frames":4,"replay_usec":46,"role":"client","tick":411,"time_ms":7274,"wall_ms":1791532983922.0}
S03R {"authority_install_error_m":0.0,"entity":2,"event":"apply","pose":{"control":1,"durable":2,"entity":2,"last_input_tick":406,"position":[7.00000190734863,0.00100005290005356,7.08335447311401],"receipt_ms":7261,"sequence":406,"tick":450,"velocity":[0.0,0.0,0.0],"yaw":0.0},"position":[7.00000190734863,0.00100005290005356,7.08335447311401],"time_ms":7276,"wall_ms":1791532983924.0,"yaw":0.0}
S03R {"event":"prediction","history_size":5,"position":[7.00000190734863,0.00100005290005356,7.08335447311401],"predicted_tick":411,"role":"client","tick":411,"time_ms":7278,"wall_ms":1791532983927.0,"yaw":0.0}
S03R {"event":"prediction","history_size":6,"position":[7.00000190734863,0.00100005290005356,7.08335447311401],"predicted_tick":412,"role":"client","tick":412,"time_ms":7292,"wall_ms":1791532983940.0,"yaw":0.0}
S03R {"event":"prediction","history_size":7,"position":[7.00000190734863,0.00100005290005356,7.08335447311401],"predicted_tick":413,"role":"client","tick":413,"time_ms":7306,"wall_ms":1791532983954.0,"yaw":0.0}
S03R {"event":"state_receive","role":"client","rows":[{"entity":1,"sequence":412,"tick":453},{"entity":2,"sequence":409,"tick":453}],"time_ms":7309,"wall_ms":1791532983957.0}
S03R {"authority_install_error_m":0.0,"entity":1,"event":"apply","pose":{"control":1,"durable":2,"entity":1,"last_input_tick":412,"position":[0.0,0.00100011611357331,10.9999923706055],"receipt_ms":7309,"sequence":412,"tick":453,"velocity":[0.0,0.0,0.0],"yaw":0.0},"position":[0.0,0.00100011611357331,10.9999923706055],"time_ms":7320,"wall_ms":1791532983968.0,"yaw":0.0}
S03R {"ack_input_tick":409,"cause":"none","correction_m":0.0,"correction_yaw_deg":0.0,"event":"correction","history_exhausted":false,"replay_frames":4,"replay_usec":112,"role":"client","tick":414,"time_ms":7322,"wall_ms":1791532983971.0}
S03R {"authority_install_error_m":0.0,"entity":2,"event":"apply","pose":{"control":1,"durable":2,"entity":2,"last_input_tick":409,"position":[7.00000190734863,0.00100005290005356,7.08335447311401],"receipt_ms":7309,"sequence":409,"tick":453,"velocity":[0.0,0.0,0.0],"yaw":0.0},"position":[7.00000190734863,0.00100005290005356,7.08335447311401],"time_ms":7325,"wall_ms":1791532983973.0,"yaw":0.0}
S03R {"event":"prediction","history_size":5,"position":[7.00000190734863,0.00100005290005356,7.08335447311401],"predicted_tick":414,"role":"client","tick":414,"time_ms":7327,"wall_ms":1791532983976.0,"yaw":0.0}
S03R {"event":"prediction","history_size":6,"position":[7.00000190734863,0.00100005290005356,7.08335447311401],"predicted_tick":415,"role":"client","tick":415,"time_ms":7340,"wall_ms":1791532983989.0,"yaw":0.0}
S03R {"event":"prediction","history_size":7,"position":[7.00000190734863,0.00100005290005356,7.08335447311401],"predicted_tick":416,"role":"client","tick":416,"time_ms":7354,"wall_ms":1791532984002.0,"yaw":0.0}
S03R {"event":"state_receive","role":"client","rows":[{"entity":1,"sequence":415,"tick":456},{"entity":2,"sequence":412,"tick":456}],"time_ms":7357,"wall_ms":1791532984006.0}
S03R {"authority_install_error_m":0.0,"entity":1,"event":"apply","pose":{"control":1,"durable":2,"entity":1,"last_input_tick":415,"position":[0.0,0.00100011611357331,10.9999923706055],"receipt_ms":7357,"sequence":415,"tick":456,"velocity":[0.0,0.0,0.0],"yaw":0.0},"position":[0.0,0.00100011611357331,10.9999923706055],"time_ms":7375,"wall_ms":1791532984023.0,"yaw":0.0}
S03R {"ack_input_tick":412,"cause":"none","correction_m":0.0,"correction_yaw_deg":0.0,"event":"correction","history_exhausted":false,"replay_frames":4,"replay_usec":106,"role":"client","tick":417,"time_ms":7377,"wall_ms":1791532984026.0}
S03R {"authority_install_error_m":0.0,"entity":2,"event":"apply","pose":{"control":1,"durable":2,"entity":2,"last_input_tick":412,"position":[7.00000190734863,0.00100005290005356,7.08335447311401],"receipt_ms":7357,"sequence":412,"tick":456,"velocity":[0.0,0.0,0.0],"yaw":0.0},"position":[7.00000190734863,0.00100005290005356,7.08335447311401],"time_ms":7382,"wall_ms":1791532984030.0,"yaw":0.0}
S03R {"event":"prediction","history_size":5,"position":[7.00000190734863,0.00100005290005356,7.08335447311401],"predicted_tick":417,"role":"client","tick":417,"time_ms":7386,"wall_ms":1791532984034.0,"yaw":0.0}
S03R {"event":"prediction","history_size":6,"position":[7.00000190734863,0.00100005290005356,7.08335447311401],"predicted_tick":418,"role":"client","tick":418,"time_ms":7389,"wall_ms":1791532984037.0,"yaw":0.0}
S03R {"event":"prediction","history_size":7,"position":[7.00000190734863,0.00100005290005356,7.08335447311401],"predicted_tick":419,"role":"client","tick":419,"time_ms":7403,"wall_ms":1791532984052.0,"yaw":0.0}
S03R {"event":"state_receive","role":"client","rows":[{"entity":1,"sequence":418,"tick":459},{"entity":2,"sequence":415,"tick":459}],"time_ms":7406,"wall_ms":1791532984055.0}
S03R {"aim_yaw":0.0,"event":"input","index":15,"move":[0.0,-1.0],"position":[7.00000190734863,0.00100005290005356,7.08335447311401],"role":"client","sequence_floor":420,"tick":420,"time_ms":7424,"wall_ms":1791532984072.0,"yaw":0.0}
S03R {"aim_yaw":0.0,"event":"keys","move":[0.0,-1.0],"role":"client","tick":420,"time_ms":7426,"wall_ms":1791532984075.0}
S03R {"aim_yaw":0.0,"event":"input_send","index":15,"move":[0.0,-1.0],"role":"client","sample_ticks_ms":7431,"sample_wall_ms":1791532984079.0,"send_ticks_ms":7431,"send_wall_ms":1791532984079.0,"sequence":420,"time_ms":7431,"wall_ms":1791532984079.0}
S03R {"authority_install_error_m":0.0,"entity":1,"event":"apply","pose":{"control":1,"durable":2,"entity":1,"last_input_tick":418,"position":[0.0,0.00100011611357331,10.9999923706055],"receipt_ms":7406,"sequence":418,"tick":459,"velocity":[0.0,0.0,0.0],"yaw":0.0},"position":[0.0,0.00100011611357331,10.9999923706055],"time_ms":7435,"wall_ms":1791532984083.0,"yaw":0.0}
S03R {"ack_input_tick":415,"cause":"none","correction_m":0.0,"correction_yaw_deg":0.0,"event":"correction","history_exhausted":false,"replay_frames":4,"replay_usec":61,"role":"client","tick":420,"time_ms":7438,"wall_ms":1791532984086.0}
S03R {"authority_install_error_m":0.0,"entity":2,"event":"apply","pose":{"control":1,"durable":2,"entity":2,"last_input_tick":415,"position":[7.00000190734863,0.00100005290005356,7.08335447311401],"receipt_ms":7406,"sequence":415,"tick":459,"velocity":[0.0,0.0,0.0],"yaw":0.0},"position":[7.00000190734863,0.00100005290005356,7.08335447311401],"time_ms":7440,"wall_ms":1791532984088.0,"yaw":0.0}
S03R {"event":"prediction","history_size":5,"position":[7.00000190734863,0.00100005290005356,7.00002098083496],"predicted_tick":420,"role":"client","tick":420,"time_ms":7444,"wall_ms":1791532984092.0,"yaw":0.0}
S03R {"event":"prediction","history_size":6,"position":[7.00000190734863,0.00100005290005356,6.91668748855591],"predicted_tick":421,"role":"client","tick":421,"time_ms":7447,"wall_ms":1791532984096.0,"yaw":0.0}
S03R {"aim_yaw":0.0,"event":"input_send","index":15,"move":[0.0,-1.0],"role":"client","sample_ticks_ms":7454,"sample_wall_ms":1791532984102.0,"send_ticks_ms":7454,"send_wall_ms":1791532984102.0,"sequence":422,"time_ms":7454,"wall_ms":1791532984102.0}
S03R {"event":"prediction","history_size":7,"position":[7.00000190734863,0.00100005290005356,6.83335399627686],"predicted_tick":422,"role":"client","tick":422,"time_ms":7458,"wall_ms":1791532984106.0,"yaw":0.0}
S03R {"event":"state_receive","role":"client","rows":[{"entity":1,"sequence":421,"tick":462},{"entity":2,"sequence":418,"tick":462}],"time_ms":7463,"wall_ms":1791532984111.0}
S03R {"authority_install_error_m":0.0,"entity":1,"event":"apply","pose":{"control":1,"durable":2,"entity":1,"last_input_tick":421,"position":[0.0,0.00100011611357331,10.9999923706055],"receipt_ms":7463,"sequence":421,"tick":462,"velocity":[0.0,0.0,0.0],"yaw":0.0},"position":[0.0,0.00100011611357331,10.9999923706055],"time_ms":7468,"wall_ms":1791532984116.0,"yaw":0.0}
S03R {"ack_input_tick":418,"cause":"none","correction_m":0.0,"correction_yaw_deg":0.0,"event":"correction","history_exhausted":false,"replay_frames":4,"replay_usec":53,"role":"client","tick":423,"time_ms":7470,"wall_ms":1791532984119.0}
S03R {"authority_install_error_m":0.0,"entity":2,"event":"apply","pose":{"control":1,"durable":2,"entity":2,"last_input_tick":418,"position":[7.00000190734863,0.00100005290005356,7.08335447311401],"receipt_ms":7463,"sequence":418,"tick":462,"velocity":[0.0,0.0,0.0],"yaw":0.0},"position":[7.00000190734863,0.00100005290005356,6.83335399627686],"time_ms":7473,"wall_ms":1791532984121.0,"yaw":0.0}
S03R {"event":"prediction","history_size":5,"position":[7.00000190734863,0.00100005290005356,6.7500205039978],"predicted_tick":423,"role":"client","tick":423,"time_ms":7475,"wall_ms":1791532984124.0,"yaw":0.0}
S03R {"aim_yaw":0.0,"event":"input_send","index":15,"move":[0.0,-1.0],"role":"client","sample_ticks_ms":7482,"sample_wall_ms":1791532984130.0,"send_ticks_ms":7482,"send_wall_ms":1791532984130.0,"sequence":424,"time_ms":7482,"wall_ms":1791532984130.0}
S03R {"event":"prediction","history_size":6,"position":[7.00000190734863,0.00100005290005356,6.66668701171875],"predicted_tick":424,"role":"client","tick":424,"time_ms":7484,"wall_ms":1791532984133.0,"yaw":0.0}
S03R {"event":"prediction","history_size":7,"position":[7.00000190734863,0.00100005290005356,6.5833535194397],"predicted_tick":425,"role":"client","tick":425,"time_ms":7495,"wall_ms":1791532984143.0,"yaw":0.0}
S03R {"event":"state_receive","role":"client","rows":[{"entity":1,"sequence":424,"tick":465},{"entity":2,"sequence":421,"tick":465}],"time_ms":7509,"wall_ms":1791532984158.0}
S03R {"aim_yaw":0.0,"event":"input_send","index":15,"move":[0.0,-1.0],"role":"client","sample_ticks_ms":7516,"sample_wall_ms":1791532984164.0,"send_ticks_ms":7516,"send_wall_ms":1791532984165.0,"sequence":426,"time_ms":7516,"wall_ms":1791532984165.0}
S03R {"authority_install_error_m":0.0,"entity":1,"event":"apply","pose":{"control":1,"durable":2,"entity":1,"last_input_tick":424,"position":[0.0,0.00100011611357331,10.9999923706055],"receipt_ms":7509,"sequence":424,"tick":465,"velocity":[0.0,0.0,0.0],"yaw":0.0},"position":[0.0,0.00100011611357331,10.9999923706055],"time_ms":7519,"wall_ms":1791532984167.0,"yaw":0.0}
S03R {"ack_input_tick":421,"cause":"none","correction_m":0.0,"correction_yaw_deg":0.0,"event":"correction","history_exhausted":false,"replay_frames":4,"replay_usec":105,"role":"client","tick":426,"time_ms":7521,"wall_ms":1791532984169.0}
S03R {"authority_install_error_m":0.0,"entity":2,"event":"apply","pose":{"control":1,"durable":2,"entity":2,"last_input_tick":421,"position":[7.00000190734863,0.00100005290005356,6.91668748855591],"receipt_ms":7509,"sequence":421,"tick":465,"velocity":[0.0,0.0,-5.0],"yaw":0.0},"position":[7.00000190734863,0.00100005290005356,6.5833535194397],"time_ms":7524,"wall_ms":1791532984171.0,"yaw":0.0}
S03R {"event":"prediction","history_size":5,"position":[7.00000190734863,0.00100005290005356,6.50002002716064],"predicted_tick":426,"role":"client","tick":426,"time_ms":7526,"wall_ms":1791532984174.0,"yaw":0.0}
S03R {"event":"prediction","history_size":6,"position":[7.00000190734863,0.00100005290005356,6.41668653488159],"predicted_tick":427,"role":"client","tick":427,"time_ms":7530,"wall_ms":1791532984178.0,"yaw":0.0}
S03R {"aim_yaw":0.0,"event":"input_send","index":15,"move":[0.0,-1.0],"role":"client","sample_ticks_ms":7551,"sample_wall_ms":1791532984199.0,"send_ticks_ms":7551,"send_wall_ms":1791532984199.0,"sequence":428,"time_ms":7551,"wall_ms":1791532984199.0}
S03R {"event":"prediction","history_size":7,"position":[7.00000190734863,0.00100005290005356,6.33335304260254],"predicted_tick":428,"role":"client","tick":428,"time_ms":7553,"wall_ms":1791532984202.0,"yaw":0.0}
S03R {"event":"state_receive","role":"client","rows":[{"entity":1,"sequence":427,"tick":468},{"entity":2,"sequence":424,"tick":468}],"time_ms":7556,"wall_ms":1791532984204.0}
S03R {"authority_install_error_m":0.0,"entity":1,"event":"apply","pose":{"control":1,"durable":2,"entity":1,"last_input_tick":427,"position":[0.0,0.00100011611357331,10.9999923706055],"receipt_ms":7556,"sequence":427,"tick":468,"velocity":[0.0,0.0,0.0],"yaw":0.0},"position":[0.0,0.00100011611357331,10.9999923706055],"time_ms":7564,"wall_ms":1791532984213.0,"yaw":0.0}
S03R {"ack_input_tick":424,"cause":"none","correction_m":0.0,"correction_yaw_deg":0.0,"event":"correction","history_exhausted":false,"replay_frames":4,"replay_usec":61,"role":"client","tick":429,"time_ms":7568,"wall_ms":1791532984216.0}
S03R {"authority_install_error_m":0.0,"entity":2,"event":"apply","pose":{"control":1,"durable":2,"entity":2,"last_input_tick":424,"position":[7.00000190734863,0.00100005290005356,6.66668701171875],"receipt_ms":7556,"sequence":424,"tick":468,"velocity":[0.0,0.0,-5.0],"yaw":0.0},"position":[7.00000190734863,0.00100005290005356,6.33335304260254],"time_ms":7570,"wall_ms":1791532984218.0,"yaw":0.0}
S03R {"event":"prediction","history_size":5,"position":[7.00000190734863,0.00100005290005356,6.25001955032349],"predicted_tick":429,"role":"client","tick":429,"time_ms":7573,"wall_ms":1791532984221.0,"yaw":0.0}
S03R {"aim_yaw":0.0,"event":"input_send","index":15,"move":[0.0,-1.0],"role":"client","sample_ticks_ms":7578,"sample_wall_ms":1791532984227.0,"send_ticks_ms":7578,"send_wall_ms":1791532984227.0,"sequence":430,"time_ms":7578,"wall_ms":1791532984227.0}
S03R {"event":"prediction","history_size":6,"position":[7.00000190734863,0.00100005290005356,6.16668605804443],"predicted_tick":430,"role":"client","tick":430,"time_ms":7582,"wall_ms":1791532984230.0,"yaw":0.0}
S03R {"event":"prediction","history_size":7,"position":[7.00000190734863,0.00100005290005356,6.08335256576538],"predicted_tick":431,"role":"client","tick":431,"time_ms":7599,"wall_ms":1791532984247.0,"yaw":0.0}
S03R {"event":"state_receive","role":"client","rows":[{"entity":1,"sequence":430,"tick":471},{"entity":2,"sequence":427,"tick":471}],"time_ms":7602,"wall_ms":1791532984250.0}
S03R {"aim_yaw":0.0,"event":"keys","move":[0.0,0.0],"role":"client","tick":432,"time_ms":7613,"wall_ms":1791532984260.0}
S03R {"authority_install_error_m":0.0,"entity":1,"event":"apply","pose":{"control":1,"durable":2,"entity":1,"last_input_tick":430,"position":[0.0,0.00100011611357331,10.9999923706055],"receipt_ms":7602,"sequence":430,"tick":471,"velocity":[0.0,0.0,0.0],"yaw":0.0},"position":[0.0,0.00100011611357331,10.9999923706055],"time_ms":7617,"wall_ms":1791532984265.0,"yaw":0.0}
S03R {"ack_input_tick":427,"cause":"none","correction_m":0.0,"correction_yaw_deg":0.0,"event":"correction","history_exhausted":false,"replay_frames":4,"replay_usec":75,"role":"client","tick":432,"time_ms":7621,"wall_ms":1791532984269.0}
S03R {"authority_install_error_m":0.0,"entity":2,"event":"apply","pose":{"control":1,"durable":2,"entity":2,"last_input_tick":427,"position":[7.00000190734863,0.00100005290005356,6.41668653488159],"receipt_ms":7602,"sequence":427,"tick":471,"velocity":[0.0,0.0,-5.0],"yaw":0.0},"position":[7.00000190734863,0.00100005290005356,6.08335256576538],"time_ms":7625,"wall_ms":1791532984273.0,"yaw":0.0}
S03R {"event":"prediction","history_size":5,"position":[7.00000190734863,0.00100005290005356,6.08335256576538],"predicted_tick":432,"role":"client","tick":432,"time_ms":7628,"wall_ms":1791532984276.0,"yaw":0.0}
S03R {"event":"prediction","history_size":6,"position":[7.00000190734863,0.00100005290005356,6.08335256576538],"predicted_tick":433,"role":"client","tick":433,"time_ms":7639,"wall_ms":1791532984288.0,"yaw":0.0}
S03R {"event":"prediction","history_size":7,"position":[7.00000190734863,0.00100005290005356,6.08335256576538],"predicted_tick":434,"role":"client","tick":434,"time_ms":7653,"wall_ms":1791532984301.0,"yaw":0.0}
S03R {"event":"state_receive","role":"client","rows":[{"entity":1,"sequence":433,"tick":474},{"entity":2,"sequence":430,"tick":474}],"time_ms":7656,"wall_ms":1791532984304.0}
S03R {"authority_install_error_m":0.0,"entity":1,"event":"apply","pose":{"control":1,"durable":2,"entity":1,"last_input_tick":433,"position":[0.0,0.00100011611357331,10.9999923706055],"receipt_ms":7656,"sequence":433,"tick":474,"velocity":[0.0,0.0,0.0],"yaw":0.0},"position":[0.0,0.00100011611357331,10.9999923706055],"time_ms":7667,"wall_ms":1791532984315.0,"yaw":0.0}
S03R {"ack_input_tick":430,"cause":"none","correction_m":0.0,"correction_yaw_deg":0.0,"event":"correction","history_exhausted":false,"replay_frames":4,"replay_usec":90,"role":"client","tick":435,"time_ms":7669,"wall_ms":1791532984317.0}
S03R {"authority_install_error_m":0.0,"entity":2,"event":"apply","pose":{"control":1,"durable":2,"entity":2,"last_input_tick":430,"position":[7.00000190734863,0.00100005290005356,6.16668605804443],"receipt_ms":7656,"sequence":430,"tick":474,"velocity":[0.0,0.0,-5.0],"yaw":0.0},"position":[7.00000190734863,0.00100005290005356,6.08335256576538],"time_ms":7673,"wall_ms":1791532984322.0,"yaw":0.0}
S03R {"event":"prediction","history_size":5,"position":[7.00000190734863,0.00100005290005356,6.08335256576538],"predicted_tick":435,"role":"client","tick":435,"time_ms":7676,"wall_ms":1791532984324.0,"yaw":0.0}
S03R {"event":"prediction","history_size":6,"position":[7.00000190734863,0.00100005290005356,6.08335256576538],"predicted_tick":436,"role":"client","tick":436,"time_ms":7688,"wall_ms":1791532984336.0,"yaw":0.0}
S03R {"event":"prediction","history_size":7,"position":[7.00000190734863,0.00100005290005356,6.08335256576538],"predicted_tick":437,"role":"client","tick":437,"time_ms":7701,"wall_ms":1791532984350.0,"yaw":0.0}
S03R {"event":"state_receive","role":"client","rows":[{"entity":1,"sequence":436,"tick":477},{"entity":2,"sequence":433,"tick":477}],"time_ms":7706,"wall_ms":1791532984354.0}
S03R {"authority_install_error_m":0.0,"entity":1,"event":"apply","pose":{"control":1,"durable":2,"entity":1,"last_input_tick":436,"position":[0.0,0.00100011611357331,10.9999923706055],"receipt_ms":7706,"sequence":436,"tick":477,"velocity":[0.0,0.0,0.0],"yaw":0.0},"position":[0.0,0.00100011611357331,10.9999923706055],"time_ms":7722,"wall_ms":1791532984369.0,"yaw":0.0}
S03R {"ack_input_tick":433,"cause":"none","correction_m":0.0,"correction_yaw_deg":0.0,"event":"correction","history_exhausted":false,"replay_frames":4,"replay_usec":97,"role":"client","tick":438,"time_ms":7725,"wall_ms":1791532984372.0}
S03R {"authority_install_error_m":0.0,"entity":2,"event":"apply","pose":{"control":1,"durable":2,"entity":2,"last_input_tick":433,"position":[7.00000190734863,0.00100005290005356,6.08335256576538],"receipt_ms":7706,"sequence":433,"tick":477,"velocity":[0.0,0.0,0.0],"yaw":0.0},"position":[7.00000190734863,0.00100005290005356,6.08335256576538],"time_ms":7729,"wall_ms":1791532984376.0,"yaw":0.0}
S03R {"event":"prediction","history_size":5,"position":[7.00000190734863,0.00100005290005356,6.08335256576538],"predicted_tick":438,"role":"client","tick":438,"time_ms":7731,"wall_ms":1791532984379.0,"yaw":0.0}
S03R {"event":"prediction","history_size":6,"position":[7.00000190734863,0.00100005290005356,6.08335256576538],"predicted_tick":439,"role":"client","tick":439,"time_ms":7736,"wall_ms":1791532984384.0,"yaw":0.0}
S03R {"event":"prediction","history_size":7,"position":[7.00000190734863,0.00100005290005356,6.08335256576538],"predicted_tick":440,"role":"client","tick":440,"time_ms":7750,"wall_ms":1791532984398.0,"yaw":0.0}
S03R {"event":"state_receive","role":"client","rows":[{"entity":1,"sequence":439,"tick":480},{"entity":2,"sequence":436,"tick":480}],"time_ms":7753,"wall_ms":1791532984401.0}
S03R {"authority_install_error_m":0.0,"entity":1,"event":"apply","pose":{"control":1,"durable":2,"entity":1,"last_input_tick":439,"position":[0.0,0.00100011611357331,10.9999923706055],"receipt_ms":7753,"sequence":439,"tick":480,"velocity":[0.0,0.0,0.0],"yaw":0.0},"position":[0.0,0.00100011611357331,10.9999923706055],"time_ms":7770,"wall_ms":1791532984418.0,"yaw":0.0}
S03R {"ack_input_tick":436,"cause":"none","correction_m":0.0,"correction_yaw_deg":0.0,"event":"correction","history_exhausted":false,"replay_frames":4,"replay_usec":67,"role":"client","tick":441,"time_ms":7773,"wall_ms":1791532984422.0}
S03R {"authority_install_error_m":0.0,"entity":2,"event":"apply","pose":{"control":1,"durable":2,"entity":2,"last_input_tick":436,"position":[7.00000190734863,0.00100005290005356,6.08335256576538],"receipt_ms":7753,"sequence":436,"tick":480,"velocity":[0.0,0.0,0.0],"yaw":0.0},"position":[7.00000190734863,0.00100005290005356,6.08335256576538],"time_ms":7775,"wall_ms":1791532984424.0,"yaw":0.0}
S03R {"event":"prediction","history_size":5,"position":[7.00000190734863,0.00100005290005356,6.08335256576538],"predicted_tick":441,"role":"client","tick":441,"time_ms":7778,"wall_ms":1791532984425.0,"yaw":0.0}
S03R {"event":"prediction","history_size":6,"position":[7.00000190734863,0.00100005290005356,6.08335256576538],"predicted_tick":442,"role":"client","tick":442,"time_ms":7784,"wall_ms":1791532984432.0,"yaw":0.0}
S03R {"event":"prediction","history_size":7,"position":[7.00000190734863,0.00100005290005356,6.08335256576538],"predicted_tick":443,"role":"client","tick":443,"time_ms":7805,"wall_ms":1791532984453.0,"yaw":0.0}
S03R {"event":"state_receive","role":"client","rows":[{"entity":1,"sequence":442,"tick":483},{"entity":2,"sequence":439,"tick":483}],"time_ms":7808,"wall_ms":1791532984456.0}
S03R {"authority_install_error_m":0.0,"entity":1,"event":"apply","pose":{"control":1,"durable":2,"entity":1,"last_input_tick":442,"position":[0.0,0.00100011611357331,10.9999923706055],"receipt_ms":7808,"sequence":442,"tick":483,"velocity":[0.0,0.0,0.0],"yaw":0.0},"position":[0.0,0.00100011611357331,10.9999923706055],"time_ms":7819,"wall_ms":1791532984466.0,"yaw":0.0}
S03R {"ack_input_tick":439,"cause":"none","correction_m":0.0,"correction_yaw_deg":0.0,"event":"correction","history_exhausted":false,"replay_frames":4,"replay_usec":60,"role":"client","tick":444,"time_ms":7822,"wall_ms":1791532984469.0}
S03R {"authority_install_error_m":0.0,"entity":2,"event":"apply","pose":{"control":1,"durable":2,"entity":2,"last_input_tick":439,"position":[7.00000190734863,0.00100005290005356,6.08335256576538],"receipt_ms":7808,"sequence":439,"tick":483,"velocity":[0.0,0.0,0.0],"yaw":0.0},"position":[7.00000190734863,0.00100005290005356,6.08335256576538],"time_ms":7836,"wall_ms":1791532984485.0,"yaw":0.0}
S03R {"event":"prediction","history_size":5,"position":[7.00000190734863,0.00100005290005356,6.08335256576538],"predicted_tick":444,"role":"client","tick":444,"time_ms":7850,"wall_ms":1791532984498.0,"yaw":0.0}
S03R {"event":"prediction","history_size":6,"position":[7.00000190734863,0.00100005290005356,6.08335256576538],"predicted_tick":445,"role":"client","tick":445,"time_ms":7855,"wall_ms":1791532984504.0,"yaw":0.0}
S03R {"event":"prediction","history_size":7,"position":[7.00000190734863,0.00100005290005356,6.08335256576538],"predicted_tick":446,"role":"client","tick":446,"time_ms":7862,"wall_ms":1791532984510.0,"yaw":0.0}
S03R {"event":"state_receive","role":"client","rows":[{"entity":1,"sequence":445,"tick":486},{"entity":2,"sequence":442,"tick":486}],"time_ms":7866,"wall_ms":1791532984514.0}
S03R {"authority_install_error_m":0.0,"entity":1,"event":"apply","pose":{"control":1,"durable":2,"entity":1,"last_input_tick":445,"position":[0.0,0.00100011611357331,10.9999923706055],"receipt_ms":7866,"sequence":445,"tick":486,"velocity":[0.0,0.0,0.0],"yaw":0.0},"position":[0.0,0.00100011611357331,10.9999923706055],"time_ms":7876,"wall_ms":1791532984524.0,"yaw":0.0}
S03R {"ack_input_tick":442,"cause":"none","correction_m":0.0,"correction_yaw_deg":0.0,"event":"correction","history_exhausted":false,"replay_frames":4,"replay_usec":67,"role":"client","tick":447,"time_ms":7878,"wall_ms":1791532984526.0}
S03R {"authority_install_error_m":0.0,"entity":2,"event":"apply","pose":{"control":1,"durable":2,"entity":2,"last_input_tick":442,"position":[7.00000190734863,0.00100005290005356,6.08335256576538],"receipt_ms":7866,"sequence":442,"tick":486,"velocity":[0.0,0.0,0.0],"yaw":0.0},"position":[7.00000190734863,0.00100005290005356,6.08335256576538],"time_ms":7882,"wall_ms":1791532984530.0,"yaw":0.0}
S03R {"event":"prediction","history_size":5,"position":[7.00000190734863,0.00100005290005356,6.08335256576538],"predicted_tick":447,"role":"client","tick":447,"time_ms":7885,"wall_ms":1791532984532.0,"yaw":0.0}
S03R {"event":"prediction","history_size":6,"position":[7.00000190734863,0.00100005290005356,6.08335256576538],"predicted_tick":448,"role":"client","tick":448,"time_ms":7890,"wall_ms":1791532984538.0,"yaw":0.0}
S03R {"event":"state_receive","role":"client","rows":[{"entity":1,"sequence":448,"tick":489},{"entity":2,"sequence":445,"tick":489}],"time_ms":7894,"wall_ms":1791532984543.0}
S03R {"authority_install_error_m":0.0,"entity":1,"event":"apply","pose":{"control":1,"durable":2,"entity":1,"last_input_tick":448,"position":[0.0,0.00100011611357331,10.9999923706055],"receipt_ms":7894,"sequence":448,"tick":489,"velocity":[0.0,0.0,0.0],"yaw":0.0},"position":[0.0,0.00100011611357331,10.9999923706055],"time_ms":7903,"wall_ms":1791532984551.0,"yaw":0.0}
S03R {"ack_input_tick":445,"cause":"none","correction_m":0.0,"correction_yaw_deg":0.0,"event":"correction","history_exhausted":false,"replay_frames":3,"replay_usec":55,"role":"client","tick":449,"time_ms":7907,"wall_ms":1791532984555.0}
S03R {"authority_install_error_m":0.0,"entity":2,"event":"apply","pose":{"control":1,"durable":2,"entity":2,"last_input_tick":445,"position":[7.00000190734863,0.00100005290005356,6.08335256576538],"receipt_ms":7894,"sequence":445,"tick":489,"velocity":[0.0,0.0,0.0],"yaw":0.0},"position":[7.00000190734863,0.00100005290005356,6.08335256576538],"time_ms":7909,"wall_ms":1791532984557.0,"yaw":0.0}
S03R {"event":"prediction","history_size":4,"position":[7.00000190734863,0.00100005290005356,6.08335256576538],"predicted_tick":449,"role":"client","tick":449,"time_ms":7911,"wall_ms":1791532984560.0,"yaw":0.0}
S03R {"aim_yaw":1.5707963267949,"event":"input","index":16,"move":[-1.0,0.0],"position":[7.00000190734863,0.00100005290005356,6.08335256576538],"role":"client","sequence_floor":450,"tick":450,"time_ms":7917,"wall_ms":1791532984566.0,"yaw":0.0}
S03R {"aim_yaw":1.5707963267949,"event":"keys","move":[-1.0,0.0],"role":"client","tick":450,"time_ms":7920,"wall_ms":1791532984568.0}
S03R {"aim_yaw":1.5707963267949,"event":"input_send","index":16,"move":[-1.0,0.0],"role":"client","sample_ticks_ms":7922,"sample_wall_ms":1791532984570.0,"send_ticks_ms":7922,"send_wall_ms":1791532984570.0,"sequence":450,"time_ms":7922,"wall_ms":1791532984570.0}
S03R {"event":"prediction","history_size":5,"position":[6.91666841506958,0.00100005290005356,6.08335256576538],"predicted_tick":450,"role":"client","tick":450,"time_ms":7927,"wall_ms":1791532984575.0,"yaw":1.57079637050629}
S03R {"event":"prediction","history_size":6,"position":[6.83333492279053,0.00100005290005356,6.08335256576538],"predicted_tick":451,"role":"client","tick":451,"time_ms":7935,"wall_ms":1791532984584.0,"yaw":1.57079637050629}
S03R {"aim_yaw":1.5707963267949,"event":"input_send","index":16,"move":[-1.0,0.0],"role":"client","sample_ticks_ms":7949,"sample_wall_ms":1791532984597.0,"send_ticks_ms":7949,"send_wall_ms":1791532984597.0,"sequence":452,"time_ms":7949,"wall_ms":1791532984597.0}
S03R {"event":"prediction","history_size":7,"position":[6.75000143051147,0.00100005290005356,6.08335256576538],"predicted_tick":452,"role":"client","tick":452,"time_ms":7953,"wall_ms":1791532984601.0,"yaw":1.57079637050629}
S03R {"event":"state_receive","role":"client","rows":[{"entity":1,"sequence":451,"tick":492},{"entity":2,"sequence":448,"tick":492}],"time_ms":7958,"wall_ms":1791532984606.0}
S03R {"authority_install_error_m":0.0,"entity":1,"event":"apply","pose":{"control":1,"durable":2,"entity":1,"last_input_tick":451,"position":[0.0,0.00100011611357331,10.9999923706055],"receipt_ms":7958,"sequence":451,"tick":492,"velocity":[0.0,0.0,0.0],"yaw":0.0},"position":[0.0,0.00100011611357331,10.9999923706055],"time_ms":7963,"wall_ms":1791532984611.0,"yaw":0.0}
S03R {"ack_input_tick":448,"cause":"none","correction_m":0.0,"correction_yaw_deg":0.0,"event":"correction","history_exhausted":false,"replay_frames":4,"replay_usec":54,"role":"client","tick":453,"time_ms":7965,"wall_ms":1791532984613.0}
S03R {"authority_install_error_m":0.0,"entity":2,"event":"apply","pose":{"control":1,"durable":2,"entity":2,"last_input_tick":448,"position":[7.00000190734863,0.00100005290005356,6.08335256576538],"receipt_ms":7958,"sequence":448,"tick":492,"velocity":[0.0,0.0,0.0],"yaw":0.0},"position":[6.75000143051147,0.00100005290005356,6.08335256576538],"time_ms":7967,"wall_ms":1791532984615.0,"yaw":1.57079637050629}
S03R {"event":"prediction","history_size":5,"position":[6.66666793823242,0.00100005290005356,6.08335256576538],"predicted_tick":453,"role":"client","tick":453,"time_ms":7970,"wall_ms":1791532984618.0,"yaw":1.57079637050629}
S03R {"aim_yaw":1.5707963267949,"event":"input_send","index":16,"move":[-1.0,0.0],"role":"client","sample_ticks_ms":7983,"sample_wall_ms":1791532984632.0,"send_ticks_ms":7983,"send_wall_ms":1791532984632.0,"sequence":454,"time_ms":7983,"wall_ms":1791532984632.0}
S03R {"event":"prediction","history_size":6,"position":[6.58333444595337,0.00100005290005356,6.08335256576538],"predicted_tick":454,"role":"client","tick":454,"time_ms":7988,"wall_ms":1791532984636.0,"yaw":1.57079637050629}
S03R {"event":"state_receive","role":"client","rows":[{"entity":1,"sequence":454,"tick":495},{"entity":2,"sequence":451,"tick":495}],"time_ms":7992,"wall_ms":1791532984641.0}
S03R {"authority_install_error_m":0.0,"entity":1,"event":"apply","pose":{"control":1,"durable":2,"entity":1,"last_input_tick":454,"position":[0.0,0.00100011611357331,10.9999923706055],"receipt_ms":7992,"sequence":454,"tick":495,"velocity":[0.0,0.0,0.0],"yaw":0.0},"position":[0.0,0.00100011611357331,10.9999923706055],"time_ms":7997,"wall_ms":1791532984645.0,"yaw":0.0}
S03R {"ack_input_tick":451,"cause":"none","correction_m":0.0,"correction_yaw_deg":0.0,"event":"correction","history_exhausted":false,"replay_frames":3,"replay_usec":47,"role":"client","tick":455,"time_ms":8001,"wall_ms":1791532984649.0}
S03R {"authority_install_error_m":0.0,"entity":2,"event":"apply","pose":{"control":1,"durable":2,"entity":2,"last_input_tick":451,"position":[6.83333492279053,0.00100005290005356,6.08335256576538],"receipt_ms":7992,"sequence":451,"tick":495,"velocity":[-5.0,0.0,0.0],"yaw":1.57079637050629},"position":[6.58333444595337,0.00100005290005356,6.08335256576538],"time_ms":8005,"wall_ms":1791532984653.0,"yaw":1.57079637050629}
S03R {"event":"prediction","history_size":4,"position":[6.50000095367432,0.00100005290005356,6.08335256576538],"predicted_tick":455,"role":"client","tick":455,"time_ms":8010,"wall_ms":1791532984658.0,"yaw":1.57079637050629}
S03R {"aim_yaw":1.5707963267949,"event":"input_send","index":16,"move":[-1.0,0.0],"role":"client","sample_ticks_ms":8012,"sample_wall_ms":1791532984660.0,"send_ticks_ms":8013,"send_wall_ms":1791532984660.0,"sequence":456,"time_ms":8013,"wall_ms":1791532984660.0}
S03R {"event":"prediction","history_size":5,"position":[6.41666746139526,0.00100005290005356,6.08335256576538],"predicted_tick":456,"role":"client","tick":456,"time_ms":8015,"wall_ms":1791532984663.0,"yaw":1.57079637050629}
S03R {"event":"prediction","history_size":6,"position":[6.33333396911621,0.00100005290005356,6.08335256576538],"predicted_tick":457,"role":"client","tick":457,"time_ms":8033,"wall_ms":1791532984681.0,"yaw":1.57079637050629}
S03R {"aim_yaw":1.5707963267949,"event":"input_send","index":16,"move":[-1.0,0.0],"role":"client","sample_ticks_ms":8047,"sample_wall_ms":1791532984695.0,"send_ticks_ms":8047,"send_wall_ms":1791532984695.0,"sequence":458,"time_ms":8047,"wall_ms":1791532984695.0}
S03R {"event":"prediction","history_size":7,"position":[6.25000047683716,0.00100005290005356,6.08335256576538],"predicted_tick":458,"role":"client","tick":458,"time_ms":8050,"wall_ms":1791532984698.0,"yaw":1.57079637050629}
S03R {"event":"state_receive","role":"client","rows":[{"entity":1,"sequence":457,"tick":498},{"entity":2,"sequence":454,"tick":498}],"time_ms":8053,"wall_ms":1791532984702.0}
S03R {"authority_install_error_m":0.0,"entity":1,"event":"apply","pose":{"control":1,"durable":2,"entity":1,"last_input_tick":457,"position":[0.0,0.00100011611357331,10.9999923706055],"receipt_ms":8053,"sequence":457,"tick":498,"velocity":[0.0,0.0,0.0],"yaw":0.0},"position":[0.0,0.00100011611357331,10.9999923706055],"time_ms":8068,"wall_ms":1791532984716.0,"yaw":0.0}
S03R {"ack_input_tick":454,"cause":"none","correction_m":0.0,"correction_yaw_deg":0.0,"event":"correction","history_exhausted":false,"replay_frames":4,"replay_usec":83,"role":"client","tick":459,"time_ms":8070,"wall_ms":1791532984719.0}
S03R {"authority_install_error_m":0.0,"entity":2,"event":"apply","pose":{"control":1,"durable":2,"entity":2,"last_input_tick":454,"position":[6.58333444595337,0.00100005290005356,6.08335256576538],"receipt_ms":8053,"sequence":454,"tick":498,"velocity":[-5.0,0.0,0.0],"yaw":1.57079637050629},"position":[6.25000047683716,0.00100005290005356,6.08335256576538],"time_ms":8074,"wall_ms":1791532984722.0,"yaw":1.57079637050629}
S03R {"event":"prediction","history_size":5,"position":[6.16666698455811,0.00100005290005356,6.08335256576538],"predicted_tick":459,"role":"client","tick":459,"time_ms":8078,"wall_ms":1791532984726.0,"yaw":1.57079637050629}
S03R {"aim_yaw":1.5707963267949,"event":"input_send","index":16,"move":[-1.0,0.0],"role":"client","sample_ticks_ms":8082,"sample_wall_ms":1791532984730.0,"send_ticks_ms":8082,"send_wall_ms":1791532984730.0,"sequence":460,"time_ms":8082,"wall_ms":1791532984730.0}
S03R {"event":"prediction","history_size":6,"position":[6.08333349227905,0.00100005290005356,6.08335256576538],"predicted_tick":460,"role":"client","tick":460,"time_ms":8084,"wall_ms":1791532984732.0,"yaw":1.57079637050629}
S03R {"event":"prediction","history_size":7,"position":[6.0,0.00100005290005356,6.08335256576538],"predicted_tick":461,"role":"client","tick":461,"time_ms":8095,"wall_ms":1791532984743.0,"yaw":1.57079637050629}
S03R {"event":"state_receive","role":"client","rows":[{"entity":1,"sequence":460,"tick":501},{"entity":2,"sequence":457,"tick":501}],"time_ms":8099,"wall_ms":1791532984747.0}
S03R {"aim_yaw":0.0,"event":"keys","move":[0.0,0.0],"role":"client","tick":462,"time_ms":8116,"wall_ms":1791532984765.0}
S03R {"authority_install_error_m":0.0,"entity":1,"event":"apply","pose":{"control":1,"durable":2,"entity":1,"last_input_tick":460,"position":[0.0,0.00100011611357331,10.9999923706055],"receipt_ms":8099,"sequence":460,"tick":501,"velocity":[0.0,0.0,0.0],"yaw":0.0},"position":[0.0,0.00100011611357331,10.9999923706055],"time_ms":8119,"wall_ms":1791532984767.0,"yaw":0.0}
S03R {"ack_input_tick":457,"cause":"none","correction_m":0.0,"correction_yaw_deg":0.0,"event":"correction","history_exhausted":false,"replay_frames":4,"replay_usec":65,"role":"client","tick":462,"time_ms":8123,"wall_ms":1791532984771.0}
S03R {"authority_install_error_m":0.0,"entity":2,"event":"apply","pose":{"control":1,"durable":2,"entity":2,"last_input_tick":457,"position":[6.33333396911621,0.00100005290005356,6.08335256576538],"receipt_ms":8099,"sequence":457,"tick":501,"velocity":[-5.0,0.0,0.0],"yaw":1.57079637050629},"position":[6.0,0.00100005290005356,6.08335256576538],"time_ms":8127,"wall_ms":1791532984776.0,"yaw":1.57079637050629}
S03R {"event":"prediction","history_size":5,"position":[6.0,0.00100005290005356,6.08335256576538],"predicted_tick":462,"role":"client","tick":462,"time_ms":8131,"wall_ms":1791532984779.0,"yaw":0.0}
S03R {"event":"prediction","history_size":6,"position":[6.0,0.00100005290005356,6.08335256576538],"predicted_tick":463,"role":"client","tick":463,"time_ms":8135,"wall_ms":1791532984783.0,"yaw":0.0}
S03R {"event":"state_receive","role":"client","rows":[{"entity":1,"sequence":463,"tick":504},{"entity":2,"sequence":460,"tick":504}],"time_ms":8148,"wall_ms":1791532984796.0}
S03R {"authority_install_error_m":0.0,"entity":1,"event":"apply","pose":{"control":1,"durable":2,"entity":1,"last_input_tick":463,"position":[0.0,0.00100011611357331,10.9999923706055],"receipt_ms":8148,"sequence":463,"tick":504,"velocity":[0.0,0.0,0.0],"yaw":0.0},"position":[0.0,0.00100011611357331,10.9999923706055],"time_ms":8155,"wall_ms":1791532984803.0,"yaw":0.0}
S03R {"ack_input_tick":460,"cause":"none","correction_m":0.0,"correction_yaw_deg":0.0,"event":"correction","history_exhausted":false,"replay_frames":3,"replay_usec":50,"role":"client","tick":464,"time_ms":8158,"wall_ms":1791532984806.0}
S03R {"authority_install_error_m":0.0,"entity":2,"event":"apply","pose":{"control":1,"durable":2,"entity":2,"last_input_tick":460,"position":[6.08333349227905,0.00100005290005356,6.08335256576538],"receipt_ms":8148,"sequence":460,"tick":504,"velocity":[-5.0,0.0,0.0],"yaw":1.57079637050629},"position":[6.0,0.00100005290005356,6.08335256576538],"time_ms":8161,"wall_ms":1791532984809.0,"yaw":0.0}
S03R {"event":"prediction","history_size":4,"position":[6.0,0.00100005290005356,6.08335256576538],"predicted_tick":464,"role":"client","tick":464,"time_ms":8163,"wall_ms":1791532984812.0,"yaw":0.0}
S03R {"event":"prediction","history_size":5,"position":[6.0,0.00100005290005356,6.08335256576538],"predicted_tick":465,"role":"client","tick":465,"time_ms":8169,"wall_ms":1791532984817.0,"yaw":0.0}
S03R {"event":"prediction","history_size":6,"position":[6.0,0.00100005290005356,6.08335256576538],"predicted_tick":466,"role":"client","tick":466,"time_ms":8183,"wall_ms":1791532984831.0,"yaw":0.0}
S03R {"event":"state_receive","role":"client","rows":[{"entity":1,"sequence":466,"tick":507},{"entity":2,"sequence":463,"tick":507}],"time_ms":8197,"wall_ms":1791532984844.0}
S03R {"authority_install_error_m":0.0,"entity":1,"event":"apply","pose":{"control":1,"durable":2,"entity":1,"last_input_tick":466,"position":[0.0,0.00100011611357331,10.9999923706055],"receipt_ms":8197,"sequence":466,"tick":507,"velocity":[0.0,0.0,0.0],"yaw":0.0},"position":[0.0,0.00100011611357331,10.9999923706055],"time_ms":8204,"wall_ms":1791532984852.0,"yaw":0.0}
S03R {"ack_input_tick":463,"cause":"none","correction_m":0.0,"correction_yaw_deg":0.0,"event":"correction","history_exhausted":false,"replay_frames":3,"replay_usec":87,"role":"client","tick":467,"time_ms":8207,"wall_ms":1791532984854.0}
S03R {"authority_install_error_m":0.0,"entity":2,"event":"apply","pose":{"control":1,"durable":2,"entity":2,"last_input_tick":463,"position":[6.0,0.00100005290005356,6.08335256576538],"receipt_ms":8197,"sequence":463,"tick":507,"velocity":[0.0,0.0,0.0],"yaw":0.0},"position":[6.0,0.00100005290005356,6.08335256576538],"time_ms":8209,"wall_ms":1791532984857.0,"yaw":0.0}
S03R {"event":"prediction","history_size":4,"position":[6.0,0.00100005290005356,6.08335256576538],"predicted_tick":467,"role":"client","tick":467,"time_ms":8211,"wall_ms":1791532984859.0,"yaw":0.0}
S03R {"event":"prediction","history_size":5,"position":[6.0,0.00100005290005356,6.08335256576538],"predicted_tick":468,"role":"client","tick":468,"time_ms":8217,"wall_ms":1791532984866.0,"yaw":0.0}
S03R {"event":"prediction","history_size":6,"position":[6.0,0.00100005290005356,6.08335256576538],"predicted_tick":469,"role":"client","tick":469,"time_ms":8238,"wall_ms":1791532984886.0,"yaw":0.0}
S03R {"event":"state_receive","role":"client","rows":[{"entity":1,"sequence":469,"tick":510},{"entity":2,"sequence":466,"tick":510}],"time_ms":8242,"wall_ms":1791532984890.0}
S03R {"authority_install_error_m":0.0,"entity":1,"event":"apply","pose":{"control":1,"durable":2,"entity":1,"last_input_tick":469,"position":[0.0,0.00100011611357331,10.9999923706055],"receipt_ms":8242,"sequence":469,"tick":510,"velocity":[0.0,0.0,0.0],"yaw":0.0},"position":[0.0,0.00100011611357331,10.9999923706055],"time_ms":8252,"wall_ms":1791532984900.0,"yaw":0.0}
S03R {"ack_input_tick":466,"cause":"none","correction_m":0.0,"correction_yaw_deg":0.0,"event":"correction","history_exhausted":false,"replay_frames":3,"replay_usec":46,"role":"client","tick":470,"time_ms":8255,"wall_ms":1791532984903.0}
S03R {"authority_install_error_m":0.0,"entity":2,"event":"apply","pose":{"control":1,"durable":2,"entity":2,"last_input_tick":466,"position":[6.0,0.00100005290005356,6.08335256576538],"receipt_ms":8242,"sequence":466,"tick":510,"velocity":[0.0,0.0,0.0],"yaw":0.0},"position":[6.0,0.00100005290005356,6.08335256576538],"time_ms":8257,"wall_ms":1791532984905.0,"yaw":0.0}
S03R {"event":"prediction","history_size":4,"position":[6.0,0.00100005290005356,6.08335256576538],"predicted_tick":470,"role":"client","tick":470,"time_ms":8259,"wall_ms":1791532984908.0,"yaw":0.0}
S03R {"event":"prediction","history_size":5,"position":[6.0,0.00100005290005356,6.08335256576538],"predicted_tick":471,"role":"client","tick":471,"time_ms":8266,"wall_ms":1791532984914.0,"yaw":0.0}
S03R {"event":"prediction","history_size":6,"position":[6.0,0.00100005290005356,6.08335256576538],"predicted_tick":472,"role":"client","tick":472,"time_ms":8287,"wall_ms":1791532984935.0,"yaw":0.0}
S03R {"event":"state_receive","role":"client","rows":[{"entity":1,"sequence":472,"tick":513},{"entity":2,"sequence":469,"tick":513}],"time_ms":8293,"wall_ms":1791532984942.0}
S03R {"authority_install_error_m":0.0,"entity":1,"event":"apply","pose":{"control":1,"durable":2,"entity":1,"last_input_tick":472,"position":[0.0,0.00100011611357331,10.9999923706055],"receipt_ms":8293,"sequence":472,"tick":513,"velocity":[0.0,0.0,0.0],"yaw":0.0},"position":[0.0,0.00100011611357331,10.9999923706055],"time_ms":8303,"wall_ms":1791532984950.0,"yaw":0.0}
S03R {"ack_input_tick":469,"cause":"none","correction_m":0.0,"correction_yaw_deg":0.0,"event":"correction","history_exhausted":false,"replay_frames":3,"replay_usec":138,"role":"client","tick":473,"time_ms":8308,"wall_ms":1791532984956.0}
S03R {"authority_install_error_m":0.0,"entity":2,"event":"apply","pose":{"control":1,"durable":2,"entity":2,"last_input_tick":469,"position":[6.0,0.00100005290005356,6.08335256576538],"receipt_ms":8293,"sequence":469,"tick":513,"velocity":[0.0,0.0,0.0],"yaw":0.0},"position":[6.0,0.00100005290005356,6.08335256576538],"time_ms":8311,"wall_ms":1791532984958.0,"yaw":0.0}
S03R {"event":"prediction","history_size":4,"position":[6.0,0.00100005290005356,6.08335256576538],"predicted_tick":473,"role":"client","tick":473,"time_ms":8313,"wall_ms":1791532984961.0,"yaw":0.0}
S03R {"event":"prediction","history_size":5,"position":[6.0,0.00100005290005356,6.08335256576538],"predicted_tick":474,"role":"client","tick":474,"time_ms":8326,"wall_ms":1791532984974.0,"yaw":0.0}
S03R {"event":"prediction","history_size":6,"position":[6.0,0.00100005290005356,6.08335256576538],"predicted_tick":475,"role":"client","tick":475,"time_ms":8339,"wall_ms":1791532984988.0,"yaw":0.0}
S03R {"event":"prediction","history_size":7,"position":[6.0,0.00100005290005356,6.08335256576538],"predicted_tick":476,"role":"client","tick":476,"time_ms":8353,"wall_ms":1791532985002.0,"yaw":0.0}
S03R {"event":"state_receive","role":"client","rows":[{"entity":1,"sequence":475,"tick":516},{"entity":2,"sequence":472,"tick":516}],"time_ms":8356,"wall_ms":1791532985005.0}
S03R {"authority_install_error_m":0.0,"entity":1,"event":"apply","pose":{"control":1,"durable":2,"entity":1,"last_input_tick":475,"position":[0.0,0.00100011611357331,10.9999923706055],"receipt_ms":8356,"sequence":475,"tick":516,"velocity":[0.0,0.0,0.0],"yaw":0.0},"position":[0.0,0.00100011611357331,10.9999923706055],"time_ms":8374,"wall_ms":1791532985022.0,"yaw":0.0}
S03R {"ack_input_tick":472,"cause":"none","correction_m":0.0,"correction_yaw_deg":0.0,"event":"correction","history_exhausted":false,"replay_frames":4,"replay_usec":64,"role":"client","tick":477,"time_ms":8379,"wall_ms":1791532985027.0}
S03R {"authority_install_error_m":0.0,"entity":2,"event":"apply","pose":{"control":1,"durable":2,"entity":2,"last_input_tick":472,"position":[6.0,0.00100005290005356,6.08335256576538],"receipt_ms":8356,"sequence":472,"tick":516,"velocity":[0.0,0.0,0.0],"yaw":0.0},"position":[6.0,0.00100005290005356,6.08335256576538],"time_ms":8383,"wall_ms":1791532985030.0,"yaw":0.0}
S03R {"event":"prediction","history_size":5,"position":[6.0,0.00100005290005356,6.08335256576538],"predicted_tick":477,"role":"client","tick":477,"time_ms":8385,"wall_ms":1791532985033.0,"yaw":0.0}
S03R {"event":"prediction","history_size":6,"position":[6.0,0.00100005290005356,6.08335256576538],"predicted_tick":478,"role":"client","tick":478,"time_ms":8388,"wall_ms":1791532985037.0,"yaw":0.0}
S03R {"event":"prediction","history_size":7,"position":[6.0,0.00100005290005356,6.08335256576538],"predicted_tick":479,"role":"client","tick":479,"time_ms":8409,"wall_ms":1791532985057.0,"yaw":0.0}
S03R {"event":"state_receive","role":"client","rows":[{"entity":1,"sequence":478,"tick":519},{"entity":2,"sequence":475,"tick":519}],"time_ms":8413,"wall_ms":1791532985062.0}
S03R {"aim_yaw":0.0,"event":"input","index":17,"move":[0.0,-1.0],"position":[6.0,0.00100005290005356,6.08335256576538],"role":"client","sequence_floor":480,"tick":480,"time_ms":8423,"wall_ms":1791532985070.0,"yaw":0.0}
S03R {"aim_yaw":0.0,"event":"keys","move":[0.0,-1.0],"role":"client","tick":480,"time_ms":8427,"wall_ms":1791532985075.0}
S03R {"aim_yaw":0.0,"event":"input_send","index":17,"move":[0.0,-1.0],"role":"client","sample_ticks_ms":8431,"sample_wall_ms":1791532985078.0,"send_ticks_ms":8431,"send_wall_ms":1791532985078.0,"sequence":480,"time_ms":8431,"wall_ms":1791532985078.0}
S03R {"authority_install_error_m":0.0,"entity":1,"event":"apply","pose":{"control":1,"durable":2,"entity":1,"last_input_tick":478,"position":[0.0,0.00100011611357331,10.9999923706055],"receipt_ms":8413,"sequence":478,"tick":519,"velocity":[0.0,0.0,0.0],"yaw":0.0},"position":[0.0,0.00100011611357331,10.9999923706055],"time_ms":8433,"wall_ms":1791532985082.0,"yaw":0.0}
S03R {"ack_input_tick":475,"cause":"none","correction_m":0.0,"correction_yaw_deg":0.0,"event":"correction","history_exhausted":false,"replay_frames":4,"replay_usec":66,"role":"client","tick":480,"time_ms":8436,"wall_ms":1791532985084.0}
S03R {"authority_install_error_m":0.0,"entity":2,"event":"apply","pose":{"control":1,"durable":2,"entity":2,"last_input_tick":475,"position":[6.0,0.00100005290005356,6.08335256576538],"receipt_ms":8413,"sequence":475,"tick":519,"velocity":[0.0,0.0,0.0],"yaw":0.0},"position":[6.0,0.00100005290005356,6.08335256576538],"time_ms":8438,"wall_ms":1791532985087.0,"yaw":0.0}
S03R {"event":"prediction","history_size":5,"position":[6.0,0.00100005290005356,6.00001907348633],"predicted_tick":480,"role":"client","tick":480,"time_ms":8442,"wall_ms":1791532985091.0,"yaw":0.0}
S03R {"event":"prediction","history_size":6,"position":[6.0,0.00100005290005356,5.91668558120728],"predicted_tick":481,"role":"client","tick":481,"time_ms":8445,"wall_ms":1791532985093.0,"yaw":0.0}
S03R {"aim_yaw":0.0,"event":"input_send","index":17,"move":[0.0,-1.0],"role":"client","sample_ticks_ms":8452,"sample_wall_ms":1791532985100.0,"send_ticks_ms":8452,"send_wall_ms":1791532985100.0,"sequence":482,"time_ms":8452,"wall_ms":1791532985100.0}
S03R {"event":"prediction","history_size":7,"position":[6.0,0.00100005290005356,5.83335208892822],"predicted_tick":482,"role":"client","tick":482,"time_ms":8456,"wall_ms":1791532985103.0,"yaw":0.0}
S03R {"event":"state_receive","role":"client","rows":[{"entity":1,"sequence":481,"tick":522},{"entity":2,"sequence":478,"tick":522}],"time_ms":8460,"wall_ms":1791532985108.0}
S03R {"authority_install_error_m":0.0,"entity":1,"event":"apply","pose":{"control":1,"durable":2,"entity":1,"last_input_tick":481,"position":[0.0,0.00100011611357331,10.9999923706055],"receipt_ms":8460,"sequence":481,"tick":522,"velocity":[0.0,0.0,0.0],"yaw":0.0},"position":[0.0,0.00100011611357331,10.9999923706055],"time_ms":8467,"wall_ms":1791532985115.0,"yaw":0.0}
S03R {"ack_input_tick":478,"cause":"none","correction_m":0.0,"correction_yaw_deg":0.0,"event":"correction","history_exhausted":false,"replay_frames":4,"replay_usec":75,"role":"client","tick":483,"time_ms":8469,"wall_ms":1791532985117.0}
S03R {"authority_install_error_m":0.0,"entity":2,"event":"apply","pose":{"control":1,"durable":2,"entity":2,"last_input_tick":478,"position":[6.0,0.00100005290005356,6.08335256576538],"receipt_ms":8460,"sequence":478,"tick":522,"velocity":[0.0,0.0,0.0],"yaw":0.0},"position":[6.0,0.00100005290005356,5.83335208892822],"time_ms":8471,"wall_ms":1791532985120.0,"yaw":0.0}
S03R {"event":"prediction","history_size":5,"position":[6.0,0.00100005290005356,5.75001859664917],"predicted_tick":483,"role":"client","tick":483,"time_ms":8474,"wall_ms":1791532985122.0,"yaw":0.0}
S03R {"aim_yaw":0.0,"event":"input_send","index":17,"move":[0.0,-1.0],"role":"client","sample_ticks_ms":8480,"sample_wall_ms":1791532985128.0,"send_ticks_ms":8480,"send_wall_ms":1791532985128.0,"sequence":484,"time_ms":8480,"wall_ms":1791532985128.0}
S03R {"event":"prediction","history_size":6,"position":[6.0,0.00100005290005356,5.66668510437012],"predicted_tick":484,"role":"client","tick":484,"time_ms":8483,"wall_ms":1791532985131.0,"yaw":0.0}
S03R {"event":"prediction","history_size":7,"position":[6.0,0.00100005290005356,5.58335161209106],"predicted_tick":485,"role":"client","tick":485,"time_ms":8501,"wall_ms":1791532985149.0,"yaw":0.0}
S03R {"event":"state_receive","role":"client","rows":[{"entity":1,"sequence":484,"tick":525},{"entity":2,"sequence":481,"tick":525}],"time_ms":8504,"wall_ms":1791532985152.0}
S03R {"aim_yaw":0.0,"event":"input_send","index":17,"move":[0.0,-1.0],"role":"client","sample_ticks_ms":8515,"sample_wall_ms":1791532985163.0,"send_ticks_ms":8515,"send_wall_ms":1791532985163.0,"sequence":486,"time_ms":8515,"wall_ms":1791532985163.0}
S03R {"authority_install_error_m":0.0,"entity":1,"event":"apply","pose":{"control":1,"durable":2,"entity":1,"last_input_tick":484,"position":[0.0,0.00100011611357331,10.9999923706055],"receipt_ms":8504,"sequence":484,"tick":525,"velocity":[0.0,0.0,0.0],"yaw":0.0},"position":[0.0,0.00100011611357331,10.9999923706055],"time_ms":8517,"wall_ms":1791532985165.0,"yaw":0.0}
S03R {"ack_input_tick":481,"cause":"none","correction_m":0.0,"correction_yaw_deg":0.0,"event":"correction","history_exhausted":false,"replay_frames":4,"replay_usec":64,"role":"client","tick":486,"time_ms":8520,"wall_ms":1791532985168.0}
S03R {"authority_install_error_m":0.0,"entity":2,"event":"apply","pose":{"control":1,"durable":2,"entity":2,"last_input_tick":481,"position":[6.0,0.00100005290005356,5.91668558120728],"receipt_ms":8504,"sequence":481,"tick":525,"velocity":[0.0,0.0,-5.0],"yaw":0.0},"position":[6.0,0.00100005290005356,5.58335161209106],"time_ms":8522,"wall_ms":1791532985170.0,"yaw":0.0}
S03R {"event":"prediction","history_size":5,"position":[6.0,0.00100005290005356,5.50001811981201],"predicted_tick":486,"role":"client","tick":486,"time_ms":8527,"wall_ms":1791532985175.0,"yaw":0.0}
S03R {"event":"prediction","history_size":6,"position":[6.0,0.00100005290005356,5.41668462753296],"predicted_tick":487,"role":"client","tick":487,"time_ms":8530,"wall_ms":1791532985177.0,"yaw":0.0}
S03R {"aim_yaw":0.0,"event":"input_send","index":17,"move":[0.0,-1.0],"role":"client","sample_ticks_ms":8550,"sample_wall_ms":1791532985199.0,"send_ticks_ms":8550,"send_wall_ms":1791532985199.0,"sequence":488,"time_ms":8550,"wall_ms":1791532985199.0}
S03R {"event":"prediction","history_size":7,"position":[6.0,0.00100005290005356,5.33335113525391],"predicted_tick":488,"role":"client","tick":488,"time_ms":8553,"wall_ms":1791532985201.0,"yaw":0.0}
S03R {"event":"state_receive","role":"client","rows":[{"entity":1,"sequence":487,"tick":528},{"entity":2,"sequence":484,"tick":528}],"time_ms":8555,"wall_ms":1791532985203.0}
S03R {"authority_install_error_m":0.0,"entity":1,"event":"apply","pose":{"control":1,"durable":2,"entity":1,"last_input_tick":487,"position":[0.0,0.00100011611357331,10.9999923706055],"receipt_ms":8555,"sequence":487,"tick":528,"velocity":[0.0,0.0,0.0],"yaw":0.0},"position":[0.0,0.00100011611357331,10.9999923706055],"time_ms":8564,"wall_ms":1791532985212.0,"yaw":0.0}
S03R {"ack_input_tick":484,"cause":"none","correction_m":0.0,"correction_yaw_deg":0.0,"event":"correction","history_exhausted":false,"replay_frames":4,"replay_usec":60,"role":"client","tick":489,"time_ms":8568,"wall_ms":1791532985216.0}
S03R {"authority_install_error_m":0.0,"entity":2,"event":"apply","pose":{"control":1,"durable":2,"entity":2,"last_input_tick":484,"position":[6.0,0.00100005290005356,5.66668510437012],"receipt_ms":8555,"sequence":484,"tick":528,"velocity":[0.0,0.0,-5.0],"yaw":0.0},"position":[6.0,0.00100005290005356,5.33335113525391],"time_ms":8570,"wall_ms":1791532985219.0,"yaw":0.0}
S03R {"event":"prediction","history_size":5,"position":[6.0,0.00100005290005356,5.25001764297485],"predicted_tick":489,"role":"client","tick":489,"time_ms":8573,"wall_ms":1791532985221.0,"yaw":0.0}
S03R {"aim_yaw":0.0,"event":"input_send","index":17,"move":[0.0,-1.0],"role":"client","sample_ticks_ms":8578,"sample_wall_ms":1791532985226.0,"send_ticks_ms":8578,"send_wall_ms":1791532985227.0,"sequence":490,"time_ms":8578,"wall_ms":1791532985227.0}
S03R {"event":"prediction","history_size":6,"position":[6.0,0.00100005290005356,5.1666841506958],"predicted_tick":490,"role":"client","tick":490,"time_ms":8582,"wall_ms":1791532985230.0,"yaw":0.0}
S03R {"event":"prediction","history_size":7,"position":[6.0,0.00100005290005356,5.08335065841675],"predicted_tick":491,"role":"client","tick":491,"time_ms":8599,"wall_ms":1791532985247.0,"yaw":0.0}
S03R {"event":"state_receive","role":"client","rows":[{"entity":1,"sequence":490,"tick":531},{"entity":2,"sequence":487,"tick":531}],"time_ms":8601,"wall_ms":1791532985250.0}
S03R {"aim_yaw":0.0,"event":"keys","move":[0.0,0.0],"role":"client","tick":492,"time_ms":8612,"wall_ms":1791532985260.0}
S03R {"authority_install_error_m":0.0,"entity":1,"event":"apply","pose":{"control":1,"durable":2,"entity":1,"last_input_tick":490,"position":[0.0,0.00100011611357331,10.9999923706055],"receipt_ms":8601,"sequence":490,"tick":531,"velocity":[0.0,0.0,0.0],"yaw":0.0},"position":[0.0,0.00100011611357331,10.9999923706055],"time_ms":8617,"wall_ms":1791532985265.0,"yaw":0.0}
S03R {"ack_input_tick":487,"cause":"none","correction_m":0.0,"correction_yaw_deg":0.0,"event":"correction","history_exhausted":false,"replay_frames":4,"replay_usec":71,"role":"client","tick":492,"time_ms":8619,"wall_ms":1791532985267.0}
S03R {"authority_install_error_m":0.0,"entity":2,"event":"apply","pose":{"control":1,"durable":2,"entity":2,"last_input_tick":487,"position":[6.0,0.00100005290005356,5.41668462753296],"receipt_ms":8601,"sequence":487,"tick":531,"velocity":[0.0,0.0,-5.0],"yaw":0.0},"position":[6.0,0.00100005290005356,5.08335065841675],"time_ms":8621,"wall_ms":1791532985270.0,"yaw":0.0}
S03R {"event":"prediction","history_size":5,"position":[6.0,0.00100005290005356,5.08335065841675],"predicted_tick":492,"role":"client","tick":492,"time_ms":8624,"wall_ms":1791532985272.0,"yaw":0.0}
S03R {"event":"prediction","history_size":6,"position":[6.0,0.00100005290005356,5.08335065841675],"predicted_tick":493,"role":"client","tick":493,"time_ms":8629,"wall_ms":1791532985277.0,"yaw":0.0}
S03R {"event":"prediction","history_size":7,"position":[6.0,0.00100005290005356,5.08335065841675],"predicted_tick":494,"role":"client","tick":494,"time_ms":8649,"wall_ms":1791532985298.0,"yaw":0.0}
S03R {"event":"state_receive","role":"client","rows":[{"entity":1,"sequence":493,"tick":534},{"entity":2,"sequence":490,"tick":534}],"time_ms":8654,"wall_ms":1791532985302.0}
S03R {"authority_install_error_m":0.0,"entity":1,"event":"apply","pose":{"control":1,"durable":2,"entity":1,"last_input_tick":493,"position":[0.0,0.00100011611357331,10.9999923706055],"receipt_ms":8654,"sequence":493,"tick":534,"velocity":[0.0,0.0,0.0],"yaw":0.0},"position":[0.0,0.00100011611357331,10.9999923706055],"time_ms":8663,"wall_ms":1791532985312.0,"yaw":0.0}
S03R {"ack_input_tick":490,"cause":"none","correction_m":0.0,"correction_yaw_deg":0.0,"event":"correction","history_exhausted":false,"replay_frames":4,"replay_usec":67,"role":"client","tick":495,"time_ms":8666,"wall_ms":1791532985313.0}
S03R {"authority_install_error_m":0.0,"entity":2,"event":"apply","pose":{"control":1,"durable":2,"entity":2,"last_input_tick":490,"position":[6.0,0.00100005290005356,5.1666841506958],"receipt_ms":8654,"sequence":490,"tick":534,"velocity":[0.0,0.0,-5.0],"yaw":0.0},"position":[6.0,0.00100005290005356,5.08335065841675],"time_ms":8668,"wall_ms":1791532985316.0,"yaw":0.0}
S03R {"event":"prediction","history_size":5,"position":[6.0,0.00100005290005356,5.08335065841675],"predicted_tick":495,"role":"client","tick":495,"time_ms":8670,"wall_ms":1791532985319.0,"yaw":0.0}
S03R {"event":"prediction","history_size":6,"position":[6.0,0.00100005290005356,5.08335065841675],"predicted_tick":496,"role":"client","tick":496,"time_ms":8684,"wall_ms":1791532985333.0,"yaw":0.0}
S03R {"event":"prediction","history_size":7,"position":[6.0,0.00100005290005356,5.08335065841675],"predicted_tick":497,"role":"client","tick":497,"time_ms":8698,"wall_ms":1791532985346.0,"yaw":0.0}
S03R {"event":"state_receive","role":"client","rows":[{"entity":1,"sequence":496,"tick":537},{"entity":2,"sequence":493,"tick":537}],"time_ms":8703,"wall_ms":1791532985351.0}
S03R {"authority_install_error_m":0.0,"entity":1,"event":"apply","pose":{"control":1,"durable":2,"entity":1,"last_input_tick":496,"position":[0.0,0.00100011611357331,10.9999923706055],"receipt_ms":8703,"sequence":496,"tick":537,"velocity":[0.0,0.0,0.0],"yaw":0.0},"position":[0.0,0.00100011611357331,10.9999923706055],"time_ms":8712,"wall_ms":1791532985360.0,"yaw":0.0}
S03R {"ack_input_tick":493,"cause":"none","correction_m":0.0,"correction_yaw_deg":0.0,"event":"correction","history_exhausted":false,"replay_frames":4,"replay_usec":65,"role":"client","tick":498,"time_ms":8714,"wall_ms":1791532985362.0}
S03R {"authority_install_error_m":0.0,"entity":2,"event":"apply","pose":{"control":1,"durable":2,"entity":2,"last_input_tick":493,"position":[6.0,0.00100005290005356,5.08335065841675],"receipt_ms":8703,"sequence":493,"tick":537,"velocity":[0.0,0.0,0.0],"yaw":0.0},"position":[6.0,0.00100005290005356,5.08335065841675],"time_ms":8716,"wall_ms":1791532985365.0,"yaw":0.0}
S03R {"event":"prediction","history_size":5,"position":[6.0,0.00100005290005356,5.08335065841675],"predicted_tick":498,"role":"client","tick":498,"time_ms":8719,"wall_ms":1791532985367.0,"yaw":0.0}
S03R {"event":"prediction","history_size":6,"position":[6.0,0.00100005290005356,5.08335065841675],"predicted_tick":499,"role":"client","tick":499,"time_ms":8732,"wall_ms":1791532985381.0,"yaw":0.0}
S03R {"event":"prediction","history_size":7,"position":[6.0,0.00100005290005356,5.08335065841675],"predicted_tick":500,"role":"client","tick":500,"time_ms":8746,"wall_ms":1791532985394.0,"yaw":0.0}
S03R {"event":"state_receive","role":"client","rows":[{"entity":1,"sequence":499,"tick":540},{"entity":2,"sequence":496,"tick":540}],"time_ms":8750,"wall_ms":1791532985399.0}
S03R {"authority_install_error_m":0.0,"entity":1,"event":"apply","pose":{"control":1,"durable":2,"entity":1,"last_input_tick":499,"position":[0.0,0.00100011611357331,10.9999923706055],"receipt_ms":8750,"sequence":499,"tick":540,"velocity":[0.0,0.0,0.0],"yaw":0.0},"position":[0.0,0.00100011611357331,10.9999923706055],"time_ms":8767,"wall_ms":1791532985414.0,"yaw":0.0}
S03R {"ack_input_tick":496,"cause":"none","correction_m":0.0,"correction_yaw_deg":0.0,"event":"correction","history_exhausted":false,"replay_frames":4,"replay_usec":66,"role":"client","tick":501,"time_ms":8769,"wall_ms":1791532985417.0}
S03R {"authority_install_error_m":0.0,"entity":2,"event":"apply","pose":{"control":1,"durable":2,"entity":2,"last_input_tick":496,"position":[6.0,0.00100005290005356,5.08335065841675],"receipt_ms":8750,"sequence":496,"tick":540,"velocity":[0.0,0.0,0.0],"yaw":0.0},"position":[6.0,0.00100005290005356,5.08335065841675],"time_ms":8771,"wall_ms":1791532985419.0,"yaw":0.0}
S03R {"event":"prediction","history_size":5,"position":[6.0,0.00100005290005356,5.08335065841675],"predicted_tick":501,"role":"client","tick":501,"time_ms":8774,"wall_ms":1791532985422.0,"yaw":0.0}
S03R {"event":"prediction","history_size":6,"position":[6.0,0.00100005290005356,5.08335065841675],"predicted_tick":502,"role":"client","tick":502,"time_ms":8781,"wall_ms":1791532985429.0,"yaw":0.0}
S03R {"event":"prediction","history_size":7,"position":[6.0,0.00100005290005356,5.08335065841675],"predicted_tick":503,"role":"client","tick":503,"time_ms":8801,"wall_ms":1791532985449.0,"yaw":0.0}
S03R {"event":"state_receive","role":"client","rows":[{"entity":1,"sequence":502,"tick":543},{"entity":2,"sequence":499,"tick":543}],"time_ms":8804,"wall_ms":1791532985452.0}
S03R {"authority_install_error_m":0.0,"entity":1,"event":"apply","pose":{"control":1,"durable":2,"entity":1,"last_input_tick":502,"position":[0.0,0.00100011611357331,10.9999923706055],"receipt_ms":8804,"sequence":502,"tick":543,"velocity":[0.0,0.0,0.0],"yaw":0.0},"position":[0.0,0.00100011611357331,10.9999923706055],"time_ms":8815,"wall_ms":1791532985463.0,"yaw":0.0}
S03R {"ack_input_tick":499,"cause":"none","correction_m":0.0,"correction_yaw_deg":0.0,"event":"correction","history_exhausted":false,"replay_frames":4,"replay_usec":62,"role":"client","tick":504,"time_ms":8818,"wall_ms":1791532985465.0}
S03R {"authority_install_error_m":0.0,"entity":2,"event":"apply","pose":{"control":1,"durable":2,"entity":2,"last_input_tick":499,"position":[6.0,0.00100005290005356,5.08335065841675],"receipt_ms":8804,"sequence":499,"tick":543,"velocity":[0.0,0.0,0.0],"yaw":0.0},"position":[6.0,0.00100005290005356,5.08335065841675],"time_ms":8820,"wall_ms":1791532985469.0,"yaw":0.0}
S03R {"event":"prediction","history_size":5,"position":[6.0,0.00100005290005356,5.08335065841675],"predicted_tick":504,"role":"client","tick":504,"time_ms":8823,"wall_ms":1791532985471.0,"yaw":0.0}
S03R {"event":"prediction","history_size":6,"position":[6.0,0.00100005290005356,5.08335065841675],"predicted_tick":505,"role":"client","tick":505,"time_ms":8836,"wall_ms":1791532985484.0,"yaw":0.0}
S03R {"event":"prediction","history_size":7,"position":[6.0,0.00100005290005356,5.08335065841675],"predicted_tick":506,"role":"client","tick":506,"time_ms":8850,"wall_ms":1791532985498.0,"yaw":0.0}
S03R {"event":"state_receive","role":"client","rows":[{"entity":1,"sequence":505,"tick":546},{"entity":2,"sequence":502,"tick":546}],"time_ms":8853,"wall_ms":1791532985502.0}
S03R {"authority_install_error_m":0.0,"entity":1,"event":"apply","pose":{"control":1,"durable":2,"entity":1,"last_input_tick":505,"position":[0.0,0.00100011611357331,10.9999923706055],"receipt_ms":8853,"sequence":505,"tick":546,"velocity":[0.0,0.0,0.0],"yaw":0.0},"position":[0.0,0.00100011611357331,10.9999923706055],"time_ms":8870,"wall_ms":1791532985518.0,"yaw":0.0}
S03R {"ack_input_tick":502,"cause":"none","correction_m":0.0,"correction_yaw_deg":0.0,"event":"correction","history_exhausted":false,"replay_frames":4,"replay_usec":105,"role":"client","tick":507,"time_ms":8873,"wall_ms":1791532985521.0}
S03R {"authority_install_error_m":0.0,"entity":2,"event":"apply","pose":{"control":1,"durable":2,"entity":2,"last_input_tick":502,"position":[6.0,0.00100005290005356,5.08335065841675],"receipt_ms":8853,"sequence":502,"tick":546,"velocity":[0.0,0.0,0.0],"yaw":0.0},"position":[6.0,0.00100005290005356,5.08335065841675],"time_ms":8879,"wall_ms":1791532985527.0,"yaw":0.0}
S03R {"event":"prediction","history_size":5,"position":[6.0,0.00100005290005356,5.08335065841675],"predicted_tick":507,"role":"client","tick":507,"time_ms":8882,"wall_ms":1791532985529.0,"yaw":0.0}
S03R {"event":"prediction","history_size":6,"position":[6.0,0.00100005290005356,5.08335065841675],"predicted_tick":508,"role":"client","tick":508,"time_ms":8886,"wall_ms":1791532985534.0,"yaw":0.0}
S03R {"event":"prediction","history_size":7,"position":[6.0,0.00100005290005356,5.08335065841675],"predicted_tick":509,"role":"client","tick":509,"time_ms":8908,"wall_ms":1791532985556.0,"yaw":0.0}
S03R {"event":"state_receive","role":"client","rows":[{"entity":1,"sequence":508,"tick":549},{"entity":2,"sequence":505,"tick":549}],"time_ms":8913,"wall_ms":1791532985561.0}
S03R {"aim_yaw":-1.5707963267949,"event":"input","index":18,"move":[1.0,0.0],"position":[6.0,0.00100005290005356,5.08335065841675],"role":"client","sequence_floor":510,"tick":510,"time_ms":8921,"wall_ms":1791532985569.0,"yaw":0.0}
S03R {"aim_yaw":-1.5707963267949,"event":"keys","move":[1.0,0.0],"role":"client","tick":510,"time_ms":8924,"wall_ms":1791532985572.0}
S03R {"aim_yaw":-1.5707963267949,"event":"input_send","index":18,"move":[1.0,0.0],"role":"client","sample_ticks_ms":8927,"sample_wall_ms":1791532985575.0,"send_ticks_ms":8927,"send_wall_ms":1791532985575.0,"sequence":510,"time_ms":8927,"wall_ms":1791532985575.0}
S03R {"authority_install_error_m":0.0,"entity":1,"event":"apply","pose":{"control":1,"durable":2,"entity":1,"last_input_tick":508,"position":[0.0,0.00100011611357331,10.9999923706055],"receipt_ms":8913,"sequence":508,"tick":549,"velocity":[0.0,0.0,0.0],"yaw":0.0},"position":[0.0,0.00100011611357331,10.9999923706055],"time_ms":8931,"wall_ms":1791532985580.0,"yaw":0.0}
S03R {"ack_input_tick":505,"cause":"none","correction_m":0.0,"correction_yaw_deg":0.0,"event":"correction","history_exhausted":false,"replay_frames":4,"replay_usec":67,"role":"client","tick":510,"time_ms":8934,"wall_ms":1791532985582.0}
S03R {"authority_install_error_m":0.0,"entity":2,"event":"apply","pose":{"control":1,"durable":2,"entity":2,"last_input_tick":505,"position":[6.0,0.00100005290005356,5.08335065841675],"receipt_ms":8913,"sequence":505,"tick":549,"velocity":[0.0,0.0,0.0],"yaw":0.0},"position":[6.0,0.00100005290005356,5.08335065841675],"time_ms":8939,"wall_ms":1791532985587.0,"yaw":0.0}
S03R {"event":"prediction","history_size":5,"position":[6.08333349227905,0.00100005290005356,5.08335065841675],"predicted_tick":510,"role":"client","tick":510,"time_ms":8941,"wall_ms":1791532985589.0,"yaw":-1.57079637050629}
S03R {"event":"prediction","history_size":6,"position":[6.16666698455811,0.00100005290005356,5.08335065841675],"predicted_tick":511,"role":"client","tick":511,"time_ms":8944,"wall_ms":1791532985593.0,"yaw":-1.57079637050629}
S03R {"aim_yaw":-1.5707963267949,"event":"input_send","index":18,"move":[1.0,0.0],"role":"client","sample_ticks_ms":8951,"sample_wall_ms":1791532985599.0,"send_ticks_ms":8951,"send_wall_ms":1791532985600.0,"sequence":512,"time_ms":8951,"wall_ms":1791532985600.0}
S03R {"event":"prediction","history_size":7,"position":[6.25000047683716,0.00100005290005356,5.08335065841675],"predicted_tick":512,"role":"client","tick":512,"time_ms":8954,"wall_ms":1791532985603.0,"yaw":-1.57079637050629}
S03R {"event":"state_receive","role":"client","rows":[{"entity":1,"sequence":511,"tick":552},{"entity":2,"sequence":508,"tick":552}],"time_ms":8960,"wall_ms":1791532985608.0}
S03R {"authority_install_error_m":0.0,"entity":1,"event":"apply","pose":{"control":1,"durable":2,"entity":1,"last_input_tick":511,"position":[0.0,0.00100011611357331,10.9999923706055],"receipt_ms":8960,"sequence":511,"tick":552,"velocity":[0.0,0.0,0.0],"yaw":0.0},"position":[0.0,0.00100011611357331,10.9999923706055],"time_ms":8965,"wall_ms":1791532985613.0,"yaw":0.0}
S03R {"ack_input_tick":508,"cause":"none","correction_m":0.0,"correction_yaw_deg":0.0,"event":"correction","history_exhausted":false,"replay_frames":4,"replay_usec":64,"role":"client","tick":513,"time_ms":8968,"wall_ms":1791532985616.0}
S03R {"authority_install_error_m":0.0,"entity":2,"event":"apply","pose":{"control":1,"durable":2,"entity":2,"last_input_tick":508,"position":[6.0,0.00100005290005356,5.08335065841675],"receipt_ms":8960,"sequence":508,"tick":552,"velocity":[0.0,0.0,0.0],"yaw":0.0},"position":[6.25000047683716,0.00100005290005356,5.08335065841675],"time_ms":8971,"wall_ms":1791532985619.0,"yaw":-1.57079637050629}
S03R {"event":"prediction","history_size":5,"position":[6.33333396911621,0.00100005290005356,5.08335065841675],"predicted_tick":513,"role":"client","tick":513,"time_ms":8973,"wall_ms":1791532985622.0,"yaw":-1.57079637050629}
S03R {"aim_yaw":-1.5707963267949,"event":"input_send","index":18,"move":[1.0,0.0],"role":"client","sample_ticks_ms":8979,"sample_wall_ms":1791532985627.0,"send_ticks_ms":8979,"send_wall_ms":1791532985627.0,"sequence":514,"time_ms":8979,"wall_ms":1791532985627.0}
S03R {"event":"prediction","history_size":6,"position":[6.41666746139526,0.00100005290005356,5.08335065841675],"predicted_tick":514,"role":"client","tick":514,"time_ms":8983,"wall_ms":1791532985631.0,"yaw":-1.57079637050629}
S03R {"event":"prediction","history_size":7,"position":[6.50000095367432,0.00100005290005356,5.08335065841675],"predicted_tick":515,"role":"client","tick":515,"time_ms":9000,"wall_ms":1791532985648.0,"yaw":-1.57079637050629}
S03R {"event":"state_receive","role":"client","rows":[{"entity":1,"sequence":514,"tick":555},{"entity":2,"sequence":511,"tick":555}],"time_ms":9003,"wall_ms":1791532985650.0}
S03R {"aim_yaw":-1.5707963267949,"event":"input_send","index":18,"move":[1.0,0.0],"role":"client","sample_ticks_ms":9013,"sample_wall_ms":1791532985662.0,"send_ticks_ms":9013,"send_wall_ms":1791532985662.0,"sequence":516,"time_ms":9013,"wall_ms":1791532985662.0}
S03R {"authority_install_error_m":0.0,"entity":1,"event":"apply","pose":{"control":1,"durable":2,"entity":1,"last_input_tick":514,"position":[0.0,0.00100011611357331,10.9999923706055],"receipt_ms":9003,"sequence":514,"tick":555,"velocity":[0.0,0.0,0.0],"yaw":0.0},"position":[0.0,0.00100011611357331,10.9999923706055],"time_ms":9016,"wall_ms":1791532985664.0,"yaw":0.0}
S03R {"ack_input_tick":511,"cause":"none","correction_m":0.0,"correction_yaw_deg":0.0,"event":"correction","history_exhausted":false,"replay_frames":4,"replay_usec":64,"role":"client","tick":516,"time_ms":9018,"wall_ms":1791532985667.0}
S03R {"authority_install_error_m":0.0,"entity":2,"event":"apply","pose":{"control":1,"durable":2,"entity":2,"last_input_tick":511,"position":[6.16666698455811,0.00100005290005356,5.08335065841675],"receipt_ms":9003,"sequence":511,"tick":555,"velocity":[5.0,0.0,0.0],"yaw":-1.57079637050629},"position":[6.50000095367432,0.00100005290005356,5.08335065841675],"time_ms":9021,"wall_ms":1791532985668.0,"yaw":-1.57079637050629}
S03R {"event":"prediction","history_size":5,"position":[6.58333444595337,0.00100005290005356,5.08335065841675],"predicted_tick":516,"role":"client","tick":516,"time_ms":9025,"wall_ms":1791532985672.0,"yaw":-1.57079637050629}
S03R {"event":"prediction","history_size":6,"position":[6.66666793823242,0.00100005290005356,5.08335065841675],"predicted_tick":517,"role":"client","tick":517,"time_ms":9028,"wall_ms":1791532985677.0,"yaw":-1.57079637050629}
S03R {"aim_yaw":-1.5707963267949,"event":"input_send","index":18,"move":[1.0,0.0],"role":"client","sample_ticks_ms":9049,"sample_wall_ms":1791532985696.0,"send_ticks_ms":9049,"send_wall_ms":1791532985698.0,"sequence":518,"time_ms":9049,"wall_ms":1791532985698.0}
S03R {"event":"prediction","history_size":7,"position":[6.75000143051147,0.00100005290005356,5.08335065841675],"predicted_tick":518,"role":"client","tick":518,"time_ms":9052,"wall_ms":1791532985700.0,"yaw":-1.57079637050629}
S03R {"event":"state_receive","role":"client","rows":[{"entity":1,"sequence":517,"tick":558},{"entity":2,"sequence":514,"tick":558}],"time_ms":9055,"wall_ms":1791532985703.0}
S03R {"authority_install_error_m":0.0,"entity":1,"event":"apply","pose":{"control":1,"durable":2,"entity":1,"last_input_tick":517,"position":[0.0,0.00100011611357331,10.9999923706055],"receipt_ms":9055,"sequence":517,"tick":558,"velocity":[0.0,0.0,0.0],"yaw":0.0},"position":[0.0,0.00100011611357331,10.9999923706055],"time_ms":9063,"wall_ms":1791532985711.0,"yaw":0.0}
S03R {"ack_input_tick":514,"cause":"none","correction_m":0.0,"correction_yaw_deg":0.0,"event":"correction","history_exhausted":false,"replay_frames":4,"replay_usec":88,"role":"client","tick":519,"time_ms":9065,"wall_ms":1791532985713.0}
S03R {"authority_install_error_m":0.0,"entity":2,"event":"apply","pose":{"control":1,"durable":2,"entity":2,"last_input_tick":514,"position":[6.41666746139526,0.00100005290005356,5.08335065841675],"receipt_ms":9055,"sequence":514,"tick":558,"velocity":[5.0,0.0,0.0],"yaw":-1.57079637050629},"position":[6.75000143051147,0.00100005290005356,5.08335065841675],"time_ms":9069,"wall_ms":1791532985718.0,"yaw":-1.57079637050629}
S03R {"event":"prediction","history_size":5,"position":[6.83333492279053,0.00100005290005356,5.08335065841675],"predicted_tick":519,"role":"client","tick":519,"time_ms":9072,"wall_ms":1791532985719.0,"yaw":-1.57079637050629}
S03R {"aim_yaw":-1.5707963267949,"event":"input_send","index":18,"move":[1.0,0.0],"role":"client","sample_ticks_ms":9083,"sample_wall_ms":1791532985732.0,"send_ticks_ms":9084,"send_wall_ms":1791532985732.0,"sequence":520,"time_ms":9084,"wall_ms":1791532985732.0}
S03R {"event":"prediction","history_size":6,"position":[6.91666841506958,0.00100005290005356,5.08335065841675],"predicted_tick":520,"role":"client","tick":520,"time_ms":9086,"wall_ms":1791532985735.0,"yaw":-1.57079637050629}
S03R {"event":"prediction","history_size":7,"position":[7.00000190734863,0.00100005290005356,5.08335065841675],"predicted_tick":521,"role":"client","tick":521,"time_ms":9097,"wall_ms":1791532985745.0,"yaw":-1.57079637050629}
S03R {"event":"state_receive","role":"client","rows":[{"entity":1,"sequence":520,"tick":561},{"entity":2,"sequence":517,"tick":561}],"time_ms":9102,"wall_ms":1791532985750.0}
S03R {"aim_yaw":0.0,"event":"keys","move":[0.0,0.0],"role":"client","tick":522,"time_ms":9111,"wall_ms":1791532985758.0}
S03R {"authority_install_error_m":0.0,"entity":1,"event":"apply","pose":{"control":1,"durable":2,"entity":1,"last_input_tick":520,"position":[0.0,0.00100011611357331,10.9999923706055],"receipt_ms":9101,"sequence":520,"tick":561,"velocity":[0.0,0.0,0.0],"yaw":0.0},"position":[0.0,0.00100011611357331,10.9999923706055],"time_ms":9114,"wall_ms":1791532985761.0,"yaw":0.0}
S03R {"ack_input_tick":517,"cause":"none","correction_m":0.0,"correction_yaw_deg":0.0,"event":"correction","history_exhausted":false,"replay_frames":4,"replay_usec":81,"role":"client","tick":522,"time_ms":9118,"wall_ms":1791532985767.0}
S03R {"authority_install_error_m":0.0,"entity":2,"event":"apply","pose":{"control":1,"durable":2,"entity":2,"last_input_tick":517,"position":[6.66666793823242,0.00100005290005356,5.08335065841675],"receipt_ms":9101,"sequence":517,"tick":561,"velocity":[5.0,0.0,0.0],"yaw":-1.57079637050629},"position":[7.00000190734863,0.00100005290005356,5.08335065841675],"time_ms":9124,"wall_ms":1791532985773.0,"yaw":-1.57079637050629}
S03R {"event":"prediction","history_size":5,"position":[7.00000190734863,0.00100005290005356,5.08335065841675],"predicted_tick":522,"role":"client","tick":522,"time_ms":9129,"wall_ms":1791532985776.0,"yaw":0.0}
S03R {"event":"prediction","history_size":6,"position":[7.00000190734863,0.00100005290005356,5.08335065841675],"predicted_tick":523,"role":"client","tick":523,"time_ms":9141,"wall_ms":1791532985789.0,"yaw":0.0}
S03R {"event":"prediction","history_size":7,"position":[7.00000190734863,0.00100005290005356,5.08335065841675],"predicted_tick":524,"role":"client","tick":524,"time_ms":9155,"wall_ms":1791532985804.0,"yaw":0.0}
S03R {"event":"state_receive","role":"client","rows":[{"entity":1,"sequence":523,"tick":564},{"entity":2,"sequence":520,"tick":564}],"time_ms":9158,"wall_ms":1791532985807.0}
S03R {"authority_install_error_m":0.0,"entity":1,"event":"apply","pose":{"control":1,"durable":2,"entity":1,"last_input_tick":523,"position":[0.0,0.00100011611357331,10.9999923706055],"receipt_ms":9158,"sequence":523,"tick":564,"velocity":[0.0,0.0,0.0],"yaw":0.0},"position":[0.0,0.00100011611357331,10.9999923706055],"time_ms":9176,"wall_ms":1791532985824.0,"yaw":0.0}
S03R {"ack_input_tick":520,"cause":"none","correction_m":0.0,"correction_yaw_deg":0.0,"event":"correction","history_exhausted":false,"replay_frames":4,"replay_usec":66,"role":"client","tick":525,"time_ms":9178,"wall_ms":1791532985827.0}
S03R {"authority_install_error_m":0.0,"entity":2,"event":"apply","pose":{"control":1,"durable":2,"entity":2,"last_input_tick":520,"position":[6.91666841506958,0.00100005290005356,5.08335065841675],"receipt_ms":9158,"sequence":520,"tick":564,"velocity":[5.0,0.0,0.0],"yaw":-1.57079637050629},"position":[7.00000190734863,0.00100005290005356,5.08335065841675],"time_ms":9181,"wall_ms":1791532985829.0,"yaw":0.0}
S03R {"event":"prediction","history_size":5,"position":[7.00000190734863,0.00100005290005356,5.08335065841675],"predicted_tick":525,"role":"client","tick":525,"time_ms":9183,"wall_ms":1791532985832.0,"yaw":0.0}
S03R {"event":"prediction","history_size":6,"position":[7.00000190734863,0.00100005290005356,5.08335065841675],"predicted_tick":526,"role":"client","tick":526,"time_ms":9190,"wall_ms":1791532985838.0,"yaw":0.0}
S03R {"event":"prediction","history_size":7,"position":[7.00000190734863,0.00100005290005356,5.08335065841675],"predicted_tick":527,"role":"client","tick":527,"time_ms":9204,"wall_ms":1791532985852.0,"yaw":0.0}
S03R {"event":"state_receive","role":"client","rows":[{"entity":1,"sequence":526,"tick":567},{"entity":2,"sequence":523,"tick":567}],"time_ms":9208,"wall_ms":1791532985856.0}
S03R {"authority_install_error_m":0.0,"entity":1,"event":"apply","pose":{"control":1,"durable":2,"entity":1,"last_input_tick":526,"position":[0.0,0.00100011611357331,10.9999923706055],"receipt_ms":9208,"sequence":526,"tick":567,"velocity":[0.0,0.0,0.0],"yaw":0.0},"position":[0.0,0.00100011611357331,10.9999923706055],"time_ms":9224,"wall_ms":1791532985872.0,"yaw":0.0}
S03R {"ack_input_tick":523,"cause":"none","correction_m":0.0,"correction_yaw_deg":0.0,"event":"correction","history_exhausted":false,"replay_frames":4,"replay_usec":71,"role":"client","tick":528,"time_ms":9227,"wall_ms":1791532985876.0}
S03R {"authority_install_error_m":0.0,"entity":2,"event":"apply","pose":{"control":1,"durable":2,"entity":2,"last_input_tick":523,"position":[7.00000190734863,0.00100005290005356,5.08335065841675],"receipt_ms":9208,"sequence":523,"tick":567,"velocity":[0.0,0.0,0.0],"yaw":0.0},"position":[7.00000190734863,0.00100005290005356,5.08335065841675],"time_ms":9231,"wall_ms":1791532985879.0,"yaw":0.0}
S03R {"event":"prediction","history_size":5,"position":[7.00000190734863,0.00100005290005356,5.08335065841675],"predicted_tick":528,"role":"client","tick":528,"time_ms":9235,"wall_ms":1791532985884.0,"yaw":0.0}
S03R {"event":"prediction","history_size":6,"position":[7.00000190734863,0.00100005290005356,5.08335065841675],"predicted_tick":529,"role":"client","tick":529,"time_ms":9240,"wall_ms":1791532985889.0,"yaw":0.0}
S03R {"event":"prediction","history_size":7,"position":[7.00000190734863,0.00100005290005356,5.08335065841675],"predicted_tick":530,"role":"client","tick":530,"time_ms":9254,"wall_ms":1791532985903.0,"yaw":0.0}
S03R {"event":"state_receive","role":"client","rows":[{"entity":1,"sequence":529,"tick":570},{"entity":2,"sequence":526,"tick":570}],"time_ms":9259,"wall_ms":1791532985907.0}
S03R {"authority_install_error_m":0.0,"entity":1,"event":"apply","pose":{"control":1,"durable":2,"entity":1,"last_input_tick":529,"position":[0.0,0.00100011611357331,10.9999923706055],"receipt_ms":9259,"sequence":529,"tick":570,"velocity":[0.0,0.0,0.0],"yaw":0.0},"position":[0.0,0.00100011611357331,10.9999923706055],"time_ms":9275,"wall_ms":1791532985923.0,"yaw":0.0}
S03R {"ack_input_tick":526,"cause":"none","correction_m":0.0,"correction_yaw_deg":0.0,"event":"correction","history_exhausted":false,"replay_frames":4,"replay_usec":149,"role":"client","tick":531,"time_ms":9285,"wall_ms":1791532985933.0}
S03R {"authority_install_error_m":0.0,"entity":2,"event":"apply","pose":{"control":1,"durable":2,"entity":2,"last_input_tick":526,"position":[7.00000190734863,0.00100005290005356,5.08335065841675],"receipt_ms":9259,"sequence":526,"tick":570,"velocity":[0.0,0.0,0.0],"yaw":0.0},"position":[7.00000190734863,0.00100005290005356,5.08335065841675],"time_ms":9289,"wall_ms":1791532985937.0,"yaw":0.0}
S03R {"event":"prediction","history_size":5,"position":[7.00000190734863,0.00100005290005356,5.08335065841675],"predicted_tick":531,"role":"client","tick":531,"time_ms":9293,"wall_ms":1791532985941.0,"yaw":0.0}
S03R {"event":"state_receive","role":"client","rows":[{"entity":1,"sequence":532,"tick":573},{"entity":2,"sequence":528,"tick":573}],"time_ms":9299,"wall_ms":1791532985947.0}
S03R {"authority_install_error_m":0.0,"entity":1,"event":"apply","pose":{"control":1,"durable":2,"entity":1,"last_input_tick":532,"position":[0.0,0.00100011611357331,10.9999923706055],"receipt_ms":9299,"sequence":532,"tick":573,"velocity":[0.0,0.0,0.0],"yaw":0.0},"position":[0.0,0.00100011611357331,10.9999923706055],"time_ms":9302,"wall_ms":1791532985951.0,"yaw":0.0}
S03R {"ack_input_tick":528,"cause":"none","correction_m":0.0,"correction_yaw_deg":0.0,"event":"correction","history_exhausted":false,"replay_frames":3,"replay_usec":117,"role":"client","tick":532,"time_ms":9305,"wall_ms":1791532985953.0}
S03R {"authority_install_error_m":0.0,"entity":2,"event":"apply","pose":{"control":1,"durable":2,"entity":2,"last_input_tick":528,"position":[7.00000190734863,0.00100005290005356,5.08335065841675],"receipt_ms":9299,"sequence":528,"tick":573,"velocity":[0.0,0.0,0.0],"yaw":0.0},"position":[7.00000190734863,0.00100005290005356,5.08335065841675],"time_ms":9308,"wall_ms":1791532985956.0,"yaw":0.0}
S03R {"event":"prediction","history_size":4,"position":[7.00000190734863,0.00100005290005356,5.08335065841675],"predicted_tick":532,"role":"client","tick":532,"time_ms":9310,"wall_ms":1791532985958.0,"yaw":0.0}
S03R {"event":"prediction","history_size":5,"position":[7.00000190734863,0.00100005290005356,5.08335065841675],"predicted_tick":533,"role":"client","tick":533,"time_ms":9315,"wall_ms":1791532985963.0,"yaw":0.0}
S03R {"event":"prediction","history_size":6,"position":[7.00000190734863,0.00100005290005356,5.08335065841675],"predicted_tick":534,"role":"client","tick":534,"time_ms":9322,"wall_ms":1791532985971.0,"yaw":0.0}
S03R {"event":"prediction","history_size":7,"position":[7.00000190734863,0.00100005290005356,5.08335065841675],"predicted_tick":535,"role":"client","tick":535,"time_ms":9329,"wall_ms":1791532985977.0,"yaw":0.0}
S03R {"event":"prediction","history_size":8,"position":[7.00000190734863,0.00100005290005356,5.08335065841675],"predicted_tick":536,"role":"client","tick":536,"time_ms":9350,"wall_ms":1791532985998.0,"yaw":0.0}
S03R {"event":"state_receive","role":"client","rows":[{"entity":1,"sequence":535,"tick":576},{"entity":2,"sequence":530,"tick":576}],"time_ms":9353,"wall_ms":1791532986000.0}
S03R {"authority_install_error_m":0.0,"entity":1,"event":"apply","pose":{"control":1,"durable":2,"entity":1,"last_input_tick":535,"position":[0.0,0.00100011611357331,10.9999923706055],"receipt_ms":9353,"sequence":535,"tick":576,"velocity":[0.0,0.0,0.0],"yaw":0.0},"position":[0.0,0.00100011611357331,10.9999923706055],"time_ms":9363,"wall_ms":1791532986012.0,"yaw":0.0}
S03R {"ack_input_tick":530,"cause":"none","correction_m":0.0,"correction_yaw_deg":0.0,"event":"correction","history_exhausted":false,"replay_frames":6,"replay_usec":102,"role":"client","tick":537,"time_ms":9368,"wall_ms":1791532986015.0}
S03R {"authority_install_error_m":0.0,"entity":2,"event":"apply","pose":{"control":1,"durable":2,"entity":2,"last_input_tick":530,"position":[7.00000190734863,0.00100005290005356,5.08335065841675],"receipt_ms":9353,"sequence":530,"tick":576,"velocity":[0.0,0.0,0.0],"yaw":0.0},"position":[7.00000190734863,0.00100005290005356,5.08335065841675],"time_ms":9370,"wall_ms":1791532986018.0,"yaw":0.0}
S03R {"event":"prediction","history_size":7,"position":[7.00000190734863,0.00100005290005356,5.08335065841675],"predicted_tick":537,"role":"client","tick":537,"time_ms":9372,"wall_ms":1791532986020.0,"yaw":0.0}
S03R {"event":"prediction","history_size":8,"position":[7.00000190734863,0.00100005290005356,5.08335065841675],"predicted_tick":538,"role":"client","tick":538,"time_ms":9378,"wall_ms":1791532986026.0,"yaw":0.0}
S03R {"event":"prediction","history_size":9,"position":[7.00000190734863,0.00100005290005356,5.08335065841675],"predicted_tick":539,"role":"client","tick":539,"time_ms":9398,"wall_ms":1791532986047.0,"yaw":0.0}
S03R {"event":"state_receive","role":"client","rows":[{"entity":1,"sequence":538,"tick":579},{"entity":2,"sequence":533,"tick":579}],"time_ms":9402,"wall_ms":1791532986050.0}
S03R {"aim_yaw":0.0,"event":"input","index":19,"move":[0.0,-1.0],"position":[7.00000190734863,0.00100005290005356,5.08335065841675],"role":"client","sequence_floor":540,"tick":540,"time_ms":9412,"wall_ms":1791532986061.0,"yaw":0.0}
S03R {"aim_yaw":0.0,"event":"keys","move":[0.0,-1.0],"role":"client","tick":540,"time_ms":9415,"wall_ms":1791532986063.0}
S03R {"aim_yaw":0.0,"event":"input_send","index":19,"move":[0.0,-1.0],"role":"client","sample_ticks_ms":9417,"sample_wall_ms":1791532986066.0,"send_ticks_ms":9417,"send_wall_ms":1791532986066.0,"sequence":540,"time_ms":9417,"wall_ms":1791532986066.0}
S03R {"authority_install_error_m":0.0,"entity":1,"event":"apply","pose":{"control":1,"durable":2,"entity":1,"last_input_tick":538,"position":[0.0,0.00100011611357331,10.9999923706055],"receipt_ms":9402,"sequence":538,"tick":579,"velocity":[0.0,0.0,0.0],"yaw":0.0},"position":[0.0,0.00100011611357331,10.9999923706055],"time_ms":9420,"wall_ms":1791532986068.0,"yaw":0.0}
S03R {"ack_input_tick":533,"cause":"none","correction_m":0.0,"correction_yaw_deg":0.0,"event":"correction","history_exhausted":false,"replay_frames":6,"replay_usec":96,"role":"client","tick":540,"time_ms":9424,"wall_ms":1791532986072.0}
S03R {"authority_install_error_m":0.0,"entity":2,"event":"apply","pose":{"control":1,"durable":2,"entity":2,"last_input_tick":533,"position":[7.00000190734863,0.00100005290005356,5.08335065841675],"receipt_ms":9402,"sequence":533,"tick":579,"velocity":[0.0,0.0,0.0],"yaw":0.0},"position":[7.00000190734863,0.00100005290005356,5.08335065841675],"time_ms":9428,"wall_ms":1791532986077.0,"yaw":0.0}
S03R {"event":"prediction","history_size":7,"position":[7.00000190734863,0.00100005290005356,5.0000171661377],"predicted_tick":540,"role":"client","tick":540,"time_ms":9432,"wall_ms":1791532986081.0,"yaw":0.0}
S03R {"event":"prediction","history_size":8,"position":[7.00000190734863,0.00100005290005356,4.91668367385864],"predicted_tick":541,"role":"client","tick":541,"time_ms":9435,"wall_ms":1791532986084.0,"yaw":0.0}
S03R {"event":"state_receive","role":"client","rows":[{"entity":1,"sequence":541,"tick":582},{"entity":2,"sequence":536,"tick":582}],"time_ms":9449,"wall_ms":1791532986098.0}
S03R {"aim_yaw":0.0,"event":"input_send","index":19,"move":[0.0,-1.0],"role":"client","sample_ticks_ms":9456,"sample_wall_ms":1791532986104.0,"send_ticks_ms":9456,"send_wall_ms":1791532986104.0,"sequence":542,"time_ms":9456,"wall_ms":1791532986104.0}
S03R {"authority_install_error_m":0.0,"entity":1,"event":"apply","pose":{"control":1,"durable":2,"entity":1,"last_input_tick":541,"position":[0.0,0.00100011611357331,10.9999923706055],"receipt_ms":9449,"sequence":541,"tick":582,"velocity":[0.0,0.0,0.0],"yaw":0.0},"position":[0.0,0.00100011611357331,10.9999923706055],"time_ms":9459,"wall_ms":1791532986107.0,"yaw":0.0}
S03R {"ack_input_tick":536,"cause":"none","correction_m":0.0,"correction_yaw_deg":0.0,"event":"correction","history_exhausted":false,"replay_frames":5,"replay_usec":97,"role":"client","tick":542,"time_ms":9463,"wall_ms":1791532986111.0}
S03R {"authority_install_error_m":0.0,"entity":2,"event":"apply","pose":{"control":1,"durable":2,"entity":2,"last_input_tick":536,"position":[7.00000190734863,0.00100005290005356,5.08335065841675],"receipt_ms":9449,"sequence":536,"tick":582,"velocity":[0.0,0.0,0.0],"yaw":0.0},"position":[7.00000190734863,0.00100005290005356,4.91668367385864],"time_ms":9467,"wall_ms":1791532986115.0,"yaw":0.0}
S03R {"event":"prediction","history_size":6,"position":[7.00000190734863,0.00100005290005356,4.83335018157959],"predicted_tick":542,"role":"client","tick":542,"time_ms":9470,"wall_ms":1791532986118.0,"yaw":0.0}
S03R {"event":"prediction","history_size":7,"position":[7.00000190734863,0.00100005290005356,4.75001668930054],"predicted_tick":543,"role":"client","tick":543,"time_ms":9473,"wall_ms":1791532986120.0,"yaw":0.0}
S03R {"aim_yaw":0.0,"event":"input_send","index":19,"move":[0.0,-1.0],"role":"client","sample_ticks_ms":9487,"sample_wall_ms":1791532986135.0,"send_ticks_ms":9487,"send_wall_ms":1791532986135.0,"sequence":544,"time_ms":9487,"wall_ms":1791532986135.0}
S03R {"event":"prediction","history_size":8,"position":[7.00000190734863,0.00100005290005356,4.66668319702148],"predicted_tick":544,"role":"client","tick":544,"time_ms":9489,"wall_ms":1791532986137.0,"yaw":0.0}
S03R {"event":"state_receive","role":"client","rows":[{"entity":1,"sequence":544,"tick":585},{"entity":2,"sequence":539,"tick":585}],"time_ms":9501,"wall_ms":1791532986149.0}
S03R {"authority_install_error_m":0.0,"entity":1,"event":"apply","pose":{"control":1,"durable":2,"entity":1,"last_input_tick":544,"position":[0.0,0.00100011611357331,10.9999923706055],"receipt_ms":9500,"sequence":544,"tick":585,"velocity":[0.0,0.0,0.0],"yaw":0.0},"position":[0.0,0.00100011611357331,10.9999923706055],"time_ms":9507,"wall_ms":1791532986155.0,"yaw":0.0}
S03R {"ack_input_tick":539,"cause":"none","correction_m":0.0,"correction_yaw_deg":0.0,"event":"correction","history_exhausted":false,"replay_frames":5,"replay_usec":62,"role":"client","tick":545,"time_ms":9510,"wall_ms":1791532986159.0}
S03R {"authority_install_error_m":0.0,"entity":2,"event":"apply","pose":{"control":1,"durable":2,"entity":2,"last_input_tick":539,"position":[7.00000190734863,0.00100005290005356,5.08335065841675],"receipt_ms":9501,"sequence":539,"tick":585,"velocity":[0.0,0.0,0.0],"yaw":0.0},"position":[7.00000190734863,0.00100005290005356,4.66668319702148],"time_ms":9513,"wall_ms":1791532986161.0,"yaw":0.0}
S03R {"event":"prediction","history_size":6,"position":[7.00000190734863,0.00100005290005356,4.58334970474243],"predicted_tick":545,"role":"client","tick":545,"time_ms":9515,"wall_ms":1791532986163.0,"yaw":0.0}
S03R {"aim_yaw":0.0,"event":"input_send","index":19,"move":[0.0,-1.0],"role":"client","sample_ticks_ms":9521,"sample_wall_ms":1791532986169.0,"send_ticks_ms":9521,"send_wall_ms":1791532986169.0,"sequence":546,"time_ms":9521,"wall_ms":1791532986169.0}
S03R {"event":"prediction","history_size":7,"position":[7.00000190734863,0.00100005290005356,4.50001621246338],"predicted_tick":546,"role":"client","tick":546,"time_ms":9524,"wall_ms":1791532986172.0,"yaw":0.0}
S03R {"event":"prediction","history_size":8,"position":[7.00000190734863,0.00100005290005356,4.41668272018433],"predicted_tick":547,"role":"client","tick":547,"time_ms":9535,"wall_ms":1791532986183.0,"yaw":0.0}
S03R {"event":"state_receive","role":"client","rows":[{"entity":1,"sequence":547,"tick":588},{"entity":2,"sequence":542,"tick":588}],"time_ms":9549,"wall_ms":1791532986197.0}
S03R {"aim_yaw":0.0,"event":"input_send","index":19,"move":[0.0,-1.0],"role":"client","sample_ticks_ms":9556,"sample_wall_ms":1791532986205.0,"send_ticks_ms":9556,"send_wall_ms":1791532986205.0,"sequence":548,"time_ms":9556,"wall_ms":1791532986205.0}
S03R {"authority_install_error_m":0.0,"entity":1,"event":"apply","pose":{"control":1,"durable":2,"entity":1,"last_input_tick":547,"position":[0.0,0.00100011611357331,10.9999923706055],"receipt_ms":9549,"sequence":547,"tick":588,"velocity":[0.0,0.0,0.0],"yaw":0.0},"position":[0.0,0.00100011611357331,10.9999923706055],"time_ms":9559,"wall_ms":1791532986207.0,"yaw":0.0}
S03R {"ack_input_tick":542,"cause":"none","correction_m":0.0,"correction_yaw_deg":0.0,"event":"correction","history_exhausted":false,"replay_frames":5,"replay_usec":105,"role":"client","tick":548,"time_ms":9563,"wall_ms":1791532986211.0}
S03R {"authority_install_error_m":0.0,"entity":2,"event":"apply","pose":{"control":1,"durable":2,"entity":2,"last_input_tick":542,"position":[7.00000190734863,0.00100005290005356,4.83335018157959],"receipt_ms":9549,"sequence":542,"tick":588,"velocity":[0.0,0.0,-5.0],"yaw":0.0},"position":[7.00000190734863,0.00100005290005356,4.41668272018433],"time_ms":9567,"wall_ms":1791532986215.0,"yaw":0.0}
S03R {"event":"prediction","history_size":6,"position":[7.00000190734863,0.00100005290005356,4.33334922790527],"predicted_tick":548,"role":"client","tick":548,"time_ms":9572,"wall_ms":1791532986219.0,"yaw":0.0}
S03R {"event":"prediction","history_size":7,"position":[7.00000190734863,0.00100005290005356,4.25001573562622],"predicted_tick":549,"role":"client","tick":549,"time_ms":9577,"wall_ms":1791532986224.0,"yaw":0.0}
S03R {"aim_yaw":0.0,"event":"input_send","index":19,"move":[0.0,-1.0],"role":"client","sample_ticks_ms":9590,"sample_wall_ms":1791532986238.0,"send_ticks_ms":9590,"send_wall_ms":1791532986238.0,"sequence":550,"time_ms":9590,"wall_ms":1791532986238.0}
S03R {"event":"prediction","history_size":8,"position":[7.00000190734863,0.00100005290005356,4.16668224334717],"predicted_tick":550,"role":"client","tick":550,"time_ms":9595,"wall_ms":1791532986243.0,"yaw":0.0}
S03R {"event":"state_receive","role":"client","rows":[{"entity":1,"sequence":550,"tick":591},{"entity":2,"sequence":545,"tick":591}],"time_ms":9600,"wall_ms":1791532986248.0}
S03R {"authority_install_error_m":0.0,"entity":1,"event":"apply","pose":{"control":1,"durable":2,"entity":1,"last_input_tick":550,"position":[0.0,0.00100011611357331,10.9999923706055],"receipt_ms":9600,"sequence":550,"tick":591,"velocity":[0.0,0.0,0.0],"yaw":0.0},"position":[0.0,0.00100011611357331,10.9999923706055],"time_ms":9604,"wall_ms":1791532986252.0,"yaw":0.0}
S03R {"ack_input_tick":545,"cause":"none","correction_m":0.0,"correction_yaw_deg":0.0,"event":"correction","history_exhausted":false,"replay_frames":5,"replay_usec":116,"role":"client","tick":551,"time_ms":9607,"wall_ms":1791532986254.0}
S03R {"authority_install_error_m":0.0,"entity":2,"event":"apply","pose":{"control":1,"durable":2,"entity":2,"last_input_tick":545,"position":[7.00000190734863,0.00100005290005356,4.58334970474243],"receipt_ms":9600,"sequence":545,"tick":591,"velocity":[0.0,0.0,-5.0],"yaw":0.0},"position":[7.00000190734863,0.00100005290005356,4.16668224334717],"time_ms":9611,"wall_ms":1791532986258.0,"yaw":0.0}
S03R {"event":"prediction","history_size":6,"position":[7.00000190734863,0.00100005290005356,4.08334875106812],"predicted_tick":551,"role":"client","tick":551,"time_ms":9615,"wall_ms":1791532986263.0,"yaw":0.0}
S03R {"aim_yaw":0.0,"event":"keys","move":[0.0,0.0],"role":"client","tick":552,"time_ms":9625,"wall_ms":1791532986272.0}
S03R {"event":"prediction","history_size":7,"position":[7.00000190734863,0.00100005290005356,4.08334875106812],"predicted_tick":552,"role":"client","tick":552,"time_ms":9628,"wall_ms":1791532986276.0,"yaw":0.0}
S03R {"event":"prediction","history_size":8,"position":[7.00000190734863,0.00100005290005356,4.08334875106812],"predicted_tick":553,"role":"client","tick":553,"time_ms":9639,"wall_ms":1791532986287.0,"yaw":0.0}
S03R {"event":"prediction","history_size":9,"position":[7.00000190734863,0.00100005290005356,4.08334875106812],"predicted_tick":554,"role":"client","tick":554,"time_ms":9653,"wall_ms":1791532986301.0,"yaw":0.0}
S03R {"event":"state_receive","role":"client","rows":[{"entity":1,"sequence":553,"tick":594},{"entity":2,"sequence":548,"tick":594}],"time_ms":9656,"wall_ms":1791532986304.0}
S03R {"authority_install_error_m":0.0,"entity":1,"event":"apply","pose":{"control":1,"durable":2,"entity":1,"last_input_tick":553,"position":[0.0,0.00100011611357331,10.9999923706055],"receipt_ms":9656,"sequence":553,"tick":594,"velocity":[0.0,0.0,0.0],"yaw":0.0},"position":[0.0,0.00100011611357331,10.9999923706055],"time_ms":9673,"wall_ms":1791532986322.0,"yaw":0.0}
S03R {"ack_input_tick":548,"cause":"none","correction_m":0.0,"correction_yaw_deg":0.0,"event":"correction","history_exhausted":false,"replay_frames":6,"replay_usec":74,"role":"client","tick":555,"time_ms":9676,"wall_ms":1791532986324.0}
S03R {"authority_install_error_m":0.0,"entity":2,"event":"apply","pose":{"control":1,"durable":2,"entity":2,"last_input_tick":548,"position":[7.00000190734863,0.00100005290005356,4.33334922790527],"receipt_ms":9656,"sequence":548,"tick":594,"velocity":[0.0,0.0,-5.0],"yaw":0.0},"position":[7.00000190734863,0.00100005290005356,4.08334875106812],"time_ms":9678,"wall_ms":1791532986327.0,"yaw":0.0}
S03R {"event":"prediction","history_size":7,"position":[7.00000190734863,0.00100005290005356,4.08334875106812],"predicted_tick":555,"role":"client","tick":555,"time_ms":9681,"wall_ms":1791532986329.0,"yaw":0.0}
S03R {"event":"prediction","history_size":8,"position":[7.00000190734863,0.00100005290005356,4.08334875106812],"predicted_tick":556,"role":"client","tick":556,"time_ms":9687,"wall_ms":1791532986336.0,"yaw":0.0}
S03R {"event":"prediction","history_size":9,"position":[7.00000190734863,0.00100005290005356,4.08334875106812],"predicted_tick":557,"role":"client","tick":557,"time_ms":9701,"wall_ms":1791532986349.0,"yaw":0.0}
S03R {"event":"state_receive","role":"client","rows":[{"entity":1,"sequence":556,"tick":597},{"entity":2,"sequence":551,"tick":597}],"time_ms":9704,"wall_ms":1791532986353.0}
S03R {"authority_install_error_m":0.0,"entity":1,"event":"apply","pose":{"control":1,"durable":2,"entity":1,"last_input_tick":556,"position":[0.0,0.00100011611357331,10.9999923706055],"receipt_ms":9704,"sequence":556,"tick":597,"velocity":[0.0,0.0,0.0],"yaw":0.0},"position":[0.0,0.00100011611357331,10.9999923706055],"time_ms":9722,"wall_ms":1791532986370.0,"yaw":0.0}
S03R {"ack_input_tick":551,"cause":"none","correction_m":0.0,"correction_yaw_deg":0.0,"event":"correction","history_exhausted":false,"replay_frames":6,"replay_usec":170,"role":"client","tick":558,"time_ms":9735,"wall_ms":1791532986384.0}
S03R {"authority_install_error_m":0.0,"entity":2,"event":"apply","pose":{"control":1,"durable":2,"entity":2,"last_input_tick":551,"position":[7.00000190734863,0.00100005290005356,4.08334875106812],"receipt_ms":9704,"sequence":551,"tick":597,"velocity":[0.0,0.0,-5.0],"yaw":0.0},"position":[7.00000190734863,0.00100005290005356,4.08334875106812],"time_ms":9739,"wall_ms":1791532986388.0,"yaw":0.0}
S03R {"event":"prediction","history_size":7,"position":[7.00000190734863,0.00100005290005356,4.08334875106812],"predicted_tick":558,"role":"client","tick":558,"time_ms":9744,"wall_ms":1791532986391.0,"yaw":0.0}
S03R {"event":"prediction","history_size":8,"position":[7.00000190734863,0.00100005290005356,4.08334875106812],"predicted_tick":559,"role":"client","tick":559,"time_ms":9750,"wall_ms":1791532986398.0,"yaw":0.0}
S03R {"event":"prediction","history_size":9,"position":[7.00000190734863,0.00100005290005356,4.08334875106812],"predicted_tick":560,"role":"client","tick":560,"time_ms":9757,"wall_ms":1791532986405.0,"yaw":0.0}
S03R {"event":"state_receive","role":"client","rows":[{"entity":1,"sequence":559,"tick":600},{"entity":2,"sequence":554,"tick":600}],"time_ms":9761,"wall_ms":1791532986409.0}
S03R {"authority_install_error_m":0.0,"entity":1,"event":"apply","pose":{"control":1,"durable":2,"entity":1,"last_input_tick":559,"position":[0.0,0.00100011611357331,10.9999923706055],"receipt_ms":9761,"sequence":559,"tick":600,"velocity":[0.0,0.0,0.0],"yaw":0.0},"position":[0.0,0.00100011611357331,10.9999923706055],"time_ms":9770,"wall_ms":1791532986419.0,"yaw":0.0}
S03R {"ack_input_tick":554,"cause":"none","correction_m":0.0,"correction_yaw_deg":0.0,"event":"correction","history_exhausted":false,"replay_frames":6,"replay_usec":66,"role":"client","tick":561,"time_ms":9773,"wall_ms":1791532986420.0}
S03R {"authority_install_error_m":0.0,"entity":2,"event":"apply","pose":{"control":1,"durable":2,"entity":2,"last_input_tick":554,"position":[7.00000190734863,0.00100005290005356,4.08334875106812],"receipt_ms":9761,"sequence":554,"tick":600,"velocity":[0.0,0.0,0.0],"yaw":0.0},"position":[7.00000190734863,0.00100005290005356,4.08334875106812],"time_ms":9775,"wall_ms":1791532986423.0,"yaw":0.0}
S03R {"event":"prediction","history_size":7,"position":[7.00000190734863,0.00100005290005356,4.08334875106812],"predicted_tick":561,"role":"client","tick":561,"time_ms":9777,"wall_ms":1791532986426.0,"yaw":0.0}
S03R {"event":"prediction","history_size":8,"position":[7.00000190734863,0.00100005290005356,4.08334875106812],"predicted_tick":562,"role":"client","tick":562,"time_ms":9784,"wall_ms":1791532986433.0,"yaw":0.0}
S03R {"event":"prediction","history_size":9,"position":[7.00000190734863,0.00100005290005356,4.08334875106812],"predicted_tick":563,"role":"client","tick":563,"time_ms":9798,"wall_ms":1791532986446.0,"yaw":0.0}
S03R {"event":"state_receive","role":"client","rows":[{"entity":1,"sequence":562,"tick":603},{"entity":2,"sequence":557,"tick":603}],"time_ms":9801,"wall_ms":1791532986449.0}
S03R {"authority_install_error_m":0.0,"entity":1,"event":"apply","pose":{"control":1,"durable":2,"entity":1,"last_input_tick":562,"position":[0.0,0.00100011611357331,10.9999923706055],"receipt_ms":9801,"sequence":562,"tick":603,"velocity":[0.0,0.0,0.0],"yaw":0.0},"position":[0.0,0.00100011611357331,10.9999923706055],"time_ms":9812,"wall_ms":1791532986460.0,"yaw":0.0}
S03R {"ack_input_tick":557,"cause":"none","correction_m":0.0,"correction_yaw_deg":0.0,"event":"correction","history_exhausted":false,"replay_frames":6,"replay_usec":92,"role":"client","tick":564,"time_ms":9815,"wall_ms":1791532986463.0}
S03R {"authority_install_error_m":0.0,"entity":2,"event":"apply","pose":{"control":1,"durable":2,"entity":2,"last_input_tick":557,"position":[7.00000190734863,0.00100005290005356,4.08334875106812],"receipt_ms":9801,"sequence":557,"tick":603,"velocity":[0.0,0.0,0.0],"yaw":0.0},"position":[7.00000190734863,0.00100005290005356,4.08334875106812],"time_ms":9819,"wall_ms":1791532986467.0,"yaw":0.0}
S03R {"event":"prediction","history_size":7,"position":[7.00000190734863,0.00100005290005356,4.08334875106812],"predicted_tick":564,"role":"client","tick":564,"time_ms":9823,"wall_ms":1791532986472.0,"yaw":0.0}
S03R {"event":"prediction","history_size":8,"position":[7.00000190734863,0.00100005290005356,4.08334875106812],"predicted_tick":565,"role":"client","tick":565,"time_ms":9833,"wall_ms":1791532986481.0,"yaw":0.0}
S03R {"event":"prediction","history_size":9,"position":[7.00000190734863,0.00100005290005356,4.08334875106812],"predicted_tick":566,"role":"client","tick":566,"time_ms":9847,"wall_ms":1791532986496.0,"yaw":0.0}
S03R {"event":"state_receive","role":"client","rows":[{"entity":1,"sequence":565,"tick":606},{"entity":2,"sequence":560,"tick":606}],"time_ms":9850,"wall_ms":1791532986498.0}
S03R {"authority_install_error_m":0.0,"entity":1,"event":"apply","pose":{"control":1,"durable":2,"entity":1,"last_input_tick":565,"position":[0.0,0.00100011611357331,10.9999923706055],"receipt_ms":9850,"sequence":565,"tick":606,"velocity":[0.0,0.0,0.0],"yaw":0.0},"position":[0.0,0.00100011611357331,10.9999923706055],"time_ms":9868,"wall_ms":1791532986516.0,"yaw":0.0}
S03R {"ack_input_tick":560,"cause":"none","correction_m":0.0,"correction_yaw_deg":0.0,"event":"correction","history_exhausted":false,"replay_frames":6,"replay_usec":137,"role":"client","tick":567,"time_ms":9870,"wall_ms":1791532986518.0}
S03R {"authority_install_error_m":0.0,"entity":2,"event":"apply","pose":{"control":1,"durable":2,"entity":2,"last_input_tick":560,"position":[7.00000190734863,0.00100005290005356,4.08334875106812],"receipt_ms":9850,"sequence":560,"tick":606,"velocity":[0.0,0.0,0.0],"yaw":0.0},"position":[7.00000190734863,0.00100005290005356,4.08334875106812],"time_ms":9873,"wall_ms":1791532986520.0,"yaw":0.0}
S03R {"event":"prediction","history_size":7,"position":[7.00000190734863,0.00100005290005356,4.08334875106812],"predicted_tick":567,"role":"client","tick":567,"time_ms":9875,"wall_ms":1791532986524.0,"yaw":0.0}
S03R {"event":"prediction","history_size":8,"position":[7.00000190734863,0.00100005290005356,4.08334875106812],"predicted_tick":568,"role":"client","tick":568,"time_ms":9881,"wall_ms":1791532986530.0,"yaw":0.0}
S03R {"event":"prediction","history_size":9,"position":[7.00000190734863,0.00100005290005356,4.08334875106812],"predicted_tick":569,"role":"client","tick":569,"time_ms":9895,"wall_ms":1791532986543.0,"yaw":0.0}
S03R {"event":"state_receive","role":"client","rows":[{"entity":1,"sequence":568,"tick":609},{"entity":2,"sequence":563,"tick":609}],"time_ms":9909,"wall_ms":1791532986557.0}
S03R {"aim_yaw":1.5707963267949,"event":"input","index":20,"move":[-1.0,0.0],"position":[7.00000190734863,0.00100005290005356,4.08334875106812],"role":"client","sequence_floor":570,"tick":570,"time_ms":9916,"wall_ms":1791532986565.0,"yaw":0.0}
S03R {"aim_yaw":1.5707963267949,"event":"keys","move":[-1.0,0.0],"role":"client","tick":570,"time_ms":9918,"wall_ms":1791532986567.0}
S03R {"aim_yaw":1.5707963267949,"event":"input_send","index":20,"move":[-1.0,0.0],"role":"client","sample_ticks_ms":9921,"sample_wall_ms":1791532986569.0,"send_ticks_ms":9921,"send_wall_ms":1791532986569.0,"sequence":570,"time_ms":9921,"wall_ms":1791532986569.0}
S03R {"authority_install_error_m":0.0,"entity":1,"event":"apply","pose":{"control":1,"durable":2,"entity":1,"last_input_tick":568,"position":[0.0,0.00100011611357331,10.9999923706055],"receipt_ms":9909,"sequence":568,"tick":609,"velocity":[0.0,0.0,0.0],"yaw":0.0},"position":[0.0,0.00100011611357331,10.9999923706055],"time_ms":9923,"wall_ms":1791532986572.0,"yaw":0.0}
S03R {"ack_input_tick":563,"cause":"none","correction_m":0.0,"correction_yaw_deg":0.0,"event":"correction","history_exhausted":false,"replay_frames":6,"replay_usec":64,"role":"client","tick":570,"time_ms":9927,"wall_ms":1791532986576.0}
S03R {"authority_install_error_m":0.0,"entity":2,"event":"apply","pose":{"control":1,"durable":2,"entity":2,"last_input_tick":563,"position":[7.00000190734863,0.00100005290005356,4.08334875106812],"receipt_ms":9909,"sequence":563,"tick":609,"velocity":[0.0,0.0,0.0],"yaw":0.0},"position":[7.00000190734863,0.00100005290005356,4.08334875106812],"time_ms":9932,"wall_ms":1791532986580.0,"yaw":0.0}
S03R {"event":"prediction","history_size":7,"position":[6.91666841506958,0.00100005290005356,4.08334875106812],"predicted_tick":570,"role":"client","tick":570,"time_ms":9936,"wall_ms":1791532986583.0,"yaw":1.57079637050629}
S03R {"event":"prediction","history_size":8,"position":[6.83333492279053,0.00100005290005356,4.08334875106812],"predicted_tick":571,"role":"client","tick":571,"time_ms":9939,"wall_ms":1791532986587.0,"yaw":1.57079637050629}
S03R {"aim_yaw":1.5707963267949,"event":"input_send","index":20,"move":[-1.0,0.0],"role":"client","sample_ticks_ms":9953,"sample_wall_ms":1791532986601.0,"send_ticks_ms":9953,"send_wall_ms":1791532986601.0,"sequence":572,"time_ms":9953,"wall_ms":1791532986601.0}
S03R {"event":"prediction","history_size":9,"position":[6.75000143051147,0.00100005290005356,4.08334875106812],"predicted_tick":572,"role":"client","tick":572,"time_ms":9955,"wall_ms":1791532986603.0,"yaw":1.57079637050629}
S03R {"event":"state_receive","role":"client","rows":[{"entity":1,"sequence":571,"tick":612},{"entity":2,"sequence":566,"tick":612}],"time_ms":9958,"wall_ms":1791532986606.0}
S03R {"authority_install_error_m":0.0,"entity":1,"event":"apply","pose":{"control":1,"durable":2,"entity":1,"last_input_tick":571,"position":[0.0,0.00100011611357331,10.9999923706055],"receipt_ms":9958,"sequence":571,"tick":612,"velocity":[0.0,0.0,0.0],"yaw":0.0},"position":[0.0,0.00100011611357331,10.9999923706055],"time_ms":9974,"wall_ms":1791532986622.0,"yaw":0.0}
S03R {"ack_input_tick":566,"cause":"none","correction_m":0.0,"correction_yaw_deg":0.0,"event":"correction","history_exhausted":false,"replay_frames":6,"replay_usec":68,"role":"client","tick":573,"time_ms":9976,"wall_ms":1791532986624.0}
S03R {"authority_install_error_m":0.0,"entity":2,"event":"apply","pose":{"control":1,"durable":2,"entity":2,"last_input_tick":566,"position":[7.00000190734863,0.00100005290005356,4.08334875106812],"receipt_ms":9958,"sequence":566,"tick":612,"velocity":[0.0,0.0,0.0],"yaw":0.0},"position":[6.75000143051147,0.00100005290005356,4.08334875106812],"time_ms":9979,"wall_ms":1791532986627.0,"yaw":1.57079637050629}
S03R {"event":"prediction","history_size":7,"position":[6.66666793823242,0.00100005290005356,4.08334875106812],"predicted_tick":573,"role":"client","tick":573,"time_ms":9983,"wall_ms":1791532986631.0,"yaw":1.57079637050629}
S03R {"aim_yaw":1.5707963267949,"event":"input_send","index":20,"move":[-1.0,0.0],"role":"client","sample_ticks_ms":9988,"sample_wall_ms":1791532986636.0,"send_ticks_ms":9988,"send_wall_ms":1791532986636.0,"sequence":574,"time_ms":9988,"wall_ms":1791532986636.0}
S03R {"event":"prediction","history_size":8,"position":[6.58333444595337,0.00100005290005356,4.08334875106812],"predicted_tick":574,"role":"client","tick":574,"time_ms":9991,"wall_ms":1791532986639.0,"yaw":1.57079637050629}
S03R {"event":"prediction","history_size":9,"position":[6.50000095367432,0.00100005290005356,4.08334875106812],"predicted_tick":575,"role":"client","tick":575,"time_ms":10009,"wall_ms":1791532986657.0,"yaw":1.57079637050629}
S03R {"event":"state_receive","role":"client","rows":[{"entity":1,"sequence":574,"tick":615},{"entity":2,"sequence":569,"tick":615}],"time_ms":10012,"wall_ms":1791532986660.0}
S03R {"aim_yaw":1.5707963267949,"event":"input_send","index":20,"move":[-1.0,0.0],"role":"client","sample_ticks_ms":10023,"sample_wall_ms":1791532986671.0,"send_ticks_ms":10023,"send_wall_ms":1791532986671.0,"sequence":576,"time_ms":10023,"wall_ms":1791532986671.0}
S03R {"authority_install_error_m":0.0,"entity":1,"event":"apply","pose":{"control":1,"durable":2,"entity":1,"last_input_tick":574,"position":[0.0,0.00100011611357331,10.9999923706055],"receipt_ms":10012,"sequence":574,"tick":615,"velocity":[0.0,0.0,0.0],"yaw":0.0},"position":[0.0,0.00100011611357331,10.9999923706055],"time_ms":10025,"wall_ms":1791532986673.0,"yaw":0.0}
S03R {"ack_input_tick":569,"cause":"none","correction_m":0.0,"correction_yaw_deg":0.0,"event":"correction","history_exhausted":false,"replay_frames":6,"replay_usec":178,"role":"client","tick":576,"time_ms":10030,"wall_ms":1791532986677.0}
S03R {"authority_install_error_m":0.0,"entity":2,"event":"apply","pose":{"control":1,"durable":2,"entity":2,"last_input_tick":569,"position":[7.00000190734863,0.00100005290005356,4.08334875106812],"receipt_ms":10012,"sequence":569,"tick":615,"velocity":[0.0,0.0,0.0],"yaw":0.0},"position":[6.50000095367432,0.00100005290005356,4.08334875106812],"time_ms":10034,"wall_ms":1791532986682.0,"yaw":1.57079637050629}
S03R {"event":"prediction","history_size":7,"position":[6.41666746139526,0.00100005290005356,4.08334875106812],"predicted_tick":576,"role":"client","tick":576,"time_ms":10039,"wall_ms":1791532986686.0,"yaw":1.57079637050629}
S03R {"event":"prediction","history_size":8,"position":[6.33333396911621,0.00100005290005356,4.08334875106812],"predicted_tick":577,"role":"client","tick":577,"time_ms":10042,"wall_ms":1791532986690.0,"yaw":1.57079637050629}
S03R {"event":"state_receive","role":"client","rows":[{"entity":1,"sequence":577,"tick":618},{"entity":2,"sequence":572,"tick":618}],"time_ms":10056,"wall_ms":1791532986703.0}
S03R {"aim_yaw":1.5707963267949,"event":"input_send","index":20,"move":[-1.0,0.0],"role":"client","sample_ticks_ms":10063,"sample_wall_ms":1791532986711.0,"send_ticks_ms":10063,"send_wall_ms":1791532986711.0,"sequence":578,"time_ms":10063,"wall_ms":1791532986711.0}
S03R {"authority_install_error_m":0.0,"entity":1,"event":"apply","pose":{"control":1,"durable":2,"entity":1,"last_input_tick":577,"position":[0.0,0.00100011611357331,10.9999923706055],"receipt_ms":10056,"sequence":577,"tick":618,"velocity":[0.0,0.0,0.0],"yaw":0.0},"position":[0.0,0.00100011611357331,10.9999923706055],"time_ms":10066,"wall_ms":1791532986714.0,"yaw":0.0}
S03R {"ack_input_tick":572,"cause":"none","correction_m":0.0,"correction_yaw_deg":0.0,"event":"correction","history_exhausted":false,"replay_frames":5,"replay_usec":113,"role":"client","tick":578,"time_ms":10071,"wall_ms":1791532986719.0}
S03R {"authority_install_error_m":0.0,"entity":2,"event":"apply","pose":{"control":1,"durable":2,"entity":2,"last_input_tick":572,"position":[6.75000143051147,0.00100005290005356,4.08334875106812],"receipt_ms":10056,"sequence":572,"tick":618,"velocity":[-5.0,0.0,0.0],"yaw":1.57079637050629},"position":[6.33333396911621,0.00100005290005356,4.08334875106812],"time_ms":10073,"wall_ms":1791532986721.0,"yaw":1.57079637050629}
S03R {"event":"prediction","history_size":6,"position":[6.25000047683716,0.00100005290005356,4.08334875106812],"predicted_tick":578,"role":"client","tick":578,"time_ms":10076,"wall_ms":1791532986723.0,"yaw":1.57079637050629}
S03R {"event":"prediction","history_size":7,"position":[6.16666698455811,0.00100005290005356,4.08334875106812],"predicted_tick":579,"role":"client","tick":579,"time_ms":10081,"wall_ms":1791532986729.0,"yaw":1.57079637050629}
S03R {"aim_yaw":1.5707963267949,"event":"input_send","index":20,"move":[-1.0,0.0],"role":"client","sample_ticks_ms":10087,"sample_wall_ms":1791532986735.0,"send_ticks_ms":10088,"send_wall_ms":1791532986735.0,"sequence":580,"time_ms":10088,"wall_ms":1791532986735.0}
S03R {"event":"prediction","history_size":8,"position":[6.08333349227905,0.00100005290005356,4.08334875106812],"predicted_tick":580,"role":"client","tick":580,"time_ms":10092,"wall_ms":1791532986740.0,"yaw":1.57079637050629}
S03R {"event":"prediction","history_size":9,"position":[6.0,0.00100005290005356,4.08334875106812],"predicted_tick":581,"role":"client","tick":581,"time_ms":10101,"wall_ms":1791532986749.0,"yaw":1.57079637050629}
S03R {"event":"state_receive","role":"client","rows":[{"entity":1,"sequence":580,"tick":621},{"entity":2,"sequence":575,"tick":621}],"time_ms":10104,"wall_ms":1791532986753.0}
S03R {"aim_yaw":0.0,"event":"keys","move":[0.0,0.0],"role":"client","tick":582,"time_ms":10115,"wall_ms":1791532986762.0}
S03R {"authority_install_error_m":0.0,"entity":1,"event":"apply","pose":{"control":1,"durable":2,"entity":1,"last_input_tick":580,"position":[0.0,0.00100011611357331,10.9999923706055],"receipt_ms":10104,"sequence":580,"tick":621,"velocity":[0.0,0.0,0.0],"yaw":0.0},"position":[0.0,0.00100011611357331,10.9999923706055],"time_ms":10118,"wall_ms":1791532986765.0,"yaw":0.0}
S03R {"ack_input_tick":575,"cause":"none","correction_m":0.0,"correction_yaw_deg":0.0,"event":"correction","history_exhausted":false,"replay_frames":6,"replay_usec":136,"role":"client","tick":582,"time_ms":10120,"wall_ms":1791532986768.0}
S03R {"authority_install_error_m":0.0,"entity":2,"event":"apply","pose":{"control":1,"durable":2,"entity":2,"last_input_tick":575,"position":[6.50000095367432,0.00100005290005356,4.08334875106812],"receipt_ms":10104,"sequence":575,"tick":621,"velocity":[-5.0,0.0,0.0],"yaw":1.57079637050629},"position":[6.0,0.00100005290005356,4.08334875106812],"time_ms":10123,"wall_ms":1791532986771.0,"yaw":1.57079637050629}
S03R {"event":"prediction","history_size":7,"position":[6.0,0.00100005290005356,4.08334875106812],"predicted_tick":582,"role":"client","tick":582,"time_ms":10127,"wall_ms":1791532986776.0,"yaw":0.0}
S03R {"event":"prediction","history_size":8,"position":[6.0,0.00100005290005356,4.08334875106812],"predicted_tick":583,"role":"client","tick":583,"time_ms":10132,"wall_ms":1791532986781.0,"yaw":0.0}
S03R {"event":"prediction","history_size":9,"position":[6.0,0.00100005290005356,4.08334875106812],"predicted_tick":584,"role":"client","tick":584,"time_ms":10146,"wall_ms":1791532986794.0,"yaw":0.0}
S03R {"event":"state_receive","role":"client","rows":[{"entity":1,"sequence":583,"tick":624},{"entity":2,"sequence":578,"tick":624}],"time_ms":10151,"wall_ms":1791532986799.0}
S03R {"authority_install_error_m":0.0,"entity":1,"event":"apply","pose":{"control":1,"durable":2,"entity":1,"last_input_tick":583,"position":[0.0,0.00100011611357331,10.9999923706055],"receipt_ms":10151,"sequence":583,"tick":624,"velocity":[0.0,0.0,0.0],"yaw":0.0},"position":[0.0,0.00100011611357331,10.9999923706055],"time_ms":10167,"wall_ms":1791532986815.0,"yaw":0.0}
S03R {"ack_input_tick":578,"cause":"none","correction_m":0.0,"correction_yaw_deg":0.0,"event":"correction","history_exhausted":false,"replay_frames":6,"replay_usec":70,"role":"client","tick":585,"time_ms":10169,"wall_ms":1791532986817.0}
S03R {"authority_install_error_m":0.0,"entity":2,"event":"apply","pose":{"control":1,"durable":2,"entity":2,"last_input_tick":578,"position":[6.25000047683716,0.00100005290005356,4.08334875106812],"receipt_ms":10151,"sequence":578,"tick":624,"velocity":[-5.0,0.0,0.0],"yaw":1.57079637050629},"position":[6.0,0.00100005290005356,4.08334875106812],"time_ms":10171,"wall_ms":1791532986820.0,"yaw":0.0}
S03R {"event":"prediction","history_size":7,"position":[6.0,0.00100005290005356,4.08334875106812],"predicted_tick":585,"role":"client","tick":585,"time_ms":10176,"wall_ms":1791532986824.0,"yaw":0.0}
S03R {"event":"prediction","history_size":8,"position":[6.0,0.00100005290005356,4.08334875106812],"predicted_tick":586,"role":"client","tick":586,"time_ms":10181,"wall_ms":1791532986829.0,"yaw":0.0}
S03R {"event":"prediction","history_size":9,"position":[6.0,0.00100005290005356,4.08334875106812],"predicted_tick":587,"role":"client","tick":587,"time_ms":10201,"wall_ms":1791532986849.0,"yaw":0.0}
S03R {"event":"state_receive","role":"client","rows":[{"entity":1,"sequence":586,"tick":627},{"entity":2,"sequence":581,"tick":627}],"time_ms":10204,"wall_ms":1791532986852.0}
S03R {"authority_install_error_m":0.0,"entity":1,"event":"apply","pose":{"control":1,"durable":2,"entity":1,"last_input_tick":586,"position":[0.0,0.00100011611357331,10.9999923706055],"receipt_ms":10204,"sequence":586,"tick":627,"velocity":[0.0,0.0,0.0],"yaw":0.0},"position":[0.0,0.00100011611357331,10.9999923706055],"time_ms":10215,"wall_ms":1791532986863.0,"yaw":0.0}
S03R {"ack_input_tick":581,"cause":"none","correction_m":0.0,"correction_yaw_deg":0.0,"event":"correction","history_exhausted":false,"replay_frames":6,"replay_usec":64,"role":"client","tick":588,"time_ms":10218,"wall_ms":1791532986866.0}
S03R {"authority_install_error_m":0.0,"entity":2,"event":"apply","pose":{"control":1,"durable":2,"entity":2,"last_input_tick":581,"position":[6.0,0.00100005290005356,4.08334875106812],"receipt_ms":10204,"sequence":581,"tick":627,"velocity":[-5.0,0.0,0.0],"yaw":1.57079637050629},"position":[6.0,0.00100005290005356,4.08334875106812],"time_ms":10220,"wall_ms":1791532986868.0,"yaw":0.0}
S03R {"event":"prediction","history_size":7,"position":[6.0,0.00100005290005356,4.08334875106812],"predicted_tick":588,"role":"client","tick":588,"time_ms":10224,"wall_ms":1791532986873.0,"yaw":0.0}
S03R {"event":"prediction","history_size":8,"position":[6.0,0.00100005290005356,4.08334875106812],"predicted_tick":589,"role":"client","tick":589,"time_ms":10229,"wall_ms":1791532986877.0,"yaw":0.0}
S03R {"event":"prediction","history_size":9,"position":[6.0,0.00100005290005356,4.08334875106812],"predicted_tick":590,"role":"client","tick":590,"time_ms":10250,"wall_ms":1791532986898.0,"yaw":0.0}
S03R {"event":"state_receive","role":"client","rows":[{"entity":1,"sequence":589,"tick":630},{"entity":2,"sequence":584,"tick":630}],"time_ms":10253,"wall_ms":1791532986900.0}
S03R {"authority_install_error_m":0.0,"entity":1,"event":"apply","pose":{"control":1,"durable":2,"entity":1,"last_input_tick":589,"position":[0.0,0.00100011611357331,10.9999923706055],"receipt_ms":10253,"sequence":589,"tick":630,"velocity":[0.0,0.0,0.0],"yaw":0.0},"position":[0.0,0.00100011611357331,10.9999923706055],"time_ms":10263,"wall_ms":1791532986911.0,"yaw":0.0}
S03R {"ack_input_tick":584,"cause":"none","correction_m":0.0,"correction_yaw_deg":0.0,"event":"correction","history_exhausted":false,"replay_frames":6,"replay_usec":115,"role":"client","tick":591,"time_ms":10266,"wall_ms":1791532986914.0}
S03R {"authority_install_error_m":0.0,"entity":2,"event":"apply","pose":{"control":1,"durable":2,"entity":2,"last_input_tick":584,"position":[6.0,0.00100005290005356,4.08334875106812],"receipt_ms":10253,"sequence":584,"tick":630,"velocity":[0.0,0.0,0.0],"yaw":0.0},"position":[6.0,0.00100005290005356,4.08334875106812],"time_ms":10268,"wall_ms":1791532986916.0,"yaw":0.0}
S03R {"event":"prediction","history_size":7,"position":[6.0,0.00100005290005356,4.08334875106812],"predicted_tick":591,"role":"client","tick":591,"time_ms":10270,"wall_ms":1791532986918.0,"yaw":0.0}
S03R {"event":"prediction","history_size":8,"position":[6.0,0.00100005290005356,4.08334875106812],"predicted_tick":592,"role":"client","tick":592,"time_ms":10284,"wall_ms":1791532986932.0,"yaw":0.0}
S03R {"event":"prediction","history_size":9,"position":[6.0,0.00100005290005356,4.08334875106812],"predicted_tick":593,"role":"client","tick":593,"time_ms":10298,"wall_ms":1791532986945.0,"yaw":0.0}
S03R {"event":"state_receive","role":"client","rows":[{"entity":1,"sequence":592,"tick":633},{"entity":2,"sequence":587,"tick":633}],"time_ms":10301,"wall_ms":1791532986949.0}
S03R {"authority_install_error_m":0.0,"entity":1,"event":"apply","pose":{"control":1,"durable":2,"entity":1,"last_input_tick":592,"position":[0.0,0.00100011611357331,10.9999923706055],"receipt_ms":10301,"sequence":592,"tick":633,"velocity":[0.0,0.0,0.0],"yaw":0.0},"position":[0.0,0.00100011611357331,10.9999923706055],"time_ms":10312,"wall_ms":1791532986960.0,"yaw":0.0}
S03R {"ack_input_tick":587,"cause":"none","correction_m":0.0,"correction_yaw_deg":0.0,"event":"correction","history_exhausted":false,"replay_frames":6,"replay_usec":81,"role":"client","tick":594,"time_ms":10316,"wall_ms":1791532986965.0}
S03R {"authority_install_error_m":0.0,"entity":2,"event":"apply","pose":{"control":1,"durable":2,"entity":2,"last_input_tick":587,"position":[6.0,0.00100005290005356,4.08334875106812],"receipt_ms":10301,"sequence":587,"tick":633,"velocity":[0.0,0.0,0.0],"yaw":0.0},"position":[6.0,0.00100005290005356,4.08334875106812],"time_ms":10320,"wall_ms":1791532986969.0,"yaw":0.0}
S03R {"event":"prediction","history_size":7,"position":[6.0,0.00100005290005356,4.08334875106812],"predicted_tick":594,"role":"client","tick":594,"time_ms":10323,"wall_ms":1791532986970.0,"yaw":0.0}
S03R {"event":"prediction","history_size":8,"position":[6.0,0.00100005290005356,4.08334875106812],"predicted_tick":595,"role":"client","tick":595,"time_ms":10335,"wall_ms":1791532986982.0,"yaw":0.0}
S03R {"event":"prediction","history_size":9,"position":[6.0,0.00100005290005356,4.08334875106812],"predicted_tick":596,"role":"client","tick":596,"time_ms":10349,"wall_ms":1791532986997.0,"yaw":0.0}
S03R {"event":"state_receive","role":"client","rows":[{"entity":1,"sequence":595,"tick":636},{"entity":2,"sequence":590,"tick":636}],"time_ms":10352,"wall_ms":1791532987000.0}
S03R {"authority_install_error_m":0.0,"entity":1,"event":"apply","pose":{"control":1,"durable":2,"entity":1,"last_input_tick":595,"position":[0.0,0.00100011611357331,10.9999923706055],"receipt_ms":10352,"sequence":595,"tick":636,"velocity":[0.0,0.0,0.0],"yaw":0.0},"position":[0.0,0.00100011611357331,10.9999923706055],"time_ms":10369,"wall_ms":1791532987017.0,"yaw":0.0}
S03R {"ack_input_tick":590,"cause":"none","correction_m":0.0,"correction_yaw_deg":0.0,"event":"correction","history_exhausted":false,"replay_frames":6,"replay_usec":75,"role":"client","tick":597,"time_ms":10372,"wall_ms":1791532987020.0}
S03R {"authority_install_error_m":0.0,"entity":2,"event":"apply","pose":{"control":1,"durable":2,"entity":2,"last_input_tick":590,"position":[6.0,0.00100005290005356,4.08334875106812],"receipt_ms":10352,"sequence":590,"tick":636,"velocity":[0.0,0.0,0.0],"yaw":0.0},"position":[6.0,0.00100005290005356,4.08334875106812],"time_ms":10377,"wall_ms":1791532987025.0,"yaw":0.0}
S03R {"event":"prediction","history_size":7,"position":[6.0,0.00100005290005356,4.08334875106812],"predicted_tick":597,"role":"client","tick":597,"time_ms":10381,"wall_ms":1791532987029.0,"yaw":0.0}
S03R {"event":"prediction","history_size":8,"position":[6.0,0.00100005290005356,4.08334875106812],"predicted_tick":598,"role":"client","tick":598,"time_ms":10384,"wall_ms":1791532987032.0,"yaw":0.0}
S03R {"event":"prediction","history_size":9,"position":[6.0,0.00100005290005356,4.08334875106812],"predicted_tick":599,"role":"client","tick":599,"time_ms":10398,"wall_ms":1791532987046.0,"yaw":0.0}
S03R {"event":"state_receive","role":"client","rows":[{"entity":1,"sequence":598,"tick":639},{"entity":2,"sequence":593,"tick":639}],"time_ms":10404,"wall_ms":1791532987052.0}
S03R {"aim_yaw":0.0,"event":"input","index":21,"move":[0.0,-1.0],"position":[6.0,0.00100005290005356,4.08334875106812],"role":"client","sequence_floor":600,"tick":600,"time_ms":10418,"wall_ms":1791532987067.0,"yaw":0.0}
S03R {"aim_yaw":0.0,"event":"keys","move":[0.0,-1.0],"role":"client","tick":600,"time_ms":10421,"wall_ms":1791532987069.0}
S03R {"authority_install_error_m":0.0,"entity":1,"event":"apply","pose":{"control":1,"durable":2,"entity":1,"last_input_tick":598,"position":[0.0,0.00100011611357331,10.9999923706055],"receipt_ms":10404,"sequence":598,"tick":639,"velocity":[0.0,0.0,0.0],"yaw":0.0},"position":[0.0,0.00100011611357331,10.9999923706055],"time_ms":10423,"wall_ms":1791532987072.0,"yaw":0.0}
S03R {"ack_input_tick":593,"cause":"none","correction_m":0.0,"correction_yaw_deg":0.0,"event":"correction","history_exhausted":false,"replay_frames":6,"replay_usec":102,"role":"client","tick":600,"time_ms":10426,"wall_ms":1791532987074.0}
S03R {"authority_install_error_m":0.0,"entity":2,"event":"apply","pose":{"control":1,"durable":2,"entity":2,"last_input_tick":593,"position":[6.0,0.00100005290005356,4.08334875106812],"receipt_ms":10404,"sequence":593,"tick":639,"velocity":[0.0,0.0,0.0],"yaw":0.0},"position":[6.0,0.00100005290005356,4.08334875106812],"time_ms":10430,"wall_ms":1791532987079.0,"yaw":0.0}
S03R {"event":"prediction","history_size":7,"position":[6.0,0.00100005290005356,4.00001525878906],"predicted_tick":600,"role":"client","tick":600,"time_ms":10435,"wall_ms":1791532987083.0,"yaw":0.0}
S03R {"event":"prediction","history_size":8,"position":[6.0,0.00100005290005356,3.91668200492859],"predicted_tick":601,"role":"client","tick":601,"time_ms":10438,"wall_ms":1791532987085.0,"yaw":0.0}
S03R {"event":"prediction","history_size":9,"position":[6.0,0.00100005290005356,3.83334875106812],"predicted_tick":602,"role":"client","tick":602,"time_ms":10458,"wall_ms":1791532987106.0,"yaw":0.0}
S03R {"authority_install_error_m":0.0,"entity":1,"event":"apply","pose":{"control":1,"durable":2,"entity":1,"last_input_tick":601,"position":[0.0,0.00100011611357331,10.9999923706055],"receipt_ms":10462,"sequence":601,"tick":642,"velocity":[0.0,0.0,0.0],"yaw":0.0},"position":[0.0,0.00100011611357331,10.9999923706055],"time_ms":10472,"wall_ms":1791532987120.0,"yaw":0.0}
S03R {"ack_input_tick":596,"cause":"held_timing_or_delivery","correction_m":1.91665077209473,"correction_yaw_deg":0.0,"event":"correction","history_exhausted":false,"replay_frames":6,"replay_usec":74,"role":"client","tick":603,"time_ms":10475,"wall_ms":1791532987123.0}
S03R {"authority_install_error_m":0.0,"entity":2,"event":"apply","pose":{"control":1,"durable":2,"entity":2,"last_input_tick":596,"position":[6.0,0.00100011611357331,6.0],"receipt_ms":10462,"sequence":596,"tick":642,"velocity":[0.0,0.0,0.0],"yaw":0.0},"position":[6.0,0.00100011611357331,5.74999952316284],"time_ms":10477,"wall_ms":1791532987125.0,"yaw":0.0}
S03R {"event":"prediction","history_size":7,"position":[6.0,0.00100011611357331,5.66666603088379],"predicted_tick":603,"role":"client","tick":603,"time_ms":10480,"wall_ms":1791532987128.0,"yaw":0.0}
S03R {"event":"prediction","history_size":8,"position":[6.0,0.00100011611357331,5.58333253860474],"predicted_tick":604,"role":"client","tick":604,"time_ms":10487,"wall_ms":1791532987135.0,"yaw":0.0}
S03R {"event":"prediction","history_size":9,"position":[6.0,0.00100011611357331,5.49999904632568],"predicted_tick":605,"role":"client","tick":605,"time_ms":10508,"wall_ms":1791532987155.0,"yaw":0.0}
S03R {"authority_install_error_m":0.0,"entity":1,"event":"apply","pose":{"control":1,"durable":2,"entity":1,"last_input_tick":604,"position":[0.0,0.00100011611357331,10.9999923706055],"receipt_ms":10513,"sequence":604,"tick":645,"velocity":[0.0,0.0,0.0],"yaw":0.0},"position":[0.0,0.00100011611357331,10.9999923706055],"time_ms":10521,"wall_ms":1791532987169.0,"yaw":0.0}
S03R {"ack_input_tick":599,"cause":"none","correction_m":0.0,"correction_yaw_deg":0.0,"event":"correction","history_exhausted":false,"replay_frames":6,"replay_usec":101,"role":"client","tick":606,"time_ms":10524,"wall_ms":1791532987172.0}
S03R {"authority_install_error_m":0.0,"entity":2,"event":"apply","pose":{"control":1,"durable":2,"entity":2,"last_input_tick":599,"position":[6.0,0.00100011611357331,6.0],"receipt_ms":10513,"sequence":599,"tick":645,"velocity":[0.0,0.0,0.0],"yaw":0.0},"position":[6.0,0.00100011611357331,5.49999904632568],"time_ms":10527,"wall_ms":1791532987174.0,"yaw":0.0}
S03R {"event":"prediction","history_size":7,"position":[6.0,0.00100011611357331,5.41666555404663],"predicted_tick":606,"role":"client","tick":606,"time_ms":10529,"wall_ms":1791532987177.0,"yaw":0.0}
S03R {"event":"prediction","history_size":8,"position":[6.0,0.00100011611357331,5.33333206176758],"predicted_tick":607,"role":"client","tick":607,"time_ms":10542,"wall_ms":1791532987191.0,"yaw":0.0}
S03R {"event":"prediction","history_size":9,"position":[6.0,0.00100011611357331,5.24999856948853],"predicted_tick":608,"role":"client","tick":608,"time_ms":10556,"wall_ms":1791532987204.0,"yaw":0.0}
S03R {"authority_install_error_m":0.0,"entity":1,"event":"apply","pose":{"control":1,"durable":2,"entity":1,"last_input_tick":607,"position":[0.0,0.00100011611357331,10.9999923706055],"receipt_ms":10559,"sequence":607,"tick":648,"velocity":[0.0,0.0,0.0],"yaw":0.0},"position":[0.0,0.00100011611357331,10.9999923706055],"time_ms":10570,"wall_ms":1791532987218.0,"yaw":0.0}
S03R {"ack_input_tick":602,"cause":"none","correction_m":0.0,"correction_yaw_deg":0.0,"event":"correction","history_exhausted":false,"replay_frames":6,"replay_usec":114,"role":"client","tick":609,"time_ms":10572,"wall_ms":1791532987220.0}
S03R {"authority_install_error_m":0.0,"entity":2,"event":"apply","pose":{"control":1,"durable":2,"entity":2,"last_input_tick":602,"position":[6.0,0.00100011611357331,5.74999952316284],"receipt_ms":10559,"sequence":602,"tick":648,"velocity":[0.0,0.0,-5.0],"yaw":0.0},"position":[6.0,0.00100011611357331,5.24999856948853],"time_ms":10575,"wall_ms":1791532987223.0,"yaw":0.0}
S03R {"event":"prediction","history_size":7,"position":[6.0,0.00100011611357331,5.16666507720947],"predicted_tick":609,"role":"client","tick":609,"time_ms":10581,"wall_ms":1791532987229.0,"yaw":0.0}
S03R {"event":"prediction","history_size":8,"position":[6.0,0.00100011611357331,5.08333158493042],"predicted_tick":610,"role":"client","tick":610,"time_ms":10595,"wall_ms":1791532987244.0,"yaw":0.0}
S03R {"authority_install_error_m":0.0,"entity":1,"event":"apply","pose":{"control":1,"durable":2,"entity":1,"last_input_tick":610,"position":[0.0,0.00100011611357331,10.9999923706055],"receipt_ms":10599,"sequence":610,"tick":651,"velocity":[0.0,0.0,0.0],"yaw":0.0},"position":[0.0,0.00100011611357331,10.9999923706055],"time_ms":10609,"wall_ms":1791532987257.0,"yaw":0.0}
S03R {"ack_input_tick":605,"cause":"none","correction_m":0.0,"correction_yaw_deg":0.0,"event":"correction","history_exhausted":false,"replay_frames":5,"replay_usec":69,"role":"client","tick":611,"time_ms":10620,"wall_ms":1791532987268.0}
S03R {"authority_install_error_m":0.0,"entity":2,"event":"apply","pose":{"control":1,"durable":2,"entity":2,"last_input_tick":605,"position":[6.0,0.00100011611357331,5.49999904632568],"receipt_ms":10599,"sequence":605,"tick":651,"velocity":[0.0,0.0,-5.0],"yaw":0.0},"position":[6.0,0.00100011611357331,5.08333158493042],"time_ms":10624,"wall_ms":1791532987271.0,"yaw":0.0}
S03R {"event":"prediction","history_size":6,"position":[6.0,0.00100011611357331,4.99999809265137],"predicted_tick":611,"role":"client","tick":611,"time_ms":10628,"wall_ms":1791532987275.0,"yaw":0.0}
S03R {"event":"prediction","history_size":7,"position":[6.0,0.00100011611357331,4.91666460037231],"predicted_tick":612,"role":"client","tick":612,"time_ms":10633,"wall_ms":1791532987282.0,"yaw":0.0}
S03R {"event":"prediction","history_size":8,"position":[6.0,0.00100011611357331,4.83333110809326],"predicted_tick":613,"role":"client","tick":613,"time_ms":10640,"wall_ms":1791532987289.0,"yaw":0.0}
S03R {"event":"prediction","history_size":9,"position":[6.0,0.00100011611357331,4.74999761581421],"predicted_tick":614,"role":"client","tick":614,"time_ms":10654,"wall_ms":1791532987301.0,"yaw":0.0}
S03R {"authority_install_error_m":0.0,"entity":1,"event":"apply","pose":{"control":1,"durable":2,"entity":1,"last_input_tick":613,"position":[0.0,0.00100011611357331,10.9999923706055],"receipt_ms":10657,"sequence":613,"tick":654,"velocity":[0.0,0.0,0.0],"yaw":0.0},"position":[0.0,0.00100011611357331,10.9999923706055],"time_ms":10668,"wall_ms":1791532987315.0,"yaw":0.0}
S03R {"ack_input_tick":608,"cause":"none","correction_m":0.0,"correction_yaw_deg":0.0,"event":"correction","history_exhausted":false,"replay_frames":6,"replay_usec":107,"role":"client","tick":615,"time_ms":10670,"wall_ms":1791532987319.0}
S03R {"authority_install_error_m":0.0,"entity":2,"event":"apply","pose":{"control":1,"durable":2,"entity":2,"last_input_tick":608,"position":[6.0,0.00100011611357331,5.24999856948853],"receipt_ms":10657,"sequence":608,"tick":654,"velocity":[0.0,0.0,-5.0],"yaw":0.0},"position":[6.0,0.00100011611357331,4.74999761581421],"time_ms":10673,"wall_ms":1791532987321.0,"yaw":0.0}
S03R {"event":"prediction","history_size":7,"position":[6.0,0.00100011611357331,4.66666412353516],"predicted_tick":615,"role":"client","tick":615,"time_ms":10675,"wall_ms":1791532987324.0,"yaw":0.0}
S03R {"event":"prediction","history_size":8,"position":[6.0,0.00100011611357331,4.5833306312561],"predicted_tick":616,"role":"client","tick":616,"time_ms":10682,"wall_ms":1791532987330.0,"yaw":0.0}
S03R {"event":"prediction","history_size":9,"position":[6.0,0.00100011611357331,4.49999713897705],"predicted_tick":617,"role":"client","tick":617,"time_ms":10695,"wall_ms":1791532987344.0,"yaw":0.0}
S03R {"authority_install_error_m":0.0,"entity":1,"event":"apply","pose":{"control":1,"durable":2,"entity":1,"last_input_tick":616,"position":[0.0,0.00100011611357331,10.9999923706055],"receipt_ms":10709,"sequence":616,"tick":657,"velocity":[0.0,0.0,0.0],"yaw":0.0},"position":[0.0,0.00100011611357331,10.9999923706055],"time_ms":10716,"wall_ms":1791532987364.0,"yaw":0.0}
S03R {"ack_input_tick":611,"cause":"none","correction_m":0.0,"correction_yaw_deg":0.0,"event":"correction","history_exhausted":false,"replay_frames":6,"replay_usec":72,"role":"client","tick":618,"time_ms":10719,"wall_ms":1791532987367.0}
S03R {"authority_install_error_m":0.0,"entity":2,"event":"apply","pose":{"control":1,"durable":2,"entity":2,"last_input_tick":611,"position":[6.0,0.00100011611357331,4.99999809265137],"receipt_ms":10709,"sequence":611,"tick":657,"velocity":[0.0,0.0,-5.0],"yaw":0.0},"position":[6.0,0.00100011611357331,4.49999713897705],"time_ms":10721,"wall_ms":1791532987369.0,"yaw":0.0}
S03R {"event":"prediction","history_size":7,"position":[6.0,0.00100011611357331,4.416663646698],"predicted_tick":618,"role":"client","tick":618,"time_ms":10723,"wall_ms":1791532987371.0,"yaw":0.0}
S03R {"event":"prediction","history_size":8,"position":[6.0,0.00100011611357331,4.33333015441895],"predicted_tick":619,"role":"client","tick":619,"time_ms":10730,"wall_ms":1791532987378.0,"yaw":0.0}
S03R {"event":"prediction","history_size":9,"position":[6.0,0.00100011611357331,4.24999666213989],"predicted_tick":620,"role":"client","tick":620,"time_ms":10751,"wall_ms":1791532987399.0,"yaw":0.0}
S03R {"event":"prediction","history_size":10,"position":[6.0,0.00100011611357331,4.16666316986084],"predicted_tick":621,"role":"client","tick":621,"time_ms":10764,"wall_ms":1791532987412.0,"yaw":0.0}
S03R {"authority_install_error_m":0.0,"entity":1,"event":"apply","pose":{"control":1,"durable":2,"entity":1,"last_input_tick":619,"position":[0.0,0.00100011611357331,10.9999923706055],"receipt_ms":10768,"sequence":619,"tick":660,"velocity":[0.0,0.0,0.0],"yaw":0.0},"position":[0.0,0.00100011611357331,10.9999923706055],"time_ms":10778,"wall_ms":1791532987427.0,"yaw":0.0}
S03R {"ack_input_tick":614,"cause":"none","correction_m":0.0,"correction_yaw_deg":0.0,"event":"correction","history_exhausted":false,"replay_frames":7,"replay_usec":111,"role":"client","tick":622,"time_ms":10782,"wall_ms":1791532987430.0}
S03R {"authority_install_error_m":0.0,"entity":2,"event":"apply","pose":{"control":1,"durable":2,"entity":2,"last_input_tick":614,"position":[6.0,0.00100011611357331,4.74999761581421],"receipt_ms":10768,"sequence":614,"tick":660,"velocity":[0.0,0.0,-5.0],"yaw":0.0},"position":[6.0,0.00100011611357331,4.16666316986084],"time_ms":10784,"wall_ms":1791532987433.0,"yaw":0.0}
S03R {"event":"prediction","history_size":8,"position":[6.0,0.00100011611357331,4.08332967758179],"predicted_tick":622,"role":"client","tick":622,"time_ms":10787,"wall_ms":1791532987436.0,"yaw":0.0}
S03R {"event":"prediction","history_size":9,"position":[6.0,0.00100011611357331,3.99999642372131],"predicted_tick":623,"role":"client","tick":623,"time_ms":10799,"wall_ms":1791532987447.0,"yaw":0.0}
S03R {"authority_install_error_m":0.0,"entity":1,"event":"apply","pose":{"control":1,"durable":2,"entity":1,"last_input_tick":622,"position":[0.0,0.00100011611357331,10.9999923706055],"receipt_ms":10806,"sequence":622,"tick":663,"velocity":[0.0,0.0,0.0],"yaw":0.0},"position":[0.0,0.00100011611357331,10.9999923706055],"time_ms":10813,"wall_ms":1791532987460.0,"yaw":0.0}
S03R {"ack_input_tick":617,"cause":"none","correction_m":0.0,"correction_yaw_deg":0.0,"event":"correction","history_exhausted":false,"replay_frames":6,"replay_usec":115,"role":"client","tick":624,"time_ms":10816,"wall_ms":1791532987464.0}
S03R {"authority_install_error_m":0.0,"entity":2,"event":"apply","pose":{"control":1,"durable":2,"entity":2,"last_input_tick":617,"position":[6.0,0.00100011611357331,4.49999713897705],"receipt_ms":10806,"sequence":617,"tick":663,"velocity":[0.0,0.0,-5.0],"yaw":0.0},"position":[6.0,0.00100011611357331,3.99999642372131],"time_ms":10819,"wall_ms":1791532987467.0,"yaw":0.0}
S03R {"event":"prediction","history_size":7,"position":[6.0,0.00100011611357331,3.91666316986084],"predicted_tick":624,"role":"client","tick":624,"time_ms":10821,"wall_ms":1791532987469.0,"yaw":0.0}
S03R {"event":"prediction","history_size":8,"position":[6.0,0.00100011611357331,3.83332991600037],"predicted_tick":625,"role":"client","tick":625,"time_ms":10833,"wall_ms":1791532987482.0,"yaw":0.0}
S03R {"event":"prediction","history_size":9,"position":[6.0,0.00100011611357331,3.74999666213989],"predicted_tick":626,"role":"client","tick":626,"time_ms":10847,"wall_ms":1791532987495.0,"yaw":0.0}
S03R {"authority_install_error_m":0.0,"entity":1,"event":"apply","pose":{"control":1,"durable":2,"entity":1,"last_input_tick":625,"position":[0.0,0.00100011611357331,10.9999923706055],"receipt_ms":10851,"sequence":625,"tick":666,"velocity":[0.0,0.0,0.0],"yaw":0.0},"position":[0.0,0.00100011611357331,10.9999923706055],"time_ms":10868,"wall_ms":1791532987516.0,"yaw":0.0}
S03R {"ack_input_tick":620,"cause":"none","correction_m":0.0,"correction_yaw_deg":0.0,"event":"correction","history_exhausted":false,"replay_frames":6,"replay_usec":92,"role":"client","tick":627,"time_ms":10870,"wall_ms":1791532987519.0}
S03R {"authority_install_error_m":0.0,"entity":2,"event":"apply","pose":{"control":1,"durable":2,"entity":2,"last_input_tick":620,"position":[6.0,0.00100011611357331,4.24999666213989],"receipt_ms":10851,"sequence":620,"tick":666,"velocity":[0.0,0.0,-5.0],"yaw":0.0},"position":[6.0,0.00100011611357331,3.74999666213989],"time_ms":10873,"wall_ms":1791532987521.0,"yaw":0.0}
S03R {"event":"prediction","history_size":7,"position":[6.0,0.00100011611357331,3.66666340827942],"predicted_tick":627,"role":"client","tick":627,"time_ms":10875,"wall_ms":1791532987524.0,"yaw":0.0}
S03R {"event":"prediction","history_size":8,"position":[6.0,0.00100011611357331,3.58333015441895],"predicted_tick":628,"role":"client","tick":628,"time_ms":10882,"wall_ms":1791532987531.0,"yaw":0.0}
S03R {"event":"prediction","history_size":9,"position":[6.0,0.00100011611357331,3.49999690055847],"predicted_tick":629,"role":"client","tick":629,"time_ms":10902,"wall_ms":1791532987551.0,"yaw":0.0}
S03R {"authority_install_error_m":0.0,"entity":1,"event":"apply","pose":{"control":1,"durable":2,"entity":1,"last_input_tick":628,"position":[0.0,0.00100011611357331,10.9999923706055],"receipt_ms":10906,"sequence":628,"tick":669,"velocity":[0.0,0.0,0.0],"yaw":0.0},"position":[0.0,0.00100011611357331,10.9999923706055],"time_ms":10916,"wall_ms":1791532987564.0,"yaw":0.0}
S03R {"ack_input_tick":623,"cause":"none","correction_m":0.0,"correction_yaw_deg":0.0,"event":"correction","history_exhausted":false,"replay_frames":6,"replay_usec":65,"role":"client","tick":630,"time_ms":10919,"wall_ms":1791532987567.0}
S03R {"authority_install_error_m":0.0,"entity":2,"event":"apply","pose":{"control":1,"durable":2,"entity":2,"last_input_tick":623,"position":[6.0,0.00100011611357331,3.99999642372131],"receipt_ms":10906,"sequence":623,"tick":669,"velocity":[0.0,0.0,-5.0],"yaw":0.0},"position":[6.0,0.00100011611357331,3.49999690055847],"time_ms":10921,"wall_ms":1791532987569.0,"yaw":0.0}
S03R {"event":"prediction","history_size":7,"position":[6.0,0.00100011611357331,3.416663646698],"predicted_tick":630,"role":"client","tick":630,"time_ms":10924,"wall_ms":1791532987572.0,"yaw":0.0}
S03R {"event":"prediction","history_size":8,"position":[6.0,0.00100011611357331,3.33333039283752],"predicted_tick":631,"role":"client","tick":631,"time_ms":10937,"wall_ms":1791532987585.0,"yaw":0.0}
S03R {"event":"prediction","history_size":9,"position":[6.0,0.00100011611357331,3.24999713897705],"predicted_tick":632,"role":"client","tick":632,"time_ms":10951,"wall_ms":1791532987599.0,"yaw":0.0}
S03R {"authority_install_error_m":0.0,"entity":1,"event":"apply","pose":{"control":1,"durable":2,"entity":1,"last_input_tick":631,"position":[0.0,0.00100011611357331,10.9999923706055],"receipt_ms":10954,"sequence":631,"tick":672,"velocity":[0.0,0.0,0.0],"yaw":0.0},"position":[0.0,0.00100011611357331,10.9999923706055],"time_ms":10971,"wall_ms":1791532987619.0,"yaw":0.0}
S03R {"ack_input_tick":626,"cause":"none","correction_m":0.0,"correction_yaw_deg":0.0,"event":"correction","history_exhausted":false,"replay_frames":6,"replay_usec":104,"role":"client","tick":633,"time_ms":10974,"wall_ms":1791532987622.0}
S03R {"authority_install_error_m":0.0,"entity":2,"event":"apply","pose":{"control":1,"durable":2,"entity":2,"last_input_tick":626,"position":[6.0,0.00100011611357331,3.74999666213989],"receipt_ms":10954,"sequence":626,"tick":672,"velocity":[0.0,0.0,-5.0],"yaw":0.0},"position":[6.0,0.00100011611357331,3.24999713897705],"time_ms":10979,"wall_ms":1791532987627.0,"yaw":0.0}
S03R {"event":"prediction","history_size":7,"position":[6.0,0.00100011611357331,3.16666388511658],"predicted_tick":633,"role":"client","tick":633,"time_ms":10984,"wall_ms":1791532987631.0,"yaw":0.0}
S03R {"event":"prediction","history_size":8,"position":[6.0,0.00100011611357331,3.0833306312561],"predicted_tick":634,"role":"client","tick":634,"time_ms":10987,"wall_ms":1791532987635.0,"yaw":0.0}
S03R {"authority_install_error_m":0.0,"entity":1,"event":"apply","pose":{"control":1,"durable":2,"entity":1,"last_input_tick":634,"position":[0.0,0.00100011611357331,10.9999923706055],"receipt_ms":11001,"sequence":634,"tick":675,"velocity":[0.0,0.0,0.0],"yaw":0.0},"position":[0.0,0.00100011611357331,10.9999923706055],"time_ms":11008,"wall_ms":1791532987656.0,"yaw":0.0}
S03R {"ack_input_tick":629,"cause":"none","correction_m":0.0,"correction_yaw_deg":0.0,"event":"correction","history_exhausted":false,"replay_frames":5,"replay_usec":68,"role":"client","tick":635,"time_ms":11010,"wall_ms":1791532987658.0}
S03R {"authority_install_error_m":0.0,"entity":2,"event":"apply","pose":{"control":1,"durable":2,"entity":2,"last_input_tick":629,"position":[6.0,0.00100011611357331,3.49999690055847],"receipt_ms":11001,"sequence":629,"tick":675,"velocity":[0.0,0.0,-5.0],"yaw":0.0},"position":[6.0,0.00100011611357331,3.0833306312561],"time_ms":11013,"wall_ms":1791532987661.0,"yaw":0.0}
S03R {"event":"prediction","history_size":6,"position":[6.0,0.00100011611357331,2.99999737739563],"predicted_tick":635,"role":"client","tick":635,"time_ms":11015,"wall_ms":1791532987663.0,"yaw":0.0}
S03R {"event":"prediction","history_size":7,"position":[6.0,0.00100011611357331,2.91666412353516],"predicted_tick":636,"role":"client","tick":636,"time_ms":11022,"wall_ms":1791532987669.0,"yaw":0.0}
S03R {"event":"prediction","history_size":8,"position":[6.0,0.00100011611357331,2.83333086967468],"predicted_tick":637,"role":"client","tick":637,"time_ms":11042,"wall_ms":1791532987690.0,"yaw":0.0}
S03R {"authority_install_error_m":0.0,"entity":1,"event":"apply","pose":{"control":1,"durable":2,"entity":1,"last_input_tick":637,"position":[0.0,0.00100011611357331,10.9999923706055],"receipt_ms":11045,"sequence":637,"tick":678,"velocity":[0.0,0.0,0.0],"yaw":0.0},"position":[0.0,0.00100011611357331,10.9999923706055],"time_ms":11056,"wall_ms":1791532987704.0,"yaw":0.0}
S03R {"ack_input_tick":632,"cause":"none","correction_m":0.0,"correction_yaw_deg":0.0,"event":"correction","history_exhausted":false,"replay_frames":5,"replay_usec":99,"role":"client","tick":638,"time_ms":11059,"wall_ms":1791532987707.0}
S03R {"authority_install_error_m":0.0,"entity":2,"event":"apply","pose":{"control":1,"durable":2,"entity":2,"last_input_tick":632,"position":[6.0,0.00100011611357331,3.24999713897705],"receipt_ms":11045,"sequence":632,"tick":678,"velocity":[0.0,0.0,-5.0],"yaw":0.0},"position":[6.0,0.00100011611357331,2.83333086967468],"time_ms":11061,"wall_ms":1791532987709.0,"yaw":0.0}
S03R {"event":"prediction","history_size":6,"position":[6.0,0.00100011611357331,2.74999761581421],"predicted_tick":638,"role":"client","tick":638,"time_ms":11064,"wall_ms":1791532987712.0,"yaw":0.0}
S03R {"event":"prediction","history_size":7,"position":[6.0,0.00100011611357331,2.66666436195374],"predicted_tick":639,"role":"client","tick":639,"time_ms":11070,"wall_ms":1791532987718.0,"yaw":0.0}
S03R {"event":"prediction","history_size":8,"position":[6.0,0.00100011611357331,2.58333110809326],"predicted_tick":640,"role":"client","tick":640,"time_ms":11091,"wall_ms":1791532987739.0,"yaw":0.0}
S03R {"authority_install_error_m":0.0,"entity":1,"event":"apply","pose":{"control":1,"durable":2,"entity":1,"last_input_tick":640,"position":[0.0,0.00100011611357331,10.9999923706055],"receipt_ms":11096,"sequence":640,"tick":681,"velocity":[0.0,0.0,0.0],"yaw":0.0},"position":[0.0,0.00100011611357331,10.9999923706055],"time_ms":11104,"wall_ms":1791532987753.0,"yaw":0.0}
S03R {"ack_input_tick":635,"cause":"none","correction_m":0.0,"correction_yaw_deg":0.0,"event":"correction","history_exhausted":false,"replay_frames":5,"replay_usec":95,"role":"client","tick":641,"time_ms":11107,"wall_ms":1791532987755.0}
S03R {"authority_install_error_m":0.0,"entity":2,"event":"apply","pose":{"control":1,"durable":2,"entity":2,"last_input_tick":635,"position":[6.0,0.00100011611357331,2.99999737739563],"receipt_ms":11096,"sequence":635,"tick":681,"velocity":[0.0,0.0,-5.0],"yaw":0.0},"position":[6.0,0.00100011611357331,2.58333110809326],"time_ms":11109,"wall_ms":1791532987757.0,"yaw":0.0}
S03R {"event":"prediction","history_size":6,"position":[6.0,0.00100011611357331,2.49999785423279],"predicted_tick":641,"role":"client","tick":641,"time_ms":11112,"wall_ms":1791532987760.0,"yaw":0.0}
S03R {"event":"prediction","history_size":7,"position":[6.0,0.00100011611357331,2.41666460037231],"predicted_tick":642,"role":"client","tick":642,"time_ms":11125,"wall_ms":1791532987773.0,"yaw":0.0}
S03R {"event":"prediction","history_size":8,"position":[6.0,0.00100011611357331,2.33333134651184],"predicted_tick":643,"role":"client","tick":643,"time_ms":11139,"wall_ms":1791532987787.0,"yaw":0.0}
S03R {"authority_install_error_m":0.0,"entity":1,"event":"apply","pose":{"control":1,"durable":2,"entity":1,"last_input_tick":643,"position":[0.0,0.00100011611357331,10.9999923706055],"receipt_ms":11146,"sequence":643,"tick":684,"velocity":[0.0,0.0,0.0],"yaw":0.0},"position":[0.0,0.00100011611357331,10.9999923706055],"time_ms":11153,"wall_ms":1791532987800.0,"yaw":0.0}
S03R {"ack_input_tick":638,"cause":"none","correction_m":0.0,"correction_yaw_deg":0.0,"event":"correction","history_exhausted":false,"replay_frames":5,"replay_usec":83,"role":"client","tick":644,"time_ms":11155,"wall_ms":1791532987804.0}
S03R {"authority_install_error_m":0.0,"entity":2,"event":"apply","pose":{"control":1,"durable":2,"entity":2,"last_input_tick":638,"position":[6.0,0.00100011611357331,2.74999761581421],"receipt_ms":11146,"sequence":638,"tick":684,"velocity":[0.0,0.0,-5.0],"yaw":0.0},"position":[6.0,0.00100011611357331,2.33333134651184],"time_ms":11158,"wall_ms":1791532987806.0,"yaw":0.0}
S03R {"event":"prediction","history_size":6,"position":[6.0,0.00100011611357331,2.24999809265137],"predicted_tick":644,"role":"client","tick":644,"time_ms":11161,"wall_ms":1791532987809.0,"yaw":0.0}
S03R {"event":"prediction","history_size":7,"position":[6.0,0.00100011611357331,2.16666483879089],"predicted_tick":645,"role":"client","tick":645,"time_ms":11173,"wall_ms":1791532987821.0,"yaw":0.0}
S03R {"event":"prediction","history_size":8,"position":[6.0,0.00100011611357331,2.08333158493042],"predicted_tick":646,"role":"client","tick":646,"time_ms":11187,"wall_ms":1791532987836.0,"yaw":0.0}
S03R {"authority_install_error_m":0.0,"entity":1,"event":"apply","pose":{"control":1,"durable":2,"entity":1,"last_input_tick":646,"position":[0.0,0.00100011611357331,10.9999923706055],"receipt_ms":11190,"sequence":646,"tick":687,"velocity":[0.0,0.0,0.0],"yaw":0.0},"position":[0.0,0.00100011611357331,10.9999923706055],"time_ms":11208,"wall_ms":1791532987856.0,"yaw":0.0}
S03R {"ack_input_tick":641,"cause":"none","correction_m":0.0,"correction_yaw_deg":0.0,"event":"correction","history_exhausted":false,"replay_frames":5,"replay_usec":101,"role":"client","tick":647,"time_ms":11211,"wall_ms":1791532987858.0}
S03R {"authority_install_error_m":0.0,"entity":2,"event":"apply","pose":{"control":1,"durable":2,"entity":2,"last_input_tick":641,"position":[6.0,0.00100011611357331,2.49999785423279],"receipt_ms":11190,"sequence":641,"tick":687,"velocity":[0.0,0.0,-5.0],"yaw":0.0},"position":[6.0,0.00100011611357331,2.08333158493042],"time_ms":11213,"wall_ms":1791532987861.0,"yaw":0.0}
S03R {"event":"prediction","history_size":6,"position":[6.0,0.00100011611357331,1.99999821186066],"predicted_tick":647,"role":"client","tick":647,"time_ms":11216,"wall_ms":1791532987864.0,"yaw":0.0}
S03R {"event":"prediction","history_size":7,"position":[6.0,0.00100011611357331,1.91666483879089],"predicted_tick":648,"role":"client","tick":648,"time_ms":11222,"wall_ms":1791532987870.0,"yaw":0.0}
S03R {"event":"prediction","history_size":8,"position":[6.0,0.00100011611357331,1.83333146572113],"predicted_tick":649,"role":"client","tick":649,"time_ms":11242,"wall_ms":1791532987890.0,"yaw":0.0}
S03R {"authority_install_error_m":0.0,"entity":1,"event":"apply","pose":{"control":1,"durable":2,"entity":1,"last_input_tick":649,"position":[0.0,0.00100011611357331,10.9999923706055],"receipt_ms":11246,"sequence":649,"tick":690,"velocity":[0.0,0.0,0.0],"yaw":0.0},"position":[0.0,0.00100011611357331,10.9999923706055],"time_ms":11256,"wall_ms":1791532987904.0,"yaw":0.0}
S03R {"ack_input_tick":644,"cause":"none","correction_m":0.0,"correction_yaw_deg":0.0,"event":"correction","history_exhausted":false,"replay_frames":5,"replay_usec":69,"role":"client","tick":650,"time_ms":11259,"wall_ms":1791532987907.0}
S03R {"authority_install_error_m":0.0,"entity":2,"event":"apply","pose":{"control":1,"durable":2,"entity":2,"last_input_tick":644,"position":[6.0,0.00100011611357331,2.24999809265137],"receipt_ms":11246,"sequence":644,"tick":690,"velocity":[0.0,0.0,-5.0],"yaw":0.0},"position":[6.0,0.00100011611357331,1.83333146572113],"time_ms":11261,"wall_ms":1791532987908.0,"yaw":0.0}
S03R {"event":"prediction","history_size":6,"position":[6.0,0.00100011611357331,1.74999809265137],"predicted_tick":650,"role":"client","tick":650,"time_ms":11263,"wall_ms":1791532987912.0,"yaw":0.0}
S03R {"event":"prediction","history_size":7,"position":[6.0,0.00100011611357331,1.6666647195816],"predicted_tick":651,"role":"client","tick":651,"time_ms":11270,"wall_ms":1791532987918.0,"yaw":0.0}
S03R {"event":"prediction","history_size":8,"position":[6.0,0.00100011611357331,1.58333134651184],"predicted_tick":652,"role":"client","tick":652,"time_ms":11291,"wall_ms":1791532987938.0,"yaw":0.0}
S03R {"authority_install_error_m":0.0,"entity":1,"event":"apply","pose":{"control":1,"durable":2,"entity":1,"last_input_tick":652,"position":[0.0,0.00100011611357331,10.9999923706055],"receipt_ms":11294,"sequence":652,"tick":693,"velocity":[0.0,0.0,0.0],"yaw":0.0},"position":[0.0,0.00100011611357331,10.9999923706055],"time_ms":11304,"wall_ms":1791532987952.0,"yaw":0.0}
S03R {"ack_input_tick":647,"cause":"none","correction_m":0.0,"correction_yaw_deg":0.0,"event":"correction","history_exhausted":false,"replay_frames":5,"replay_usec":120,"role":"client","tick":653,"time_ms":11307,"wall_ms":1791532987955.0}
S03R {"authority_install_error_m":0.0,"entity":2,"event":"apply","pose":{"control":1,"durable":2,"entity":2,"last_input_tick":647,"position":[6.0,0.00100011611357331,1.99999821186066],"receipt_ms":11294,"sequence":647,"tick":693,"velocity":[0.0,0.0,-5.0],"yaw":0.0},"position":[6.0,0.00100011611357331,1.58333134651184],"time_ms":11309,"wall_ms":1791532987958.0,"yaw":0.0}
S03R {"event":"prediction","history_size":6,"position":[6.0,0.00100011611357331,1.49999797344208],"predicted_tick":653,"role":"client","tick":653,"time_ms":11312,"wall_ms":1791532987961.0,"yaw":0.0}
S03R {"event":"prediction","history_size":7,"position":[6.0,0.00100011611357331,1.41666460037231],"predicted_tick":654,"role":"client","tick":654,"time_ms":11325,"wall_ms":1791532987974.0,"yaw":0.0}
S03R {"event":"prediction","history_size":8,"position":[6.0,0.00100011611357331,1.33333122730255],"predicted_tick":655,"role":"client","tick":655,"time_ms":11339,"wall_ms":1791532987987.0,"yaw":0.0}
S03R {"authority_install_error_m":0.0,"entity":1,"event":"apply","pose":{"control":1,"durable":2,"entity":1,"last_input_tick":655,"position":[0.0,0.00100011611357331,10.9999923706055],"receipt_ms":11343,"sequence":655,"tick":696,"velocity":[0.0,0.0,0.0],"yaw":0.0},"position":[0.0,0.00100011611357331,10.9999923706055],"time_ms":11353,"wall_ms":1791532988000.0,"yaw":0.0}
S03R {"ack_input_tick":650,"cause":"none","correction_m":0.0,"correction_yaw_deg":0.0,"event":"correction","history_exhausted":false,"replay_frames":5,"replay_usec":79,"role":"client","tick":656,"time_ms":11355,"wall_ms":1791532988003.0}
S03R {"authority_install_error_m":0.0,"entity":2,"event":"apply","pose":{"control":1,"durable":2,"entity":2,"last_input_tick":650,"position":[6.0,0.00100011611357331,1.74999809265137],"receipt_ms":11343,"sequence":650,"tick":696,"velocity":[0.0,0.0,-5.0],"yaw":0.0},"position":[6.0,0.00100011611357331,1.33333122730255],"time_ms":11360,"wall_ms":1791532988008.0,"yaw":0.0}
S03R {"event":"prediction","history_size":6,"position":[6.0,0.00100011611357331,1.24999785423279],"predicted_tick":656,"role":"client","tick":656,"time_ms":11362,"wall_ms":1791532988010.0,"yaw":0.0}
S03R {"event":"prediction","history_size":7,"position":[6.0,0.00100011611357331,1.16666448116302],"predicted_tick":657,"role":"client","tick":657,"time_ms":11376,"wall_ms":1791532988023.0,"yaw":0.0}
S03R {"event":"prediction","history_size":8,"position":[6.0,0.00100011611357331,1.08333110809326],"predicted_tick":658,"role":"client","tick":658,"time_ms":11390,"wall_ms":1791532988038.0,"yaw":0.0}
S03R {"authority_install_error_m":0.0,"entity":1,"event":"apply","pose":{"control":1,"durable":2,"entity":1,"last_input_tick":658,"position":[0.0,0.00100011611357331,10.9999923706055],"receipt_ms":11394,"sequence":658,"tick":699,"velocity":[0.0,0.0,0.0],"yaw":0.0},"position":[0.0,0.00100011611357331,10.9999923706055],"time_ms":11410,"wall_ms":1791532988058.0,"yaw":0.0}
S03R {"ack_input_tick":653,"cause":"none","correction_m":0.0,"correction_yaw_deg":0.0,"event":"correction","history_exhausted":false,"replay_frames":5,"replay_usec":101,"role":"client","tick":659,"time_ms":11418,"wall_ms":1791532988067.0}
S03R {"authority_install_error_m":0.0,"entity":2,"event":"apply","pose":{"control":1,"durable":2,"entity":2,"last_input_tick":653,"position":[6.0,0.00100011611357331,1.49999797344208],"receipt_ms":11394,"sequence":653,"tick":699,"velocity":[0.0,0.0,-5.0],"yaw":0.0},"position":[6.0,0.00100011611357331,1.08333110809326],"time_ms":11423,"wall_ms":1791532988071.0,"yaw":0.0}
S03R {"event":"prediction","history_size":6,"position":[6.0,0.00100011611357331,0.999997794628143],"predicted_tick":659,"role":"client","tick":659,"time_ms":11425,"wall_ms":1791532988074.0,"yaw":0.0}
S03R {"event":"prediction","history_size":7,"position":[6.0,0.00100011611357331,0.916664481163025],"predicted_tick":660,"role":"client","tick":660,"time_ms":11431,"wall_ms":1791532988079.0,"yaw":0.0}
S03R {"event":"prediction","history_size":8,"position":[6.0,0.00100011611357331,0.833331167697906],"predicted_tick":661,"role":"client","tick":661,"time_ms":11437,"wall_ms":1791532988085.0,"yaw":0.0}
S03R {"authority_install_error_m":0.0,"entity":1,"event":"apply","pose":{"control":1,"durable":2,"entity":1,"last_input_tick":661,"position":[0.0,0.00100011611357331,10.9999923706055],"receipt_ms":11442,"sequence":661,"tick":702,"velocity":[0.0,0.0,0.0],"yaw":0.0},"position":[0.0,0.00100011611357331,10.9999923706055],"time_ms":11451,"wall_ms":1791532988100.0,"yaw":0.0}
S03R {"ack_input_tick":656,"cause":"none","correction_m":0.0,"correction_yaw_deg":0.0,"event":"correction","history_exhausted":false,"replay_frames":5,"replay_usec":66,"role":"client","tick":662,"time_ms":11454,"wall_ms":1791532988102.0}
S03R {"authority_install_error_m":0.0,"entity":2,"event":"apply","pose":{"control":1,"durable":2,"entity":2,"last_input_tick":656,"position":[6.0,0.00100011611357331,1.24999785423279],"receipt_ms":11442,"sequence":656,"tick":702,"velocity":[0.0,0.0,-5.0],"yaw":0.0},"position":[6.0,0.00100011611357331,0.833331167697906],"time_ms":11456,"wall_ms":1791532988104.0,"yaw":0.0}
S03R {"event":"prediction","history_size":6,"position":[6.0,0.00100011611357331,0.749997854232788],"predicted_tick":662,"role":"client","tick":662,"time_ms":11458,"wall_ms":1791532988106.0,"yaw":0.0}
S03R {"event":"prediction","history_size":7,"position":[6.0,0.00100011611357331,0.66666454076767],"predicted_tick":663,"role":"client","tick":663,"time_ms":11465,"wall_ms":1791532988113.0,"yaw":0.0}
S03R {"event":"prediction","history_size":8,"position":[6.0,0.00100011611357331,0.583331227302551],"predicted_tick":664,"role":"client","tick":664,"time_ms":11479,"wall_ms":1791532988128.0,"yaw":0.0}
S03R {"authority_install_error_m":0.0,"entity":1,"event":"apply","pose":{"control":1,"durable":2,"entity":1,"last_input_tick":664,"position":[0.0,0.00100011611357331,10.9999923706055],"receipt_ms":11482,"sequence":664,"tick":705,"velocity":[0.0,0.0,0.0],"yaw":0.0},"position":[0.0,0.00100011611357331,10.9999923706055],"time_ms":11499,"wall_ms":1791532988148.0,"yaw":0.0}
S03R {"ack_input_tick":659,"cause":"none","correction_m":0.0,"correction_yaw_deg":0.0,"event":"correction","history_exhausted":false,"replay_frames":5,"replay_usec":78,"role":"client","tick":665,"time_ms":11502,"wall_ms":1791532988149.0}
S03R {"authority_install_error_m":0.0,"entity":2,"event":"apply","pose":{"control":1,"durable":2,"entity":2,"last_input_tick":659,"position":[6.0,0.00100011611357331,0.999997794628143],"receipt_ms":11482,"sequence":659,"tick":705,"velocity":[0.0,0.0,-5.0],"yaw":0.0},"position":[6.0,0.00100011611357331,0.583331227302551],"time_ms":11504,"wall_ms":1791532988152.0,"yaw":0.0}
S03R {"event":"prediction","history_size":6,"position":[6.0,0.00100011611357331,0.49999788403511],"predicted_tick":665,"role":"client","tick":665,"time_ms":11507,"wall_ms":1791532988154.0,"yaw":0.0}
S03R {"event":"prediction","history_size":7,"position":[6.0,0.00100011611357331,0.41666454076767],"predicted_tick":666,"role":"client","tick":666,"time_ms":11513,"wall_ms":1791532988161.0,"yaw":0.0}
S03R {"authority_install_error_m":0.0,"entity":1,"event":"apply","pose":{"control":1,"durable":2,"entity":1,"last_input_tick":667,"position":[0.0,0.00100011611357331,10.9999923706055],"receipt_ms":11527,"sequence":667,"tick":708,"velocity":[0.0,0.0,0.0],"yaw":0.0},"position":[0.0,0.00100011611357331,10.9999923706055],"time_ms":11534,"wall_ms":1791532988182.0,"yaw":0.0}
S03R {"ack_input_tick":662,"cause":"none","correction_m":0.0,"correction_yaw_deg":0.0,"event":"correction","history_exhausted":false,"replay_frames":4,"replay_usec":77,"role":"client","tick":667,"time_ms":11536,"wall_ms":1791532988185.0}
S03R {"authority_install_error_m":0.0,"entity":2,"event":"apply","pose":{"control":1,"durable":2,"entity":2,"last_input_tick":662,"position":[6.0,0.00100011611357331,0.749997854232788],"receipt_ms":11527,"sequence":662,"tick":708,"velocity":[0.0,0.0,-5.0],"yaw":0.0},"position":[6.0,0.00100011611357331,0.41666454076767],"time_ms":11539,"wall_ms":1791532988187.0,"yaw":0.0}
S03R {"event":"prediction","history_size":5,"position":[6.0,0.00100011611357331,0.380206197500229],"predicted_tick":667,"role":"client","tick":667,"time_ms":11541,"wall_ms":1791532988189.0,"yaw":0.0}
S03R {"event":"prediction","history_size":6,"position":[6.0,0.00100011611357331,0.380206197500229],"predicted_tick":668,"role":"client","tick":668,"time_ms":11548,"wall_ms":1791532988196.0,"yaw":0.0}
S03R {"event":"prediction","history_size":7,"position":[6.0,0.00100011611357331,0.380206197500229],"predicted_tick":669,"role":"client","tick":669,"time_ms":11562,"wall_ms":1791532988209.0,"yaw":0.0}
S03R {"authority_install_error_m":0.0,"entity":1,"event":"apply","pose":{"control":1,"durable":2,"entity":1,"last_input_tick":670,"position":[0.0,0.00100011611357331,10.9999923706055],"receipt_ms":11575,"sequence":670,"tick":711,"velocity":[0.0,0.0,0.0],"yaw":0.0},"position":[0.0,0.00100011611357331,10.9999923706055],"time_ms":11582,"wall_ms":1791532988230.0,"yaw":0.0}
S03R {"ack_input_tick":665,"cause":"none","correction_m":0.0,"correction_yaw_deg":0.0,"event":"correction","history_exhausted":false,"replay_frames":4,"replay_usec":94,"role":"client","tick":670,"time_ms":11585,"wall_ms":1791532988233.0}
S03R {"authority_install_error_m":0.0,"entity":2,"event":"apply","pose":{"control":1,"durable":2,"entity":2,"last_input_tick":665,"position":[6.0,0.00100011611357331,0.49999788403511],"receipt_ms":11575,"sequence":665,"tick":711,"velocity":[0.0,0.0,-5.0],"yaw":0.0},"position":[6.0,0.00100011611357331,0.380206197500229],"time_ms":11587,"wall_ms":1791532988236.0,"yaw":0.0}
S03R {"event":"prediction","history_size":5,"position":[6.0,0.00100011611357331,0.380206197500229],"predicted_tick":670,"role":"client","tick":670,"time_ms":11589,"wall_ms":1791532988237.0,"yaw":0.0}
S03R {"event":"prediction","history_size":6,"position":[6.0,0.00100011611357331,0.380206197500229],"predicted_tick":671,"role":"client","tick":671,"time_ms":11596,"wall_ms":1791532988244.0,"yaw":0.0}
S03R {"event":"prediction","history_size":7,"position":[6.0,0.00100011611357331,0.380206197500229],"predicted_tick":672,"role":"client","tick":672,"time_ms":11617,"wall_ms":1791532988265.0,"yaw":0.0}
S03R {"event":"prediction","history_size":8,"position":[6.0,0.00100011611357331,0.380206197500229],"predicted_tick":673,"role":"client","tick":673,"time_ms":11631,"wall_ms":1791532988279.0,"yaw":0.0}
S03R {"authority_install_error_m":0.0,"entity":1,"event":"apply","pose":{"control":1,"durable":2,"entity":1,"last_input_tick":673,"position":[0.0,0.00100011611357331,10.9999923706055],"receipt_ms":11634,"sequence":673,"tick":714,"velocity":[0.0,0.0,0.0],"yaw":0.0},"position":[0.0,0.00100011611357331,10.9999923706055],"time_ms":11645,"wall_ms":1791532988293.0,"yaw":0.0}
S03R {"ack_input_tick":668,"cause":"none","correction_m":0.0,"correction_yaw_deg":0.0,"event":"correction","history_exhausted":false,"replay_frames":5,"replay_usec":111,"role":"client","tick":674,"time_ms":11649,"wall_ms":1791532988296.0}
S03R {"authority_install_error_m":0.0,"entity":2,"event":"apply","pose":{"control":1,"durable":2,"entity":2,"last_input_tick":668,"position":[6.0,0.00100011611357331,0.380206197500229],"receipt_ms":11634,"sequence":668,"tick":714,"velocity":[0.0,0.0,-5.0],"yaw":0.0},"position":[6.0,0.00100011611357331,0.380206197500229],"time_ms":11651,"wall_ms":1791532988299.0,"yaw":0.0}
S03R {"event":"prediction","history_size":6,"position":[6.0,0.00100011611357331,0.380206197500229],"predicted_tick":674,"role":"client","tick":674,"time_ms":11655,"wall_ms":1791532988304.0,"yaw":0.0}
S03R {"event":"prediction","history_size":7,"position":[6.0,0.00100011611357331,0.380206197500229],"predicted_tick":675,"role":"client","tick":675,"time_ms":11667,"wall_ms":1791532988315.0,"yaw":0.0}
S03R {"event":"prediction","history_size":8,"position":[6.0,0.00100011611357331,0.380206197500229],"predicted_tick":676,"role":"client","tick":676,"time_ms":11681,"wall_ms":1791532988329.0,"yaw":0.0}
S03R {"authority_install_error_m":0.0,"entity":1,"event":"apply","pose":{"control":1,"durable":2,"entity":1,"last_input_tick":676,"position":[0.0,0.00100011611357331,10.9999923706055],"receipt_ms":11684,"sequence":676,"tick":717,"velocity":[0.0,0.0,0.0],"yaw":0.0},"position":[0.0,0.00100011611357331,10.9999923706055],"time_ms":11701,"wall_ms":1791532988349.0,"yaw":0.0}
S03R {"ack_input_tick":671,"cause":"none","correction_m":0.0,"correction_yaw_deg":0.0,"event":"correction","history_exhausted":false,"replay_frames":5,"replay_usec":115,"role":"client","tick":677,"time_ms":11716,"wall_ms":1791532988364.0}
S03R {"authority_install_error_m":0.0,"entity":2,"event":"apply","pose":{"control":1,"durable":2,"entity":2,"last_input_tick":671,"position":[6.0,0.00100011611357331,0.380206197500229],"receipt_ms":11684,"sequence":671,"tick":717,"velocity":[0.0,0.0,-5.0],"yaw":0.0},"position":[6.0,0.00100011611357331,0.380206197500229],"time_ms":11720,"wall_ms":1791532988368.0,"yaw":0.0}
S03R {"event":"prediction","history_size":6,"position":[6.0,0.00100011611357331,0.380206197500229],"predicted_tick":677,"role":"client","tick":677,"time_ms":11724,"wall_ms":1791532988372.0,"yaw":0.0}
S03R {"event":"prediction","history_size":7,"position":[6.0,0.00100011611357331,0.380206197500229],"predicted_tick":678,"role":"client","tick":678,"time_ms":11729,"wall_ms":1791532988377.0,"yaw":0.0}
S03R {"authority_install_error_m":0.0,"entity":1,"event":"apply","pose":{"control":1,"durable":2,"entity":1,"last_input_tick":679,"position":[0.0,0.00100011611357331,10.9999923706055],"receipt_ms":11732,"sequence":679,"tick":720,"velocity":[0.0,0.0,0.0],"yaw":0.0},"position":[0.0,0.00100011611357331,10.9999923706055],"time_ms":11736,"wall_ms":1791532988384.0,"yaw":0.0}
S03R {"ack_input_tick":674,"cause":"none","correction_m":0.0,"correction_yaw_deg":0.0,"event":"correction","history_exhausted":false,"replay_frames":4,"replay_usec":114,"role":"client","tick":679,"time_ms":11739,"wall_ms":1791532988387.0}
S03R {"authority_install_error_m":0.0,"entity":2,"event":"apply","pose":{"control":1,"durable":2,"entity":2,"last_input_tick":674,"position":[6.0,0.00100011611357331,0.380206197500229],"receipt_ms":11732,"sequence":674,"tick":720,"velocity":[0.0,0.0,-5.0],"yaw":0.0},"position":[6.0,0.00100011611357331,0.380206197500229],"time_ms":11743,"wall_ms":1791532988391.0,"yaw":0.0}
S03R {"event":"prediction","history_size":5,"position":[6.0,0.00100011611357331,0.380206197500229],"predicted_tick":679,"role":"client","tick":679,"time_ms":11745,"wall_ms":1791532988394.0,"yaw":0.0}
S03R {"event":"prediction","history_size":6,"position":[6.0,0.00100011611357331,0.380206197500229],"predicted_tick":680,"role":"client","tick":680,"time_ms":11750,"wall_ms":1791532988398.0,"yaw":0.0}
S03R {"event":"prediction","history_size":7,"position":[6.0,0.00100011611357331,0.380206197500229],"predicted_tick":681,"role":"client","tick":681,"time_ms":11763,"wall_ms":1791532988412.0,"yaw":0.0}
S03R {"authority_install_error_m":0.0,"entity":1,"event":"apply","pose":{"control":1,"durable":2,"entity":1,"last_input_tick":682,"position":[0.0,0.00100011611357331,10.9999923706055],"receipt_ms":11777,"sequence":682,"tick":723,"velocity":[0.0,0.0,0.0],"yaw":0.0},"position":[0.0,0.00100011611357331,10.9999923706055],"time_ms":11784,"wall_ms":1791532988432.0,"yaw":0.0}
S03R {"ack_input_tick":677,"cause":"none","correction_m":0.0,"correction_yaw_deg":0.0,"event":"correction","history_exhausted":false,"replay_frames":4,"replay_usec":93,"role":"client","tick":682,"time_ms":11787,"wall_ms":1791532988435.0}
S03R {"authority_install_error_m":0.0,"entity":2,"event":"apply","pose":{"control":1,"durable":2,"entity":2,"last_input_tick":677,"position":[6.0,0.00100011611357331,0.380206197500229],"receipt_ms":11777,"sequence":677,"tick":723,"velocity":[0.0,0.0,-5.0],"yaw":0.0},"position":[6.0,0.00100011611357331,0.380206197500229],"time_ms":11791,"wall_ms":1791532988438.0,"yaw":0.0}
S03R {"event":"prediction","history_size":5,"position":[6.0,0.00100011611357331,0.380206197500229],"predicted_tick":682,"role":"client","tick":682,"time_ms":11793,"wall_ms":1791532988442.0,"yaw":0.0}
S03R {"event":"prediction","history_size":6,"position":[6.0,0.00100011611357331,0.380206197500229],"predicted_tick":683,"role":"client","tick":683,"time_ms":11798,"wall_ms":1791532988446.0,"yaw":0.0}
S03R {"event":"prediction","history_size":7,"position":[6.0,0.00100011611357331,0.380206197500229],"predicted_tick":684,"role":"client","tick":684,"time_ms":11812,"wall_ms":1791532988460.0,"yaw":0.0}
S03R {"authority_install_error_m":0.0,"entity":1,"event":"apply","pose":{"control":1,"durable":2,"entity":1,"last_input_tick":685,"position":[0.0,0.00100011611357331,10.9999923706055],"receipt_ms":11825,"sequence":685,"tick":726,"velocity":[0.0,0.0,0.0],"yaw":0.0},"position":[0.0,0.00100011611357331,10.9999923706055],"time_ms":11832,"wall_ms":1791532988480.0,"yaw":0.0}
S03R {"ack_input_tick":680,"cause":"none","correction_m":0.0,"correction_yaw_deg":0.0,"event":"correction","history_exhausted":false,"replay_frames":4,"replay_usec":94,"role":"client","tick":685,"time_ms":11835,"wall_ms":1791532988483.0}
S03R {"authority_install_error_m":0.0,"entity":2,"event":"apply","pose":{"control":1,"durable":2,"entity":2,"last_input_tick":680,"position":[6.0,0.00100011611357331,0.380206197500229],"receipt_ms":11826,"sequence":680,"tick":726,"velocity":[0.0,0.0,-5.0],"yaw":0.0},"position":[6.0,0.00100011611357331,0.380206197500229],"time_ms":11839,"wall_ms":1791532988487.0,"yaw":0.0}
S03R {"event":"prediction","history_size":5,"position":[6.0,0.00100011611357331,0.380206197500229],"predicted_tick":685,"role":"client","tick":685,"time_ms":11841,"wall_ms":1791532988489.0,"yaw":0.0}
S03R {"event":"prediction","history_size":6,"position":[6.0,0.00100011611357331,0.380206197500229],"predicted_tick":686,"role":"client","tick":686,"time_ms":11846,"wall_ms":1791532988494.0,"yaw":0.0}
S03R {"event":"prediction","history_size":7,"position":[6.0,0.00100011611357331,0.380206197500229],"predicted_tick":687,"role":"client","tick":687,"time_ms":11867,"wall_ms":1791532988515.0,"yaw":0.0}
S03R {"event":"prediction","history_size":8,"position":[6.0,0.00100011611357331,0.380206197500229],"predicted_tick":688,"role":"client","tick":688,"time_ms":11881,"wall_ms":1791532988529.0,"yaw":0.0}
S03R {"authority_install_error_m":0.0,"entity":1,"event":"apply","pose":{"control":1,"durable":2,"entity":1,"last_input_tick":688,"position":[0.0,0.00100011611357331,10.9999923706055],"receipt_ms":11884,"sequence":688,"tick":729,"velocity":[0.0,0.0,0.0],"yaw":0.0},"position":[0.0,0.00100011611357331,10.9999923706055],"time_ms":11894,"wall_ms":1791532988543.0,"yaw":0.0}
S03R {"ack_input_tick":683,"cause":"none","correction_m":0.0,"correction_yaw_deg":0.0,"event":"correction","history_exhausted":false,"replay_frames":5,"replay_usec":116,"role":"client","tick":689,"time_ms":11897,"wall_ms":1791532988545.0}
S03R {"authority_install_error_m":0.0,"entity":2,"event":"apply","pose":{"control":1,"durable":2,"entity":2,"last_input_tick":683,"position":[6.0,0.00100011611357331,0.380206197500229],"receipt_ms":11884,"sequence":683,"tick":729,"velocity":[0.0,0.0,-5.0],"yaw":0.0},"position":[6.0,0.00100011611357331,0.380206197500229],"time_ms":11899,"wall_ms":1791532988548.0,"yaw":0.0}
S03R {"event":"prediction","history_size":6,"position":[6.0,0.00100011611357331,0.380206197500229],"predicted_tick":689,"role":"client","tick":689,"time_ms":11904,"wall_ms":1791532988551.0,"yaw":0.0}
S03R {"event":"prediction","history_size":7,"position":[6.0,0.00100011611357331,0.380206197500229],"predicted_tick":690,"role":"client","tick":690,"time_ms":11916,"wall_ms":1791532988564.0,"yaw":0.0}
S03R {"authority_install_error_m":0.0,"entity":1,"event":"apply","pose":{"control":1,"durable":2,"entity":1,"last_input_tick":691,"position":[0.0,0.00100011611357331,10.9999923706055],"receipt_ms":11921,"sequence":691,"tick":732,"velocity":[0.0,0.0,0.0],"yaw":0.0},"position":[0.0,0.00100011611357331,10.9999923706055],"time_ms":11930,"wall_ms":1791532988578.0,"yaw":0.0}
S03R {"ack_input_tick":686,"cause":"none","correction_m":0.0,"correction_yaw_deg":0.0,"event":"correction","history_exhausted":false,"replay_frames":4,"replay_usec":107,"role":"client","tick":691,"time_ms":11934,"wall_ms":1791532988581.0}
S03R {"authority_install_error_m":0.0,"entity":2,"event":"apply","pose":{"control":1,"durable":2,"entity":2,"last_input_tick":686,"position":[6.0,0.00100011611357331,0.380206197500229],"receipt_ms":11921,"sequence":686,"tick":732,"velocity":[0.0,0.0,-5.0],"yaw":0.0},"position":[6.0,0.00100011611357331,0.380206197500229],"time_ms":11936,"wall_ms":1791532988584.0,"yaw":0.0}
S03R {"event":"prediction","history_size":5,"position":[6.0,0.00100011611357331,0.380206197500229],"predicted_tick":691,"role":"client","tick":691,"time_ms":11939,"wall_ms":1791532988587.0,"yaw":0.0}
S03R {"event":"prediction","history_size":6,"position":[6.0,0.00100011611357331,0.380206197500229],"predicted_tick":692,"role":"client","tick":692,"time_ms":11951,"wall_ms":1791532988599.0,"yaw":0.0}
S03R {"event":"prediction","history_size":7,"position":[6.0,0.00100011611357331,0.380206197500229],"predicted_tick":693,"role":"client","tick":693,"time_ms":11964,"wall_ms":1791532988613.0,"yaw":0.0}
S03R {"authority_install_error_m":0.0,"entity":1,"event":"apply","pose":{"control":1,"durable":2,"entity":1,"last_input_tick":694,"position":[0.0,0.00100011611357331,10.9999923706055],"receipt_ms":11971,"sequence":694,"tick":735,"velocity":[0.0,0.0,0.0],"yaw":0.0},"position":[0.0,0.00100011611357331,10.9999923706055],"time_ms":11978,"wall_ms":1791532988626.0,"yaw":0.0}
S03R {"ack_input_tick":689,"cause":"none","correction_m":0.0,"correction_yaw_deg":0.0,"event":"correction","history_exhausted":false,"replay_frames":4,"replay_usec":150,"role":"client","tick":694,"time_ms":11983,"wall_ms":1791532988631.0}
S03R {"authority_install_error_m":0.0,"entity":2,"event":"apply","pose":{"control":1,"durable":2,"entity":2,"last_input_tick":689,"position":[6.0,0.00100011611357331,0.380206197500229],"receipt_ms":11971,"sequence":689,"tick":735,"velocity":[0.0,0.0,-5.0],"yaw":0.0},"position":[6.0,0.00100011611357331,0.380206197500229],"time_ms":11985,"wall_ms":1791532988633.0,"yaw":0.0}
S03R {"event":"prediction","history_size":5,"position":[6.0,0.00100011611357331,0.380206197500229],"predicted_tick":694,"role":"client","tick":694,"time_ms":11987,"wall_ms":1791532988635.0,"yaw":0.0}
S03R {"event":"prediction","history_size":6,"position":[6.0,0.00100011611357331,0.380206197500229],"predicted_tick":695,"role":"client","tick":695,"time_ms":11999,"wall_ms":1791532988648.0,"yaw":0.0}
S03R {"event":"prediction","history_size":7,"position":[6.0,0.00100011611357331,0.380206197500229],"predicted_tick":696,"role":"client","tick":696,"time_ms":12013,"wall_ms":1791532988661.0,"yaw":0.0}
S03R {"authority_install_error_m":0.0,"entity":1,"event":"apply","pose":{"control":1,"durable":2,"entity":1,"last_input_tick":697,"position":[0.0,0.00100011611357331,10.9999923706055],"receipt_ms":12026,"sequence":697,"tick":738,"velocity":[0.0,0.0,0.0],"yaw":0.0},"position":[0.0,0.00100011611357331,10.9999923706055],"time_ms":12033,"wall_ms":1791532988681.0,"yaw":0.0}
S03R {"ack_input_tick":692,"cause":"none","correction_m":0.0,"correction_yaw_deg":0.0,"event":"correction","history_exhausted":false,"replay_frames":4,"replay_usec":108,"role":"client","tick":697,"time_ms":12036,"wall_ms":1791532988684.0}
S03R {"authority_install_error_m":0.0,"entity":2,"event":"apply","pose":{"control":1,"durable":2,"entity":2,"last_input_tick":692,"position":[6.0,0.00100011611357331,0.380206197500229],"receipt_ms":12026,"sequence":692,"tick":738,"velocity":[0.0,0.0,-5.0],"yaw":0.0},"position":[6.0,0.00100011611357331,0.380206197500229],"time_ms":12039,"wall_ms":1791532988687.0,"yaw":0.0}
S03R {"event":"prediction","history_size":5,"position":[6.0,0.00100011611357331,0.380206197500229],"predicted_tick":697,"role":"client","tick":697,"time_ms":12041,"wall_ms":1791532988688.0,"yaw":0.0}
S03R {"event":"prediction","history_size":6,"position":[6.0,0.00100011611357331,0.380206197500229],"predicted_tick":698,"role":"client","tick":698,"time_ms":12047,"wall_ms":1791532988695.0,"yaw":0.0}
S03R {"event":"prediction","history_size":7,"position":[6.0,0.00100011611357331,0.380206197500229],"predicted_tick":699,"role":"client","tick":699,"time_ms":12068,"wall_ms":1791532988716.0,"yaw":0.0}
S03R {"authority_install_error_m":0.0,"entity":1,"event":"apply","pose":{"control":1,"durable":2,"entity":1,"last_input_tick":700,"position":[0.0,0.00100011611357331,10.9999923706055],"receipt_ms":12071,"sequence":700,"tick":741,"velocity":[0.0,0.0,0.0],"yaw":0.0},"position":[0.0,0.00100011611357331,10.9999923706055],"time_ms":12082,"wall_ms":1791532988730.0,"yaw":0.0}
S03R {"ack_input_tick":695,"cause":"none","correction_m":0.0,"correction_yaw_deg":0.0,"event":"correction","history_exhausted":false,"replay_frames":4,"replay_usec":109,"role":"client","tick":700,"time_ms":12084,"wall_ms":1791532988733.0}
S03R {"authority_install_error_m":0.0,"entity":2,"event":"apply","pose":{"control":1,"durable":2,"entity":2,"last_input_tick":695,"position":[6.0,0.00100011611357331,0.380206197500229],"receipt_ms":12071,"sequence":695,"tick":741,"velocity":[0.0,0.0,-5.0],"yaw":0.0},"position":[6.0,0.00100011611357331,0.380206197500229],"time_ms":12087,"wall_ms":1791532988735.0,"yaw":0.0}
S03R {"event":"prediction","history_size":5,"position":[6.0,0.00100011611357331,0.380206197500229],"predicted_tick":700,"role":"client","tick":700,"time_ms":12089,"wall_ms":1791532988737.0,"yaw":0.0}
S03R {"event":"prediction","history_size":6,"position":[6.0,0.00100011611357331,0.380206197500229],"predicted_tick":701,"role":"client","tick":701,"time_ms":12102,"wall_ms":1791532988750.0,"yaw":0.0}
S03R {"event":"prediction","history_size":7,"position":[6.0,0.00100011611357331,0.380206197500229],"predicted_tick":702,"role":"client","tick":702,"time_ms":12116,"wall_ms":1791532988764.0,"yaw":0.0}
S03R {"authority_install_error_m":0.0,"entity":1,"event":"apply","pose":{"control":1,"durable":2,"entity":1,"last_input_tick":703,"position":[0.0,0.00100011611357331,10.9999923706055],"receipt_ms":12121,"sequence":703,"tick":744,"velocity":[0.0,0.0,0.0],"yaw":0.0},"position":[0.0,0.00100011611357331,10.9999923706055],"time_ms":12137,"wall_ms":1791532988785.0,"yaw":0.0}
S03R {"ack_input_tick":698,"cause":"none","correction_m":0.0,"correction_yaw_deg":0.0,"event":"correction","history_exhausted":false,"replay_frames":4,"replay_usec":83,"role":"client","tick":703,"time_ms":12141,"wall_ms":1791532988789.0}
S03R {"authority_install_error_m":0.0,"entity":2,"event":"apply","pose":{"control":1,"durable":2,"entity":2,"last_input_tick":698,"position":[6.0,0.00100011611357331,0.380206197500229],"receipt_ms":12121,"sequence":698,"tick":744,"velocity":[0.0,0.0,-5.0],"yaw":0.0},"position":[6.0,0.00100011611357331,0.380206197500229],"time_ms":12147,"wall_ms":1791532988795.0,"yaw":0.0}
S03R {"event":"prediction","history_size":5,"position":[6.0,0.00100011611357331,0.380206197500229],"predicted_tick":703,"role":"client","tick":703,"time_ms":12153,"wall_ms":1791532988801.0,"yaw":0.0}
S03R {"event":"prediction","history_size":6,"position":[6.0,0.00100011611357331,0.380206197500229],"predicted_tick":704,"role":"client","tick":704,"time_ms":12158,"wall_ms":1791532988806.0,"yaw":0.0}
S03R {"event":"prediction","history_size":7,"position":[6.0,0.00100011611357331,0.380206197500229],"predicted_tick":705,"role":"client","tick":705,"time_ms":12172,"wall_ms":1791532988819.0,"yaw":0.0}
S03R {"authority_install_error_m":0.0,"entity":1,"event":"apply","pose":{"control":1,"durable":2,"entity":1,"last_input_tick":706,"position":[0.0,0.00100011611357331,10.9999923706055],"receipt_ms":12175,"sequence":706,"tick":747,"velocity":[0.0,0.0,0.0],"yaw":0.0},"position":[0.0,0.00100011611357331,10.9999923706055],"time_ms":12192,"wall_ms":1791532988840.0,"yaw":0.0}
S03R {"ack_input_tick":701,"cause":"none","correction_m":0.0,"correction_yaw_deg":0.0,"event":"correction","history_exhausted":false,"replay_frames":4,"replay_usec":186,"role":"client","tick":706,"time_ms":12195,"wall_ms":1791532988843.0}
S03R {"authority_install_error_m":0.0,"entity":2,"event":"apply","pose":{"control":1,"durable":2,"entity":2,"last_input_tick":701,"position":[6.0,0.00100011611357331,0.380206197500229],"receipt_ms":12175,"sequence":701,"tick":747,"velocity":[0.0,0.0,-5.0],"yaw":0.0},"position":[6.0,0.00100011611357331,0.380206197500229],"time_ms":12199,"wall_ms":1791532988847.0,"yaw":0.0}
S03R {"event":"prediction","history_size":5,"position":[6.0,0.00100011611357331,0.380206197500229],"predicted_tick":706,"role":"client","tick":706,"time_ms":12202,"wall_ms":1791532988850.0,"yaw":0.0}
S03R {"event":"prediction","history_size":6,"position":[6.0,0.00100011611357331,0.380206197500229],"predicted_tick":707,"role":"client","tick":707,"time_ms":12206,"wall_ms":1791532988854.0,"yaw":0.0}
S03R {"authority_install_error_m":0.0,"entity":1,"event":"apply","pose":{"control":1,"durable":2,"entity":1,"last_input_tick":709,"position":[0.0,0.00100011611357331,10.9999923706055],"receipt_ms":12213,"sequence":709,"tick":750,"velocity":[0.0,0.0,0.0],"yaw":0.0},"position":[0.0,0.00100011611357331,10.9999923706055],"time_ms":12227,"wall_ms":1791532988874.0,"yaw":0.0}
S03R {"ack_input_tick":704,"cause":"none","correction_m":0.0,"correction_yaw_deg":0.0,"event":"correction","history_exhausted":false,"replay_frames":3,"replay_usec":152,"role":"client","tick":708,"time_ms":12229,"wall_ms":1791532988878.0}
S03R {"authority_install_error_m":0.0,"entity":2,"event":"apply","pose":{"control":1,"durable":2,"entity":2,"last_input_tick":704,"position":[6.0,0.00100011611357331,0.380206197500229],"receipt_ms":12213,"sequence":704,"tick":750,"velocity":[0.0,0.0,-5.0],"yaw":0.0},"position":[6.0,0.00100011611357331,0.380206197500229],"time_ms":12235,"wall_ms":1791532988884.0,"yaw":0.0}
S03R {"event":"prediction","history_size":4,"position":[6.0,0.00100011611357331,0.380206197500229],"predicted_tick":708,"role":"client","tick":708,"time_ms":12240,"wall_ms":1791532988888.0,"yaw":0.0}
S03R {"event":"prediction","history_size":5,"position":[6.0,0.00100011611357331,0.380206197500229],"predicted_tick":709,"role":"client","tick":709,"time_ms":12244,"wall_ms":1791532988893.0,"yaw":0.0}
S03R {"event":"prediction","history_size":6,"position":[6.0,0.00100011611357331,0.380206197500229],"predicted_tick":710,"role":"client","tick":710,"time_ms":12252,"wall_ms":1791532988900.0,"yaw":0.0}
S03R {"event":"prediction","history_size":7,"position":[6.0,0.00100011611357331,0.380206197500229],"predicted_tick":711,"role":"client","tick":711,"time_ms":12265,"wall_ms":1791532988914.0,"yaw":0.0}
S03R {"authority_install_error_m":0.0,"entity":1,"event":"apply","pose":{"control":1,"durable":2,"entity":1,"last_input_tick":712,"position":[0.0,0.00100011611357331,10.9999923706055],"receipt_ms":12269,"sequence":712,"tick":753,"velocity":[0.0,0.0,0.0],"yaw":0.0},"position":[0.0,0.00100011611357331,10.9999923706055],"time_ms":12279,"wall_ms":1791532988927.0,"yaw":0.0}
S03R {"ack_input_tick":707,"cause":"none","correction_m":0.0,"correction_yaw_deg":0.0,"event":"correction","history_exhausted":false,"replay_frames":4,"replay_usec":128,"role":"client","tick":712,"time_ms":12282,"wall_ms":1791532988929.0}
S03R {"authority_install_error_m":0.0,"entity":2,"event":"apply","pose":{"control":1,"durable":2,"entity":2,"last_input_tick":707,"position":[6.0,0.00100011611357331,0.380206197500229],"receipt_ms":12269,"sequence":707,"tick":753,"velocity":[0.0,0.0,-5.0],"yaw":0.0},"position":[6.0,0.00100011611357331,0.380206197500229],"time_ms":12284,"wall_ms":1791532988932.0,"yaw":0.0}
S03R {"event":"prediction","history_size":5,"position":[6.0,0.00100011611357331,0.380206197500229],"predicted_tick":712,"role":"client","tick":712,"time_ms":12288,"wall_ms":1791532988936.0,"yaw":0.0}
S03R {"event":"prediction","history_size":6,"position":[6.0,0.00100011611357331,0.380206197500229],"predicted_tick":713,"role":"client","tick":713,"time_ms":12300,"wall_ms":1791532988948.0,"yaw":0.0}
S03R {"event":"prediction","history_size":7,"position":[6.0,0.00100011611357331,0.380206197500229],"predicted_tick":714,"role":"client","tick":714,"time_ms":12314,"wall_ms":1791532988962.0,"yaw":0.0}
S03R {"authority_install_error_m":0.0,"entity":1,"event":"apply","pose":{"control":1,"durable":2,"entity":1,"last_input_tick":715,"position":[0.0,0.00100011611357331,10.9999923706055],"receipt_ms":12317,"sequence":715,"tick":756,"velocity":[0.0,0.0,0.0],"yaw":0.0},"position":[0.0,0.00100011611357331,10.9999923706055],"time_ms":12328,"wall_ms":1791532988975.0,"yaw":0.0}
S03R {"ack_input_tick":710,"cause":"none","correction_m":0.0,"correction_yaw_deg":0.0,"event":"correction","history_exhausted":false,"replay_frames":4,"replay_usec":108,"role":"client","tick":715,"time_ms":12330,"wall_ms":1791532988978.0}
S03R {"authority_install_error_m":0.0,"entity":2,"event":"apply","pose":{"control":1,"durable":2,"entity":2,"last_input_tick":710,"position":[6.0,0.00100011611357331,0.380206197500229],"receipt_ms":12317,"sequence":710,"tick":756,"velocity":[0.0,0.0,-5.0],"yaw":0.0},"position":[6.0,0.00100011611357331,0.380206197500229],"time_ms":12332,"wall_ms":1791532988981.0,"yaw":0.0}
S03R {"event":"prediction","history_size":5,"position":[6.0,0.00100011611357331,0.380206197500229],"predicted_tick":715,"role":"client","tick":715,"time_ms":12338,"wall_ms":1791532988986.0,"yaw":0.0}
S03R {"event":"prediction","history_size":6,"position":[6.0,0.00100011611357331,0.380206197500229],"predicted_tick":716,"role":"client","tick":716,"time_ms":12351,"wall_ms":1791532988999.0,"yaw":0.0}
S03R {"event":"prediction","history_size":7,"position":[6.0,0.00100011611357331,0.380206197500229],"predicted_tick":717,"role":"client","tick":717,"time_ms":12365,"wall_ms":1791532989012.0,"yaw":0.0}
S03R {"authority_install_error_m":0.0,"entity":1,"event":"apply","pose":{"control":1,"durable":2,"entity":1,"last_input_tick":718,"position":[0.0,0.00100011611357331,10.9999923706055],"receipt_ms":12368,"sequence":718,"tick":759,"velocity":[0.0,0.0,0.0],"yaw":0.0},"position":[0.0,0.00100011611357331,10.9999923706055],"time_ms":12378,"wall_ms":1791532989026.0,"yaw":0.0}
S03R {"ack_input_tick":713,"cause":"none","correction_m":0.0,"correction_yaw_deg":0.0,"event":"correction","history_exhausted":false,"replay_frames":4,"replay_usec":136,"role":"client","tick":718,"time_ms":12381,"wall_ms":1791532989029.0}
S03R {"authority_install_error_m":0.0,"entity":2,"event":"apply","pose":{"control":1,"durable":2,"entity":2,"last_input_tick":713,"position":[6.0,0.00100011611357331,0.380206197500229],"receipt_ms":12368,"sequence":713,"tick":759,"velocity":[0.0,0.0,-5.0],"yaw":0.0},"position":[6.0,0.00100011611357331,0.380206197500229],"time_ms":12384,"wall_ms":1791532989032.0,"yaw":0.0}
S03R {"event":"prediction","history_size":5,"position":[6.0,0.00100011611357331,0.380206197500229],"predicted_tick":718,"role":"client","tick":718,"time_ms":12389,"wall_ms":1791532989037.0,"yaw":0.0}
S03R {"event":"prediction","history_size":6,"position":[6.0,0.00100011611357331,0.380206197500229],"predicted_tick":719,"role":"client","tick":719,"time_ms":12403,"wall_ms":1791532989051.0,"yaw":0.0}
S03R {"aim_yaw":-3.14159265358979,"event":"keys","move":[0.0,1.0],"role":"client","tick":720,"time_ms":12416,"wall_ms":1791532989065.0}
S03R {"event":"prediction","history_size":7,"position":[6.0,0.00100011611357331,0.464230537414551],"predicted_tick":720,"role":"client","tick":720,"time_ms":12419,"wall_ms":1791532989067.0,"yaw":3.14159250259399}
S03R {"authority_install_error_m":0.0,"entity":1,"event":"apply","pose":{"control":1,"durable":2,"entity":1,"last_input_tick":721,"position":[0.0,0.00100011611357331,10.9999923706055],"receipt_ms":12422,"sequence":721,"tick":762,"velocity":[0.0,0.0,0.0],"yaw":0.0},"position":[0.0,0.00100011611357331,10.9999923706055],"time_ms":12430,"wall_ms":1791532989079.0,"yaw":0.0}
S03R {"ack_input_tick":716,"cause":"none","correction_m":0.0,"correction_yaw_deg":0.0,"event":"correction","history_exhausted":false,"replay_frames":4,"replay_usec":133,"role":"client","tick":721,"time_ms":12433,"wall_ms":1791532989080.0}
S03R {"authority_install_error_m":0.0,"entity":2,"event":"apply","pose":{"control":1,"durable":2,"entity":2,"last_input_tick":716,"position":[6.0,0.00100011611357331,0.380206197500229],"receipt_ms":12422,"sequence":716,"tick":762,"velocity":[0.0,0.0,-5.0],"yaw":0.0},"position":[6.0,0.00100011611357331,0.464230537414551],"time_ms":12435,"wall_ms":1791532989084.0,"yaw":3.14159250259399}
S03R {"event":"prediction","history_size":5,"position":[6.0,0.00100011611357331,0.547563850879669],"predicted_tick":721,"role":"client","tick":721,"time_ms":12437,"wall_ms":1791532989086.0,"yaw":3.14159250259399}
S03R {"event":"prediction","history_size":6,"position":[6.0,0.00100011611357331,0.630897164344788],"predicted_tick":722,"role":"client","tick":722,"time_ms":12451,"wall_ms":1791532989099.0,"yaw":3.14159250259399}
S03R {"event":"prediction","history_size":7,"position":[6.0,0.00100011611357331,0.714230477809906],"predicted_tick":723,"role":"client","tick":723,"time_ms":12465,"wall_ms":1791532989113.0,"yaw":3.14159250259399}
S03R {"authority_install_error_m":0.0,"entity":1,"event":"apply","pose":{"control":1,"durable":2,"entity":1,"last_input_tick":724,"position":[0.0,0.00100011611357331,10.9999923706055],"receipt_ms":12468,"sequence":724,"tick":765,"velocity":[0.0,0.0,0.0],"yaw":0.0},"position":[0.0,0.00100011611357331,10.9999923706055],"time_ms":12479,"wall_ms":1791532989127.0,"yaw":0.0}
S03R {"ack_input_tick":719,"cause":"none","correction_m":0.0,"correction_yaw_deg":0.0,"event":"correction","history_exhausted":false,"replay_frames":4,"replay_usec":65,"role":"client","tick":724,"time_ms":12481,"wall_ms":1791532989129.0}
S03R {"authority_install_error_m":0.0,"entity":2,"event":"apply","pose":{"control":1,"durable":2,"entity":2,"last_input_tick":719,"position":[6.0,0.00100011611357331,0.380206197500229],"receipt_ms":12468,"sequence":719,"tick":765,"velocity":[0.0,0.0,-5.0],"yaw":0.0},"position":[6.0,0.00100011611357331,0.714230477809906],"time_ms":12483,"wall_ms":1791532989131.0,"yaw":3.14159250259399}
S03R {"event":"prediction","history_size":5,"position":[6.0,0.00100011611357331,0.797563791275024],"predicted_tick":724,"role":"client","tick":724,"time_ms":12486,"wall_ms":1791532989134.0,"yaw":3.14159250259399}
S03R {"event":"prediction","history_size":6,"position":[6.0,0.00100011611357331,0.880897104740143],"predicted_tick":725,"role":"client","tick":725,"time_ms":12499,"wall_ms":1791532989148.0,"yaw":3.14159250259399}
S03R {"event":"prediction","history_size":7,"position":[6.0,0.00100011611357331,0.964230418205261],"predicted_tick":726,"role":"client","tick":726,"time_ms":12513,"wall_ms":1791532989162.0,"yaw":3.14159250259399}
S03R {"authority_install_error_m":0.0,"entity":1,"event":"apply","pose":{"control":1,"durable":2,"entity":1,"last_input_tick":727,"position":[0.0,0.00100011611357331,10.9999923706055],"receipt_ms":12516,"sequence":727,"tick":768,"velocity":[0.0,0.0,0.0],"yaw":0.0},"position":[0.0,0.00100011611357331,10.9999923706055],"time_ms":12534,"wall_ms":1791532989182.0,"yaw":0.0}
S03R {"ack_input_tick":722,"cause":"none","correction_m":0.0,"correction_yaw_deg":0.0,"event":"correction","history_exhausted":false,"replay_frames":4,"replay_usec":55,"role":"client","tick":727,"time_ms":12536,"wall_ms":1791532989184.0}
S03R {"authority_install_error_m":0.0,"entity":2,"event":"apply","pose":{"control":1,"durable":2,"entity":2,"last_input_tick":722,"position":[6.0,0.00100011611357331,0.630897164344788],"receipt_ms":12516,"sequence":722,"tick":768,"velocity":[0.0,0.0,5.0],"yaw":3.14159250259399},"position":[6.0,0.00100011611357331,0.964230418205261],"time_ms":12540,"wall_ms":1791532989188.0,"yaw":3.14159250259399}
S03R {"event":"prediction","history_size":5,"position":[6.0,0.00100011611357331,1.04756379127502],"predicted_tick":727,"role":"client","tick":727,"time_ms":12545,"wall_ms":1791532989192.0,"yaw":3.14159250259399}
S03R {"event":"prediction","history_size":6,"position":[6.0,0.00100011611357331,1.13089716434479],"predicted_tick":728,"role":"client","tick":728,"time_ms":12552,"wall_ms":1791532989200.0,"yaw":3.14159250259399}
S03R {"event":"prediction","history_size":7,"position":[6.0,0.00100011611357331,1.21423053741455],"predicted_tick":729,"role":"client","tick":729,"time_ms":12565,"wall_ms":1791532989213.0,"yaw":3.14159250259399}
S03R {"authority_install_error_m":0.0,"entity":1,"event":"apply","pose":{"control":1,"durable":2,"entity":1,"last_input_tick":730,"position":[0.0,0.00100011611357331,10.9999923706055],"receipt_ms":12568,"sequence":730,"tick":771,"velocity":[0.0,0.0,0.0],"yaw":0.0},"position":[0.0,0.00100011611357331,10.9999923706055],"time_ms":12586,"wall_ms":1791532989234.0,"yaw":0.0}
S03R {"ack_input_tick":725,"cause":"none","correction_m":0.0,"correction_yaw_deg":0.0,"event":"correction","history_exhausted":false,"replay_frames":4,"replay_usec":79,"role":"client","tick":730,"time_ms":12602,"wall_ms":1791532989250.0}
S03R {"authority_install_error_m":0.0,"entity":2,"event":"apply","pose":{"control":1,"durable":2,"entity":2,"last_input_tick":725,"position":[6.0,0.00100011611357331,0.880897104740143],"receipt_ms":12568,"sequence":725,"tick":771,"velocity":[0.0,0.0,5.0],"yaw":3.14159250259399},"position":[6.0,0.00100011611357331,1.21423053741455],"time_ms":12606,"wall_ms":1791532989255.0,"yaw":3.14159250259399}
S03R {"event":"prediction","history_size":5,"position":[6.0,0.00100011611357331,1.29756391048431],"predicted_tick":730,"role":"client","tick":730,"time_ms":12611,"wall_ms":1791532989259.0,"yaw":3.14159250259399}
S03R {"event":"prediction","history_size":6,"position":[6.0,0.00100011611357331,1.38089728355408],"predicted_tick":731,"role":"client","tick":731,"time_ms":12616,"wall_ms":1791532989264.0,"yaw":3.14159250259399}
S03R {"authority_install_error_m":0.0,"entity":1,"event":"apply","pose":{"control":1,"durable":2,"entity":1,"last_input_tick":733,"position":[0.0,0.00100011611357331,10.9999923706055],"receipt_ms":12619,"sequence":733,"tick":774,"velocity":[0.0,0.0,0.0],"yaw":0.0},"position":[0.0,0.00100011611357331,10.9999923706055],"time_ms":12623,"wall_ms":1791532989271.0,"yaw":0.0}
S03R {"ack_input_tick":728,"cause":"none","correction_m":0.0,"correction_yaw_deg":0.0,"event":"correction","history_exhausted":false,"replay_frames":3,"replay_usec":78,"role":"client","tick":732,"time_ms":12627,"wall_ms":1791532989275.0}
S03R {"authority_install_error_m":0.0,"entity":2,"event":"apply","pose":{"control":1,"durable":2,"entity":2,"last_input_tick":728,"position":[6.0,0.00100011611357331,1.13089716434479],"receipt_ms":12619,"sequence":728,"tick":774,"velocity":[0.0,0.0,5.0],"yaw":3.14159250259399},"position":[6.0,0.00100011611357331,1.38089728355408],"time_ms":12629,"wall_ms":1791532989277.0,"yaw":3.14159250259399}
S03R {"event":"prediction","history_size":4,"position":[6.0,0.00100011611357331,1.46423065662384],"predicted_tick":732,"role":"client","tick":732,"time_ms":12632,"wall_ms":1791532989279.0,"yaw":3.14159250259399}
S03R {"event":"prediction","history_size":5,"position":[6.0,0.00100011611357331,1.5475640296936],"predicted_tick":733,"role":"client","tick":733,"time_ms":12637,"wall_ms":1791532989284.0,"yaw":3.14159250259399}
S03R {"event":"prediction","history_size":6,"position":[6.0,0.00100011611357331,1.63089740276337],"predicted_tick":734,"role":"client","tick":734,"time_ms":12651,"wall_ms":1791532989299.0,"yaw":3.14159250259399}
S03R {"event":"prediction","history_size":7,"position":[6.0,0.00100011611357331,1.71423077583313],"predicted_tick":735,"role":"client","tick":735,"time_ms":12664,"wall_ms":1791532989312.0,"yaw":3.14159250259399}
S03R {"authority_install_error_m":0.0,"entity":1,"event":"apply","pose":{"control":1,"durable":2,"entity":1,"last_input_tick":736,"position":[0.0,0.00100011611357331,10.9999923706055],"receipt_ms":12668,"sequence":736,"tick":777,"velocity":[0.0,0.0,0.0],"yaw":0.0},"position":[0.0,0.00100011611357331,10.9999923706055],"time_ms":12678,"wall_ms":1791532989326.0,"yaw":0.0}
S03R {"ack_input_tick":731,"cause":"none","correction_m":0.0,"correction_yaw_deg":0.0,"event":"correction","history_exhausted":false,"replay_frames":4,"replay_usec":71,"role":"client","tick":736,"time_ms":12681,"wall_ms":1791532989329.0}
S03R {"authority_install_error_m":0.0,"entity":2,"event":"apply","pose":{"control":1,"durable":2,"entity":2,"last_input_tick":731,"position":[6.0,0.00100011611357331,1.38089728355408],"receipt_ms":12668,"sequence":731,"tick":777,"velocity":[0.0,0.0,5.0],"yaw":3.14159250259399},"position":[6.0,0.00100011611357331,1.71423077583313],"time_ms":12683,"wall_ms":1791532989331.0,"yaw":3.14159250259399}
S03R {"event":"prediction","history_size":5,"position":[6.0,0.00100011611357331,1.79756414890289],"predicted_tick":736,"role":"client","tick":736,"time_ms":12685,"wall_ms":1791532989333.0,"yaw":3.14159250259399}
S03R {"event":"prediction","history_size":6,"position":[6.0,0.00100011611357331,1.88089752197266],"predicted_tick":737,"role":"client","tick":737,"time_ms":12699,"wall_ms":1791532989347.0,"yaw":3.14159250259399}
S03R {"event":"prediction","history_size":7,"position":[6.0,0.00100011611357331,1.96423089504242],"predicted_tick":738,"role":"client","tick":738,"time_ms":12713,"wall_ms":1791532989361.0,"yaw":3.14159250259399}
S03R {"authority_install_error_m":0.0,"entity":1,"event":"apply","pose":{"control":1,"durable":2,"entity":1,"last_input_tick":739,"position":[0.0,0.00100011611357331,10.9999923706055],"receipt_ms":12716,"sequence":739,"tick":780,"velocity":[0.0,0.0,0.0],"yaw":0.0},"position":[0.0,0.00100011611357331,10.9999923706055],"time_ms":12733,"wall_ms":1791532989381.0,"yaw":0.0}
S03R {"ack_input_tick":734,"cause":"none","correction_m":0.0,"correction_yaw_deg":0.0,"event":"correction","history_exhausted":false,"replay_frames":4,"replay_usec":79,"role":"client","tick":739,"time_ms":12746,"wall_ms":1791532989395.0}
S03R {"authority_install_error_m":0.0,"entity":2,"event":"apply","pose":{"control":1,"durable":2,"entity":2,"last_input_tick":734,"position":[6.0,0.00100011611357331,1.63089740276337],"receipt_ms":12716,"sequence":734,"tick":780,"velocity":[0.0,0.0,5.0],"yaw":3.14159250259399},"position":[6.0,0.00100011611357331,1.96423089504242],"time_ms":12750,"wall_ms":1791532989398.0,"yaw":3.14159250259399}
S03R {"event":"prediction","history_size":5,"position":[6.0,0.00100011611357331,2.04756426811218],"predicted_tick":739,"role":"client","tick":739,"time_ms":12753,"wall_ms":1791532989401.0,"yaw":3.14159250259399}
S03R {"event":"prediction","history_size":6,"position":[6.0,0.00100011611357331,2.13089752197266],"predicted_tick":740,"role":"client","tick":740,"time_ms":12758,"wall_ms":1791532989406.0,"yaw":3.14159250259399}
S03R {"authority_install_error_m":0.0,"entity":1,"event":"apply","pose":{"control":1,"durable":2,"entity":1,"last_input_tick":742,"position":[0.0,0.00100011611357331,10.9999923706055],"receipt_ms":12765,"sequence":742,"tick":783,"velocity":[0.0,0.0,0.0],"yaw":0.0},"position":[0.0,0.00100011611357331,10.9999923706055],"time_ms":12771,"wall_ms":1791532989419.0,"yaw":0.0}
S03R {"ack_input_tick":737,"cause":"none","correction_m":0.0,"correction_yaw_deg":0.0,"event":"correction","history_exhausted":false,"replay_frames":3,"replay_usec":118,"role":"client","tick":741,"time_ms":12774,"wall_ms":1791532989421.0}
S03R {"authority_install_error_m":0.0,"entity":2,"event":"apply","pose":{"control":1,"durable":2,"entity":2,"last_input_tick":737,"position":[6.0,0.00100011611357331,1.88089752197266],"receipt_ms":12765,"sequence":737,"tick":783,"velocity":[0.0,0.0,5.0],"yaw":3.14159250259399},"position":[6.0,0.00100011611357331,2.13089752197266],"time_ms":12777,"wall_ms":1791532989425.0,"yaw":3.14159250259399}
S03R {"event":"prediction","history_size":4,"position":[6.0,0.00100011611357331,2.21423077583313],"predicted_tick":741,"role":"client","tick":741,"time_ms":12779,"wall_ms":1791532989427.0,"yaw":3.14159250259399}
S03R {"event":"prediction","history_size":5,"position":[6.0,0.00100011611357331,2.2975640296936],"predicted_tick":742,"role":"client","tick":742,"time_ms":12792,"wall_ms":1791532989440.0,"yaw":3.14159250259399}
S03R {"event":"prediction","history_size":6,"position":[6.0,0.00100011611357331,2.38089728355408],"predicted_tick":743,"role":"client","tick":743,"time_ms":12806,"wall_ms":1791532989453.0,"yaw":3.14159250259399}
S03R {"authority_install_error_m":0.0,"entity":1,"event":"apply","pose":{"control":1,"durable":2,"entity":1,"last_input_tick":745,"position":[0.0,0.00100011611357331,10.9999923706055],"receipt_ms":12809,"sequence":745,"tick":786,"velocity":[0.0,0.0,0.0],"yaw":0.0},"position":[0.0,0.00100011611357331,10.9999923706055],"time_ms":12820,"wall_ms":1791532989468.0,"yaw":0.0}
S03R {"ack_input_tick":740,"cause":"none","correction_m":0.0,"correction_yaw_deg":0.0,"event":"correction","history_exhausted":false,"replay_frames":3,"replay_usec":60,"role":"client","tick":744,"time_ms":12822,"wall_ms":1791532989470.0}
S03R {"authority_install_error_m":0.0,"entity":2,"event":"apply","pose":{"control":1,"durable":2,"entity":2,"last_input_tick":740,"position":[6.0,0.00100011611357331,2.13089752197266],"receipt_ms":12809,"sequence":740,"tick":786,"velocity":[0.0,0.0,5.0],"yaw":3.14159250259399},"position":[6.0,0.00100011611357331,2.38089728355408],"time_ms":12825,"wall_ms":1791532989472.0,"yaw":3.14159250259399}
S03R {"event":"prediction","history_size":4,"position":[6.0,0.00100011611357331,2.46423053741455],"predicted_tick":744,"role":"client","tick":744,"time_ms":12827,"wall_ms":1791532989476.0,"yaw":3.14159250259399}
S03R {"event":"prediction","history_size":5,"position":[6.0,0.00100011611357331,2.54756379127502],"predicted_tick":745,"role":"client","tick":745,"time_ms":12840,"wall_ms":1791532989488.0,"yaw":3.14159250259399}
S03R {"event":"prediction","history_size":6,"position":[6.0,0.00100011611357331,2.6308970451355],"predicted_tick":746,"role":"client","tick":746,"time_ms":12854,"wall_ms":1791532989503.0,"yaw":3.14159250259399}
S03R {"authority_install_error_m":0.0,"entity":1,"event":"apply","pose":{"control":1,"durable":2,"entity":1,"last_input_tick":748,"position":[0.0,0.00100011611357331,10.9999923706055],"receipt_ms":12857,"sequence":748,"tick":789,"velocity":[0.0,0.0,0.0],"yaw":0.0},"position":[0.0,0.00100011611357331,10.9999923706055],"time_ms":12875,"wall_ms":1791532989523.0,"yaw":0.0}
S03R {"ack_input_tick":743,"cause":"none","correction_m":0.0,"correction_yaw_deg":0.0,"event":"correction","history_exhausted":false,"replay_frames":3,"replay_usec":63,"role":"client","tick":747,"time_ms":12877,"wall_ms":1791532989525.0}
S03R {"authority_install_error_m":0.0,"entity":2,"event":"apply","pose":{"control":1,"durable":2,"entity":2,"last_input_tick":743,"position":[6.0,0.00100011611357331,2.38089728355408],"receipt_ms":12857,"sequence":743,"tick":789,"velocity":[0.0,0.0,5.0],"yaw":3.14159250259399},"position":[6.0,0.00100011611357331,2.6308970451355],"time_ms":12880,"wall_ms":1791532989528.0,"yaw":3.14159250259399}
S03R {"event":"prediction","history_size":4,"position":[6.0,0.00100011611357331,2.71423029899597],"predicted_tick":747,"role":"client","tick":747,"time_ms":12882,"wall_ms":1791532989530.0,"yaw":3.14159250259399}
S03R {"event":"prediction","history_size":5,"position":[6.0,0.00100011611357331,2.79756355285645],"predicted_tick":748,"role":"client","tick":748,"time_ms":12889,"wall_ms":1791532989537.0,"yaw":3.14159250259399}
S03R {"event":"prediction","history_size":6,"position":[6.0,0.00100011611357331,2.88089680671692],"predicted_tick":749,"role":"client","tick":749,"time_ms":12903,"wall_ms":1791532989551.0,"yaw":3.14159250259399}
S03R {"authority_install_error_m":0.0,"entity":1,"event":"apply","pose":{"control":1,"durable":2,"entity":1,"last_input_tick":751,"position":[0.0,0.00100011611357331,10.9999923706055],"receipt_ms":12906,"sequence":751,"tick":792,"velocity":[0.0,0.0,0.0],"yaw":0.0},"position":[0.0,0.00100011611357331,10.9999923706055],"time_ms":12923,"wall_ms":1791532989572.0,"yaw":0.0}
S03R {"ack_input_tick":746,"cause":"none","correction_m":0.0,"correction_yaw_deg":0.0,"event":"correction","history_exhausted":false,"replay_frames":3,"replay_usec":133,"role":"client","tick":750,"time_ms":12926,"wall_ms":1791532989575.0}
S03R {"authority_install_error_m":0.0,"entity":2,"event":"apply","pose":{"control":1,"durable":2,"entity":2,"last_input_tick":746,"position":[6.0,0.00100011611357331,2.6308970451355],"receipt_ms":12906,"sequence":746,"tick":792,"velocity":[0.0,0.0,5.0],"yaw":3.14159250259399},"position":[6.0,0.00100011611357331,2.88089680671692],"time_ms":12928,"wall_ms":1791532989576.0,"yaw":3.14159250259399}
S03R {"event":"prediction","history_size":4,"position":[6.0,0.00100011611357331,2.96423006057739],"predicted_tick":750,"role":"client","tick":750,"time_ms":12931,"wall_ms":1791532989579.0,"yaw":3.14159250259399}
S03R {"event":"prediction","history_size":5,"position":[6.0,0.00100011611357331,3.04756331443787],"predicted_tick":751,"role":"client","tick":751,"time_ms":12937,"wall_ms":1791532989584.0,"yaw":3.14159250259399}
S03R {"event":"prediction","history_size":6,"position":[6.0,0.00100011611357331,3.13089656829834],"predicted_tick":752,"role":"client","tick":752,"time_ms":12958,"wall_ms":1791532989606.0,"yaw":3.14159250259399}
S03R {"authority_install_error_m":0.0,"entity":1,"event":"apply","pose":{"control":1,"durable":2,"entity":1,"last_input_tick":754,"position":[0.0,0.00100011611357331,10.9999923706055],"receipt_ms":12963,"sequence":754,"tick":795,"velocity":[0.0,0.0,0.0],"yaw":0.0},"position":[0.0,0.00100011611357331,10.9999923706055],"time_ms":12972,"wall_ms":1791532989619.0,"yaw":0.0}
S03R {"ack_input_tick":749,"cause":"none","correction_m":0.0,"correction_yaw_deg":0.0,"event":"correction","history_exhausted":false,"replay_frames":3,"replay_usec":62,"role":"client","tick":753,"time_ms":12974,"wall_ms":1791532989622.0}
S03R {"authority_install_error_m":0.0,"entity":2,"event":"apply","pose":{"control":1,"durable":2,"entity":2,"last_input_tick":749,"position":[6.0,0.00100011611357331,2.88089680671692],"receipt_ms":12963,"sequence":749,"tick":795,"velocity":[0.0,0.0,5.0],"yaw":3.14159250259399},"position":[6.0,0.00100011611357331,3.13089656829834],"time_ms":12977,"wall_ms":1791532989625.0,"yaw":3.14159250259399}
S03R {"event":"prediction","history_size":4,"position":[6.0,0.00100011611357331,3.21422982215881],"predicted_tick":753,"role":"client","tick":753,"time_ms":12979,"wall_ms":1791532989627.0,"yaw":3.14159250259399}
S03R {"event":"prediction","history_size":5,"position":[6.0,0.00100011611357331,3.29756307601929],"predicted_tick":754,"role":"client","tick":754,"time_ms":12985,"wall_ms":1791532989634.0,"yaw":3.14159250259399}
S03R {"authority_install_error_m":0.0,"entity":1,"event":"apply","pose":{"control":1,"durable":2,"entity":1,"last_input_tick":757,"position":[0.0,0.00100011611357331,10.9999923706055],"receipt_ms":12999,"sequence":757,"tick":798,"velocity":[0.0,0.0,0.0],"yaw":0.0},"position":[0.0,0.00100011611357331,10.9999923706055],"time_ms":13006,"wall_ms":1791532989654.0,"yaw":0.0}
S03R {"ack_input_tick":752,"cause":"none","correction_m":0.0,"correction_yaw_deg":0.0,"event":"correction","history_exhausted":false,"replay_frames":2,"replay_usec":61,"role":"client","tick":755,"time_ms":13011,"wall_ms":1791532989658.0}
S03R {"authority_install_error_m":0.0,"entity":2,"event":"apply","pose":{"control":1,"durable":2,"entity":2,"last_input_tick":752,"position":[6.0,0.00100011611357331,3.13089656829834],"receipt_ms":12999,"sequence":752,"tick":798,"velocity":[0.0,0.0,5.0],"yaw":3.14159250259399},"position":[6.0,0.00100011611357331,3.29756307601929],"time_ms":13015,"wall_ms":1791532989662.0,"yaw":3.14159250259399}
S03R {"event":"prediction","history_size":3,"position":[6.0,0.00100011611357331,3.38089632987976],"predicted_tick":755,"role":"client","tick":755,"time_ms":13017,"wall_ms":1791532989665.0,"yaw":3.14159250259399}
S03R {"event":"prediction","history_size":4,"position":[6.0,0.00100011611357331,3.46422958374023],"predicted_tick":756,"role":"client","tick":756,"time_ms":13021,"wall_ms":1791532989669.0,"yaw":3.14159250259399}
S03R {"event":"prediction","history_size":5,"position":[6.0,0.00100011611357331,3.54756283760071],"predicted_tick":757,"role":"client","tick":757,"time_ms":13041,"wall_ms":1791532989690.0,"yaw":3.14159250259399}
S03R {"event":"prediction","history_size":6,"position":[6.0,0.00100011611357331,3.63089609146118],"predicted_tick":758,"role":"client","tick":758,"time_ms":13055,"wall_ms":1791532989704.0,"yaw":3.14159250259399}
S03R {"authority_install_error_m":0.0,"entity":1,"event":"apply","pose":{"control":1,"durable":2,"entity":1,"last_input_tick":760,"position":[0.0,0.00100011611357331,10.9999923706055],"receipt_ms":13060,"sequence":760,"tick":801,"velocity":[0.0,0.0,0.0],"yaw":0.0},"position":[0.0,0.00100011611357331,10.9999923706055],"time_ms":13069,"wall_ms":1791532989717.0,"yaw":0.0}
S03R {"ack_input_tick":755,"cause":"none","correction_m":0.0,"correction_yaw_deg":0.0,"event":"correction","history_exhausted":false,"replay_frames":3,"replay_usec":79,"role":"client","tick":759,"time_ms":13072,"wall_ms":1791532989720.0}
S03R {"authority_install_error_m":0.0,"entity":2,"event":"apply","pose":{"control":1,"durable":2,"entity":2,"last_input_tick":755,"position":[6.0,0.00100011611357331,3.38089632987976],"receipt_ms":13060,"sequence":755,"tick":801,"velocity":[0.0,0.0,5.0],"yaw":3.14159250259399},"position":[6.0,0.00100011611357331,3.63089609146118],"time_ms":13074,"wall_ms":1791532989722.0,"yaw":3.14159250259399}
S03R {"event":"prediction","history_size":4,"position":[6.0,0.00100011611357331,3.71422934532166],"predicted_tick":759,"role":"client","tick":759,"time_ms":13077,"wall_ms":1791532989724.0,"yaw":3.14159250259399}
S03R {"event":"prediction","history_size":5,"position":[6.0,0.00100011611357331,3.79756259918213],"predicted_tick":760,"role":"client","tick":760,"time_ms":13090,"wall_ms":1791532989738.0,"yaw":3.14159250259399}
S03R {"event":"prediction","history_size":6,"position":[6.0,0.00100011611357331,3.8808958530426],"predicted_tick":761,"role":"client","tick":761,"time_ms":13103,"wall_ms":1791532989751.0,"yaw":3.14159250259399}
S03R {"authority_install_error_m":0.0,"entity":1,"event":"apply","pose":{"control":1,"durable":2,"entity":1,"last_input_tick":763,"position":[0.0,0.00100011611357331,10.9999923706055],"receipt_ms":13108,"sequence":763,"tick":804,"velocity":[0.0,0.0,0.0],"yaw":0.0},"position":[0.0,0.00100011611357331,10.9999923706055],"time_ms":13124,"wall_ms":1791532989772.0,"yaw":0.0}
S03R {"ack_input_tick":758,"cause":"none","correction_m":0.0,"correction_yaw_deg":0.0,"event":"correction","history_exhausted":false,"replay_frames":3,"replay_usec":83,"role":"client","tick":762,"time_ms":13132,"wall_ms":1791532989780.0}
S03R {"authority_install_error_m":0.0,"entity":2,"event":"apply","pose":{"control":1,"durable":2,"entity":2,"last_input_tick":758,"position":[6.0,0.00100011611357331,3.63089609146118],"receipt_ms":13108,"sequence":758,"tick":804,"velocity":[0.0,0.0,5.0],"yaw":3.14159250259399},"position":[6.0,0.00100011611357331,3.8808958530426],"time_ms":13137,"wall_ms":1791532989785.0,"yaw":3.14159250259399}
S03R {"event":"prediction","history_size":4,"position":[6.0,0.00100011611357331,3.96422910690308],"predicted_tick":762,"role":"client","tick":762,"time_ms":13141,"wall_ms":1791532989789.0,"yaw":3.14159250259399}
S03R {"event":"prediction","history_size":5,"position":[6.0,0.00100011611357331,4.04756259918213],"predicted_tick":763,"role":"client","tick":763,"time_ms":13146,"wall_ms":1791532989795.0,"yaw":3.14159250259399}
S03R {"event":"prediction","history_size":6,"position":[6.0,0.00100011611357331,4.13089609146118],"predicted_tick":764,"role":"client","tick":764,"time_ms":13153,"wall_ms":1791532989802.0,"yaw":3.14159250259399}
S03R {"authority_install_error_m":0.0,"entity":1,"event":"apply","pose":{"control":1,"durable":2,"entity":1,"last_input_tick":766,"position":[0.0,0.00100011611357331,10.9999923706055],"receipt_ms":13157,"sequence":766,"tick":807,"velocity":[0.0,0.0,0.0],"yaw":0.0},"position":[0.0,0.00100011611357331,10.9999923706055],"time_ms":13167,"wall_ms":1791532989814.0,"yaw":0.0}
S03R {"ack_input_tick":761,"cause":"none","correction_m":0.0,"correction_yaw_deg":0.0,"event":"correction","history_exhausted":false,"replay_frames":3,"replay_usec":70,"role":"client","tick":765,"time_ms":13170,"wall_ms":1791532989818.0}
S03R {"authority_install_error_m":0.0,"entity":2,"event":"apply","pose":{"control":1,"durable":2,"entity":2,"last_input_tick":761,"position":[6.0,0.00100011611357331,3.8808958530426],"receipt_ms":13157,"sequence":761,"tick":807,"velocity":[0.0,0.0,5.0],"yaw":3.14159250259399},"position":[6.0,0.00100011611357331,4.13089609146118],"time_ms":13172,"wall_ms":1791532989821.0,"yaw":3.14159250259399}
S03R {"event":"prediction","history_size":4,"position":[6.0,0.00100011611357331,4.21422958374023],"predicted_tick":765,"role":"client","tick":765,"time_ms":13175,"wall_ms":1791532989822.0,"yaw":3.14159250259399}
S03R {"event":"prediction","history_size":5,"position":[6.0,0.00100011611357331,4.29756307601929],"predicted_tick":766,"role":"client","tick":766,"time_ms":13181,"wall_ms":1791532989829.0,"yaw":3.14159250259399}
S03R {"authority_install_error_m":0.0,"entity":1,"event":"apply","pose":{"control":1,"durable":2,"entity":1,"last_input_tick":769,"position":[0.0,0.00100011611357331,10.9999923706055],"receipt_ms":13185,"sequence":769,"tick":810,"velocity":[0.0,0.0,0.0],"yaw":0.0},"position":[0.0,0.00100011611357331,10.9999923706055],"time_ms":13195,"wall_ms":1791532989842.0,"yaw":0.0}
S03R {"ack_input_tick":764,"cause":"none","correction_m":0.0,"correction_yaw_deg":0.0,"event":"correction","history_exhausted":false,"replay_frames":2,"replay_usec":59,"role":"client","tick":767,"time_ms":13197,"wall_ms":1791532989846.0}
S03R {"authority_install_error_m":0.0,"entity":2,"event":"apply","pose":{"control":1,"durable":2,"entity":2,"last_input_tick":764,"position":[6.0,0.00100011611357331,4.13089609146118],"receipt_ms":13185,"sequence":764,"tick":810,"velocity":[0.0,0.0,5.0],"yaw":3.14159250259399},"position":[6.0,0.00100011611357331,4.29756307601929],"time_ms":13199,"wall_ms":1791532989848.0,"yaw":3.14159250259399}
S03R {"event":"prediction","history_size":3,"position":[6.0,0.00100011611357331,4.38089656829834],"predicted_tick":767,"role":"client","tick":767,"time_ms":13202,"wall_ms":1791532989850.0,"yaw":3.14159250259399}
S03R {"aim_yaw":0.0,"event":"keys","move":[0.0,0.0],"role":"client","tick":768,"time_ms":13215,"wall_ms":1791532989864.0}
S03R {"event":"prediction","history_size":4,"position":[6.0,0.00100011611357331,4.38089656829834],"predicted_tick":768,"role":"client","tick":768,"time_ms":13218,"wall_ms":1791532989866.0,"yaw":0.0}
S03R {"event":"prediction","history_size":5,"position":[6.0,0.00100011611357331,4.38089656829834],"predicted_tick":769,"role":"client","tick":769,"time_ms":13229,"wall_ms":1791532989876.0,"yaw":0.0}
S03R {"authority_install_error_m":0.0,"entity":1,"event":"apply","pose":{"control":1,"durable":2,"entity":1,"last_input_tick":772,"position":[0.0,0.00100011611357331,10.9999923706055],"receipt_ms":13232,"sequence":772,"tick":813,"velocity":[0.0,0.0,0.0],"yaw":0.0},"position":[0.0,0.00100011611357331,10.9999923706055],"time_ms":13250,"wall_ms":1791532989899.0,"yaw":0.0}
S03R {"ack_input_tick":766,"cause":"none","correction_m":0.0,"correction_yaw_deg":0.0,"event":"correction","history_exhausted":false,"replay_frames":3,"replay_usec":110,"role":"client","tick":770,"time_ms":13253,"wall_ms":1791532989902.0}
S03R {"authority_install_error_m":0.0,"entity":2,"event":"apply","pose":{"control":1,"durable":2,"entity":2,"last_input_tick":766,"position":[6.0,0.00100011611357331,4.29756307601929],"receipt_ms":13232,"sequence":766,"tick":813,"velocity":[0.0,0.0,5.0],"yaw":3.14159250259399},"position":[6.0,0.00100011611357331,4.38089656829834],"time_ms":13256,"wall_ms":1791532989904.0,"yaw":0.0}
S03R {"event":"prediction","history_size":4,"position":[6.0,0.00100011611357331,4.38089656829834],"predicted_tick":770,"role":"client","tick":770,"time_ms":13258,"wall_ms":1791532989907.0,"yaw":0.0}
S03R {"event":"prediction","history_size":5,"position":[6.0,0.00100011611357331,4.38089656829834],"predicted_tick":771,"role":"client","tick":771,"time_ms":13264,"wall_ms":1791532989911.0,"yaw":0.0}
S03R {"event":"prediction","history_size":6,"position":[6.0,0.00100011611357331,4.38089656829834],"predicted_tick":772,"role":"client","tick":772,"time_ms":13285,"wall_ms":1791532989933.0,"yaw":0.0}
S03R {"authority_install_error_m":0.0,"entity":1,"event":"apply","pose":{"control":1,"durable":2,"entity":1,"last_input_tick":775,"position":[0.0,0.00100011611357331,10.9999923706055],"receipt_ms":13288,"sequence":775,"tick":816,"velocity":[0.0,0.0,0.0],"yaw":0.0},"position":[0.0,0.00100011611357331,10.9999923706055],"time_ms":13298,"wall_ms":1791532989947.0,"yaw":0.0}
S03R {"ack_input_tick":769,"cause":"none","correction_m":0.0,"correction_yaw_deg":0.0,"event":"correction","history_exhausted":false,"replay_frames":3,"replay_usec":110,"role":"client","tick":773,"time_ms":13301,"wall_ms":1791532989949.0}
S03R {"authority_install_error_m":0.0,"entity":2,"event":"apply","pose":{"control":1,"durable":2,"entity":2,"last_input_tick":769,"position":[6.0,0.00100011611357331,4.38089656829834],"receipt_ms":13288,"sequence":769,"tick":816,"velocity":[0.0,0.0,0.0],"yaw":0.0},"position":[6.0,0.00100011611357331,4.38089656829834],"time_ms":13304,"wall_ms":1791532989952.0,"yaw":0.0}
S03R {"event":"prediction","history_size":4,"position":[6.0,0.00100011611357331,4.38089656829834],"predicted_tick":773,"role":"client","tick":773,"time_ms":13306,"wall_ms":1791532989955.0,"yaw":0.0}
S03R {"event":"prediction","history_size":5,"position":[6.0,0.00100011611357331,4.38089656829834],"predicted_tick":774,"role":"client","tick":774,"time_ms":13319,"wall_ms":1791532989967.0,"yaw":0.0}
S03R {"event":"prediction","history_size":6,"position":[6.0,0.00100011611357331,4.38089656829834],"predicted_tick":775,"role":"client","tick":775,"time_ms":13333,"wall_ms":1791532989980.0,"yaw":0.0}
S03R {"authority_install_error_m":0.0,"entity":1,"event":"apply","pose":{"control":1,"durable":2,"entity":1,"last_input_tick":778,"position":[0.0,0.00100011611357331,10.9999923706055],"receipt_ms":13336,"sequence":778,"tick":819,"velocity":[0.0,0.0,0.0],"yaw":0.0},"position":[0.0,0.00100011611357331,10.9999923706055],"time_ms":13353,"wall_ms":1791532990002.0,"yaw":0.0}
S03R {"ack_input_tick":772,"cause":"none","correction_m":0.0,"correction_yaw_deg":0.0,"event":"correction","history_exhausted":false,"replay_frames":3,"replay_usec":60,"role":"client","tick":776,"time_ms":13356,"wall_ms":1791532990004.0}
S03R {"authority_install_error_m":0.0,"entity":2,"event":"apply","pose":{"control":1,"durable":2,"entity":2,"last_input_tick":772,"position":[6.0,0.00100011611357331,4.38089656829834],"receipt_ms":13336,"sequence":772,"tick":819,"velocity":[0.0,0.0,0.0],"yaw":0.0},"position":[6.0,0.00100011611357331,4.38089656829834],"time_ms":13358,"wall_ms":1791532990006.0,"yaw":0.0}
S03R {"event":"prediction","history_size":4,"position":[6.0,0.00100011611357331,4.38089656829834],"predicted_tick":776,"role":"client","tick":776,"time_ms":13361,"wall_ms":1791532990009.0,"yaw":0.0}
S03R {"event":"prediction","history_size":5,"position":[6.0,0.00100011611357331,4.38089656829834],"predicted_tick":777,"role":"client","tick":777,"time_ms":13367,"wall_ms":1791532990015.0,"yaw":0.0}
S03R {"event":"prediction","history_size":6,"position":[6.0,0.00100011611357331,4.38089656829834],"predicted_tick":778,"role":"client","tick":778,"time_ms":13388,"wall_ms":1791532990037.0,"yaw":0.0}
S03R {"authority_install_error_m":0.0,"entity":1,"event":"apply","pose":{"control":1,"durable":2,"entity":1,"last_input_tick":781,"position":[0.0,0.00100011611357331,10.9999923706055],"receipt_ms":13391,"sequence":781,"tick":822,"velocity":[0.0,0.0,0.0],"yaw":0.0},"position":[0.0,0.00100011611357331,10.9999923706055],"time_ms":13402,"wall_ms":1791532990050.0,"yaw":0.0}
S03R {"ack_input_tick":775,"cause":"none","correction_m":0.0,"correction_yaw_deg":0.0,"event":"correction","history_exhausted":false,"replay_frames":3,"replay_usec":81,"role":"client","tick":779,"time_ms":13404,"wall_ms":1791532990052.0}
S03R {"authority_install_error_m":0.0,"entity":2,"event":"apply","pose":{"control":1,"durable":2,"entity":2,"last_input_tick":775,"position":[6.0,0.00100011611357331,4.38089656829834],"receipt_ms":13391,"sequence":775,"tick":822,"velocity":[0.0,0.0,0.0],"yaw":0.0},"position":[6.0,0.00100011611357331,4.38089656829834],"time_ms":13407,"wall_ms":1791532990055.0,"yaw":0.0}
S03R {"event":"prediction","history_size":4,"position":[6.0,0.00100011611357331,4.38089656829834],"predicted_tick":779,"role":"client","tick":779,"time_ms":13409,"wall_ms":1791532990058.0,"yaw":0.0}
S03R {"event":"prediction","history_size":5,"position":[6.0,0.00100011611357331,4.38089656829834],"predicted_tick":780,"role":"client","tick":780,"time_ms":13422,"wall_ms":1791532990070.0,"yaw":0.0}
S03R {"event":"prediction","history_size":6,"position":[6.0,0.00100011611357331,4.38089656829834],"predicted_tick":781,"role":"client","tick":781,"time_ms":13436,"wall_ms":1791532990083.0,"yaw":0.0}
S03R {"authority_install_error_m":0.0,"entity":1,"event":"apply","pose":{"control":1,"durable":2,"entity":1,"last_input_tick":784,"position":[0.0,0.00100011611357331,10.9999923706055],"receipt_ms":13443,"sequence":784,"tick":825,"velocity":[0.0,0.0,0.0],"yaw":0.0},"position":[0.0,0.00100011611357331,10.9999923706055],"time_ms":13457,"wall_ms":1791532990105.0,"yaw":0.0}
S03R {"ack_input_tick":778,"cause":"none","correction_m":0.0,"correction_yaw_deg":0.0,"event":"correction","history_exhausted":false,"replay_frames":3,"replay_usec":63,"role":"client","tick":782,"time_ms":13459,"wall_ms":1791532990108.0}
S03R {"authority_install_error_m":0.0,"entity":2,"event":"apply","pose":{"control":1,"durable":2,"entity":2,"last_input_tick":778,"position":[6.0,0.00100011611357331,4.38089656829834],"receipt_ms":13443,"sequence":778,"tick":825,"velocity":[0.0,0.0,0.0],"yaw":0.0},"position":[6.0,0.00100011611357331,4.38089656829834],"time_ms":13462,"wall_ms":1791532990110.0,"yaw":0.0}
S03R {"event":"prediction","history_size":4,"position":[6.0,0.00100011611357331,4.38089656829834],"predicted_tick":782,"role":"client","tick":782,"time_ms":13464,"wall_ms":1791532990112.0,"yaw":0.0}
S03R {"event":"prediction","history_size":5,"position":[6.0,0.00100011611357331,4.38089656829834],"predicted_tick":783,"role":"client","tick":783,"time_ms":13471,"wall_ms":1791532990119.0,"yaw":0.0}
S03R {"event":"prediction","history_size":6,"position":[6.0,0.00100011611357331,4.38089656829834],"predicted_tick":784,"role":"client","tick":784,"time_ms":13491,"wall_ms":1791532990140.0,"yaw":0.0}
S03R {"authority_install_error_m":0.0,"entity":1,"event":"apply","pose":{"control":1,"durable":2,"entity":1,"last_input_tick":787,"position":[0.0,0.00100011611357331,10.9999923706055],"receipt_ms":13494,"sequence":787,"tick":828,"velocity":[0.0,0.0,0.0],"yaw":0.0},"position":[0.0,0.00100011611357331,10.9999923706055],"time_ms":13505,"wall_ms":1791532990154.0,"yaw":0.0}
S03R {"ack_input_tick":781,"cause":"none","correction_m":0.0,"correction_yaw_deg":0.0,"event":"correction","history_exhausted":false,"replay_frames":3,"replay_usec":94,"role":"client","tick":785,"time_ms":13510,"wall_ms":1791532990158.0}
S03R {"authority_install_error_m":0.0,"entity":2,"event":"apply","pose":{"control":1,"durable":2,"entity":2,"last_input_tick":781,"position":[6.0,0.00100011611357331,4.38089656829834],"receipt_ms":13494,"sequence":781,"tick":828,"velocity":[0.0,0.0,0.0],"yaw":0.0},"position":[6.0,0.00100011611357331,4.38089656829834],"time_ms":13512,"wall_ms":1791532990160.0,"yaw":0.0}
S03R {"event":"prediction","history_size":4,"position":[6.0,0.00100011611357331,4.38089656829834],"predicted_tick":785,"role":"client","tick":785,"time_ms":13515,"wall_ms":1791532990163.0,"yaw":0.0}
S03R {"event":"prediction","history_size":5,"position":[6.0,0.00100011611357331,4.38089656829834],"predicted_tick":786,"role":"client","tick":786,"time_ms":13521,"wall_ms":1791532990168.0,"yaw":0.0}
S03R {"event":"prediction","history_size":6,"position":[6.0,0.00100011611357331,4.38089656829834],"predicted_tick":787,"role":"client","tick":787,"time_ms":13541,"wall_ms":1791532990189.0,"yaw":0.0}
S03R {"authority_install_error_m":0.0,"entity":1,"event":"apply","pose":{"control":1,"durable":2,"entity":1,"last_input_tick":790,"position":[0.0,0.00100011611357331,10.9999923706055],"receipt_ms":13544,"sequence":790,"tick":831,"velocity":[0.0,0.0,0.0],"yaw":0.0},"position":[0.0,0.00100011611357331,10.9999923706055],"time_ms":13555,"wall_ms":1791532990203.0,"yaw":0.0}
S03R {"ack_input_tick":784,"cause":"none","correction_m":0.0,"correction_yaw_deg":0.0,"event":"correction","history_exhausted":false,"replay_frames":3,"replay_usec":71,"role":"client","tick":788,"time_ms":13558,"wall_ms":1791532990206.0}
S03R {"authority_install_error_m":0.0,"entity":2,"event":"apply","pose":{"control":1,"durable":2,"entity":2,"last_input_tick":784,"position":[6.0,0.00100011611357331,4.38089656829834],"receipt_ms":13544,"sequence":784,"tick":831,"velocity":[0.0,0.0,0.0],"yaw":0.0},"position":[6.0,0.00100011611357331,4.38089656829834],"time_ms":13560,"wall_ms":1791532990208.0,"yaw":0.0}
S03R {"event":"prediction","history_size":4,"position":[6.0,0.00100011611357331,4.38089656829834],"predicted_tick":788,"role":"client","tick":788,"time_ms":13563,"wall_ms":1791532990210.0,"yaw":0.0}
S03R {"event":"prediction","history_size":5,"position":[6.0,0.00100011611357331,4.38089656829834],"predicted_tick":789,"role":"client","tick":789,"time_ms":13576,"wall_ms":1791532990224.0,"yaw":0.0}
S03R {"event":"prediction","history_size":6,"position":[6.0,0.00100011611357331,4.38089656829834],"predicted_tick":790,"role":"client","tick":790,"time_ms":13590,"wall_ms":1791532990238.0,"yaw":0.0}
S03R {"authority_install_error_m":0.0,"entity":1,"event":"apply","pose":{"control":1,"durable":2,"entity":1,"last_input_tick":793,"position":[0.0,0.00100011611357331,10.9999923706055],"receipt_ms":13593,"sequence":793,"tick":834,"velocity":[0.0,0.0,0.0],"yaw":0.0},"position":[0.0,0.00100011611357331,10.9999923706055],"time_ms":13603,"wall_ms":1791532990251.0,"yaw":0.0}
S03R {"ack_input_tick":787,"cause":"none","correction_m":0.0,"correction_yaw_deg":0.0,"event":"correction","history_exhausted":false,"replay_frames":3,"replay_usec":55,"role":"client","tick":791,"time_ms":13606,"wall_ms":1791532990254.0}
S03R {"authority_install_error_m":0.0,"entity":2,"event":"apply","pose":{"control":1,"durable":2,"entity":2,"last_input_tick":787,"position":[6.0,0.00100011611357331,4.38089656829834],"receipt_ms":13593,"sequence":787,"tick":834,"velocity":[0.0,0.0,0.0],"yaw":0.0},"position":[6.0,0.00100011611357331,4.38089656829834],"time_ms":13608,"wall_ms":1791532990255.0,"yaw":0.0}
S03R {"event":"prediction","history_size":4,"position":[6.0,0.00100011611357331,4.38089656829834],"predicted_tick":791,"role":"client","tick":791,"time_ms":13610,"wall_ms":1791532990259.0,"yaw":0.0}
S03R {"event":"prediction","history_size":5,"position":[6.0,0.00100011611357331,4.38089656829834],"predicted_tick":792,"role":"client","tick":792,"time_ms":13624,"wall_ms":1791532990272.0,"yaw":0.0}
S03R {"event":"prediction","history_size":6,"position":[6.0,0.00100011611357331,4.38089656829834],"predicted_tick":793,"role":"client","tick":793,"time_ms":13638,"wall_ms":1791532990286.0,"yaw":0.0}
S03R {"authority_install_error_m":0.0,"entity":1,"event":"apply","pose":{"control":1,"durable":2,"entity":1,"last_input_tick":796,"position":[0.0,0.00100011611357331,10.9999923706055],"receipt_ms":13640,"sequence":796,"tick":837,"velocity":[0.0,0.0,0.0],"yaw":0.0},"position":[0.0,0.00100011611357331,10.9999923706055],"time_ms":13659,"wall_ms":1791532990306.0,"yaw":0.0}
S03R {"ack_input_tick":790,"cause":"none","correction_m":0.0,"correction_yaw_deg":0.0,"event":"correction","history_exhausted":false,"replay_frames":3,"replay_usec":64,"role":"client","tick":794,"time_ms":13661,"wall_ms":1791532990310.0}
S03R {"authority_install_error_m":0.0,"entity":2,"event":"apply","pose":{"control":1,"durable":2,"entity":2,"last_input_tick":790,"position":[6.0,0.00100011611357331,4.38089656829834],"receipt_ms":13640,"sequence":790,"tick":837,"velocity":[0.0,0.0,0.0],"yaw":0.0},"position":[6.0,0.00100011611357331,4.38089656829834],"time_ms":13663,"wall_ms":1791532990312.0,"yaw":0.0}
S03R {"event":"prediction","history_size":4,"position":[6.0,0.00100011611357331,4.38089656829834],"predicted_tick":794,"role":"client","tick":794,"time_ms":13666,"wall_ms":1791532990313.0,"yaw":0.0}
S03R {"event":"prediction","history_size":5,"position":[6.0,0.00100011611357331,4.38089656829834],"predicted_tick":795,"role":"client","tick":795,"time_ms":13672,"wall_ms":1791532990321.0,"yaw":0.0}
S03R {"event":"prediction","history_size":6,"position":[6.0,0.00100011611357331,4.38089656829834],"predicted_tick":796,"role":"client","tick":796,"time_ms":13686,"wall_ms":1791532990335.0,"yaw":0.0}
S03R {"authority_install_error_m":0.0,"entity":1,"event":"apply","pose":{"control":1,"durable":2,"entity":1,"last_input_tick":799,"position":[0.0,0.00100011611357331,10.9999923706055],"receipt_ms":13689,"sequence":799,"tick":840,"velocity":[0.0,0.0,0.0],"yaw":0.0},"position":[0.0,0.00100011611357331,10.9999923706055],"time_ms":13707,"wall_ms":1791532990355.0,"yaw":0.0}
S03R {"ack_input_tick":793,"cause":"none","correction_m":0.0,"correction_yaw_deg":0.0,"event":"correction","history_exhausted":false,"replay_frames":3,"replay_usec":64,"role":"client","tick":797,"time_ms":13712,"wall_ms":1791532990360.0}
S03R {"authority_install_error_m":0.0,"entity":2,"event":"apply","pose":{"control":1,"durable":2,"entity":2,"last_input_tick":793,"position":[6.0,0.00100011611357331,4.38089656829834],"receipt_ms":13689,"sequence":793,"tick":840,"velocity":[0.0,0.0,0.0],"yaw":0.0},"position":[6.0,0.00100011611357331,4.38089656829834],"time_ms":13716,"wall_ms":1791532990364.0,"yaw":0.0}
S03R {"event":"prediction","history_size":4,"position":[6.0,0.00100011611357331,4.38089656829834],"predicted_tick":797,"role":"client","tick":797,"time_ms":13720,"wall_ms":1791532990368.0,"yaw":0.0}
S03R {"event":"prediction","history_size":5,"position":[6.0,0.00100011611357331,4.38089656829834],"predicted_tick":798,"role":"client","tick":798,"time_ms":13723,"wall_ms":1791532990371.0,"yaw":0.0}
S03R {"event":"prediction","history_size":6,"position":[6.0,0.00100011611357331,4.38089656829834],"predicted_tick":799,"role":"client","tick":799,"time_ms":13744,"wall_ms":1791532990392.0,"yaw":0.0}
S03R {"authority_install_error_m":0.0,"entity":1,"event":"apply","pose":{"control":1,"durable":2,"entity":1,"last_input_tick":802,"position":[0.0,0.00100011611357331,10.9999923706055],"receipt_ms":13747,"sequence":802,"tick":843,"velocity":[0.0,0.0,0.0],"yaw":0.0},"position":[0.0,0.00100011611357331,10.9999923706055],"time_ms":13758,"wall_ms":1791532990405.0,"yaw":0.0}
S03R {"ack_input_tick":796,"cause":"none","correction_m":0.0,"correction_yaw_deg":0.0,"event":"correction","history_exhausted":false,"replay_frames":3,"replay_usec":83,"role":"client","tick":800,"time_ms":13762,"wall_ms":1791532990410.0}
S03R {"authority_install_error_m":0.0,"entity":2,"event":"apply","pose":{"control":1,"durable":2,"entity":2,"last_input_tick":796,"position":[6.0,0.00100011611357331,4.38089656829834],"receipt_ms":13747,"sequence":796,"tick":843,"velocity":[0.0,0.0,0.0],"yaw":0.0},"position":[6.0,0.00100011611357331,4.38089656829834],"time_ms":13764,"wall_ms":1791532990412.0,"yaw":0.0}
S03R {"event":"prediction","history_size":4,"position":[6.0,0.00100011611357331,4.38089656829834],"predicted_tick":800,"role":"client","tick":800,"time_ms":13767,"wall_ms":1791532990415.0,"yaw":0.0}
S03R {"event":"prediction","history_size":5,"position":[6.0,0.00100011611357331,4.38089656829834],"predicted_tick":801,"role":"client","tick":801,"time_ms":13771,"wall_ms":1791532990420.0,"yaw":0.0}
S03R {"event":"prediction","history_size":6,"position":[6.0,0.00100011611357331,4.38089656829834],"predicted_tick":802,"role":"client","tick":802,"time_ms":13792,"wall_ms":1791532990441.0,"yaw":0.0}
S03R {"authority_install_error_m":0.0,"entity":1,"event":"apply","pose":{"control":1,"durable":2,"entity":1,"last_input_tick":805,"position":[0.0,0.00100011611357331,10.9999923706055],"receipt_ms":13797,"sequence":805,"tick":846,"velocity":[0.0,0.0,0.0],"yaw":0.0},"position":[0.0,0.00100011611357331,10.9999923706055],"time_ms":13806,"wall_ms":1791532990454.0,"yaw":0.0}
S03R {"ack_input_tick":799,"cause":"none","correction_m":0.0,"correction_yaw_deg":0.0,"event":"correction","history_exhausted":false,"replay_frames":3,"replay_usec":81,"role":"client","tick":803,"time_ms":13810,"wall_ms":1791532990457.0}
S03R {"authority_install_error_m":0.0,"entity":2,"event":"apply","pose":{"control":1,"durable":2,"entity":2,"last_input_tick":799,"position":[6.0,0.00100011611357331,4.38089656829834],"receipt_ms":13797,"sequence":799,"tick":846,"velocity":[0.0,0.0,0.0],"yaw":0.0},"position":[6.0,0.00100011611357331,4.38089656829834],"time_ms":13812,"wall_ms":1791532990460.0,"yaw":0.0}
S03R {"event":"prediction","history_size":4,"position":[6.0,0.00100011611357331,4.38089656829834],"predicted_tick":803,"role":"client","tick":803,"time_ms":13815,"wall_ms":1791532990463.0,"yaw":0.0}
S03R {"event":"prediction","history_size":5,"position":[6.0,0.00100011611357331,4.38089656829834],"predicted_tick":804,"role":"client","tick":804,"time_ms":13827,"wall_ms":1791532990475.0,"yaw":0.0}
S03R {"event":"prediction","history_size":6,"position":[6.0,0.00100011611357331,4.38089656829834],"predicted_tick":805,"role":"client","tick":805,"time_ms":13841,"wall_ms":1791532990489.0,"yaw":0.0}
S03R {"authority_install_error_m":0.0,"entity":1,"event":"apply","pose":{"control":1,"durable":2,"entity":1,"last_input_tick":808,"position":[0.0,0.00100011611357331,10.9999923706055],"receipt_ms":13848,"sequence":808,"tick":849,"velocity":[0.0,0.0,0.0],"yaw":0.0},"position":[0.0,0.00100011611357331,10.9999923706055],"time_ms":13854,"wall_ms":1791532990503.0,"yaw":0.0}
S03R {"ack_input_tick":802,"cause":"none","correction_m":0.0,"correction_yaw_deg":0.0,"event":"correction","history_exhausted":false,"replay_frames":3,"replay_usec":89,"role":"client","tick":806,"time_ms":13858,"wall_ms":1791532990506.0}
S03R {"authority_install_error_m":0.0,"entity":2,"event":"apply","pose":{"control":1,"durable":2,"entity":2,"last_input_tick":802,"position":[6.0,0.00100011611357331,4.38089656829834],"receipt_ms":13848,"sequence":802,"tick":849,"velocity":[0.0,0.0,0.0],"yaw":0.0},"position":[6.0,0.00100011611357331,4.38089656829834],"time_ms":13861,"wall_ms":1791532990509.0,"yaw":0.0}
S03R {"event":"prediction","history_size":4,"position":[6.0,0.00100011611357331,4.38089656829834],"predicted_tick":806,"role":"client","tick":806,"time_ms":13863,"wall_ms":1791532990511.0,"yaw":0.0}
S03R {"event":"prediction","history_size":5,"position":[6.0,0.00100011611357331,4.38089656829834],"predicted_tick":807,"role":"client","tick":807,"time_ms":13875,"wall_ms":1791532990523.0,"yaw":0.0}
S03R {"event":"prediction","history_size":6,"position":[6.0,0.00100011611357331,4.38089656829834],"predicted_tick":808,"role":"client","tick":808,"time_ms":13889,"wall_ms":1791532990537.0,"yaw":0.0}
S03R {"authority_install_error_m":0.0,"entity":1,"event":"apply","pose":{"control":1,"durable":2,"entity":1,"last_input_tick":811,"position":[0.0,0.00100011611357331,10.9999923706055],"receipt_ms":13902,"sequence":811,"tick":852,"velocity":[0.0,0.0,0.0],"yaw":0.0},"position":[0.0,0.00100011611357331,10.9999923706055],"time_ms":13909,"wall_ms":1791532990558.0,"yaw":0.0}
S03R {"ack_input_tick":805,"cause":"none","correction_m":0.0,"correction_yaw_deg":0.0,"event":"correction","history_exhausted":false,"replay_frames":3,"replay_usec":333,"role":"client","tick":809,"time_ms":13912,"wall_ms":1791532990561.0}
S03R {"authority_install_error_m":0.0,"entity":2,"event":"apply","pose":{"control":1,"durable":2,"entity":2,"last_input_tick":805,"position":[6.0,0.00100011611357331,4.38089656829834],"receipt_ms":13903,"sequence":805,"tick":852,"velocity":[0.0,0.0,0.0],"yaw":0.0},"position":[6.0,0.00100011611357331,4.38089656829834],"time_ms":13915,"wall_ms":1791532990563.0,"yaw":0.0}
S03R {"event":"prediction","history_size":4,"position":[6.0,0.00100011611357331,4.38089656829834],"predicted_tick":809,"role":"client","tick":809,"time_ms":13917,"wall_ms":1791532990566.0,"yaw":0.0}
S03R {"event":"prediction","history_size":5,"position":[6.0,0.00100011611357331,4.38089656829834],"predicted_tick":810,"role":"client","tick":810,"time_ms":13923,"wall_ms":1791532990571.0,"yaw":0.0}
S03R {"event":"prediction","history_size":6,"position":[6.0,0.00100011611357331,4.38089656829834],"predicted_tick":811,"role":"client","tick":811,"time_ms":13937,"wall_ms":1791532990585.0,"yaw":0.0}
S03R {"authority_install_error_m":0.0,"entity":1,"event":"apply","pose":{"control":1,"durable":2,"entity":1,"last_input_tick":814,"position":[0.0,0.00100011611357331,10.9999923706055],"receipt_ms":13942,"sequence":814,"tick":855,"velocity":[0.0,0.0,0.0],"yaw":0.0},"position":[0.0,0.00100011611357331,10.9999923706055],"time_ms":13958,"wall_ms":1791532990606.0,"yaw":0.0}
S03R {"ack_input_tick":808,"cause":"none","correction_m":0.0,"correction_yaw_deg":0.0,"event":"correction","history_exhausted":false,"replay_frames":3,"replay_usec":85,"role":"client","tick":812,"time_ms":13962,"wall_ms":1791532990611.0}
S03R {"authority_install_error_m":0.0,"entity":2,"event":"apply","pose":{"control":1,"durable":2,"entity":2,"last_input_tick":808,"position":[6.0,0.00100011611357331,4.38089656829834],"receipt_ms":13942,"sequence":808,"tick":855,"velocity":[0.0,0.0,0.0],"yaw":0.0},"position":[6.0,0.00100011611357331,4.38089656829834],"time_ms":13965,"wall_ms":1791532990613.0,"yaw":0.0}
S03R {"event":"prediction","history_size":4,"position":[6.0,0.00100011611357331,4.38089656829834],"predicted_tick":812,"role":"client","tick":812,"time_ms":13967,"wall_ms":1791532990615.0,"yaw":0.0}
S03R {"event":"prediction","history_size":5,"position":[6.0,0.00100011611357331,4.38089656829834],"predicted_tick":813,"role":"client","tick":813,"time_ms":13971,"wall_ms":1791532990619.0,"yaw":0.0}
S03R {"event":"prediction","history_size":6,"position":[6.0,0.00100011611357331,4.38089656829834],"predicted_tick":814,"role":"client","tick":814,"time_ms":13992,"wall_ms":1791532990640.0,"yaw":0.0}
S03R {"authority_install_error_m":0.0,"entity":1,"event":"apply","pose":{"control":1,"durable":2,"entity":1,"last_input_tick":817,"position":[0.0,0.00100011611357331,10.9999923706055],"receipt_ms":13996,"sequence":817,"tick":858,"velocity":[0.0,0.0,0.0],"yaw":0.0},"position":[0.0,0.00100011611357331,10.9999923706055],"time_ms":14006,"wall_ms":1791532990654.0,"yaw":0.0}
S03R {"ack_input_tick":811,"cause":"none","correction_m":0.0,"correction_yaw_deg":0.0,"event":"correction","history_exhausted":false,"replay_frames":3,"replay_usec":62,"role":"client","tick":815,"time_ms":14010,"wall_ms":1791532990658.0}
S03R {"authority_install_error_m":0.0,"entity":2,"event":"apply","pose":{"control":1,"durable":2,"entity":2,"last_input_tick":811,"position":[6.0,0.00100011611357331,4.38089656829834],"receipt_ms":13996,"sequence":811,"tick":858,"velocity":[0.0,0.0,0.0],"yaw":0.0},"position":[6.0,0.00100011611357331,4.38089656829834],"time_ms":14012,"wall_ms":1791532990660.0,"yaw":0.0}
S03R {"event":"prediction","history_size":4,"position":[6.0,0.00100011611357331,4.38089656829834],"predicted_tick":815,"role":"client","tick":815,"time_ms":14015,"wall_ms":1791532990663.0,"yaw":0.0}
S03R {"event":"prediction","history_size":5,"position":[6.0,0.00100011611357331,4.38089656829834],"predicted_tick":816,"role":"client","tick":816,"time_ms":14020,"wall_ms":1791532990667.0,"yaw":0.0}
S03R {"event":"prediction","history_size":6,"position":[6.0,0.00100011611357331,4.38089656829834],"predicted_tick":817,"role":"client","tick":817,"time_ms":14041,"wall_ms":1791532990689.0,"yaw":0.0}
S03R {"authority_install_error_m":0.0,"entity":1,"event":"apply","pose":{"control":1,"durable":2,"entity":1,"last_input_tick":820,"position":[0.0,0.00100011611357331,10.9999923706055],"receipt_ms":14047,"sequence":820,"tick":861,"velocity":[0.0,0.0,0.0],"yaw":0.0},"position":[0.0,0.00100011611357331,10.9999923706055],"time_ms":14054,"wall_ms":1791532990702.0,"yaw":0.0}
S03R {"ack_input_tick":814,"cause":"none","correction_m":0.0,"correction_yaw_deg":0.0,"event":"correction","history_exhausted":false,"replay_frames":3,"replay_usec":83,"role":"client","tick":818,"time_ms":14058,"wall_ms":1791532990707.0}
S03R {"authority_install_error_m":0.0,"entity":2,"event":"apply","pose":{"control":1,"durable":2,"entity":2,"last_input_tick":814,"position":[6.0,0.00100011611357331,4.38089656829834],"receipt_ms":14047,"sequence":814,"tick":861,"velocity":[0.0,0.0,0.0],"yaw":0.0},"position":[6.0,0.00100011611357331,4.38089656829834],"time_ms":14061,"wall_ms":1791532990708.0,"yaw":0.0}
S03R {"event":"prediction","history_size":4,"position":[6.0,0.00100011611357331,4.38089656829834],"predicted_tick":818,"role":"client","tick":818,"time_ms":14063,"wall_ms":1791532990712.0,"yaw":0.0}
S03R {"event":"prediction","history_size":5,"position":[6.0,0.00100011611357331,4.38089656829834],"predicted_tick":819,"role":"client","tick":819,"time_ms":14075,"wall_ms":1791532990723.0,"yaw":0.0}
S03R {"event":"prediction","history_size":6,"position":[6.0,0.00100011611357331,4.38089656829834],"predicted_tick":820,"role":"client","tick":820,"time_ms":14089,"wall_ms":1791532990736.0,"yaw":0.0}
S03R {"authority_install_error_m":0.0,"entity":1,"event":"apply","pose":{"control":1,"durable":2,"entity":1,"last_input_tick":823,"position":[0.0,0.00100011611357331,10.9999923706055],"receipt_ms":14093,"sequence":823,"tick":864,"velocity":[0.0,0.0,0.0],"yaw":0.0},"position":[0.0,0.00100011611357331,10.9999923706055],"time_ms":14109,"wall_ms":1791532990757.0,"yaw":0.0}
S03R {"ack_input_tick":817,"cause":"none","correction_m":0.0,"correction_yaw_deg":0.0,"event":"correction","history_exhausted":false,"replay_frames":3,"replay_usec":102,"role":"client","tick":821,"time_ms":14112,"wall_ms":1791532990760.0}
S03R {"authority_install_error_m":0.0,"entity":2,"event":"apply","pose":{"control":1,"durable":2,"entity":2,"last_input_tick":817,"position":[6.0,0.00100011611357331,4.38089656829834],"receipt_ms":14093,"sequence":817,"tick":864,"velocity":[0.0,0.0,0.0],"yaw":0.0},"position":[6.0,0.00100011611357331,4.38089656829834],"time_ms":14114,"wall_ms":1791532990762.0,"yaw":0.0}
S03R {"event":"prediction","history_size":4,"position":[6.0,0.00100011611357331,4.38089656829834],"predicted_tick":821,"role":"client","tick":821,"time_ms":14117,"wall_ms":1791532990765.0,"yaw":0.0}
S03R {"event":"prediction","history_size":5,"position":[6.0,0.00100011611357331,4.38089656829834],"predicted_tick":822,"role":"client","tick":822,"time_ms":14123,"wall_ms":1791532990772.0,"yaw":0.0}
S03R {"event":"prediction","history_size":6,"position":[6.0,0.00100011611357331,4.38089656829834],"predicted_tick":823,"role":"client","tick":823,"time_ms":14137,"wall_ms":1791532990785.0,"yaw":0.0}
S03R {"authority_install_error_m":0.0,"entity":1,"event":"apply","pose":{"control":1,"durable":2,"entity":1,"last_input_tick":826,"position":[0.0,0.00100011611357331,10.9999923706055],"receipt_ms":14144,"sequence":826,"tick":867,"velocity":[0.0,0.0,0.0],"yaw":0.0},"position":[0.0,0.00100011611357331,10.9999923706055],"time_ms":14158,"wall_ms":1791532990806.0,"yaw":0.0}
S03R {"ack_input_tick":820,"cause":"none","correction_m":0.0,"correction_yaw_deg":0.0,"event":"correction","history_exhausted":false,"replay_frames":3,"replay_usec":100,"role":"client","tick":824,"time_ms":14161,"wall_ms":1791532990808.0}
S03R {"authority_install_error_m":0.0,"entity":2,"event":"apply","pose":{"control":1,"durable":2,"entity":2,"last_input_tick":820,"position":[6.0,0.00100011611357331,4.38089656829834],"receipt_ms":14144,"sequence":820,"tick":867,"velocity":[0.0,0.0,0.0],"yaw":0.0},"position":[6.0,0.00100011611357331,4.38089656829834],"time_ms":14163,"wall_ms":1791532990811.0,"yaw":0.0}
S03R {"event":"prediction","history_size":4,"position":[6.0,0.00100011611357331,4.38089656829834],"predicted_tick":824,"role":"client","tick":824,"time_ms":14166,"wall_ms":1791532990814.0,"yaw":0.0}
S03R {"event":"prediction","history_size":5,"position":[6.0,0.00100011611357331,4.38089656829834],"predicted_tick":825,"role":"client","tick":825,"time_ms":14171,"wall_ms":1791532990820.0,"yaw":0.0}
S03R {"event":"prediction","history_size":6,"position":[6.0,0.00100011611357331,4.38089656829834],"predicted_tick":826,"role":"client","tick":826,"time_ms":14192,"wall_ms":1791532990841.0,"yaw":0.0}
S03R {"authority_install_error_m":0.0,"entity":1,"event":"apply","pose":{"control":1,"durable":2,"entity":1,"last_input_tick":829,"position":[0.0,0.00100011611357331,10.9999923706055],"receipt_ms":14195,"sequence":829,"tick":870,"velocity":[0.0,0.0,0.0],"yaw":0.0},"position":[0.0,0.00100011611357331,10.9999923706055],"time_ms":14206,"wall_ms":1791532990855.0,"yaw":0.0}
S03R {"ack_input_tick":823,"cause":"none","correction_m":0.0,"correction_yaw_deg":0.0,"event":"correction","history_exhausted":false,"replay_frames":3,"replay_usec":56,"role":"client","tick":827,"time_ms":14210,"wall_ms":1791532990858.0}
S03R {"authority_install_error_m":0.0,"entity":2,"event":"apply","pose":{"control":1,"durable":2,"entity":2,"last_input_tick":823,"position":[6.0,0.00100011611357331,4.38089656829834],"receipt_ms":14195,"sequence":823,"tick":870,"velocity":[0.0,0.0,0.0],"yaw":0.0},"position":[6.0,0.00100011611357331,4.38089656829834],"time_ms":14212,"wall_ms":1791532990860.0,"yaw":0.0}
S03R {"event":"prediction","history_size":4,"position":[6.0,0.00100011611357331,4.38089656829834],"predicted_tick":827,"role":"client","tick":827,"time_ms":14215,"wall_ms":1791532990863.0,"yaw":0.0}
S03R {"event":"prediction","history_size":5,"position":[6.0,0.00100011611357331,4.38089656829834],"predicted_tick":828,"role":"client","tick":828,"time_ms":14220,"wall_ms":1791532990868.0,"yaw":0.0}
S03R {"event":"prediction","history_size":6,"position":[6.0,0.00100011611357331,4.38089656829834],"predicted_tick":829,"role":"client","tick":829,"time_ms":14241,"wall_ms":1791532990889.0,"yaw":0.0}
S03R {"authority_install_error_m":0.0,"entity":1,"event":"apply","pose":{"control":1,"durable":2,"entity":1,"last_input_tick":832,"position":[0.0,0.00100011611357331,10.9999923706055],"receipt_ms":14243,"sequence":832,"tick":873,"velocity":[0.0,0.0,0.0],"yaw":0.0},"position":[0.0,0.00100011611357331,10.9999923706055],"time_ms":14254,"wall_ms":1791532990902.0,"yaw":0.0}
S03R {"ack_input_tick":826,"cause":"none","correction_m":0.0,"correction_yaw_deg":0.0,"event":"correction","history_exhausted":false,"replay_frames":3,"replay_usec":53,"role":"client","tick":830,"time_ms":14258,"wall_ms":1791532990906.0}
S03R {"authority_install_error_m":0.0,"entity":2,"event":"apply","pose":{"control":1,"durable":2,"entity":2,"last_input_tick":826,"position":[6.0,0.00100011611357331,4.38089656829834],"receipt_ms":14243,"sequence":826,"tick":873,"velocity":[0.0,0.0,0.0],"yaw":0.0},"position":[6.0,0.00100011611357331,4.38089656829834],"time_ms":14260,"wall_ms":1791532990909.0,"yaw":0.0}
S03R {"event":"prediction","history_size":4,"position":[6.0,0.00100011611357331,4.38089656829834],"predicted_tick":830,"role":"client","tick":830,"time_ms":14263,"wall_ms":1791532990911.0,"yaw":0.0}
S03R {"event":"prediction","history_size":5,"position":[6.0,0.00100011611357331,4.38089656829834],"predicted_tick":831,"role":"client","tick":831,"time_ms":14275,"wall_ms":1791532990923.0,"yaw":0.0}
S03R {"event":"prediction","history_size":6,"position":[6.0,0.00100011611357331,4.38089656829834],"predicted_tick":832,"role":"client","tick":832,"time_ms":14289,"wall_ms":1791532990937.0,"yaw":0.0}
S03R {"authority_install_error_m":0.0,"entity":1,"event":"apply","pose":{"control":1,"durable":2,"entity":1,"last_input_tick":835,"position":[0.0,0.00100011611357331,10.9999923706055],"receipt_ms":14293,"sequence":835,"tick":876,"velocity":[0.0,0.0,0.0],"yaw":0.0},"position":[0.0,0.00100011611357331,10.9999923706055],"time_ms":14303,"wall_ms":1791532990951.0,"yaw":0.0}
S03R {"ack_input_tick":829,"cause":"none","correction_m":0.0,"correction_yaw_deg":0.0,"event":"correction","history_exhausted":false,"replay_frames":3,"replay_usec":83,"role":"client","tick":833,"time_ms":14307,"wall_ms":1791532990955.0}
S03R {"authority_install_error_m":0.0,"entity":2,"event":"apply","pose":{"control":1,"durable":2,"entity":2,"last_input_tick":829,"position":[6.0,0.00100011611357331,4.38089656829834],"receipt_ms":14293,"sequence":829,"tick":876,"velocity":[0.0,0.0,0.0],"yaw":0.0},"position":[6.0,0.00100011611357331,4.38089656829834],"time_ms":14309,"wall_ms":1791532990957.0,"yaw":0.0}
S03R {"event":"prediction","history_size":4,"position":[6.0,0.00100011611357331,4.38089656829834],"predicted_tick":833,"role":"client","tick":833,"time_ms":14311,"wall_ms":1791532990960.0,"yaw":0.0}
S03R {"event":"prediction","history_size":5,"position":[6.0,0.00100011611357331,4.38089656829834],"predicted_tick":834,"role":"client","tick":834,"time_ms":14324,"wall_ms":1791532990972.0,"yaw":0.0}
S03R {"event":"prediction","history_size":6,"position":[6.0,0.00100011611357331,4.38089656829834],"predicted_tick":835,"role":"client","tick":835,"time_ms":14337,"wall_ms":1791532990986.0,"yaw":0.0}
S03R {"authority_install_error_m":0.0,"entity":1,"event":"apply","pose":{"control":1,"durable":2,"entity":1,"last_input_tick":838,"position":[0.0,0.00100011611357331,10.9999923706055],"receipt_ms":14344,"sequence":838,"tick":879,"velocity":[0.0,0.0,0.0],"yaw":0.0},"position":[0.0,0.00100011611357331,10.9999923706055],"time_ms":14358,"wall_ms":1791532991006.0,"yaw":0.0}
S03R {"ack_input_tick":832,"cause":"none","correction_m":0.0,"correction_yaw_deg":0.0,"event":"correction","history_exhausted":false,"replay_frames":3,"replay_usec":56,"role":"client","tick":836,"time_ms":14360,"wall_ms":1791532991008.0}
S03R {"authority_install_error_m":0.0,"entity":2,"event":"apply","pose":{"control":1,"durable":2,"entity":2,"last_input_tick":832,"position":[6.0,0.00100011611357331,4.38089656829834],"receipt_ms":14344,"sequence":832,"tick":879,"velocity":[0.0,0.0,0.0],"yaw":0.0},"position":[6.0,0.00100011611357331,4.38089656829834],"time_ms":14363,"wall_ms":1791532991010.0,"yaw":0.0}
S03R {"event":"prediction","history_size":4,"position":[6.0,0.00100011611357331,4.38089656829834],"predicted_tick":836,"role":"client","tick":836,"time_ms":14365,"wall_ms":1791532991013.0,"yaw":0.0}
S03R {"event":"prediction","history_size":5,"position":[6.0,0.00100011611357331,4.38089656829834],"predicted_tick":837,"role":"client","tick":837,"time_ms":14372,"wall_ms":1791532991020.0,"yaw":0.0}
S03R {"event":"prediction","history_size":6,"position":[6.0,0.00100011611357331,4.38089656829834],"predicted_tick":838,"role":"client","tick":838,"time_ms":14393,"wall_ms":1791532991040.0,"yaw":0.0}
S03R {"authority_install_error_m":0.0,"entity":1,"event":"apply","pose":{"control":1,"durable":2,"entity":1,"last_input_tick":841,"position":[0.0,0.00100011611357331,10.9999923706055],"receipt_ms":14396,"sequence":841,"tick":882,"velocity":[0.0,0.0,0.0],"yaw":0.0},"position":[0.0,0.00100011611357331,10.9999923706055],"time_ms":14406,"wall_ms":1791532991054.0,"yaw":0.0}
S03R {"ack_input_tick":835,"cause":"none","correction_m":0.0,"correction_yaw_deg":0.0,"event":"correction","history_exhausted":false,"replay_frames":3,"replay_usec":90,"role":"client","tick":839,"time_ms":14409,"wall_ms":1791532991058.0}
S03R {"authority_install_error_m":0.0,"entity":2,"event":"apply","pose":{"control":1,"durable":2,"entity":2,"last_input_tick":835,"position":[6.0,0.00100011611357331,4.38089656829834],"receipt_ms":14396,"sequence":835,"tick":882,"velocity":[0.0,0.0,0.0],"yaw":0.0},"position":[6.0,0.00100011611357331,4.38089656829834],"time_ms":14411,"wall_ms":1791532991060.0,"yaw":0.0}
S03R {"event":"prediction","history_size":4,"position":[6.0,0.00100011611357331,4.38089656829834],"predicted_tick":839,"role":"client","tick":839,"time_ms":14414,"wall_ms":1791532991062.0,"yaw":0.0}
S03R {"event":"prediction","history_size":5,"position":[6.0,0.00100011611357331,4.38089656829834],"predicted_tick":840,"role":"client","tick":840,"time_ms":14420,"wall_ms":1791532991068.0,"yaw":0.0}
S03R {"event":"prediction","history_size":6,"position":[6.0,0.00100011611357331,4.38089656829834],"predicted_tick":841,"role":"client","tick":841,"time_ms":14441,"wall_ms":1791532991089.0,"yaw":0.0}
S03R {"authority_install_error_m":0.0,"entity":1,"event":"apply","pose":{"control":1,"durable":2,"entity":1,"last_input_tick":844,"position":[0.0,0.00100011611357331,10.9999923706055],"receipt_ms":14444,"sequence":844,"tick":885,"velocity":[0.0,0.0,0.0],"yaw":0.0},"position":[0.0,0.00100011611357331,10.9999923706055],"time_ms":14455,"wall_ms":1791532991103.0,"yaw":0.0}
S03R {"ack_input_tick":838,"cause":"none","correction_m":0.0,"correction_yaw_deg":0.0,"event":"correction","history_exhausted":false,"replay_frames":3,"replay_usec":80,"role":"client","tick":842,"time_ms":14459,"wall_ms":1791532991107.0}
S03R {"authority_install_error_m":0.0,"entity":2,"event":"apply","pose":{"control":1,"durable":2,"entity":2,"last_input_tick":838,"position":[6.0,0.00100011611357331,4.38089656829834],"receipt_ms":14444,"sequence":838,"tick":885,"velocity":[0.0,0.0,0.0],"yaw":0.0},"position":[6.0,0.00100011611357331,4.38089656829834],"time_ms":14461,"wall_ms":1791532991109.0,"yaw":0.0}
S03R {"event":"prediction","history_size":4,"position":[6.0,0.00100011611357331,4.38089656829834],"predicted_tick":842,"role":"client","tick":842,"time_ms":14464,"wall_ms":1791532991112.0,"yaw":0.0}
S03R {"event":"prediction","history_size":5,"position":[6.0,0.00100011611357331,4.38089656829834],"predicted_tick":843,"role":"client","tick":843,"time_ms":14475,"wall_ms":1791532991123.0,"yaw":0.0}
S03R {"event":"prediction","history_size":6,"position":[6.0,0.00100011611357331,4.38089656829834],"predicted_tick":844,"role":"client","tick":844,"time_ms":14489,"wall_ms":1791532991138.0,"yaw":0.0}
S03R {"authority_install_error_m":0.0,"entity":1,"event":"apply","pose":{"control":1,"durable":2,"entity":1,"last_input_tick":847,"position":[0.0,0.00100011611357331,10.9999923706055],"receipt_ms":14492,"sequence":847,"tick":888,"velocity":[0.0,0.0,0.0],"yaw":0.0},"position":[0.0,0.00100011611357331,10.9999923706055],"time_ms":14503,"wall_ms":1791532991151.0,"yaw":0.0}
S03R {"ack_input_tick":841,"cause":"none","correction_m":0.0,"correction_yaw_deg":0.0,"event":"correction","history_exhausted":false,"replay_frames":3,"replay_usec":87,"role":"client","tick":845,"time_ms":14507,"wall_ms":1791532991155.0}
S03R {"authority_install_error_m":0.0,"entity":2,"event":"apply","pose":{"control":1,"durable":2,"entity":2,"last_input_tick":841,"position":[6.0,0.00100011611357331,4.38089656829834],"receipt_ms":14492,"sequence":841,"tick":888,"velocity":[0.0,0.0,0.0],"yaw":0.0},"position":[6.0,0.00100011611357331,4.38089656829834],"time_ms":14509,"wall_ms":1791532991157.0,"yaw":0.0}
S03R {"event":"prediction","history_size":4,"position":[6.0,0.00100011611357331,4.38089656829834],"predicted_tick":845,"role":"client","tick":845,"time_ms":14511,"wall_ms":1791532991160.0,"yaw":0.0}
S03R {"event":"prediction","history_size":5,"position":[6.0,0.00100011611357331,4.38089656829834],"predicted_tick":846,"role":"client","tick":846,"time_ms":14524,"wall_ms":1791532991172.0,"yaw":0.0}
S03R {"event":"prediction","history_size":6,"position":[6.0,0.00100011611357331,4.38089656829834],"predicted_tick":847,"role":"client","tick":847,"time_ms":14537,"wall_ms":1791532991185.0,"yaw":0.0}
S03R {"authority_install_error_m":0.0,"entity":1,"event":"apply","pose":{"control":1,"durable":2,"entity":1,"last_input_tick":850,"position":[0.0,0.00100011611357331,10.9999923706055],"receipt_ms":14544,"sequence":850,"tick":891,"velocity":[0.0,0.0,0.0],"yaw":0.0},"position":[0.0,0.00100011611357331,10.9999923706055],"time_ms":14558,"wall_ms":1791532991207.0,"yaw":0.0}
S03R {"ack_input_tick":844,"cause":"none","correction_m":0.0,"correction_yaw_deg":0.0,"event":"correction","history_exhausted":false,"replay_frames":3,"replay_usec":69,"role":"client","tick":848,"time_ms":14561,"wall_ms":1791532991210.0}
S03R {"authority_install_error_m":0.0,"entity":2,"event":"apply","pose":{"control":1,"durable":2,"entity":2,"last_input_tick":844,"position":[6.0,0.00100011611357331,4.38089656829834],"receipt_ms":14544,"sequence":844,"tick":891,"velocity":[0.0,0.0,0.0],"yaw":0.0},"position":[6.0,0.00100011611357331,4.38089656829834],"time_ms":14564,"wall_ms":1791532991212.0,"yaw":0.0}
S03R {"event":"prediction","history_size":4,"position":[6.0,0.00100011611357331,4.38089656829834],"predicted_tick":848,"role":"client","tick":848,"time_ms":14568,"wall_ms":1791532991215.0,"yaw":0.0}
S03R {"event":"prediction","history_size":5,"position":[6.0,0.00100011611357331,4.38089656829834],"predicted_tick":849,"role":"client","tick":849,"time_ms":14573,"wall_ms":1791532991222.0,"yaw":0.0}
S03R {"event":"prediction","history_size":6,"position":[6.0,0.00100011611357331,4.38089656829834],"predicted_tick":850,"role":"client","tick":850,"time_ms":14587,"wall_ms":1791532991235.0,"yaw":0.0}
S03R {"authority_install_error_m":0.0,"entity":1,"event":"apply","pose":{"control":1,"durable":2,"entity":1,"last_input_tick":853,"position":[0.0,0.00100011611357331,10.9999923706055],"receipt_ms":14590,"sequence":853,"tick":894,"velocity":[0.0,0.0,0.0],"yaw":0.0},"position":[0.0,0.00100011611357331,10.9999923706055],"time_ms":14607,"wall_ms":1791532991255.0,"yaw":0.0}
S03R {"ack_input_tick":847,"cause":"none","correction_m":0.0,"correction_yaw_deg":0.0,"event":"correction","history_exhausted":false,"replay_frames":3,"replay_usec":93,"role":"client","tick":851,"time_ms":14610,"wall_ms":1791532991258.0}
S03R {"authority_install_error_m":0.0,"entity":2,"event":"apply","pose":{"control":1,"durable":2,"entity":2,"last_input_tick":847,"position":[6.0,0.00100011611357331,4.38089656829834],"receipt_ms":14590,"sequence":847,"tick":894,"velocity":[0.0,0.0,0.0],"yaw":0.0},"position":[6.0,0.00100011611357331,4.38089656829834],"time_ms":14613,"wall_ms":1791532991261.0,"yaw":0.0}
S03R {"event":"prediction","history_size":4,"position":[6.0,0.00100011611357331,4.38089656829834],"predicted_tick":851,"role":"client","tick":851,"time_ms":14615,"wall_ms":1791532991264.0,"yaw":0.0}
S03R {"event":"prediction","history_size":5,"position":[6.0,0.00100011611357331,4.38089656829834],"predicted_tick":852,"role":"client","tick":852,"time_ms":14621,"wall_ms":1791532991270.0,"yaw":0.0}
S03R {"event":"prediction","history_size":6,"position":[6.0,0.00100011611357331,4.38089656829834],"predicted_tick":853,"role":"client","tick":853,"time_ms":14642,"wall_ms":1791532991289.0,"yaw":0.0}
S03R {"authority_install_error_m":0.0,"entity":1,"event":"apply","pose":{"control":1,"durable":2,"entity":1,"last_input_tick":856,"position":[0.0,0.00100011611357331,10.9999923706055],"receipt_ms":14645,"sequence":856,"tick":897,"velocity":[0.0,0.0,0.0],"yaw":0.0},"position":[0.0,0.00100011611357331,10.9999923706055],"time_ms":14656,"wall_ms":1791532991304.0,"yaw":0.0}
S03R {"ack_input_tick":850,"cause":"none","correction_m":0.0,"correction_yaw_deg":0.0,"event":"correction","history_exhausted":false,"replay_frames":3,"replay_usec":100,"role":"client","tick":854,"time_ms":14659,"wall_ms":1791532991307.0}
S03R {"authority_install_error_m":0.0,"entity":2,"event":"apply","pose":{"control":1,"durable":2,"entity":2,"last_input_tick":850,"position":[6.0,0.00100011611357331,4.38089656829834],"receipt_ms":14645,"sequence":850,"tick":897,"velocity":[0.0,0.0,0.0],"yaw":0.0},"position":[6.0,0.00100011611357331,4.38089656829834],"time_ms":14661,"wall_ms":1791532991310.0,"yaw":0.0}
S03R {"event":"prediction","history_size":4,"position":[6.0,0.00100011611357331,4.38089656829834],"predicted_tick":854,"role":"client","tick":854,"time_ms":14664,"wall_ms":1791532991312.0,"yaw":0.0}
S03R {"event":"prediction","history_size":5,"position":[6.0,0.00100011611357331,4.38089656829834],"predicted_tick":855,"role":"client","tick":855,"time_ms":14670,"wall_ms":1791532991318.0,"yaw":0.0}
S03R {"event":"prediction","history_size":6,"position":[6.0,0.00100011611357331,4.38089656829834],"predicted_tick":856,"role":"client","tick":856,"time_ms":14690,"wall_ms":1791532991339.0,"yaw":0.0}
S03R {"authority_install_error_m":0.0,"entity":1,"event":"apply","pose":{"control":1,"durable":2,"entity":1,"last_input_tick":859,"position":[0.0,0.00100011611357331,10.9999923706055],"receipt_ms":14694,"sequence":859,"tick":900,"velocity":[0.0,0.0,0.0],"yaw":0.0},"position":[0.0,0.00100011611357331,10.9999923706055],"time_ms":14704,"wall_ms":1791532991352.0,"yaw":0.0}
S03R {"ack_input_tick":853,"cause":"none","correction_m":0.0,"correction_yaw_deg":0.0,"event":"correction","history_exhausted":false,"replay_frames":3,"replay_usec":103,"role":"client","tick":857,"time_ms":14707,"wall_ms":1791532991355.0}
S03R {"authority_install_error_m":0.0,"entity":2,"event":"apply","pose":{"control":1,"durable":2,"entity":2,"last_input_tick":853,"position":[6.0,0.00100011611357331,4.38089656829834],"receipt_ms":14694,"sequence":853,"tick":900,"velocity":[0.0,0.0,0.0],"yaw":0.0},"position":[6.0,0.00100011611357331,4.38089656829834],"time_ms":14709,"wall_ms":1791532991357.0,"yaw":0.0}
S03R {"event":"prediction","history_size":4,"position":[6.0,0.00100011611357331,4.38089656829834],"predicted_tick":857,"role":"client","tick":857,"time_ms":14712,"wall_ms":1791532991360.0,"yaw":0.0}
S03R {"event":"prediction","history_size":5,"position":[6.0,0.00100011611357331,4.38089656829834],"predicted_tick":858,"role":"client","tick":858,"time_ms":14725,"wall_ms":1791532991373.0,"yaw":0.0}
S03R {"event":"prediction","history_size":6,"position":[6.0,0.00100011611357331,4.38089656829834],"predicted_tick":859,"role":"client","tick":859,"time_ms":14739,"wall_ms":1791532991386.0,"yaw":0.0}
S03R {"authority_install_error_m":0.0,"entity":1,"event":"apply","pose":{"control":1,"durable":2,"entity":1,"last_input_tick":862,"position":[0.0,0.00100011611357331,10.9999923706055],"receipt_ms":14742,"sequence":862,"tick":903,"velocity":[0.0,0.0,0.0],"yaw":0.0},"position":[0.0,0.00100011611357331,10.9999923706055],"time_ms":14760,"wall_ms":1791532991408.0,"yaw":0.0}
S03R {"ack_input_tick":856,"cause":"none","correction_m":0.0,"correction_yaw_deg":0.0,"event":"correction","history_exhausted":false,"replay_frames":3,"replay_usec":74,"role":"client","tick":860,"time_ms":14762,"wall_ms":1791532991410.0}
S03R {"authority_install_error_m":0.0,"entity":2,"event":"apply","pose":{"control":1,"durable":2,"entity":2,"last_input_tick":856,"position":[6.0,0.00100011611357331,4.38089656829834],"receipt_ms":14742,"sequence":856,"tick":903,"velocity":[0.0,0.0,0.0],"yaw":0.0},"position":[6.0,0.00100011611357331,4.38089656829834],"time_ms":14767,"wall_ms":1791532991414.0,"yaw":0.0}
S03R {"event":"prediction","history_size":4,"position":[6.0,0.00100011611357331,4.38089656829834],"predicted_tick":860,"role":"client","tick":860,"time_ms":14771,"wall_ms":1791532991418.0,"yaw":0.0}
S03R {"event":"prediction","history_size":5,"position":[6.0,0.00100011611357331,4.38089656829834],"predicted_tick":861,"role":"client","tick":861,"time_ms":14774,"wall_ms":1791532991422.0,"yaw":0.0}
S03R {"event":"prediction","history_size":6,"position":[6.0,0.00100011611357331,4.38089656829834],"predicted_tick":862,"role":"client","tick":862,"time_ms":14788,"wall_ms":1791532991436.0,"yaw":0.0}
S03R {"authority_install_error_m":0.0,"entity":1,"event":"apply","pose":{"control":1,"durable":2,"entity":1,"last_input_tick":865,"position":[0.0,0.00100011611357331,10.9999923706055],"receipt_ms":14791,"sequence":865,"tick":906,"velocity":[0.0,0.0,0.0],"yaw":0.0},"position":[0.0,0.00100011611357331,10.9999923706055],"time_ms":14809,"wall_ms":1791532991457.0,"yaw":0.0}
S03R {"ack_input_tick":859,"cause":"none","correction_m":0.0,"correction_yaw_deg":0.0,"event":"correction","history_exhausted":false,"replay_frames":3,"replay_usec":89,"role":"client","tick":863,"time_ms":14813,"wall_ms":1791532991460.0}
S03R {"authority_install_error_m":0.0,"entity":2,"event":"apply","pose":{"control":1,"durable":2,"entity":2,"last_input_tick":859,"position":[6.0,0.00100011611357331,4.38089656829834],"receipt_ms":14791,"sequence":859,"tick":906,"velocity":[0.0,0.0,0.0],"yaw":0.0},"position":[6.0,0.00100011611357331,4.38089656829834],"time_ms":14815,"wall_ms":1791532991463.0,"yaw":0.0}
S03R {"event":"prediction","history_size":4,"position":[6.0,0.00100011611357331,4.38089656829834],"predicted_tick":863,"role":"client","tick":863,"time_ms":14817,"wall_ms":1791532991465.0,"yaw":0.0}
S03R {"event":"prediction","history_size":5,"position":[6.0,0.00100011611357331,4.38089656829834],"predicted_tick":864,"role":"client","tick":864,"time_ms":14823,"wall_ms":1791532991471.0,"yaw":0.0}
S03R {"event":"prediction","history_size":6,"position":[6.0,0.00100011611357331,4.38089656829834],"predicted_tick":865,"role":"client","tick":865,"time_ms":14844,"wall_ms":1791532991491.0,"yaw":0.0}
S03R {"authority_install_error_m":0.0,"entity":1,"event":"apply","pose":{"control":1,"durable":2,"entity":1,"last_input_tick":868,"position":[0.0,0.00100011611357331,10.9999923706055],"receipt_ms":14847,"sequence":868,"tick":909,"velocity":[0.0,0.0,0.0],"yaw":0.0},"position":[0.0,0.00100011611357331,10.9999923706055],"time_ms":14857,"wall_ms":1791532991505.0,"yaw":0.0}
S03R {"ack_input_tick":862,"cause":"none","correction_m":0.0,"correction_yaw_deg":0.0,"event":"correction","history_exhausted":false,"replay_frames":3,"replay_usec":65,"role":"client","tick":866,"time_ms":14860,"wall_ms":1791532991508.0}
S03R {"authority_install_error_m":0.0,"entity":2,"event":"apply","pose":{"control":1,"durable":2,"entity":2,"last_input_tick":862,"position":[6.0,0.00100011611357331,4.38089656829834],"receipt_ms":14847,"sequence":862,"tick":909,"velocity":[0.0,0.0,0.0],"yaw":0.0},"position":[6.0,0.00100011611357331,4.38089656829834],"time_ms":14862,"wall_ms":1791532991511.0,"yaw":0.0}
S03R {"event":"prediction","history_size":4,"position":[6.0,0.00100011611357331,4.38089656829834],"predicted_tick":866,"role":"client","tick":866,"time_ms":14865,"wall_ms":1791532991513.0,"yaw":0.0}
S03R {"event":"prediction","history_size":5,"position":[6.0,0.00100011611357331,4.38089656829834],"predicted_tick":867,"role":"client","tick":867,"time_ms":14871,"wall_ms":1791532991519.0,"yaw":0.0}
S03R {"event":"prediction","history_size":6,"position":[6.0,0.00100011611357331,4.38089656829834],"predicted_tick":868,"role":"client","tick":868,"time_ms":14892,"wall_ms":1791532991541.0,"yaw":0.0}
S03R {"authority_install_error_m":0.0,"entity":1,"event":"apply","pose":{"control":1,"durable":2,"entity":1,"last_input_tick":871,"position":[0.0,0.00100011611357331,10.9999923706055],"receipt_ms":14895,"sequence":871,"tick":912,"velocity":[0.0,0.0,0.0],"yaw":0.0},"position":[0.0,0.00100011611357331,10.9999923706055],"time_ms":14906,"wall_ms":1791532991554.0,"yaw":0.0}
S03R {"ack_input_tick":865,"cause":"none","correction_m":0.0,"correction_yaw_deg":0.0,"event":"correction","history_exhausted":false,"replay_frames":3,"replay_usec":56,"role":"client","tick":869,"time_ms":14908,"wall_ms":1791532991556.0}
S03R {"authority_install_error_m":0.0,"entity":2,"event":"apply","pose":{"control":1,"durable":2,"entity":2,"last_input_tick":865,"position":[6.0,0.00100011611357331,4.38089656829834],"receipt_ms":14895,"sequence":865,"tick":912,"velocity":[0.0,0.0,0.0],"yaw":0.0},"position":[6.0,0.00100011611357331,4.38089656829834],"time_ms":14910,"wall_ms":1791532991558.0,"yaw":0.0}
S03R {"event":"prediction","history_size":4,"position":[6.0,0.00100011611357331,4.38089656829834],"predicted_tick":869,"role":"client","tick":869,"time_ms":14913,"wall_ms":1791532991561.0,"yaw":0.0}
S03R {"event":"prediction","history_size":5,"position":[6.0,0.00100011611357331,4.38089656829834],"predicted_tick":870,"role":"client","tick":870,"time_ms":14926,"wall_ms":1791532991575.0,"yaw":0.0}
S03R {"event":"prediction","history_size":6,"position":[6.0,0.00100011611357331,4.38089656829834],"predicted_tick":871,"role":"client","tick":871,"time_ms":14940,"wall_ms":1791532991588.0,"yaw":0.0}
S03R {"authority_install_error_m":0.0,"entity":1,"event":"apply","pose":{"control":1,"durable":2,"entity":1,"last_input_tick":874,"position":[0.0,0.00100011611357331,10.9999923706055],"receipt_ms":14944,"sequence":874,"tick":915,"velocity":[0.0,0.0,0.0],"yaw":0.0},"position":[0.0,0.00100011611357331,10.9999923706055],"time_ms":14954,"wall_ms":1791532991602.0,"yaw":0.0}
S03R {"ack_input_tick":868,"cause":"none","correction_m":0.0,"correction_yaw_deg":0.0,"event":"correction","history_exhausted":false,"replay_frames":3,"replay_usec":118,"role":"client","tick":872,"time_ms":14957,"wall_ms":1791532991605.0}
S03R {"authority_install_error_m":0.0,"entity":2,"event":"apply","pose":{"control":1,"durable":2,"entity":2,"last_input_tick":868,"position":[6.0,0.00100011611357331,4.38089656829834],"receipt_ms":14944,"sequence":868,"tick":915,"velocity":[0.0,0.0,0.0],"yaw":0.0},"position":[6.0,0.00100011611357331,4.38089656829834],"time_ms":14959,"wall_ms":1791532991608.0,"yaw":0.0}
S03R {"event":"prediction","history_size":4,"position":[6.0,0.00100011611357331,4.38089656829834],"predicted_tick":872,"role":"client","tick":872,"time_ms":14961,"wall_ms":1791532991609.0,"yaw":0.0}
S03R {"event":"prediction","history_size":5,"position":[6.0,0.00100011611357331,4.38089656829834],"predicted_tick":873,"role":"client","tick":873,"time_ms":14975,"wall_ms":1791532991623.0,"yaw":0.0}
S03R {"event":"prediction","history_size":6,"position":[6.0,0.00100011611357331,4.38089656829834],"predicted_tick":874,"role":"client","tick":874,"time_ms":14989,"wall_ms":1791532991637.0,"yaw":0.0}
S03R {"authority_install_error_m":0.0,"entity":1,"event":"apply","pose":{"control":1,"durable":2,"entity":1,"last_input_tick":877,"position":[0.0,0.00100011611357331,10.9999923706055],"receipt_ms":14992,"sequence":877,"tick":918,"velocity":[0.0,0.0,0.0],"yaw":0.0},"position":[0.0,0.00100011611357331,10.9999923706055],"time_ms":15009,"wall_ms":1791532991657.0,"yaw":0.0}
S03R {"ack_input_tick":871,"cause":"none","correction_m":0.0,"correction_yaw_deg":0.0,"event":"correction","history_exhausted":false,"replay_frames":3,"replay_usec":149,"role":"client","tick":875,"time_ms":15012,"wall_ms":1791532991660.0}
S03R {"authority_install_error_m":0.0,"entity":2,"event":"apply","pose":{"control":1,"durable":2,"entity":2,"last_input_tick":871,"position":[6.0,0.00100011611357331,4.38089656829834],"receipt_ms":14992,"sequence":871,"tick":918,"velocity":[0.0,0.0,0.0],"yaw":0.0},"position":[6.0,0.00100011611357331,4.38089656829834],"time_ms":15016,"wall_ms":1791532991663.0,"yaw":0.0}
S03R {"event":"prediction","history_size":4,"position":[6.0,0.00100011611357331,4.38089656829834],"predicted_tick":875,"role":"client","tick":875,"time_ms":15020,"wall_ms":1791532991669.0,"yaw":0.0}
S03R {"event":"prediction","history_size":5,"position":[6.0,0.00100011611357331,4.38089656829834],"predicted_tick":876,"role":"client","tick":876,"time_ms":15024,"wall_ms":1791532991672.0,"yaw":0.0}
S03R {"event":"prediction","history_size":6,"position":[6.0,0.00100011611357331,4.38089656829834],"predicted_tick":877,"role":"client","tick":877,"time_ms":15037,"wall_ms":1791532991685.0,"yaw":0.0}
S03R {"authority_install_error_m":0.0,"entity":1,"event":"apply","pose":{"control":1,"durable":2,"entity":1,"last_input_tick":880,"position":[0.0,0.00100011611357331,10.9999923706055],"receipt_ms":15041,"sequence":880,"tick":921,"velocity":[0.0,0.0,0.0],"yaw":0.0},"position":[0.0,0.00100011611357331,10.9999923706055],"time_ms":15058,"wall_ms":1791532991706.0,"yaw":0.0}
S03R {"ack_input_tick":874,"cause":"none","correction_m":0.0,"correction_yaw_deg":0.0,"event":"correction","history_exhausted":false,"replay_frames":3,"replay_usec":171,"role":"client","tick":878,"time_ms":15061,"wall_ms":1791532991709.0}
S03R {"authority_install_error_m":0.0,"entity":2,"event":"apply","pose":{"control":1,"durable":2,"entity":2,"last_input_tick":874,"position":[6.0,0.00100011611357331,4.38089656829834],"receipt_ms":15041,"sequence":874,"tick":921,"velocity":[0.0,0.0,0.0],"yaw":0.0},"position":[6.0,0.00100011611357331,4.38089656829834],"time_ms":15063,"wall_ms":1791532991712.0,"yaw":0.0}
S03R {"event":"prediction","history_size":4,"position":[6.0,0.00100011611357331,4.38089656829834],"predicted_tick":878,"role":"client","tick":878,"time_ms":15066,"wall_ms":1791532991714.0,"yaw":0.0}
S03R {"event":"prediction","history_size":5,"position":[6.0,0.00100011611357331,4.38089656829834],"predicted_tick":879,"role":"client","tick":879,"time_ms":15072,"wall_ms":1791532991720.0,"yaw":0.0}
S03R {"authority_install_error_m":0.0,"entity":1,"event":"apply","pose":{"control":1,"durable":2,"entity":1,"last_input_tick":883,"position":[0.0,0.00100011611357331,10.9999923706055],"receipt_ms":15086,"sequence":883,"tick":924,"velocity":[0.0,0.0,0.0],"yaw":0.0},"position":[0.0,0.00100011611357331,10.9999923706055],"time_ms":15093,"wall_ms":1791532991741.0,"yaw":0.0}
S03R {"ack_input_tick":877,"cause":"none","correction_m":0.0,"correction_yaw_deg":0.0,"event":"correction","history_exhausted":false,"replay_frames":2,"replay_usec":107,"role":"client","tick":880,"time_ms":15096,"wall_ms":1791532991744.0}
S03R {"authority_install_error_m":0.0,"entity":2,"event":"apply","pose":{"control":1,"durable":2,"entity":2,"last_input_tick":877,"position":[6.0,0.00100011611357331,4.38089656829834],"receipt_ms":15086,"sequence":877,"tick":924,"velocity":[0.0,0.0,0.0],"yaw":0.0},"position":[6.0,0.00100011611357331,4.38089656829834],"time_ms":15098,"wall_ms":1791532991747.0,"yaw":0.0}
S03R {"event":"prediction","history_size":3,"position":[6.0,0.00100011611357331,4.38089656829834],"predicted_tick":880,"role":"client","tick":880,"time_ms":15101,"wall_ms":1791532991748.0,"yaw":0.0}
S03R {"event":"prediction","history_size":4,"position":[6.0,0.00100011611357331,4.38089656829834],"predicted_tick":881,"role":"client","tick":881,"time_ms":15106,"wall_ms":1791532991754.0,"yaw":0.0}
S03R {"event":"prediction","history_size":5,"position":[6.0,0.00100011611357331,4.38089656829834],"predicted_tick":882,"role":"client","tick":882,"time_ms":15120,"wall_ms":1791532991769.0,"yaw":0.0}
S03R {"event":"prediction","history_size":6,"position":[6.0,0.00100011611357331,4.38089656829834],"predicted_tick":883,"role":"client","tick":883,"time_ms":15141,"wall_ms":1791532991789.0,"yaw":0.0}
S03R {"authority_install_error_m":0.0,"entity":1,"event":"apply","pose":{"control":1,"durable":2,"entity":1,"last_input_tick":886,"position":[0.0,0.00100011611357331,10.9999923706055],"receipt_ms":15144,"sequence":886,"tick":927,"velocity":[0.0,0.0,0.0],"yaw":0.0},"position":[0.0,0.00100011611357331,10.9999923706055],"time_ms":15155,"wall_ms":1791532991803.0,"yaw":0.0}
S03R {"ack_input_tick":880,"cause":"none","correction_m":0.0,"correction_yaw_deg":0.0,"event":"correction","history_exhausted":false,"replay_frames":3,"replay_usec":63,"role":"client","tick":884,"time_ms":15157,"wall_ms":1791532991806.0}
S03R {"authority_install_error_m":0.0,"entity":2,"event":"apply","pose":{"control":1,"durable":2,"entity":2,"last_input_tick":880,"position":[6.0,0.00100011611357331,4.38089656829834],"receipt_ms":15144,"sequence":880,"tick":927,"velocity":[0.0,0.0,0.0],"yaw":0.0},"position":[6.0,0.00100011611357331,4.38089656829834],"time_ms":15160,"wall_ms":1791532991808.0,"yaw":0.0}
S03R {"event":"prediction","history_size":4,"position":[6.0,0.00100011611357331,4.38089656829834],"predicted_tick":884,"role":"client","tick":884,"time_ms":15163,"wall_ms":1791532991811.0,"yaw":0.0}
S03R {"event":"prediction","history_size":5,"position":[6.0,0.00100011611357331,4.38089656829834],"predicted_tick":885,"role":"client","tick":885,"time_ms":15175,"wall_ms":1791532991824.0,"yaw":0.0}
S03R {"event":"prediction","history_size":6,"position":[6.0,0.00100011611357331,4.38089656829834],"predicted_tick":886,"role":"client","tick":886,"time_ms":15189,"wall_ms":1791532991838.0,"yaw":0.0}
S03R {"authority_install_error_m":0.0,"entity":1,"event":"apply","pose":{"control":1,"durable":2,"entity":1,"last_input_tick":889,"position":[0.0,0.00100011611357331,10.9999923706055],"receipt_ms":15192,"sequence":889,"tick":930,"velocity":[0.0,0.0,0.0],"yaw":0.0},"position":[0.0,0.00100011611357331,10.9999923706055],"time_ms":15203,"wall_ms":1791532991851.0,"yaw":0.0}
S03R {"ack_input_tick":883,"cause":"none","correction_m":0.0,"correction_yaw_deg":0.0,"event":"correction","history_exhausted":false,"replay_frames":3,"replay_usec":100,"role":"client","tick":887,"time_ms":15206,"wall_ms":1791532991853.0}
S03R {"authority_install_error_m":0.0,"entity":2,"event":"apply","pose":{"control":1,"durable":2,"entity":2,"last_input_tick":883,"position":[6.0,0.00100011611357331,4.38089656829834],"receipt_ms":15192,"sequence":883,"tick":930,"velocity":[0.0,0.0,0.0],"yaw":0.0},"position":[6.0,0.00100011611357331,4.38089656829834],"time_ms":15208,"wall_ms":1791532991856.0,"yaw":0.0}
S03R {"event":"prediction","history_size":4,"position":[6.0,0.00100011611357331,4.38089656829834],"predicted_tick":887,"role":"client","tick":887,"time_ms":15210,"wall_ms":1791532991858.0,"yaw":0.0}
S03R {"aim_yaw":-3.14159265358979,"event":"input","index":22,"move":[0.0,1.0],"position":[6.0,0.00100011611357331,4.38089656829834],"role":"client","sequence_floor":888,"tick":888,"time_ms":15224,"wall_ms":1791532991872.0,"yaw":0.0}
S03R {"aim_yaw":-3.14159265358979,"event":"keys","move":[0.0,1.0],"role":"client","tick":888,"time_ms":15227,"wall_ms":1791532991874.0}
S03R {"event":"prediction","history_size":5,"position":[6.0,0.00100011611357331,4.46423006057739],"predicted_tick":888,"role":"client","tick":888,"time_ms":15229,"wall_ms":1791532991877.0,"yaw":3.14159250259399}
S03R {"event":"prediction","history_size":6,"position":[6.0,0.00100011611357331,4.54756355285645],"predicted_tick":889,"role":"client","tick":889,"time_ms":15237,"wall_ms":1791532991886.0,"yaw":3.14159250259399}
S03R {"authority_install_error_m":0.0,"entity":1,"event":"apply","pose":{"control":1,"durable":2,"entity":1,"last_input_tick":892,"position":[0.0,0.00100011611357331,10.9999923706055],"receipt_ms":15240,"sequence":892,"tick":933,"velocity":[0.0,0.0,0.0],"yaw":0.0},"position":[0.0,0.00100011611357331,10.9999923706055],"time_ms":15258,"wall_ms":1791532991906.0,"yaw":0.0}
S03R {"ack_input_tick":886,"cause":"none","correction_m":0.0,"correction_yaw_deg":0.0,"event":"correction","history_exhausted":false,"replay_frames":3,"replay_usec":83,"role":"client","tick":890,"time_ms":15261,"wall_ms":1791532991909.0}
S03R {"authority_install_error_m":0.0,"entity":2,"event":"apply","pose":{"control":1,"durable":2,"entity":2,"last_input_tick":886,"position":[6.0,0.00100011611357331,4.38089656829834],"receipt_ms":15240,"sequence":886,"tick":933,"velocity":[0.0,0.0,0.0],"yaw":0.0},"position":[6.0,0.00100011611357331,4.54756355285645],"time_ms":15263,"wall_ms":1791532991912.0,"yaw":3.14159250259399}
S03R {"event":"prediction","history_size":4,"position":[6.0,0.00100011611357331,4.6308970451355],"predicted_tick":890,"role":"client","tick":890,"time_ms":15266,"wall_ms":1791532991915.0,"yaw":3.14159250259399}
S03R {"event":"prediction","history_size":5,"position":[6.0,0.00100011611357331,4.71423053741455],"predicted_tick":891,"role":"client","tick":891,"time_ms":15273,"wall_ms":1791532991922.0,"yaw":3.14159250259399}
S03R {"event":"prediction","history_size":6,"position":[6.0,0.00100011611357331,4.7975640296936],"predicted_tick":892,"role":"client","tick":892,"time_ms":15287,"wall_ms":1791532991935.0,"yaw":3.14159250259399}
S03R {"authority_install_error_m":0.0,"entity":1,"event":"apply","pose":{"control":1,"durable":2,"entity":1,"last_input_tick":895,"position":[0.0,0.00100011611357331,10.9999923706055],"receipt_ms":15290,"sequence":895,"tick":936,"velocity":[0.0,0.0,0.0],"yaw":0.0},"position":[0.0,0.00100011611357331,10.9999923706055],"time_ms":15308,"wall_ms":1791532991956.0,"yaw":0.0}
S03R {"ack_input_tick":889,"cause":"none","correction_m":0.0,"correction_yaw_deg":0.0,"event":"correction","history_exhausted":false,"replay_frames":3,"replay_usec":98,"role":"client","tick":893,"time_ms":15311,"wall_ms":1791532991959.0}
S03R {"authority_install_error_m":0.0,"entity":2,"event":"apply","pose":{"control":1,"durable":2,"entity":2,"last_input_tick":889,"position":[6.0,0.00100011611357331,4.54756355285645],"receipt_ms":15290,"sequence":889,"tick":936,"velocity":[0.0,0.0,5.0],"yaw":3.14159250259399},"position":[6.0,0.00100011611357331,4.7975640296936],"time_ms":15315,"wall_ms":1791532991962.0,"yaw":3.14159250259399}
S03R {"event":"prediction","history_size":4,"position":[6.0,0.00100011611357331,4.88089752197266],"predicted_tick":893,"role":"client","tick":893,"time_ms":15319,"wall_ms":1791532991967.0,"yaw":3.14159250259399}
S03R {"event":"prediction","history_size":5,"position":[6.0,0.00100011611357331,4.96423101425171],"predicted_tick":894,"role":"client","tick":894,"time_ms":15324,"wall_ms":1791532991973.0,"yaw":3.14159250259399}
S03R {"authority_install_error_m":0.0,"entity":1,"event":"apply","pose":{"control":1,"durable":2,"entity":1,"last_input_tick":898,"position":[0.0,0.00100011611357331,10.9999923706055],"receipt_ms":15338,"sequence":898,"tick":939,"velocity":[0.0,0.0,0.0],"yaw":0.0},"position":[0.0,0.00100011611357331,10.9999923706055],"time_ms":15345,"wall_ms":1791532991993.0,"yaw":0.0}
S03R {"ack_input_tick":892,"cause":"none","correction_m":0.0,"correction_yaw_deg":0.0,"event":"correction","history_exhausted":false,"replay_frames":2,"replay_usec":65,"role":"client","tick":895,"time_ms":15348,"wall_ms":1791532991996.0}
S03R {"authority_install_error_m":0.0,"entity":2,"event":"apply","pose":{"control":1,"durable":2,"entity":2,"last_input_tick":892,"position":[6.0,0.00100011611357331,4.7975640296936],"receipt_ms":15338,"sequence":892,"tick":939,"velocity":[0.0,0.0,5.0],"yaw":3.14159250259399},"position":[6.0,0.00100011611357331,4.96423101425171],"time_ms":15350,"wall_ms":1791532991998.0,"yaw":3.14159250259399}
S03R {"event":"prediction","history_size":3,"position":[6.0,0.00100011611357331,5.04756450653076],"predicted_tick":895,"role":"client","tick":895,"time_ms":15353,"wall_ms":1791532992001.0,"yaw":3.14159250259399}
S03R {"event":"prediction","history_size":4,"position":[6.0,0.00100011611357331,5.13089799880981],"predicted_tick":896,"role":"client","tick":896,"time_ms":15359,"wall_ms":1791532992007.0,"yaw":3.14159250259399}
S03R {"event":"prediction","history_size":5,"position":[6.0,0.00100011611357331,5.21423149108887],"predicted_tick":897,"role":"client","tick":897,"time_ms":15373,"wall_ms":1791532992021.0,"yaw":3.14159250259399}
S03R {"event":"prediction","history_size":6,"position":[6.0,0.00100011611357331,5.29756498336792],"predicted_tick":898,"role":"client","tick":898,"time_ms":15394,"wall_ms":1791532992042.0,"yaw":3.14159250259399}
S03R {"authority_install_error_m":0.0,"entity":1,"event":"apply","pose":{"control":1,"durable":2,"entity":1,"last_input_tick":901,"position":[0.0,0.00100011611357331,10.9999923706055],"receipt_ms":15397,"sequence":901,"tick":942,"velocity":[0.0,0.0,0.0],"yaw":0.0},"position":[0.0,0.00100011611357331,10.9999923706055],"time_ms":15407,"wall_ms":1791532992055.0,"yaw":0.0}
S03R {"ack_input_tick":895,"cause":"none","correction_m":0.0,"correction_yaw_deg":0.0,"event":"correction","history_exhausted":false,"replay_frames":3,"replay_usec":93,"role":"client","tick":899,"time_ms":15410,"wall_ms":1791532992058.0}
S03R {"authority_install_error_m":0.0,"entity":2,"event":"apply","pose":{"control":1,"durable":2,"entity":2,"last_input_tick":895,"position":[6.0,0.00100011611357331,5.04756450653076],"receipt_ms":15397,"sequence":895,"tick":942,"velocity":[0.0,0.0,5.0],"yaw":3.14159250259399},"position":[6.0,0.00100011611357331,5.29756498336792],"time_ms":15413,"wall_ms":1791532992060.0,"yaw":3.14159250259399}
S03R {"event":"prediction","history_size":4,"position":[6.0,0.00100011611357331,5.38089847564697],"predicted_tick":899,"role":"client","tick":899,"time_ms":15415,"wall_ms":1791532992064.0,"yaw":3.14159250259399}
S03R {"event":"prediction","history_size":5,"position":[6.0,0.00100011611357331,5.46423196792603],"predicted_tick":900,"role":"client","tick":900,"time_ms":15428,"wall_ms":1791532992076.0,"yaw":3.14159250259399}
S03R {"event":"prediction","history_size":6,"position":[6.0,0.00100011611357331,5.54756546020508],"predicted_tick":901,"role":"client","tick":901,"time_ms":15442,"wall_ms":1791532992090.0,"yaw":3.14159250259399}
S03R {"authority_install_error_m":0.0,"entity":1,"event":"apply","pose":{"control":1,"durable":2,"entity":1,"last_input_tick":904,"position":[0.0,0.00100011611357331,10.9999923706055],"receipt_ms":15445,"sequence":904,"tick":945,"velocity":[0.0,0.0,0.0],"yaw":0.0},"position":[0.0,0.00100011611357331,10.9999923706055],"time_ms":15456,"wall_ms":1791532992104.0,"yaw":0.0}
S03R {"ack_input_tick":898,"cause":"none","correction_m":0.0,"correction_yaw_deg":0.0,"event":"correction","history_exhausted":false,"replay_frames":3,"replay_usec":67,"role":"client","tick":902,"time_ms":15458,"wall_ms":1791532992107.0}
S03R {"authority_install_error_m":0.0,"entity":2,"event":"apply","pose":{"control":1,"durable":2,"entity":2,"last_input_tick":898,"position":[6.0,0.00100011611357331,5.29756498336792],"receipt_ms":15445,"sequence":898,"tick":945,"velocity":[0.0,0.0,5.0],"yaw":3.14159250259399},"position":[6.0,0.00100011611357331,5.54756546020508],"time_ms":15461,"wall_ms":1791532992109.0,"yaw":3.14159250259399}
S03R {"event":"prediction","history_size":4,"position":[6.0,0.00100011611357331,5.63089895248413],"predicted_tick":902,"role":"client","tick":902,"time_ms":15463,"wall_ms":1791532992111.0,"yaw":3.14159250259399}
S03R {"event":"prediction","history_size":5,"position":[6.0,0.00100011611357331,5.71423244476318],"predicted_tick":903,"role":"client","tick":903,"time_ms":15476,"wall_ms":1791532992124.0,"yaw":3.14159250259399}
S03R {"event":"prediction","history_size":6,"position":[6.0,0.00100011611357331,5.79756593704224],"predicted_tick":904,"role":"client","tick":904,"time_ms":15490,"wall_ms":1791532992138.0,"yaw":3.14159250259399}
S03R {"authority_install_error_m":0.0,"entity":1,"event":"apply","pose":{"control":1,"durable":2,"entity":1,"last_input_tick":907,"position":[0.0,0.00100011611357331,10.9999923706055],"receipt_ms":15493,"sequence":907,"tick":948,"velocity":[0.0,0.0,0.0],"yaw":0.0},"position":[0.0,0.00100011611357331,10.9999923706055],"time_ms":15511,"wall_ms":1791532992158.0,"yaw":0.0}
S03R {"ack_input_tick":901,"cause":"none","correction_m":0.0,"correction_yaw_deg":0.0,"event":"correction","history_exhausted":false,"replay_frames":3,"replay_usec":102,"role":"client","tick":905,"time_ms":15513,"wall_ms":1791532992162.0}
S03R {"authority_install_error_m":0.0,"entity":2,"event":"apply","pose":{"control":1,"durable":2,"entity":2,"last_input_tick":901,"position":[6.0,0.00100011611357331,5.54756546020508],"receipt_ms":15493,"sequence":901,"tick":948,"velocity":[0.0,0.0,5.0],"yaw":3.14159250259399},"position":[6.0,0.00100011611357331,5.79756593704224],"time_ms":15516,"wall_ms":1791532992164.0,"yaw":3.14159250259399}
S03R {"event":"prediction","history_size":4,"position":[6.0,0.00100011611357331,5.88089942932129],"predicted_tick":905,"role":"client","tick":905,"time_ms":15518,"wall_ms":1791532992166.0,"yaw":3.14159250259399}
S03R {"event":"prediction","history_size":5,"position":[6.0,0.00100011611357331,5.96423292160034],"predicted_tick":906,"role":"client","tick":906,"time_ms":15524,"wall_ms":1791532992173.0,"yaw":3.14159250259399}
S03R {"event":"prediction","history_size":6,"position":[6.0,0.00100011611357331,6.04756641387939],"predicted_tick":907,"role":"client","tick":907,"time_ms":15538,"wall_ms":1791532992187.0,"yaw":3.14159250259399}
S03R {"authority_install_error_m":0.0,"entity":1,"event":"apply","pose":{"control":1,"durable":2,"entity":1,"last_input_tick":910,"position":[0.0,0.00100011611357331,10.9999923706055],"receipt_ms":15542,"sequence":910,"tick":951,"velocity":[0.0,0.0,0.0],"yaw":0.0},"position":[0.0,0.00100011611357331,10.9999923706055],"time_ms":15559,"wall_ms":1791532992207.0,"yaw":0.0}
S03R {"ack_input_tick":904,"cause":"none","correction_m":0.0,"correction_yaw_deg":0.0,"event":"correction","history_exhausted":false,"replay_frames":3,"replay_usec":69,"role":"client","tick":908,"time_ms":15564,"wall_ms":1791532992212.0}
S03R {"authority_install_error_m":0.0,"entity":2,"event":"apply","pose":{"control":1,"durable":2,"entity":2,"last_input_tick":904,"position":[6.0,0.00100011611357331,5.79756593704224],"receipt_ms":15542,"sequence":904,"tick":951,"velocity":[0.0,0.0,5.0],"yaw":3.14159250259399},"position":[6.0,0.00100011611357331,6.04756641387939],"time_ms":15569,"wall_ms":1791532992218.0,"yaw":3.14159250259399}
S03R {"event":"prediction","history_size":4,"position":[6.0,0.00100011611357331,6.13089990615845],"predicted_tick":908,"role":"client","tick":908,"time_ms":15573,"wall_ms":1791532992222.0,"yaw":3.14159250259399}
S03R {"event":"prediction","history_size":5,"position":[6.0,0.00100011611357331,6.2142333984375],"predicted_tick":909,"role":"client","tick":909,"time_ms":15578,"wall_ms":1791532992227.0,"yaw":3.14159250259399}
S03R {"event":"prediction","history_size":6,"position":[6.0,0.00100011611357331,6.29756689071655],"predicted_tick":910,"role":"client","tick":910,"time_ms":15586,"wall_ms":1791532992233.0,"yaw":3.14159250259399}
S03R {"authority_install_error_m":0.0,"entity":1,"event":"apply","pose":{"control":1,"durable":2,"entity":1,"last_input_tick":913,"position":[0.0,0.00100011611357331,10.9999923706055],"receipt_ms":15590,"sequence":913,"tick":954,"velocity":[0.0,0.0,0.0],"yaw":0.0},"position":[0.0,0.00100011611357331,10.9999923706055],"time_ms":15599,"wall_ms":1791532992248.0,"yaw":0.0}
S03R {"ack_input_tick":907,"cause":"none","correction_m":0.0,"correction_yaw_deg":0.0,"event":"correction","history_exhausted":false,"replay_frames":3,"replay_usec":77,"role":"client","tick":911,"time_ms":15603,"wall_ms":1791532992251.0}
S03R {"authority_install_error_m":0.0,"entity":2,"event":"apply","pose":{"control":1,"durable":2,"entity":2,"last_input_tick":907,"position":[6.0,0.00100011611357331,6.04756641387939],"receipt_ms":15590,"sequence":907,"tick":954,"velocity":[0.0,0.0,5.0],"yaw":3.14159250259399},"position":[6.0,0.00100011611357331,6.29756689071655],"time_ms":15605,"wall_ms":1791532992253.0,"yaw":3.14159250259399}
S03R {"event":"prediction","history_size":4,"position":[6.0,0.00100011611357331,6.38090038299561],"predicted_tick":911,"role":"client","tick":911,"time_ms":15609,"wall_ms":1791532992258.0,"yaw":3.14159250259399}
S03R {"event":"prediction","history_size":5,"position":[6.0,0.00100011611357331,6.46423387527466],"predicted_tick":912,"role":"client","tick":912,"time_ms":15615,"wall_ms":1791532992262.0,"yaw":3.14159250259399}
S03R {"event":"prediction","history_size":6,"position":[6.0,0.00100011611357331,6.54756736755371],"predicted_tick":913,"role":"client","tick":913,"time_ms":15628,"wall_ms":1791532992276.0,"yaw":3.14159250259399}
S03R {"event":"prediction","history_size":7,"position":[6.0,0.00100011611357331,6.63090085983276],"predicted_tick":914,"role":"client","tick":914,"time_ms":15649,"wall_ms":1791532992298.0,"yaw":3.14159250259399}
S03R {"authority_install_error_m":0.0,"entity":1,"event":"apply","pose":{"control":1,"durable":2,"entity":1,"last_input_tick":916,"position":[0.0,0.00100011611357331,10.9999923706055],"receipt_ms":15652,"sequence":916,"tick":957,"velocity":[0.0,0.0,0.0],"yaw":0.0},"position":[0.0,0.00100011611357331,10.9999923706055],"time_ms":15663,"wall_ms":1791532992311.0,"yaw":0.0}
S03R {"ack_input_tick":910,"cause":"none","correction_m":0.0,"correction_yaw_deg":0.0,"event":"correction","history_exhausted":false,"replay_frames":4,"replay_usec":77,"role":"client","tick":915,"time_ms":15665,"wall_ms":1791532992313.0}
S03R {"authority_install_error_m":0.0,"entity":2,"event":"apply","pose":{"control":1,"durable":2,"entity":2,"last_input_tick":910,"position":[6.0,0.00100011611357331,6.29756689071655],"receipt_ms":15652,"sequence":910,"tick":957,"velocity":[0.0,0.0,5.0],"yaw":3.14159250259399},"position":[6.0,0.00100011611357331,6.63090085983276],"time_ms":15669,"wall_ms":1791532992317.0,"yaw":3.14159250259399}
S03R {"event":"prediction","history_size":5,"position":[6.0,0.00100011611357331,6.71423435211182],"predicted_tick":915,"role":"client","tick":915,"time_ms":15674,"wall_ms":1791532992321.0,"yaw":3.14159250259399}
S03R {"event":"prediction","history_size":6,"position":[6.0,0.00100011611357331,6.79756784439087],"predicted_tick":916,"role":"client","tick":916,"time_ms":15684,"wall_ms":1791532992332.0,"yaw":3.14159250259399}
S03R {"event":"prediction","history_size":7,"position":[6.0,0.00100011611357331,6.88090133666992],"predicted_tick":917,"role":"client","tick":917,"time_ms":15698,"wall_ms":1791532992346.0,"yaw":3.14159250259399}
S03R {"authority_install_error_m":0.0,"entity":1,"event":"apply","pose":{"control":1,"durable":2,"entity":1,"last_input_tick":919,"position":[0.0,0.00100011611357331,10.9999923706055],"receipt_ms":15701,"sequence":919,"tick":960,"velocity":[0.0,0.0,0.0],"yaw":0.0},"position":[0.0,0.00100011611357331,10.9999923706055],"time_ms":15712,"wall_ms":1791532992360.0,"yaw":0.0}
S03R {"ack_input_tick":913,"cause":"none","correction_m":0.0,"correction_yaw_deg":0.0,"event":"correction","history_exhausted":false,"replay_frames":4,"replay_usec":89,"role":"client","tick":918,"time_ms":15715,"wall_ms":1791532992362.0}
S03R {"authority_install_error_m":0.0,"entity":2,"event":"apply","pose":{"control":1,"durable":2,"entity":2,"last_input_tick":913,"position":[6.0,0.00100011611357331,6.54756736755371],"receipt_ms":15701,"sequence":913,"tick":960,"velocity":[0.0,0.0,5.0],"yaw":3.14159250259399},"position":[6.0,0.00100011611357331,6.88090133666992],"time_ms":15717,"wall_ms":1791532992365.0,"yaw":3.14159250259399}
S03R {"event":"prediction","history_size":5,"position":[6.0,0.00100011611357331,6.96423482894897],"predicted_tick":918,"role":"client","tick":918,"time_ms":15720,"wall_ms":1791532992367.0,"yaw":3.14159250259399}
S03R {"event":"prediction","history_size":6,"position":[6.0,0.00100011611357331,7.04756832122803],"predicted_tick":919,"role":"client","tick":919,"time_ms":15732,"wall_ms":1791532992380.0,"yaw":3.14159250259399}
S03R {"event":"prediction","history_size":7,"position":[6.0,0.00100011611357331,7.13090181350708],"predicted_tick":920,"role":"client","tick":920,"time_ms":15746,"wall_ms":1791532992394.0,"yaw":3.14159250259399}
S03R {"authority_install_error_m":0.0,"entity":1,"event":"apply","pose":{"control":1,"durable":2,"entity":1,"last_input_tick":922,"position":[0.0,0.00100011611357331,10.9999923706055],"receipt_ms":15749,"sequence":922,"tick":963,"velocity":[0.0,0.0,0.0],"yaw":0.0},"position":[0.0,0.00100011611357331,10.9999923706055],"time_ms":15767,"wall_ms":1791532992414.0,"yaw":0.0}
S03R {"ack_input_tick":916,"cause":"none","correction_m":0.0,"correction_yaw_deg":0.0,"event":"correction","history_exhausted":false,"replay_frames":4,"replay_usec":98,"role":"client","tick":921,"time_ms":15770,"wall_ms":1791532992418.0}
S03R {"authority_install_error_m":0.0,"entity":2,"event":"apply","pose":{"control":1,"durable":2,"entity":2,"last_input_tick":916,"position":[6.0,0.00100011611357331,6.79756784439087],"receipt_ms":15749,"sequence":916,"tick":963,"velocity":[0.0,0.0,5.0],"yaw":3.14159250259399},"position":[6.0,0.00100011611357331,7.13090181350708],"time_ms":15774,"wall_ms":1791532992422.0,"yaw":3.14159250259399}
S03R {"event":"prediction","history_size":5,"position":[6.0,0.00100011611357331,7.21423530578613],"predicted_tick":921,"role":"client","tick":921,"time_ms":15778,"wall_ms":1791532992426.0,"yaw":3.14159250259399}
S03R {"event":"prediction","history_size":6,"position":[6.0,0.00100011611357331,7.29756879806519],"predicted_tick":922,"role":"client","tick":922,"time_ms":15781,"wall_ms":1791532992429.0,"yaw":3.14159250259399}
S03R {"event":"prediction","history_size":7,"position":[6.0,0.00100011611357331,7.38090229034424],"predicted_tick":923,"role":"client","tick":923,"time_ms":15795,"wall_ms":1791532992444.0,"yaw":3.14159250259399}
S03R {"authority_install_error_m":0.0,"entity":1,"event":"apply","pose":{"control":1,"durable":2,"entity":1,"last_input_tick":925,"position":[0.0,0.00100011611357331,10.9999923706055],"receipt_ms":15798,"sequence":925,"tick":966,"velocity":[0.0,0.0,0.0],"yaw":0.0},"position":[0.0,0.00100011611357331,10.9999923706055],"time_ms":15816,"wall_ms":1791532992464.0,"yaw":0.0}
S03R {"ack_input_tick":919,"cause":"none","correction_m":0.0,"correction_yaw_deg":0.0,"event":"correction","history_exhausted":false,"replay_frames":4,"replay_usec":62,"role":"client","tick":924,"time_ms":15818,"wall_ms":1791532992467.0}
S03R {"authority_install_error_m":0.0,"entity":2,"event":"apply","pose":{"control":1,"durable":2,"entity":2,"last_input_tick":919,"position":[6.0,0.00100011611357331,7.04756832122803],"receipt_ms":15798,"sequence":919,"tick":966,"velocity":[0.0,0.0,5.0],"yaw":3.14159250259399},"position":[6.0,0.00100011611357331,7.38090229034424],"time_ms":15822,"wall_ms":1791532992470.0,"yaw":3.14159250259399}
S03R {"event":"prediction","history_size":5,"position":[6.0,0.00100011611357331,7.46423578262329],"predicted_tick":924,"role":"client","tick":924,"time_ms":15827,"wall_ms":1791532992474.0,"yaw":3.14159250259399}
S03R {"event":"prediction","history_size":6,"position":[6.0,0.00100011611357331,7.54756927490234],"predicted_tick":925,"role":"client","tick":925,"time_ms":15830,"wall_ms":1791532992478.0,"yaw":3.14159250259399}
S03R {"authority_install_error_m":0.0,"entity":1,"event":"apply","pose":{"control":1,"durable":2,"entity":1,"last_input_tick":928,"position":[0.0,0.00100011611357331,10.9999923706055],"receipt_ms":15844,"sequence":928,"tick":969,"velocity":[0.0,0.0,0.0],"yaw":0.0},"position":[0.0,0.00100011611357331,10.9999923706055],"time_ms":15851,"wall_ms":1791532992499.0,"yaw":0.0}
S03R {"ack_input_tick":922,"cause":"none","correction_m":0.0,"correction_yaw_deg":0.0,"event":"correction","history_exhausted":false,"replay_frames":3,"replay_usec":132,"role":"client","tick":926,"time_ms":15854,"wall_ms":1791532992502.0}
S03R {"authority_install_error_m":0.0,"entity":2,"event":"apply","pose":{"control":1,"durable":2,"entity":2,"last_input_tick":922,"position":[6.0,0.00100011611357331,7.29756879806519],"receipt_ms":15844,"sequence":922,"tick":969,"velocity":[0.0,0.0,5.0],"yaw":3.14159250259399},"position":[6.0,0.00100011611357331,7.54756927490234],"time_ms":15858,"wall_ms":1791532992506.0,"yaw":3.14159250259399}
S03R {"event":"prediction","history_size":4,"position":[6.0,0.00100011611357331,7.6309027671814],"predicted_tick":926,"role":"client","tick":926,"time_ms":15862,"wall_ms":1791532992510.0,"yaw":3.14159250259399}
S03R {"event":"prediction","history_size":5,"position":[6.0,0.00100011611357331,7.71423625946045],"predicted_tick":927,"role":"client","tick":927,"time_ms":15866,"wall_ms":1791532992514.0,"yaw":3.14159250259399}
S03R {"event":"prediction","history_size":6,"position":[6.0,0.00100011611357331,7.7975697517395],"predicted_tick":928,"role":"client","tick":928,"time_ms":15880,"wall_ms":1791532992528.0,"yaw":3.14159250259399}
S03R {"authority_install_error_m":0.0,"entity":1,"event":"apply","pose":{"control":1,"durable":2,"entity":1,"last_input_tick":931,"position":[0.0,0.00100011611357331,10.9999923706055],"receipt_ms":15893,"sequence":931,"tick":972,"velocity":[0.0,0.0,0.0],"yaw":0.0},"position":[0.0,0.00100011611357331,10.9999923706055],"time_ms":15900,"wall_ms":1791532992548.0,"yaw":0.0}
S03R {"ack_input_tick":925,"cause":"none","correction_m":0.0,"correction_yaw_deg":0.0,"event":"correction","history_exhausted":false,"replay_frames":3,"replay_usec":78,"role":"client","tick":929,"time_ms":15904,"wall_ms":1791532992552.0}
S03R {"authority_install_error_m":0.0,"entity":2,"event":"apply","pose":{"control":1,"durable":2,"entity":2,"last_input_tick":925,"position":[6.0,0.00100011611357331,7.54756927490234],"receipt_ms":15893,"sequence":925,"tick":972,"velocity":[0.0,0.0,5.0],"yaw":3.14159250259399},"position":[6.0,0.00100011611357331,7.7975697517395],"time_ms":15909,"wall_ms":1791532992557.0,"yaw":3.14159250259399}
S03R {"event":"prediction","history_size":4,"position":[6.0,0.00100011611357331,7.88090324401855],"predicted_tick":929,"role":"client","tick":929,"time_ms":15911,"wall_ms":1791532992560.0,"yaw":3.14159250259399}
S03R {"aim_yaw":0.0,"event":"keys","move":[0.0,0.0],"role":"client","tick":930,"time_ms":15914,"wall_ms":1791532992562.0}
S03R {"event":"prediction","history_size":5,"position":[6.0,0.00100011611357331,7.88090324401855],"predicted_tick":930,"role":"client","tick":930,"time_ms":15918,"wall_ms":1791532992566.0,"yaw":0.0}
S03R {"event":"prediction","history_size":6,"position":[6.0,0.00100011611357331,7.88090324401855],"predicted_tick":931,"role":"client","tick":931,"time_ms":15935,"wall_ms":1791532992583.0,"yaw":0.0}
S03R {"event":"prediction","history_size":7,"position":[6.0,0.00100011611357331,7.88090324401855],"predicted_tick":932,"role":"client","tick":932,"time_ms":15949,"wall_ms":1791532992597.0,"yaw":0.0}
S03R {"authority_install_error_m":0.0,"entity":1,"event":"apply","pose":{"control":1,"durable":2,"entity":1,"last_input_tick":934,"position":[0.0,0.00100011611357331,10.9999923706055],"receipt_ms":15953,"sequence":934,"tick":975,"velocity":[0.0,0.0,0.0],"yaw":0.0},"position":[0.0,0.00100011611357331,10.9999923706055],"time_ms":15963,"wall_ms":1791532992611.0,"yaw":0.0}
S03R {"ack_input_tick":928,"cause":"none","correction_m":0.0,"correction_yaw_deg":0.0,"event":"correction","history_exhausted":false,"replay_frames":4,"replay_usec":63,"role":"client","tick":933,"time_ms":15965,"wall_ms":1791532992613.0}
S03R {"authority_install_error_m":0.0,"entity":2,"event":"apply","pose":{"control":1,"durable":2,"entity":2,"last_input_tick":928,"position":[6.0,0.00100011611357331,7.7975697517395],"receipt_ms":15953,"sequence":928,"tick":975,"velocity":[0.0,0.0,5.0],"yaw":3.14159250259399},"position":[6.0,0.00100011611357331,7.88090324401855],"time_ms":15968,"wall_ms":1791532992616.0,"yaw":0.0}
S03R {"event":"prediction","history_size":5,"position":[6.0,0.00100011611357331,7.88090324401855],"predicted_tick":933,"role":"client","tick":933,"time_ms":15970,"wall_ms":1791532992618.0,"yaw":0.0}
S03R {"event":"prediction","history_size":6,"position":[6.0,0.00100011611357331,7.88090324401855],"predicted_tick":934,"role":"client","tick":934,"time_ms":15983,"wall_ms":1791532992631.0,"yaw":0.0}
S03R {"event":"prediction","history_size":7,"position":[6.0,0.00100011611357331,7.88090324401855],"predicted_tick":935,"role":"client","tick":935,"time_ms":15997,"wall_ms":1791532992646.0,"yaw":0.0}
S03R {"authority_install_error_m":0.0,"entity":1,"event":"apply","pose":{"control":1,"durable":2,"entity":1,"last_input_tick":937,"position":[0.0,0.00100011611357331,10.9999923706055],"receipt_ms":16001,"sequence":937,"tick":978,"velocity":[0.0,0.0,0.0],"yaw":0.0},"position":[0.0,0.00100011611357331,10.9999923706055],"time_ms":16018,"wall_ms":1791532992666.0,"yaw":0.0}
S03R {"ack_input_tick":931,"cause":"none","correction_m":0.0,"correction_yaw_deg":0.0,"event":"correction","history_exhausted":false,"replay_frames":4,"replay_usec":89,"role":"client","tick":936,"time_ms":16022,"wall_ms":1791532992670.0}
S03R {"authority_install_error_m":0.0,"entity":2,"event":"apply","pose":{"control":1,"durable":2,"entity":2,"last_input_tick":931,"position":[6.0,0.00100011611357331,7.88090324401855],"receipt_ms":16001,"sequence":931,"tick":978,"velocity":[0.0,0.0,0.0],"yaw":0.0},"position":[6.0,0.00100011611357331,7.88090324401855],"time_ms":16026,"wall_ms":1791532992673.0,"yaw":0.0}
S03R {"event":"prediction","history_size":5,"position":[6.0,0.00100011611357331,7.88090324401855],"predicted_tick":936,"role":"client","tick":936,"time_ms":16028,"wall_ms":1791532992677.0,"yaw":0.0}
S03R {"event":"prediction","history_size":6,"position":[6.0,0.00100011611357331,7.88090324401855],"predicted_tick":937,"role":"client","tick":937,"time_ms":16032,"wall_ms":1791532992680.0,"yaw":0.0}
S03R {"event":"prediction","history_size":7,"position":[6.0,0.00100011611357331,7.88090324401855],"predicted_tick":938,"role":"client","tick":938,"time_ms":16046,"wall_ms":1791532992694.0,"yaw":0.0}
S03R {"authority_install_error_m":0.0,"entity":1,"event":"apply","pose":{"control":1,"durable":2,"entity":1,"last_input_tick":940,"position":[0.0,0.00100011611357331,10.9999923706055],"receipt_ms":16049,"sequence":940,"tick":981,"velocity":[0.0,0.0,0.0],"yaw":0.0},"position":[0.0,0.00100011611357331,10.9999923706055],"time_ms":16066,"wall_ms":1791532992714.0,"yaw":0.0}
S03R {"ack_input_tick":934,"cause":"none","correction_m":0.0,"correction_yaw_deg":0.0,"event":"correction","history_exhausted":false,"replay_frames":4,"replay_usec":90,"role":"client","tick":939,"time_ms":16070,"wall_ms":1791532992718.0}
S03R {"authority_install_error_m":0.0,"entity":2,"event":"apply","pose":{"control":1,"durable":2,"entity":2,"last_input_tick":934,"position":[6.0,0.00100011611357331,7.88090324401855],"receipt_ms":16049,"sequence":934,"tick":981,"velocity":[0.0,0.0,0.0],"yaw":0.0},"position":[6.0,0.00100011611357331,7.88090324401855],"time_ms":16074,"wall_ms":1791532992722.0,"yaw":0.0}
S03R {"event":"prediction","history_size":5,"position":[6.0,0.00100011611357331,7.88090324401855],"predicted_tick":939,"role":"client","tick":939,"time_ms":16077,"wall_ms":1791532992724.0,"yaw":0.0}
S03R {"event":"prediction","history_size":6,"position":[6.0,0.00100011611357331,7.88090324401855],"predicted_tick":940,"role":"client","tick":940,"time_ms":16080,"wall_ms":1791532992728.0,"yaw":0.0}
S03R {"authority_install_error_m":0.0,"entity":1,"event":"apply","pose":{"control":1,"durable":2,"entity":1,"last_input_tick":943,"position":[0.0,0.00100011611357331,10.9999923706055],"receipt_ms":16094,"sequence":943,"tick":984,"velocity":[0.0,0.0,0.0],"yaw":0.0},"position":[0.0,0.00100011611357331,10.9999923706055],"time_ms":16101,"wall_ms":1791532992748.0,"yaw":0.0}
S03R {"ack_input_tick":937,"cause":"none","correction_m":0.0,"correction_yaw_deg":0.0,"event":"correction","history_exhausted":false,"replay_frames":3,"replay_usec":50,"role":"client","tick":941,"time_ms":16104,"wall_ms":1791532992752.0}
S03R {"authority_install_error_m":0.0,"entity":2,"event":"apply","pose":{"control":1,"durable":2,"entity":2,"last_input_tick":937,"position":[6.0,0.00100011611357331,7.88090324401855],"receipt_ms":16094,"sequence":937,"tick":984,"velocity":[0.0,0.0,0.0],"yaw":0.0},"position":[6.0,0.00100011611357331,7.88090324401855],"time_ms":16111,"wall_ms":1791532992758.0,"yaw":0.0}
S03R {"event":"prediction","history_size":4,"position":[6.0,0.00100011611357331,7.88090324401855],"predicted_tick":941,"role":"client","tick":941,"time_ms":16115,"wall_ms":1791532992763.0,"yaw":0.0}
S03R {"event":"prediction","history_size":5,"position":[6.0,0.00100011611357331,7.88090324401855],"predicted_tick":942,"role":"client","tick":942,"time_ms":16122,"wall_ms":1791532992770.0,"yaw":0.0}
S03R {"event":"prediction","history_size":6,"position":[6.0,0.00100011611357331,7.88090324401855],"predicted_tick":943,"role":"client","tick":943,"time_ms":16136,"wall_ms":1791532992783.0,"yaw":0.0}
S03R {"authority_install_error_m":0.0,"entity":1,"event":"apply","pose":{"control":1,"durable":2,"entity":1,"last_input_tick":946,"position":[0.0,0.00100011611357331,10.9999923706055],"receipt_ms":16149,"sequence":946,"tick":987,"velocity":[0.0,0.0,0.0],"yaw":0.0},"position":[0.0,0.00100011611357331,10.9999923706055],"time_ms":16156,"wall_ms":1791532992804.0,"yaw":0.0}
S03R {"ack_input_tick":940,"cause":"none","correction_m":0.0,"correction_yaw_deg":0.0,"event":"correction","history_exhausted":false,"replay_frames":3,"replay_usec":57,"role":"client","tick":944,"time_ms":16159,"wall_ms":1791532992807.0}
S03R {"authority_install_error_m":0.0,"entity":2,"event":"apply","pose":{"control":1,"durable":2,"entity":2,"last_input_tick":940,"position":[6.0,0.00100011611357331,7.88090324401855],"receipt_ms":16149,"sequence":940,"tick":987,"velocity":[0.0,0.0,0.0],"yaw":0.0},"position":[6.0,0.00100011611357331,7.88090324401855],"time_ms":16161,"wall_ms":1791532992809.0,"yaw":0.0}
S03R {"event":"prediction","history_size":4,"position":[6.0,0.00100011611357331,7.88090324401855],"predicted_tick":944,"role":"client","tick":944,"time_ms":16163,"wall_ms":1791532992812.0,"yaw":0.0}
S03R {"event":"prediction","history_size":5,"position":[6.0,0.00100011611357331,7.88090324401855],"predicted_tick":945,"role":"client","tick":945,"time_ms":16170,"wall_ms":1791532992818.0,"yaw":0.0}
S03R {"event":"prediction","history_size":6,"position":[6.0,0.00100011611357331,7.88090324401855],"predicted_tick":946,"role":"client","tick":946,"time_ms":16191,"wall_ms":1791532992840.0,"yaw":0.0}
S03R {"authority_install_error_m":0.0,"entity":1,"event":"apply","pose":{"control":1,"durable":2,"entity":1,"last_input_tick":949,"position":[0.0,0.00100011611357331,10.9999923706055],"receipt_ms":16194,"sequence":949,"tick":990,"velocity":[0.0,0.0,0.0],"yaw":0.0},"position":[0.0,0.00100011611357331,10.9999923706055],"time_ms":16205,"wall_ms":1791532992853.0,"yaw":0.0}
S03R {"ack_input_tick":943,"cause":"none","correction_m":0.0,"correction_yaw_deg":0.0,"event":"correction","history_exhausted":false,"replay_frames":3,"replay_usec":77,"role":"client","tick":947,"time_ms":16207,"wall_ms":1791532992855.0}
S03R {"authority_install_error_m":0.0,"entity":2,"event":"apply","pose":{"control":1,"durable":2,"entity":2,"last_input_tick":943,"position":[6.0,0.00100011611357331,7.88090324401855],"receipt_ms":16194,"sequence":943,"tick":990,"velocity":[0.0,0.0,0.0],"yaw":0.0},"position":[6.0,0.00100011611357331,7.88090324401855],"time_ms":16210,"wall_ms":1791532992858.0,"yaw":0.0}
S03R {"event":"prediction","history_size":4,"position":[6.0,0.00100011611357331,7.88090324401855],"predicted_tick":947,"role":"client","tick":947,"time_ms":16212,"wall_ms":1791532992860.0,"yaw":0.0}
S03R {"event":"prediction","history_size":5,"position":[6.0,0.00100011611357331,7.88090324401855],"predicted_tick":948,"role":"client","tick":948,"time_ms":16219,"wall_ms":1791532992867.0,"yaw":0.0}
S03R {"event":"prediction","history_size":6,"position":[6.0,0.00100011611357331,7.88090324401855],"predicted_tick":949,"role":"client","tick":949,"time_ms":16239,"wall_ms":1791532992887.0,"yaw":0.0}
S03R {"event":"focus_api","neutral":true,"role":"client","time_ms":16253,"wall_ms":1791532992901.0}
S03R {"authority_install_error_m":0.0,"entity":1,"event":"apply","pose":{"control":1,"durable":2,"entity":1,"last_input_tick":952,"position":[0.0,0.00100011611357331,10.9999923706055],"receipt_ms":16242,"sequence":952,"tick":993,"velocity":[0.0,0.0,0.0],"yaw":0.0},"position":[0.0,0.00100011611357331,10.9999923706055],"time_ms":16256,"wall_ms":1791532992904.0,"yaw":0.0}
S03R {"ack_input_tick":946,"cause":"none","correction_m":0.0,"correction_yaw_deg":0.0,"event":"correction","history_exhausted":false,"replay_frames":3,"replay_usec":78,"role":"client","tick":950,"time_ms":16258,"wall_ms":1791532992906.0}
S03R {"authority_install_error_m":0.0,"entity":2,"event":"apply","pose":{"control":1,"durable":2,"entity":2,"last_input_tick":946,"position":[6.0,0.00100011611357331,7.88090324401855],"receipt_ms":16242,"sequence":946,"tick":993,"velocity":[0.0,0.0,0.0],"yaw":0.0},"position":[6.0,0.00100011611357331,7.88090324401855],"time_ms":16261,"wall_ms":1791532992909.0,"yaw":0.0}
S03R {"event":"prediction","history_size":4,"position":[6.0,0.00100011611357331,7.88090324401855],"predicted_tick":950,"role":"client","tick":950,"time_ms":16263,"wall_ms":1791532992911.0,"yaw":0.0}
S03R {"event":"prediction","history_size":5,"position":[6.0,0.00100011611357331,7.88090324401855],"predicted_tick":951,"role":"client","tick":951,"time_ms":16274,"wall_ms":1791532992922.0,"yaw":0.0}
S03R {"event":"prediction","history_size":6,"position":[6.0,0.00100011611357331,7.88090324401855],"predicted_tick":952,"role":"client","tick":952,"time_ms":16287,"wall_ms":1791532992936.0,"yaw":0.0}
S03R {"authority_install_error_m":0.0,"entity":1,"event":"apply","pose":{"control":1,"durable":2,"entity":1,"last_input_tick":955,"position":[0.0,0.00100011611357331,10.9999923706055],"receipt_ms":16290,"sequence":955,"tick":996,"velocity":[0.0,0.0,0.0],"yaw":0.0},"position":[0.0,0.00100011611357331,10.9999923706055],"time_ms":16301,"wall_ms":1791532992949.0,"yaw":0.0}
S03R {"ack_input_tick":949,"cause":"none","correction_m":0.0,"correction_yaw_deg":0.0,"event":"correction","history_exhausted":false,"replay_frames":3,"replay_usec":79,"role":"client","tick":953,"time_ms":16313,"wall_ms":1791532992961.0}
S03R {"authority_install_error_m":0.0,"entity":2,"event":"apply","pose":{"control":1,"durable":2,"entity":2,"last_input_tick":949,"position":[6.0,0.00100011611357331,7.88090324401855],"receipt_ms":16290,"sequence":949,"tick":996,"velocity":[0.0,0.0,0.0],"yaw":0.0},"position":[6.0,0.00100011611357331,7.88090324401855],"time_ms":16317,"wall_ms":1791532992965.0,"yaw":0.0}
S03R {"event":"prediction","history_size":4,"position":[6.0,0.00100011611357331,7.88090324401855],"predicted_tick":953,"role":"client","tick":953,"time_ms":16321,"wall_ms":1791532992969.0,"yaw":0.0}
S03R {"event":"prediction","history_size":5,"position":[6.0,0.00100011611357331,7.88090324401855],"predicted_tick":954,"role":"client","tick":954,"time_ms":16334,"wall_ms":1791532992982.0,"yaw":0.0}
S03R {"authority_install_error_m":0.0,"entity":1,"event":"apply","pose":{"control":1,"durable":2,"entity":1,"last_input_tick":958,"position":[0.0,0.00100011611357331,10.9999923706055],"receipt_ms":16337,"sequence":958,"tick":999,"velocity":[0.0,0.0,0.0],"yaw":0.0},"position":[0.0,0.00100011611357331,10.9999923706055],"time_ms":16347,"wall_ms":1791532992995.0,"yaw":0.0}
S03R {"ack_input_tick":952,"cause":"none","correction_m":0.0,"correction_yaw_deg":0.0,"event":"correction","history_exhausted":false,"replay_frames":2,"replay_usec":58,"role":"client","tick":955,"time_ms":16350,"wall_ms":1791532992997.0}
S03R {"authority_install_error_m":0.0,"entity":2,"event":"apply","pose":{"control":1,"durable":2,"entity":2,"last_input_tick":952,"position":[6.0,0.00100011611357331,7.88090324401855],"receipt_ms":16337,"sequence":952,"tick":999,"velocity":[0.0,0.0,0.0],"yaw":0.0},"position":[6.0,0.00100011611357331,7.88090324401855],"time_ms":16352,"wall_ms":1791532993000.0,"yaw":0.0}
S03R {"event":"prediction","history_size":3,"position":[6.0,0.00100011611357331,7.88090324401855],"predicted_tick":955,"role":"client","tick":955,"time_ms":16355,"wall_ms":1791532993003.0,"yaw":0.0}
S03R {"event":"prediction","history_size":4,"position":[6.0,0.00100011611357331,7.88090324401855],"predicted_tick":956,"role":"client","tick":956,"time_ms":16361,"wall_ms":1791532993009.0,"yaw":0.0}
S03R {"event":"prediction","history_size":5,"position":[6.0,0.00100011611357331,7.88090324401855],"predicted_tick":957,"role":"client","tick":957,"time_ms":16382,"wall_ms":1791532993030.0,"yaw":0.0}
S03R {"authority_install_error_m":0.0,"entity":1,"event":"apply","pose":{"control":1,"durable":2,"entity":1,"last_input_tick":961,"position":[0.0,0.00100011611357331,10.9999923706055],"receipt_ms":16385,"sequence":961,"tick":1002,"velocity":[0.0,0.0,0.0],"yaw":0.0},"position":[0.0,0.00100011611357331,10.9999923706055],"time_ms":16396,"wall_ms":1791532993044.0,"yaw":0.0}
S03R {"ack_input_tick":954,"cause":"none","correction_m":0.0,"correction_yaw_deg":0.0,"event":"correction","history_exhausted":false,"replay_frames":3,"replay_usec":51,"role":"client","tick":958,"time_ms":16398,"wall_ms":1791532993046.0}
S03R {"authority_install_error_m":0.0,"entity":2,"event":"apply","pose":{"control":1,"durable":2,"entity":2,"last_input_tick":954,"position":[6.0,0.00100011611357331,7.88090324401855],"receipt_ms":16385,"sequence":954,"tick":1002,"velocity":[0.0,0.0,0.0],"yaw":0.0},"position":[6.0,0.00100011611357331,7.88090324401855],"time_ms":16400,"wall_ms":1791532993049.0,"yaw":0.0}
S03R {"event":"prediction","history_size":4,"position":[6.0,0.00100011611357331,7.88090324401855],"predicted_tick":958,"role":"client","tick":958,"time_ms":16403,"wall_ms":1791532993051.0,"yaw":0.0}
S03R {"event":"prediction","history_size":5,"position":[6.0,0.00100011611357331,7.88090324401855],"predicted_tick":959,"role":"client","tick":959,"time_ms":16409,"wall_ms":1791532993057.0,"yaw":0.0}
S03R {"event":"prediction","history_size":6,"position":[6.0,0.00100011611357331,7.88090324401855],"predicted_tick":960,"role":"client","tick":960,"time_ms":16430,"wall_ms":1791532993078.0,"yaw":0.0}
S03R {"authority_install_error_m":0.0,"entity":1,"event":"apply","pose":{"control":1,"durable":2,"entity":1,"last_input_tick":964,"position":[0.0,0.00100011611357331,10.9999923706055],"receipt_ms":16433,"sequence":964,"tick":1005,"velocity":[0.0,0.0,0.0],"yaw":0.0},"position":[0.0,0.00100011611357331,10.9999923706055],"time_ms":16444,"wall_ms":1791532993092.0,"yaw":0.0}
S03R {"ack_input_tick":957,"cause":"none","correction_m":0.0,"correction_yaw_deg":0.0,"event":"correction","history_exhausted":false,"replay_frames":3,"replay_usec":56,"role":"client","tick":961,"time_ms":16446,"wall_ms":1791532993095.0}
S03R {"authority_install_error_m":0.0,"entity":2,"event":"apply","pose":{"control":1,"durable":2,"entity":2,"last_input_tick":957,"position":[6.0,0.00100011611357331,7.88090324401855],"receipt_ms":16433,"sequence":957,"tick":1005,"velocity":[0.0,0.0,0.0],"yaw":0.0},"position":[6.0,0.00100011611357331,7.88090324401855],"time_ms":16449,"wall_ms":1791532993097.0,"yaw":0.0}
S03R {"event":"prediction","history_size":4,"position":[6.0,0.00100011611357331,7.88090324401855],"predicted_tick":961,"role":"client","tick":961,"time_ms":16451,"wall_ms":1791532993099.0,"yaw":0.0}
S03R {"event":"prediction","history_size":5,"position":[6.0,0.00100011611357331,7.88090324401855],"predicted_tick":962,"role":"client","tick":962,"time_ms":16458,"wall_ms":1791532993106.0,"yaw":0.0}
S03R {"event":"prediction","history_size":6,"position":[6.0,0.00100011611357331,7.88090324401855],"predicted_tick":963,"role":"client","tick":963,"time_ms":16478,"wall_ms":1791532993127.0,"yaw":0.0}
S03R {"authority_install_error_m":0.0,"entity":1,"event":"apply","pose":{"control":1,"durable":2,"entity":1,"last_input_tick":967,"position":[0.0,0.00100011611357331,10.9999923706055],"receipt_ms":16481,"sequence":967,"tick":1008,"velocity":[0.0,0.0,0.0],"yaw":0.0},"position":[0.0,0.00100011611357331,10.9999923706055],"time_ms":16492,"wall_ms":1791532993140.0,"yaw":0.0}
S03R {"ack_input_tick":960,"cause":"none","correction_m":0.0,"correction_yaw_deg":0.0,"event":"correction","history_exhausted":false,"replay_frames":3,"replay_usec":88,"role":"client","tick":964,"time_ms":16495,"wall_ms":1791532993143.0}
S03R {"authority_install_error_m":0.0,"entity":2,"event":"apply","pose":{"control":1,"durable":2,"entity":2,"last_input_tick":960,"position":[6.0,0.00100011611357331,7.88090324401855],"receipt_ms":16481,"sequence":960,"tick":1008,"velocity":[0.0,0.0,0.0],"yaw":0.0},"position":[6.0,0.00100011611357331,7.88090324401855],"time_ms":16498,"wall_ms":1791532993146.0,"yaw":0.0}
S03R {"event":"prediction","history_size":4,"position":[6.0,0.00100011611357331,7.88090324401855],"predicted_tick":964,"role":"client","tick":964,"time_ms":16500,"wall_ms":1791532993148.0,"yaw":0.0}
S03R {"event":"prediction","history_size":5,"position":[6.0,0.00100011611357331,7.88090324401855],"predicted_tick":965,"role":"client","tick":965,"time_ms":16506,"wall_ms":1791532993154.0,"yaw":0.0}
S03R {"event":"prediction","history_size":6,"position":[6.0,0.00100011611357331,7.88090324401855],"predicted_tick":966,"role":"client","tick":966,"time_ms":16527,"wall_ms":1791532993175.0,"yaw":0.0}
S03R {"authority_install_error_m":0.0,"entity":1,"event":"apply","pose":{"control":1,"durable":2,"entity":1,"last_input_tick":970,"position":[0.0,0.00100011611357331,10.9999923706055],"receipt_ms":16530,"sequence":970,"tick":1011,"velocity":[0.0,0.0,0.0],"yaw":0.0},"position":[0.0,0.00100011611357331,10.9999923706055],"time_ms":16540,"wall_ms":1791532993188.0,"yaw":0.0}
S03R {"ack_input_tick":963,"cause":"none","correction_m":0.0,"correction_yaw_deg":0.0,"event":"correction","history_exhausted":false,"replay_frames":3,"replay_usec":47,"role":"client","tick":967,"time_ms":16543,"wall_ms":1791532993191.0}
S03R {"authority_install_error_m":0.0,"entity":2,"event":"apply","pose":{"control":1,"durable":2,"entity":2,"last_input_tick":963,"position":[6.0,0.00100011611357331,7.88090324401855],"receipt_ms":16530,"sequence":963,"tick":1011,"velocity":[0.0,0.0,0.0],"yaw":0.0},"position":[6.0,0.00100011611357331,7.88090324401855],"time_ms":16545,"wall_ms":1791532993194.0,"yaw":0.0}
S03R {"event":"prediction","history_size":4,"position":[6.0,0.00100011611357331,7.88090324401855],"predicted_tick":967,"role":"client","tick":967,"time_ms":16548,"wall_ms":1791532993196.0,"yaw":0.0}
S03R {"event":"prediction","history_size":5,"position":[6.0,0.00100011611357331,7.88090324401855],"predicted_tick":968,"role":"client","tick":968,"time_ms":16554,"wall_ms":1791532993203.0,"yaw":0.0}
S03R {"event":"prediction","history_size":6,"position":[6.0,0.00100011611357331,7.88090324401855],"predicted_tick":969,"role":"client","tick":969,"time_ms":16575,"wall_ms":1791532993223.0,"yaw":0.0}
S03R {"authority_install_error_m":0.0,"entity":1,"event":"apply","pose":{"control":1,"durable":2,"entity":1,"last_input_tick":973,"position":[0.0,0.00100011611357331,10.9999923706055],"receipt_ms":16578,"sequence":973,"tick":1014,"velocity":[0.0,0.0,0.0],"yaw":0.0},"position":[0.0,0.00100011611357331,10.9999923706055],"time_ms":16589,"wall_ms":1791532993237.0,"yaw":0.0}
S03R {"ack_input_tick":966,"cause":"none","correction_m":0.0,"correction_yaw_deg":0.0,"event":"correction","history_exhausted":false,"replay_frames":3,"replay_usec":48,"role":"client","tick":970,"time_ms":16592,"wall_ms":1791532993240.0}
S03R {"authority_install_error_m":0.0,"entity":2,"event":"apply","pose":{"control":1,"durable":2,"entity":2,"last_input_tick":966,"position":[6.0,0.00100011611357331,7.88090324401855],"receipt_ms":16578,"sequence":966,"tick":1014,"velocity":[0.0,0.0,0.0],"yaw":0.0},"position":[6.0,0.00100011611357331,7.88090324401855],"time_ms":16596,"wall_ms":1791532993244.0,"yaw":0.0}
S03R {"event":"prediction","history_size":4,"position":[6.0,0.00100011611357331,7.88090324401855],"predicted_tick":970,"role":"client","tick":970,"time_ms":16600,"wall_ms":1791532993248.0,"yaw":0.0}
S03R {"event":"prediction","history_size":5,"position":[6.0,0.00100011611357331,7.88090324401855],"predicted_tick":971,"role":"client","tick":971,"time_ms":16606,"wall_ms":1791532993254.0,"yaw":0.0}
S03R {"event":"prediction","history_size":6,"position":[6.0,0.00100011611357331,7.88090324401855],"predicted_tick":972,"role":"client","tick":972,"time_ms":16627,"wall_ms":1791532993275.0,"yaw":0.0}
S03R {"authority_install_error_m":0.0,"entity":1,"event":"apply","pose":{"control":1,"durable":2,"entity":1,"last_input_tick":976,"position":[0.0,0.00100011611357331,10.9999923706055],"receipt_ms":16629,"sequence":976,"tick":1017,"velocity":[0.0,0.0,0.0],"yaw":0.0},"position":[0.0,0.00100011611357331,10.9999923706055],"time_ms":16640,"wall_ms":1791532993289.0,"yaw":0.0}
S03R {"ack_input_tick":969,"cause":"none","correction_m":0.0,"correction_yaw_deg":0.0,"event":"correction","history_exhausted":false,"replay_frames":3,"replay_usec":113,"role":"client","tick":973,"time_ms":16645,"wall_ms":1791532993293.0}
S03R {"authority_install_error_m":0.0,"entity":2,"event":"apply","pose":{"control":1,"durable":2,"entity":2,"last_input_tick":969,"position":[6.0,0.00100011611357331,7.88090324401855],"receipt_ms":16629,"sequence":969,"tick":1017,"velocity":[0.0,0.0,0.0],"yaw":0.0},"position":[6.0,0.00100011611357331,7.88090324401855],"time_ms":16649,"wall_ms":1791532993297.0,"yaw":0.0}
S03R {"event":"prediction","history_size":4,"position":[6.0,0.00100011611357331,7.88090324401855],"predicted_tick":973,"role":"client","tick":973,"time_ms":16651,"wall_ms":1791532993300.0,"yaw":0.0}
S03R {"event":"prediction","history_size":5,"position":[6.0,0.00100011611357331,7.88090324401855],"predicted_tick":974,"role":"client","tick":974,"time_ms":16655,"wall_ms":1791532993303.0,"yaw":0.0}
S03R {"event":"prediction","history_size":6,"position":[6.0,0.00100011611357331,7.88090324401855],"predicted_tick":975,"role":"client","tick":975,"time_ms":16675,"wall_ms":1791532993324.0,"yaw":0.0}
S03R {"event":"prediction","history_size":7,"position":[6.0,0.00100011611357331,7.88090324401855],"predicted_tick":976,"role":"client","tick":976,"time_ms":16689,"wall_ms":1791532993337.0,"yaw":0.0}
S03R {"authority_install_error_m":0.0,"entity":1,"event":"apply","pose":{"control":1,"durable":2,"entity":1,"last_input_tick":979,"position":[0.0,0.00100011611357331,10.9999923706055],"receipt_ms":16692,"sequence":979,"tick":1020,"velocity":[0.0,0.0,0.0],"yaw":0.0},"position":[0.0,0.00100011611357331,10.9999923706055],"time_ms":16703,"wall_ms":1791532993351.0,"yaw":0.0}
S03R {"ack_input_tick":972,"cause":"none","correction_m":0.0,"correction_yaw_deg":0.0,"event":"correction","history_exhausted":false,"replay_frames":4,"replay_usec":54,"role":"client","tick":977,"time_ms":16706,"wall_ms":1791532993354.0}
S03R {"authority_install_error_m":0.0,"entity":2,"event":"apply","pose":{"control":1,"durable":2,"entity":2,"last_input_tick":972,"position":[6.0,0.00100011611357331,7.88090324401855],"receipt_ms":16692,"sequence":972,"tick":1020,"velocity":[0.0,0.0,0.0],"yaw":0.0},"position":[6.0,0.00100011611357331,7.88090324401855],"time_ms":16710,"wall_ms":1791532993358.0,"yaw":0.0}
S03R {"event":"prediction","history_size":5,"position":[6.0,0.00100011611357331,7.88090324401855],"predicted_tick":977,"role":"client","tick":977,"time_ms":16714,"wall_ms":1791532993362.0,"yaw":0.0}
S03R {"event":"prediction","history_size":6,"position":[6.0,0.00100011611357331,7.88090324401855],"predicted_tick":978,"role":"client","tick":978,"time_ms":16725,"wall_ms":1791532993373.0,"yaw":0.0}
S03R {"event":"prediction","history_size":7,"position":[6.0,0.00100011611357331,7.88090324401855],"predicted_tick":979,"role":"client","tick":979,"time_ms":16738,"wall_ms":1791532993387.0,"yaw":0.0}
S03R {"authority_install_error_m":0.0,"entity":1,"event":"apply","pose":{"control":1,"durable":2,"entity":1,"last_input_tick":982,"position":[0.0,0.00100011611357331,10.9999923706055],"receipt_ms":16742,"sequence":982,"tick":1023,"velocity":[0.0,0.0,0.0],"yaw":0.0},"position":[0.0,0.00100011611357331,10.9999923706055],"time_ms":16759,"wall_ms":1791532993407.0,"yaw":0.0}
S03R {"ack_input_tick":975,"cause":"none","correction_m":0.0,"correction_yaw_deg":0.0,"event":"correction","history_exhausted":false,"replay_frames":4,"replay_usec":99,"role":"client","tick":980,"time_ms":16762,"wall_ms":1791532993410.0}
S03R {"authority_install_error_m":0.0,"entity":2,"event":"apply","pose":{"control":1,"durable":2,"entity":2,"last_input_tick":975,"position":[6.0,0.00100011611357331,7.88090324401855],"receipt_ms":16742,"sequence":975,"tick":1023,"velocity":[0.0,0.0,0.0],"yaw":0.0},"position":[6.0,0.00100011611357331,7.88090324401855],"time_ms":16767,"wall_ms":1791532993415.0,"yaw":0.0}
S03R {"event":"prediction","history_size":5,"position":[6.0,0.00100011611357331,7.88090324401855],"predicted_tick":980,"role":"client","tick":980,"time_ms":16771,"wall_ms":1791532993419.0,"yaw":0.0}
S03R {"event":"prediction","history_size":6,"position":[6.0,0.00100011611357331,7.88090324401855],"predicted_tick":981,"role":"client","tick":981,"time_ms":16774,"wall_ms":1791532993423.0,"yaw":0.0}
S03R {"event":"prediction","history_size":7,"position":[6.0,0.00100011611357331,7.88090324401855],"predicted_tick":982,"role":"client","tick":982,"time_ms":16788,"wall_ms":1791532993437.0,"yaw":0.0}
S03R {"authority_install_error_m":0.0,"entity":1,"event":"apply","pose":{"control":1,"durable":2,"entity":1,"last_input_tick":985,"position":[0.0,0.00100011611357331,10.9999923706055],"receipt_ms":16793,"sequence":985,"tick":1026,"velocity":[0.0,0.0,0.0],"yaw":0.0},"position":[0.0,0.00100011611357331,10.9999923706055],"time_ms":16809,"wall_ms":1791532993457.0,"yaw":0.0}
S03R {"ack_input_tick":978,"cause":"none","correction_m":0.0,"correction_yaw_deg":0.0,"event":"correction","history_exhausted":false,"replay_frames":4,"replay_usec":107,"role":"client","tick":983,"time_ms":16814,"wall_ms":1791532993462.0}
S03R {"authority_install_error_m":0.0,"entity":2,"event":"apply","pose":{"control":1,"durable":2,"entity":2,"last_input_tick":978,"position":[6.0,0.00100011611357331,7.88090324401855],"receipt_ms":16793,"sequence":978,"tick":1026,"velocity":[0.0,0.0,0.0],"yaw":0.0},"position":[6.0,0.00100011611357331,7.88090324401855],"time_ms":16820,"wall_ms":1791532993467.0,"yaw":0.0}
S03R {"event":"prediction","history_size":5,"position":[6.0,0.00100011611357331,7.88090324401855],"predicted_tick":983,"role":"client","tick":983,"time_ms":16824,"wall_ms":1791532993473.0,"yaw":0.0}
S03R {"event":"prediction","history_size":6,"position":[6.0,0.00100011611357331,7.88090324401855],"predicted_tick":984,"role":"client","tick":984,"time_ms":16829,"wall_ms":1791532993478.0,"yaw":0.0}
S03R {"authority_install_error_m":0.0,"entity":1,"event":"apply","pose":{"control":1,"durable":2,"entity":1,"last_input_tick":988,"position":[0.0,0.00100011611357331,10.9999923706055],"receipt_ms":16833,"sequence":988,"tick":1029,"velocity":[0.0,0.0,0.0],"yaw":0.0},"position":[0.0,0.00100011611357331,10.9999923706055],"time_ms":16836,"wall_ms":1791532993484.0,"yaw":0.0}
S03R {"ack_input_tick":981,"cause":"none","correction_m":0.0,"correction_yaw_deg":0.0,"event":"correction","history_exhausted":false,"replay_frames":3,"replay_usec":75,"role":"client","tick":985,"time_ms":16838,"wall_ms":1791532993487.0}
S03R {"authority_install_error_m":0.0,"entity":2,"event":"apply","pose":{"control":1,"durable":2,"entity":2,"last_input_tick":981,"position":[6.0,0.00100011611357331,7.88090324401855],"receipt_ms":16833,"sequence":981,"tick":1029,"velocity":[0.0,0.0,0.0],"yaw":0.0},"position":[6.0,0.00100011611357331,7.88090324401855],"time_ms":16841,"wall_ms":1791532993489.0,"yaw":0.0}
S03R {"event":"prediction","history_size":4,"position":[6.0,0.00100011611357331,7.88090324401855],"predicted_tick":985,"role":"client","tick":985,"time_ms":16843,"wall_ms":1791532993491.0,"yaw":0.0}
S03R {"event":"prediction","history_size":5,"position":[6.0,0.00100011611357331,7.88090324401855],"predicted_tick":986,"role":"client","tick":986,"time_ms":16850,"wall_ms":1791532993498.0,"yaw":0.0}
S03R {"event":"prediction","history_size":6,"position":[6.0,0.00100011611357331,7.88090324401855],"predicted_tick":987,"role":"client","tick":987,"time_ms":16864,"wall_ms":1791532993512.0,"yaw":0.0}
S03R {"authority_install_error_m":0.0,"entity":1,"event":"apply","pose":{"control":1,"durable":2,"entity":1,"last_input_tick":991,"position":[0.0,0.00100011611357331,10.9999923706055],"receipt_ms":16877,"sequence":991,"tick":1032,"velocity":[0.0,0.0,0.0],"yaw":0.0},"position":[0.0,0.00100011611357331,10.9999923706055],"time_ms":16884,"wall_ms":1791532993533.0,"yaw":0.0}
S03R {"ack_input_tick":984,"cause":"none","correction_m":0.0,"correction_yaw_deg":0.0,"event":"correction","history_exhausted":false,"replay_frames":3,"replay_usec":119,"role":"client","tick":988,"time_ms":16887,"wall_ms":1791532993535.0}
S03R {"authority_install_error_m":0.0,"entity":2,"event":"apply","pose":{"control":1,"durable":2,"entity":2,"last_input_tick":984,"position":[6.0,0.00100011611357331,7.88090324401855],"receipt_ms":16877,"sequence":984,"tick":1032,"velocity":[0.0,0.0,0.0],"yaw":0.0},"position":[6.0,0.00100011611357331,7.88090324401855],"time_ms":16890,"wall_ms":1791532993538.0,"yaw":0.0}
S03R {"event":"prediction","history_size":4,"position":[6.0,0.00100011611357331,7.88090324401855],"predicted_tick":988,"role":"client","tick":988,"time_ms":16893,"wall_ms":1791532993541.0,"yaw":0.0}
S03R {"event":"prediction","history_size":5,"position":[6.0,0.00100011611357331,7.88090324401855],"predicted_tick":989,"role":"client","tick":989,"time_ms":16898,"wall_ms":1791532993547.0,"yaw":0.0}
S03R {"aim_yaw":-3.14159265358979,"event":"input","index":23,"move":[0.0,1.0],"position":[6.0,0.00100011611357331,7.88090324401855],"role":"client","sequence_floor":990,"tick":990,"time_ms":16912,"wall_ms":1791532993560.0,"yaw":0.0}
S03R {"aim_yaw":-3.14159265358979,"event":"keys","move":[0.0,1.0],"role":"client","tick":990,"time_ms":16914,"wall_ms":1791532993562.0}
S03R {"event":"prediction","history_size":6,"position":[6.0,0.00100011611357331,7.96423673629761],"predicted_tick":990,"role":"client","tick":990,"time_ms":16917,"wall_ms":1791532993565.0,"yaw":3.14159250259399}
S03R {"event":"prediction","history_size":7,"position":[6.0,0.00100011611357331,8.04757022857666],"predicted_tick":991,"role":"client","tick":991,"time_ms":16933,"wall_ms":1791532993581.0,"yaw":3.14159250259399}
S03R {"authority_install_error_m":0.0,"entity":1,"event":"apply","pose":{"control":1,"durable":2,"entity":1,"last_input_tick":994,"position":[0.0,0.00100011611357331,10.9999923706055],"receipt_ms":16936,"sequence":994,"tick":1035,"velocity":[0.0,0.0,0.0],"yaw":0.0},"position":[0.0,0.00100011611357331,10.9999923706055],"time_ms":16947,"wall_ms":1791532993595.0,"yaw":0.0}
S03R {"ack_input_tick":987,"cause":"none","correction_m":0.0,"correction_yaw_deg":0.0,"event":"correction","history_exhausted":false,"replay_frames":4,"replay_usec":64,"role":"client","tick":992,"time_ms":16949,"wall_ms":1791532993597.0}
S03R {"authority_install_error_m":0.0,"entity":2,"event":"apply","pose":{"control":1,"durable":2,"entity":2,"last_input_tick":987,"position":[6.0,0.00100011611357331,7.88090324401855],"receipt_ms":16936,"sequence":987,"tick":1035,"velocity":[0.0,0.0,0.0],"yaw":0.0},"position":[6.0,0.00100011611357331,8.04757022857666],"time_ms":16951,"wall_ms":1791532993600.0,"yaw":3.14159250259399}
S03R {"event":"prediction","history_size":5,"position":[6.0,0.00100011611357331,8.13090324401855],"predicted_tick":992,"role":"client","tick":992,"time_ms":16954,"wall_ms":1791532993601.0,"yaw":3.14159250259399}
S03R {"event":"prediction","history_size":6,"position":[6.0,0.00100011611357331,8.21423625946045],"predicted_tick":993,"role":"client","tick":993,"time_ms":16967,"wall_ms":1791532993615.0,"yaw":3.14159250259399}
S03R {"event":"prediction","history_size":7,"position":[6.0,0.00100011611357331,8.29756927490234],"predicted_tick":994,"role":"client","tick":994,"time_ms":16981,"wall_ms":1791532993629.0,"yaw":3.14159250259399}
S03R {"authority_install_error_m":0.0,"entity":1,"event":"apply","pose":{"control":1,"durable":2,"entity":1,"last_input_tick":997,"position":[0.0,0.00100011611357331,10.9999923706055],"receipt_ms":16984,"sequence":997,"tick":1038,"velocity":[0.0,0.0,0.0],"yaw":0.0},"position":[0.0,0.00100011611357331,10.9999923706055],"time_ms":16995,"wall_ms":1791532993643.0,"yaw":0.0}
S03R {"ack_input_tick":990,"cause":"none","correction_m":0.0,"correction_yaw_deg":0.0,"event":"correction","history_exhausted":false,"replay_frames":4,"replay_usec":122,"role":"client","tick":995,"time_ms":16997,"wall_ms":1791532993646.0}
S03R {"authority_install_error_m":0.0,"entity":2,"event":"apply","pose":{"control":1,"durable":2,"entity":2,"last_input_tick":990,"position":[6.0,0.00100011611357331,7.96423673629761],"receipt_ms":16984,"sequence":990,"tick":1038,"velocity":[0.0,0.0,5.0],"yaw":3.14159250259399},"position":[6.0,0.00100011611357331,8.29756927490234],"time_ms":17000,"wall_ms":1791532993648.0,"yaw":3.14159250259399}
S03R {"event":"prediction","history_size":5,"position":[6.0,0.00100011611357331,8.38090229034424],"predicted_tick":995,"role":"client","tick":995,"time_ms":17002,"wall_ms":1791532993651.0,"yaw":3.14159250259399}
S03R {"event":"prediction","history_size":6,"position":[6.0,0.00100011611357331,8.46423530578613],"predicted_tick":996,"role":"client","tick":996,"time_ms":17015,"wall_ms":1791532993664.0,"yaw":3.14159250259399}
S03R {"event":"prediction","history_size":7,"position":[6.0,0.00100011611357331,8.54756832122803],"predicted_tick":997,"role":"client","tick":997,"time_ms":17029,"wall_ms":1791532993677.0,"yaw":3.14159250259399}
S03R {"authority_install_error_m":0.0,"entity":1,"event":"apply","pose":{"control":1,"durable":2,"entity":1,"last_input_tick":1000,"position":[0.0,0.00100011611357331,10.9999923706055],"receipt_ms":17032,"sequence":1000,"tick":1041,"velocity":[0.0,0.0,0.0],"yaw":0.0},"position":[0.0,0.00100011611357331,10.9999923706055],"time_ms":17050,"wall_ms":1791532993698.0,"yaw":0.0}
S03R {"ack_input_tick":993,"cause":"none","correction_m":0.0,"correction_yaw_deg":0.0,"event":"correction","history_exhausted":false,"replay_frames":4,"replay_usec":90,"role":"client","tick":998,"time_ms":17053,"wall_ms":1791532993701.0}
S03R {"authority_install_error_m":0.0,"entity":2,"event":"apply","pose":{"control":1,"durable":2,"entity":2,"last_input_tick":993,"position":[6.0,0.00100011611357331,8.21423625946045],"receipt_ms":17032,"sequence":993,"tick":1041,"velocity":[0.0,0.0,5.0],"yaw":3.14159250259399},"position":[6.0,0.00100011611357331,8.54756832122803],"time_ms":17055,"wall_ms":1791532993703.0,"yaw":3.14159250259399}
S03R {"event":"prediction","history_size":5,"position":[6.0,0.00100011611357331,8.63090133666992],"predicted_tick":998,"role":"client","tick":998,"time_ms":17058,"wall_ms":1791532993706.0,"yaw":3.14159250259399}
S03R {"event":"prediction","history_size":6,"position":[6.0,0.00100011611357331,8.71423435211182],"predicted_tick":999,"role":"client","tick":999,"time_ms":17064,"wall_ms":1791532993712.0,"yaw":3.14159250259399}
S03R {"event":"prediction","history_size":7,"position":[6.0,0.00100011611357331,8.79756736755371],"predicted_tick":1000,"role":"client","tick":1000,"time_ms":17085,"wall_ms":1791532993733.0,"yaw":3.14159250259399}
S03R {"authority_install_error_m":0.0,"entity":1,"event":"apply","pose":{"control":1,"durable":2,"entity":1,"last_input_tick":1003,"position":[0.0,0.00100011611357331,10.9999923706055],"receipt_ms":17088,"sequence":1003,"tick":1044,"velocity":[0.0,0.0,0.0],"yaw":0.0},"position":[0.0,0.00100011611357331,10.9999923706055],"time_ms":17098,"wall_ms":1791532993746.0,"yaw":0.0}
S03R {"ack_input_tick":996,"cause":"none","correction_m":0.0,"correction_yaw_deg":0.0,"event":"correction","history_exhausted":false,"replay_frames":4,"replay_usec":92,"role":"client","tick":1001,"time_ms":17101,"wall_ms":1791532993749.0}
S03R {"authority_install_error_m":0.0,"entity":2,"event":"apply","pose":{"control":1,"durable":2,"entity":2,"last_input_tick":996,"position":[6.0,0.00100011611357331,8.46423530578613],"receipt_ms":17088,"sequence":996,"tick":1044,"velocity":[0.0,0.0,5.0],"yaw":3.14159250259399},"position":[6.0,0.00100011611357331,8.79756736755371],"time_ms":17103,"wall_ms":1791532993751.0,"yaw":3.14159250259399}
S03R {"event":"prediction","history_size":5,"position":[6.0,0.00100011611357331,8.88090038299561],"predicted_tick":1001,"role":"client","tick":1001,"time_ms":17106,"wall_ms":1791532993753.0,"yaw":3.14159250259399}
S03R {"aim_yaw":0.0,"event":"keys","move":[0.0,0.0],"role":"client","tick":1002,"time_ms":17119,"wall_ms":1791532993767.0}
S03R {"event":"prediction","history_size":6,"position":[6.0,0.00100011611357331,8.88090038299561],"predicted_tick":1002,"role":"client","tick":1002,"time_ms":17121,"wall_ms":1791532993770.0,"yaw":0.0}
S03R {"event":"prediction","history_size":7,"position":[6.0,0.00100011611357331,8.88090038299561],"predicted_tick":1003,"role":"client","tick":1003,"time_ms":17133,"wall_ms":1791532993781.0,"yaw":0.0}
S03R {"authority_install_error_m":0.0,"entity":1,"event":"apply","pose":{"control":1,"durable":2,"entity":1,"last_input_tick":1006,"position":[0.0,0.00100011611357331,10.9999923706055],"receipt_ms":17136,"sequence":1006,"tick":1047,"velocity":[0.0,0.0,0.0],"yaw":0.0},"position":[0.0,0.00100011611357331,10.9999923706055],"time_ms":17153,"wall_ms":1791532993802.0,"yaw":0.0}
S03R {"ack_input_tick":999,"cause":"none","correction_m":0.0,"correction_yaw_deg":0.0,"event":"correction","history_exhausted":false,"replay_frames":4,"replay_usec":232,"role":"client","tick":1004,"time_ms":17156,"wall_ms":1791532993804.0}
S03R {"authority_install_error_m":0.0,"entity":2,"event":"apply","pose":{"control":1,"durable":2,"entity":2,"last_input_tick":999,"position":[6.0,0.00100011611357331,8.71423435211182],"receipt_ms":17136,"sequence":999,"tick":1047,"velocity":[0.0,0.0,5.0],"yaw":3.14159250259399},"position":[6.0,0.00100011611357331,8.88090038299561],"time_ms":17160,"wall_ms":1791532993809.0,"yaw":0.0}
S03R {"event":"prediction","history_size":5,"position":[6.0,0.00100011611357331,8.88090038299561],"predicted_tick":1004,"role":"client","tick":1004,"time_ms":17165,"wall_ms":1791532993813.0,"yaw":0.0}
S03R {"event":"prediction","history_size":6,"position":[6.0,0.00100011611357331,8.88090038299561],"predicted_tick":1005,"role":"client","tick":1005,"time_ms":17168,"wall_ms":1791532993816.0,"yaw":0.0}
S03R {"authority_install_error_m":0.0,"entity":1,"event":"apply","pose":{"control":1,"durable":2,"entity":1,"last_input_tick":1009,"position":[0.0,0.00100011611357331,10.9999923706055],"receipt_ms":17182,"sequence":1009,"tick":1050,"velocity":[0.0,0.0,0.0],"yaw":0.0},"position":[0.0,0.00100011611357331,10.9999923706055],"time_ms":17189,"wall_ms":1791532993837.0,"yaw":0.0}
S03R {"ack_input_tick":1000,"cause":"none","correction_m":0.0,"correction_yaw_deg":0.0,"event":"correction","history_exhausted":false,"replay_frames":5,"replay_usec":71,"role":"client","tick":1006,"time_ms":17192,"wall_ms":1791532993840.0}
S03R {"authority_install_error_m":0.0,"entity":2,"event":"apply","pose":{"control":1,"durable":2,"entity":2,"last_input_tick":1000,"position":[6.0,0.00100011611357331,8.79756736755371],"receipt_ms":17182,"sequence":1000,"tick":1050,"velocity":[0.0,0.0,0.0],"yaw":3.14159250259399},"position":[6.0,0.00100011611357331,8.88090038299561],"time_ms":17197,"wall_ms":1791532993844.0,"yaw":0.0}
S03R {"event":"prediction","history_size":6,"position":[6.0,0.00100011611357331,8.88090038299561],"predicted_tick":1006,"role":"client","tick":1006,"time_ms":17201,"wall_ms":1791532993848.0,"yaw":0.0}
S03R {"event":"prediction","history_size":7,"position":[6.0,0.00100011611357331,8.88090038299561],"predicted_tick":1007,"role":"client","tick":1007,"time_ms":17204,"wall_ms":1791532993852.0,"yaw":0.0}
S03R {"event":"prediction","history_size":8,"position":[6.0,0.00100011611357331,8.88090038299561],"predicted_tick":1008,"role":"client","tick":1008,"time_ms":17225,"wall_ms":1791532993873.0,"yaw":0.0}
S03R {"event":"prediction","history_size":9,"position":[6.0,0.00100011611357331,8.88090038299561],"predicted_tick":1009,"role":"client","tick":1009,"time_ms":17238,"wall_ms":1791532993887.0,"yaw":0.0}
S03R {"authority_install_error_m":0.0,"entity":1,"event":"apply","pose":{"control":1,"durable":2,"entity":1,"last_input_tick":1012,"position":[0.0,0.00100011611357331,10.9999923706055],"receipt_ms":17243,"sequence":1012,"tick":1053,"velocity":[0.0,0.0,0.0],"yaw":0.0},"position":[0.0,0.00100011611357331,10.9999923706055],"time_ms":17259,"wall_ms":1791532993907.0,"yaw":0.0}
S03R {"ack_input_tick":1000,"cause":"none","correction_m":0.0,"correction_yaw_deg":0.0,"event":"correction","history_exhausted":false,"replay_frames":9,"replay_usec":80,"role":"client","tick":1010,"time_ms":17262,"wall_ms":1791532993910.0}
S03R {"authority_install_error_m":0.0,"entity":2,"event":"apply","pose":{"control":1,"durable":2,"entity":2,"last_input_tick":1000,"position":[6.0,0.00100011611357331,8.79756736755371],"receipt_ms":17243,"sequence":1000,"tick":1053,"velocity":[0.0,0.0,0.0],"yaw":3.14159250259399},"position":[6.0,0.00100011611357331,8.88090038299561],"time_ms":17266,"wall_ms":1791532993913.0,"yaw":0.0}
S03R {"event":"prediction","history_size":10,"position":[6.0,0.00100011611357331,8.88090038299561],"predicted_tick":1010,"role":"client","tick":1010,"time_ms":17270,"wall_ms":1791532993919.0,"yaw":0.0}
S03R {"event":"prediction","history_size":11,"position":[6.0,0.00100011611357331,8.88090038299561],"predicted_tick":1011,"role":"client","tick":1011,"time_ms":17274,"wall_ms":1791532993922.0,"yaw":0.0}
S03R {"event":"prediction","history_size":12,"position":[6.0,0.00100011611357331,8.88090038299561],"predicted_tick":1012,"role":"client","tick":1012,"time_ms":17287,"wall_ms":1791532993936.0,"yaw":0.0}
S03R {"authority_install_error_m":0.0,"entity":1,"event":"apply","pose":{"control":1,"durable":2,"entity":1,"last_input_tick":1015,"position":[0.0,0.00100011611357331,10.9999923706055],"receipt_ms":17292,"sequence":1015,"tick":1056,"velocity":[0.0,0.0,0.0],"yaw":0.0},"position":[0.0,0.00100011611357331,10.9999923706055],"time_ms":17308,"wall_ms":1791532993956.0,"yaw":0.0}
S03R {"ack_input_tick":1000,"cause":"none","correction_m":0.0,"correction_yaw_deg":0.0,"event":"correction","history_exhausted":false,"replay_frames":12,"replay_usec":94,"role":"client","tick":1013,"time_ms":17312,"wall_ms":1791532993960.0}
S03R {"authority_install_error_m":0.0,"entity":2,"event":"apply","pose":{"control":1,"durable":2,"entity":2,"last_input_tick":1000,"position":[6.0,0.00100011611357331,8.79756736755371],"receipt_ms":17292,"sequence":1000,"tick":1056,"velocity":[0.0,0.0,0.0],"yaw":3.14159250259399},"position":[6.0,0.00100011611357331,8.88090038299561],"time_ms":17316,"wall_ms":1791532993964.0,"yaw":0.0}
S03R {"event":"prediction","history_size":13,"position":[6.0,0.00100011611357331,8.88090038299561],"predicted_tick":1013,"role":"client","tick":1013,"time_ms":17319,"wall_ms":1791532993967.0,"yaw":0.0}
S03R {"event":"prediction","history_size":14,"position":[6.0,0.00100011611357331,8.88090038299561],"predicted_tick":1014,"role":"client","tick":1014,"time_ms":17322,"wall_ms":1791532993970.0,"yaw":0.0}
S03R {"authority_install_error_m":0.0,"entity":1,"event":"apply","pose":{"control":1,"durable":2,"entity":1,"last_input_tick":1018,"position":[0.0,0.00100011611357331,10.9999923706055],"receipt_ms":17336,"sequence":1018,"tick":1059,"velocity":[0.0,0.0,0.0],"yaw":0.0},"position":[0.0,0.00100011611357331,10.9999923706055],"time_ms":17342,"wall_ms":1791532993991.0,"yaw":0.0}
S03R {"ack_input_tick":1000,"cause":"none","correction_m":0.0,"correction_yaw_deg":0.0,"event":"correction","history_exhausted":false,"replay_frames":14,"replay_usec":105,"role":"client","tick":1015,"time_ms":17347,"wall_ms":1791532993994.0}
S03R {"authority_install_error_m":0.0,"entity":2,"event":"apply","pose":{"control":1,"durable":2,"entity":2,"last_input_tick":1000,"position":[6.0,0.00100011611357331,8.79756736755371],"receipt_ms":17336,"sequence":1000,"tick":1059,"velocity":[0.0,0.0,0.0],"yaw":3.14159250259399},"position":[6.0,0.00100011611357331,8.88090038299561],"time_ms":17351,"wall_ms":1791532993998.0,"yaw":0.0}
S03R {"event":"prediction","history_size":15,"position":[6.0,0.00100011611357331,8.88090038299561],"predicted_tick":1015,"role":"client","tick":1015,"time_ms":17353,"wall_ms":1791532994001.0,"yaw":0.0}
S03R {"event":"prediction","history_size":16,"position":[6.0,0.00100011611357331,8.88090038299561],"predicted_tick":1016,"role":"client","tick":1016,"time_ms":17356,"wall_ms":1791532994004.0,"yaw":0.0}
S03R {"event":"prediction","history_size":17,"position":[6.0,0.00100011611357331,8.88090038299561],"predicted_tick":1017,"role":"client","tick":1017,"time_ms":17370,"wall_ms":1791532994018.0,"yaw":0.0}
S03R {"authority_install_error_m":0.0,"entity":1,"event":"apply","pose":{"control":1,"durable":2,"entity":1,"last_input_tick":1021,"position":[0.0,0.00100011611357331,10.9999923706055],"receipt_ms":17384,"sequence":1021,"tick":1062,"velocity":[0.0,0.0,0.0],"yaw":0.0},"position":[0.0,0.00100011611357331,10.9999923706055],"time_ms":17391,"wall_ms":1791532994038.0,"yaw":0.0}
S03R {"ack_input_tick":1000,"cause":"none","correction_m":0.0,"correction_yaw_deg":0.0,"event":"correction","history_exhausted":false,"replay_frames":17,"replay_usec":146,"role":"client","tick":1018,"time_ms":17395,"wall_ms":1791532994044.0}
S03R {"authority_install_error_m":0.0,"entity":2,"event":"apply","pose":{"control":1,"durable":2,"entity":2,"last_input_tick":1000,"position":[6.0,0.00100011611357331,8.79756736755371],"receipt_ms":17384,"sequence":1000,"tick":1062,"velocity":[0.0,0.0,0.0],"yaw":3.14159250259399},"position":[6.0,0.00100011611357331,8.88090038299561],"time_ms":17399,"wall_ms":1791532994048.0,"yaw":0.0}
S03R {"event":"prediction","history_size":18,"position":[6.0,0.00100011611357331,8.88090038299561],"predicted_tick":1018,"role":"client","tick":1018,"time_ms":17402,"wall_ms":1791532994050.0,"yaw":0.0}
S03R {"event":"prediction","history_size":19,"position":[6.0,0.00100011611357331,8.88090038299561],"predicted_tick":1019,"role":"client","tick":1019,"time_ms":17405,"wall_ms":1791532994053.0,"yaw":0.0}
S03R {"event":"prediction","history_size":20,"position":[6.0,0.00100011611357331,8.88090038299561],"predicted_tick":1020,"role":"client","tick":1020,"time_ms":17426,"wall_ms":1791532994074.0,"yaw":0.0}
S03R {"event":"prediction","history_size":21,"position":[6.0,0.00100011611357331,8.88090038299561],"predicted_tick":1021,"role":"client","tick":1021,"time_ms":17439,"wall_ms":1791532994088.0,"yaw":0.0}
S03R {"authority_install_error_m":0.0,"entity":1,"event":"apply","pose":{"control":1,"durable":2,"entity":1,"last_input_tick":1024,"position":[0.0,0.00100011611357331,10.9999923706055],"receipt_ms":17443,"sequence":1024,"tick":1065,"velocity":[0.0,0.0,0.0],"yaw":0.0},"position":[0.0,0.00100011611357331,10.9999923706055],"time_ms":17453,"wall_ms":1791532994101.0,"yaw":0.0}
S03R {"ack_input_tick":1000,"cause":"none","correction_m":0.0,"correction_yaw_deg":0.0,"event":"correction","history_exhausted":false,"replay_frames":21,"replay_usec":139,"role":"client","tick":1022,"time_ms":17457,"wall_ms":1791532994105.0}
S03R {"authority_install_error_m":0.0,"entity":2,"event":"apply","pose":{"control":1,"durable":2,"entity":2,"last_input_tick":1000,"position":[6.0,0.00100011611357331,8.79756736755371],"receipt_ms":17443,"sequence":1000,"tick":1065,"velocity":[0.0,0.0,0.0],"yaw":3.14159250259399},"position":[6.0,0.00100011611357331,8.88090038299561],"time_ms":17461,"wall_ms":1791532994109.0,"yaw":0.0}
S03R {"event":"prediction","history_size":22,"position":[6.0,0.00100011611357331,8.88090038299561],"predicted_tick":1022,"role":"client","tick":1022,"time_ms":17463,"wall_ms":1791532994112.0,"yaw":0.0}
S03R {"event":"prediction","history_size":23,"position":[6.0,0.00100011611357331,8.88090038299561],"predicted_tick":1023,"role":"client","tick":1023,"time_ms":17474,"wall_ms":1791532994122.0,"yaw":0.0}
S03R {"event":"prediction","history_size":24,"position":[6.0,0.00100011611357331,8.88090038299561],"predicted_tick":1024,"role":"client","tick":1024,"time_ms":17488,"wall_ms":1791532994136.0,"yaw":0.0}
S03R {"authority_install_error_m":0.0,"entity":1,"event":"apply","pose":{"control":1,"durable":2,"entity":1,"last_input_tick":1027,"position":[0.0,0.00100011611357331,10.9999923706055],"receipt_ms":17492,"sequence":1027,"tick":1068,"velocity":[0.0,0.0,0.0],"yaw":0.0},"position":[0.0,0.00100011611357331,10.9999923706055],"time_ms":17508,"wall_ms":1791532994156.0,"yaw":0.0}
S03R {"ack_input_tick":1000,"cause":"none","correction_m":0.0,"correction_yaw_deg":0.0,"event":"correction","history_exhausted":false,"replay_frames":24,"replay_usec":155,"role":"client","tick":1025,"time_ms":17517,"wall_ms":1791532994165.0}
S03R {"authority_install_error_m":0.0,"entity":2,"event":"apply","pose":{"control":1,"durable":2,"entity":2,"last_input_tick":1000,"position":[6.0,0.00100011611357331,8.79756736755371],"receipt_ms":17492,"sequence":1000,"tick":1068,"velocity":[0.0,0.0,0.0],"yaw":3.14159250259399},"position":[6.0,0.00100011611357331,8.88090038299561],"time_ms":17521,"wall_ms":1791532994169.0,"yaw":0.0}
S03R {"event":"prediction","history_size":25,"position":[6.0,0.00100011611357331,8.88090038299561],"predicted_tick":1025,"role":"client","tick":1025,"time_ms":17525,"wall_ms":1791532994173.0,"yaw":0.0}
S03R {"event":"prediction","history_size":26,"position":[6.0,0.00100011611357331,8.88090038299561],"predicted_tick":1026,"role":"client","tick":1026,"time_ms":17530,"wall_ms":1791532994178.0,"yaw":0.0}
S03R {"authority_install_error_m":0.0,"entity":1,"event":"apply","pose":{"control":1,"durable":2,"entity":1,"last_input_tick":1030,"position":[0.0,0.00100011611357331,10.9999923706055],"receipt_ms":17534,"sequence":1030,"tick":1071,"velocity":[0.0,0.0,0.0],"yaw":0.0},"position":[0.0,0.00100011611357331,10.9999923706055],"time_ms":17537,"wall_ms":1791532994185.0,"yaw":0.0}
S03R {"ack_input_tick":1000,"cause":"none","correction_m":0.0,"correction_yaw_deg":0.0,"event":"correction","history_exhausted":false,"replay_frames":26,"replay_usec":158,"role":"client","tick":1027,"time_ms":17540,"wall_ms":1791532994188.0}
S03R {"authority_install_error_m":0.0,"entity":2,"event":"apply","pose":{"control":1,"durable":2,"entity":2,"last_input_tick":1000,"position":[6.0,0.00100011611357331,8.79756736755371],"receipt_ms":17534,"sequence":1000,"tick":1071,"velocity":[0.0,0.0,0.0],"yaw":3.14159250259399},"position":[6.0,0.00100011611357331,8.88090038299561],"time_ms":17544,"wall_ms":1791532994191.0,"yaw":0.0}
S03R {"event":"prediction","history_size":27,"position":[6.0,0.00100011611357331,8.88090038299561],"predicted_tick":1027,"role":"client","tick":1027,"time_ms":17548,"wall_ms":1791532994196.0,"yaw":0.0}
S03R {"event":"prediction","history_size":28,"position":[6.0,0.00100011611357331,8.88090038299561],"predicted_tick":1028,"role":"client","tick":1028,"time_ms":17551,"wall_ms":1791532994199.0,"yaw":0.0}
S03R {"event":"prediction","history_size":29,"position":[6.0,0.00100011611357331,8.88090038299561],"predicted_tick":1029,"role":"client","tick":1029,"time_ms":17565,"wall_ms":1791532994213.0,"yaw":0.0}
S03R {"event":"prediction","history_size":30,"position":[6.0,0.00100011611357331,8.88090038299561],"predicted_tick":1030,"role":"client","tick":1030,"time_ms":17579,"wall_ms":1791532994227.0,"yaw":0.0}
S03R {"authority_install_error_m":0.0,"entity":1,"event":"apply","pose":{"control":1,"durable":2,"entity":1,"last_input_tick":1033,"position":[0.0,0.00100011611357331,10.9999923706055],"receipt_ms":17582,"sequence":1033,"tick":1074,"velocity":[0.0,0.0,0.0],"yaw":0.0},"position":[0.0,0.00100011611357331,10.9999923706055],"time_ms":17599,"wall_ms":1791532994248.0,"yaw":0.0}
S03R {"ack_input_tick":1000,"cause":"none","correction_m":0.0,"correction_yaw_deg":0.0,"event":"correction","history_exhausted":false,"replay_frames":30,"replay_usec":305,"role":"client","tick":1031,"time_ms":17604,"wall_ms":1791532994252.0}
S03R {"authority_install_error_m":0.0,"entity":2,"event":"apply","pose":{"control":1,"durable":2,"entity":2,"last_input_tick":1000,"position":[6.0,0.00100011611357331,8.79756736755371],"receipt_ms":17582,"sequence":1000,"tick":1074,"velocity":[0.0,0.0,0.0],"yaw":3.14159250259399},"position":[6.0,0.00100011611357331,8.88090038299561],"time_ms":17608,"wall_ms":1791532994256.0,"yaw":0.0}
S03R {"event":"prediction","history_size":31,"position":[6.0,0.00100011611357331,8.88090038299561],"predicted_tick":1031,"role":"client","tick":1031,"time_ms":17612,"wall_ms":1791532994259.0,"yaw":0.0}
S03R {"event":"prediction","history_size":32,"position":[6.0,0.00100011611357331,8.88090038299561],"predicted_tick":1032,"role":"client","tick":1032,"time_ms":17617,"wall_ms":1791532994265.0,"yaw":0.0}
S03R {"event":"prediction","history_size":33,"position":[6.0,0.00100011611357331,8.88090038299561],"predicted_tick":1033,"role":"client","tick":1033,"time_ms":17631,"wall_ms":1791532994279.0,"yaw":0.0}
S03R {"authority_install_error_m":0.0,"entity":1,"event":"apply","pose":{"control":1,"durable":2,"entity":1,"last_input_tick":1036,"position":[0.0,0.00100011611357331,10.9999923706055],"receipt_ms":17634,"sequence":1036,"tick":1077,"velocity":[0.0,0.0,0.0],"yaw":0.0},"position":[0.0,0.00100011611357331,10.9999923706055],"time_ms":17644,"wall_ms":1791532994293.0,"yaw":0.0}
S03R {"ack_input_tick":1000,"cause":"none","correction_m":0.0,"correction_yaw_deg":0.0,"event":"correction","history_exhausted":false,"replay_frames":33,"replay_usec":184,"role":"client","tick":1034,"time_ms":17649,"wall_ms":1791532994297.0}
S03R {"authority_install_error_m":0.0,"entity":2,"event":"apply","pose":{"control":1,"durable":2,"entity":2,"last_input_tick":1000,"position":[6.0,0.00100011611357331,8.79756736755371],"receipt_ms":17634,"sequence":1000,"tick":1077,"velocity":[0.0,0.0,0.0],"yaw":3.14159250259399},"position":[6.0,0.00100011611357331,8.88090038299561],"time_ms":17651,"wall_ms":1791532994300.0,"yaw":0.0}
S03R {"event":"prediction","history_size":34,"position":[6.0,0.00100011611357331,8.88090038299561],"predicted_tick":1034,"role":"client","tick":1034,"time_ms":17654,"wall_ms":1791532994302.0,"yaw":0.0}
S03R {"event":"prediction","history_size":35,"position":[6.0,0.00100011611357331,8.88090038299561],"predicted_tick":1035,"role":"client","tick":1035,"time_ms":17665,"wall_ms":1791532994313.0,"yaw":0.0}
S03R {"event":"prediction","history_size":36,"position":[6.0,0.00100011611357331,8.88090038299561],"predicted_tick":1036,"role":"client","tick":1036,"time_ms":17679,"wall_ms":1791532994327.0,"yaw":0.0}
S03R {"authority_install_error_m":0.0,"entity":1,"event":"apply","pose":{"control":1,"durable":2,"entity":1,"last_input_tick":1039,"position":[0.0,0.00100011611357331,10.9999923706055],"receipt_ms":17684,"sequence":1039,"tick":1080,"velocity":[0.0,0.0,0.0],"yaw":0.0},"position":[0.0,0.00100011611357331,10.9999923706055],"time_ms":17700,"wall_ms":1791532994348.0,"yaw":0.0}
S03R {"ack_input_tick":1000,"cause":"none","correction_m":0.0,"correction_yaw_deg":0.0,"event":"correction","history_exhausted":false,"replay_frames":36,"replay_usec":253,"role":"client","tick":1037,"time_ms":17702,"wall_ms":1791532994351.0}
S03R {"authority_install_error_m":0.0,"entity":2,"event":"apply","pose":{"control":1,"durable":2,"entity":2,"last_input_tick":1000,"position":[6.0,0.00100011611357331,8.79756736755371],"receipt_ms":17684,"sequence":1000,"tick":1080,"velocity":[0.0,0.0,0.0],"yaw":3.14159250259399},"position":[6.0,0.00100011611357331,8.88090038299561],"time_ms":17705,"wall_ms":1791532994353.0,"yaw":0.0}
S03R {"event":"prediction","history_size":37,"position":[6.0,0.00100011611357331,8.88090038299561],"predicted_tick":1037,"role":"client","tick":1037,"time_ms":17709,"wall_ms":1791532994358.0,"yaw":0.0}
S03R {"event":"prediction","history_size":38,"position":[6.0,0.00100011611357331,8.88090038299561],"predicted_tick":1038,"role":"client","tick":1038,"time_ms":17714,"wall_ms":1791532994362.0,"yaw":0.0}
S03R {"event":"prediction","history_size":39,"position":[6.0,0.00100011611357331,8.88090038299561],"predicted_tick":1039,"role":"client","tick":1039,"time_ms":17728,"wall_ms":1791532994376.0,"yaw":0.0}
S03R {"authority_install_error_m":0.0,"entity":1,"event":"apply","pose":{"control":1,"durable":2,"entity":1,"last_input_tick":1042,"position":[0.0,0.00100011611357331,10.9999923706055],"receipt_ms":17732,"sequence":1042,"tick":1083,"velocity":[0.0,0.0,0.0],"yaw":0.0},"position":[0.0,0.00100011611357331,10.9999923706055],"time_ms":17749,"wall_ms":1791532994397.0,"yaw":0.0}
S03R {"ack_input_tick":1000,"cause":"none","correction_m":0.0,"correction_yaw_deg":0.0,"event":"correction","history_exhausted":false,"replay_frames":39,"replay_usec":219,"role":"client","tick":1040,"time_ms":17751,"wall_ms":1791532994399.0}
S03R {"authority_install_error_m":0.0,"entity":2,"event":"apply","pose":{"control":1,"durable":2,"entity":2,"last_input_tick":1000,"position":[6.0,0.00100011611357331,8.79756736755371],"receipt_ms":17732,"sequence":1000,"tick":1083,"velocity":[0.0,0.0,0.0],"yaw":3.14159250259399},"position":[6.0,0.00100011611357331,8.88090038299561],"time_ms":17754,"wall_ms":1791532994402.0,"yaw":0.0}
S03R {"event":"prediction","history_size":40,"position":[6.0,0.00100011611357331,8.88090038299561],"predicted_tick":1040,"role":"client","tick":1040,"time_ms":17756,"wall_ms":1791532994405.0,"yaw":0.0}
S03R {"event":"prediction","history_size":41,"position":[6.0,0.00100011611357331,8.88090038299561],"predicted_tick":1041,"role":"client","tick":1041,"time_ms":17762,"wall_ms":1791532994411.0,"yaw":0.0}
S03R {"event":"prediction","history_size":42,"position":[6.0,0.00100011611357331,8.88090038299561],"predicted_tick":1042,"role":"client","tick":1042,"time_ms":17783,"wall_ms":1791532994431.0,"yaw":0.0}
S03R {"authority_install_error_m":0.0,"entity":1,"event":"apply","pose":{"control":1,"durable":2,"entity":1,"last_input_tick":1045,"position":[0.0,0.00100011611357331,10.9999923706055],"receipt_ms":17786,"sequence":1045,"tick":1086,"velocity":[0.0,0.0,0.0],"yaw":0.0},"position":[0.0,0.00100011611357331,10.9999923706055],"time_ms":17797,"wall_ms":1791532994445.0,"yaw":0.0}
S03R {"ack_input_tick":1038,"cause":"held_timing_or_delivery","correction_m":0.0833330154418945,"correction_yaw_deg":0.0,"event":"correction","history_exhausted":false,"replay_frames":4,"replay_usec":112,"role":"client","tick":1043,"time_ms":17800,"wall_ms":1791532994448.0}
S03R {"authority_install_error_m":0.0,"entity":2,"event":"apply","pose":{"control":1,"durable":2,"entity":2,"last_input_tick":1038,"position":[6.0,0.00100011611357331,8.79756736755371],"receipt_ms":17786,"sequence":1038,"tick":1086,"velocity":[0.0,0.0,0.0],"yaw":0.0},"position":[6.0,0.00100011611357331,8.79756736755371],"time_ms":17802,"wall_ms":1791532994450.0,"yaw":0.0}
S03R {"event":"prediction","history_size":5,"position":[6.0,0.00100011611357331,8.79756736755371],"predicted_tick":1043,"role":"client","tick":1043,"time_ms":17805,"wall_ms":1791532994453.0,"yaw":0.0}
S03R {"event":"prediction","history_size":6,"position":[6.0,0.00100011611357331,8.79756736755371],"predicted_tick":1044,"role":"client","tick":1044,"time_ms":17818,"wall_ms":1791532994466.0,"yaw":0.0}
S03R {"event":"prediction","history_size":7,"position":[6.0,0.00100011611357331,8.79756736755371],"predicted_tick":1045,"role":"client","tick":1045,"time_ms":17831,"wall_ms":1791532994480.0,"yaw":0.0}
S03R {"authority_install_error_m":0.0,"entity":1,"event":"apply","pose":{"control":1,"durable":2,"entity":1,"last_input_tick":1048,"position":[0.0,0.00100011611357331,10.9999923706055],"receipt_ms":17835,"sequence":1048,"tick":1089,"velocity":[0.0,0.0,0.0],"yaw":0.0},"position":[0.0,0.00100011611357331,10.9999923706055],"time_ms":17852,"wall_ms":1791532994500.0,"yaw":0.0}
S03R {"ack_input_tick":1041,"cause":"none","correction_m":0.0,"correction_yaw_deg":0.0,"event":"correction","history_exhausted":false,"replay_frames":4,"replay_usec":91,"role":"client","tick":1046,"time_ms":17855,"wall_ms":1791532994502.0}
S03R {"authority_install_error_m":0.0,"entity":2,"event":"apply","pose":{"control":1,"durable":2,"entity":2,"last_input_tick":1041,"position":[6.0,0.00100011611357331,8.79756736755371],"receipt_ms":17835,"sequence":1041,"tick":1089,"velocity":[0.0,0.0,0.0],"yaw":0.0},"position":[6.0,0.00100011611357331,8.79756736755371],"time_ms":17857,"wall_ms":1791532994505.0,"yaw":0.0}
S03R {"event":"prediction","history_size":5,"position":[6.0,0.00100011611357331,8.79756736755371],"predicted_tick":1046,"role":"client","tick":1046,"time_ms":17861,"wall_ms":1791532994510.0,"yaw":0.0}
S03R {"event":"prediction","history_size":6,"position":[6.0,0.00100011611357331,8.79756736755371],"predicted_tick":1047,"role":"client","tick":1047,"time_ms":17867,"wall_ms":1791532994515.0,"yaw":0.0}
S03R {"authority_install_error_m":0.0,"entity":1,"event":"apply","pose":{"control":1,"durable":2,"entity":1,"last_input_tick":1051,"position":[0.0,0.00100011611357331,10.9999923706055],"receipt_ms":17881,"sequence":1051,"tick":1092,"velocity":[0.0,0.0,0.0],"yaw":0.0},"position":[0.0,0.00100011611357331,10.9999923706055],"time_ms":17888,"wall_ms":1791532994536.0,"yaw":0.0}
S03R {"ack_input_tick":1044,"cause":"none","correction_m":0.0,"correction_yaw_deg":0.0,"event":"correction","history_exhausted":false,"replay_frames":3,"replay_usec":81,"role":"client","tick":1048,"time_ms":17891,"wall_ms":1791532994539.0}
S03R {"authority_install_error_m":0.0,"entity":2,"event":"apply","pose":{"control":1,"durable":2,"entity":2,"last_input_tick":1044,"position":[6.0,0.00100011611357331,8.79756736755371],"receipt_ms":17881,"sequence":1044,"tick":1092,"velocity":[0.0,0.0,0.0],"yaw":0.0},"position":[6.0,0.00100011611357331,8.79756736755371],"time_ms":17895,"wall_ms":1791532994543.0,"yaw":0.0}
S03R {"event":"prediction","history_size":4,"position":[6.0,0.00100011611357331,8.79756736755371],"predicted_tick":1048,"role":"client","tick":1048,"time_ms":17899,"wall_ms":1791532994547.0,"yaw":0.0}
S03R {"event":"prediction","history_size":5,"position":[6.0,0.00100011611357331,8.79756736755371],"predicted_tick":1049,"role":"client","tick":1049,"time_ms":17903,"wall_ms":1791532994551.0,"yaw":0.0}
S03R {"event":"prediction","history_size":6,"position":[6.0,0.00100011611357331,8.79756736755371],"predicted_tick":1050,"role":"client","tick":1050,"time_ms":17924,"wall_ms":1791532994571.0,"yaw":0.0}
S03R {"event":"prediction","history_size":7,"position":[6.0,0.00100011611357331,8.79756736755371],"predicted_tick":1051,"role":"client","tick":1051,"time_ms":17937,"wall_ms":1791532994586.0,"yaw":0.0}
S03R {"authority_install_error_m":0.0,"entity":1,"event":"apply","pose":{"control":1,"durable":2,"entity":1,"last_input_tick":1054,"position":[0.0,0.00100011611357331,10.9999923706055],"receipt_ms":17940,"sequence":1054,"tick":1095,"velocity":[0.0,0.0,0.0],"yaw":0.0},"position":[0.0,0.00100011611357331,10.9999923706055],"time_ms":17958,"wall_ms":1791532994606.0,"yaw":0.0}
S03R {"ack_input_tick":1047,"cause":"none","correction_m":0.0,"correction_yaw_deg":0.0,"event":"correction","history_exhausted":false,"replay_frames":4,"replay_usec":105,"role":"client","tick":1052,"time_ms":17961,"wall_ms":1791532994609.0}
S03R {"authority_install_error_m":0.0,"entity":2,"event":"apply","pose":{"control":1,"durable":2,"entity":2,"last_input_tick":1047,"position":[6.0,0.00100011611357331,8.79756736755371],"receipt_ms":17940,"sequence":1047,"tick":1095,"velocity":[0.0,0.0,0.0],"yaw":0.0},"position":[6.0,0.00100011611357331,8.79756736755371],"time_ms":17963,"wall_ms":1791532994612.0,"yaw":0.0}
S03R {"event":"prediction","history_size":5,"position":[6.0,0.00100011611357331,8.79756736755371],"predicted_tick":1052,"role":"client","tick":1052,"time_ms":17966,"wall_ms":1791532994614.0,"yaw":0.0}
S03R {"event":"prediction","history_size":6,"position":[6.0,0.00100011611357331,8.79756736755371],"predicted_tick":1053,"role":"client","tick":1053,"time_ms":17972,"wall_ms":1791532994620.0,"yaw":0.0}
S03R {"authority_install_error_m":0.0,"entity":1,"event":"apply","pose":{"control":1,"durable":2,"entity":1,"last_input_tick":1057,"position":[0.0,0.00100011611357331,10.9999923706055],"receipt_ms":17985,"sequence":1057,"tick":1098,"velocity":[0.0,0.0,0.0],"yaw":0.0},"position":[0.0,0.00100011611357331,10.9999923706055],"time_ms":17993,"wall_ms":1791532994641.0,"yaw":0.0}
S03R {"ack_input_tick":1050,"cause":"none","correction_m":0.0,"correction_yaw_deg":0.0,"event":"correction","history_exhausted":false,"replay_frames":3,"replay_usec":89,"role":"client","tick":1054,"time_ms":17995,"wall_ms":1791532994643.0}
S03R {"authority_install_error_m":0.0,"entity":2,"event":"apply","pose":{"control":1,"durable":2,"entity":2,"last_input_tick":1050,"position":[6.0,0.00100011611357331,8.79756736755371],"receipt_ms":17985,"sequence":1050,"tick":1098,"velocity":[0.0,0.0,0.0],"yaw":0.0},"position":[6.0,0.00100011611357331,8.79756736755371],"time_ms":17997,"wall_ms":1791532994645.0,"yaw":0.0}
S03R {"event":"prediction","history_size":4,"position":[6.0,0.00100011611357331,8.79756736755371],"predicted_tick":1054,"role":"client","tick":1054,"time_ms":18000,"wall_ms":1791532994648.0,"yaw":0.0}
S03R {"event":"prediction","history_size":5,"position":[6.0,0.00100011611357331,8.79756736755371],"predicted_tick":1055,"role":"client","tick":1055,"time_ms":18006,"wall_ms":1791532994654.0,"yaw":0.0}
S03R {"event":"prediction","history_size":6,"position":[6.0,0.00100011611357331,8.79756736755371],"predicted_tick":1056,"role":"client","tick":1056,"time_ms":18020,"wall_ms":1791532994669.0,"yaw":0.0}
S03R {"authority_install_error_m":0.0,"entity":1,"event":"apply","pose":{"control":1,"durable":2,"entity":1,"last_input_tick":1060,"position":[0.0,0.00100011611357331,10.9999923706055],"receipt_ms":18034,"sequence":1060,"tick":1101,"velocity":[0.0,0.0,0.0],"yaw":0.0},"position":[0.0,0.00100011611357331,10.9999923706055],"time_ms":18041,"wall_ms":1791532994689.0,"yaw":0.0}
S03R {"ack_input_tick":1053,"cause":"none","correction_m":0.0,"correction_yaw_deg":0.0,"event":"correction","history_exhausted":false,"replay_frames":3,"replay_usec":98,"role":"client","tick":1057,"time_ms":18043,"wall_ms":1791532994692.0}
S03R {"authority_install_error_m":0.0,"entity":2,"event":"apply","pose":{"control":1,"durable":2,"entity":2,"last_input_tick":1053,"position":[6.0,0.00100011611357331,8.79756736755371],"receipt_ms":18034,"sequence":1053,"tick":1101,"velocity":[0.0,0.0,0.0],"yaw":0.0},"position":[6.0,0.00100011611357331,8.79756736755371],"time_ms":18046,"wall_ms":1791532994694.0,"yaw":0.0}
S03R {"event":"prediction","history_size":4,"position":[6.0,0.00100011611357331,8.79756736755371],"predicted_tick":1057,"role":"client","tick":1057,"time_ms":18048,"wall_ms":1791532994696.0,"yaw":0.0}
S03R {"event":"prediction","history_size":5,"position":[6.0,0.00100011611357331,8.79756736755371],"predicted_tick":1058,"role":"client","tick":1058,"time_ms":18055,"wall_ms":1791532994702.0,"yaw":0.0}
S03R {"event":"prediction","history_size":6,"position":[6.0,0.00100011611357331,8.79756736755371],"predicted_tick":1059,"role":"client","tick":1059,"time_ms":18075,"wall_ms":1791532994723.0,"yaw":0.0}
S03R {"authority_install_error_m":0.0,"entity":1,"event":"apply","pose":{"control":1,"durable":2,"entity":1,"last_input_tick":1063,"position":[0.0,0.00100011611357331,10.9999923706055],"receipt_ms":18078,"sequence":1063,"tick":1104,"velocity":[0.0,0.0,0.0],"yaw":0.0},"position":[0.0,0.00100011611357331,10.9999923706055],"time_ms":18089,"wall_ms":1791532994737.0,"yaw":0.0}
S03R {"ack_input_tick":1056,"cause":"none","correction_m":0.0,"correction_yaw_deg":0.0,"event":"correction","history_exhausted":false,"replay_frames":3,"replay_usec":82,"role":"client","tick":1060,"time_ms":18092,"wall_ms":1791532994740.0}
S03R {"authority_install_error_m":0.0,"entity":2,"event":"apply","pose":{"control":1,"durable":2,"entity":2,"last_input_tick":1056,"position":[6.0,0.00100011611357331,8.79756736755371],"receipt_ms":18078,"sequence":1056,"tick":1104,"velocity":[0.0,0.0,0.0],"yaw":0.0},"position":[6.0,0.00100011611357331,8.79756736755371],"time_ms":18096,"wall_ms":1791532994744.0,"yaw":0.0}
S03R {"event":"prediction","history_size":4,"position":[6.0,0.00100011611357331,8.79756736755371],"predicted_tick":1060,"role":"client","tick":1060,"time_ms":18101,"wall_ms":1791532994748.0,"yaw":0.0}
S03R {"event":"prediction","history_size":5,"position":[6.0,0.00100011611357331,8.79756736755371],"predicted_tick":1061,"role":"client","tick":1061,"time_ms":18104,"wall_ms":1791532994753.0,"yaw":0.0}
S03R {"event":"prediction","history_size":6,"position":[6.0,0.00100011611357331,8.79756736755371],"predicted_tick":1062,"role":"client","tick":1062,"time_ms":18125,"wall_ms":1791532994773.0,"yaw":0.0}
S03R {"event":"prediction","history_size":7,"position":[6.0,0.00100011611357331,8.79756736755371],"predicted_tick":1063,"role":"client","tick":1063,"time_ms":18139,"wall_ms":1791532994787.0,"yaw":0.0}
S03R {"authority_install_error_m":0.0,"entity":1,"event":"apply","pose":{"control":1,"durable":2,"entity":1,"last_input_tick":1066,"position":[0.0,0.00100011611357331,10.9999923706055],"receipt_ms":18142,"sequence":1066,"tick":1107,"velocity":[0.0,0.0,0.0],"yaw":0.0},"position":[0.0,0.00100011611357331,10.9999923706055],"time_ms":18159,"wall_ms":1791532994808.0,"yaw":0.0}
S03R {"ack_input_tick":1059,"cause":"none","correction_m":0.0,"correction_yaw_deg":0.0,"event":"correction","history_exhausted":false,"replay_frames":4,"replay_usec":59,"role":"client","tick":1064,"time_ms":18162,"wall_ms":1791532994811.0}
S03R {"authority_install_error_m":0.0,"entity":2,"event":"apply","pose":{"control":1,"durable":2,"entity":2,"last_input_tick":1059,"position":[6.0,0.00100011611357331,8.79756736755371],"receipt_ms":18142,"sequence":1059,"tick":1107,"velocity":[0.0,0.0,0.0],"yaw":0.0},"position":[6.0,0.00100011611357331,8.79756736755371],"time_ms":18166,"wall_ms":1791532994814.0,"yaw":0.0}
S03R {"event":"prediction","history_size":5,"position":[6.0,0.00100011611357331,8.79756736755371],"predicted_tick":1064,"role":"client","tick":1064,"time_ms":18171,"wall_ms":1791532994819.0,"yaw":0.0}
S03R {"event":"prediction","history_size":6,"position":[6.0,0.00100011611357331,8.79756736755371],"predicted_tick":1065,"role":"client","tick":1065,"time_ms":18174,"wall_ms":1791532994823.0,"yaw":0.0}
S03R {"event":"prediction","history_size":7,"position":[6.0,0.00100011611357331,8.79756736755371],"predicted_tick":1066,"role":"client","tick":1066,"time_ms":18188,"wall_ms":1791532994836.0,"yaw":0.0}
S03R {"authority_install_error_m":0.0,"entity":1,"event":"apply","pose":{"control":1,"durable":2,"entity":1,"last_input_tick":1069,"position":[0.0,0.00100011611357331,10.9999923706055],"receipt_ms":18192,"sequence":1069,"tick":1110,"velocity":[0.0,0.0,0.0],"yaw":0.0},"position":[0.0,0.00100011611357331,10.9999923706055],"time_ms":18209,"wall_ms":1791532994857.0,"yaw":0.0}
S03R {"ack_input_tick":1062,"cause":"none","correction_m":0.0,"correction_yaw_deg":0.0,"event":"correction","history_exhausted":false,"replay_frames":4,"replay_usec":68,"role":"client","tick":1067,"time_ms":18213,"wall_ms":1791532994861.0}
S03R {"authority_install_error_m":0.0,"entity":2,"event":"apply","pose":{"control":1,"durable":2,"entity":2,"last_input_tick":1062,"position":[6.0,0.00100011611357331,8.79756736755371],"receipt_ms":18192,"sequence":1062,"tick":1110,"velocity":[0.0,0.0,0.0],"yaw":0.0},"position":[6.0,0.00100011611357331,8.79756736755371],"time_ms":18217,"wall_ms":1791532994865.0,"yaw":0.0}
S03R {"event":"prediction","history_size":5,"position":[6.0,0.00100011611357331,8.79756736755371],"predicted_tick":1067,"role":"client","tick":1067,"time_ms":18219,"wall_ms":1791532994867.0,"yaw":0.0}
S03R {"event":"prediction","history_size":6,"position":[6.0,0.00100011611357331,8.79756736755371],"predicted_tick":1068,"role":"client","tick":1068,"time_ms":18223,"wall_ms":1791532994871.0,"yaw":0.0}
S03R {"authority_install_error_m":0.0,"entity":1,"event":"apply","pose":{"control":1,"durable":2,"entity":1,"last_input_tick":1072,"position":[0.0,0.00100011611357331,10.9999923706055],"receipt_ms":18237,"sequence":1072,"tick":1113,"velocity":[0.0,0.0,0.0],"yaw":0.0},"position":[0.0,0.00100011611357331,10.9999923706055],"time_ms":18243,"wall_ms":1791532994891.0,"yaw":0.0}
S03R {"ack_input_tick":1065,"cause":"none","correction_m":0.0,"correction_yaw_deg":0.0,"event":"correction","history_exhausted":false,"replay_frames":3,"replay_usec":81,"role":"client","tick":1069,"time_ms":18247,"wall_ms":1791532994894.0}
S03R {"authority_install_error_m":0.0,"entity":2,"event":"apply","pose":{"control":1,"durable":2,"entity":2,"last_input_tick":1065,"position":[6.0,0.00100011611357331,8.79756736755371],"receipt_ms":18237,"sequence":1065,"tick":1113,"velocity":[0.0,0.0,0.0],"yaw":0.0},"position":[6.0,0.00100011611357331,8.79756736755371],"time_ms":18251,"wall_ms":1791532994899.0,"yaw":0.0}
S03R {"event":"prediction","history_size":4,"position":[6.0,0.00100011611357331,8.79756736755371],"predicted_tick":1069,"role":"client","tick":1069,"time_ms":18253,"wall_ms":1791532994902.0,"yaw":0.0}
S03R {"event":"prediction","history_size":5,"position":[6.0,0.00100011611357331,8.79756736755371],"predicted_tick":1070,"role":"client","tick":1070,"time_ms":18257,"wall_ms":1791532994906.0,"yaw":0.0}
S03R {"event":"prediction","history_size":6,"position":[6.0,0.00100011611357331,8.79756736755371],"predicted_tick":1071,"role":"client","tick":1071,"time_ms":18271,"wall_ms":1791532994919.0,"yaw":0.0}
S03R {"event":"prediction","history_size":7,"position":[6.0,0.00100011611357331,8.79756736755371],"predicted_tick":1072,"role":"client","tick":1072,"time_ms":18292,"wall_ms":1791532994940.0,"yaw":0.0}
S03R {"authority_install_error_m":0.0,"entity":1,"event":"apply","pose":{"control":1,"durable":2,"entity":1,"last_input_tick":1075,"position":[0.0,0.00100011611357331,10.9999923706055],"receipt_ms":18297,"sequence":1075,"tick":1116,"velocity":[0.0,0.0,0.0],"yaw":0.0},"position":[0.0,0.00100011611357331,10.9999923706055],"time_ms":18306,"wall_ms":1791532994954.0,"yaw":0.0}
S03R {"ack_input_tick":1068,"cause":"none","correction_m":0.0,"correction_yaw_deg":0.0,"event":"correction","history_exhausted":false,"replay_frames":4,"replay_usec":104,"role":"client","tick":1073,"time_ms":18308,"wall_ms":1791532994956.0}
S03R {"authority_install_error_m":0.0,"entity":2,"event":"apply","pose":{"control":1,"durable":2,"entity":2,"last_input_tick":1068,"position":[6.0,0.00100011611357331,8.79756736755371],"receipt_ms":18297,"sequence":1068,"tick":1116,"velocity":[0.0,0.0,0.0],"yaw":0.0},"position":[6.0,0.00100011611357331,8.79756736755371],"time_ms":18311,"wall_ms":1791532994959.0,"yaw":0.0}
S03R {"event":"prediction","history_size":5,"position":[6.0,0.00100011611357331,8.79756736755371],"predicted_tick":1073,"role":"client","tick":1073,"time_ms":18313,"wall_ms":1791532994962.0,"yaw":0.0}
S03R {"event":"prediction","history_size":6,"position":[6.0,0.00100011611357331,8.79756736755371],"predicted_tick":1074,"role":"client","tick":1074,"time_ms":18326,"wall_ms":1791532994975.0,"yaw":0.0}
S03R {"event":"prediction","history_size":7,"position":[6.0,0.00100011611357331,8.79756736755371],"predicted_tick":1075,"role":"client","tick":1075,"time_ms":18340,"wall_ms":1791532994988.0,"yaw":0.0}
S03R {"authority_install_error_m":0.0,"entity":1,"event":"apply","pose":{"control":1,"durable":2,"entity":1,"last_input_tick":1078,"position":[0.0,0.00100011611357331,10.9999923706055],"receipt_ms":18343,"sequence":1078,"tick":1119,"velocity":[0.0,0.0,0.0],"yaw":0.0},"position":[0.0,0.00100011611357331,10.9999923706055],"time_ms":18354,"wall_ms":1791532995002.0,"yaw":0.0}
S03R {"ack_input_tick":1071,"cause":"none","correction_m":0.0,"correction_yaw_deg":0.0,"event":"correction","history_exhausted":false,"replay_frames":4,"replay_usec":90,"role":"client","tick":1076,"time_ms":18356,"wall_ms":1791532995004.0}
S03R {"authority_install_error_m":0.0,"entity":2,"event":"apply","pose":{"control":1,"durable":2,"entity":2,"last_input_tick":1071,"position":[6.0,0.00100011611357331,8.79756736755371],"receipt_ms":18343,"sequence":1071,"tick":1119,"velocity":[0.0,0.0,0.0],"yaw":0.0},"position":[6.0,0.00100011611357331,8.79756736755371],"time_ms":18359,"wall_ms":1791532995006.0,"yaw":0.0}
S03R {"event":"prediction","history_size":5,"position":[6.0,0.00100011611357331,8.79756736755371],"predicted_tick":1076,"role":"client","tick":1076,"time_ms":18361,"wall_ms":1791532995009.0,"yaw":0.0}
S03R {"event":"prediction","history_size":6,"position":[6.0,0.00100011611357331,8.79756736755371],"predicted_tick":1077,"role":"client","tick":1077,"time_ms":18374,"wall_ms":1791532995022.0,"yaw":0.0}
S03R {"event":"prediction","history_size":7,"position":[6.0,0.00100011611357331,8.79756736755371],"predicted_tick":1078,"role":"client","tick":1078,"time_ms":18388,"wall_ms":1791532995036.0,"yaw":0.0}
S03R {"authority_install_error_m":0.0,"entity":1,"event":"apply","pose":{"control":1,"durable":2,"entity":1,"last_input_tick":1081,"position":[0.0,0.00100011611357331,10.9999923706055],"receipt_ms":18392,"sequence":1081,"tick":1122,"velocity":[0.0,0.0,0.0],"yaw":0.0},"position":[0.0,0.00100011611357331,10.9999923706055],"time_ms":18409,"wall_ms":1791532995057.0,"yaw":0.0}
S03R {"ack_input_tick":1074,"cause":"none","correction_m":0.0,"correction_yaw_deg":0.0,"event":"correction","history_exhausted":false,"replay_frames":4,"replay_usec":65,"role":"client","tick":1079,"time_ms":18413,"wall_ms":1791532995060.0}
S03R {"authority_install_error_m":0.0,"entity":2,"event":"apply","pose":{"control":1,"durable":2,"entity":2,"last_input_tick":1074,"position":[6.0,0.00100011611357331,8.79756736755371],"receipt_ms":18392,"sequence":1074,"tick":1122,"velocity":[0.0,0.0,0.0],"yaw":0.0},"position":[6.0,0.00100011611357331,8.79756736755371],"time_ms":18415,"wall_ms":1791532995063.0,"yaw":0.0}
S03R {"event":"prediction","history_size":5,"position":[6.0,0.00100011611357331,8.79756736755371],"predicted_tick":1079,"role":"client","tick":1079,"time_ms":18419,"wall_ms":1791532995068.0,"yaw":0.0}
S03R {"entity":2,"event":"resync_request","health":70,"role":"client","time_ms":18424,"wall_ms":1791532995072.0}
S03R {"event":"prediction","history_size":5,"position":[6.0,0.00100011611357331,8.79756736755371],"predicted_tick":1079,"role":"client","tick":1080,"time_ms":18427,"wall_ms":1791532995075.0,"yaw":0.0}
S03R {"event":"prediction","history_size":5,"position":[6.0,0.00100011611357331,8.79756736755371],"predicted_tick":1079,"role":"client","tick":1081,"time_ms":18438,"wall_ms":1791532995087.0,"yaw":0.0}
S03R {"event":"prediction","history_size":0,"position":[6.0,0.00100011611357331,8.79756736755371],"predicted_tick":0,"role":"client","tick":1082,"time_ms":18459,"wall_ms":1791532995107.0,"yaw":0.0}
S03R {"event":"prediction","history_size":0,"position":[6.0,0.00100011611357331,8.79756736755371],"predicted_tick":0,"role":"client","tick":1083,"time_ms":18472,"wall_ms":1791532995121.0,"yaw":0.0}
S03R {"control":2,"entity":2,"event":"resync_applied","health":70,"role":"client","time_ms":18493,"wall_ms":1791532995141.0}
S03R {"ack_input_tick":0,"cause":"none","correction_m":0.0,"correction_yaw_deg":0.0,"event":"correction","history_exhausted":false,"replay_frames":0,"replay_usec":25,"role":"client","tick":1084,"time_ms":18497,"wall_ms":1791532995145.0}
S03R {"authority_install_error_m":0.0,"entity":2,"event":"apply","pose":{"control":2,"durable":4,"entity":2,"last_input_tick":0,"position":[6.0,0.00100011611357331,8.79756736755371],"receipt_ms":18486,"sequence":0,"tick":1128,"velocity":[0.0,0.0,0.0],"yaw":0.0},"position":[6.0,0.00100011611357331,8.79756736755371],"time_ms":18499,"wall_ms":1791532995146.0,"yaw":0.0}
S03R {"authority_install_error_m":0.0,"entity":1,"event":"apply","pose":{"control":1,"durable":4,"entity":1,"last_input_tick":1087,"position":[0.0,0.00100011611357331,10.9999923706055],"receipt_ms":18486,"sequence":1087,"tick":1128,"velocity":[0.0,0.0,0.0],"yaw":0.0},"position":[0.0,0.00100011611357331,10.9999923706055],"time_ms":18503,"wall_ms":1791532995152.0,"yaw":0.0}
S03R {"event":"prediction","history_size":1,"position":[6.0,0.00100011611357331,8.79756736755371],"predicted_tick":1084,"role":"client","tick":1084,"time_ms":18508,"wall_ms":1791532995155.0,"yaw":0.0}
S03R {"event":"prediction","history_size":2,"position":[6.0,0.00100011611357331,8.79756736755371],"predicted_tick":1085,"role":"client","tick":1085,"time_ms":18511,"wall_ms":1791532995158.0,"yaw":0.0}
S03R {"event":"prediction","history_size":3,"position":[6.0,0.00100011611357331,8.79756736755371],"predicted_tick":1086,"role":"client","tick":1086,"time_ms":18525,"wall_ms":1791532995173.0,"yaw":0.0}
S03R {"event":"prediction","history_size":4,"position":[6.0,0.00100011611357331,8.79756736755371],"predicted_tick":1087,"role":"client","tick":1087,"time_ms":18545,"wall_ms":1791532995194.0,"yaw":0.0}
S03R {"authority_install_error_m":0.0,"entity":1,"event":"apply","pose":{"control":1,"durable":4,"entity":1,"last_input_tick":1090,"position":[0.0,0.00100011611357331,10.9999923706055],"receipt_ms":18549,"sequence":1090,"tick":1131,"velocity":[0.0,0.0,0.0],"yaw":0.0},"position":[0.0,0.00100011611357331,10.9999923706055],"time_ms":18559,"wall_ms":1791532995208.0,"yaw":0.0}
S03R {"ack_input_tick":1084,"cause":"none","correction_m":0.0,"correction_yaw_deg":0.0,"event":"correction","history_exhausted":false,"replay_frames":3,"replay_usec":78,"role":"client","tick":1088,"time_ms":18562,"wall_ms":1791532995210.0}
S03R {"authority_install_error_m":0.0,"entity":2,"event":"apply","pose":{"control":2,"durable":4,"entity":2,"last_input_tick":1084,"position":[6.0,0.00100011611357331,8.79756736755371],"receipt_ms":18549,"sequence":1,"tick":1131,"velocity":[0.0,0.0,0.0],"yaw":0.0},"position":[6.0,0.00100011611357331,8.79756736755371],"time_ms":18564,"wall_ms":1791532995212.0,"yaw":0.0}
S03R {"event":"prediction","history_size":4,"position":[6.0,0.00100011611357331,8.79756736755371],"predicted_tick":1088,"role":"client","tick":1088,"time_ms":18567,"wall_ms":1791532995215.0,"yaw":0.0}
S03R {"event":"prediction","history_size":5,"position":[6.0,0.00100011611357331,8.79756736755371],"predicted_tick":1089,"role":"client","tick":1089,"time_ms":18580,"wall_ms":1791532995228.0,"yaw":0.0}
S03R {"event":"prediction","history_size":6,"position":[6.0,0.00100011611357331,8.79756736755371],"predicted_tick":1090,"role":"client","tick":1090,"time_ms":18594,"wall_ms":1791532995242.0,"yaw":0.0}
S03R {"authority_install_error_m":0.0,"entity":1,"event":"apply","pose":{"control":1,"durable":4,"entity":1,"last_input_tick":1093,"position":[0.0,0.00100011611357331,10.9999923706055],"receipt_ms":18599,"sequence":1093,"tick":1134,"velocity":[0.0,0.0,0.0],"yaw":0.0},"position":[0.0,0.00100011611357331,10.9999923706055],"time_ms":18607,"wall_ms":1791532995256.0,"yaw":0.0}
S03R {"ack_input_tick":1087,"cause":"none","correction_m":0.0,"correction_yaw_deg":0.0,"event":"correction","history_exhausted":false,"replay_frames":3,"replay_usec":74,"role":"client","tick":1091,"time_ms":18610,"wall_ms":1791532995258.0}
S03R {"authority_install_error_m":0.0,"entity":2,"event":"apply","pose":{"control":2,"durable":4,"entity":2,"last_input_tick":1087,"position":[6.0,0.00100011611357331,8.79756736755371],"receipt_ms":18599,"sequence":4,"tick":1134,"velocity":[0.0,0.0,0.0],"yaw":0.0},"position":[6.0,0.00100011611357331,8.79756736755371],"time_ms":18612,"wall_ms":1791532995260.0,"yaw":0.0}
S03R {"event":"prediction","history_size":4,"position":[6.0,0.00100011611357331,8.79756736755371],"predicted_tick":1091,"role":"client","tick":1091,"time_ms":18615,"wall_ms":1791532995263.0,"yaw":0.0}
S03R {"event":"prediction","history_size":5,"position":[6.0,0.00100011611357331,8.79756736755371],"predicted_tick":1092,"role":"client","tick":1092,"time_ms":18628,"wall_ms":1791532995276.0,"yaw":0.0}
S03R {"event":"prediction","history_size":6,"position":[6.0,0.00100011611357331,8.79756736755371],"predicted_tick":1093,"role":"client","tick":1093,"time_ms":18642,"wall_ms":1791532995290.0,"yaw":0.0}
S03R {"authority_install_error_m":0.0,"entity":1,"event":"apply","pose":{"control":1,"durable":4,"entity":1,"last_input_tick":1096,"position":[0.0,0.00100011611357331,10.9999923706055],"receipt_ms":18645,"sequence":1096,"tick":1137,"velocity":[0.0,0.0,0.0],"yaw":0.0},"position":[0.0,0.00100011611357331,10.9999923706055],"time_ms":18663,"wall_ms":1791532995310.0,"yaw":0.0}
S03R {"ack_input_tick":1090,"cause":"none","correction_m":0.0,"correction_yaw_deg":0.0,"event":"correction","history_exhausted":false,"replay_frames":3,"replay_usec":80,"role":"client","tick":1094,"time_ms":18665,"wall_ms":1791532995314.0}
S03R {"authority_install_error_m":0.0,"entity":2,"event":"apply","pose":{"control":2,"durable":4,"entity":2,"last_input_tick":1090,"position":[6.0,0.00100011611357331,8.79756736755371],"receipt_ms":18645,"sequence":7,"tick":1137,"velocity":[0.0,0.0,0.0],"yaw":0.0},"position":[6.0,0.00100011611357331,8.79756736755371],"time_ms":18669,"wall_ms":1791532995317.0,"yaw":0.0}
S03R {"event":"prediction","history_size":4,"position":[6.0,0.00100011611357331,8.79756736755371],"predicted_tick":1094,"role":"client","tick":1094,"time_ms":18674,"wall_ms":1791532995322.0,"yaw":0.0}
S03R {"event":"prediction","history_size":5,"position":[6.0,0.00100011611357331,8.79756736755371],"predicted_tick":1095,"role":"client","tick":1095,"time_ms":18677,"wall_ms":1791532995325.0,"yaw":0.0}
S03R {"event":"prediction","history_size":6,"position":[6.0,0.00100011611357331,8.79756736755371],"predicted_tick":1096,"role":"client","tick":1096,"time_ms":18691,"wall_ms":1791532995339.0,"yaw":0.0}
S03R {"authority_install_error_m":0.0,"entity":1,"event":"apply","pose":{"control":1,"durable":4,"entity":1,"last_input_tick":1099,"position":[0.0,0.00100011611357331,10.9999923706055],"receipt_ms":18694,"sequence":1099,"tick":1140,"velocity":[0.0,0.0,0.0],"yaw":0.0},"position":[0.0,0.00100011611357331,10.9999923706055],"time_ms":18711,"wall_ms":1791532995360.0,"yaw":0.0}
S03R {"ack_input_tick":1093,"cause":"none","correction_m":0.0,"correction_yaw_deg":0.0,"event":"correction","history_exhausted":false,"replay_frames":3,"replay_usec":92,"role":"client","tick":1097,"time_ms":18714,"wall_ms":1791532995362.0}
S03R {"authority_install_error_m":0.0,"entity":2,"event":"apply","pose":{"control":2,"durable":4,"entity":2,"last_input_tick":1093,"position":[6.0,0.00100011611357331,8.79756736755371],"receipt_ms":18694,"sequence":10,"tick":1140,"velocity":[0.0,0.0,0.0],"yaw":0.0},"position":[6.0,0.00100011611357331,8.79756736755371],"time_ms":18718,"wall_ms":1791532995365.0,"yaw":0.0}
S03R {"event":"prediction","history_size":4,"position":[6.0,0.00100011611357331,8.79756736755371],"predicted_tick":1097,"role":"client","tick":1097,"time_ms":18722,"wall_ms":1791532995370.0,"yaw":0.0}
S03R {"event":"prediction","history_size":5,"position":[6.0,0.00100011611357331,8.79756736755371],"predicted_tick":1098,"role":"client","tick":1098,"time_ms":18726,"wall_ms":1791532995374.0,"yaw":0.0}
S03R {"authority_install_error_m":0.0,"entity":1,"event":"apply","pose":{"control":1,"durable":4,"entity":1,"last_input_tick":1102,"position":[0.0,0.00100011611357331,10.9999923706055],"receipt_ms":18740,"sequence":1102,"tick":1143,"velocity":[0.0,0.0,0.0],"yaw":0.0},"position":[0.0,0.00100011611357331,10.9999923706055],"time_ms":18746,"wall_ms":1791532995394.0,"yaw":0.0}
S03R {"ack_input_tick":1096,"cause":"none","correction_m":0.0,"correction_yaw_deg":0.0,"event":"correction","history_exhausted":false,"replay_frames":2,"replay_usec":76,"role":"client","tick":1099,"time_ms":18751,"wall_ms":1791532995399.0}
S03R {"authority_install_error_m":0.0,"entity":2,"event":"apply","pose":{"control":2,"durable":4,"entity":2,"last_input_tick":1096,"position":[6.0,0.00100011611357331,8.79756736755371],"receipt_ms":18740,"sequence":13,"tick":1143,"velocity":[0.0,0.0,0.0],"yaw":0.0},"position":[6.0,0.00100011611357331,8.79756736755371],"time_ms":18755,"wall_ms":1791532995403.0,"yaw":0.0}
S03R {"event":"prediction","history_size":3,"position":[6.0,0.00100011611357331,8.79756736755371],"predicted_tick":1099,"role":"client","tick":1099,"time_ms":18757,"wall_ms":1791532995405.0,"yaw":0.0}
S03R {"event":"prediction","history_size":4,"position":[6.0,0.00100011611357331,8.79756736755371],"predicted_tick":1100,"role":"client","tick":1100,"time_ms":18760,"wall_ms":1791532995409.0,"yaw":0.0}
S03R {"event":"prediction","history_size":5,"position":[6.0,0.00100011611357331,8.79756736755371],"predicted_tick":1101,"role":"client","tick":1101,"time_ms":18774,"wall_ms":1791532995422.0,"yaw":0.0}
S03R {"authority_install_error_m":0.0,"entity":1,"event":"apply","pose":{"control":1,"durable":4,"entity":1,"last_input_tick":1105,"position":[0.0,0.00100011611357331,10.9999923706055],"receipt_ms":18788,"sequence":1105,"tick":1146,"velocity":[0.0,0.0,0.0],"yaw":0.0},"position":[0.0,0.00100011611357331,10.9999923706055],"time_ms":18795,"wall_ms":1791532995443.0,"yaw":0.0}
S03R {"ack_input_tick":1099,"cause":"none","correction_m":0.0,"correction_yaw_deg":0.0,"event":"correction","history_exhausted":false,"replay_frames":2,"replay_usec":48,"role":"client","tick":1102,"time_ms":18799,"wall_ms":1791532995447.0}
S03R {"authority_install_error_m":0.0,"entity":2,"event":"apply","pose":{"control":2,"durable":4,"entity":2,"last_input_tick":1099,"position":[6.0,0.00100011611357331,8.79756736755371],"receipt_ms":18788,"sequence":16,"tick":1146,"velocity":[0.0,0.0,0.0],"yaw":0.0},"position":[6.0,0.00100011611357331,8.79756736755371],"time_ms":18803,"wall_ms":1791532995451.0,"yaw":0.0}
S03R {"event":"prediction","history_size":3,"position":[6.0,0.00100011611357331,8.79756736755371],"predicted_tick":1102,"role":"client","tick":1102,"time_ms":18805,"wall_ms":1791532995453.0,"yaw":0.0}
S03R {"event":"prediction","history_size":4,"position":[6.0,0.00100011611357331,8.79756736755371],"predicted_tick":1103,"role":"client","tick":1103,"time_ms":18809,"wall_ms":1791532995457.0,"yaw":0.0}
S03R {"event":"prediction","history_size":5,"position":[6.0,0.00100011611357331,8.79756736755371],"predicted_tick":1104,"role":"client","tick":1104,"time_ms":18830,"wall_ms":1791532995478.0,"yaw":0.0}
S03R {"authority_install_error_m":0.0,"entity":1,"event":"apply","pose":{"control":1,"durable":4,"entity":1,"last_input_tick":1108,"position":[0.0,0.00100011611357331,10.9999923706055],"receipt_ms":18836,"sequence":1108,"tick":1149,"velocity":[0.0,0.0,0.0],"yaw":0.0},"position":[0.0,0.00100011611357331,10.9999923706055],"time_ms":18843,"wall_ms":1791532995491.0,"yaw":0.0}
S03R {"ack_input_tick":1102,"cause":"none","correction_m":0.0,"correction_yaw_deg":0.0,"event":"correction","history_exhausted":false,"replay_frames":2,"replay_usec":88,"role":"client","tick":1105,"time_ms":18846,"wall_ms":1791532995494.0}
S03R {"authority_install_error_m":0.0,"entity":2,"event":"apply","pose":{"control":2,"durable":4,"entity":2,"last_input_tick":1102,"position":[6.0,0.00100011611357331,8.79756736755371],"receipt_ms":18836,"sequence":19,"tick":1149,"velocity":[0.0,0.0,0.0],"yaw":0.0},"position":[6.0,0.00100011611357331,8.79756736755371],"time_ms":18848,"wall_ms":1791532995496.0,"yaw":0.0}
S03R {"event":"prediction","history_size":3,"position":[6.0,0.00100011611357331,8.79756736755371],"predicted_tick":1105,"role":"client","tick":1105,"time_ms":18851,"wall_ms":1791532995499.0,"yaw":0.0}
S03R {"event":"prediction","history_size":4,"position":[6.0,0.00100011611357331,8.79756736755371],"predicted_tick":1106,"role":"client","tick":1106,"time_ms":18857,"wall_ms":1791532995505.0,"yaw":0.0}
S03R {"event":"prediction","history_size":5,"position":[6.0,0.00100011611357331,8.79756736755371],"predicted_tick":1107,"role":"client","tick":1107,"time_ms":18878,"wall_ms":1791532995526.0,"yaw":0.0}
S03R {"event":"prediction","history_size":6,"position":[6.0,0.00100011611357331,8.79756736755371],"predicted_tick":1108,"role":"client","tick":1108,"time_ms":18892,"wall_ms":1791532995540.0,"yaw":0.0}
S03R {"authority_install_error_m":0.0,"entity":1,"event":"apply","pose":{"control":1,"durable":4,"entity":1,"last_input_tick":1111,"position":[0.0,0.00100011611357331,10.9999923706055],"receipt_ms":18895,"sequence":1111,"tick":1152,"velocity":[0.0,0.0,0.0],"yaw":0.0},"position":[0.0,0.00100011611357331,10.9999923706055],"time_ms":18912,"wall_ms":1791532995561.0,"yaw":0.0}
S03R {"ack_input_tick":1105,"cause":"none","correction_m":0.0,"correction_yaw_deg":0.0,"event":"correction","history_exhausted":false,"replay_frames":3,"replay_usec":97,"role":"client","tick":1109,"time_ms":18916,"wall_ms":1791532995564.0}
S03R {"authority_install_error_m":0.0,"entity":2,"event":"apply","pose":{"control":2,"durable":4,"entity":2,"last_input_tick":1105,"position":[6.0,0.00100011611357331,8.79756736755371],"receipt_ms":18895,"sequence":22,"tick":1152,"velocity":[0.0,0.0,0.0],"yaw":0.0},"position":[6.0,0.00100011611357331,8.79756736755371],"time_ms":18920,"wall_ms":1791532995568.0,"yaw":0.0}
S03R {"event":"prediction","history_size":4,"position":[6.0,0.00100011611357331,8.79756736755371],"predicted_tick":1109,"role":"client","tick":1109,"time_ms":18922,"wall_ms":1791532995571.0,"yaw":0.0}
S03R {"event":"prediction","history_size":5,"position":[6.0,0.00100011611357331,8.79756736755371],"predicted_tick":1110,"role":"client","tick":1110,"time_ms":18926,"wall_ms":1791532995575.0,"yaw":0.0}
S03R {"event":"prediction","history_size":6,"position":[6.0,0.00100011611357331,8.79756736755371],"predicted_tick":1111,"role":"client","tick":1111,"time_ms":18940,"wall_ms":1791532995588.0,"yaw":0.0}
S03R {"authority_install_error_m":0.0,"entity":1,"event":"apply","pose":{"control":1,"durable":4,"entity":1,"last_input_tick":1114,"position":[0.0,0.00100011611357331,10.9999923706055],"receipt_ms":18943,"sequence":1114,"tick":1155,"velocity":[0.0,0.0,0.0],"yaw":0.0},"position":[0.0,0.00100011611357331,10.9999923706055],"time_ms":18961,"wall_ms":1791532995609.0,"yaw":0.0}
S03R {"ack_input_tick":1108,"cause":"none","correction_m":0.0,"correction_yaw_deg":0.0,"event":"correction","history_exhausted":false,"replay_frames":3,"replay_usec":87,"role":"client","tick":1112,"time_ms":18976,"wall_ms":1791532995624.0}
S03R {"authority_install_error_m":0.0,"entity":2,"event":"apply","pose":{"control":2,"durable":4,"entity":2,"last_input_tick":1108,"position":[6.0,0.00100011611357331,8.79756736755371],"receipt_ms":18943,"sequence":25,"tick":1155,"velocity":[0.0,0.0,0.0],"yaw":0.0},"position":[6.0,0.00100011611357331,8.79756736755371],"time_ms":18980,"wall_ms":1791532995628.0,"yaw":0.0}
S03R {"event":"prediction","history_size":4,"position":[6.0,0.00100011611357331,8.79756736755371],"predicted_tick":1112,"role":"client","tick":1112,"time_ms":18982,"wall_ms":1791532995630.0,"yaw":0.0}
S03R {"event":"prediction","history_size":5,"position":[6.0,0.00100011611357331,8.79756736755371],"predicted_tick":1113,"role":"client","tick":1113,"time_ms":18987,"wall_ms":1791532995635.0,"yaw":0.0}
S03R {"event":"prediction","history_size":6,"position":[6.0,0.00100011611357331,8.79756736755371],"predicted_tick":1114,"role":"client","tick":1114,"time_ms":18994,"wall_ms":1791532995643.0,"yaw":0.0}
S03R {"authority_install_error_m":0.0,"entity":1,"event":"apply","pose":{"control":1,"durable":4,"entity":1,"last_input_tick":1117,"position":[0.0,0.00100011611357331,10.9999923706055],"receipt_ms":18999,"sequence":1117,"tick":1158,"velocity":[0.0,0.0,0.0],"yaw":0.0},"position":[0.0,0.00100011611357331,10.9999923706055],"time_ms":19008,"wall_ms":1791532995657.0,"yaw":0.0}
S03R {"ack_input_tick":1111,"cause":"none","correction_m":0.0,"correction_yaw_deg":0.0,"event":"correction","history_exhausted":false,"replay_frames":3,"replay_usec":85,"role":"client","tick":1115,"time_ms":19011,"wall_ms":1791532995658.0}
S03R {"authority_install_error_m":0.0,"entity":2,"event":"apply","pose":{"control":2,"durable":4,"entity":2,"last_input_tick":1111,"position":[6.0,0.00100011611357331,8.79756736755371],"receipt_ms":18999,"sequence":28,"tick":1158,"velocity":[0.0,0.0,0.0],"yaw":0.0},"position":[6.0,0.00100011611357331,8.79756736755371],"time_ms":19013,"wall_ms":1791532995661.0,"yaw":0.0}
S03R {"event":"prediction","history_size":4,"position":[6.0,0.00100011611357331,8.79756736755371],"predicted_tick":1115,"role":"client","tick":1115,"time_ms":19017,"wall_ms":1791532995665.0,"yaw":0.0}
S03R {"event":"prediction","history_size":5,"position":[6.0,0.00100011611357331,8.79756736755371],"predicted_tick":1116,"role":"client","tick":1116,"time_ms":19026,"wall_ms":1791532995674.0,"yaw":0.0}
S03R {"event":"prediction","history_size":6,"position":[6.0,0.00100011611357331,8.79756736755371],"predicted_tick":1117,"role":"client","tick":1117,"time_ms":19040,"wall_ms":1791532995688.0,"yaw":0.0}
S03R {"authority_install_error_m":0.0,"entity":1,"event":"apply","pose":{"control":1,"durable":4,"entity":1,"last_input_tick":1120,"position":[0.0,0.00100011611357331,10.9999923706055],"receipt_ms":19043,"sequence":1120,"tick":1161,"velocity":[0.0,0.0,0.0],"yaw":0.0},"position":[0.0,0.00100011611357331,10.9999923706055],"time_ms":19054,"wall_ms":1791532995702.0,"yaw":0.0}
S03R {"ack_input_tick":1114,"cause":"none","correction_m":0.0,"correction_yaw_deg":0.0,"event":"correction","history_exhausted":false,"replay_frames":3,"replay_usec":60,"role":"client","tick":1118,"time_ms":19056,"wall_ms":1791532995704.0}
S03R {"authority_install_error_m":0.0,"entity":2,"event":"apply","pose":{"control":2,"durable":4,"entity":2,"last_input_tick":1114,"position":[6.0,0.00100011611357331,8.79756736755371],"receipt_ms":19043,"sequence":31,"tick":1161,"velocity":[0.0,0.0,0.0],"yaw":0.0},"position":[6.0,0.00100011611357331,8.79756736755371],"time_ms":19059,"wall_ms":1791532995707.0,"yaw":0.0}
S03R {"event":"prediction","history_size":4,"position":[6.0,0.00100011611357331,8.79756736755371],"predicted_tick":1118,"role":"client","tick":1118,"time_ms":19061,"wall_ms":1791532995709.0,"yaw":0.0}
S03R {"event":"prediction","history_size":5,"position":[6.0,0.00100011611357331,8.79756736755371],"predicted_tick":1119,"role":"client","tick":1119,"time_ms":19068,"wall_ms":1791532995715.0,"yaw":0.0}
S03R {"event":"prediction","history_size":6,"position":[6.0,0.00100011611357331,8.79756736755371],"predicted_tick":1120,"role":"client","tick":1120,"time_ms":19082,"wall_ms":1791532995730.0,"yaw":0.0}
S03R {"authority_install_error_m":0.0,"entity":1,"event":"apply","pose":{"control":1,"durable":4,"entity":1,"last_input_tick":1123,"position":[0.0,0.00100011611357331,10.9999923706055],"receipt_ms":19084,"sequence":1123,"tick":1164,"velocity":[0.0,0.0,0.0],"yaw":0.0},"position":[0.0,0.00100011611357331,10.9999923706055],"time_ms":19095,"wall_ms":1791532995743.0,"yaw":0.0}
S03R {"ack_input_tick":1117,"cause":"none","correction_m":0.0,"correction_yaw_deg":0.0,"event":"correction","history_exhausted":false,"replay_frames":3,"replay_usec":53,"role":"client","tick":1121,"time_ms":19098,"wall_ms":1791532995746.0}
S03R {"authority_install_error_m":0.0,"entity":2,"event":"apply","pose":{"control":2,"durable":4,"entity":2,"last_input_tick":1117,"position":[6.0,0.00100011611357331,8.79756736755371],"receipt_ms":19084,"sequence":34,"tick":1164,"velocity":[0.0,0.0,0.0],"yaw":0.0},"position":[6.0,0.00100011611357331,8.79756736755371],"time_ms":19103,"wall_ms":1791532995751.0,"yaw":0.0}
S03R {"event":"prediction","history_size":4,"position":[6.0,0.00100011611357331,8.79756736755371],"predicted_tick":1121,"role":"client","tick":1121,"time_ms":19107,"wall_ms":1791532995754.0,"yaw":0.0}
S03R {"event":"prediction","history_size":5,"position":[6.0,0.00100011611357331,8.79756736755371],"predicted_tick":1122,"role":"client","tick":1122,"time_ms":19117,"wall_ms":1791532995765.0,"yaw":0.0}
S03R {"event":"prediction","history_size":6,"position":[6.0,0.00100011611357331,8.79756736755371],"predicted_tick":1123,"role":"client","tick":1123,"time_ms":19130,"wall_ms":1791532995779.0,"yaw":0.0}
S03R {"event":"prediction","history_size":7,"position":[6.0,0.00100011611357331,8.79756736755371],"predicted_tick":1124,"role":"client","tick":1124,"time_ms":19144,"wall_ms":1791532995792.0,"yaw":0.0}
S03R {"authority_install_error_m":0.0,"entity":1,"event":"apply","pose":{"control":1,"durable":4,"entity":1,"last_input_tick":1126,"position":[0.0,0.00100011611357331,10.9999923706055],"receipt_ms":19147,"sequence":1126,"tick":1167,"velocity":[0.0,0.0,0.0],"yaw":0.0},"position":[0.0,0.00100011611357331,10.9999923706055],"time_ms":19165,"wall_ms":1791532995813.0,"yaw":0.0}
S03R {"ack_input_tick":1120,"cause":"none","correction_m":0.0,"correction_yaw_deg":0.0,"event":"correction","history_exhausted":false,"replay_frames":4,"replay_usec":58,"role":"client","tick":1125,"time_ms":19168,"wall_ms":1791532995816.0}
S03R {"authority_install_error_m":0.0,"entity":2,"event":"apply","pose":{"control":2,"durable":4,"entity":2,"last_input_tick":1120,"position":[6.0,0.00100011611357331,8.79756736755371],"receipt_ms":19147,"sequence":37,"tick":1167,"velocity":[0.0,0.0,0.0],"yaw":0.0},"position":[6.0,0.00100011611357331,8.79756736755371],"time_ms":19172,"wall_ms":1791532995820.0,"yaw":0.0}
S03R {"event":"prediction","history_size":5,"position":[6.0,0.00100011611357331,8.79756736755371],"predicted_tick":1125,"role":"client","tick":1125,"time_ms":19177,"wall_ms":1791532995824.0,"yaw":0.0}
S03R {"event":"prediction","history_size":6,"position":[6.0,0.00100011611357331,8.79756736755371],"predicted_tick":1126,"role":"client","tick":1126,"time_ms":19180,"wall_ms":1791532995828.0,"yaw":0.0}
S03R {"authority_install_error_m":0.0,"entity":1,"event":"apply","pose":{"control":1,"durable":4,"entity":1,"last_input_tick":1129,"position":[0.0,0.00100011611357331,10.9999923706055],"receipt_ms":19194,"sequence":1129,"tick":1170,"velocity":[0.0,0.0,0.0],"yaw":0.0},"position":[0.0,0.00100011611357331,10.9999923706055],"time_ms":19200,"wall_ms":1791532995848.0,"yaw":0.0}
S03R {"ack_input_tick":1123,"cause":"none","correction_m":0.0,"correction_yaw_deg":0.0,"event":"correction","history_exhausted":false,"replay_frames":3,"replay_usec":78,"role":"client","tick":1127,"time_ms":19203,"wall_ms":1791532995851.0}
S03R {"authority_install_error_m":0.0,"entity":2,"event":"apply","pose":{"control":2,"durable":4,"entity":2,"last_input_tick":1123,"position":[6.0,0.00100011611357331,8.79756736755371],"receipt_ms":19194,"sequence":40,"tick":1170,"velocity":[0.0,0.0,0.0],"yaw":0.0},"position":[6.0,0.00100011611357331,8.79756736755371],"time_ms":19205,"wall_ms":1791532995854.0,"yaw":0.0}
S03R {"event":"prediction","history_size":4,"position":[6.0,0.00100011611357331,8.79756736755371],"predicted_tick":1127,"role":"client","tick":1127,"time_ms":19208,"wall_ms":1791532995856.0,"yaw":0.0}
S03R {"event":"prediction","history_size":5,"position":[6.0,0.00100011611357331,8.79756736755371],"predicted_tick":1128,"role":"client","tick":1128,"time_ms":19215,"wall_ms":1791532995863.0,"yaw":0.0}
S03R {"event":"prediction","history_size":6,"position":[6.0,0.00100011611357331,8.79756736755371],"predicted_tick":1129,"role":"client","tick":1129,"time_ms":19228,"wall_ms":1791532995876.0,"yaw":0.0}
S03R {"authority_install_error_m":0.0,"entity":1,"event":"apply","pose":{"control":1,"durable":4,"entity":1,"last_input_tick":1132,"position":[0.0,0.00100011611357331,10.9999923706055],"receipt_ms":19242,"sequence":1132,"tick":1173,"velocity":[0.0,0.0,0.0],"yaw":0.0},"position":[0.0,0.00100011611357331,10.9999923706055],"time_ms":19249,"wall_ms":1791532995897.0,"yaw":0.0}
S03R {"ack_input_tick":1126,"cause":"none","correction_m":0.0,"correction_yaw_deg":0.0,"event":"correction","history_exhausted":false,"replay_frames":3,"replay_usec":63,"role":"client","tick":1130,"time_ms":19258,"wall_ms":1791532995907.0}
S03R {"authority_install_error_m":0.0,"entity":2,"event":"apply","pose":{"control":2,"durable":4,"entity":2,"last_input_tick":1126,"position":[6.0,0.00100011611357331,8.79756736755371],"receipt_ms":19242,"sequence":43,"tick":1173,"velocity":[0.0,0.0,0.0],"yaw":0.0},"position":[6.0,0.00100011611357331,8.79756736755371],"time_ms":19262,"wall_ms":1791532995910.0,"yaw":0.0}
S03R {"event":"prediction","history_size":4,"position":[6.0,0.00100011611357331,8.79756736755371],"predicted_tick":1130,"role":"client","tick":1130,"time_ms":19267,"wall_ms":1791532995914.0,"yaw":0.0}
S03R {"event":"prediction","history_size":5,"position":[6.0,0.00100011611357331,8.79756736755371],"predicted_tick":1131,"role":"client","tick":1131,"time_ms":19272,"wall_ms":1791532995920.0,"yaw":0.0}
S03R {"event":"prediction","history_size":6,"position":[6.0,0.00100011611357331,8.79756736755371],"predicted_tick":1132,"role":"client","tick":1132,"time_ms":19293,"wall_ms":1791532995940.0,"yaw":0.0}
S03R {"authority_install_error_m":0.0,"entity":1,"event":"apply","pose":{"control":1,"durable":4,"entity":1,"last_input_tick":1135,"position":[0.0,0.00100011611357331,10.9999923706055],"receipt_ms":19296,"sequence":1135,"tick":1176,"velocity":[0.0,0.0,0.0],"yaw":0.0},"position":[0.0,0.00100011611357331,10.9999923706055],"time_ms":19306,"wall_ms":1791532995954.0,"yaw":0.0}
S03R {"ack_input_tick":1129,"cause":"none","correction_m":0.0,"correction_yaw_deg":0.0,"event":"correction","history_exhausted":false,"replay_frames":3,"replay_usec":65,"role":"client","tick":1133,"time_ms":19310,"wall_ms":1791532995958.0}
S03R {"authority_install_error_m":0.0,"entity":2,"event":"apply","pose":{"control":2,"durable":4,"entity":2,"last_input_tick":1129,"position":[6.0,0.00100011611357331,8.79756736755371],"receipt_ms":19296,"sequence":46,"tick":1176,"velocity":[0.0,0.0,0.0],"yaw":0.0},"position":[6.0,0.00100011611357331,8.79756736755371],"time_ms":19312,"wall_ms":1791532995960.0,"yaw":0.0}
S03R {"event":"prediction","history_size":4,"position":[6.0,0.00100011611357331,8.79756736755371],"predicted_tick":1133,"role":"client","tick":1133,"time_ms":19314,"wall_ms":1791532995963.0,"yaw":0.0}
S03R {"event":"prediction","history_size":5,"position":[6.0,0.00100011611357331,8.79756736755371],"predicted_tick":1134,"role":"client","tick":1134,"time_ms":19321,"wall_ms":1791532995970.0,"yaw":0.0}
S03R {"event":"prediction","history_size":6,"position":[6.0,0.00100011611357331,8.79756736755371],"predicted_tick":1135,"role":"client","tick":1135,"time_ms":19342,"wall_ms":1791532995991.0,"yaw":0.0}
S03R {"authority_install_error_m":0.0,"entity":1,"event":"apply","pose":{"control":1,"durable":4,"entity":1,"last_input_tick":1138,"position":[0.0,0.00100011611357331,10.9999923706055],"receipt_ms":19345,"sequence":1138,"tick":1179,"velocity":[0.0,0.0,0.0],"yaw":0.0},"position":[0.0,0.00100011611357331,10.9999923706055],"time_ms":19356,"wall_ms":1791532996004.0,"yaw":0.0}
S03R {"ack_input_tick":1132,"cause":"none","correction_m":0.0,"correction_yaw_deg":0.0,"event":"correction","history_exhausted":false,"replay_frames":3,"replay_usec":83,"role":"client","tick":1136,"time_ms":19358,"wall_ms":1791532996006.0}
S03R {"authority_install_error_m":0.0,"entity":2,"event":"apply","pose":{"control":2,"durable":4,"entity":2,"last_input_tick":1132,"position":[6.0,0.00100011611357331,8.79756736755371],"receipt_ms":19345,"sequence":49,"tick":1179,"velocity":[0.0,0.0,0.0],"yaw":0.0},"position":[6.0,0.00100011611357331,8.79756736755371],"time_ms":19361,"wall_ms":1791532996009.0,"yaw":0.0}
S03R {"event":"prediction","history_size":4,"position":[6.0,0.00100011611357331,8.79756736755371],"predicted_tick":1136,"role":"client","tick":1136,"time_ms":19363,"wall_ms":1791532996011.0,"yaw":0.0}
S03R {"event":"prediction","history_size":5,"position":[6.0,0.00100011611357331,8.79756736755371],"predicted_tick":1137,"role":"client","tick":1137,"time_ms":19370,"wall_ms":1791532996018.0,"yaw":0.0}
S03R {"event":"prediction","history_size":6,"position":[6.0,0.00100011611357331,8.79756736755371],"predicted_tick":1138,"role":"client","tick":1138,"time_ms":19391,"wall_ms":1791532996039.0,"yaw":0.0}
S03R {"authority_install_error_m":0.0,"entity":1,"event":"apply","pose":{"control":1,"durable":4,"entity":1,"last_input_tick":1141,"position":[0.0,0.00100011611357331,10.9999923706055],"receipt_ms":19399,"sequence":1141,"tick":1182,"velocity":[0.0,0.0,0.0],"yaw":0.0},"position":[0.0,0.00100011611357331,10.9999923706055],"time_ms":19404,"wall_ms":1791532996053.0,"yaw":0.0}
S03R {"ack_input_tick":1135,"cause":"none","correction_m":0.0,"correction_yaw_deg":0.0,"event":"correction","history_exhausted":false,"replay_frames":3,"replay_usec":168,"role":"client","tick":1139,"time_ms":19407,"wall_ms":1791532996055.0}
S03R {"authority_install_error_m":0.0,"entity":2,"event":"apply","pose":{"control":2,"durable":4,"entity":2,"last_input_tick":1135,"position":[6.0,0.00100011611357331,8.79756736755371],"receipt_ms":19399,"sequence":52,"tick":1182,"velocity":[0.0,0.0,0.0],"yaw":0.0},"position":[6.0,0.00100011611357331,8.79756736755371],"time_ms":19409,"wall_ms":1791532996058.0,"yaw":0.0}
S03R {"event":"prediction","history_size":4,"position":[6.0,0.00100011611357331,8.79756736755371],"predicted_tick":1139,"role":"client","tick":1139,"time_ms":19412,"wall_ms":1791532996060.0,"yaw":0.0}
S03R {"event":"prediction","history_size":5,"position":[6.0,0.00100011611357331,8.79756736755371],"predicted_tick":1140,"role":"client","tick":1140,"time_ms":19425,"wall_ms":1791532996074.0,"yaw":0.0}
S03R {"event":"prediction","history_size":6,"position":[6.0,0.00100011611357331,8.79756736755371],"predicted_tick":1141,"role":"client","tick":1141,"time_ms":19439,"wall_ms":1791532996087.0,"yaw":0.0}
S03R {"authority_install_error_m":0.0,"entity":1,"event":"apply","pose":{"control":1,"durable":4,"entity":1,"last_input_tick":1144,"position":[0.0,0.00100011611357331,10.9999923706055],"receipt_ms":19442,"sequence":1144,"tick":1185,"velocity":[0.0,0.0,0.0],"yaw":0.0},"position":[0.0,0.00100011611357331,10.9999923706055],"time_ms":19453,"wall_ms":1791532996101.0,"yaw":0.0}
S03R {"ack_input_tick":1138,"cause":"none","correction_m":0.0,"correction_yaw_deg":0.0,"event":"correction","history_exhausted":false,"replay_frames":3,"replay_usec":93,"role":"client","tick":1142,"time_ms":19455,"wall_ms":1791532996103.0}
S03R {"authority_install_error_m":0.0,"entity":2,"event":"apply","pose":{"control":2,"durable":4,"entity":2,"last_input_tick":1138,"position":[6.0,0.00100011611357331,8.79756736755371],"receipt_ms":19442,"sequence":55,"tick":1185,"velocity":[0.0,0.0,0.0],"yaw":0.0},"position":[6.0,0.00100011611357331,8.79756736755371],"time_ms":19458,"wall_ms":1791532996105.0,"yaw":0.0}
S03R {"event":"prediction","history_size":4,"position":[6.0,0.00100011611357331,8.79756736755371],"predicted_tick":1142,"role":"client","tick":1142,"time_ms":19461,"wall_ms":1791532996109.0,"yaw":0.0}
S03R {"event":"prediction","history_size":5,"position":[6.0,0.00100011611357331,8.79756736755371],"predicted_tick":1143,"role":"client","tick":1143,"time_ms":19473,"wall_ms":1791532996121.0,"yaw":0.0}
S03R {"event":"prediction","history_size":6,"position":[6.0,0.00100011611357331,8.79756736755371],"predicted_tick":1144,"role":"client","tick":1144,"time_ms":19487,"wall_ms":1791532996135.0,"yaw":0.0}
S03R {"authority_install_error_m":0.0,"entity":1,"event":"apply","pose":{"control":1,"durable":4,"entity":1,"last_input_tick":1147,"position":[0.0,0.00100011611357331,10.9999923706055],"receipt_ms":19490,"sequence":1147,"tick":1188,"velocity":[0.0,0.0,0.0],"yaw":0.0},"position":[0.0,0.00100011611357331,10.9999923706055],"time_ms":19508,"wall_ms":1791532996156.0,"yaw":0.0}
S03R {"ack_input_tick":1141,"cause":"none","correction_m":0.0,"correction_yaw_deg":0.0,"event":"correction","history_exhausted":false,"replay_frames":3,"replay_usec":107,"role":"client","tick":1145,"time_ms":19512,"wall_ms":1791532996160.0}
S03R {"authority_install_error_m":0.0,"entity":2,"event":"apply","pose":{"control":2,"durable":4,"entity":2,"last_input_tick":1141,"position":[6.0,0.00100011611357331,8.79756736755371],"receipt_ms":19490,"sequence":58,"tick":1188,"velocity":[0.0,0.0,0.0],"yaw":0.0},"position":[6.0,0.00100011611357331,8.79756736755371],"time_ms":19515,"wall_ms":1791532996163.0,"yaw":0.0}
S03R {"event":"prediction","history_size":4,"position":[6.0,0.00100011611357331,8.79756736755371],"predicted_tick":1145,"role":"client","tick":1145,"time_ms":19519,"wall_ms":1791532996167.0,"yaw":0.0}
S03R {"event":"prediction","history_size":5,"position":[6.0,0.00100011611357331,8.79756736755371],"predicted_tick":1146,"role":"client","tick":1146,"time_ms":19525,"wall_ms":1791532996173.0,"yaw":0.0}
S03R {"event":"prediction","history_size":6,"position":[6.0,0.00100011611357331,8.79756736755371],"predicted_tick":1147,"role":"client","tick":1147,"time_ms":19538,"wall_ms":1791532996186.0,"yaw":0.0}
S03R {"authority_install_error_m":0.0,"entity":1,"event":"apply","pose":{"control":1,"durable":4,"entity":1,"last_input_tick":1150,"position":[0.0,0.00100011611357331,10.9999923706055],"receipt_ms":19542,"sequence":1150,"tick":1191,"velocity":[0.0,0.0,0.0],"yaw":0.0},"position":[0.0,0.00100011611357331,10.9999923706055],"time_ms":19559,"wall_ms":1791532996207.0,"yaw":0.0}
S03R {"ack_input_tick":1144,"cause":"none","correction_m":0.0,"correction_yaw_deg":0.0,"event":"correction","history_exhausted":false,"replay_frames":3,"replay_usec":85,"role":"client","tick":1148,"time_ms":19562,"wall_ms":1791532996210.0}
S03R {"authority_install_error_m":0.0,"entity":2,"event":"apply","pose":{"control":2,"durable":4,"entity":2,"last_input_tick":1144,"position":[6.0,0.00100011611357331,8.79756736755371],"receipt_ms":19542,"sequence":61,"tick":1191,"velocity":[0.0,0.0,0.0],"yaw":0.0},"position":[6.0,0.00100011611357331,8.79756736755371],"time_ms":19564,"wall_ms":1791532996213.0,"yaw":0.0}
S03R {"event":"prediction","history_size":4,"position":[6.0,0.00100011611357331,8.79756736755371],"predicted_tick":1148,"role":"client","tick":1148,"time_ms":19569,"wall_ms":1791532996217.0,"yaw":0.0}
S03R {"event":"prediction","history_size":5,"position":[6.0,0.00100011611357331,8.79756736755371],"predicted_tick":1149,"role":"client","tick":1149,"time_ms":19574,"wall_ms":1791532996222.0,"yaw":0.0}
S03R {"event":"prediction","history_size":6,"position":[6.0,0.00100011611357331,8.79756736755371],"predicted_tick":1150,"role":"client","tick":1150,"time_ms":19588,"wall_ms":1791532996235.0,"yaw":0.0}
S03R {"authority_install_error_m":0.0,"entity":1,"event":"apply","pose":{"control":1,"durable":4,"entity":1,"last_input_tick":1153,"position":[0.0,0.00100011611357331,10.9999923706055],"receipt_ms":19591,"sequence":1153,"tick":1194,"velocity":[0.0,0.0,0.0],"yaw":0.0},"position":[0.0,0.00100011611357331,10.9999923706055],"time_ms":19608,"wall_ms":1791532996257.0,"yaw":0.0}
S03R {"ack_input_tick":1146,"cause":"none","correction_m":0.0,"correction_yaw_deg":0.0,"event":"correction","history_exhausted":false,"replay_frames":4,"replay_usec":88,"role":"client","tick":1151,"time_ms":19612,"wall_ms":1791532996260.0}
S03R {"authority_install_error_m":0.0,"entity":2,"event":"apply","pose":{"control":2,"durable":4,"entity":2,"last_input_tick":1146,"position":[6.0,0.00100011611357331,8.79756736755371],"receipt_ms":19591,"sequence":63,"tick":1194,"velocity":[0.0,0.0,0.0],"yaw":0.0},"position":[6.0,0.00100011611357331,8.79756736755371],"time_ms":19616,"wall_ms":1791532996264.0,"yaw":0.0}
S03R {"event":"prediction","history_size":5,"position":[6.0,0.00100011611357331,8.79756736755371],"predicted_tick":1151,"role":"client","tick":1151,"time_ms":19620,"wall_ms":1791532996269.0,"yaw":0.0}
S03R {"event":"prediction","history_size":6,"position":[6.0,0.00100011611357331,8.79756736755371],"predicted_tick":1152,"role":"client","tick":1152,"time_ms":19624,"wall_ms":1791532996272.0,"yaw":0.0}
S03R {"event":"prediction","history_size":7,"position":[6.0,0.00100011611357331,8.79756736755371],"predicted_tick":1153,"role":"client","tick":1153,"time_ms":19637,"wall_ms":1791532996286.0,"yaw":0.0}
S03R {"authority_install_error_m":0.0,"entity":1,"event":"apply","pose":{"control":1,"durable":4,"entity":1,"last_input_tick":1156,"position":[0.0,0.00100011611357331,10.9999923706055],"receipt_ms":19640,"sequence":1156,"tick":1197,"velocity":[0.0,0.0,0.0],"yaw":0.0},"position":[0.0,0.00100011611357331,10.9999923706055],"time_ms":19658,"wall_ms":1791532996306.0,"yaw":0.0}
S03R {"ack_input_tick":1149,"cause":"none","correction_m":0.0,"correction_yaw_deg":0.0,"event":"correction","history_exhausted":false,"replay_frames":4,"replay_usec":86,"role":"client","tick":1154,"time_ms":19661,"wall_ms":1791532996308.0}
S03R {"authority_install_error_m":0.0,"entity":2,"event":"apply","pose":{"control":2,"durable":4,"entity":2,"last_input_tick":1149,"position":[6.0,0.00100011611357331,8.79756736755371],"receipt_ms":19640,"sequence":66,"tick":1197,"velocity":[0.0,0.0,0.0],"yaw":0.0},"position":[6.0,0.00100011611357331,8.79756736755371],"time_ms":19663,"wall_ms":1791532996311.0,"yaw":0.0}
S03R {"event":"prediction","history_size":5,"position":[6.0,0.00100011611357331,8.79756736755371],"predicted_tick":1154,"role":"client","tick":1154,"time_ms":19666,"wall_ms":1791532996314.0,"yaw":0.0}
S03R {"event":"prediction","history_size":6,"position":[6.0,0.00100011611357331,8.79756736755371],"predicted_tick":1155,"role":"client","tick":1155,"time_ms":19672,"wall_ms":1791532996320.0,"yaw":0.0}
S03R {"event":"prediction","history_size":7,"position":[6.0,0.00100011611357331,8.79756736755371],"predicted_tick":1156,"role":"client","tick":1156,"time_ms":19693,"wall_ms":1791532996341.0,"yaw":0.0}
S03R {"authority_install_error_m":0.0,"entity":1,"event":"apply","pose":{"control":1,"durable":4,"entity":1,"last_input_tick":1159,"position":[0.0,0.00100011611357331,10.9999923706055],"receipt_ms":19696,"sequence":1159,"tick":1200,"velocity":[0.0,0.0,0.0],"yaw":0.0},"position":[0.0,0.00100011611357331,10.9999923706055],"time_ms":19706,"wall_ms":1791532996355.0,"yaw":0.0}
S03R {"ack_input_tick":1152,"cause":"none","correction_m":0.0,"correction_yaw_deg":0.0,"event":"correction","history_exhausted":false,"replay_frames":4,"replay_usec":96,"role":"client","tick":1157,"time_ms":19709,"wall_ms":1791532996357.0}
S03R {"authority_install_error_m":0.0,"entity":2,"event":"apply","pose":{"control":2,"durable":4,"entity":2,"last_input_tick":1152,"position":[6.0,0.00100011611357331,8.79756736755371],"receipt_ms":19696,"sequence":69,"tick":1200,"velocity":[0.0,0.0,0.0],"yaw":0.0},"position":[6.0,0.00100011611357331,8.79756736755371],"time_ms":19713,"wall_ms":1791532996360.0,"yaw":0.0}
S03R {"event":"prediction","history_size":5,"position":[6.0,0.00100011611357331,8.79756736755371],"predicted_tick":1157,"role":"client","tick":1157,"time_ms":19716,"wall_ms":1791532996364.0,"yaw":0.0}
S03R {"event":"prediction","history_size":6,"position":[6.0,0.00100011611357331,8.79756736755371],"predicted_tick":1158,"role":"client","tick":1158,"time_ms":19721,"wall_ms":1791532996369.0,"yaw":0.0}
S03R {"event":"prediction","history_size":7,"position":[6.0,0.00100011611357331,8.79756736755371],"predicted_tick":1159,"role":"client","tick":1159,"time_ms":19742,"wall_ms":1791532996390.0,"yaw":0.0}
S03R {"authority_install_error_m":0.0,"entity":1,"event":"apply","pose":{"control":1,"durable":4,"entity":1,"last_input_tick":1162,"position":[0.0,0.00100011611357331,10.9999923706055],"receipt_ms":19745,"sequence":1162,"tick":1203,"velocity":[0.0,0.0,0.0],"yaw":0.0},"position":[0.0,0.00100011611357331,10.9999923706055],"time_ms":19756,"wall_ms":1791532996404.0,"yaw":0.0}
S03R {"ack_input_tick":1155,"cause":"none","correction_m":0.0,"correction_yaw_deg":0.0,"event":"correction","history_exhausted":false,"replay_frames":4,"replay_usec":59,"role":"client","tick":1160,"time_ms":19758,"wall_ms":1791532996407.0}
S03R {"authority_install_error_m":0.0,"entity":2,"event":"apply","pose":{"control":2,"durable":4,"entity":2,"last_input_tick":1155,"position":[6.0,0.00100011611357331,8.79756736755371],"receipt_ms":19745,"sequence":72,"tick":1203,"velocity":[0.0,0.0,0.0],"yaw":0.0},"position":[6.0,0.00100011611357331,8.79756736755371],"time_ms":19761,"wall_ms":1791532996409.0,"yaw":0.0}
S03R {"event":"prediction","history_size":5,"position":[6.0,0.00100011611357331,8.79756736755371],"predicted_tick":1160,"role":"client","tick":1160,"time_ms":19763,"wall_ms":1791532996411.0,"yaw":0.0}
S03R {"event":"prediction","history_size":6,"position":[6.0,0.00100011611357331,8.79756736755371],"predicted_tick":1161,"role":"client","tick":1161,"time_ms":19769,"wall_ms":1791532996418.0,"yaw":0.0}
S03R {"event":"prediction","history_size":7,"position":[6.0,0.00100011611357331,8.79756736755371],"predicted_tick":1162,"role":"client","tick":1162,"time_ms":19790,"wall_ms":1791532996439.0,"yaw":0.0}
S03R {"event":"prediction","history_size":8,"position":[6.0,0.00100011611357331,8.79756736755371],"predicted_tick":1163,"role":"client","tick":1163,"time_ms":19804,"wall_ms":1791532996451.0,"yaw":0.0}
S03R {"authority_install_error_m":0.0,"entity":1,"event":"apply","pose":{"control":1,"durable":4,"entity":1,"last_input_tick":1165,"position":[0.0,0.00100011611357331,10.9999923706055],"receipt_ms":19807,"sequence":1165,"tick":1206,"velocity":[0.0,0.0,0.0],"yaw":0.0},"position":[0.0,0.00100011611357331,10.9999923706055],"time_ms":19825,"wall_ms":1791532996472.0,"yaw":0.0}
S03R {"ack_input_tick":1158,"cause":"none","correction_m":0.0,"correction_yaw_deg":0.0,"event":"correction","history_exhausted":false,"replay_frames":5,"replay_usec":101,"role":"client","tick":1164,"time_ms":19827,"wall_ms":1791532996476.0}
S03R {"authority_install_error_m":0.0,"entity":2,"event":"apply","pose":{"control":2,"durable":4,"entity":2,"last_input_tick":1158,"position":[6.0,0.00100011611357331,8.79756736755371],"receipt_ms":19807,"sequence":75,"tick":1206,"velocity":[0.0,0.0,0.0],"yaw":0.0},"position":[6.0,0.00100011611357331,8.79756736755371],"time_ms":19830,"wall_ms":1791532996478.0,"yaw":0.0}
S03R {"event":"prediction","history_size":6,"position":[6.0,0.00100011611357331,8.79756736755371],"predicted_tick":1164,"role":"client","tick":1164,"time_ms":19832,"wall_ms":1791532996481.0,"yaw":0.0}
S03R {"event":"prediction","history_size":7,"position":[6.0,0.00100011611357331,8.79756736755371],"predicted_tick":1165,"role":"client","tick":1165,"time_ms":19838,"wall_ms":1791532996486.0,"yaw":0.0}
S03R {"authority_install_error_m":0.0,"entity":1,"event":"apply","pose":{"control":1,"durable":4,"entity":1,"last_input_tick":1168,"position":[0.0,0.00100011611357331,10.9999923706055],"receipt_ms":19845,"sequence":1168,"tick":1209,"velocity":[0.0,0.0,0.0],"yaw":0.0},"position":[0.0,0.00100011611357331,10.9999923706055],"time_ms":19852,"wall_ms":1791532996500.0,"yaw":0.0}
S03R {"ack_input_tick":1161,"cause":"none","correction_m":0.0,"correction_yaw_deg":0.0,"event":"correction","history_exhausted":false,"replay_frames":4,"replay_usec":52,"role":"client","tick":1166,"time_ms":19855,"wall_ms":1791532996503.0}
S03R {"authority_install_error_m":0.0,"entity":2,"event":"apply","pose":{"control":2,"durable":4,"entity":2,"last_input_tick":1161,"position":[6.0,0.00100011611357331,8.79756736755371],"receipt_ms":19845,"sequence":78,"tick":1209,"velocity":[0.0,0.0,0.0],"yaw":0.0},"position":[6.0,0.00100011611357331,8.79756736755371],"time_ms":19857,"wall_ms":1791532996505.0,"yaw":0.0}
S03R {"event":"prediction","history_size":5,"position":[6.0,0.00100011611357331,8.79756736755371],"predicted_tick":1166,"role":"client","tick":1166,"time_ms":19859,"wall_ms":1791532996508.0,"yaw":0.0}
S03R {"event":"prediction","history_size":6,"position":[6.0,0.00100011611357331,8.79756736755371],"predicted_tick":1167,"role":"client","tick":1167,"time_ms":19873,"wall_ms":1791532996521.0,"yaw":0.0}
S03R {"event":"prediction","history_size":7,"position":[6.0,0.00100011611357331,8.79756736755371],"predicted_tick":1168,"role":"client","tick":1168,"time_ms":19887,"wall_ms":1791532996535.0,"yaw":0.0}
S03R {"authority_install_error_m":0.0,"entity":1,"event":"apply","pose":{"control":1,"durable":4,"entity":1,"last_input_tick":1171,"position":[0.0,0.00100011611357331,10.9999923706055],"receipt_ms":19890,"sequence":1171,"tick":1212,"velocity":[0.0,0.0,0.0],"yaw":0.0},"position":[0.0,0.00100011611357331,10.9999923706055],"time_ms":19907,"wall_ms":1791532996556.0,"yaw":0.0}
S03R {"ack_input_tick":1164,"cause":"none","correction_m":0.0,"correction_yaw_deg":0.0,"event":"correction","history_exhausted":false,"replay_frames":4,"replay_usec":56,"role":"client","tick":1169,"time_ms":19910,"wall_ms":1791532996558.0}
S03R {"authority_install_error_m":0.0,"entity":2,"event":"apply","pose":{"control":2,"durable":4,"entity":2,"last_input_tick":1164,"position":[6.0,0.00100011611357331,8.79756736755371],"receipt_ms":19890,"sequence":81,"tick":1212,"velocity":[0.0,0.0,0.0],"yaw":0.0},"position":[6.0,0.00100011611357331,8.79756736755371],"time_ms":19912,"wall_ms":1791532996560.0,"yaw":0.0}
S03R {"event":"prediction","history_size":5,"position":[6.0,0.00100011611357331,8.79756736755371],"predicted_tick":1169,"role":"client","tick":1169,"time_ms":19914,"wall_ms":1791532996563.0,"yaw":0.0}
S03R {"event":"prediction","history_size":6,"position":[6.0,0.00100011611357331,8.79756736755371],"predicted_tick":1170,"role":"client","tick":1170,"time_ms":19921,"wall_ms":1791532996570.0,"yaw":0.0}
S03R {"event":"prediction","history_size":7,"position":[6.0,0.00100011611357331,8.79756736755371],"predicted_tick":1171,"role":"client","tick":1171,"time_ms":19935,"wall_ms":1791532996583.0,"yaw":0.0}
S03R {"authority_install_error_m":0.0,"entity":1,"event":"apply","pose":{"control":1,"durable":4,"entity":1,"last_input_tick":1174,"position":[0.0,0.00100011611357331,10.9999923706055],"receipt_ms":19938,"sequence":1174,"tick":1215,"velocity":[0.0,0.0,0.0],"yaw":0.0},"position":[0.0,0.00100011611357331,10.9999923706055],"time_ms":19956,"wall_ms":1791532996605.0,"yaw":0.0}
S03R {"ack_input_tick":1167,"cause":"none","correction_m":0.0,"correction_yaw_deg":0.0,"event":"correction","history_exhausted":false,"replay_frames":4,"replay_usec":55,"role":"client","tick":1172,"time_ms":19959,"wall_ms":1791532996606.0}
S03R {"authority_install_error_m":0.0,"entity":2,"event":"apply","pose":{"control":2,"durable":4,"entity":2,"last_input_tick":1167,"position":[6.0,0.00100011611357331,8.79756736755371],"receipt_ms":19938,"sequence":84,"tick":1215,"velocity":[0.0,0.0,0.0],"yaw":0.0},"position":[6.0,0.00100011611357331,8.79756736755371],"time_ms":19961,"wall_ms":1791532996609.0,"yaw":0.0}
S03R {"event":"prediction","history_size":5,"position":[6.0,0.00100011611357331,8.79756736755371],"predicted_tick":1172,"role":"client","tick":1172,"time_ms":19964,"wall_ms":1791532996612.0,"yaw":0.0}
S03R {"event":"prediction","history_size":6,"position":[6.0,0.00100011611357331,8.79756736755371],"predicted_tick":1173,"role":"client","tick":1173,"time_ms":19969,"wall_ms":1791532996617.0,"yaw":0.0}
S03R {"event":"prediction","history_size":7,"position":[6.0,0.00100011611357331,8.79756736755371],"predicted_tick":1174,"role":"client","tick":1174,"time_ms":19990,"wall_ms":1791532996639.0,"yaw":0.0}
S03R {"authority_install_error_m":0.0,"entity":1,"event":"apply","pose":{"control":1,"durable":4,"entity":1,"last_input_tick":1177,"position":[0.0,0.00100011611357331,10.9999923706055],"receipt_ms":19994,"sequence":1177,"tick":1218,"velocity":[0.0,0.0,0.0],"yaw":0.0},"position":[0.0,0.00100011611357331,10.9999923706055],"time_ms":20004,"wall_ms":1791532996652.0,"yaw":0.0}
S03R {"ack_input_tick":1170,"cause":"none","correction_m":0.0,"correction_yaw_deg":0.0,"event":"correction","history_exhausted":false,"replay_frames":4,"replay_usec":58,"role":"client","tick":1175,"time_ms":20007,"wall_ms":1791532996654.0}
S03R {"authority_install_error_m":0.0,"entity":2,"event":"apply","pose":{"control":2,"durable":4,"entity":2,"last_input_tick":1170,"position":[6.0,0.00100011611357331,8.79756736755371],"receipt_ms":19994,"sequence":87,"tick":1218,"velocity":[0.0,0.0,0.0],"yaw":0.0},"position":[6.0,0.00100011611357331,8.79756736755371],"time_ms":20009,"wall_ms":1791532996657.0,"yaw":0.0}
S03R {"event":"prediction","history_size":5,"position":[6.0,0.00100011611357331,8.79756736755371],"predicted_tick":1175,"role":"client","tick":1175,"time_ms":20012,"wall_ms":1791532996659.0,"yaw":0.0}
S03R {"event":"prediction","history_size":6,"position":[6.0,0.00100011611357331,8.79756736755371],"predicted_tick":1176,"role":"client","tick":1176,"time_ms":20018,"wall_ms":1791532996667.0,"yaw":0.0}
S03R {"event":"prediction","history_size":7,"position":[6.0,0.00100011611357331,8.79756736755371],"predicted_tick":1177,"role":"client","tick":1177,"time_ms":20039,"wall_ms":1791532996686.0,"yaw":0.0}
S03R {"authority_install_error_m":0.0,"entity":1,"event":"apply","pose":{"control":1,"durable":4,"entity":1,"last_input_tick":1180,"position":[0.0,0.00100011611357331,10.9999923706055],"receipt_ms":20042,"sequence":1180,"tick":1221,"velocity":[0.0,0.0,0.0],"yaw":0.0},"position":[0.0,0.00100011611357331,10.9999923706055],"time_ms":20052,"wall_ms":1791532996700.0,"yaw":0.0}
S03R {"ack_input_tick":1173,"cause":"none","correction_m":0.0,"correction_yaw_deg":0.0,"event":"correction","history_exhausted":false,"replay_frames":4,"replay_usec":85,"role":"client","tick":1178,"time_ms":20057,"wall_ms":1791532996705.0}
S03R {"authority_install_error_m":0.0,"entity":2,"event":"apply","pose":{"control":2,"durable":4,"entity":2,"last_input_tick":1173,"position":[6.0,0.00100011611357331,8.79756736755371],"receipt_ms":20042,"sequence":90,"tick":1221,"velocity":[0.0,0.0,0.0],"yaw":0.0},"position":[6.0,0.00100011611357331,8.79756736755371],"time_ms":20059,"wall_ms":1791532996707.0,"yaw":0.0}
S03R {"event":"prediction","history_size":5,"position":[6.0,0.00100011611357331,8.79756736755371],"predicted_tick":1178,"role":"client","tick":1178,"time_ms":20062,"wall_ms":1791532996710.0,"yaw":0.0}
S03R {"event":"prediction","history_size":6,"position":[6.0,0.00100011611357331,8.79756736755371],"predicted_tick":1179,"role":"client","tick":1179,"time_ms":20074,"wall_ms":1791532996722.0,"yaw":0.0}
S03R {"event":"prediction","history_size":7,"position":[6.0,0.00100011611357331,8.79756736755371],"predicted_tick":1180,"role":"client","tick":1180,"time_ms":20088,"wall_ms":1791532996736.0,"yaw":0.0}
S03R {"authority_install_error_m":0.0,"entity":1,"event":"apply","pose":{"control":1,"durable":4,"entity":1,"last_input_tick":1183,"position":[0.0,0.00100011611357331,10.9999923706055],"receipt_ms":20091,"sequence":1183,"tick":1224,"velocity":[0.0,0.0,0.0],"yaw":0.0},"position":[0.0,0.00100011611357331,10.9999923706055],"time_ms":20101,"wall_ms":1791532996749.0,"yaw":0.0}
S03R {"ack_input_tick":1176,"cause":"none","correction_m":0.0,"correction_yaw_deg":0.0,"event":"correction","history_exhausted":false,"replay_frames":4,"replay_usec":49,"role":"client","tick":1181,"time_ms":20104,"wall_ms":1791532996751.0}
S03R {"authority_install_error_m":0.0,"entity":2,"event":"apply","pose":{"control":2,"durable":4,"entity":2,"last_input_tick":1176,"position":[6.0,0.00100011611357331,8.79756736755371],"receipt_ms":20091,"sequence":93,"tick":1224,"velocity":[0.0,0.0,0.0],"yaw":0.0},"position":[6.0,0.00100011611357331,8.79756736755371],"time_ms":20106,"wall_ms":1791532996755.0,"yaw":0.0}
S03R {"event":"prediction","history_size":5,"position":[6.0,0.00100011611357331,8.79756736755371],"predicted_tick":1181,"role":"client","tick":1181,"time_ms":20108,"wall_ms":1791532996757.0,"yaw":0.0}
S03R {"event":"prediction","history_size":6,"position":[6.0,0.00100011611357331,8.79756736755371],"predicted_tick":1182,"role":"client","tick":1182,"time_ms":20122,"wall_ms":1791532996770.0,"yaw":0.0}
S03R {"event":"prediction","history_size":7,"position":[6.0,0.00100011611357331,8.79756736755371],"predicted_tick":1183,"role":"client","tick":1183,"time_ms":20136,"wall_ms":1791532996784.0,"yaw":0.0}
S03R {"authority_install_error_m":0.0,"entity":1,"event":"apply","pose":{"control":1,"durable":4,"entity":1,"last_input_tick":1186,"position":[0.0,0.00100011611357331,10.9999923706055],"receipt_ms":20150,"sequence":1186,"tick":1227,"velocity":[0.0,0.0,0.0],"yaw":0.0},"position":[0.0,0.00100011611357331,10.9999923706055],"time_ms":20157,"wall_ms":1791532996804.0,"yaw":0.0}
S03R {"ack_input_tick":1179,"cause":"none","correction_m":0.0,"correction_yaw_deg":0.0,"event":"correction","history_exhausted":false,"replay_frames":4,"replay_usec":93,"role":"client","tick":1184,"time_ms":20160,"wall_ms":1791532996808.0}
S03R {"authority_install_error_m":0.0,"entity":2,"event":"apply","pose":{"control":2,"durable":4,"entity":2,"last_input_tick":1179,"position":[6.0,0.00100011611357331,8.79756736755371],"receipt_ms":20150,"sequence":96,"tick":1227,"velocity":[0.0,0.0,0.0],"yaw":0.0},"position":[6.0,0.00100011611357331,8.79756736755371],"time_ms":20163,"wall_ms":1791532996810.0,"yaw":0.0}
S03R {"event":"prediction","history_size":5,"position":[6.0,0.00100011611357331,8.79756736755371],"predicted_tick":1184,"role":"client","tick":1184,"time_ms":20165,"wall_ms":1791532996813.0,"yaw":0.0}
S03R {"event":"prediction","history_size":6,"position":[6.0,0.00100011611357331,8.79756736755371],"predicted_tick":1185,"role":"client","tick":1185,"time_ms":20170,"wall_ms":1791532996819.0,"yaw":0.0}
S03R {"event":"prediction","history_size":7,"position":[6.0,0.00100011611357331,8.79756736755371],"predicted_tick":1186,"role":"client","tick":1186,"time_ms":20184,"wall_ms":1791532996832.0,"yaw":0.0}
S03R {"authority_install_error_m":0.0,"entity":1,"event":"apply","pose":{"control":1,"durable":4,"entity":1,"last_input_tick":1189,"position":[0.0,0.00100011611357331,10.9999923706055],"receipt_ms":20198,"sequence":1189,"tick":1230,"velocity":[0.0,0.0,0.0],"yaw":0.0},"position":[0.0,0.00100011611357331,10.9999923706055],"time_ms":20205,"wall_ms":1791532996853.0,"yaw":0.0}
S03R {"ack_input_tick":1182,"cause":"none","correction_m":0.0,"correction_yaw_deg":0.0,"event":"correction","history_exhausted":false,"replay_frames":4,"replay_usec":61,"role":"client","tick":1187,"time_ms":20207,"wall_ms":1791532996856.0}
S03R {"authority_install_error_m":0.0,"entity":2,"event":"apply","pose":{"control":2,"durable":4,"entity":2,"last_input_tick":1182,"position":[6.0,0.00100011611357331,8.79756736755371],"receipt_ms":20198,"sequence":99,"tick":1230,"velocity":[0.0,0.0,0.0],"yaw":0.0},"position":[6.0,0.00100011611357331,8.79756736755371],"time_ms":20210,"wall_ms":1791532996858.0,"yaw":0.0}
S03R {"event":"prediction","history_size":5,"position":[6.0,0.00100011611357331,8.79756736755371],"predicted_tick":1187,"role":"client","tick":1187,"time_ms":20212,"wall_ms":1791532996860.0,"yaw":0.0}
S03R {"event":"prediction","history_size":6,"position":[6.0,0.00100011611357331,8.79756736755371],"predicted_tick":1188,"role":"client","tick":1188,"time_ms":20219,"wall_ms":1791532996867.0,"yaw":0.0}
S03R {"event":"prediction","history_size":7,"position":[6.0,0.00100011611357331,8.79756736755371],"predicted_tick":1189,"role":"client","tick":1189,"time_ms":20239,"wall_ms":1791532996887.0,"yaw":0.0}
S03R {"authority_install_error_m":0.0,"entity":1,"event":"apply","pose":{"control":1,"durable":4,"entity":1,"last_input_tick":1192,"position":[0.0,0.00100011611357331,10.9999923706055],"receipt_ms":20242,"sequence":1192,"tick":1233,"velocity":[0.0,0.0,0.0],"yaw":0.0},"position":[0.0,0.00100011611357331,10.9999923706055],"time_ms":20253,"wall_ms":1791532996901.0,"yaw":0.0}
S03R {"ack_input_tick":1184,"cause":"none","correction_m":0.0,"correction_yaw_deg":0.0,"event":"correction","history_exhausted":false,"replay_frames":5,"replay_usec":69,"role":"client","tick":1190,"time_ms":20257,"wall_ms":1791532996906.0}
S03R {"authority_install_error_m":0.0,"entity":2,"event":"apply","pose":{"control":2,"durable":4,"entity":2,"last_input_tick":1184,"position":[6.0,0.00100011611357331,8.79756736755371],"receipt_ms":20242,"sequence":101,"tick":1233,"velocity":[0.0,0.0,0.0],"yaw":0.0},"position":[6.0,0.00100011611357331,8.79756736755371],"time_ms":20260,"wall_ms":1791532996908.0,"yaw":0.0}
S03R {"event":"prediction","history_size":6,"position":[6.0,0.00100011611357331,8.79756736755371],"predicted_tick":1190,"role":"client","tick":1190,"time_ms":20262,"wall_ms":1791532996911.0,"yaw":0.0}
S03R {"event":"prediction","history_size":7,"position":[6.0,0.00100011611357331,8.79756736755371],"predicted_tick":1191,"role":"client","tick":1191,"time_ms":20270,"wall_ms":1791532996918.0,"yaw":0.0}
S03R {"event":"prediction","history_size":8,"position":[6.0,0.00100011611357331,8.79756736755371],"predicted_tick":1192,"role":"client","tick":1192,"time_ms":20291,"wall_ms":1791532996939.0,"yaw":0.0}
S03R {"authority_install_error_m":0.0,"entity":1,"event":"apply","pose":{"control":1,"durable":4,"entity":1,"last_input_tick":1195,"position":[0.0,0.00100011611357331,10.9999923706055],"receipt_ms":20293,"sequence":1195,"tick":1236,"velocity":[0.0,0.0,0.0],"yaw":0.0},"position":[0.0,0.00100011611357331,10.9999923706055],"time_ms":20304,"wall_ms":1791532996953.0,"yaw":0.0}
S03R {"ack_input_tick":1187,"cause":"none","correction_m":0.0,"correction_yaw_deg":0.0,"event":"correction","history_exhausted":false,"replay_frames":5,"replay_usec":66,"role":"client","tick":1193,"time_ms":20307,"wall_ms":1791532996955.0}
S03R {"authority_install_error_m":0.0,"entity":2,"event":"apply","pose":{"control":2,"durable":4,"entity":2,"last_input_tick":1187,"position":[6.0,0.00100011611357331,8.79756736755371],"receipt_ms":20293,"sequence":104,"tick":1236,"velocity":[0.0,0.0,0.0],"yaw":0.0},"position":[6.0,0.00100011611357331,8.79756736755371],"time_ms":20309,"wall_ms":1791532996957.0,"yaw":0.0}
S03R {"event":"prediction","history_size":6,"position":[6.0,0.00100011611357331,8.79756736755371],"predicted_tick":1193,"role":"client","tick":1193,"time_ms":20311,"wall_ms":1791532996959.0,"yaw":0.0}
S03R {"event":"prediction","history_size":7,"position":[6.0,0.00100011611357331,8.79756736755371],"predicted_tick":1194,"role":"client","tick":1194,"time_ms":20325,"wall_ms":1791532996973.0,"yaw":0.0}
S03R {"event":"prediction","history_size":8,"position":[6.0,0.00100011611357331,8.79756736755371],"predicted_tick":1195,"role":"client","tick":1195,"time_ms":20339,"wall_ms":1791532996987.0,"yaw":0.0}
S03R {"authority_install_error_m":0.0,"entity":1,"event":"apply","pose":{"control":1,"durable":4,"entity":1,"last_input_tick":1198,"position":[0.0,0.00100011611357331,10.9999923706055],"receipt_ms":20342,"sequence":1198,"tick":1239,"velocity":[0.0,0.0,0.0],"yaw":0.0},"position":[0.0,0.00100011611357331,10.9999923706055],"time_ms":20352,"wall_ms":1791532997000.0,"yaw":0.0}
S03R {"ack_input_tick":1190,"cause":"none","correction_m":0.0,"correction_yaw_deg":0.0,"event":"correction","history_exhausted":false,"replay_frames":5,"replay_usec":56,"role":"client","tick":1196,"time_ms":20355,"wall_ms":1791532997003.0}
S03R {"authority_install_error_m":0.0,"entity":2,"event":"apply","pose":{"control":2,"durable":4,"entity":2,"last_input_tick":1190,"position":[6.0,0.00100011611357331,8.79756736755371],"receipt_ms":20342,"sequence":107,"tick":1239,"velocity":[0.0,0.0,0.0],"yaw":0.0},"position":[6.0,0.00100011611357331,8.79756736755371],"time_ms":20357,"wall_ms":1791532997005.0,"yaw":0.0}
S03R {"event":"prediction","history_size":6,"position":[6.0,0.00100011611357331,8.79756736755371],"predicted_tick":1196,"role":"client","tick":1196,"time_ms":20360,"wall_ms":1791532997007.0,"yaw":0.0}
S03R {"event":"prediction","history_size":7,"position":[6.0,0.00100011611357331,8.79756736755371],"predicted_tick":1197,"role":"client","tick":1197,"time_ms":20373,"wall_ms":1791532997021.0,"yaw":0.0}
S03R {"event":"prediction","history_size":8,"position":[6.0,0.00100011611357331,8.79756736755371],"predicted_tick":1198,"role":"client","tick":1198,"time_ms":20387,"wall_ms":1791532997035.0,"yaw":0.0}
S03R {"authority_install_error_m":0.0,"entity":1,"event":"apply","pose":{"control":1,"durable":4,"entity":1,"last_input_tick":1201,"position":[0.0,0.00100011611357331,10.9999923706055],"receipt_ms":20390,"sequence":1201,"tick":1242,"velocity":[0.0,0.0,0.0],"yaw":0.0},"position":[0.0,0.00100011611357331,10.9999923706055],"time_ms":20408,"wall_ms":1791532997056.0,"yaw":0.0}
S03R {"ack_input_tick":1193,"cause":"none","correction_m":0.0,"correction_yaw_deg":0.0,"event":"correction","history_exhausted":false,"replay_frames":5,"replay_usec":89,"role":"client","tick":1199,"time_ms":20410,"wall_ms":1791532997058.0}
S03R {"authority_install_error_m":0.0,"entity":2,"event":"apply","pose":{"control":2,"durable":4,"entity":2,"last_input_tick":1193,"position":[6.0,0.00100011611357331,8.79756736755371],"receipt_ms":20390,"sequence":110,"tick":1242,"velocity":[0.0,0.0,0.0],"yaw":0.0},"position":[6.0,0.00100011611357331,8.79756736755371],"time_ms":20413,"wall_ms":1791532997060.0,"yaw":0.0}
S03R {"event":"prediction","history_size":6,"position":[6.0,0.00100011611357331,8.79756736755371],"predicted_tick":1199,"role":"client","tick":1199,"time_ms":20415,"wall_ms":1791532997063.0,"yaw":0.0}
S03R {"event":"prediction","history_size":7,"position":[6.0,0.00100011611357331,8.79756736755371],"predicted_tick":1200,"role":"client","tick":1200,"time_ms":20422,"wall_ms":1791532997070.0,"yaw":0.0}
S03R {"event":"prediction","history_size":8,"position":[6.0,0.00100011611357331,8.79756736755371],"predicted_tick":1201,"role":"client","tick":1201,"time_ms":20435,"wall_ms":1791532997083.0,"yaw":0.0}
S03R {"authority_install_error_m":0.0,"entity":1,"event":"apply","pose":{"control":1,"durable":4,"entity":1,"last_input_tick":1204,"position":[0.0,0.00100011611357331,10.9999923706055],"receipt_ms":20438,"sequence":1204,"tick":1245,"velocity":[0.0,0.0,0.0],"yaw":0.0},"position":[0.0,0.00100011611357331,10.9999923706055],"time_ms":20456,"wall_ms":1791532997105.0,"yaw":0.0}
S03R {"ack_input_tick":1196,"cause":"none","correction_m":0.0,"correction_yaw_deg":0.0,"event":"correction","history_exhausted":false,"replay_frames":5,"replay_usec":69,"role":"client","tick":1202,"time_ms":20459,"wall_ms":1791532997107.0}
S03R {"authority_install_error_m":0.0,"entity":2,"event":"apply","pose":{"control":2,"durable":4,"entity":2,"last_input_tick":1196,"position":[6.0,0.00100011611357331,8.79756736755371],"receipt_ms":20438,"sequence":113,"tick":1245,"velocity":[0.0,0.0,0.0],"yaw":0.0},"position":[6.0,0.00100011611357331,8.79756736755371],"time_ms":20461,"wall_ms":1791532997109.0,"yaw":0.0}
S03R {"event":"prediction","history_size":6,"position":[6.0,0.00100011611357331,8.79756736755371],"predicted_tick":1202,"role":"client","tick":1202,"time_ms":20463,"wall_ms":1791532997112.0,"yaw":0.0}
S03R {"event":"prediction","history_size":7,"position":[6.0,0.00100011611357331,8.79756736755371],"predicted_tick":1203,"role":"client","tick":1203,"time_ms":20470,"wall_ms":1791532997118.0,"yaw":0.0}
S03R {"event":"prediction","history_size":8,"position":[6.0,0.00100011611357331,8.79756736755371],"predicted_tick":1204,"role":"client","tick":1204,"time_ms":20491,"wall_ms":1791532997138.0,"yaw":0.0}
S03R {"authority_install_error_m":0.0,"entity":1,"event":"apply","pose":{"control":1,"durable":4,"entity":1,"last_input_tick":1207,"position":[0.0,0.00100011611357331,10.9999923706055],"receipt_ms":20493,"sequence":1207,"tick":1248,"velocity":[0.0,0.0,0.0],"yaw":0.0},"position":[0.0,0.00100011611357331,10.9999923706055],"time_ms":20504,"wall_ms":1791532997152.0,"yaw":0.0}
S03R {"ack_input_tick":1199,"cause":"none","correction_m":0.0,"correction_yaw_deg":0.0,"event":"correction","history_exhausted":false,"replay_frames":5,"replay_usec":95,"role":"client","tick":1205,"time_ms":20507,"wall_ms":1791532997155.0}
S03R {"authority_install_error_m":0.0,"entity":2,"event":"apply","pose":{"control":2,"durable":4,"entity":2,"last_input_tick":1199,"position":[6.0,0.00100011611357331,8.79756736755371],"receipt_ms":20493,"sequence":116,"tick":1248,"velocity":[0.0,0.0,0.0],"yaw":0.0},"position":[6.0,0.00100011611357331,8.79756736755371],"time_ms":20509,"wall_ms":1791532997157.0,"yaw":0.0}
S03R {"event":"prediction","history_size":6,"position":[6.0,0.00100011611357331,8.79756736755371],"predicted_tick":1205,"role":"client","tick":1205,"time_ms":20512,"wall_ms":1791532997160.0,"yaw":0.0}
S03R {"event":"prediction","history_size":7,"position":[6.0,0.00100011611357331,8.79756736755371],"predicted_tick":1206,"role":"client","tick":1206,"time_ms":20518,"wall_ms":1791532997166.0,"yaw":0.0}
S03R {"event":"prediction","history_size":8,"position":[6.0,0.00100011611357331,8.79756736755371],"predicted_tick":1207,"role":"client","tick":1207,"time_ms":20539,"wall_ms":1791532997187.0,"yaw":0.0}
S03R {"authority_install_error_m":0.0,"entity":1,"event":"apply","pose":{"control":1,"durable":4,"entity":1,"last_input_tick":1210,"position":[0.0,0.00100011611357331,10.9999923706055],"receipt_ms":20542,"sequence":1210,"tick":1251,"velocity":[0.0,0.0,0.0],"yaw":0.0},"position":[0.0,0.00100011611357331,10.9999923706055],"time_ms":20553,"wall_ms":1791532997200.0,"yaw":0.0}
S03R {"ack_input_tick":1202,"cause":"none","correction_m":0.0,"correction_yaw_deg":0.0,"event":"correction","history_exhausted":false,"replay_frames":5,"replay_usec":142,"role":"client","tick":1208,"time_ms":20555,"wall_ms":1791532997204.0}
S03R {"authority_install_error_m":0.0,"entity":2,"event":"apply","pose":{"control":2,"durable":4,"entity":2,"last_input_tick":1202,"position":[6.0,0.00100011611357331,8.79756736755371],"receipt_ms":20542,"sequence":119,"tick":1251,"velocity":[0.0,0.0,0.0],"yaw":0.0},"position":[6.0,0.00100011611357331,8.79756736755371],"time_ms":20558,"wall_ms":1791532997206.0,"yaw":0.0}
S03R {"event":"prediction","history_size":6,"position":[6.0,0.00100011611357331,8.79756736755371],"predicted_tick":1208,"role":"client","tick":1208,"time_ms":20560,"wall_ms":1791532997208.0,"yaw":0.0}
S03R {"event":"prediction","history_size":7,"position":[6.0,0.00100011611357331,8.79756736755371],"predicted_tick":1209,"role":"client","tick":1209,"time_ms":20573,"wall_ms":1791532997221.0,"yaw":0.0}
S03R {"event":"prediction","history_size":8,"position":[6.0,0.00100011611357331,8.79756736755371],"predicted_tick":1210,"role":"client","tick":1210,"time_ms":20587,"wall_ms":1791532997236.0,"yaw":0.0}
S03R {"authority_install_error_m":0.0,"entity":1,"event":"apply","pose":{"control":1,"durable":4,"entity":1,"last_input_tick":1213,"position":[0.0,0.00100011611357331,10.9999923706055],"receipt_ms":20590,"sequence":1213,"tick":1254,"velocity":[0.0,0.0,0.0],"yaw":0.0},"position":[0.0,0.00100011611357331,10.9999923706055],"time_ms":20601,"wall_ms":1791532997249.0,"yaw":0.0}
S03R {"ack_input_tick":1205,"cause":"none","correction_m":0.0,"correction_yaw_deg":0.0,"event":"correction","history_exhausted":false,"replay_frames":5,"replay_usec":130,"role":"client","tick":1211,"time_ms":20606,"wall_ms":1791532997253.0}
S03R {"authority_install_error_m":0.0,"entity":2,"event":"apply","pose":{"control":2,"durable":4,"entity":2,"last_input_tick":1205,"position":[6.0,0.00100011611357331,8.79756736755371],"receipt_ms":20590,"sequence":122,"tick":1254,"velocity":[0.0,0.0,0.0],"yaw":0.0},"position":[6.0,0.00100011611357331,8.79756736755371],"time_ms":20610,"wall_ms":1791532997257.0,"yaw":0.0}
S03R {"event":"prediction","history_size":6,"position":[6.0,0.00100011611357331,8.79756736755371],"predicted_tick":1211,"role":"client","tick":1211,"time_ms":20612,"wall_ms":1791532997260.0,"yaw":0.0}
S03R {"event":"prediction","history_size":7,"position":[6.0,0.00100011611357331,8.79756736755371],"predicted_tick":1212,"role":"client","tick":1212,"time_ms":20622,"wall_ms":1791532997270.0,"yaw":0.0}
S03R {"event":"prediction","history_size":8,"position":[6.0,0.00100011611357331,8.79756736755371],"predicted_tick":1213,"role":"client","tick":1213,"time_ms":20636,"wall_ms":1791532997284.0,"yaw":0.0}
S03R {"authority_install_error_m":0.0,"entity":1,"event":"apply","pose":{"control":1,"durable":4,"entity":1,"last_input_tick":1216,"position":[0.0,0.00100011611357331,10.9999923706055],"receipt_ms":20639,"sequence":1216,"tick":1257,"velocity":[0.0,0.0,0.0],"yaw":0.0},"position":[0.0,0.00100011611357331,10.9999923706055],"time_ms":20657,"wall_ms":1791532997305.0,"yaw":0.0}
S03R {"ack_input_tick":1208,"cause":"none","correction_m":0.0,"correction_yaw_deg":0.0,"event":"correction","history_exhausted":false,"replay_frames":5,"replay_usec":63,"role":"client","tick":1214,"time_ms":20659,"wall_ms":1791532997308.0}
S03R {"authority_install_error_m":0.0,"entity":2,"event":"apply","pose":{"control":2,"durable":4,"entity":2,"last_input_tick":1208,"position":[6.0,0.00100011611357331,8.79756736755371],"receipt_ms":20639,"sequence":125,"tick":1257,"velocity":[0.0,0.0,0.0],"yaw":0.0},"position":[6.0,0.00100011611357331,8.79756736755371],"time_ms":20662,"wall_ms":1791532997310.0,"yaw":0.0}
S03R {"event":"prediction","history_size":6,"position":[6.0,0.00100011611357331,8.79756736755371],"predicted_tick":1214,"role":"client","tick":1214,"time_ms":20666,"wall_ms":1791532997314.0,"yaw":0.0}
S03R {"event":"prediction","history_size":7,"position":[6.0,0.00100011611357331,8.79756736755371],"predicted_tick":1215,"role":"client","tick":1215,"time_ms":20671,"wall_ms":1791532997319.0,"yaw":0.0}
S03R {"event":"prediction","history_size":8,"position":[6.0,0.00100011611357331,8.79756736755371],"predicted_tick":1216,"role":"client","tick":1216,"time_ms":20685,"wall_ms":1791532997333.0,"yaw":0.0}
S03R {"authority_install_error_m":0.0,"entity":1,"event":"apply","pose":{"control":1,"durable":4,"entity":1,"last_input_tick":1219,"position":[0.0,0.00100011611357331,10.9999923706055],"receipt_ms":20689,"sequence":1219,"tick":1260,"velocity":[0.0,0.0,0.0],"yaw":0.0},"position":[0.0,0.00100011611357331,10.9999923706055],"time_ms":20705,"wall_ms":1791532997353.0,"yaw":0.0}
S03R {"ack_input_tick":1211,"cause":"none","correction_m":0.0,"correction_yaw_deg":0.0,"event":"correction","history_exhausted":false,"replay_frames":5,"replay_usec":61,"role":"client","tick":1217,"time_ms":20708,"wall_ms":1791532997356.0}
S03R {"authority_install_error_m":0.0,"entity":2,"event":"apply","pose":{"control":2,"durable":4,"entity":2,"last_input_tick":1211,"position":[6.0,0.00100011611357331,8.79756736755371],"receipt_ms":20689,"sequence":128,"tick":1260,"velocity":[0.0,0.0,0.0],"yaw":0.0},"position":[6.0,0.00100011611357331,8.79756736755371],"time_ms":20710,"wall_ms":1791532997359.0,"yaw":0.0}
S03R {"event":"prediction","history_size":6,"position":[6.0,0.00100011611357331,8.79756736755371],"predicted_tick":1217,"role":"client","tick":1217,"time_ms":20712,"wall_ms":1791532997360.0,"yaw":0.0}
S03R {"event":"prediction","history_size":7,"position":[6.0,0.00100011611357331,8.79756736755371],"predicted_tick":1218,"role":"client","tick":1218,"time_ms":20719,"wall_ms":1791532997367.0,"yaw":0.0}
S03R {"event":"prediction","history_size":8,"position":[6.0,0.00100011611357331,8.79756736755371],"predicted_tick":1219,"role":"client","tick":1219,"time_ms":20740,"wall_ms":1791532997388.0,"yaw":0.0}
S03R {"authority_install_error_m":0.0,"entity":1,"event":"apply","pose":{"control":1,"durable":4,"entity":1,"last_input_tick":1222,"position":[0.0,0.00100011611357331,10.9999923706055],"receipt_ms":20743,"sequence":1222,"tick":1263,"velocity":[0.0,0.0,0.0],"yaw":0.0},"position":[0.0,0.00100011611357331,10.9999923706055],"time_ms":20754,"wall_ms":1791532997402.0,"yaw":0.0}
S03R {"ack_input_tick":1214,"cause":"none","correction_m":0.0,"correction_yaw_deg":0.0,"event":"correction","history_exhausted":false,"replay_frames":5,"replay_usec":292,"role":"client","tick":1220,"time_ms":20756,"wall_ms":1791532997405.0}
S03R {"authority_install_error_m":0.0,"entity":2,"event":"apply","pose":{"control":2,"durable":4,"entity":2,"last_input_tick":1214,"position":[6.0,0.00100011611357331,8.79756736755371],"receipt_ms":20743,"sequence":131,"tick":1263,"velocity":[0.0,0.0,0.0],"yaw":0.0},"position":[6.0,0.00100011611357331,8.79756736755371],"time_ms":20759,"wall_ms":1791532997407.0,"yaw":0.0}
S03R {"event":"prediction","history_size":6,"position":[6.0,0.00100011611357331,8.79756736755371],"predicted_tick":1220,"role":"client","tick":1220,"time_ms":20762,"wall_ms":1791532997409.0,"yaw":0.0}
S03R {"event":"prediction","history_size":7,"position":[6.0,0.00100011611357331,8.79756736755371],"predicted_tick":1221,"role":"client","tick":1221,"time_ms":20767,"wall_ms":1791532997416.0,"yaw":0.0}
S03R {"event":"prediction","history_size":8,"position":[6.0,0.00100011611357331,8.79756736755371],"predicted_tick":1222,"role":"client","tick":1222,"time_ms":20788,"wall_ms":1791532997436.0,"yaw":0.0}
S03R {"authority_install_error_m":0.0,"entity":1,"event":"apply","pose":{"control":1,"durable":4,"entity":1,"last_input_tick":1225,"position":[0.0,0.00100011611357331,10.9999923706055],"receipt_ms":20791,"sequence":1225,"tick":1266,"velocity":[0.0,0.0,0.0],"yaw":0.0},"position":[0.0,0.00100011611357331,10.9999923706055],"time_ms":20802,"wall_ms":1791532997450.0,"yaw":0.0}
S03R {"ack_input_tick":1217,"cause":"none","correction_m":0.0,"correction_yaw_deg":0.0,"event":"correction","history_exhausted":false,"replay_frames":5,"replay_usec":398,"role":"client","tick":1223,"time_ms":20805,"wall_ms":1791532997453.0}
S03R {"authority_install_error_m":0.0,"entity":2,"event":"apply","pose":{"control":2,"durable":4,"entity":2,"last_input_tick":1217,"position":[6.0,0.00100011611357331,8.79756736755371],"receipt_ms":20791,"sequence":134,"tick":1266,"velocity":[0.0,0.0,0.0],"yaw":0.0},"position":[6.0,0.00100011611357331,8.79756736755371],"time_ms":20810,"wall_ms":1791532997458.0,"yaw":0.0}
S03R {"event":"prediction","history_size":6,"position":[6.0,0.00100011611357331,8.79756736755371],"predicted_tick":1223,"role":"client","tick":1223,"time_ms":20824,"wall_ms":1791532997473.0,"yaw":0.0}
S03R {"event":"prediction","history_size":7,"position":[6.0,0.00100011611357331,8.79756736755371],"predicted_tick":1224,"role":"client","tick":1224,"time_ms":20830,"wall_ms":1791532997477.0,"yaw":0.0}
S03R {"event":"prediction","history_size":8,"position":[6.0,0.00100011611357331,8.79756736755371],"predicted_tick":1225,"role":"client","tick":1225,"time_ms":20836,"wall_ms":1791532997485.0,"yaw":0.0}
S03R {"authority_install_error_m":0.0,"entity":1,"event":"apply","pose":{"control":1,"durable":4,"entity":1,"last_input_tick":1228,"position":[0.0,0.00100011611357331,10.9999923706055],"receipt_ms":20840,"sequence":1228,"tick":1269,"velocity":[0.0,0.0,0.0],"yaw":0.0},"position":[0.0,0.00100011611357331,10.9999923706055],"time_ms":20850,"wall_ms":1791532997499.0,"yaw":0.0}
S03R {"ack_input_tick":1220,"cause":"none","correction_m":0.0,"correction_yaw_deg":0.0,"event":"correction","history_exhausted":false,"replay_frames":5,"replay_usec":65,"role":"client","tick":1226,"time_ms":20853,"wall_ms":1791532997502.0}
S03R {"authority_install_error_m":0.0,"entity":2,"event":"apply","pose":{"control":2,"durable":4,"entity":2,"last_input_tick":1220,"position":[6.0,0.00100011611357331,8.79756736755371],"receipt_ms":20840,"sequence":137,"tick":1269,"velocity":[0.0,0.0,0.0],"yaw":0.0},"position":[6.0,0.00100011611357331,8.79756736755371],"time_ms":20858,"wall_ms":1791532997505.0,"yaw":0.0}
S03R {"event":"prediction","history_size":6,"position":[6.0,0.00100011611357331,8.79756736755371],"predicted_tick":1226,"role":"client","tick":1226,"time_ms":20862,"wall_ms":1791532997510.0,"yaw":0.0}
S03R {"event":"prediction","history_size":7,"position":[6.0,0.00100011611357331,8.79756736755371],"predicted_tick":1227,"role":"client","tick":1227,"time_ms":20865,"wall_ms":1791532997514.0,"yaw":0.0}
S03R {"event":"prediction","history_size":8,"position":[6.0,0.00100011611357331,8.79756736755371],"predicted_tick":1228,"role":"client","tick":1228,"time_ms":20879,"wall_ms":1791532997527.0,"yaw":0.0}
S03R {"event":"prediction","history_size":9,"position":[6.0,0.00100011611357331,8.79756736755371],"predicted_tick":1229,"role":"client","tick":1229,"time_ms":20900,"wall_ms":1791532997548.0,"yaw":0.0}
S03R {"authority_install_error_m":0.0,"entity":1,"event":"apply","pose":{"control":1,"durable":4,"entity":1,"last_input_tick":1231,"position":[0.0,0.00100011611357331,10.9999923706055],"receipt_ms":20903,"sequence":1231,"tick":1272,"velocity":[0.0,0.0,0.0],"yaw":0.0},"position":[0.0,0.00100011611357331,10.9999923706055],"time_ms":20914,"wall_ms":1791532997562.0,"yaw":0.0}
S03R {"ack_input_tick":1223,"cause":"none","correction_m":0.0,"correction_yaw_deg":0.0,"event":"correction","history_exhausted":false,"replay_frames":6,"replay_usec":65,"role":"client","tick":1230,"time_ms":20916,"wall_ms":1791532997565.0}
S03R {"authority_install_error_m":0.0,"entity":2,"event":"apply","pose":{"control":2,"durable":4,"entity":2,"last_input_tick":1223,"position":[6.0,0.00100011611357331,8.79756736755371],"receipt_ms":20903,"sequence":140,"tick":1272,"velocity":[0.0,0.0,0.0],"yaw":0.0},"position":[6.0,0.00100011611357331,8.79756736755371],"time_ms":20920,"wall_ms":1791532997568.0,"yaw":0.0}
S03R {"event":"prediction","history_size":7,"position":[6.0,0.00100011611357331,8.79756736755371],"predicted_tick":1230,"role":"client","tick":1230,"time_ms":20925,"wall_ms":1791532997573.0,"yaw":0.0}
S03R {"event":"prediction","history_size":8,"position":[6.0,0.00100011611357331,8.79756736755371],"predicted_tick":1231,"role":"client","tick":1231,"time_ms":20928,"wall_ms":1791532997575.0,"yaw":0.0}
S03R {"authority_install_error_m":0.0,"entity":1,"event":"apply","pose":{"control":1,"durable":4,"entity":1,"last_input_tick":1234,"position":[0.0,0.00100011611357331,10.9999923706055],"receipt_ms":20941,"sequence":1234,"tick":1275,"velocity":[0.0,0.0,0.0],"yaw":0.0},"position":[0.0,0.00100011611357331,10.9999923706055],"time_ms":20949,"wall_ms":1791532997597.0,"yaw":0.0}
S03R {"ack_input_tick":1226,"cause":"none","correction_m":0.0,"correction_yaw_deg":0.0,"event":"correction","history_exhausted":false,"replay_frames":5,"replay_usec":62,"role":"client","tick":1232,"time_ms":20953,"wall_ms":1791532997602.0}
S03R {"authority_install_error_m":0.0,"entity":2,"event":"apply","pose":{"control":2,"durable":4,"entity":2,"last_input_tick":1226,"position":[6.0,0.00100011611357331,8.79756736755371],"receipt_ms":20941,"sequence":143,"tick":1275,"velocity":[0.0,0.0,0.0],"yaw":0.0},"position":[6.0,0.00100011611357331,8.79756736755371],"time_ms":20957,"wall_ms":1791532997605.0,"yaw":0.0}
S03R {"event":"prediction","history_size":6,"position":[6.0,0.00100011611357331,8.79756736755371],"predicted_tick":1232,"role":"client","tick":1232,"time_ms":20960,"wall_ms":1791532997608.0,"yaw":0.0}
S03R {"event":"prediction","history_size":7,"position":[6.0,0.00100011611357331,8.79756736755371],"predicted_tick":1233,"role":"client","tick":1233,"time_ms":20963,"wall_ms":1791532997611.0,"yaw":0.0}
S03R {"event":"prediction","history_size":8,"position":[6.0,0.00100011611357331,8.79756736755371],"predicted_tick":1234,"role":"client","tick":1234,"time_ms":20984,"wall_ms":1791532997632.0,"yaw":0.0}
S03R {"event":"prediction","history_size":9,"position":[6.0,0.00100011611357331,8.79756736755371],"predicted_tick":1235,"role":"client","tick":1235,"time_ms":20997,"wall_ms":1791532997646.0,"yaw":0.0}
S03R {"authority_install_error_m":0.0,"entity":1,"event":"apply","pose":{"control":1,"durable":4,"entity":1,"last_input_tick":1237,"position":[0.0,0.00100011611357331,10.9999923706055],"receipt_ms":21002,"sequence":1237,"tick":1278,"velocity":[0.0,0.0,0.0],"yaw":0.0},"position":[0.0,0.00100011611357331,10.9999923706055],"time_ms":21011,"wall_ms":1791532997660.0,"yaw":0.0}
S03R {"ack_input_tick":1229,"cause":"none","correction_m":0.0,"correction_yaw_deg":0.0,"event":"correction","history_exhausted":false,"replay_frames":6,"replay_usec":109,"role":"client","tick":1236,"time_ms":21014,"wall_ms":1791532997661.0}
S03R {"authority_install_error_m":0.0,"entity":2,"event":"apply","pose":{"control":2,"durable":4,"entity":2,"last_input_tick":1229,"position":[6.0,0.00100011611357331,8.79756736755371],"receipt_ms":21002,"sequence":146,"tick":1278,"velocity":[0.0,0.0,0.0],"yaw":0.0},"position":[6.0,0.00100011611357331,8.79756736755371],"time_ms":21016,"wall_ms":1791532997664.0,"yaw":0.0}
S03R {"event":"prediction","history_size":7,"position":[6.0,0.00100011611357331,8.79756736755371],"predicted_tick":1236,"role":"client","tick":1236,"time_ms":21019,"wall_ms":1791532997667.0,"yaw":0.0}
S03R {"event":"prediction","history_size":8,"position":[6.0,0.00100011611357331,8.79756736755371],"predicted_tick":1237,"role":"client","tick":1237,"time_ms":21032,"wall_ms":1791532997679.0,"yaw":0.0}
S03R {"event":"prediction","history_size":9,"position":[6.0,0.00100011611357331,8.79756736755371],"predicted_tick":1238,"role":"client","tick":1238,"time_ms":21046,"wall_ms":1791532997694.0,"yaw":0.0}
S03R {"authority_install_error_m":0.0,"entity":1,"event":"apply","pose":{"control":1,"durable":4,"entity":1,"last_input_tick":1240,"position":[0.0,0.00100011611357331,10.9999923706055],"receipt_ms":21049,"sequence":1240,"tick":1281,"velocity":[0.0,0.0,0.0],"yaw":0.0},"position":[0.0,0.00100011611357331,10.9999923706055],"time_ms":21066,"wall_ms":1791532997715.0,"yaw":0.0}
S03R {"ack_input_tick":1232,"cause":"none","correction_m":0.0,"correction_yaw_deg":0.0,"event":"correction","history_exhausted":false,"replay_frames":6,"replay_usec":74,"role":"client","tick":1239,"time_ms":21071,"wall_ms":1791532997718.0}
S03R {"authority_install_error_m":0.0,"entity":2,"event":"apply","pose":{"control":2,"durable":4,"entity":2,"last_input_tick":1232,"position":[6.0,0.00100011611357331,8.79756736755371],"receipt_ms":21049,"sequence":149,"tick":1281,"velocity":[0.0,0.0,0.0],"yaw":0.0},"position":[6.0,0.00100011611357331,8.79756736755371],"time_ms":21075,"wall_ms":1791532997724.0,"yaw":0.0}
S03R {"event":"prediction","history_size":7,"position":[6.0,0.00100011611357331,8.79756736755371],"predicted_tick":1239,"role":"client","tick":1239,"time_ms":21078,"wall_ms":1791532997726.0,"yaw":0.0}
S03R {"event":"prediction","history_size":8,"position":[6.0,0.00100011611357331,8.79756736755371],"predicted_tick":1240,"role":"client","tick":1240,"time_ms":21080,"wall_ms":1791532997729.0,"yaw":0.0}
S03R {"authority_install_error_m":0.0,"entity":1,"event":"apply","pose":{"control":1,"durable":4,"entity":1,"last_input_tick":1243,"position":[0.0,0.00100011611357331,10.9999923706055],"receipt_ms":21094,"sequence":1243,"tick":1284,"velocity":[0.0,0.0,0.0],"yaw":0.0},"position":[0.0,0.00100011611357331,10.9999923706055],"time_ms":21101,"wall_ms":1791532997749.0,"yaw":0.0}
S03R {"ack_input_tick":1235,"cause":"none","correction_m":0.0,"correction_yaw_deg":0.0,"event":"correction","history_exhausted":false,"replay_frames":5,"replay_usec":67,"role":"client","tick":1241,"time_ms":21112,"wall_ms":1791532997760.0}
S03R {"authority_install_error_m":0.0,"entity":2,"event":"apply","pose":{"control":2,"durable":4,"entity":2,"last_input_tick":1235,"position":[6.0,0.00100011611357331,8.79756736755371],"receipt_ms":21094,"sequence":152,"tick":1284,"velocity":[0.0,0.0,0.0],"yaw":0.0},"position":[6.0,0.00100011611357331,8.79756736755371],"time_ms":21116,"wall_ms":1791532997763.0,"yaw":0.0}
S03R {"event":"prediction","history_size":6,"position":[6.0,0.00100011611357331,8.79756736755371],"predicted_tick":1241,"role":"client","tick":1241,"time_ms":21120,"wall_ms":1791532997767.0,"yaw":0.0}
S03R {"event":"prediction","history_size":7,"position":[6.0,0.00100011611357331,8.79756736755371],"predicted_tick":1242,"role":"client","tick":1242,"time_ms":21125,"wall_ms":1791532997774.0,"yaw":0.0}
S03R {"event":"prediction","history_size":8,"position":[6.0,0.00100011611357331,8.79756736755371],"predicted_tick":1243,"role":"client","tick":1243,"time_ms":21139,"wall_ms":1791532997787.0,"yaw":0.0}
S03R {"authority_install_error_m":0.0,"entity":1,"event":"apply","pose":{"control":1,"durable":4,"entity":1,"last_input_tick":1246,"position":[0.0,0.00100011611357331,10.9999923706055],"receipt_ms":21146,"sequence":1246,"tick":1287,"velocity":[0.0,0.0,0.0],"yaw":0.0},"position":[0.0,0.00100011611357331,10.9999923706055],"time_ms":21160,"wall_ms":1791532997807.0,"yaw":0.0}
S03R {"ack_input_tick":1238,"cause":"none","correction_m":0.0,"correction_yaw_deg":0.0,"event":"correction","history_exhausted":false,"replay_frames":5,"replay_usec":85,"role":"client","tick":1244,"time_ms":21162,"wall_ms":1791532997810.0}
S03R {"authority_install_error_m":0.0,"entity":2,"event":"apply","pose":{"control":2,"durable":4,"entity":2,"last_input_tick":1238,"position":[6.0,0.00100011611357331,8.79756736755371],"receipt_ms":21146,"sequence":155,"tick":1287,"velocity":[0.0,0.0,0.0],"yaw":0.0},"position":[6.0,0.00100011611357331,8.79756736755371],"time_ms":21164,"wall_ms":1791532997813.0,"yaw":0.0}
S03R {"event":"prediction","history_size":6,"position":[6.0,0.00100011611357331,8.79756736755371],"predicted_tick":1244,"role":"client","tick":1244,"time_ms":21169,"wall_ms":1791532997816.0,"yaw":0.0}
S03R {"event":"prediction","history_size":7,"position":[6.0,0.00100011611357331,8.79756736755371],"predicted_tick":1245,"role":"client","tick":1245,"time_ms":21173,"wall_ms":1791532997822.0,"yaw":0.0}
S03R {"event":"prediction","history_size":8,"position":[6.0,0.00100011611357331,8.79756736755371],"predicted_tick":1246,"role":"client","tick":1246,"time_ms":21194,"wall_ms":1791532997843.0,"yaw":0.0}
S03R {"authority_install_error_m":0.0,"entity":1,"event":"apply","pose":{"control":1,"durable":4,"entity":1,"last_input_tick":1249,"position":[0.0,0.00100011611357331,10.9999923706055],"receipt_ms":21197,"sequence":1249,"tick":1290,"velocity":[0.0,0.0,0.0],"yaw":0.0},"position":[0.0,0.00100011611357331,10.9999923706055],"time_ms":21208,"wall_ms":1791532997856.0,"yaw":0.0}
S03R {"ack_input_tick":1241,"cause":"none","correction_m":0.0,"correction_yaw_deg":0.0,"event":"correction","history_exhausted":false,"replay_frames":5,"replay_usec":58,"role":"client","tick":1247,"time_ms":21210,"wall_ms":1791532997859.0}
S03R {"authority_install_error_m":0.0,"entity":2,"event":"apply","pose":{"control":2,"durable":4,"entity":2,"last_input_tick":1241,"position":[6.0,0.00100011611357331,8.79756736755371],"receipt_ms":21197,"sequence":158,"tick":1290,"velocity":[0.0,0.0,0.0],"yaw":0.0},"position":[6.0,0.00100011611357331,8.79756736755371],"time_ms":21213,"wall_ms":1791532997860.0,"yaw":0.0}
S03R {"event":"prediction","history_size":6,"position":[6.0,0.00100011611357331,8.79756736755371],"predicted_tick":1247,"role":"client","tick":1247,"time_ms":21215,"wall_ms":1791532997863.0,"yaw":0.0}
S03R {"event":"prediction","history_size":7,"position":[6.0,0.00100011611357331,8.79756736755371],"predicted_tick":1248,"role":"client","tick":1248,"time_ms":21222,"wall_ms":1791532997870.0,"yaw":0.0}
S03R {"event":"prediction","history_size":8,"position":[6.0,0.00100011611357331,8.79756736755371],"predicted_tick":1249,"role":"client","tick":1249,"time_ms":21243,"wall_ms":1791532997890.0,"yaw":0.0}
S03R {"authority_install_error_m":0.0,"entity":1,"event":"apply","pose":{"control":1,"durable":4,"entity":1,"last_input_tick":1252,"position":[0.0,0.00100011611357331,10.9999923706055],"receipt_ms":21246,"sequence":1252,"tick":1293,"velocity":[0.0,0.0,0.0],"yaw":0.0},"position":[0.0,0.00100011611357331,10.9999923706055],"time_ms":21256,"wall_ms":1791532997904.0,"yaw":0.0}
S03R {"ack_input_tick":1244,"cause":"none","correction_m":0.0,"correction_yaw_deg":0.0,"event":"correction","history_exhausted":false,"replay_frames":5,"replay_usec":67,"role":"client","tick":1250,"time_ms":21259,"wall_ms":1791532997907.0}
S03R {"authority_install_error_m":0.0,"entity":2,"event":"apply","pose":{"control":2,"durable":4,"entity":2,"last_input_tick":1244,"position":[6.0,0.00100011611357331,8.79756736755371],"receipt_ms":21246,"sequence":161,"tick":1293,"velocity":[0.0,0.0,0.0],"yaw":0.0},"position":[6.0,0.00100011611357331,8.79756736755371],"time_ms":21261,"wall_ms":1791532997910.0,"yaw":0.0}
S03R {"event":"prediction","history_size":6,"position":[6.0,0.00100011611357331,8.79756736755371],"predicted_tick":1250,"role":"client","tick":1250,"time_ms":21263,"wall_ms":1791532997912.0,"yaw":0.0}
S03R {"event":"prediction","history_size":7,"position":[6.0,0.00100011611357331,8.79756736755371],"predicted_tick":1251,"role":"client","tick":1251,"time_ms":21277,"wall_ms":1791532997924.0,"yaw":0.0}
S03R {"event":"prediction","history_size":8,"position":[6.0,0.00100011611357331,8.79756736755371],"predicted_tick":1252,"role":"client","tick":1252,"time_ms":21291,"wall_ms":1791532997939.0,"yaw":0.0}
S03R {"authority_install_error_m":0.0,"entity":1,"event":"apply","pose":{"control":1,"durable":4,"entity":1,"last_input_tick":1255,"position":[0.0,0.00100011611357331,10.9999923706055],"receipt_ms":21294,"sequence":1255,"tick":1296,"velocity":[0.0,0.0,0.0],"yaw":0.0},"position":[0.0,0.00100011611357331,10.9999923706055],"time_ms":21305,"wall_ms":1791532997952.0,"yaw":0.0}
S03R {"ack_input_tick":1247,"cause":"none","correction_m":0.0,"correction_yaw_deg":0.0,"event":"correction","history_exhausted":false,"replay_frames":5,"replay_usec":62,"role":"client","tick":1253,"time_ms":21308,"wall_ms":1791532997956.0}
S03R {"authority_install_error_m":0.0,"entity":2,"event":"apply","pose":{"control":2,"durable":4,"entity":2,"last_input_tick":1247,"position":[6.0,0.00100011611357331,8.79756736755371],"receipt_ms":21294,"sequence":164,"tick":1296,"velocity":[0.0,0.0,0.0],"yaw":0.0},"position":[6.0,0.00100011611357331,8.79756736755371],"time_ms":21310,"wall_ms":1791532997959.0,"yaw":0.0}
S03R {"event":"prediction","history_size":6,"position":[6.0,0.00100011611357331,8.79756736755371],"predicted_tick":1253,"role":"client","tick":1253,"time_ms":21313,"wall_ms":1791532997961.0,"yaw":0.0}
S03R {"event":"prediction","history_size":7,"position":[6.0,0.00100011611357331,8.79756736755371],"predicted_tick":1254,"role":"client","tick":1254,"time_ms":21325,"wall_ms":1791532997974.0,"yaw":0.0}
S03R {"event":"prediction","history_size":8,"position":[6.0,0.00100011611357331,8.79756736755371],"predicted_tick":1255,"role":"client","tick":1255,"time_ms":21339,"wall_ms":1791532997988.0,"yaw":0.0}
S03R {"authority_install_error_m":0.0,"entity":1,"event":"apply","pose":{"control":1,"durable":4,"entity":1,"last_input_tick":1258,"position":[0.0,0.00100011611357331,10.9999923706055],"receipt_ms":21343,"sequence":1258,"tick":1299,"velocity":[0.0,0.0,0.0],"yaw":0.0},"position":[0.0,0.00100011611357331,10.9999923706055],"time_ms":21360,"wall_ms":1791532998008.0,"yaw":0.0}
S03R {"ack_input_tick":1250,"cause":"none","correction_m":0.0,"correction_yaw_deg":0.0,"event":"correction","history_exhausted":false,"replay_frames":5,"replay_usec":64,"role":"client","tick":1256,"time_ms":21362,"wall_ms":1791532998010.0}
S03R {"authority_install_error_m":0.0,"entity":2,"event":"apply","pose":{"control":2,"durable":4,"entity":2,"last_input_tick":1250,"position":[6.0,0.00100011611357331,8.79756736755371],"receipt_ms":21343,"sequence":167,"tick":1299,"velocity":[0.0,0.0,0.0],"yaw":0.0},"position":[6.0,0.00100011611357331,8.79756736755371],"time_ms":21365,"wall_ms":1791532998012.0,"yaw":0.0}
S03R {"event":"prediction","history_size":6,"position":[6.0,0.00100011611357331,8.79756736755371],"predicted_tick":1256,"role":"client","tick":1256,"time_ms":21369,"wall_ms":1791532998017.0,"yaw":0.0}
S03R {"event":"prediction","history_size":7,"position":[6.0,0.00100011611357331,8.79756736755371],"predicted_tick":1257,"role":"client","tick":1257,"time_ms":21374,"wall_ms":1791532998022.0,"yaw":0.0}
S03R {"event":"prediction","history_size":8,"position":[6.0,0.00100011611357331,8.79756736755371],"predicted_tick":1258,"role":"client","tick":1258,"time_ms":21388,"wall_ms":1791532998036.0,"yaw":0.0}
S03R {"authority_install_error_m":0.0,"entity":1,"event":"apply","pose":{"control":1,"durable":4,"entity":1,"last_input_tick":1261,"position":[0.0,0.00100011611357331,10.9999923706055],"receipt_ms":21392,"sequence":1261,"tick":1302,"velocity":[0.0,0.0,0.0],"yaw":0.0},"position":[0.0,0.00100011611357331,10.9999923706055],"time_ms":21408,"wall_ms":1791532998057.0,"yaw":0.0}
S03R {"ack_input_tick":1253,"cause":"none","correction_m":0.0,"correction_yaw_deg":0.0,"event":"correction","history_exhausted":false,"replay_frames":5,"replay_usec":65,"role":"client","tick":1259,"time_ms":21411,"wall_ms":1791532998059.0}
S03R {"authority_install_error_m":0.0,"entity":2,"event":"apply","pose":{"control":2,"durable":4,"entity":2,"last_input_tick":1253,"position":[6.0,0.00100011611357331,8.79756736755371],"receipt_ms":21392,"sequence":170,"tick":1302,"velocity":[0.0,0.0,0.0],"yaw":0.0},"position":[6.0,0.00100011611357331,8.79756736755371],"time_ms":21413,"wall_ms":1791532998062.0,"yaw":0.0}
S03R {"event":"prediction","history_size":6,"position":[6.0,0.00100011611357331,8.79756736755371],"predicted_tick":1259,"role":"client","tick":1259,"time_ms":21418,"wall_ms":1791532998066.0,"yaw":0.0}
S03R {"event":"prediction","history_size":7,"position":[6.0,0.00100011611357331,8.79756736755371],"predicted_tick":1260,"role":"client","tick":1260,"time_ms":21422,"wall_ms":1791532998070.0,"yaw":0.0}
S03R {"event":"prediction","history_size":8,"position":[6.0,0.00100011611357331,8.79756736755371],"predicted_tick":1261,"role":"client","tick":1261,"time_ms":21443,"wall_ms":1791532998091.0,"yaw":0.0}
S03R {"authority_install_error_m":0.0,"entity":1,"event":"apply","pose":{"control":1,"durable":4,"entity":1,"last_input_tick":1264,"position":[0.0,0.00100011611357331,10.9999923706055],"receipt_ms":21446,"sequence":1264,"tick":1305,"velocity":[0.0,0.0,0.0],"yaw":0.0},"position":[0.0,0.00100011611357331,10.9999923706055],"time_ms":21457,"wall_ms":1791532998105.0,"yaw":0.0}
S03R {"ack_input_tick":1256,"cause":"none","correction_m":0.0,"correction_yaw_deg":0.0,"event":"correction","history_exhausted":false,"replay_frames":5,"replay_usec":71,"role":"client","tick":1262,"time_ms":21460,"wall_ms":1791532998108.0}
S03R {"authority_install_error_m":0.0,"entity":2,"event":"apply","pose":{"control":2,"durable":4,"entity":2,"last_input_tick":1256,"position":[6.0,0.00100011611357331,8.79756736755371],"receipt_ms":21446,"sequence":173,"tick":1305,"velocity":[0.0,0.0,0.0],"yaw":0.0},"position":[6.0,0.00100011611357331,8.79756736755371],"time_ms":21462,"wall_ms":1791532998110.0,"yaw":0.0}
S03R {"event":"prediction","history_size":6,"position":[6.0,0.00100011611357331,8.79756736755371],"predicted_tick":1262,"role":"client","tick":1262,"time_ms":21464,"wall_ms":1791532998112.0,"yaw":0.0}
S03R {"event":"prediction","history_size":7,"position":[6.0,0.00100011611357331,8.79756736755371],"predicted_tick":1263,"role":"client","tick":1263,"time_ms":21471,"wall_ms":1791532998119.0,"yaw":0.0}
S03R {"event":"prediction","history_size":8,"position":[6.0,0.00100011611357331,8.79756736755371],"predicted_tick":1264,"role":"client","tick":1264,"time_ms":21491,"wall_ms":1791532998140.0,"yaw":0.0}
S03R {"authority_install_error_m":0.0,"entity":1,"event":"apply","pose":{"control":1,"durable":4,"entity":1,"last_input_tick":1267,"position":[0.0,0.00100011611357331,10.9999923706055],"receipt_ms":21494,"sequence":1267,"tick":1308,"velocity":[0.0,0.0,0.0],"yaw":0.0},"position":[0.0,0.00100011611357331,10.9999923706055],"time_ms":21505,"wall_ms":1791532998153.0,"yaw":0.0}
S03R {"ack_input_tick":1259,"cause":"none","correction_m":0.0,"correction_yaw_deg":0.0,"event":"correction","history_exhausted":false,"replay_frames":5,"replay_usec":65,"role":"client","tick":1265,"time_ms":21508,"wall_ms":1791532998156.0}
S03R {"authority_install_error_m":0.0,"entity":2,"event":"apply","pose":{"control":2,"durable":4,"entity":2,"last_input_tick":1259,"position":[6.0,0.00100011611357331,8.79756736755371],"receipt_ms":21494,"sequence":176,"tick":1308,"velocity":[0.0,0.0,0.0],"yaw":0.0},"position":[6.0,0.00100011611357331,8.79756736755371],"time_ms":21510,"wall_ms":1791532998159.0,"yaw":0.0}
S03R {"event":"prediction","history_size":6,"position":[6.0,0.00100011611357331,8.79756736755371],"predicted_tick":1265,"role":"client","tick":1265,"time_ms":21513,"wall_ms":1791532998160.0,"yaw":0.0}
S03R {"event":"prediction","history_size":7,"position":[6.0,0.00100011611357331,8.79756736755371],"predicted_tick":1266,"role":"client","tick":1266,"time_ms":21526,"wall_ms":1791532998173.0,"yaw":0.0}
S03R {"event":"prediction","history_size":8,"position":[6.0,0.00100011611357331,8.79756736755371],"predicted_tick":1267,"role":"client","tick":1267,"time_ms":21540,"wall_ms":1791532998188.0,"yaw":0.0}
S03R {"authority_install_error_m":0.0,"entity":1,"event":"apply","pose":{"control":1,"durable":4,"entity":1,"last_input_tick":1270,"position":[0.0,0.00100011611357331,10.9999923706055],"receipt_ms":21542,"sequence":1270,"tick":1311,"velocity":[0.0,0.0,0.0],"yaw":0.0},"position":[0.0,0.00100011611357331,10.9999923706055],"time_ms":21553,"wall_ms":1791532998202.0,"yaw":0.0}
S03R {"ack_input_tick":1262,"cause":"none","correction_m":0.0,"correction_yaw_deg":0.0,"event":"correction","history_exhausted":false,"replay_frames":5,"replay_usec":79,"role":"client","tick":1268,"time_ms":21557,"wall_ms":1791532998205.0}
S03R {"authority_install_error_m":0.0,"entity":2,"event":"apply","pose":{"control":2,"durable":4,"entity":2,"last_input_tick":1262,"position":[6.0,0.00100011611357331,8.79756736755371],"receipt_ms":21542,"sequence":179,"tick":1311,"velocity":[0.0,0.0,0.0],"yaw":0.0},"position":[6.0,0.00100011611357331,8.79756736755371],"time_ms":21559,"wall_ms":1791532998207.0,"yaw":0.0}
S03R {"event":"prediction","history_size":6,"position":[6.0,0.00100011611357331,8.79756736755371],"predicted_tick":1268,"role":"client","tick":1268,"time_ms":21561,"wall_ms":1791532998210.0,"yaw":0.0}
S03R {"event":"prediction","history_size":7,"position":[6.0,0.00100011611357331,8.79756736755371],"predicted_tick":1269,"role":"client","tick":1269,"time_ms":21574,"wall_ms":1791532998223.0,"yaw":0.0}
S03R {"event":"prediction","history_size":8,"position":[6.0,0.00100011611357331,8.79756736755371],"predicted_tick":1270,"role":"client","tick":1270,"time_ms":21588,"wall_ms":1791532998236.0,"yaw":0.0}
S03R {"authority_install_error_m":0.0,"entity":1,"event":"apply","pose":{"control":1,"durable":4,"entity":1,"last_input_tick":1273,"position":[0.0,0.00100011611357331,10.9999923706055],"receipt_ms":21591,"sequence":1273,"tick":1314,"velocity":[0.0,0.0,0.0],"yaw":0.0},"position":[0.0,0.00100011611357331,10.9999923706055],"time_ms":21609,"wall_ms":1791532998257.0,"yaw":0.0}
S03R {"ack_input_tick":1265,"cause":"none","correction_m":0.0,"correction_yaw_deg":0.0,"event":"correction","history_exhausted":false,"replay_frames":5,"replay_usec":59,"role":"client","tick":1271,"time_ms":21612,"wall_ms":1791532998260.0}
S03R {"authority_install_error_m":0.0,"entity":2,"event":"apply","pose":{"control":2,"durable":4,"entity":2,"last_input_tick":1265,"position":[6.0,0.00100011611357331,8.79756736755371],"receipt_ms":21592,"sequence":182,"tick":1314,"velocity":[0.0,0.0,0.0],"yaw":0.0},"position":[6.0,0.00100011611357331,8.79756736755371],"time_ms":21616,"wall_ms":1791532998264.0,"yaw":0.0}
S03R {"event":"prediction","history_size":6,"position":[6.0,0.00100011611357331,8.79756736755371],"predicted_tick":1271,"role":"client","tick":1271,"time_ms":21620,"wall_ms":1791532998268.0,"yaw":0.0}
S03R {"event":"prediction","history_size":7,"position":[6.0,0.00100011611357331,8.79756736755371],"predicted_tick":1272,"role":"client","tick":1272,"time_ms":21624,"wall_ms":1791532998271.0,"yaw":0.0}
S03R {"event":"prediction","history_size":8,"position":[6.0,0.00100011611357331,8.79756736755371],"predicted_tick":1273,"role":"client","tick":1273,"time_ms":21637,"wall_ms":1791532998286.0,"yaw":0.0}
S03R {"authority_install_error_m":0.0,"entity":1,"event":"apply","pose":{"control":1,"durable":4,"entity":1,"last_input_tick":1276,"position":[0.0,0.00100011611357331,10.9999923706055],"receipt_ms":21640,"sequence":1276,"tick":1317,"velocity":[0.0,0.0,0.0],"yaw":0.0},"position":[0.0,0.00100011611357331,10.9999923706055],"time_ms":21658,"wall_ms":1791532998306.0,"yaw":0.0}
S03R {"ack_input_tick":1268,"cause":"none","correction_m":0.0,"correction_yaw_deg":0.0,"event":"correction","history_exhausted":false,"replay_frames":5,"replay_usec":59,"role":"client","tick":1274,"time_ms":21660,"wall_ms":1791532998309.0}
S03R {"authority_install_error_m":0.0,"entity":2,"event":"apply","pose":{"control":2,"durable":4,"entity":2,"last_input_tick":1268,"position":[6.0,0.00100011611357331,8.79756736755371],"receipt_ms":21640,"sequence":185,"tick":1317,"velocity":[0.0,0.0,0.0],"yaw":0.0},"position":[6.0,0.00100011611357331,8.79756736755371],"time_ms":21663,"wall_ms":1791532998311.0,"yaw":0.0}
S03R {"event":"prediction","history_size":6,"position":[6.0,0.00100011611357331,8.79756736755371],"predicted_tick":1274,"role":"client","tick":1274,"time_ms":21665,"wall_ms":1791532998314.0,"yaw":0.0}
S03R {"event":"prediction","history_size":7,"position":[6.0,0.00100011611357331,8.79756736755371],"predicted_tick":1275,"role":"client","tick":1275,"time_ms":21672,"wall_ms":1791532998320.0,"yaw":0.0}
S03R {"event":"prediction","history_size":8,"position":[6.0,0.00100011611357331,8.79756736755371],"predicted_tick":1276,"role":"client","tick":1276,"time_ms":21693,"wall_ms":1791532998340.0,"yaw":0.0}
S03R {"authority_install_error_m":0.0,"entity":1,"event":"apply","pose":{"control":1,"durable":4,"entity":1,"last_input_tick":1279,"position":[0.0,0.00100011611357331,10.9999923706055],"receipt_ms":21696,"sequence":1279,"tick":1320,"velocity":[0.0,0.0,0.0],"yaw":0.0},"position":[0.0,0.00100011611357331,10.9999923706055],"time_ms":21706,"wall_ms":1791532998354.0,"yaw":0.0}
S03R {"ack_input_tick":1271,"cause":"none","correction_m":0.0,"correction_yaw_deg":0.0,"event":"correction","history_exhausted":false,"replay_frames":5,"replay_usec":65,"role":"client","tick":1277,"time_ms":21709,"wall_ms":1791532998357.0}
S03R {"authority_install_error_m":0.0,"entity":2,"event":"apply","pose":{"control":2,"durable":4,"entity":2,"last_input_tick":1271,"position":[6.0,0.00100011611357331,8.79756736755371],"receipt_ms":21696,"sequence":188,"tick":1320,"velocity":[0.0,0.0,0.0],"yaw":0.0},"position":[6.0,0.00100011611357331,8.79756736755371],"time_ms":21711,"wall_ms":1791532998360.0,"yaw":0.0}
S03R {"event":"prediction","history_size":6,"position":[6.0,0.00100011611357331,8.79756736755371],"predicted_tick":1277,"role":"client","tick":1277,"time_ms":21714,"wall_ms":1791532998362.0,"yaw":0.0}
S03R {"event":"prediction","history_size":7,"position":[6.0,0.00100011611357331,8.79756736755371],"predicted_tick":1278,"role":"client","tick":1278,"time_ms":21720,"wall_ms":1791532998369.0,"yaw":0.0}
S03R {"event":"prediction","history_size":8,"position":[6.0,0.00100011611357331,8.79756736755371],"predicted_tick":1279,"role":"client","tick":1279,"time_ms":21741,"wall_ms":1791532998389.0,"yaw":0.0}
S03R {"authority_install_error_m":0.0,"entity":1,"event":"apply","pose":{"control":1,"durable":4,"entity":1,"last_input_tick":1282,"position":[0.0,0.00100011611357331,10.9999923706055],"receipt_ms":21744,"sequence":1282,"tick":1323,"velocity":[0.0,0.0,0.0],"yaw":0.0},"position":[0.0,0.00100011611357331,10.9999923706055],"time_ms":21755,"wall_ms":1791532998403.0,"yaw":0.0}
S03R {"ack_input_tick":1274,"cause":"none","correction_m":0.0,"correction_yaw_deg":0.0,"event":"correction","history_exhausted":false,"replay_frames":5,"replay_usec":61,"role":"client","tick":1280,"time_ms":21758,"wall_ms":1791532998406.0}
S03R {"authority_install_error_m":0.0,"entity":2,"event":"apply","pose":{"control":2,"durable":4,"entity":2,"last_input_tick":1274,"position":[6.0,0.00100011611357331,8.79756736755371],"receipt_ms":21744,"sequence":191,"tick":1323,"velocity":[0.0,0.0,0.0],"yaw":0.0},"position":[6.0,0.00100011611357331,8.79756736755371],"time_ms":21760,"wall_ms":1791532998408.0,"yaw":0.0}
S03R {"event":"prediction","history_size":6,"position":[6.0,0.00100011611357331,8.79756736755371],"predicted_tick":1280,"role":"client","tick":1280,"time_ms":21763,"wall_ms":1791532998411.0,"yaw":0.0}
S03R {"event":"prediction","history_size":7,"position":[6.0,0.00100011611357331,8.79756736755371],"predicted_tick":1281,"role":"client","tick":1281,"time_ms":21775,"wall_ms":1791532998424.0,"yaw":0.0}
S03R {"event":"prediction","history_size":8,"position":[6.0,0.00100011611357331,8.79756736755371],"predicted_tick":1282,"role":"client","tick":1282,"time_ms":21789,"wall_ms":1791532998438.0,"yaw":0.0}
S03R {"authority_install_error_m":0.0,"entity":1,"event":"apply","pose":{"control":1,"durable":4,"entity":1,"last_input_tick":1285,"position":[0.0,0.00100011611357331,10.9999923706055],"receipt_ms":21792,"sequence":1285,"tick":1326,"velocity":[0.0,0.0,0.0],"yaw":0.0},"position":[0.0,0.00100011611357331,10.9999923706055],"time_ms":21803,"wall_ms":1791532998451.0,"yaw":0.0}
S03R {"ack_input_tick":1277,"cause":"none","correction_m":0.0,"correction_yaw_deg":0.0,"event":"correction","history_exhausted":false,"replay_frames":5,"replay_usec":86,"role":"client","tick":1283,"time_ms":21805,"wall_ms":1791532998454.0}
S03R {"authority_install_error_m":0.0,"entity":2,"event":"apply","pose":{"control":2,"durable":4,"entity":2,"last_input_tick":1277,"position":[6.0,0.00100011611357331,8.79756736755371],"receipt_ms":21792,"sequence":194,"tick":1326,"velocity":[0.0,0.0,0.0],"yaw":0.0},"position":[6.0,0.00100011611357331,8.79756736755371],"time_ms":21808,"wall_ms":1791532998456.0,"yaw":0.0}
S03R {"event":"prediction","history_size":6,"position":[6.0,0.00100011611357331,8.79756736755371],"predicted_tick":1283,"role":"client","tick":1283,"time_ms":21810,"wall_ms":1791532998458.0,"yaw":0.0}
S03R {"event":"prediction","history_size":7,"position":[6.0,0.00100011611357331,8.79756736755371],"predicted_tick":1284,"role":"client","tick":1284,"time_ms":21824,"wall_ms":1791532998472.0,"yaw":0.0}
S03R {"event":"prediction","history_size":8,"position":[6.0,0.00100011611357331,8.79756736755371],"predicted_tick":1285,"role":"client","tick":1285,"time_ms":21837,"wall_ms":1791532998485.0,"yaw":0.0}
S03R {"authority_install_error_m":0.0,"entity":1,"event":"apply","pose":{"control":1,"durable":4,"entity":1,"last_input_tick":1288,"position":[0.0,0.00100011611357331,10.9999923706055],"receipt_ms":21844,"sequence":1288,"tick":1329,"velocity":[0.0,0.0,0.0],"yaw":0.0},"position":[0.0,0.00100011611357331,10.9999923706055],"time_ms":21858,"wall_ms":1791532998506.0,"yaw":0.0}
S03R {"ack_input_tick":1280,"cause":"none","correction_m":0.0,"correction_yaw_deg":0.0,"event":"correction","history_exhausted":false,"replay_frames":5,"replay_usec":60,"role":"client","tick":1286,"time_ms":21861,"wall_ms":1791532998508.0}
S03R {"authority_install_error_m":0.0,"entity":2,"event":"apply","pose":{"control":2,"durable":4,"entity":2,"last_input_tick":1280,"position":[6.0,0.00100011611357331,8.79756736755371],"receipt_ms":21844,"sequence":197,"tick":1329,"velocity":[0.0,0.0,0.0],"yaw":0.0},"position":[6.0,0.00100011611357331,8.79756736755371],"time_ms":21865,"wall_ms":1791532998513.0,"yaw":0.0}
S03R {"event":"prediction","history_size":6,"position":[6.0,0.00100011611357331,8.79756736755371],"predicted_tick":1286,"role":"client","tick":1286,"time_ms":21869,"wall_ms":1791532998517.0,"yaw":0.0}
S03R {"event":"prediction","history_size":7,"position":[6.0,0.00100011611357331,8.79756736755371],"predicted_tick":1287,"role":"client","tick":1287,"time_ms":21872,"wall_ms":1791532998520.0,"yaw":0.0}
S03R {"event":"prediction","history_size":8,"position":[6.0,0.00100011611357331,8.79756736755371],"predicted_tick":1288,"role":"client","tick":1288,"time_ms":21893,"wall_ms":1791532998541.0,"yaw":0.0}
S03R {"authority_install_error_m":0.0,"entity":1,"event":"apply","pose":{"control":1,"durable":4,"entity":1,"last_input_tick":1291,"position":[0.0,0.00100011611357331,10.9999923706055],"receipt_ms":21896,"sequence":1291,"tick":1332,"velocity":[0.0,0.0,0.0],"yaw":0.0},"position":[0.0,0.00100011611357331,10.9999923706055],"time_ms":21906,"wall_ms":1791532998555.0,"yaw":0.0}
S03R {"ack_input_tick":1283,"cause":"none","correction_m":0.0,"correction_yaw_deg":0.0,"event":"correction","history_exhausted":false,"replay_frames":5,"replay_usec":58,"role":"client","tick":1289,"time_ms":21909,"wall_ms":1791532998557.0}
S03R {"authority_install_error_m":0.0,"entity":2,"event":"apply","pose":{"control":2,"durable":4,"entity":2,"last_input_tick":1283,"position":[6.0,0.00100011611357331,8.79756736755371],"receipt_ms":21896,"sequence":200,"tick":1332,"velocity":[0.0,0.0,0.0],"yaw":0.0},"position":[6.0,0.00100011611357331,8.79756736755371],"time_ms":21911,"wall_ms":1791532998558.0,"yaw":0.0}
S03R {"event":"prediction","history_size":6,"position":[6.0,0.00100011611357331,8.79756736755371],"predicted_tick":1289,"role":"client","tick":1289,"time_ms":21914,"wall_ms":1791532998562.0,"yaw":0.0}
S03R {"event":"prediction","history_size":7,"position":[6.0,0.00100011611357331,8.79756736755371],"predicted_tick":1290,"role":"client","tick":1290,"time_ms":21920,"wall_ms":1791532998568.0,"yaw":0.0}
S03R {"event":"prediction","history_size":8,"position":[6.0,0.00100011611357331,8.79756736755371],"predicted_tick":1291,"role":"client","tick":1291,"time_ms":21941,"wall_ms":1791532998589.0,"yaw":0.0}
S03R {"authority_install_error_m":0.0,"entity":1,"event":"apply","pose":{"control":1,"durable":4,"entity":1,"last_input_tick":1294,"position":[0.0,0.00100011611357331,10.9999923706055],"receipt_ms":21944,"sequence":1294,"tick":1335,"velocity":[0.0,0.0,0.0],"yaw":0.0},"position":[0.0,0.00100011611357331,10.9999923706055],"time_ms":21955,"wall_ms":1791532998603.0,"yaw":0.0}
S03R {"ack_input_tick":1286,"cause":"none","correction_m":0.0,"correction_yaw_deg":0.0,"event":"correction","history_exhausted":false,"replay_frames":5,"replay_usec":120,"role":"client","tick":1292,"time_ms":21958,"wall_ms":1791532998606.0}
S03R {"authority_install_error_m":0.0,"entity":2,"event":"apply","pose":{"control":2,"durable":4,"entity":2,"last_input_tick":1286,"position":[6.0,0.00100011611357331,8.79756736755371],"receipt_ms":21944,"sequence":203,"tick":1335,"velocity":[0.0,0.0,0.0],"yaw":0.0},"position":[6.0,0.00100011611357331,8.79756736755371],"time_ms":21960,"wall_ms":1791532998609.0,"yaw":0.0}
S03R {"event":"prediction","history_size":6,"position":[6.0,0.00100011611357331,8.79756736755371],"predicted_tick":1292,"role":"client","tick":1292,"time_ms":21963,"wall_ms":1791532998611.0,"yaw":0.0}
S03R {"event":"prediction","history_size":7,"position":[6.0,0.00100011611357331,8.79756736755371],"predicted_tick":1293,"role":"client","tick":1293,"time_ms":21975,"wall_ms":1791532998624.0,"yaw":0.0}
S03R {"event":"prediction","history_size":8,"position":[6.0,0.00100011611357331,8.79756736755371],"predicted_tick":1294,"role":"client","tick":1294,"time_ms":21989,"wall_ms":1791532998637.0,"yaw":0.0}
S03R {"authority_install_error_m":0.0,"entity":1,"event":"apply","pose":{"control":1,"durable":4,"entity":1,"last_input_tick":1297,"position":[0.0,0.00100011611357331,10.9999923706055],"receipt_ms":21993,"sequence":1297,"tick":1338,"velocity":[0.0,0.0,0.0],"yaw":0.0},"position":[0.0,0.00100011611357331,10.9999923706055],"time_ms":22003,"wall_ms":1791532998651.0,"yaw":0.0}
S03R {"ack_input_tick":1289,"cause":"none","correction_m":0.0,"correction_yaw_deg":0.0,"event":"correction","history_exhausted":false,"replay_frames":5,"replay_usec":56,"role":"client","tick":1295,"time_ms":22005,"wall_ms":1791532998653.0}
S03R {"authority_install_error_m":0.0,"entity":2,"event":"apply","pose":{"control":2,"durable":4,"entity":2,"last_input_tick":1289,"position":[6.0,0.00100011611357331,8.79756736755371],"receipt_ms":21993,"sequence":206,"tick":1338,"velocity":[0.0,0.0,0.0],"yaw":0.0},"position":[6.0,0.00100011611357331,8.79756736755371],"time_ms":22007,"wall_ms":1791532998656.0,"yaw":0.0}
S03R {"event":"prediction","history_size":6,"position":[6.0,0.00100011611357331,8.79756736755371],"predicted_tick":1295,"role":"client","tick":1295,"time_ms":22010,"wall_ms":1791532998658.0,"yaw":0.0}
S03R {"event":"prediction","history_size":7,"position":[6.0,0.00100011611357331,8.79756736755371],"predicted_tick":1296,"role":"client","tick":1296,"time_ms":22024,"wall_ms":1791532998672.0,"yaw":0.0}
S03R {"event":"prediction","history_size":8,"position":[6.0,0.00100011611357331,8.79756736755371],"predicted_tick":1297,"role":"client","tick":1297,"time_ms":22037,"wall_ms":1791532998686.0,"yaw":0.0}
S03R {"authority_install_error_m":0.0,"entity":1,"event":"apply","pose":{"control":1,"durable":4,"entity":1,"last_input_tick":1300,"position":[0.0,0.00100011611357331,10.9999923706055],"receipt_ms":22040,"sequence":1300,"tick":1341,"velocity":[0.0,0.0,0.0],"yaw":0.0},"position":[0.0,0.00100011611357331,10.9999923706055],"time_ms":22058,"wall_ms":1791532998706.0,"yaw":0.0}
S03R {"ack_input_tick":1292,"cause":"none","correction_m":0.0,"correction_yaw_deg":0.0,"event":"correction","history_exhausted":false,"replay_frames":5,"replay_usec":108,"role":"client","tick":1298,"time_ms":22061,"wall_ms":1791532998708.0}
S03R {"authority_install_error_m":0.0,"entity":2,"event":"apply","pose":{"control":2,"durable":4,"entity":2,"last_input_tick":1292,"position":[6.0,0.00100011611357331,8.79756736755371],"receipt_ms":22040,"sequence":209,"tick":1341,"velocity":[0.0,0.0,0.0],"yaw":0.0},"position":[6.0,0.00100011611357331,8.79756736755371],"time_ms":22065,"wall_ms":1791532998714.0,"yaw":0.0}
S03R {"event":"prediction","history_size":6,"position":[6.0,0.00100011611357331,8.79756736755371],"predicted_tick":1298,"role":"client","tick":1298,"time_ms":22069,"wall_ms":1791532998717.0,"yaw":0.0}
S03R {"event":"prediction","history_size":7,"position":[6.0,0.00100011611357331,8.79756736755371],"predicted_tick":1299,"role":"client","tick":1299,"time_ms":22072,"wall_ms":1791532998720.0,"yaw":0.0}
S03R {"event":"prediction","history_size":8,"position":[6.0,0.00100011611357331,8.79756736755371],"predicted_tick":1300,"role":"client","tick":1300,"time_ms":22086,"wall_ms":1791532998734.0,"yaw":0.0}
S03R {"authority_install_error_m":0.0,"entity":1,"event":"apply","pose":{"control":1,"durable":4,"entity":1,"last_input_tick":1303,"position":[0.0,0.00100011611357331,10.9999923706055],"receipt_ms":22093,"sequence":1303,"tick":1344,"velocity":[0.0,0.0,0.0],"yaw":0.0},"position":[0.0,0.00100011611357331,10.9999923706055],"time_ms":22107,"wall_ms":1791532998754.0,"yaw":0.0}
S03R {"ack_input_tick":1295,"cause":"none","correction_m":0.0,"correction_yaw_deg":0.0,"event":"correction","history_exhausted":false,"replay_frames":5,"replay_usec":100,"role":"client","tick":1301,"time_ms":22110,"wall_ms":1791532998758.0}
S03R {"authority_install_error_m":0.0,"entity":2,"event":"apply","pose":{"control":2,"durable":4,"entity":2,"last_input_tick":1295,"position":[6.0,0.00100011611357331,8.79756736755371],"receipt_ms":22093,"sequence":212,"tick":1344,"velocity":[0.0,0.0,0.0],"yaw":0.0},"position":[6.0,0.00100011611357331,8.79756736755371],"time_ms":22112,"wall_ms":1791532998760.0,"yaw":0.0}
S03R {"event":"prediction","history_size":6,"position":[6.0,0.00100011611357331,8.79756736755371],"predicted_tick":1301,"role":"client","tick":1301,"time_ms":22114,"wall_ms":1791532998763.0,"yaw":0.0}
S03R {"event":"prediction","history_size":7,"position":[6.0,0.00100011611357331,8.79756736755371],"predicted_tick":1302,"role":"client","tick":1302,"time_ms":22121,"wall_ms":1791532998769.0,"yaw":0.0}
S03R {"event":"prediction","history_size":8,"position":[6.0,0.00100011611357331,8.79756736755371],"predicted_tick":1303,"role":"client","tick":1303,"time_ms":22142,"wall_ms":1791532998790.0,"yaw":0.0}
S03R {"authority_install_error_m":0.0,"entity":1,"event":"apply","pose":{"control":1,"durable":4,"entity":1,"last_input_tick":1306,"position":[0.0,0.00100011611357331,10.9999923706055],"receipt_ms":22145,"sequence":1306,"tick":1347,"velocity":[0.0,0.0,0.0],"yaw":0.0},"position":[0.0,0.00100011611357331,10.9999923706055],"time_ms":22155,"wall_ms":1791532998804.0,"yaw":0.0}
S03R {"ack_input_tick":1298,"cause":"none","correction_m":0.0,"correction_yaw_deg":0.0,"event":"correction","history_exhausted":false,"replay_frames":5,"replay_usec":97,"role":"client","tick":1304,"time_ms":22158,"wall_ms":1791532998806.0}
S03R {"authority_install_error_m":0.0,"entity":2,"event":"apply","pose":{"control":2,"durable":4,"entity":2,"last_input_tick":1298,"position":[6.0,0.00100011611357331,8.79756736755371],"receipt_ms":22145,"sequence":215,"tick":1347,"velocity":[0.0,0.0,0.0],"yaw":0.0},"position":[6.0,0.00100011611357331,8.79756736755371],"time_ms":22161,"wall_ms":1791532998809.0,"yaw":0.0}
S03R {"event":"prediction","history_size":6,"position":[6.0,0.00100011611357331,8.79756736755371],"predicted_tick":1304,"role":"client","tick":1304,"time_ms":22163,"wall_ms":1791532998811.0,"yaw":0.0}
S03R {"event":"prediction","history_size":7,"position":[6.0,0.00100011611357331,8.79756736755371],"predicted_tick":1305,"role":"client","tick":1305,"time_ms":22176,"wall_ms":1791532998824.0,"yaw":0.0}
S03R {"event":"prediction","history_size":8,"position":[6.0,0.00100011611357331,8.79756736755371],"predicted_tick":1306,"role":"client","tick":1306,"time_ms":22190,"wall_ms":1791532998838.0,"yaw":0.0}
S03R {"authority_install_error_m":0.0,"entity":1,"event":"apply","pose":{"control":1,"durable":4,"entity":1,"last_input_tick":1309,"position":[0.0,0.00100011611357331,10.9999923706055],"receipt_ms":22193,"sequence":1309,"tick":1350,"velocity":[0.0,0.0,0.0],"yaw":0.0},"position":[0.0,0.00100011611357331,10.9999923706055],"time_ms":22203,"wall_ms":1791532998852.0,"yaw":0.0}
S03R {"ack_input_tick":1301,"cause":"none","correction_m":0.0,"correction_yaw_deg":0.0,"event":"correction","history_exhausted":false,"replay_frames":5,"replay_usec":96,"role":"client","tick":1307,"time_ms":22206,"wall_ms":1791532998854.0}
S03R {"authority_install_error_m":0.0,"entity":2,"event":"apply","pose":{"control":2,"durable":4,"entity":2,"last_input_tick":1301,"position":[6.0,0.00100011611357331,8.79756736755371],"receipt_ms":22193,"sequence":218,"tick":1350,"velocity":[0.0,0.0,0.0],"yaw":0.0},"position":[6.0,0.00100011611357331,8.79756736755371],"time_ms":22208,"wall_ms":1791532998856.0,"yaw":0.0}
S03R {"event":"prediction","history_size":6,"position":[6.0,0.00100011611357331,8.79756736755371],"predicted_tick":1307,"role":"client","tick":1307,"time_ms":22211,"wall_ms":1791532998859.0,"yaw":0.0}
S03R {"event":"prediction","history_size":7,"position":[6.0,0.00100011611357331,8.79756736755371],"predicted_tick":1308,"role":"client","tick":1308,"time_ms":22224,"wall_ms":1791532998873.0,"yaw":0.0}
S03R {"event":"prediction","history_size":8,"position":[6.0,0.00100011611357331,8.79756736755371],"predicted_tick":1309,"role":"client","tick":1309,"time_ms":22238,"wall_ms":1791532998886.0,"yaw":0.0}
S03R {"authority_install_error_m":0.0,"entity":1,"event":"apply","pose":{"control":1,"durable":4,"entity":1,"last_input_tick":1312,"position":[0.0,0.00100011611357331,10.9999923706055],"receipt_ms":22242,"sequence":1312,"tick":1353,"velocity":[0.0,0.0,0.0],"yaw":0.0},"position":[0.0,0.00100011611357331,10.9999923706055],"time_ms":22259,"wall_ms":1791532998907.0,"yaw":0.0}
S03R {"ack_input_tick":1304,"cause":"none","correction_m":0.0,"correction_yaw_deg":0.0,"event":"correction","history_exhausted":false,"replay_frames":5,"replay_usec":110,"role":"client","tick":1310,"time_ms":22261,"wall_ms":1791532998910.0}
S03R {"authority_install_error_m":0.0,"entity":2,"event":"apply","pose":{"control":2,"durable":4,"entity":2,"last_input_tick":1304,"position":[6.0,0.00100011611357331,8.79756736755371],"receipt_ms":22242,"sequence":221,"tick":1353,"velocity":[0.0,0.0,0.0],"yaw":0.0},"position":[6.0,0.00100011611357331,8.79756736755371],"time_ms":22266,"wall_ms":1791532998913.0,"yaw":0.0}
S03R {"event":"prediction","history_size":6,"position":[6.0,0.00100011611357331,8.79756736755371],"predicted_tick":1310,"role":"client","tick":1310,"time_ms":22270,"wall_ms":1791532998917.0,"yaw":0.0}
S03R {"event":"prediction","history_size":7,"position":[6.0,0.00100011611357331,8.79756736755371],"predicted_tick":1311,"role":"client","tick":1311,"time_ms":22273,"wall_ms":1791532998921.0,"yaw":0.0}
S03R {"event":"prediction","history_size":8,"position":[6.0,0.00100011611357331,8.79756736755371],"predicted_tick":1312,"role":"client","tick":1312,"time_ms":22287,"wall_ms":1791532998935.0,"yaw":0.0}
S03R {"authority_install_error_m":0.0,"entity":1,"event":"apply","pose":{"control":1,"durable":4,"entity":1,"last_input_tick":1315,"position":[0.0,0.00100011611357331,10.9999923706055],"receipt_ms":22290,"sequence":1315,"tick":1356,"velocity":[0.0,0.0,0.0],"yaw":0.0},"position":[0.0,0.00100011611357331,10.9999923706055],"time_ms":22307,"wall_ms":1791532998955.0,"yaw":0.0}
S03R {"ack_input_tick":1307,"cause":"none","correction_m":0.0,"correction_yaw_deg":0.0,"event":"correction","history_exhausted":false,"replay_frames":5,"replay_usec":103,"role":"client","tick":1313,"time_ms":22310,"wall_ms":1791532998959.0}
S03R {"authority_install_error_m":0.0,"entity":2,"event":"apply","pose":{"control":2,"durable":4,"entity":2,"last_input_tick":1307,"position":[6.0,0.00100011611357331,8.79756736755371],"receipt_ms":22290,"sequence":224,"tick":1356,"velocity":[0.0,0.0,0.0],"yaw":0.0},"position":[6.0,0.00100011611357331,8.79756736755371],"time_ms":22313,"wall_ms":1791532998961.0,"yaw":0.0}
S03R {"event":"prediction","history_size":6,"position":[6.0,0.00100011611357331,8.79756736755371],"predicted_tick":1313,"role":"client","tick":1313,"time_ms":22315,"wall_ms":1791532998963.0,"yaw":0.0}
S03R {"event":"prediction","history_size":7,"position":[6.0,0.00100011611357331,8.79756736755371],"predicted_tick":1314,"role":"client","tick":1314,"time_ms":22321,"wall_ms":1791532998969.0,"yaw":0.0}
S03R {"authority_install_error_m":0.0,"entity":1,"event":"apply","pose":{"control":1,"durable":4,"entity":1,"last_input_tick":1318,"position":[0.0,0.00100011611357331,10.9999923706055],"receipt_ms":22335,"sequence":1318,"tick":1359,"velocity":[0.0,0.0,0.0],"yaw":0.0},"position":[0.0,0.00100011611357331,10.9999923706055],"time_ms":22342,"wall_ms":1791532998990.0,"yaw":0.0}
S03R {"ack_input_tick":1310,"cause":"none","correction_m":0.0,"correction_yaw_deg":0.0,"event":"correction","history_exhausted":false,"replay_frames":4,"replay_usec":61,"role":"client","tick":1315,"time_ms":22344,"wall_ms":1791532998993.0}
S03R {"authority_install_error_m":0.0,"entity":2,"event":"apply","pose":{"control":2,"durable":4,"entity":2,"last_input_tick":1310,"position":[6.0,0.00100011611357331,8.79756736755371],"receipt_ms":22335,"sequence":227,"tick":1359,"velocity":[0.0,0.0,0.0],"yaw":0.0},"position":[6.0,0.00100011611357331,8.79756736755371],"time_ms":22347,"wall_ms":1791532998995.0,"yaw":0.0}
S03R {"event":"prediction","history_size":5,"position":[6.0,0.00100011611357331,8.79756736755371],"predicted_tick":1315,"role":"client","tick":1315,"time_ms":22349,"wall_ms":1791532998997.0,"yaw":0.0}
S03R {"event":"prediction","history_size":6,"position":[6.0,0.00100011611357331,8.79756736755371],"predicted_tick":1316,"role":"client","tick":1316,"time_ms":22356,"wall_ms":1791532999004.0,"yaw":0.0}
S03R {"accepted":0,"event":"result","failures":[],"max_held_bytes":0,"max_movement_bytes":0,"ok":true,"reason":"HOST_LOST","rejected":{},"role":"client","time_ms":22390,"wall_ms":1791532999038.0}
