Godot Engine v4.8.dev7.official.c971f93e7 - https://godotengine.org

S03R {"can_draw":false,"display":"headless","engine":"4.8-dev7 (official)","event":"start","pid":195290,"profile":"adverse","renderer":"forward_plus","role":"client","time_ms":2186,"user_dir":"/tmp/s03-r-headless-technical/adverse/client/user/data/godot/app_userdata/Fun Things","wall_ms":1791410967691.38,"window_mode":1,"window_visible":true}
S03R {"entity":2,"event":"apply","pose":{"control":1,"durable":2,"entity":2,"position":[6.0,0.00100000004749745,14.0],"receipt_ms":2173,"sequence":0,"tick":125,"velocity":[0.0,0.0,0.0],"yaw":0.0},"position":[6.0,0.00100000004749745,14.0],"time_ms":2187,"wall_ms":1791410967691.47,"yaw":0.0}
S03R {"event":"input","index":1,"move":1.0,"position":[6.0,0.00100000004749745,14.0],"role":"client","sequence_floor":1,"tick":1,"time_ms":2207,"turn":0.0,"wall_ms":1791410967712.14,"yaw":0.0}
S03R {"event":"keys","move":1.0,"role":"client","tick":1,"time_ms":2207,"turn":0.0,"wall_ms":1791410967712.16}
S03R {"event":"keys","move":0.0,"role":"client","tick":12,"time_ms":2387,"turn":0.0,"wall_ms":1791410967891.55}
S03R {"entity":1,"event":"apply","pose":{"control":1,"durable":2,"entity":1,"position":[0.0,0.00100011611357331,6.0],"receipt_ms":2408,"sequence":0,"tick":144,"velocity":[0.0,0.0,0.0],"yaw":0.0},"position":[0.0,0.00100011611357331,6.0],"time_ms":2421,"wall_ms":1791410967926.05,"yaw":0.0}
S03R {"entity":2,"event":"apply","pose":{"control":1,"durable":2,"entity":2,"position":[6.0,0.00100005290005356,14.0],"receipt_ms":2408,"sequence":0,"tick":144,"velocity":[0.0,0.0,0.0],"yaw":0.0},"position":[6.0,0.00100005290005356,14.0],"time_ms":2421,"wall_ms":1791410967926.09,"yaw":0.0}
S03R {"entity":1,"event":"apply","pose":{"control":1,"durable":2,"entity":1,"position":[0.0,0.00100011611357331,6.0],"receipt_ms":2483,"sequence":2,"tick":147,"velocity":[0.0,0.0,0.0],"yaw":0.0},"position":[0.0,0.00100011611357331,6.0],"time_ms":2490,"wall_ms":1791410967995.08,"yaw":0.0}
S03R {"entity":2,"event":"apply","pose":{"control":1,"durable":2,"entity":2,"position":[6.0,0.00100005290005356,13.8333339691162],"receipt_ms":2483,"sequence":2,"tick":147,"velocity":[0.0,0.0,-5.0],"yaw":0.0},"position":[6.0,0.00100005290005356,13.8333339691162],"time_ms":2490,"wall_ms":1791410967995.14,"yaw":0.0}
S03R {"entity":1,"event":"apply","pose":{"control":1,"durable":2,"entity":1,"position":[0.0,0.00100011611357331,6.0],"receipt_ms":2552,"sequence":3,"tick":150,"velocity":[0.0,0.0,0.0],"yaw":0.0},"position":[0.0,0.00100011611357331,6.0],"time_ms":2559,"wall_ms":1791410968064.07,"yaw":0.0}
S03R {"entity":2,"event":"apply","pose":{"control":1,"durable":2,"entity":2,"position":[6.0,0.00100005290005356,13.5833349227905],"receipt_ms":2552,"sequence":2,"tick":150,"velocity":[0.0,0.0,-5.0],"yaw":0.0},"position":[6.0,0.00100005290005356,13.5833349227905],"time_ms":2559,"wall_ms":1791410968064.12,"yaw":0.0}
S03R {"entity":1,"event":"apply","pose":{"control":1,"durable":2,"entity":1,"position":[0.0,0.00100011611357331,6.0],"receipt_ms":2608,"sequence":5,"tick":153,"velocity":[0.0,0.0,0.0],"yaw":0.0},"position":[0.0,0.00100011611357331,6.0],"time_ms":2621,"wall_ms":1791410968126.18,"yaw":0.0}
S03R {"entity":2,"event":"apply","pose":{"control":1,"durable":2,"entity":2,"position":[6.0,0.00100005290005356,13.3333358764648],"receipt_ms":2608,"sequence":5,"tick":153,"velocity":[0.0,0.0,-5.0],"yaw":0.0},"position":[6.0,0.00100005290005356,13.3333358764648],"time_ms":2621,"wall_ms":1791410968126.24,"yaw":0.0}
S03R {"event":"input","index":2,"move":0.0,"position":[6.0,0.00100005290005356,13.3333358764648],"role":"client","sequence_floor":15,"tick":30,"time_ms":2690,"turn":1.0,"wall_ms":1791410968195.18,"yaw":0.0}
S03R {"event":"keys","move":0.0,"role":"client","tick":30,"time_ms":2690,"turn":1.0,"wall_ms":1791410968195.22}
S03R {"entity":1,"event":"apply","pose":{"control":1,"durable":2,"entity":1,"position":[0.0,0.00100011611357331,6.0],"receipt_ms":2801,"sequence":12,"tick":168,"velocity":[0.0,0.0,0.0],"yaw":0.0},"position":[0.0,0.00100011611357331,6.0],"time_ms":2808,"wall_ms":1791410968312.44,"yaw":0.0}
S03R {"entity":2,"event":"apply","pose":{"control":1,"durable":2,"entity":2,"position":[6.0,0.00100005290005356,13.0000038146973],"receipt_ms":2801,"sequence":11,"tick":168,"velocity":[0.0,0.0,0.0],"yaw":0.0},"position":[6.0,0.00100005290005356,13.0000038146973],"time_ms":2808,"wall_ms":1791410968312.51,"yaw":0.0}
S03R {"event":"keys","move":0.0,"role":"client","tick":42,"time_ms":2890,"turn":0.0,"wall_ms":1791410968395.26}
S03R {"entity":1,"event":"apply","pose":{"control":1,"durable":2,"entity":1,"position":[0.0,0.00100011611357331,6.0],"receipt_ms":3001,"sequence":17,"tick":177,"velocity":[0.0,0.0,0.0],"yaw":0.0},"position":[0.0,0.00100011611357331,6.0],"time_ms":3008,"wall_ms":1791410968512.52,"yaw":0.0}
S03R {"entity":2,"event":"apply","pose":{"control":1,"durable":2,"entity":2,"position":[6.0,0.00100005290005356,13.0000038146973],"receipt_ms":3001,"sequence":15,"tick":177,"velocity":[0.0,0.0,0.0],"yaw":-0.104719750583172},"position":[6.0,0.00100005290005356,13.0000038146973],"time_ms":3008,"wall_ms":1791410968512.56,"yaw":-0.104719750583172}
S03R {"entity":1,"event":"apply","pose":{"control":1,"durable":2,"entity":1,"position":[0.0,0.00100011611357331,6.0],"receipt_ms":3056,"sequence":18,"tick":180,"velocity":[0.0,0.0,0.0],"yaw":0.0},"position":[0.0,0.00100011611357331,6.0],"time_ms":3077,"wall_ms":1791410968581.54,"yaw":0.0}
S03R {"entity":2,"event":"apply","pose":{"control":1,"durable":2,"entity":2,"position":[6.0,0.00100005290005356,13.0000038146973],"receipt_ms":3056,"sequence":18,"tick":180,"velocity":[0.0,0.0,0.0],"yaw":-0.261799365282059},"position":[6.0,0.00100005290005356,13.0000038146973],"time_ms":3077,"wall_ms":1791410968581.61,"yaw":-0.261799365282059}
S03R {"entity":1,"event":"apply","pose":{"control":1,"durable":2,"entity":1,"position":[0.0,0.00100011611357331,6.0],"receipt_ms":3084,"sequence":20,"tick":183,"velocity":[0.0,0.0,0.0],"yaw":0.0},"position":[0.0,0.00100011611357331,6.0],"time_ms":3090,"wall_ms":1791410968595.4,"yaw":0.0}
S03R {"entity":2,"event":"apply","pose":{"control":1,"durable":2,"entity":2,"position":[6.0,0.00100005290005356,13.0000038146973],"receipt_ms":3084,"sequence":19,"tick":183,"velocity":[0.0,0.0,0.0],"yaw":-0.418878972530365},"position":[6.0,0.00100005290005356,13.0000038146973],"time_ms":3091,"wall_ms":1791410968595.46,"yaw":-0.418878972530365}
S03R {"event":"input","index":3,"move":1.0,"position":[6.0,0.00100005290005356,13.0000038146973],"role":"client","sequence_floor":30,"tick":60,"time_ms":3187,"turn":0.0,"wall_ms":1791410968691.99,"yaw":-0.418878972530365}
S03R {"event":"keys","move":1.0,"role":"client","tick":60,"time_ms":3187,"turn":0.0,"wall_ms":1791410968692.03}
S03R {"entity":1,"event":"apply","pose":{"control":1,"durable":2,"entity":1,"position":[0.0,0.00100011611357331,6.0],"receipt_ms":3180,"sequence":21,"tick":186,"velocity":[0.0,0.0,0.0],"yaw":0.0},"position":[0.0,0.00100011611357331,6.0],"time_ms":3187,"wall_ms":1791410968692.11,"yaw":0.0}
S03R {"entity":2,"event":"apply","pose":{"control":1,"durable":2,"entity":2,"position":[6.0,0.00100005290005356,13.0000038146973],"receipt_ms":3180,"sequence":20,"tick":186,"velocity":[0.0,0.0,0.0],"yaw":-0.575958609580994},"position":[6.0,0.00100005290005356,13.0000038146973],"time_ms":3187,"wall_ms":1791410968692.15,"yaw":-0.575958609580994}
S03R {"entity":1,"event":"apply","pose":{"control":1,"durable":2,"entity":1,"position":[0.0,0.00100011611357331,6.0],"receipt_ms":3201,"sequence":23,"tick":189,"velocity":[0.0,0.0,0.0],"yaw":0.0},"position":[0.0,0.00100011611357331,6.0],"time_ms":3208,"wall_ms":1791410968712.65,"yaw":0.0}
S03R {"entity":2,"event":"apply","pose":{"control":1,"durable":2,"entity":2,"position":[6.0,0.00100005290005356,13.0000038146973],"receipt_ms":3201,"sequence":24,"tick":189,"velocity":[0.0,0.0,0.0],"yaw":-0.575958609580994},"position":[6.0,0.00100005290005356,13.0000038146973],"time_ms":3208,"wall_ms":1791410968712.71,"yaw":-0.575958609580994}
S03R {"entity":1,"event":"apply","pose":{"control":1,"durable":2,"entity":1,"position":[0.0,0.00100011611357331,6.0],"receipt_ms":3215,"sequence":24,"tick":192,"velocity":[0.0,0.0,0.0],"yaw":0.0},"position":[0.0,0.00100011611357331,6.0],"time_ms":3222,"wall_ms":1791410968726.49,"yaw":0.0}
S03R {"entity":2,"event":"apply","pose":{"control":1,"durable":2,"entity":2,"position":[6.0,0.00100005290005356,13.0000038146973],"receipt_ms":3215,"sequence":24,"tick":192,"velocity":[0.0,0.0,0.0],"yaw":-0.575958609580994},"position":[6.0,0.00100005290005356,13.0000038146973],"time_ms":3222,"wall_ms":1791410968726.56,"yaw":-0.575958609580994}
S03R {"entity":1,"event":"apply","pose":{"control":1,"durable":2,"entity":1,"position":[0.0,0.00100011611357331,6.0],"receipt_ms":3291,"sequence":26,"tick":195,"velocity":[0.0,0.0,0.0],"yaw":0.0},"position":[0.0,0.00100011611357331,6.0],"time_ms":3304,"wall_ms":1791410968809.23,"yaw":0.0}
S03R {"entity":2,"event":"apply","pose":{"control":1,"durable":2,"entity":2,"position":[6.0,0.00100005290005356,13.0000038146973],"receipt_ms":3291,"sequence":26,"tick":195,"velocity":[0.0,0.0,0.0],"yaw":-0.575958609580994},"position":[6.0,0.00100005290005356,13.0000038146973],"time_ms":3304,"wall_ms":1791410968809.26,"yaw":-0.575958609580994}
S03R {"entity":1,"event":"apply","pose":{"control":1,"durable":2,"entity":1,"position":[0.0,0.00100011611357331,6.0],"receipt_ms":3353,"sequence":27,"tick":198,"velocity":[0.0,0.0,0.0],"yaw":0.0},"position":[0.0,0.00100011611357331,6.0],"time_ms":3360,"wall_ms":1791410968864.45,"yaw":0.0}
S03R {"entity":2,"event":"apply","pose":{"control":1,"durable":2,"entity":2,"position":[6.0,0.00100005290005356,13.0000038146973],"receipt_ms":3353,"sequence":26,"tick":198,"velocity":[0.0,0.0,0.0],"yaw":-0.575958609580994},"position":[6.0,0.00100005290005356,13.0000038146973],"time_ms":3360,"wall_ms":1791410968864.48,"yaw":-0.575958609580994}
S03R {"entity":1,"event":"apply","pose":{"control":1,"durable":2,"entity":1,"position":[0.0,0.00100011611357331,6.0],"receipt_ms":3366,"sequence":29,"tick":201,"velocity":[0.0,0.0,0.0],"yaw":0.0},"position":[0.0,0.00100011611357331,6.0],"time_ms":3373,"wall_ms":1791410968878.25,"yaw":0.0}
S03R {"entity":2,"event":"apply","pose":{"control":1,"durable":2,"entity":2,"position":[6.0,0.00100005290005356,13.0000038146973],"receipt_ms":3366,"sequence":28,"tick":201,"velocity":[0.0,0.0,0.0],"yaw":-0.575958609580994},"position":[6.0,0.00100005290005356,13.0000038146973],"time_ms":3373,"wall_ms":1791410968878.3,"yaw":-0.575958609580994}
S03R {"event":"keys","move":0.0,"role":"client","tick":72,"time_ms":3387,"turn":0.0,"wall_ms":1791410968892.08}
S03R {"entity":1,"event":"apply","pose":{"control":1,"durable":2,"entity":1,"position":[0.0,0.00100011611357331,6.0],"receipt_ms":3435,"sequence":30,"tick":204,"velocity":[0.0,0.0,0.0],"yaw":0.0},"position":[0.0,0.00100011611357331,6.0],"time_ms":3442,"wall_ms":1791410968947.25,"yaw":0.0}
S03R {"entity":2,"event":"apply","pose":{"control":1,"durable":2,"entity":2,"position":[6.0,0.00100005290005356,13.0000038146973],"receipt_ms":3435,"sequence":29,"tick":204,"velocity":[0.0,0.0,0.0],"yaw":-0.575958609580994},"position":[6.0,0.00100005290005356,13.0000038146973],"time_ms":3442,"wall_ms":1791410968947.31,"yaw":-0.575958609580994}
S03R {"entity":1,"event":"apply","pose":{"control":1,"durable":2,"entity":1,"position":[0.0,0.00100011611357331,6.0],"receipt_ms":3463,"sequence":32,"tick":207,"velocity":[0.0,0.0,0.0],"yaw":0.0},"position":[0.0,0.00100011611357331,6.0],"time_ms":3470,"wall_ms":1791410968974.92,"yaw":0.0}
S03R {"entity":2,"event":"apply","pose":{"control":1,"durable":2,"entity":2,"position":[6.04538679122925,0.00100005290005356,12.9301147460938],"receipt_ms":3463,"sequence":30,"tick":207,"velocity":[2.72319459915161,0.0,-4.19335269927979],"yaw":-0.575958609580994},"position":[6.04538679122925,0.00100005290005356,12.9301147460938],"time_ms":3470,"wall_ms":1791410968975.01,"yaw":-0.575958609580994}
S03R {"entity":1,"event":"apply","pose":{"control":1,"durable":2,"entity":1,"position":[0.0,0.00100011611357331,6.0],"receipt_ms":3511,"sequence":33,"tick":210,"velocity":[0.0,0.0,0.0],"yaw":0.0},"position":[0.0,0.00100011611357331,6.0],"time_ms":3525,"wall_ms":1791410969030.14,"yaw":0.0}
S03R {"entity":2,"event":"apply","pose":{"control":1,"durable":2,"entity":2,"position":[6.18154716491699,0.00100005290005356,12.7204475402832],"receipt_ms":3511,"sequence":33,"tick":210,"velocity":[2.72319459915161,0.0,-4.19335269927979],"yaw":-0.575958609580994},"position":[6.18154716491699,0.00100005290005356,12.7204475402832],"time_ms":3525,"wall_ms":1791410969030.21,"yaw":-0.575958609580994}
S03R {"entity":1,"event":"apply","pose":{"control":1,"durable":2,"entity":1,"position":[0.0,0.00100011611357331,6.0],"receipt_ms":3636,"sequence":35,"tick":213,"velocity":[0.0,0.0,0.0],"yaw":0.0},"position":[0.0,0.00100011611357331,6.0],"time_ms":3643,"wall_ms":1791410969147.43,"yaw":0.0}
S03R {"entity":2,"event":"apply","pose":{"control":1,"durable":2,"entity":2,"position":[6.31770753860474,0.00100005290005356,12.5107803344727],"receipt_ms":3636,"sequence":33,"tick":213,"velocity":[2.72319459915161,0.0,-4.19335269927979],"yaw":-0.575958609580994},"position":[6.31770753860474,0.00100005290005356,12.5107803344727],"time_ms":3643,"wall_ms":1791410969147.53,"yaw":-0.575958609580994}
S03R {"event":"input","index":4,"move":0.0,"position":[6.31770753860474,0.00100005290005356,12.5107803344727],"role":"client","sequence_floor":45,"tick":90,"time_ms":3691,"turn":-1.0,"wall_ms":1791410969195.71,"yaw":-0.575958609580994}
S03R {"event":"keys","move":0.0,"role":"client","tick":90,"time_ms":3691,"turn":-1.0,"wall_ms":1791410969195.76}
S03R {"entity":1,"event":"apply","pose":{"control":1,"durable":2,"entity":1,"position":[0.0,0.00100011611357331,6.0],"receipt_ms":3691,"sequence":36,"tick":216,"velocity":[0.0,0.0,0.0],"yaw":0.0},"position":[0.0,0.00100011611357331,6.0],"time_ms":3705,"wall_ms":1791410969209.5,"yaw":0.0}
S03R {"entity":2,"event":"apply","pose":{"control":1,"durable":2,"entity":2,"position":[6.45386791229248,0.00100005290005356,12.3011131286621],"receipt_ms":3691,"sequence":35,"tick":216,"velocity":[2.72319459915161,0.0,-4.19335269927979],"yaw":-0.575958609580994},"position":[6.45386791229248,0.00100005290005356,12.3011131286621],"time_ms":3705,"wall_ms":1791410969209.57,"yaw":-0.575958609580994}
S03R {"entity":1,"event":"apply","pose":{"control":1,"durable":2,"entity":1,"position":[0.0,0.00100011611357331,6.0],"receipt_ms":3718,"sequence":38,"tick":219,"velocity":[0.0,0.0,0.0],"yaw":0.0},"position":[0.0,0.00100011611357331,6.0],"time_ms":3725,"wall_ms":1791410969230.22,"yaw":0.0}
S03R {"entity":2,"event":"apply","pose":{"control":1,"durable":2,"entity":2,"position":[6.45386791229248,0.00100005290005356,12.3011131286621],"receipt_ms":3718,"sequence":38,"tick":219,"velocity":[0.0,0.0,0.0],"yaw":-0.575958609580994},"position":[6.45386791229248,0.00100005290005356,12.3011131286621],"time_ms":3725,"wall_ms":1791410969230.28,"yaw":-0.575958609580994}
S03R {"entity":1,"event":"apply","pose":{"control":1,"durable":2,"entity":1,"position":[0.0,0.00100011611357331,6.0],"receipt_ms":3760,"sequence":39,"tick":222,"velocity":[0.0,0.0,0.0],"yaw":0.0},"position":[0.0,0.00100011611357331,6.0],"time_ms":3774,"wall_ms":1791410969278.46,"yaw":0.0}
S03R {"entity":2,"event":"apply","pose":{"control":1,"durable":2,"entity":2,"position":[6.45386791229248,0.00100005290005356,12.3011131286621],"receipt_ms":3760,"sequence":38,"tick":222,"velocity":[0.0,0.0,0.0],"yaw":-0.575958609580994},"position":[6.45386791229248,0.00100005290005356,12.3011131286621],"time_ms":3774,"wall_ms":1791410969278.52,"yaw":-0.575958609580994}
S03R {"entity":1,"event":"apply","pose":{"control":1,"durable":2,"entity":1,"position":[0.0,0.00100011611357331,6.0],"receipt_ms":3808,"sequence":41,"tick":225,"velocity":[0.0,0.0,0.0],"yaw":0.0},"position":[0.0,0.00100011611357331,6.0],"time_ms":3822,"wall_ms":1791410969326.77,"yaw":0.0}
S03R {"entity":2,"event":"apply","pose":{"control":1,"durable":2,"entity":2,"position":[6.45386791229248,0.00100005290005356,12.3011131286621],"receipt_ms":3809,"sequence":40,"tick":225,"velocity":[0.0,0.0,0.0],"yaw":-0.575958609580994},"position":[6.45386791229248,0.00100005290005356,12.3011131286621],"time_ms":3822,"wall_ms":1791410969326.81,"yaw":-0.575958609580994}
S03R {"entity":1,"event":"apply","pose":{"control":1,"durable":2,"entity":1,"position":[0.0,0.00100011611357331,6.0],"receipt_ms":3863,"sequence":44,"tick":231,"velocity":[0.0,0.0,0.0],"yaw":0.0},"position":[0.0,0.00100011611357331,6.0],"time_ms":3870,"wall_ms":1791410969375.09,"yaw":0.0}
S03R {"entity":2,"event":"apply","pose":{"control":1,"durable":2,"entity":2,"position":[6.45386791229248,0.00100005290005356,12.3011131286621],"receipt_ms":3863,"sequence":43,"tick":231,"velocity":[0.0,0.0,0.0],"yaw":-0.575958609580994},"position":[6.45386791229248,0.00100005290005356,12.3011131286621],"time_ms":3870,"wall_ms":1791410969375.16,"yaw":-0.575958609580994}
S03R {"event":"keys","move":0.0,"role":"client","tick":102,"time_ms":3891,"turn":0.0,"wall_ms":1791410969395.82}
S03R {"entity":1,"event":"apply","pose":{"control":1,"durable":2,"entity":1,"position":[0.0,0.00100011611357331,6.0],"receipt_ms":3988,"sequence":47,"tick":237,"velocity":[0.0,0.0,0.0],"yaw":0.0},"position":[0.0,0.00100011611357331,6.0],"time_ms":4008,"wall_ms":1791410969513.08,"yaw":0.0}
S03R {"entity":2,"event":"apply","pose":{"control":1,"durable":2,"entity":2,"position":[6.45386791229248,0.00100005290005356,12.3011131286621],"receipt_ms":3988,"sequence":46,"tick":237,"velocity":[0.0,0.0,0.0],"yaw":-0.314159214496613},"position":[6.45386791229248,0.00100005290005356,12.3011131286621],"time_ms":4008,"wall_ms":1791410969513.14,"yaw":-0.314159214496613}
S03R {"entity":1,"event":"apply","pose":{"control":1,"durable":2,"entity":1,"position":[0.0,0.00100011611357331,6.0],"receipt_ms":4043,"sequence":48,"tick":240,"velocity":[0.0,0.0,0.0],"yaw":0.0},"position":[0.0,0.00100011611357331,6.0],"time_ms":4056,"wall_ms":1791410969561.43,"yaw":0.0}
S03R {"entity":2,"event":"apply","pose":{"control":1,"durable":2,"entity":2,"position":[6.45386791229248,0.00100005290005356,12.3011131286621],"receipt_ms":4043,"sequence":48,"tick":240,"velocity":[0.0,0.0,0.0],"yaw":-0.157079547643661},"position":[6.45386791229248,0.00100005290005356,12.3011131286621],"time_ms":4057,"wall_ms":1791410969561.48,"yaw":-0.157079547643661}
S03R {"entity":1,"event":"apply","pose":{"control":1,"durable":2,"entity":1,"position":[0.0,0.00100011611357331,6.0],"receipt_ms":4119,"sequence":50,"tick":243,"velocity":[0.0,0.0,0.0],"yaw":0.0},"position":[0.0,0.00100011611357331,6.0],"time_ms":4125,"wall_ms":1791410969630.42,"yaw":0.0}
S03R {"entity":2,"event":"apply","pose":{"control":1,"durable":2,"entity":2,"position":[6.45386791229248,0.00100005290005356,12.3011131286621],"receipt_ms":4119,"sequence":49,"tick":243,"velocity":[0.0,0.0,0.0],"yaw":0.000000084224630825247},"position":[6.45386791229248,0.00100005290005356,12.3011131286621],"time_ms":4126,"wall_ms":1791410969630.48,"yaw":0.000000084224630825247}
S03R {"entity":1,"event":"apply","pose":{"control":1,"durable":2,"entity":1,"position":[0.0,0.00100011611357331,6.0],"receipt_ms":4126,"sequence":51,"tick":246,"velocity":[0.0,0.0,0.0],"yaw":0.0},"position":[0.0,0.00100011611357331,6.0],"time_ms":4139,"wall_ms":1791410969644.17,"yaw":0.0}
S03R {"entity":2,"event":"apply","pose":{"control":1,"durable":2,"entity":2,"position":[6.45386791229248,0.00100005290005356,12.3011131286621],"receipt_ms":4126,"sequence":50,"tick":246,"velocity":[0.0,0.0,0.0],"yaw":0.157079696655273},"position":[6.45386791229248,0.00100005290005356,12.3011131286621],"time_ms":4139,"wall_ms":1791410969644.23,"yaw":0.157079696655273}
S03R {"event":"input","index":5,"move":1.0,"position":[6.45386791229248,0.00100005290005356,12.3011131286621],"role":"client","sequence_floor":60,"tick":120,"time_ms":4188,"turn":0.0,"wall_ms":1791410969692.5,"yaw":0.157079696655273}
S03R {"event":"keys","move":1.0,"role":"client","tick":120,"time_ms":4188,"turn":0.0,"wall_ms":1791410969692.54}
S03R {"entity":1,"event":"apply","pose":{"control":1,"durable":2,"entity":1,"position":[0.0,0.00100011611357331,6.0],"receipt_ms":4174,"sequence":53,"tick":249,"velocity":[0.0,0.0,0.0],"yaw":0.0},"position":[0.0,0.00100011611357331,6.0],"time_ms":4188,"wall_ms":1791410969692.62,"yaw":0.0}
S03R {"entity":2,"event":"apply","pose":{"control":1,"durable":2,"entity":2,"position":[6.45386791229248,0.00100005290005356,12.3011131286621],"receipt_ms":4174,"sequence":53,"tick":249,"velocity":[0.0,0.0,0.0],"yaw":0.157079666852951},"position":[6.45386791229248,0.00100005290005356,12.3011131286621],"time_ms":4188,"wall_ms":1791410969692.67,"yaw":0.157079666852951}
S03R {"entity":1,"event":"apply","pose":{"control":1,"durable":2,"entity":1,"position":[0.0,0.00100011611357331,6.0],"receipt_ms":4250,"sequence":54,"tick":252,"velocity":[0.0,0.0,0.0],"yaw":0.0},"position":[0.0,0.00100011611357331,6.0],"time_ms":4257,"wall_ms":1791410969761.52,"yaw":0.0}
S03R {"entity":2,"event":"apply","pose":{"control":1,"durable":2,"entity":2,"position":[6.45386791229248,0.00100005290005356,12.3011131286621],"receipt_ms":4250,"sequence":53,"tick":252,"velocity":[0.0,0.0,0.0],"yaw":0.157079622149467},"position":[6.45386791229248,0.00100005290005356,12.3011131286621],"time_ms":4257,"wall_ms":1791410969761.58,"yaw":0.157079622149467}
S03R {"entity":1,"event":"apply","pose":{"control":1,"durable":2,"entity":1,"position":[0.0,0.00100011611357331,6.0],"receipt_ms":4298,"sequence":56,"tick":255,"velocity":[0.0,0.0,0.0],"yaw":0.0},"position":[0.0,0.00100011611357331,6.0],"time_ms":4305,"wall_ms":1791410969809.76,"yaw":0.0}
S03R {"entity":2,"event":"apply","pose":{"control":1,"durable":2,"entity":2,"position":[6.45386791229248,0.00100005290005356,12.3011131286621],"receipt_ms":4298,"sequence":55,"tick":255,"velocity":[0.0,0.0,0.0],"yaw":0.157079577445984},"position":[6.45386791229248,0.00100005290005356,12.3011131286621],"time_ms":4305,"wall_ms":1791410969809.82,"yaw":0.157079577445984}
S03R {"event":"keys","move":0.0,"role":"client","tick":132,"time_ms":4388,"turn":0.0,"wall_ms":1791410969892.6}
S03R {"entity":1,"event":"apply","pose":{"control":1,"durable":2,"entity":1,"position":[0.0,0.00100011611357331,6.0],"receipt_ms":4374,"sequence":59,"tick":261,"velocity":[0.0,0.0,0.0],"yaw":0.0},"position":[0.0,0.00100011611357331,6.0],"time_ms":4388,"wall_ms":1791410969892.7,"yaw":0.0}
S03R {"entity":2,"event":"apply","pose":{"control":1,"durable":2,"entity":2,"position":[6.45386791229248,0.00100005290005356,12.3011131286621],"receipt_ms":4374,"sequence":59,"tick":261,"velocity":[0.0,0.0,0.0],"yaw":0.157079488039017},"position":[6.45386791229248,0.00100005290005356,12.3011131286621],"time_ms":4388,"wall_ms":1791410969892.75,"yaw":0.157079488039017}
S03R {"entity":1,"event":"apply","pose":{"control":1,"durable":2,"entity":1,"position":[0.0,0.00100011611357331,6.10000038146973],"receipt_ms":4423,"sequence":60,"tick":264,"velocity":[0.0,0.0,3.0],"yaw":0.0},"position":[0.0,0.00100011611357331,6.10000038146973],"time_ms":4443,"wall_ms":1791410969947.77,"yaw":0.0}
S03R {"entity":2,"event":"apply","pose":{"control":1,"durable":2,"entity":2,"position":[6.45386791229248,0.00100005290005356,12.3011131286621],"receipt_ms":4423,"sequence":59,"tick":264,"velocity":[0.0,0.0,0.0],"yaw":0.157079458236694},"position":[6.45386791229248,0.00100005290005356,12.3011131286621],"time_ms":4443,"wall_ms":1791410969947.83,"yaw":0.157079458236694}
S03R {"entity":1,"event":"apply","pose":{"control":1,"durable":2,"entity":1,"position":[0.0,0.00100011611357331,6.25000095367432],"receipt_ms":4464,"sequence":62,"tick":267,"velocity":[0.0,0.0,3.0],"yaw":0.0},"position":[0.0,0.00100011611357331,6.25000095367432],"time_ms":4470,"wall_ms":1791410969975.38,"yaw":0.0}
S03R {"entity":2,"event":"apply","pose":{"control":1,"durable":2,"entity":2,"position":[6.42779541015625,0.00100005290005356,12.1364974975586],"receipt_ms":4464,"sequence":62,"tick":267,"velocity":[-0.782171189785004,0.0,-4.93843984603882],"yaw":0.157079458236694},"position":[6.42779541015625,0.00100005290005356,12.1364974975586],"time_ms":4470,"wall_ms":1791410969975.44,"yaw":0.157079458236694}
S03R {"entity":1,"event":"apply","pose":{"control":1,"durable":2,"entity":1,"position":[0.0,0.00100011611357331,6.40000152587891],"receipt_ms":4519,"sequence":63,"tick":270,"velocity":[0.0,0.0,3.0],"yaw":0.0},"position":[0.0,0.00100011611357331,6.40000152587891],"time_ms":4526,"wall_ms":1791410970030.62,"yaw":0.0}
S03R {"entity":2,"event":"apply","pose":{"control":1,"durable":2,"entity":2,"position":[6.3886866569519,0.00100005290005356,11.8895740509033],"receipt_ms":4519,"sequence":62,"tick":270,"velocity":[-0.782171189785004,0.0,-4.93843984603882],"yaw":0.157079458236694},"position":[6.3886866569519,0.00100005290005356,11.8895740509033],"time_ms":4526,"wall_ms":1791410970030.68,"yaw":0.157079458236694}
S03R {"entity":1,"event":"apply","pose":{"control":1,"durable":2,"entity":1,"position":[0.0,0.00100011611357331,6.5500020980835],"receipt_ms":4602,"sequence":65,"tick":273,"velocity":[0.0,0.0,3.0],"yaw":0.0},"position":[0.0,0.00100011611357331,6.5500020980835],"time_ms":4608,"wall_ms":1791410970113.38,"yaw":0.0}
S03R {"entity":2,"event":"apply","pose":{"control":1,"durable":2,"entity":2,"position":[6.34957790374756,0.00100005290005356,11.642650604248],"receipt_ms":4602,"sequence":63,"tick":273,"velocity":[-0.782171189785004,0.0,-4.93843984603882],"yaw":0.157079458236694},"position":[6.34957790374756,0.00100005290005356,11.642650604248],"time_ms":4608,"wall_ms":1791410970113.42,"yaw":0.157079458236694}
S03R {"entity":1,"event":"apply","pose":{"control":1,"durable":2,"entity":1,"position":[0.0,0.00100011611357331,6.70000267028809],"receipt_ms":4650,"sequence":66,"tick":276,"velocity":[0.0,0.0,3.0],"yaw":0.0},"position":[0.0,0.00100011611357331,6.70000267028809],"time_ms":4657,"wall_ms":1791410970161.75,"yaw":0.0}
S03R {"entity":2,"event":"apply","pose":{"control":1,"durable":2,"entity":2,"position":[6.32350540161133,0.00100005290005356,11.4780349731445],"receipt_ms":4650,"sequence":67,"tick":276,"velocity":[0.0,0.0,0.0],"yaw":0.157079458236694},"position":[6.32350540161133,0.00100005290005356,11.4780349731445],"time_ms":4657,"wall_ms":1791410970161.82,"yaw":0.157079458236694}
S03R {"event":"input","index":6,"move":0.0,"position":[6.32350540161133,0.00100005290005356,11.4780349731445],"role":"client","sequence_floor":75,"tick":150,"time_ms":4691,"turn":1.0,"wall_ms":1791410970196.22,"yaw":0.157079458236694}
S03R {"event":"keys","move":0.0,"role":"client","tick":150,"time_ms":4691,"turn":1.0,"wall_ms":1791410970196.26}
S03R {"entity":1,"event":"apply","pose":{"control":1,"durable":2,"entity":1,"position":[0.0,0.00100011611357331,6.85000324249268],"receipt_ms":4677,"sequence":68,"tick":279,"velocity":[0.0,0.0,3.0],"yaw":0.0},"position":[0.0,0.00100011611357331,6.85000324249268],"time_ms":4691,"wall_ms":1791410970196.35,"yaw":0.0}
S03R {"entity":2,"event":"apply","pose":{"control":1,"durable":2,"entity":2,"position":[6.32350540161133,0.00100005290005356,11.4780349731445],"receipt_ms":4677,"sequence":68,"tick":279,"velocity":[0.0,0.0,0.0],"yaw":0.157079458236694},"position":[6.32350540161133,0.00100005290005356,11.4780349731445],"time_ms":4691,"wall_ms":1791410970196.38,"yaw":0.157079458236694}
S03R {"entity":1,"event":"apply","pose":{"control":1,"durable":2,"entity":1,"position":[0.0,0.00100011611357331,7.00000381469727],"receipt_ms":4733,"sequence":69,"tick":282,"velocity":[0.0,0.0,3.0],"yaw":0.0},"position":[0.0,0.00100011611357331,7.00000381469727],"time_ms":4740,"wall_ms":1791410970244.52,"yaw":0.0}
S03R {"entity":2,"event":"apply","pose":{"control":1,"durable":2,"entity":2,"position":[6.32350540161133,0.00100005290005356,11.4780349731445],"receipt_ms":4733,"sequence":68,"tick":282,"velocity":[0.0,0.0,0.0],"yaw":0.157079458236694},"position":[6.32350540161133,0.00100005290005356,11.4780349731445],"time_ms":4740,"wall_ms":1791410970244.6,"yaw":0.157079458236694}
S03R {"entity":1,"event":"apply","pose":{"control":1,"durable":2,"entity":1,"position":[0.0,0.00100011611357331,7.30000495910645],"receipt_ms":4864,"sequence":72,"tick":288,"velocity":[0.0,0.0,3.0],"yaw":0.0},"position":[0.0,0.00100011611357331,7.30000495910645],"time_ms":4871,"wall_ms":1791410970375.59,"yaw":0.0}
S03R {"entity":2,"event":"apply","pose":{"control":1,"durable":2,"entity":2,"position":[6.32350540161133,0.00100005290005356,11.4780349731445],"receipt_ms":4864,"sequence":71,"tick":288,"velocity":[0.0,0.0,0.0],"yaw":0.157079458236694},"position":[6.32350540161133,0.00100005290005356,11.4780349731445],"time_ms":4871,"wall_ms":1791410970375.65,"yaw":0.157079458236694}
S03R {"event":"keys","move":0.0,"role":"client","tick":162,"time_ms":4891,"turn":0.0,"wall_ms":1791410970396.31}
S03R {"entity":1,"event":"apply","pose":{"control":1,"durable":2,"entity":1,"position":[0.0,0.00100011611357331,7.75000667572021],"receipt_ms":5002,"sequence":77,"tick":297,"velocity":[0.0,0.0,3.0],"yaw":0.0},"position":[0.0,0.00100011611357331,7.75000667572021],"time_ms":5009,"wall_ms":1791410970513.59,"yaw":0.0}
S03R {"entity":2,"event":"apply","pose":{"control":1,"durable":2,"entity":2,"position":[6.32350540161133,0.00100005290005356,11.4780349731445],"receipt_ms":5002,"sequence":77,"tick":297,"velocity":[0.0,0.0,0.0],"yaw":-0.157079815864563},"position":[6.32350540161133,0.00100005290005356,11.4780349731445],"time_ms":5009,"wall_ms":1791410970513.65,"yaw":-0.157079815864563}
S03R {"entity":1,"event":"apply","pose":{"control":1,"durable":2,"entity":1,"position":[0.0,0.00100011611357331,7.9000072479248],"receipt_ms":5044,"sequence":78,"tick":300,"velocity":[0.0,0.0,3.0],"yaw":0.0},"position":[0.0,0.00100011611357331,7.9000072479248],"time_ms":5057,"wall_ms":1791410970561.97,"yaw":0.0}
S03R {"entity":2,"event":"apply","pose":{"control":1,"durable":2,"entity":2,"position":[6.32350540161133,0.00100005290005356,11.4780349731445],"receipt_ms":5044,"sequence":77,"tick":300,"velocity":[0.0,0.0,0.0],"yaw":-0.314159482717514},"position":[6.32350540161133,0.00100005290005356,11.4780349731445],"time_ms":5057,"wall_ms":1791410970562.05,"yaw":-0.314159482717514}
S03R {"entity":1,"event":"apply","pose":{"control":1,"durable":2,"entity":1,"position":[0.0,0.00100011611357331,8.20000839233398],"receipt_ms":5160,"sequence":81,"tick":306,"velocity":[0.0,0.0,3.0],"yaw":0.0},"position":[0.0,0.00100011611357331,8.20000839233398],"time_ms":5174,"wall_ms":1791410970679.16,"yaw":0.0}
S03R {"entity":2,"event":"apply","pose":{"control":1,"durable":2,"entity":2,"position":[6.32350540161133,0.00100005290005356,11.4780349731445],"receipt_ms":5160,"sequence":81,"tick":306,"velocity":[0.0,0.0,0.0],"yaw":-0.523598968982697},"position":[6.32350540161133,0.00100005290005356,11.4780349731445],"time_ms":5174,"wall_ms":1791410970679.23,"yaw":-0.523598968982697}
S03R {"event":"input","index":7,"move":1.0,"position":[6.32350540161133,0.00100005290005356,11.4780349731445],"role":"client","sequence_floor":90,"tick":180,"time_ms":5188,"turn":0.0,"wall_ms":1791410970693.03,"yaw":-0.523598968982697}
S03R {"event":"keys","move":1.0,"role":"client","tick":180,"time_ms":5188,"turn":0.0,"wall_ms":1791410970693.07}
S03R {"entity":1,"event":"apply","pose":{"control":1,"durable":2,"entity":1,"position":[0.0,0.00100011611357331,8.35000896453857],"receipt_ms":5181,"sequence":83,"tick":309,"velocity":[0.0,0.0,3.0],"yaw":0.0},"position":[0.0,0.00100011611357331,8.35000896453857],"time_ms":5188,"wall_ms":1791410970693.15,"yaw":0.0}
S03R {"entity":2,"event":"apply","pose":{"control":1,"durable":2,"entity":2,"position":[6.32350540161133,0.00100005290005356,11.4780349731445],"receipt_ms":5181,"sequence":81,"tick":309,"velocity":[0.0,0.0,0.0],"yaw":-0.523598968982697},"position":[6.32350540161133,0.00100005290005356,11.4780349731445],"time_ms":5188,"wall_ms":1791410970693.2,"yaw":-0.523598968982697}
S03R {"entity":1,"event":"apply","pose":{"control":1,"durable":2,"entity":1,"position":[0.0,0.00100011611357331,8.50000953674316],"receipt_ms":5216,"sequence":84,"tick":312,"velocity":[0.0,0.0,3.0],"yaw":0.0},"position":[0.0,0.00100011611357331,8.50000953674316],"time_ms":5223,"wall_ms":1791410970727.53,"yaw":0.0}
S03R {"entity":2,"event":"apply","pose":{"control":1,"durable":2,"entity":2,"position":[6.32350540161133,0.00100005290005356,11.4780349731445],"receipt_ms":5216,"sequence":85,"tick":312,"velocity":[0.0,0.0,0.0],"yaw":-0.523598968982697},"position":[6.32350540161133,0.00100005290005356,11.4780349731445],"time_ms":5223,"wall_ms":1791410970727.59,"yaw":-0.523598968982697}
S03R {"entity":1,"event":"apply","pose":{"control":1,"durable":2,"entity":1,"position":[0.0,0.00100011611357331,8.80001068115234],"receipt_ms":5312,"sequence":87,"tick":318,"velocity":[0.0,0.0,3.0],"yaw":0.0},"position":[0.0,0.00100011611357331,8.80001068115234],"time_ms":5326,"wall_ms":1791410970831.12,"yaw":0.0}
S03R {"entity":2,"event":"apply","pose":{"control":1,"durable":2,"entity":2,"position":[6.32350540161133,0.00100005290005356,11.4780349731445],"receipt_ms":5312,"sequence":87,"tick":318,"velocity":[0.0,0.0,0.0],"yaw":-0.523598968982697},"position":[6.32350540161133,0.00100005290005356,11.4780349731445],"time_ms":5326,"wall_ms":1791410970831.18,"yaw":-0.523598968982697}
S03R {"event":"keys","move":0.0,"role":"client","tick":192,"time_ms":5388,"turn":0.0,"wall_ms":1791410970893.21}
S03R {"entity":1,"event":"apply","pose":{"control":1,"durable":2,"entity":1,"position":[0.0,0.00100011611357331,8.95001125335693],"receipt_ms":5375,"sequence":89,"tick":321,"velocity":[0.0,0.0,3.0],"yaw":0.0},"position":[0.0,0.00100011611357331,8.95001125335693],"time_ms":5389,"wall_ms":1791410970893.46,"yaw":0.0}
S03R {"entity":2,"event":"apply","pose":{"control":1,"durable":2,"entity":2,"position":[6.32350540161133,0.00100005290005356,11.4780349731445],"receipt_ms":5375,"sequence":87,"tick":321,"velocity":[0.0,0.0,0.0],"yaw":-0.523598968982697},"position":[6.32350540161133,0.00100005290005356,11.4780349731445],"time_ms":5389,"wall_ms":1791410970893.51,"yaw":-0.523598968982697}
S03R {"entity":1,"event":"apply","pose":{"control":1,"durable":2,"entity":1,"position":[0.0,0.00100011611357331,9.0000114440918],"receipt_ms":5430,"sequence":90,"tick":324,"velocity":[0.0,0.0,0.0],"yaw":0.0},"position":[0.0,0.00100011611357331,9.0000114440918],"time_ms":5443,"wall_ms":1791410970948.27,"yaw":0.0}
S03R {"entity":2,"event":"apply","pose":{"control":1,"durable":2,"entity":2,"position":[6.32350540161133,0.00100005290005356,11.4780349731445],"receipt_ms":5430,"sequence":89,"tick":324,"velocity":[0.0,0.0,0.0],"yaw":-0.523598968982697},"position":[6.32350540161133,0.00100005290005356,11.4780349731445],"time_ms":5443,"wall_ms":1791410970948.31,"yaw":-0.523598968982697}
S03R {"entity":1,"event":"apply","pose":{"control":1,"durable":2,"entity":1,"position":[0.0,0.00100011611357331,9.0000114440918],"receipt_ms":5492,"sequence":92,"tick":327,"velocity":[0.0,0.0,0.0],"yaw":0.0},"position":[0.0,0.00100011611357331,9.0000114440918],"time_ms":5505,"wall_ms":1791410971010.44,"yaw":0.0}
S03R {"entity":2,"event":"apply","pose":{"control":1,"durable":2,"entity":2,"position":[6.44850492477417,0.00100005290005356,11.2615299224854],"receipt_ms":5492,"sequence":92,"tick":327,"velocity":[2.49999952316284,0.0,-4.33012390136719],"yaw":-0.523598968982697},"position":[6.44850492477417,0.00100005290005356,11.2615299224854],"time_ms":5506,"wall_ms":1791410971010.52,"yaw":-0.523598968982697}
S03R {"entity":1,"event":"apply","pose":{"control":1,"durable":2,"entity":1,"position":[0.0,0.00100011611357331,9.0000114440918],"receipt_ms":5554,"sequence":93,"tick":330,"velocity":[0.0,0.0,0.0],"yaw":0.0},"position":[0.0,0.00100011611357331,9.0000114440918],"time_ms":5574,"wall_ms":1791410971079.41,"yaw":0.0}
S03R {"entity":2,"event":"apply","pose":{"control":1,"durable":2,"entity":2,"position":[6.57350444793701,0.00100005290005356,11.0450248718262],"receipt_ms":5554,"sequence":92,"tick":330,"velocity":[2.49999952316284,0.0,-4.33012390136719],"yaw":-0.523598968982697},"position":[6.57350444793701,0.00100005290005356,11.0450248718262],"time_ms":5574,"wall_ms":1791410971079.46,"yaw":-0.523598968982697}
S03R {"entity":1,"event":"apply","pose":{"control":1,"durable":2,"entity":1,"position":[0.0,0.00100011611357331,9.0000114440918],"receipt_ms":5595,"sequence":95,"tick":333,"velocity":[0.0,0.0,0.0],"yaw":0.0},"position":[0.0,0.00100011611357331,9.0000114440918],"time_ms":5609,"wall_ms":1791410971113.89,"yaw":0.0}
S03R {"entity":2,"event":"apply","pose":{"control":1,"durable":2,"entity":2,"position":[6.69850397109985,0.00100005290005356,10.828519821167],"receipt_ms":5595,"sequence":95,"tick":333,"velocity":[2.49999952316284,0.0,-4.33012390136719],"yaw":-0.523598968982697},"position":[6.69850397109985,0.00100005290005356,10.828519821167],"time_ms":5609,"wall_ms":1791410971113.93,"yaw":-0.523598968982697}
S03R {"entity":1,"event":"apply","pose":{"control":1,"durable":2,"entity":1,"position":[0.0,0.00100011611357331,9.0000114440918],"receipt_ms":5616,"sequence":96,"tick":336,"velocity":[0.0,0.0,0.0],"yaw":0.0},"position":[0.0,0.00100011611357331,9.0000114440918],"time_ms":5623,"wall_ms":1791410971127.77,"yaw":0.0}
S03R {"entity":2,"event":"apply","pose":{"control":1,"durable":2,"entity":2,"position":[6.7401704788208,0.00100005290005356,10.7563514709473],"receipt_ms":5616,"sequence":96,"tick":336,"velocity":[0.0,0.0,0.0],"yaw":-0.523598968982697},"position":[6.7401704788208,0.00100005290005356,10.7563514709473],"time_ms":5623,"wall_ms":1791410971127.84,"yaw":-0.523598968982697}
S03R {"event":"input","index":8,"move":0.0,"position":[6.7401704788208,0.00100005290005356,10.7563514709473],"role":"client","sequence_floor":105,"tick":210,"time_ms":5692,"turn":-1.0,"wall_ms":1791410971196.73,"yaw":-0.523598968982697}
S03R {"event":"keys","move":0.0,"role":"client","tick":210,"time_ms":5692,"turn":-1.0,"wall_ms":1791410971196.77}
S03R {"entity":1,"event":"apply","pose":{"control":1,"durable":2,"entity":1,"position":[0.0,0.00100011611357331,9.0000114440918],"receipt_ms":5727,"sequence":99,"tick":342,"velocity":[0.0,0.0,0.0],"yaw":0.0},"position":[0.0,0.00100011611357331,9.0000114440918],"time_ms":5740,"wall_ms":1791410971245.02,"yaw":0.0}
S03R {"entity":2,"event":"apply","pose":{"control":1,"durable":2,"entity":2,"position":[6.7401704788208,0.00100005290005356,10.7563514709473],"receipt_ms":5727,"sequence":98,"tick":342,"velocity":[0.0,0.0,0.0],"yaw":-0.523598968982697},"position":[6.7401704788208,0.00100005290005356,10.7563514709473],"time_ms":5740,"wall_ms":1791410971245.08,"yaw":-0.523598968982697}
S03R {"entity":1,"event":"apply","pose":{"control":1,"durable":2,"entity":1,"position":[0.0,0.00100011611357331,9.0000114440918],"receipt_ms":5795,"sequence":101,"tick":345,"velocity":[0.0,0.0,0.0],"yaw":0.0},"position":[0.0,0.00100011611357331,9.0000114440918],"time_ms":5809,"wall_ms":1791410971314.01,"yaw":0.0}
S03R {"entity":2,"event":"apply","pose":{"control":1,"durable":2,"entity":2,"position":[6.7401704788208,0.00100005290005356,10.7563514709473],"receipt_ms":5795,"sequence":99,"tick":345,"velocity":[0.0,0.0,0.0],"yaw":-0.523598968982697},"position":[6.7401704788208,0.00100005290005356,10.7563514709473],"time_ms":5809,"wall_ms":1791410971314.05,"yaw":-0.523598968982697}
S03R {"event":"keys","move":0.0,"role":"client","tick":222,"time_ms":5892,"turn":0.0,"wall_ms":1791410971396.9}
S03R {"entity":1,"event":"apply","pose":{"control":1,"durable":2,"entity":1,"position":[0.0,0.00100011611357331,9.0000114440918],"receipt_ms":5878,"sequence":102,"tick":348,"velocity":[0.0,0.0,0.0],"yaw":0.0},"position":[0.0,0.00100011611357331,9.0000114440918],"time_ms":5892,"wall_ms":1791410971397.1,"yaw":0.0}
S03R {"entity":2,"event":"apply","pose":{"control":1,"durable":2,"entity":2,"position":[6.7401704788208,0.00100005290005356,10.7563514709473],"receipt_ms":5878,"sequence":102,"tick":348,"velocity":[0.0,0.0,0.0],"yaw":-0.523598968982697},"position":[6.7401704788208,0.00100005290005356,10.7563514709473],"time_ms":5892,"wall_ms":1791410971397.19,"yaw":-0.523598968982697}
S03R {"entity":1,"event":"apply","pose":{"control":1,"durable":2,"entity":1,"position":[0.0,0.00100011611357331,9.0000114440918],"receipt_ms":5913,"sequence":105,"tick":354,"velocity":[0.0,0.0,0.0],"yaw":0.0},"position":[0.0,0.00100011611357331,9.0000114440918],"time_ms":5926,"wall_ms":1791410971431.4,"yaw":0.0}
S03R {"entity":2,"event":"apply","pose":{"control":1,"durable":2,"entity":2,"position":[6.7401704788208,0.00100005290005356,10.7563514709473],"receipt_ms":5913,"sequence":104,"tick":354,"velocity":[0.0,0.0,0.0],"yaw":-0.523598968982697},"position":[6.7401704788208,0.00100005290005356,10.7563514709473],"time_ms":5926,"wall_ms":1791410971431.47,"yaw":-0.523598968982697}
S03R {"entity":1,"event":"apply","pose":{"control":1,"durable":2,"entity":1,"position":[0.0,0.00100011611357331,9.0000114440918],"receipt_ms":6023,"sequence":107,"tick":357,"velocity":[0.0,0.0,0.0],"yaw":0.0},"position":[0.0,0.00100011611357331,9.0000114440918],"time_ms":6037,"wall_ms":1791410971541.7,"yaw":0.0}
S03R {"entity":2,"event":"apply","pose":{"control":1,"durable":2,"entity":2,"position":[6.7401704788208,0.00100005290005356,10.7563514709473],"receipt_ms":6023,"sequence":108,"tick":357,"velocity":[0.0,0.0,0.0],"yaw":-0.366519331932068},"position":[6.7401704788208,0.00100005290005356,10.7563514709473],"time_ms":6037,"wall_ms":1791410971541.76,"yaw":-0.366519331932068}
S03R {"entity":1,"event":"apply","pose":{"control":1,"durable":2,"entity":1,"position":[0.0,0.00100011611357331,9.0000114440918],"receipt_ms":6099,"sequence":108,"tick":360,"velocity":[0.0,0.0,0.0],"yaw":0.0},"position":[0.0,0.00100011611357331,9.0000114440918],"time_ms":6106,"wall_ms":1791410971610.71,"yaw":0.0}
S03R {"entity":2,"event":"apply","pose":{"control":1,"durable":2,"entity":2,"position":[6.7401704788208,0.00100005290005356,10.7563514709473],"receipt_ms":6099,"sequence":108,"tick":360,"velocity":[0.0,0.0,0.0],"yaw":-0.209439724683762},"position":[6.7401704788208,0.00100005290005356,10.7563514709473],"time_ms":6106,"wall_ms":1791410971610.78,"yaw":-0.209439724683762}
S03R {"entity":1,"event":"apply","pose":{"control":1,"durable":2,"entity":1,"position":[0.0,0.00100011611357331,9.0000114440918],"receipt_ms":6113,"sequence":110,"tick":363,"velocity":[0.0,0.0,0.0],"yaw":0.0},"position":[0.0,0.00100011611357331,9.0000114440918],"time_ms":6126,"wall_ms":1791410971631.43,"yaw":0.0}
S03R {"entity":2,"event":"apply","pose":{"control":1,"durable":2,"entity":2,"position":[6.7401704788208,0.00100005290005356,10.7563514709473],"receipt_ms":6113,"sequence":110,"tick":363,"velocity":[0.0,0.0,0.0],"yaw":-0.0523600913584232},"position":[6.7401704788208,0.00100005290005356,10.7563514709473],"time_ms":6127,"wall_ms":1791410971631.49,"yaw":-0.0523600913584232}
S03R {"event":"input","index":9,"move":1.0,"position":[6.7401704788208,0.00100005290005356,10.7563514709473],"role":"client","sequence_floor":120,"tick":240,"time_ms":6189,"turn":0.0,"wall_ms":1791410971693.55,"yaw":-0.0523600913584232}
S03R {"event":"keys","move":1.0,"role":"client","tick":240,"time_ms":6189,"turn":0.0,"wall_ms":1791410971693.59}
S03R {"entity":1,"event":"apply","pose":{"control":1,"durable":2,"entity":1,"position":[0.0,0.00100011611357331,9.0000114440918],"receipt_ms":6182,"sequence":113,"tick":369,"velocity":[0.0,0.0,0.0],"yaw":0.0},"position":[0.0,0.00100011611357331,9.0000114440918],"time_ms":6189,"wall_ms":1791410971693.67,"yaw":0.0}
S03R {"entity":2,"event":"apply","pose":{"control":1,"durable":2,"entity":2,"position":[6.7401704788208,0.00100005290005356,10.7563514709473],"receipt_ms":6182,"sequence":113,"tick":369,"velocity":[0.0,0.0,0.0],"yaw":0.209439277648926},"position":[6.7401704788208,0.00100005290005356,10.7563514709473],"time_ms":6189,"wall_ms":1791410971693.71,"yaw":0.209439277648926}
S03R {"entity":1,"event":"apply","pose":{"control":1,"durable":2,"entity":1,"position":[0.0,0.00100011611357331,9.0000114440918],"receipt_ms":6264,"sequence":116,"tick":375,"velocity":[0.0,0.0,0.0],"yaw":0.0},"position":[0.0,0.00100011611357331,9.0000114440918],"time_ms":6271,"wall_ms":1791410971776.3,"yaw":0.0}
S03R {"entity":2,"event":"apply","pose":{"control":1,"durable":2,"entity":2,"position":[6.7401704788208,0.00100005290005356,10.7563514709473],"receipt_ms":6264,"sequence":114,"tick":375,"velocity":[0.0,0.0,0.0],"yaw":0.209439247846603},"position":[6.7401704788208,0.00100005290005356,10.7563514709473],"time_ms":6271,"wall_ms":1791410971776.38,"yaw":0.209439247846603}
S03R {"entity":1,"event":"apply","pose":{"control":1,"durable":2,"entity":1,"position":[0.0,0.00100011611357331,9.0000114440918],"receipt_ms":6368,"sequence":117,"tick":378,"velocity":[0.0,0.0,0.0],"yaw":0.0},"position":[0.0,0.00100011611357331,9.0000114440918],"time_ms":6375,"wall_ms":1791410971879.81,"yaw":0.0}
S03R {"entity":2,"event":"apply","pose":{"control":1,"durable":2,"entity":2,"position":[6.7401704788208,0.00100005290005356,10.7563514709473],"receipt_ms":6368,"sequence":116,"tick":378,"velocity":[0.0,0.0,0.0],"yaw":0.209439218044281},"position":[6.7401704788208,0.00100005290005356,10.7563514709473],"time_ms":6375,"wall_ms":1791410971879.88,"yaw":0.209439218044281}
S03R {"event":"keys","move":0.0,"role":"client","tick":252,"time_ms":6389,"turn":0.0,"wall_ms":1791410971893.63}
S03R {"entity":1,"event":"apply","pose":{"control":1,"durable":2,"entity":1,"position":[0.0,0.00100011611357331,9.0000114440918],"receipt_ms":6410,"sequence":119,"tick":381,"velocity":[0.0,0.0,0.0],"yaw":0.0},"position":[0.0,0.00100011611357331,9.0000114440918],"time_ms":6423,"wall_ms":1791410971928.16,"yaw":0.0}
S03R {"entity":2,"event":"apply","pose":{"control":1,"durable":2,"entity":2,"position":[6.7401704788208,0.00100005290005356,10.7563514709473],"receipt_ms":6410,"sequence":118,"tick":381,"velocity":[0.0,0.0,0.0],"yaw":0.209439188241959},"position":[6.7401704788208,0.00100005290005356,10.7563514709473],"time_ms":6423,"wall_ms":1791410971928.22,"yaw":0.209439188241959}
S03R {"entity":1,"event":"apply","pose":{"control":1,"durable":2,"entity":1,"position":[0.0,0.00100011611357331,9.0000114440918],"receipt_ms":6541,"sequence":123,"tick":390,"velocity":[0.0,0.0,0.0],"yaw":0.0},"position":[0.0,0.00100011611357331,9.0000114440918],"time_ms":6554,"wall_ms":1791410972059.35,"yaw":0.0}
S03R {"entity":2,"event":"apply","pose":{"control":1,"durable":2,"entity":2,"position":[6.65354108810425,0.00100005290005356,10.3487892150879],"receipt_ms":6541,"sequence":122,"tick":390,"velocity":[-1.03955543041229,0.0,-4.89073181152344],"yaw":0.209439188241959},"position":[6.65354108810425,0.00100005290005356,10.3487892150879],"time_ms":6554,"wall_ms":1791410972059.43,"yaw":0.209439188241959}
S03R {"entity":1,"event":"apply","pose":{"control":1,"durable":2,"entity":1,"position":[0.0,0.00100011611357331,9.0000114440918],"receipt_ms":6589,"sequence":125,"tick":393,"velocity":[0.0,0.0,0.0],"yaw":0.0},"position":[0.0,0.00100011611357331,9.0000114440918],"time_ms":6609,"wall_ms":1791410972114.4,"yaw":0.0}
S03R {"entity":2,"event":"apply","pose":{"control":1,"durable":2,"entity":2,"position":[6.60156345367432,0.00100005290005356,10.1042518615723],"receipt_ms":6589,"sequence":124,"tick":393,"velocity":[-1.03955543041229,0.0,-4.89073181152344],"yaw":0.209439188241959},"position":[6.60156345367432,0.00100005290005356,10.1042518615723],"time_ms":6609,"wall_ms":1791410972114.46,"yaw":0.209439188241959}
S03R {"entity":1,"event":"apply","pose":{"control":1,"durable":2,"entity":1,"position":[0.0,0.00100011611357331,9.0000114440918],"receipt_ms":6624,"sequence":126,"tick":396,"velocity":[0.0,0.0,0.0],"yaw":0.0},"position":[0.0,0.00100011611357331,9.0000114440918],"time_ms":6637,"wall_ms":1791410972142.0,"yaw":0.0}
S03R {"entity":2,"event":"apply","pose":{"control":1,"durable":2,"entity":2,"position":[6.5669116973877,0.00100005290005356,9.94122695922852],"receipt_ms":6624,"sequence":126,"tick":396,"velocity":[0.0,0.0,0.0],"yaw":0.209439188241959},"position":[6.5669116973877,0.00100005290005356,9.94122695922852],"time_ms":6637,"wall_ms":1791410972142.03,"yaw":0.209439188241959}
S03R {"event":"input","index":10,"move":0.0,"position":[6.5669116973877,0.00100005290005356,9.94122695922852],"role":"client","sequence_floor":135,"tick":270,"time_ms":6692,"turn":1.0,"wall_ms":1791410972197.3,"yaw":0.209439188241959}
S03R {"event":"keys","move":0.0,"role":"client","tick":270,"time_ms":6692,"turn":1.0,"wall_ms":1791410972197.36}
S03R {"entity":1,"event":"apply","pose":{"control":1,"durable":2,"entity":1,"position":[0.0,0.00100011611357331,9.0000114440918],"receipt_ms":6747,"sequence":128,"tick":399,"velocity":[0.0,0.0,0.0],"yaw":0.0},"position":[0.0,0.00100011611357331,9.0000114440918],"time_ms":6754,"wall_ms":1791410972259.36,"yaw":0.0}
S03R {"entity":2,"event":"apply","pose":{"control":1,"durable":2,"entity":2,"position":[6.5669116973877,0.00100005290005356,9.94122695922852],"receipt_ms":6747,"sequence":128,"tick":399,"velocity":[0.0,0.0,0.0],"yaw":0.209439188241959},"position":[6.5669116973877,0.00100005290005356,9.94122695922852],"time_ms":6754,"wall_ms":1791410972259.42,"yaw":0.209439188241959}
S03R {"entity":1,"event":"apply","pose":{"control":1,"durable":2,"entity":1,"position":[0.0,0.00100011611357331,9.0000114440918],"receipt_ms":6768,"sequence":131,"tick":405,"velocity":[0.0,0.0,0.0],"yaw":0.0},"position":[0.0,0.00100011611357331,9.0000114440918],"time_ms":6775,"wall_ms":1791410972280.02,"yaw":0.0}
S03R {"entity":2,"event":"apply","pose":{"control":1,"durable":2,"entity":2,"position":[6.5669116973877,0.00100005290005356,9.94122695922852],"receipt_ms":6768,"sequence":130,"tick":405,"velocity":[0.0,0.0,0.0],"yaw":0.209439188241959},"position":[6.5669116973877,0.00100005290005356,9.94122695922852],"time_ms":6775,"wall_ms":1791410972280.08,"yaw":0.209439188241959}
S03R {"entity":1,"event":"apply","pose":{"control":1,"durable":2,"entity":1,"position":[0.0,0.00100011611357331,9.0000114440918],"receipt_ms":6865,"sequence":132,"tick":408,"velocity":[0.0,0.0,0.0],"yaw":0.0},"position":[0.0,0.00100011611357331,9.0000114440918],"time_ms":6872,"wall_ms":1791410972376.62,"yaw":0.0}
S03R {"entity":2,"event":"apply","pose":{"control":1,"durable":2,"entity":2,"position":[6.5669116973877,0.00100005290005356,9.94122695922852],"receipt_ms":6865,"sequence":132,"tick":408,"velocity":[0.0,0.0,0.0],"yaw":0.209439188241959},"position":[6.5669116973877,0.00100005290005356,9.94122695922852],"time_ms":6872,"wall_ms":1791410972376.69,"yaw":0.209439188241959}
S03R {"event":"keys","move":0.0,"role":"client","tick":282,"time_ms":6892,"turn":0.0,"wall_ms":1791410972397.36}
S03R {"entity":1,"event":"apply","pose":{"control":1,"durable":2,"entity":1,"position":[0.0,0.00100011611357331,9.0000114440918],"receipt_ms":6948,"sequence":134,"tick":411,"velocity":[0.0,0.0,0.0],"yaw":0.0},"position":[0.0,0.00100011611357331,9.0000114440918],"time_ms":6954,"wall_ms":1791410972459.48,"yaw":0.0}
S03R {"entity":2,"event":"apply","pose":{"control":1,"durable":2,"entity":2,"position":[6.5669116973877,0.00100005290005356,9.94122695922852],"receipt_ms":6948,"sequence":133,"tick":411,"velocity":[0.0,0.0,0.0],"yaw":0.209439188241959},"position":[6.5669116973877,0.00100005290005356,9.94122695922852],"time_ms":6955,"wall_ms":1791410972459.54,"yaw":0.209439188241959}
S03R {"entity":1,"event":"apply","pose":{"control":1,"durable":2,"entity":1,"position":[0.0,0.00100011611357331,9.0000114440918],"receipt_ms":6961,"sequence":135,"tick":414,"velocity":[0.0,0.0,0.0],"yaw":0.0},"position":[0.0,0.00100011611357331,9.0000114440918],"time_ms":6975,"wall_ms":1791410972480.12,"yaw":0.0}
S03R {"entity":2,"event":"apply","pose":{"control":1,"durable":2,"entity":2,"position":[6.5669116973877,0.00100005290005356,9.94122695922852],"receipt_ms":6961,"sequence":134,"tick":414,"velocity":[0.0,0.0,0.0],"yaw":0.209439188241959},"position":[6.5669116973877,0.00100005290005356,9.94122695922852],"time_ms":6975,"wall_ms":1791410972480.18,"yaw":0.209439188241959}
S03R {"entity":1,"event":"apply","pose":{"control":1,"durable":2,"entity":1,"position":[0.0,0.00100011611357331,9.0000114440918],"receipt_ms":6976,"sequence":137,"tick":417,"velocity":[0.0,0.0,0.0],"yaw":0.0},"position":[0.0,0.00100011611357331,9.0000114440918],"time_ms":6989,"wall_ms":1791410972493.97,"yaw":0.0}
S03R {"entity":2,"event":"apply","pose":{"control":1,"durable":2,"entity":2,"position":[6.5669116973877,0.00100005290005356,9.94122695922852],"receipt_ms":6976,"sequence":137,"tick":417,"velocity":[0.0,0.0,0.0],"yaw":0.157079324126244},"position":[6.5669116973877,0.00100005290005356,9.94122695922852],"time_ms":6989,"wall_ms":1791410972494.03,"yaw":0.157079324126244}
S03R {"entity":1,"event":"apply","pose":{"control":1,"durable":2,"entity":1,"position":[0.0,0.00100011611357331,9.0000114440918],"receipt_ms":7024,"sequence":138,"tick":420,"velocity":[0.0,0.0,0.0],"yaw":0.0},"position":[0.0,0.00100011611357331,9.0000114440918],"time_ms":7037,"wall_ms":1791410972542.2,"yaw":0.0}
S03R {"entity":2,"event":"apply","pose":{"control":1,"durable":2,"entity":2,"position":[6.5669116973877,0.00100005290005356,9.94122695922852],"receipt_ms":7024,"sequence":138,"tick":420,"velocity":[0.0,0.0,0.0],"yaw":-0.000000311467346136851},"position":[6.5669116973877,0.00100005290005356,9.94122695922852],"time_ms":7037,"wall_ms":1791410972542.23,"yaw":-0.000000311467346136851}
S03R {"entity":1,"event":"apply","pose":{"control":1,"durable":2,"entity":1,"position":[0.0,0.00100011611357331,9.0000114440918],"receipt_ms":7065,"sequence":140,"tick":423,"velocity":[0.0,0.0,0.0],"yaw":0.0},"position":[0.0,0.00100011611357331,9.0000114440918],"time_ms":7072,"wall_ms":1791410972576.71,"yaw":0.0}
S03R {"entity":2,"event":"apply","pose":{"control":1,"durable":2,"entity":2,"position":[6.5669116973877,0.00100005290005356,9.94122695922852],"receipt_ms":7065,"sequence":139,"tick":423,"velocity":[0.0,0.0,0.0],"yaw":-0.157079949975014},"position":[6.5669116973877,0.00100005290005356,9.94122695922852],"time_ms":7072,"wall_ms":1791410972576.75,"yaw":-0.157079949975014}
S03R {"event":"input","index":11,"move":1.0,"position":[6.5669116973877,0.00100005290005356,9.94122695922852],"role":"client","sequence_floor":150,"tick":300,"time_ms":7189,"turn":0.0,"wall_ms":1791410972694.06,"yaw":-0.157079949975014}
S03R {"event":"keys","move":1.0,"role":"client","tick":300,"time_ms":7189,"turn":0.0,"wall_ms":1791410972694.1}
S03R {"entity":1,"event":"apply","pose":{"control":1,"durable":2,"entity":1,"position":[0.0,0.00100011611357331,9.0000114440918],"receipt_ms":7238,"sequence":144,"tick":432,"velocity":[0.0,0.0,0.0],"yaw":0.0},"position":[0.0,0.00100011611357331,9.0000114440918],"time_ms":7258,"wall_ms":1791410972763.11,"yaw":0.0}
S03R {"entity":2,"event":"apply","pose":{"control":1,"durable":2,"entity":2,"position":[6.5669116973877,0.00100005290005356,9.94122695922852],"receipt_ms":7238,"sequence":143,"tick":432,"velocity":[0.0,0.0,0.0],"yaw":-0.471239298582077},"position":[6.5669116973877,0.00100005290005356,9.94122695922852],"time_ms":7258,"wall_ms":1791410972763.19,"yaw":-0.471239298582077}
S03R {"entity":1,"event":"apply","pose":{"control":1,"durable":2,"entity":1,"position":[0.0,0.00100011611357331,9.0000114440918],"receipt_ms":7259,"sequence":146,"tick":435,"velocity":[0.0,0.0,0.0],"yaw":0.0},"position":[0.0,0.00100011611357331,9.0000114440918],"time_ms":7272,"wall_ms":1791410972776.82,"yaw":0.0}
S03R {"entity":2,"event":"apply","pose":{"control":1,"durable":2,"entity":2,"position":[6.5669116973877,0.00100005290005356,9.94122695922852],"receipt_ms":7259,"sequence":143,"tick":435,"velocity":[0.0,0.0,0.0],"yaw":-0.471239298582077},"position":[6.5669116973877,0.00100005290005356,9.94122695922852],"time_ms":7272,"wall_ms":1791410972776.88,"yaw":-0.471239298582077}
S03R {"entity":1,"event":"apply","pose":{"control":1,"durable":2,"entity":1,"position":[0.0,0.00100011611357331,9.0000114440918],"receipt_ms":7327,"sequence":147,"tick":438,"velocity":[0.0,0.0,0.0],"yaw":0.0},"position":[0.0,0.00100011611357331,9.0000114440918],"time_ms":7341,"wall_ms":1791410972845.82,"yaw":0.0}
S03R {"entity":2,"event":"apply","pose":{"control":1,"durable":2,"entity":2,"position":[6.5669116973877,0.00100005290005356,9.94122695922852],"receipt_ms":7327,"sequence":147,"tick":438,"velocity":[0.0,0.0,0.0],"yaw":-0.471239298582077},"position":[6.5669116973877,0.00100005290005356,9.94122695922852],"time_ms":7341,"wall_ms":1791410972845.88,"yaw":-0.471239298582077}
S03R {"event":"keys","move":0.0,"role":"client","tick":312,"time_ms":7389,"turn":0.0,"wall_ms":1791410972894.16}
S03R {"entity":1,"event":"apply","pose":{"control":1,"durable":2,"entity":1,"position":[0.0,0.00100011611357331,9.0000114440918],"receipt_ms":7410,"sequence":149,"tick":441,"velocity":[0.0,0.0,0.0],"yaw":0.0},"position":[0.0,0.00100011611357331,9.0000114440918],"time_ms":7424,"wall_ms":1791410972928.67,"yaw":0.0}
S03R {"entity":2,"event":"apply","pose":{"control":1,"durable":2,"entity":2,"position":[6.5669116973877,0.00100005290005356,9.94122695922852],"receipt_ms":7410,"sequence":147,"tick":441,"velocity":[0.0,0.0,0.0],"yaw":-0.471239298582077},"position":[6.5669116973877,0.00100005290005356,9.94122695922852],"time_ms":7424,"wall_ms":1791410972928.73,"yaw":-0.471239298582077}
S03R {"entity":1,"event":"apply","pose":{"control":1,"durable":2,"entity":1,"position":[0.0,0.00100011611357331,9.0000114440918],"receipt_ms":7465,"sequence":152,"tick":447,"velocity":[0.0,0.0,0.0],"yaw":0.0},"position":[0.0,0.00100011611357331,9.0000114440918],"time_ms":7472,"wall_ms":1791410972976.94,"yaw":0.0}
S03R {"entity":2,"event":"apply","pose":{"control":1,"durable":2,"entity":2,"position":[6.71824264526367,0.00100005290005356,9.64422607421875],"receipt_ms":7465,"sequence":151,"tick":447,"velocity":[2.26995086669922,0.0,-4.4550256729126],"yaw":-0.471239298582077},"position":[6.71824264526367,0.00100005290005356,9.64422607421875],"time_ms":7472,"wall_ms":1791410972976.99,"yaw":-0.471239298582077}
S03R {"entity":1,"event":"apply","pose":{"control":1,"durable":2,"entity":1,"position":[0.0,0.00100011611357331,9.0000114440918],"receipt_ms":7596,"sequence":155,"tick":453,"velocity":[0.0,0.0,0.0],"yaw":0.0},"position":[0.0,0.00100011611357331,9.0000114440918],"time_ms":7610,"wall_ms":1791410973114.96,"yaw":0.0}
S03R {"entity":2,"event":"apply","pose":{"control":1,"durable":2,"entity":2,"position":[6.94523906707764,0.00100005290005356,9.1987247467041],"receipt_ms":7596,"sequence":153,"tick":453,"velocity":[2.26995086669922,0.0,-4.4550256729126],"yaw":-0.471239298582077},"position":[6.94523906707764,0.00100005290005356,9.1987247467041],"time_ms":7610,"wall_ms":1791410973115.03,"yaw":-0.471239298582077}
S03R {"entity":1,"event":"apply","pose":{"control":1,"durable":2,"entity":1,"position":[0.0,0.00100011611357331,9.0000114440918],"receipt_ms":7659,"sequence":158,"tick":459,"velocity":[0.0,0.0,0.0],"yaw":0.0},"position":[0.0,0.00100011611357331,9.0000114440918],"time_ms":7672,"wall_ms":1791410973177.03,"yaw":0.0}
S03R {"entity":2,"event":"apply","pose":{"control":1,"durable":2,"entity":2,"position":[7.1722354888916,0.00100005290005356,8.75322341918945],"receipt_ms":7659,"sequence":155,"tick":459,"velocity":[2.26995086669922,0.0,-4.4550256729126],"yaw":-0.471239298582077},"position":[7.1722354888916,0.00100005290005356,8.75322341918945],"time_ms":7672,"wall_ms":1791410973177.08,"yaw":-0.471239298582077}
S03R {"event":"input","index":12,"move":0.0,"position":[7.1722354888916,0.00100005290005356,8.75322341918945],"role":"client","sequence_floor":165,"tick":330,"time_ms":7693,"turn":-1.0,"wall_ms":1791410973197.77,"yaw":-0.471239298582077}
S03R {"event":"keys","move":0.0,"role":"client","tick":330,"time_ms":7693,"turn":-1.0,"wall_ms":1791410973197.81}
S03R {"entity":1,"event":"apply","pose":{"control":1,"durable":2,"entity":1,"position":[0.0,0.00100011611357331,9.0000114440918],"receipt_ms":7796,"sequence":159,"tick":462,"velocity":[0.0,0.0,0.0],"yaw":0.0},"position":[0.0,0.00100011611357331,9.0000114440918],"time_ms":7810,"wall_ms":1791410973315.04,"yaw":0.0}
S03R {"entity":2,"event":"apply","pose":{"control":1,"durable":2,"entity":2,"position":[7.1722354888916,0.00100005290005356,8.75322341918945],"receipt_ms":7796,"sequence":159,"tick":462,"velocity":[0.0,0.0,0.0],"yaw":-0.471239298582077},"position":[7.1722354888916,0.00100005290005356,8.75322341918945],"time_ms":7810,"wall_ms":1791410973315.1,"yaw":-0.471239298582077}
S03R {"entity":1,"event":"apply","pose":{"control":1,"durable":2,"entity":1,"position":[0.0,0.00100011611357331,9.0000114440918],"receipt_ms":7845,"sequence":161,"tick":465,"velocity":[0.0,0.0,0.0],"yaw":0.0},"position":[0.0,0.00100011611357331,9.0000114440918],"time_ms":7858,"wall_ms":1791410973363.41,"yaw":0.0}
S03R {"entity":2,"event":"apply","pose":{"control":1,"durable":2,"entity":2,"position":[7.1722354888916,0.00100005290005356,8.75322341918945],"receipt_ms":7845,"sequence":160,"tick":465,"velocity":[0.0,0.0,0.0],"yaw":-0.471239298582077},"position":[7.1722354888916,0.00100005290005356,8.75322341918945],"time_ms":7858,"wall_ms":1791410973363.47,"yaw":-0.471239298582077}
S03R {"event":"keys","move":0.0,"role":"client","tick":342,"time_ms":7893,"turn":0.0,"wall_ms":1791410973397.87}
S03R {"entity":1,"event":"apply","pose":{"control":1,"durable":2,"entity":1,"position":[0.0,0.00100011611357331,9.0000114440918],"receipt_ms":7873,"sequence":162,"tick":468,"velocity":[0.0,0.0,0.0],"yaw":0.0},"position":[0.0,0.00100011611357331,9.0000114440918],"time_ms":7893,"wall_ms":1791410973397.96,"yaw":0.0}
S03R {"entity":2,"event":"apply","pose":{"control":1,"durable":2,"entity":2,"position":[7.1722354888916,0.00100005290005356,8.75322341918945],"receipt_ms":7873,"sequence":162,"tick":468,"velocity":[0.0,0.0,0.0],"yaw":-0.471239298582077},"position":[7.1722354888916,0.00100005290005356,8.75322341918945],"time_ms":7893,"wall_ms":1791410973398.01,"yaw":-0.471239298582077}
S03R {"entity":1,"event":"apply","pose":{"control":1,"durable":2,"entity":1,"position":[0.0,0.00100011611357331,9.0000114440918],"receipt_ms":7920,"sequence":165,"tick":474,"velocity":[0.0,0.0,0.0],"yaw":0.0},"position":[0.0,0.00100011611357331,9.0000114440918],"time_ms":7927,"wall_ms":1791410973432.4,"yaw":0.0}
S03R {"entity":2,"event":"apply","pose":{"control":1,"durable":2,"entity":2,"position":[7.1722354888916,0.00100005290005356,8.75322341918945],"receipt_ms":7920,"sequence":165,"tick":474,"velocity":[0.0,0.0,0.0],"yaw":-0.314159631729126},"position":[7.1722354888916,0.00100005290005356,8.75322341918945],"time_ms":7927,"wall_ms":1791410973432.46,"yaw":-0.314159631729126}
S03R {"entity":1,"event":"apply","pose":{"control":1,"durable":2,"entity":1,"position":[0.0,0.00100011611357331,9.0000114440918],"receipt_ms":8003,"sequence":167,"tick":477,"velocity":[0.0,0.0,0.0],"yaw":0.0},"position":[0.0,0.00100011611357331,9.0000114440918],"time_ms":8010,"wall_ms":1791410973515.15,"yaw":0.0}
S03R {"entity":2,"event":"apply","pose":{"control":1,"durable":2,"entity":2,"position":[7.1722354888916,0.00100005290005356,8.75322341918945],"receipt_ms":8003,"sequence":165,"tick":477,"velocity":[0.0,0.0,0.0],"yaw":-0.157080009579659},"position":[7.1722354888916,0.00100005290005356,8.75322341918945],"time_ms":8010,"wall_ms":1791410973515.21,"yaw":-0.157080009579659}
S03R {"entity":1,"event":"apply","pose":{"control":1,"durable":2,"entity":1,"position":[0.0,0.00100011611357331,9.0000114440918],"receipt_ms":8073,"sequence":168,"tick":480,"velocity":[0.0,0.0,0.0],"yaw":0.0},"position":[0.0,0.00100011611357331,9.0000114440918],"time_ms":8093,"wall_ms":1791410973598.0,"yaw":0.0}
S03R {"entity":2,"event":"apply","pose":{"control":1,"durable":2,"entity":2,"position":[7.1722354888916,0.00100005290005356,8.75322341918945],"receipt_ms":8073,"sequence":168,"tick":480,"velocity":[0.0,0.0,0.0],"yaw":-0.000000377711359078603},"position":[7.1722354888916,0.00100005290005356,8.75322341918945],"time_ms":8093,"wall_ms":1791410973598.07,"yaw":-0.000000377711359078603}
S03R {"entity":1,"event":"apply","pose":{"control":1,"durable":2,"entity":1,"position":[0.0,0.00100011611357331,9.0000114440918],"receipt_ms":8142,"sequence":170,"tick":483,"velocity":[0.0,0.0,0.0],"yaw":0.0},"position":[0.0,0.00100011611357331,9.0000114440918],"time_ms":8155,"wall_ms":1791410973660.1,"yaw":0.0}
S03R {"entity":2,"event":"apply","pose":{"control":1,"durable":2,"entity":2,"position":[7.1722354888916,0.00100005290005356,8.75322341918945],"receipt_ms":8142,"sequence":170,"tick":483,"velocity":[0.0,0.0,0.0],"yaw":0.157079264521599},"position":[7.1722354888916,0.00100005290005356,8.75322341918945],"time_ms":8155,"wall_ms":1791410973660.16,"yaw":0.157079264521599}
S03R {"event":"input","index":13,"move":1.0,"position":[7.1722354888916,0.00100005290005356,8.75322341918945],"role":"client","sequence_floor":180,"tick":360,"time_ms":8190,"turn":0.0,"wall_ms":1791410973694.58,"yaw":0.157079264521599}
S03R {"event":"keys","move":1.0,"role":"client","tick":360,"time_ms":8190,"turn":0.0,"wall_ms":1791410973694.62}
S03R {"entity":1,"event":"apply","pose":{"control":1,"durable":2,"entity":1,"position":[0.0,0.00100011611357331,9.0000114440918],"receipt_ms":8183,"sequence":173,"tick":489,"velocity":[0.0,0.0,0.0],"yaw":0.0},"position":[0.0,0.00100011611357331,9.0000114440918],"time_ms":8190,"wall_ms":1791410973694.7,"yaw":0.0}
S03R {"entity":2,"event":"apply","pose":{"control":1,"durable":2,"entity":2,"position":[7.1722354888916,0.00100005290005356,8.75322341918945],"receipt_ms":8183,"sequence":171,"tick":489,"velocity":[0.0,0.0,0.0],"yaw":0.418878644704819},"position":[7.1722354888916,0.00100005290005356,8.75322341918945],"time_ms":8190,"wall_ms":1791410973694.75,"yaw":0.418878644704819}
S03R {"entity":1,"event":"apply","pose":{"control":1,"durable":2,"entity":1,"position":[0.0,0.00100011611357331,9.0000114440918],"receipt_ms":8211,"sequence":174,"tick":492,"velocity":[0.0,0.0,0.0],"yaw":0.0},"position":[0.0,0.00100011611357331,9.0000114440918],"time_ms":8224,"wall_ms":1791410973729.09,"yaw":0.0}
S03R {"entity":2,"event":"apply","pose":{"control":1,"durable":2,"entity":2,"position":[7.1722354888916,0.00100005290005356,8.75322341918945],"receipt_ms":8211,"sequence":173,"tick":492,"velocity":[0.0,0.0,0.0],"yaw":0.418878644704819},"position":[7.1722354888916,0.00100005290005356,8.75322341918945],"time_ms":8224,"wall_ms":1791410973729.15,"yaw":0.418878644704819}
S03R {"entity":1,"event":"apply","pose":{"control":1,"durable":2,"entity":1,"position":[0.0,0.00100011611357331,9.0000114440918],"receipt_ms":8300,"sequence":176,"tick":495,"velocity":[0.0,0.0,0.0],"yaw":0.0},"position":[0.0,0.00100011611357331,9.0000114440918],"time_ms":8307,"wall_ms":1791410973811.85,"yaw":0.0}
S03R {"entity":2,"event":"apply","pose":{"control":1,"durable":2,"entity":2,"position":[7.1722354888916,0.00100005290005356,8.75322341918945],"receipt_ms":8300,"sequence":175,"tick":495,"velocity":[0.0,0.0,0.0],"yaw":0.418878644704819},"position":[7.1722354888916,0.00100005290005356,8.75322341918945],"time_ms":8307,"wall_ms":1791410973811.9,"yaw":0.418878644704819}
S03R {"event":"keys","move":0.0,"role":"client","tick":372,"time_ms":8390,"turn":0.0,"wall_ms":1791410973894.67}
S03R {"entity":1,"event":"apply","pose":{"control":1,"durable":2,"entity":1,"position":[0.0,0.00100011611357331,9.0000114440918],"receipt_ms":8390,"sequence":179,"tick":501,"velocity":[0.0,0.0,0.0],"yaw":0.0},"position":[0.0,0.00100011611357331,9.0000114440918],"time_ms":8410,"wall_ms":1791410973915.36,"yaw":0.0}
S03R {"entity":2,"event":"apply","pose":{"control":1,"durable":2,"entity":2,"position":[7.1722354888916,0.00100005290005356,8.75322341918945],"receipt_ms":8390,"sequence":177,"tick":501,"velocity":[0.0,0.0,0.0],"yaw":0.418878644704819},"position":[7.1722354888916,0.00100005290005356,8.75322341918945],"time_ms":8410,"wall_ms":1791410973915.41,"yaw":0.418878644704819}
S03R {"entity":1,"event":"apply","pose":{"control":1,"durable":2,"entity":1,"position":[0.0,0.00100011611357331,9.0000114440918],"receipt_ms":8473,"sequence":180,"tick":504,"velocity":[0.0,0.0,0.0],"yaw":0.0},"position":[0.0,0.00100011611357331,9.0000114440918],"time_ms":8493,"wall_ms":1791410973998.16,"yaw":0.0}
S03R {"entity":2,"event":"apply","pose":{"control":1,"durable":2,"entity":2,"position":[7.13834095001221,0.00100005290005356,8.67709445953369],"receipt_ms":8473,"sequence":181,"tick":504,"velocity":[-2.03367853164673,0.0,-4.56772136688232],"yaw":0.418878644704819},"position":[7.13834095001221,0.00100005290005356,8.67709445953369],"time_ms":8493,"wall_ms":1791410973998.19,"yaw":0.418878644704819}
S03R {"entity":1,"event":"apply","pose":{"control":1,"durable":2,"entity":1,"position":[0.0,0.00100011611357331,9.0000114440918],"receipt_ms":8507,"sequence":182,"tick":507,"velocity":[0.0,0.0,0.0],"yaw":0.0},"position":[0.0,0.00100011611357331,9.0000114440918],"time_ms":8528,"wall_ms":1791410974032.72,"yaw":0.0}
S03R {"entity":2,"event":"apply","pose":{"control":1,"durable":2,"entity":2,"position":[7.03665733337402,0.00100005290005356,8.44870758056641],"receipt_ms":8507,"sequence":181,"tick":507,"velocity":[-2.03367853164673,0.0,-4.56772136688232],"yaw":0.418878644704819},"position":[7.03665733337402,0.00100005290005356,8.44870758056641],"time_ms":8528,"wall_ms":1791410974032.79,"yaw":0.418878644704819}
S03R {"entity":1,"event":"apply","pose":{"control":1,"durable":2,"entity":1,"position":[0.0,0.00100011611357331,9.0000114440918],"receipt_ms":8562,"sequence":183,"tick":510,"velocity":[0.0,0.0,0.0],"yaw":0.0},"position":[0.0,0.00100011611357331,9.0000114440918],"time_ms":8576,"wall_ms":1791410974080.96,"yaw":0.0}
S03R {"entity":2,"event":"apply","pose":{"control":1,"durable":2,"entity":2,"position":[6.93497371673584,0.00100005290005356,8.22032070159912],"receipt_ms":8562,"sequence":183,"tick":510,"velocity":[-2.03367853164673,0.0,-4.56772136688232],"yaw":0.418878644704819},"position":[6.93497371673584,0.00100005290005356,8.22032070159912],"time_ms":8576,"wall_ms":1791410974081.03,"yaw":0.418878644704819}
S03R {"entity":1,"event":"apply","pose":{"control":1,"durable":2,"entity":1,"position":[0.0,0.00100011611357331,9.0000114440918],"receipt_ms":8583,"sequence":185,"tick":513,"velocity":[0.0,0.0,0.0],"yaw":0.0},"position":[0.0,0.00100011611357331,9.0000114440918],"time_ms":8590,"wall_ms":1791410974094.8,"yaw":0.0}
S03R {"entity":2,"event":"apply","pose":{"control":1,"durable":2,"entity":2,"position":[6.83329010009766,0.00100005290005356,7.99193429946899],"receipt_ms":8583,"sequence":185,"tick":513,"velocity":[-2.03367853164673,0.0,-4.56772136688232],"yaw":0.418878644704819},"position":[6.83329010009766,0.00100005290005356,7.99193429946899],"time_ms":8590,"wall_ms":1791410974094.86,"yaw":0.418878644704819}
S03R {"entity":1,"event":"apply","pose":{"control":1,"durable":2,"entity":1,"position":[0.0,0.00100011611357331,9.0000114440918],"receipt_ms":8617,"sequence":186,"tick":516,"velocity":[0.0,0.0,0.0],"yaw":0.0},"position":[0.0,0.00100011611357331,9.0000114440918],"time_ms":8624,"wall_ms":1791410974129.31,"yaw":0.0}
S03R {"entity":2,"event":"apply","pose":{"control":1,"durable":2,"entity":2,"position":[6.73160648345947,0.00100005290005356,7.76354885101318],"receipt_ms":8617,"sequence":185,"tick":516,"velocity":[-2.03367853164673,0.0,-4.56772136688232],"yaw":0.418878644704819},"position":[6.73160648345947,0.00100005290005356,7.76354885101318],"time_ms":8624,"wall_ms":1791410974129.38,"yaw":0.418878644704819}
S03R {"event":"input","index":14,"move":0.0,"position":[6.73160648345947,0.00100005290005356,7.76354885101318],"role":"client","sequence_floor":195,"tick":390,"time_ms":8693,"turn":1.0,"wall_ms":1791410974198.3,"yaw":0.418878644704819}
S03R {"event":"keys","move":0.0,"role":"client","tick":390,"time_ms":8693,"turn":1.0,"wall_ms":1791410974198.35}
S03R {"entity":1,"event":"apply","pose":{"control":1,"durable":2,"entity":1,"position":[0.0,0.00100011611357331,9.0000114440918],"receipt_ms":8679,"sequence":188,"tick":519,"velocity":[0.0,0.0,0.0],"yaw":0.0},"position":[0.0,0.00100011611357331,9.0000114440918],"time_ms":8693,"wall_ms":1791410974198.43,"yaw":0.0}
S03R {"entity":2,"event":"apply","pose":{"control":1,"durable":2,"entity":2,"position":[6.69771194458008,0.00100005290005356,7.68742036819458],"receipt_ms":8679,"sequence":188,"tick":519,"velocity":[0.0,0.0,0.0],"yaw":0.418878644704819},"position":[6.69771194458008,0.00100005290005356,7.68742036819458],"time_ms":8693,"wall_ms":1791410974198.47,"yaw":0.418878644704819}
S03R {"entity":1,"event":"apply","pose":{"control":1,"durable":2,"entity":1,"position":[0.0,0.00100011611357331,9.0000114440918],"receipt_ms":8762,"sequence":191,"tick":525,"velocity":[0.0,0.0,0.0],"yaw":0.0},"position":[0.0,0.00100011611357331,9.0000114440918],"time_ms":8776,"wall_ms":1791410974281.06,"yaw":0.0}
S03R {"entity":2,"event":"apply","pose":{"control":1,"durable":2,"entity":2,"position":[6.69771194458008,0.00100005290005356,7.68742036819458],"receipt_ms":8762,"sequence":190,"tick":525,"velocity":[0.0,0.0,0.0],"yaw":0.418878644704819},"position":[6.69771194458008,0.00100005290005356,7.68742036819458],"time_ms":8776,"wall_ms":1791410974281.13,"yaw":0.418878644704819}
S03R {"entity":1,"event":"apply","pose":{"control":1,"durable":2,"entity":1,"position":[0.0,0.00100011611357331,9.0000114440918],"receipt_ms":8866,"sequence":194,"tick":531,"velocity":[0.0,0.0,0.0],"yaw":0.0},"position":[0.0,0.00100011611357331,9.0000114440918],"time_ms":8873,"wall_ms":1791410974377.64,"yaw":0.0}
S03R {"entity":2,"event":"apply","pose":{"control":1,"durable":2,"entity":2,"position":[6.69771194458008,0.00100005290005356,7.68742036819458],"receipt_ms":8866,"sequence":194,"tick":531,"velocity":[0.0,0.0,0.0],"yaw":0.418878644704819},"position":[6.69771194458008,0.00100005290005356,7.68742036819458],"time_ms":8873,"wall_ms":1791410974377.67,"yaw":0.418878644704819}
S03R {"event":"keys","move":0.0,"role":"client","tick":402,"time_ms":8893,"turn":0.0,"wall_ms":1791410974398.41}
S03R {"entity":1,"event":"apply","pose":{"control":1,"durable":2,"entity":1,"position":[0.0,0.00100011611357331,9.0000114440918],"receipt_ms":8997,"sequence":195,"tick":534,"velocity":[0.0,0.0,0.0],"yaw":0.0},"position":[0.0,0.00100011611357331,9.0000114440918],"time_ms":9011,"wall_ms":1791410974515.66,"yaw":0.0}
S03R {"entity":2,"event":"apply","pose":{"control":1,"durable":2,"entity":2,"position":[6.69771194458008,0.00100005290005356,7.68742036819458],"receipt_ms":8997,"sequence":194,"tick":534,"velocity":[0.0,0.0,0.0],"yaw":0.418878644704819},"position":[6.69771194458008,0.00100005290005356,7.68742036819458],"time_ms":9011,"wall_ms":1791410974515.73,"yaw":0.418878644704819}
S03R {"entity":1,"event":"apply","pose":{"control":1,"durable":2,"entity":1,"position":[0.0,0.00100011611357331,9.0000114440918],"receipt_ms":9052,"sequence":198,"tick":540,"velocity":[0.0,0.0,0.0],"yaw":0.0},"position":[0.0,0.00100011611357331,9.0000114440918],"time_ms":9059,"wall_ms":1791410974564.01,"yaw":0.0}
S03R {"entity":2,"event":"apply","pose":{"control":1,"durable":2,"entity":2,"position":[6.69771194458008,0.00100005290005356,7.68742036819458],"receipt_ms":9052,"sequence":198,"tick":540,"velocity":[0.0,0.0,0.0],"yaw":0.157079264521599},"position":[6.69771194458008,0.00100005290005356,7.68742036819458],"time_ms":9059,"wall_ms":1791410974564.06,"yaw":0.157079264521599}
S03R {"entity":1,"event":"apply","pose":{"control":1,"durable":2,"entity":1,"position":[0.0,0.00100011611357331,9.0000114440918],"receipt_ms":9142,"sequence":201,"tick":546,"velocity":[0.0,0.0,0.0],"yaw":0.0},"position":[0.0,0.00100011611357331,9.0000114440918],"time_ms":9156,"wall_ms":1791410974660.6,"yaw":0.0}
S03R {"entity":2,"event":"apply","pose":{"control":1,"durable":2,"entity":2,"position":[6.69771194458008,0.00100005290005356,7.68742036819458],"receipt_ms":9142,"sequence":200,"tick":546,"velocity":[0.0,0.0,0.0],"yaw":-0.157079994678497},"position":[6.69771194458008,0.00100005290005356,7.68742036819458],"time_ms":9156,"wall_ms":1791410974660.66,"yaw":-0.157079994678497}
S03R {"entity":1,"event":"apply","pose":{"control":1,"durable":2,"entity":1,"position":[0.0,0.00100011611357331,9.0000114440918],"receipt_ms":9169,"sequence":203,"tick":549,"velocity":[0.0,0.0,0.0],"yaw":0.0},"position":[0.0,0.00100011611357331,9.0000114440918],"time_ms":9176,"wall_ms":1791410974681.26,"yaw":0.0}
S03R {"entity":2,"event":"apply","pose":{"control":1,"durable":2,"entity":2,"position":[6.69771194458008,0.00100005290005356,7.68742036819458],"receipt_ms":9169,"sequence":200,"tick":549,"velocity":[0.0,0.0,0.0],"yaw":-0.314159572124481},"position":[6.69771194458008,0.00100005290005356,7.68742036819458],"time_ms":9176,"wall_ms":1791410974681.32,"yaw":-0.314159572124481}
S03R {"event":"input","index":15,"move":1.0,"position":[6.69771194458008,0.00100005290005356,7.68742036819458],"role":"client","sequence_floor":210,"tick":420,"time_ms":9190,"turn":0.0,"wall_ms":1791410974695.08,"yaw":-0.314159572124481}
S03R {"event":"keys","move":1.0,"role":"client","tick":420,"time_ms":9190,"turn":0.0,"wall_ms":1791410974695.11}
S03R {"entity":1,"event":"apply","pose":{"control":1,"durable":2,"entity":1,"position":[0.0,0.00100011611357331,9.0000114440918],"receipt_ms":9245,"sequence":204,"tick":552,"velocity":[0.0,0.0,0.0],"yaw":0.0},"position":[0.0,0.00100011611357331,9.0000114440918],"time_ms":9259,"wall_ms":1791410974764.11,"yaw":0.0}
S03R {"entity":2,"event":"apply","pose":{"control":1,"durable":2,"entity":2,"position":[6.69771194458008,0.00100005290005356,7.68742036819458],"receipt_ms":9245,"sequence":203,"tick":552,"velocity":[0.0,0.0,0.0],"yaw":-0.314159572124481},"position":[6.69771194458008,0.00100005290005356,7.68742036819458],"time_ms":9259,"wall_ms":1791410974764.17,"yaw":-0.314159572124481}
S03R {"entity":1,"event":"apply","pose":{"control":1,"durable":2,"entity":1,"position":[0.0,0.00100011611357331,9.0000114440918],"receipt_ms":9349,"sequence":207,"tick":558,"velocity":[0.0,0.0,0.0],"yaw":0.0},"position":[0.0,0.00100011611357331,9.0000114440918],"time_ms":9356,"wall_ms":1791410974860.67,"yaw":0.0}
S03R {"entity":2,"event":"apply","pose":{"control":1,"durable":2,"entity":2,"position":[6.69771194458008,0.00100005290005356,7.68742036819458],"receipt_ms":9349,"sequence":206,"tick":558,"velocity":[0.0,0.0,0.0],"yaw":-0.314159572124481},"position":[6.69771194458008,0.00100005290005356,7.68742036819458],"time_ms":9356,"wall_ms":1791410974860.71,"yaw":-0.314159572124481}
S03R {"event":"keys","move":0.0,"role":"client","tick":432,"time_ms":9390,"turn":0.0,"wall_ms":1791410974895.16}
S03R {"entity":1,"event":"apply","pose":{"control":1,"durable":2,"entity":1,"position":[0.0,0.00100011611357331,9.0000114440918],"receipt_ms":9425,"sequence":210,"tick":564,"velocity":[0.0,0.0,0.0],"yaw":0.0},"position":[0.0,0.00100011611357331,9.0000114440918],"time_ms":9438,"wall_ms":1791410974943.45,"yaw":0.0}
S03R {"entity":2,"event":"apply","pose":{"control":1,"durable":2,"entity":2,"position":[6.80071830749512,0.00100005290005356,7.37040185928345],"receipt_ms":9425,"sequence":210,"tick":564,"velocity":[1.54508423805237,0.0,-4.75527477264404],"yaw":-0.314159572124481},"position":[6.80071830749512,0.00100005290005356,7.37040185928345],"time_ms":9438,"wall_ms":1791410974943.48,"yaw":-0.314159572124481}
S03R {"entity":1,"event":"apply","pose":{"control":1,"durable":2,"entity":1,"position":[0.0,0.00100011611357331,9.0000114440918],"receipt_ms":9535,"sequence":212,"tick":567,"velocity":[0.0,0.0,0.0],"yaw":0.0},"position":[0.0,0.00100011611357331,9.0000114440918],"time_ms":9542,"wall_ms":1791410975046.98,"yaw":0.0}
S03R {"entity":2,"event":"apply","pose":{"control":1,"durable":2,"entity":2,"position":[6.8779730796814,0.00100005290005356,7.1326379776001],"receipt_ms":9535,"sequence":211,"tick":567,"velocity":[1.54508423805237,0.0,-4.75527477264404],"yaw":-0.314159572124481},"position":[6.8779730796814,0.00100005290005356,7.1326379776001],"time_ms":9542,"wall_ms":1791410975047.04,"yaw":-0.314159572124481}
S03R {"entity":1,"event":"apply","pose":{"control":1,"durable":2,"entity":1,"position":[0.0,0.00100011611357331,9.0000114440918],"receipt_ms":9591,"sequence":213,"tick":570,"velocity":[0.0,0.0,0.0],"yaw":0.0},"position":[0.0,0.00100011611357331,9.0000114440918],"time_ms":9611,"wall_ms":1791410975115.98,"yaw":0.0}
S03R {"entity":2,"event":"apply","pose":{"control":1,"durable":2,"entity":2,"position":[6.95522785186768,0.00100005290005356,6.89487409591675],"receipt_ms":9591,"sequence":213,"tick":570,"velocity":[1.54508423805237,0.0,-4.75527477264404],"yaw":-0.314159572124481},"position":[6.95522785186768,0.00100005290005356,6.89487409591675],"time_ms":9611,"wall_ms":1791410975116.04,"yaw":-0.314159572124481}
S03R {"entity":1,"event":"apply","pose":{"control":1,"durable":2,"entity":1,"position":[0.0,0.00100011611357331,9.0000114440918],"receipt_ms":9645,"sequence":215,"tick":573,"velocity":[0.0,0.0,0.0],"yaw":0.0},"position":[0.0,0.00100011611357331,9.0000114440918],"time_ms":9659,"wall_ms":1791410975164.32,"yaw":0.0}
S03R {"entity":2,"event":"apply","pose":{"control":1,"durable":2,"entity":2,"position":[7.03248262405396,0.00100005290005356,6.6571102142334],"receipt_ms":9645,"sequence":213,"tick":573,"velocity":[1.54508423805237,0.0,-4.75527477264404],"yaw":-0.314159572124481},"position":[7.03248262405396,0.00100005290005356,6.6571102142334],"time_ms":9659,"wall_ms":1791410975164.39,"yaw":-0.314159572124481}
S03R {"event":"input","index":16,"move":0.0,"position":[7.03248262405396,0.00100005290005356,6.6571102142334],"role":"client","sequence_floor":225,"tick":450,"time_ms":9694,"turn":-1.0,"wall_ms":1791410975198.83,"yaw":-0.314159572124481}
S03R {"event":"keys","move":0.0,"role":"client","tick":450,"time_ms":9694,"turn":-1.0,"wall_ms":1791410975198.88}
S03R {"entity":1,"event":"apply","pose":{"control":1,"durable":2,"entity":1,"position":[0.0,0.00100011611357331,9.0000114440918],"receipt_ms":9721,"sequence":218,"tick":579,"velocity":[0.0,0.0,0.0],"yaw":0.0},"position":[0.0,0.00100011611357331,9.0000114440918],"time_ms":9728,"wall_ms":1791410975233.32,"yaw":0.0}
S03R {"entity":2,"event":"apply","pose":{"control":1,"durable":2,"entity":2,"position":[7.05823421478271,0.00100005290005356,6.57785558700562],"receipt_ms":9721,"sequence":217,"tick":579,"velocity":[0.0,0.0,0.0],"yaw":-0.314159572124481},"position":[7.05823421478271,0.00100005290005356,6.57785558700562],"time_ms":9728,"wall_ms":1791410975233.38,"yaw":-0.314159572124481}
S03R {"entity":1,"event":"apply","pose":{"control":1,"durable":2,"entity":1,"position":[0.0,0.00100011611357331,9.0000114440918],"receipt_ms":9783,"sequence":219,"tick":582,"velocity":[0.0,0.0,0.0],"yaw":0.0},"position":[0.0,0.00100011611357331,9.0000114440918],"time_ms":9790,"wall_ms":1791410975295.43,"yaw":0.0}
S03R {"entity":2,"event":"apply","pose":{"control":1,"durable":2,"entity":2,"position":[7.05823421478271,0.00100005290005356,6.57785558700562],"receipt_ms":9783,"sequence":217,"tick":582,"velocity":[0.0,0.0,0.0],"yaw":-0.314159572124481},"position":[7.05823421478271,0.00100005290005356,6.57785558700562],"time_ms":9790,"wall_ms":1791410975295.48,"yaw":-0.314159572124481}
S03R {"entity":1,"event":"apply","pose":{"control":1,"durable":2,"entity":1,"position":[0.0,0.00100011611357331,9.0000114440918],"receipt_ms":9852,"sequence":221,"tick":585,"velocity":[0.0,0.0,0.0],"yaw":0.0},"position":[0.0,0.00100011611357331,9.0000114440918],"time_ms":9859,"wall_ms":1791410975364.42,"yaw":0.0}
S03R {"entity":2,"event":"apply","pose":{"control":1,"durable":2,"entity":2,"position":[7.05823421478271,0.00100005290005356,6.57785558700562],"receipt_ms":9852,"sequence":219,"tick":585,"velocity":[0.0,0.0,0.0],"yaw":-0.314159572124481},"position":[7.05823421478271,0.00100005290005356,6.57785558700562],"time_ms":9859,"wall_ms":1791410975364.48,"yaw":-0.314159572124481}
S03R {"entity":1,"event":"apply","pose":{"control":1,"durable":2,"entity":1,"position":[0.0,0.00100011611357331,9.0000114440918],"receipt_ms":9860,"sequence":222,"tick":588,"velocity":[0.0,0.0,0.0],"yaw":0.0},"position":[0.0,0.00100011611357331,9.0000114440918],"time_ms":9873,"wall_ms":1791410975378.17,"yaw":0.0}
S03R {"entity":2,"event":"apply","pose":{"control":1,"durable":2,"entity":2,"position":[7.05823421478271,0.00100005290005356,6.57785558700562],"receipt_ms":9860,"sequence":222,"tick":588,"velocity":[0.0,0.0,0.0],"yaw":-0.314159572124481},"position":[7.05823421478271,0.00100005290005356,6.57785558700562],"time_ms":9873,"wall_ms":1791410975378.23,"yaw":-0.314159572124481}
S03R {"event":"keys","move":0.0,"role":"client","tick":462,"time_ms":9894,"turn":0.0,"wall_ms":1791410975398.9}
S03R {"entity":1,"event":"apply","pose":{"control":1,"durable":2,"entity":1,"position":[0.0,0.00100011611357331,9.0000114440918],"receipt_ms":9943,"sequence":224,"tick":591,"velocity":[0.0,0.0,0.0],"yaw":0.0},"position":[0.0,0.00100011611357331,9.0000114440918],"time_ms":9956,"wall_ms":1791410975461.03,"yaw":0.0}
S03R {"entity":2,"event":"apply","pose":{"control":1,"durable":2,"entity":2,"position":[7.05823421478271,0.00100005290005356,6.57785558700562],"receipt_ms":9943,"sequence":222,"tick":591,"velocity":[0.0,0.0,0.0],"yaw":-0.314159572124481},"position":[7.05823421478271,0.00100005290005356,6.57785558700562],"time_ms":9956,"wall_ms":1791410975461.09,"yaw":-0.314159572124481}
S03R {"entity":1,"event":"apply","pose":{"control":1,"durable":2,"entity":1,"position":[0.0,0.00100011611357331,9.0000114440918],"receipt_ms":9963,"sequence":225,"tick":594,"velocity":[0.0,0.0,0.0],"yaw":0.0},"position":[0.0,0.00100011611357331,9.0000114440918],"time_ms":9977,"wall_ms":1791410975481.68,"yaw":0.0}
S03R {"entity":2,"event":"apply","pose":{"control":1,"durable":2,"entity":2,"position":[7.05823421478271,0.00100005290005356,6.57785558700562],"receipt_ms":9963,"sequence":225,"tick":594,"velocity":[0.0,0.0,0.0],"yaw":-0.261799693107605},"position":[7.05823421478271,0.00100005290005356,6.57785558700562],"time_ms":9977,"wall_ms":1791410975481.74,"yaw":-0.261799693107605}
S03R {"entity":1,"event":"apply","pose":{"control":1,"durable":2,"entity":1,"position":[0.0,0.00100011611357331,9.0000114440918],"receipt_ms":10053,"sequence":227,"tick":597,"velocity":[0.0,0.0,0.0],"yaw":0.0},"position":[0.0,0.00100011611357331,9.0000114440918],"time_ms":10060,"wall_ms":1791410975564.58,"yaw":0.0}
S03R {"entity":2,"event":"apply","pose":{"control":1,"durable":2,"entity":2,"position":[7.05823421478271,0.00100005290005356,6.57785558700562],"receipt_ms":10053,"sequence":227,"tick":597,"velocity":[0.0,0.0,0.0],"yaw":-0.104720056056976},"position":[7.05823421478271,0.00100005290005356,6.57785558700562],"time_ms":10060,"wall_ms":1791410975564.66,"yaw":-0.104720056056976}
S03R {"entity":1,"event":"apply","pose":{"control":1,"durable":2,"entity":1,"position":[0.0,0.00100011611357331,9.0000114440918],"receipt_ms":10087,"sequence":228,"tick":600,"velocity":[0.0,0.0,0.0],"yaw":0.0},"position":[0.0,0.00100011611357331,9.0000114440918],"time_ms":10094,"wall_ms":1791410975599.03,"yaw":0.0}
S03R {"entity":2,"event":"apply","pose":{"control":1,"durable":2,"entity":2,"position":[7.05823421478271,0.00100005290005356,6.57785558700562],"receipt_ms":10087,"sequence":227,"tick":600,"velocity":[0.0,0.0,0.0],"yaw":0.0523595735430717},"position":[7.05823421478271,0.00100005290005356,6.57785558700562],"time_ms":10094,"wall_ms":1791410975599.09,"yaw":0.0523595735430717}
S03R {"entity":1,"event":"apply","pose":{"control":1,"durable":2,"entity":1,"position":[0.0,0.00100011611357331,9.0000114440918],"receipt_ms":10149,"sequence":230,"tick":603,"velocity":[0.0,0.0,0.0],"yaw":0.0},"position":[0.0,0.00100011611357331,9.0000114440918],"time_ms":10156,"wall_ms":1791410975661.14,"yaw":0.0}
S03R {"entity":2,"event":"apply","pose":{"control":1,"durable":2,"entity":2,"position":[7.05823421478271,0.00100005290005356,6.57785558700562],"receipt_ms":10149,"sequence":229,"tick":603,"velocity":[0.0,0.0,0.0],"yaw":0.20943920314312},"position":[7.05823421478271,0.00100005290005356,6.57785558700562],"time_ms":10156,"wall_ms":1791410975661.2,"yaw":0.20943920314312}
S03R {"event":"input","index":17,"move":1.0,"position":[7.05823421478271,0.00100005290005356,6.57785558700562],"role":"client","sequence_floor":240,"tick":480,"time_ms":10191,"turn":0.0,"wall_ms":1791410975695.62,"yaw":0.20943920314312}
S03R {"event":"keys","move":1.0,"role":"client","tick":480,"time_ms":10191,"turn":0.0,"wall_ms":1791410975695.67}
S03R {"entity":1,"event":"apply","pose":{"control":1,"durable":2,"entity":1,"position":[0.0,0.00100011611357331,9.0000114440918],"receipt_ms":10246,"sequence":233,"tick":609,"velocity":[0.0,0.0,0.0],"yaw":0.0},"position":[0.0,0.00100011611357331,9.0000114440918],"time_ms":10260,"wall_ms":1791410975764.63,"yaw":0.0}
S03R {"entity":2,"event":"apply","pose":{"control":1,"durable":2,"entity":2,"position":[7.05823421478271,0.00100005290005356,6.57785558700562],"receipt_ms":10246,"sequence":232,"tick":609,"velocity":[0.0,0.0,0.0],"yaw":0.261799216270447},"position":[7.05823421478271,0.00100005290005356,6.57785558700562],"time_ms":10260,"wall_ms":1791410975764.69,"yaw":0.261799216270447}
S03R {"entity":1,"event":"apply","pose":{"control":1,"durable":2,"entity":1,"position":[0.0,0.00100011611357331,9.0000114440918],"receipt_ms":10260,"sequence":234,"tick":612,"velocity":[0.0,0.0,0.0],"yaw":0.0},"position":[0.0,0.00100011611357331,9.0000114440918],"time_ms":10273,"wall_ms":1791410975778.37,"yaw":0.0}
S03R {"entity":2,"event":"apply","pose":{"control":1,"durable":2,"entity":2,"position":[7.05823421478271,0.00100005290005356,6.57785558700562],"receipt_ms":10260,"sequence":232,"tick":612,"velocity":[0.0,0.0,0.0],"yaw":0.261799216270447},"position":[7.05823421478271,0.00100005290005356,6.57785558700562],"time_ms":10273,"wall_ms":1791410975778.43,"yaw":0.261799216270447}
S03R {"entity":1,"event":"apply","pose":{"control":1,"durable":2,"entity":1,"position":[0.0,0.00100011611357331,9.0000114440918],"receipt_ms":10349,"sequence":237,"tick":618,"velocity":[0.0,0.0,0.0],"yaw":0.0},"position":[0.0,0.00100011611357331,9.0000114440918],"time_ms":10356,"wall_ms":1791410975861.24,"yaw":0.0}
S03R {"entity":2,"event":"apply","pose":{"control":1,"durable":2,"entity":2,"position":[7.05823421478271,0.00100005290005356,6.57785558700562],"receipt_ms":10349,"sequence":236,"tick":618,"velocity":[0.0,0.0,0.0],"yaw":0.261799216270447},"position":[7.05823421478271,0.00100005290005356,6.57785558700562],"time_ms":10356,"wall_ms":1791410975861.3,"yaw":0.261799216270447}
S03R {"event":"keys","move":0.0,"role":"client","tick":492,"time_ms":10391,"turn":0.0,"wall_ms":1791410975895.72}
S03R {"entity":1,"event":"apply","pose":{"control":1,"durable":2,"entity":1,"position":[0.0,0.00100011611357331,9.0000114440918],"receipt_ms":10418,"sequence":240,"tick":624,"velocity":[0.0,0.0,0.0],"yaw":0.0},"position":[0.0,0.00100011611357331,9.0000114440918],"time_ms":10425,"wall_ms":1791410975930.25,"yaw":0.0}
S03R {"entity":2,"event":"apply","pose":{"control":1,"durable":2,"entity":2,"position":[6.99352931976318,0.00100005290005356,6.33637380599976],"receipt_ms":10418,"sequence":240,"tick":624,"velocity":[-1.29409265518188,0.0,-4.82962274551392],"yaw":0.261799216270447},"position":[6.99352931976318,0.00100005290005356,6.33637380599976],"time_ms":10425,"wall_ms":1791410975930.31,"yaw":0.261799216270447}
S03R {"entity":1,"event":"apply","pose":{"control":1,"durable":2,"entity":1,"position":[0.0,0.00100011611357331,9.0000114440918],"receipt_ms":10522,"sequence":243,"tick":630,"velocity":[0.0,0.0,0.0],"yaw":0.0},"position":[0.0,0.00100011611357331,9.0000114440918],"time_ms":10529,"wall_ms":1791410976033.76,"yaw":0.0}
S03R {"entity":2,"event":"apply","pose":{"control":1,"durable":2,"entity":2,"position":[6.86411952972412,0.00100005290005356,5.85341024398804],"receipt_ms":10522,"sequence":241,"tick":630,"velocity":[-1.29409265518188,0.0,-4.82962274551392],"yaw":0.261799216270447},"position":[6.86411952972412,0.00100005290005356,5.85341024398804],"time_ms":10529,"wall_ms":1791410976033.82,"yaw":0.261799216270447}
S03R {"entity":1,"event":"apply","pose":{"control":1,"durable":2,"entity":1,"position":[0.0,0.00100011611357331,9.0000114440918],"receipt_ms":10646,"sequence":246,"tick":636,"velocity":[0.0,0.0,0.0],"yaw":0.0},"position":[0.0,0.00100011611357331,9.0000114440918],"time_ms":10660,"wall_ms":1791410976164.85,"yaw":0.0}
S03R {"entity":2,"event":"apply","pose":{"control":1,"durable":2,"entity":2,"position":[6.7562780380249,0.00100005290005356,5.45094060897827],"receipt_ms":10646,"sequence":246,"tick":636,"velocity":[0.0,0.0,0.0],"yaw":0.261799216270447},"position":[6.7562780380249,0.00100005290005356,5.45094060897827],"time_ms":10660,"wall_ms":1791410976164.91,"yaw":0.261799216270447}
S03R {"event":"input","index":18,"move":0.0,"position":[6.7562780380249,0.00100005290005356,5.45094060897827],"role":"client","sequence_floor":255,"tick":510,"time_ms":10694,"turn":1.0,"wall_ms":1791410976199.34,"yaw":0.261799216270447}
S03R {"event":"keys","move":0.0,"role":"client","tick":510,"time_ms":10694,"turn":1.0,"wall_ms":1791410976199.38}
S03R {"entity":1,"event":"apply","pose":{"control":1,"durable":2,"entity":1,"position":[0.0,0.00100011611357331,9.0000114440918],"receipt_ms":10729,"sequence":248,"tick":639,"velocity":[0.0,0.0,0.0],"yaw":0.0},"position":[0.0,0.00100011611357331,9.0000114440918],"time_ms":10743,"wall_ms":1791410976247.6,"yaw":0.0}
S03R {"entity":2,"event":"apply","pose":{"control":1,"durable":2,"entity":2,"position":[6.7562780380249,0.00100005290005356,5.45094060897827],"receipt_ms":10729,"sequence":246,"tick":639,"velocity":[0.0,0.0,0.0],"yaw":0.261799216270447},"position":[6.7562780380249,0.00100005290005356,5.45094060897827],"time_ms":10743,"wall_ms":1791410976247.66,"yaw":0.261799216270447}
S03R {"entity":1,"event":"apply","pose":{"control":1,"durable":2,"entity":1,"position":[0.0,0.00100011611357331,9.0000114440918],"receipt_ms":10784,"sequence":251,"tick":645,"velocity":[0.0,0.0,0.0],"yaw":0.0},"position":[0.0,0.00100011611357331,9.0000114440918],"time_ms":10791,"wall_ms":1791410976295.94,"yaw":0.0}
S03R {"entity":2,"event":"apply","pose":{"control":1,"durable":2,"entity":2,"position":[6.7562780380249,0.00100005290005356,5.45094060897827],"receipt_ms":10784,"sequence":250,"tick":645,"velocity":[0.0,0.0,0.0],"yaw":0.261799216270447},"position":[6.7562780380249,0.00100005290005356,5.45094060897827],"time_ms":10791,"wall_ms":1791410976296.0,"yaw":0.261799216270447}
S03R {"entity":1,"event":"apply","pose":{"control":1,"durable":2,"entity":1,"position":[0.0,0.00100011611357331,9.0000114440918],"receipt_ms":10860,"sequence":252,"tick":648,"velocity":[0.0,0.0,0.0],"yaw":0.0},"position":[0.0,0.00100011611357331,9.0000114440918],"time_ms":10874,"wall_ms":1791410976378.7,"yaw":0.0}
S03R {"entity":2,"event":"apply","pose":{"control":1,"durable":2,"entity":2,"position":[6.7562780380249,0.00100005290005356,5.45094060897827],"receipt_ms":10860,"sequence":251,"tick":648,"velocity":[0.0,0.0,0.0],"yaw":0.261799216270447},"position":[6.7562780380249,0.00100005290005356,5.45094060897827],"time_ms":10874,"wall_ms":1791410976378.76,"yaw":0.261799216270447}
S03R {"event":"keys","move":0.0,"role":"client","tick":522,"time_ms":10894,"turn":0.0,"wall_ms":1791410976399.41}
S03R {"entity":1,"event":"apply","pose":{"control":1,"durable":2,"entity":1,"position":[0.0,0.00100011611357331,9.0000114440918],"receipt_ms":10936,"sequence":255,"tick":654,"velocity":[0.0,0.0,0.0],"yaw":0.0},"position":[0.0,0.00100011611357331,9.0000114440918],"time_ms":10943,"wall_ms":1791410976447.71,"yaw":0.0}
S03R {"entity":2,"event":"apply","pose":{"control":1,"durable":2,"entity":2,"position":[6.7562780380249,0.00100005290005356,5.45094060897827],"receipt_ms":10936,"sequence":254,"tick":654,"velocity":[0.0,0.0,0.0],"yaw":0.261799216270447},"position":[6.7562780380249,0.00100005290005356,5.45094060897827],"time_ms":10943,"wall_ms":1791410976447.77,"yaw":0.261799216270447}
S03R {"entity":1,"event":"apply","pose":{"control":1,"durable":2,"entity":1,"position":[0.0,0.00100011611357331,9.0000114440918],"receipt_ms":11005,"sequence":258,"tick":660,"velocity":[0.0,0.0,0.0],"yaw":0.0},"position":[0.0,0.00100011611357331,9.0000114440918],"time_ms":11012,"wall_ms":1791410976516.7,"yaw":0.0}
S03R {"entity":2,"event":"apply","pose":{"control":1,"durable":2,"entity":2,"position":[6.7562780380249,0.00100005290005356,5.45094060897827],"receipt_ms":11005,"sequence":258,"tick":660,"velocity":[0.0,0.0,0.0],"yaw":-0.0523600727319717},"position":[6.7562780380249,0.00100005290005356,5.45094060897827],"time_ms":11012,"wall_ms":1791410976516.76,"yaw":-0.0523600727319717}
S03R {"entity":1,"event":"apply","pose":{"control":1,"durable":2,"entity":1,"position":[0.0,0.00100011611357331,9.0000114440918],"receipt_ms":11136,"sequence":260,"tick":663,"velocity":[0.0,0.0,0.0],"yaw":0.0},"position":[0.0,0.00100011611357331,9.0000114440918],"time_ms":11143,"wall_ms":1791410976647.81,"yaw":0.0}
S03R {"entity":2,"event":"apply","pose":{"control":1,"durable":2,"entity":2,"position":[6.7562780380249,0.00100005290005356,5.45094060897827],"receipt_ms":11136,"sequence":260,"tick":663,"velocity":[0.0,0.0,0.0],"yaw":-0.209439724683762},"position":[6.7562780380249,0.00100005290005356,5.45094060897827],"time_ms":11143,"wall_ms":1791410976647.87,"yaw":-0.209439724683762}
S03R {"entity":1,"event":"apply","pose":{"control":1,"durable":2,"entity":1,"position":[0.0,0.00100011611357331,9.0000114440918],"receipt_ms":11143,"sequence":261,"tick":666,"velocity":[0.0,0.0,0.0],"yaw":0.0},"position":[0.0,0.00100011611357331,9.0000114440918],"time_ms":11157,"wall_ms":1791410976661.66,"yaw":0.0}
S03R {"entity":2,"event":"apply","pose":{"control":1,"durable":2,"entity":2,"position":[6.7562780380249,0.00100005290005356,5.45094060897827],"receipt_ms":11143,"sequence":260,"tick":666,"velocity":[0.0,0.0,0.0],"yaw":-0.36651936173439},"position":[6.7562780380249,0.00100005290005356,5.45094060897827],"time_ms":11157,"wall_ms":1791410976661.71,"yaw":-0.36651936173439}
S03R {"event":"input","index":19,"move":1.0,"position":[6.7562780380249,0.00100005290005356,5.45094060897827],"role":"client","sequence_floor":270,"tick":540,"time_ms":11191,"turn":0.0,"wall_ms":1791410976696.14,"yaw":-0.36651936173439}
S03R {"event":"keys","move":1.0,"role":"client","tick":540,"time_ms":11191,"turn":0.0,"wall_ms":1791410976696.19}
S03R {"entity":1,"event":"apply","pose":{"control":1,"durable":2,"entity":1,"position":[0.0,0.00100011611357331,9.0000114440918],"receipt_ms":11205,"sequence":263,"tick":669,"velocity":[0.0,0.0,0.0],"yaw":0.0},"position":[0.0,0.00100011611357331,9.0000114440918],"time_ms":11212,"wall_ms":1791410976716.8,"yaw":0.0}
S03R {"entity":2,"event":"apply","pose":{"control":1,"durable":2,"entity":2,"position":[6.7562780380249,0.00100005290005356,5.45094060897827],"receipt_ms":11205,"sequence":261,"tick":669,"velocity":[0.0,0.0,0.0],"yaw":-0.471239179372787},"position":[6.7562780380249,0.00100005290005356,5.45094060897827],"time_ms":11212,"wall_ms":1791410976716.86,"yaw":-0.471239179372787}
S03R {"entity":1,"event":"apply","pose":{"control":1,"durable":2,"entity":1,"position":[0.0,0.00100011611357331,9.0000114440918],"receipt_ms":11288,"sequence":264,"tick":672,"velocity":[0.0,0.0,0.0],"yaw":0.0},"position":[0.0,0.00100011611357331,9.0000114440918],"time_ms":11295,"wall_ms":1791410976799.66,"yaw":0.0}
S03R {"entity":2,"event":"apply","pose":{"control":1,"durable":2,"entity":2,"position":[6.7562780380249,0.00100005290005356,5.45094060897827],"receipt_ms":11288,"sequence":264,"tick":672,"velocity":[0.0,0.0,0.0],"yaw":-0.471239179372787},"position":[6.7562780380249,0.00100005290005356,5.45094060897827],"time_ms":11295,"wall_ms":1791410976799.71,"yaw":-0.471239179372787}
S03R {"entity":1,"event":"apply","pose":{"control":1,"durable":2,"entity":1,"position":[0.0,0.00100011611357331,9.0000114440918],"receipt_ms":11322,"sequence":266,"tick":675,"velocity":[0.0,0.0,0.0],"yaw":0.0},"position":[0.0,0.00100011611357331,9.0000114440918],"time_ms":11329,"wall_ms":1791410976834.16,"yaw":0.0}
S03R {"entity":2,"event":"apply","pose":{"control":1,"durable":2,"entity":2,"position":[6.7562780380249,0.00100005290005356,5.45094060897827],"receipt_ms":11322,"sequence":264,"tick":675,"velocity":[0.0,0.0,0.0],"yaw":-0.471239179372787},"position":[6.7562780380249,0.00100005290005356,5.45094060897827],"time_ms":11329,"wall_ms":1791410976834.21,"yaw":-0.471239179372787}
S03R {"entity":1,"event":"apply","pose":{"control":1,"durable":2,"entity":1,"position":[0.0,0.00100011611357331,9.0000114440918],"receipt_ms":11364,"sequence":267,"tick":678,"velocity":[0.0,0.0,0.0],"yaw":0.0},"position":[0.0,0.00100011611357331,9.0000114440918],"time_ms":11377,"wall_ms":1791410976882.38,"yaw":0.0}
S03R {"entity":2,"event":"apply","pose":{"control":1,"durable":2,"entity":2,"position":[6.7562780380249,0.00100005290005356,5.45094060897827],"receipt_ms":11364,"sequence":267,"tick":678,"velocity":[0.0,0.0,0.0],"yaw":-0.471239179372787},"position":[6.7562780380249,0.00100005290005356,5.45094060897827],"time_ms":11377,"wall_ms":1791410976882.44,"yaw":-0.471239179372787}
S03R {"event":"keys","move":0.0,"role":"client","tick":552,"time_ms":11391,"turn":0.0,"wall_ms":1791410976896.23}
S03R {"entity":1,"event":"apply","pose":{"control":1,"durable":2,"entity":1,"position":[0.0,0.00100011611357331,9.0000114440918],"receipt_ms":11392,"sequence":269,"tick":681,"velocity":[0.0,0.0,0.0],"yaw":0.0},"position":[0.0,0.00100011611357331,9.0000114440918],"time_ms":11412,"wall_ms":1791410976916.91,"yaw":0.0}
S03R {"entity":2,"event":"apply","pose":{"control":1,"durable":2,"entity":2,"position":[6.7562780380249,0.00100005290005356,5.45094060897827],"receipt_ms":11392,"sequence":268,"tick":681,"velocity":[0.0,0.0,0.0],"yaw":-0.471239179372787},"position":[6.7562780380249,0.00100005290005356,5.45094060897827],"time_ms":11412,"wall_ms":1791410976916.97,"yaw":-0.471239179372787}
S03R {"entity":1,"event":"apply","pose":{"control":1,"durable":2,"entity":1,"position":[0.0,0.00100011611357331,9.0000114440918],"receipt_ms":11481,"sequence":272,"tick":687,"velocity":[0.0,0.0,0.0],"yaw":0.0},"position":[0.0,0.00100011611357331,9.0000114440918],"time_ms":11495,"wall_ms":1791410976999.75,"yaw":0.0}
S03R {"entity":2,"event":"apply","pose":{"control":1,"durable":2,"entity":2,"position":[6.83194351196289,0.00100005290005356,5.30244016647339],"receipt_ms":11481,"sequence":271,"tick":687,"velocity":[2.26995062828064,0.0,-4.45502614974976],"yaw":-0.471239179372787},"position":[6.83194351196289,0.00100005290005356,5.30244016647339],"time_ms":11495,"wall_ms":1791410976999.81,"yaw":-0.471239179372787}
S03R {"entity":1,"event":"apply","pose":{"control":1,"durable":2,"entity":1,"position":[0.0,0.00100011611357331,9.0000114440918],"receipt_ms":11571,"sequence":273,"tick":690,"velocity":[0.0,0.0,0.0],"yaw":0.0},"position":[0.0,0.00100011611357331,9.0000114440918],"time_ms":11577,"wall_ms":1791410977082.52,"yaw":0.0}
S03R {"entity":2,"event":"apply","pose":{"control":1,"durable":2,"entity":2,"position":[6.94544172286987,0.00100005290005356,5.07968950271606],"receipt_ms":11571,"sequence":272,"tick":690,"velocity":[2.26995062828064,0.0,-4.45502614974976],"yaw":-0.471239179372787},"position":[6.94544172286987,0.00100005290005356,5.07968950271606],"time_ms":11577,"wall_ms":1791410977082.58,"yaw":-0.471239179372787}
S03R {"entity":1,"event":"apply","pose":{"control":1,"durable":2,"entity":1,"position":[0.0,0.00100011611357331,9.0000114440918],"receipt_ms":11612,"sequence":275,"tick":693,"velocity":[0.0,0.0,0.0],"yaw":0.0},"position":[0.0,0.00100011611357331,9.0000114440918],"time_ms":11626,"wall_ms":1791410977130.86,"yaw":0.0}
S03R {"entity":2,"event":"apply","pose":{"control":1,"durable":2,"entity":2,"position":[7.05893993377686,0.00100005290005356,4.85693883895874],"receipt_ms":11612,"sequence":273,"tick":693,"velocity":[2.26995062828064,0.0,-4.45502614974976],"yaw":-0.471239179372787},"position":[7.05893993377686,0.00100005290005356,4.85693883895874],"time_ms":11626,"wall_ms":1791410977130.92,"yaw":-0.471239179372787}
S03R {"event":"input","index":20,"move":0.0,"position":[7.05893993377686,0.00100005290005356,4.85693883895874],"role":"client","sequence_floor":285,"tick":570,"time_ms":11695,"turn":-1.0,"wall_ms":1791410977199.87,"yaw":-0.471239179372787}
S03R {"event":"keys","move":0.0,"role":"client","tick":570,"time_ms":11695,"turn":-1.0,"wall_ms":1791410977199.93}
S03R {"entity":1,"event":"apply","pose":{"control":1,"durable":2,"entity":1,"position":[0.0,0.00100011611357331,9.0000114440918],"receipt_ms":11702,"sequence":278,"tick":699,"velocity":[0.0,0.0,0.0],"yaw":0.0},"position":[0.0,0.00100011611357331,9.0000114440918],"time_ms":11709,"wall_ms":1791410977213.63,"yaw":0.0}
S03R {"entity":2,"event":"apply","pose":{"control":1,"durable":2,"entity":2,"position":[7.17243814468384,0.00100005290005356,4.63418817520142],"receipt_ms":11702,"sequence":277,"tick":699,"velocity":[0.0,0.0,0.0],"yaw":-0.471239179372787},"position":[7.17243814468384,0.00100005290005356,4.63418817520142],"time_ms":11709,"wall_ms":1791410977213.7,"yaw":-0.471239179372787}
S03R {"entity":1,"event":"apply","pose":{"control":1,"durable":2,"entity":1,"position":[0.0,0.00100011611357331,9.0000114440918],"receipt_ms":11709,"sequence":279,"tick":702,"velocity":[0.0,0.0,0.0],"yaw":0.0},"position":[0.0,0.00100011611357331,9.0000114440918],"time_ms":11729,"wall_ms":1791410977234.41,"yaw":0.0}
S03R {"entity":2,"event":"apply","pose":{"control":1,"durable":2,"entity":2,"position":[7.17243814468384,0.00100005290005356,4.63418817520142],"receipt_ms":11709,"sequence":279,"tick":702,"velocity":[0.0,0.0,0.0],"yaw":-0.471239179372787},"position":[7.17243814468384,0.00100005290005356,4.63418817520142],"time_ms":11729,"wall_ms":1791410977234.47,"yaw":-0.471239179372787}
S03R {"entity":1,"event":"apply","pose":{"control":1,"durable":2,"entity":1,"position":[0.0,0.00100011611357331,9.0000114440918],"receipt_ms":11764,"sequence":281,"tick":705,"velocity":[0.0,0.0,0.0],"yaw":0.0},"position":[0.0,0.00100011611357331,9.0000114440918],"time_ms":11778,"wall_ms":1791410977282.67,"yaw":0.0}
S03R {"entity":2,"event":"apply","pose":{"control":1,"durable":2,"entity":2,"position":[7.17243814468384,0.00100005290005356,4.63418817520142],"receipt_ms":11764,"sequence":279,"tick":705,"velocity":[0.0,0.0,0.0],"yaw":-0.471239179372787},"position":[7.17243814468384,0.00100005290005356,4.63418817520142],"time_ms":11778,"wall_ms":1791410977282.73,"yaw":-0.471239179372787}
S03R {"event":"keys","move":0.0,"role":"client","tick":582,"time_ms":11895,"turn":0.0,"wall_ms":1791410977399.92}
S03R {"entity":1,"event":"apply","pose":{"control":1,"durable":2,"entity":1,"position":[0.0,0.00100011611357331,9.0000114440918],"receipt_ms":11881,"sequence":282,"tick":708,"velocity":[0.0,0.0,0.0],"yaw":0.0},"position":[0.0,0.00100011611357331,9.0000114440918],"time_ms":11895,"wall_ms":1791410977399.99,"yaw":0.0}
S03R {"entity":2,"event":"apply","pose":{"control":1,"durable":2,"entity":2,"position":[7.17243814468384,0.00100005290005356,4.63418817520142],"receipt_ms":11881,"sequence":281,"tick":708,"velocity":[0.0,0.0,0.0],"yaw":-0.471239179372787},"position":[7.17243814468384,0.00100005290005356,4.63418817520142],"time_ms":11895,"wall_ms":1791410977400.01,"yaw":-0.471239179372787}
S03R {"entity":1,"event":"apply","pose":{"control":1,"durable":2,"entity":1,"position":[0.0,0.00100011611357331,9.0000114440918],"receipt_ms":11916,"sequence":284,"tick":711,"velocity":[0.0,0.0,0.0],"yaw":0.0},"position":[0.0,0.00100011611357331,9.0000114440918],"time_ms":11929,"wall_ms":1791410977434.44,"yaw":0.0}
S03R {"entity":2,"event":"apply","pose":{"control":1,"durable":2,"entity":2,"position":[7.17243814468384,0.00100005290005356,4.63418817520142],"receipt_ms":11916,"sequence":282,"tick":711,"velocity":[0.0,0.0,0.0],"yaw":-0.471239179372787},"position":[7.17243814468384,0.00100005290005356,4.63418817520142],"time_ms":11929,"wall_ms":1791410977434.51,"yaw":-0.471239179372787}
S03R {"entity":1,"event":"apply","pose":{"control":1,"durable":2,"entity":1,"position":[0.0,0.00100011611357331,9.0000114440918],"receipt_ms":11985,"sequence":287,"tick":717,"velocity":[0.0,0.0,0.0],"yaw":0.0},"position":[0.0,0.00100011611357331,9.0000114440918],"time_ms":11991,"wall_ms":1791410977496.58,"yaw":0.0}
S03R {"entity":2,"event":"apply","pose":{"control":1,"durable":2,"entity":2,"position":[7.17243814468384,0.00100005290005356,4.63418817520142],"receipt_ms":11985,"sequence":286,"tick":717,"velocity":[0.0,0.0,0.0],"yaw":-0.209439754486084},"position":[7.17243814468384,0.00100005290005356,4.63418817520142],"time_ms":11992,"wall_ms":1791410977496.65,"yaw":-0.209439754486084}
S03R {"entity":1,"event":"apply","pose":{"control":1,"durable":2,"entity":1,"position":[0.0,0.00100011611357331,9.0000114440918],"receipt_ms":12061,"sequence":290,"tick":723,"velocity":[0.0,0.0,0.0],"yaw":0.0},"position":[0.0,0.00100011611357331,9.0000114440918],"time_ms":12074,"wall_ms":1791410977579.32,"yaw":0.0}
S03R {"entity":2,"event":"apply","pose":{"control":1,"durable":2,"entity":2,"position":[7.17243814468384,0.00100005290005356,4.63418817520142],"receipt_ms":12061,"sequence":290,"tick":723,"velocity":[0.0,0.0,0.0],"yaw":0.104719519615173},"position":[7.17243814468384,0.00100005290005356,4.63418817520142],"time_ms":12074,"wall_ms":1791410977579.4,"yaw":0.104719519615173}
S03R {"event":"input","index":21,"move":1.0,"position":[7.17243814468384,0.00100005290005356,4.63418817520142],"role":"client","sequence_floor":300,"tick":600,"time_ms":12192,"turn":0.0,"wall_ms":1791410977696.64,"yaw":0.104719519615173}
S03R {"event":"keys","move":1.0,"role":"client","tick":600,"time_ms":12192,"turn":0.0,"wall_ms":1791410977696.67}
S03R {"entity":1,"event":"apply","pose":{"control":1,"durable":2,"entity":1,"position":[0.0,0.00100011611357331,9.0000114440918],"receipt_ms":12205,"sequence":293,"tick":729,"velocity":[0.0,0.0,0.0],"yaw":0.0},"position":[0.0,0.00100011611357331,9.0000114440918],"time_ms":12212,"wall_ms":1791410977717.31,"yaw":0.0}
S03R {"entity":2,"event":"apply","pose":{"control":1,"durable":2,"entity":2,"position":[7.17243814468384,0.00100005290005356,4.63418817520142],"receipt_ms":12205,"sequence":294,"tick":729,"velocity":[0.0,0.0,0.0],"yaw":0.157079428434372},"position":[7.17243814468384,0.00100005290005356,4.63418817520142],"time_ms":12212,"wall_ms":1791410977717.35,"yaw":0.157079428434372}
S03R {"entity":1,"event":"apply","pose":{"control":1,"durable":2,"entity":1,"position":[0.0,0.00100011611357331,9.0000114440918],"receipt_ms":12275,"sequence":294,"tick":732,"velocity":[0.0,0.0,0.0],"yaw":0.0},"position":[0.0,0.00100011611357331,9.0000114440918],"time_ms":12295,"wall_ms":1791410977800.18,"yaw":0.0}
S03R {"entity":2,"event":"apply","pose":{"control":1,"durable":2,"entity":2,"position":[7.17243814468384,0.00100005290005356,4.63418817520142],"receipt_ms":12275,"sequence":295,"tick":732,"velocity":[0.0,0.0,0.0],"yaw":0.157079413533211},"position":[7.17243814468384,0.00100005290005356,4.63418817520142],"time_ms":12295,"wall_ms":1791410977800.25,"yaw":0.157079413533211}
S03R {"entity":1,"event":"apply","pose":{"control":1,"durable":2,"entity":1,"position":[0.0,0.00100011611357331,9.0000114440918],"receipt_ms":12316,"sequence":296,"tick":735,"velocity":[0.0,0.0,0.0],"yaw":0.0},"position":[0.0,0.00100011611357331,9.0000114440918],"time_ms":12330,"wall_ms":1791410977834.68,"yaw":0.0}
S03R {"entity":2,"event":"apply","pose":{"control":1,"durable":2,"entity":2,"position":[7.17243814468384,0.00100005290005356,4.63418817520142],"receipt_ms":12316,"sequence":296,"tick":735,"velocity":[0.0,0.0,0.0],"yaw":0.157079413533211},"position":[7.17243814468384,0.00100005290005356,4.63418817520142],"time_ms":12330,"wall_ms":1791410977834.75,"yaw":0.157079413533211}
S03R {"entity":1,"event":"apply","pose":{"control":1,"durable":2,"entity":1,"position":[0.0,0.00100011611357331,9.0000114440918],"receipt_ms":12385,"sequence":297,"tick":738,"velocity":[0.0,0.0,0.0],"yaw":0.0},"position":[0.0,0.00100011611357331,9.0000114440918],"time_ms":12392,"wall_ms":1791410977896.91,"yaw":0.0}
S03R {"entity":2,"event":"apply","pose":{"control":1,"durable":2,"entity":2,"position":[7.17243814468384,0.00100005290005356,4.63418817520142],"receipt_ms":12385,"sequence":296,"tick":738,"velocity":[0.0,0.0,0.0],"yaw":0.157079428434372},"position":[7.17243814468384,0.00100005290005356,4.63418817520142],"time_ms":12392,"wall_ms":1791410977897.02,"yaw":0.157079428434372}
S03R {"entity":1,"event":"apply","pose":{"control":1,"durable":2,"entity":1,"position":[0.0,0.00100011611357331,9.0000114440918],"receipt_ms":12419,"sequence":299,"tick":741,"velocity":[0.0,0.0,0.0],"yaw":0.0},"position":[0.0,0.00100011611357331,9.0000114440918],"time_ms":12426,"wall_ms":1791410977931.39,"yaw":0.0}
S03R {"entity":2,"event":"apply","pose":{"control":1,"durable":2,"entity":2,"position":[7.17243814468384,0.00100005290005356,4.63418817520142],"receipt_ms":12419,"sequence":299,"tick":741,"velocity":[0.0,0.0,0.0],"yaw":0.157079428434372},"position":[7.17243814468384,0.00100005290005356,4.63418817520142],"time_ms":12426,"wall_ms":1791410977931.48,"yaw":0.157079428434372}
S03R {"entity":1,"event":"apply","pose":{"control":1,"durable":2,"entity":1,"position":[0.0,0.00100011611357331,9.0000114440918],"receipt_ms":12495,"sequence":300,"tick":744,"velocity":[0.0,0.0,0.0],"yaw":0.0},"position":[0.0,0.00100011611357331,9.0000114440918],"time_ms":12509,"wall_ms":1791410978014.05,"yaw":0.0}
S03R {"entity":2,"event":"apply","pose":{"control":1,"durable":2,"entity":2,"position":[6.0,0.00100011611357331,5.83333396911621],"receipt_ms":12495,"sequence":300,"tick":744,"velocity":[0.0,0.0,-4.99998760223389],"yaw":0.0},"position":[6.0,0.00100011611357331,5.83333396911621],"time_ms":12509,"wall_ms":1791410978014.12,"yaw":0.0}
S03R {"entity":1,"event":"apply","pose":{"control":1,"durable":2,"entity":1,"position":[0.0,0.00100011611357331,9.0000114440918],"receipt_ms":12510,"sequence":302,"tick":747,"velocity":[0.0,0.0,0.0],"yaw":0.0},"position":[0.0,0.00100011611357331,9.0000114440918],"time_ms":12530,"wall_ms":1791410978034.79,"yaw":0.0}
S03R {"entity":2,"event":"apply","pose":{"control":1,"durable":2,"entity":2,"position":[6.0,0.00100011611357331,5.58333492279053],"receipt_ms":12510,"sequence":301,"tick":747,"velocity":[0.0,0.0,-4.99998760223389],"yaw":0.0},"position":[6.0,0.00100011611357331,5.58333492279053],"time_ms":12530,"wall_ms":1791410978034.85,"yaw":0.0}
S03R {"entity":1,"event":"apply","pose":{"control":1,"durable":2,"entity":1,"position":[0.0,0.00100011611357331,9.0000114440918],"receipt_ms":12544,"sequence":303,"tick":750,"velocity":[0.0,0.0,0.0],"yaw":0.0},"position":[0.0,0.00100011611357331,9.0000114440918],"time_ms":12557,"wall_ms":1791410978062.39,"yaw":0.0}
S03R {"entity":2,"event":"apply","pose":{"control":1,"durable":2,"entity":2,"position":[6.0,0.00100011611357331,5.33333587646484],"receipt_ms":12544,"sequence":303,"tick":750,"velocity":[0.0,0.0,-4.99998760223389],"yaw":0.0},"position":[6.0,0.00100011611357331,5.33333587646484],"time_ms":12557,"wall_ms":1791410978062.45,"yaw":0.0}
S03R {"entity":1,"event":"apply","pose":{"control":1,"durable":2,"entity":1,"position":[0.0,0.00100011611357331,9.0000114440918],"receipt_ms":12599,"sequence":305,"tick":753,"velocity":[0.0,0.0,0.0],"yaw":0.0},"position":[0.0,0.00100011611357331,9.0000114440918],"time_ms":12612,"wall_ms":1791410978117.54,"yaw":0.0}
S03R {"entity":2,"event":"apply","pose":{"control":1,"durable":2,"entity":2,"position":[6.0,0.00100011611357331,5.08333683013916],"receipt_ms":12599,"sequence":303,"tick":753,"velocity":[0.0,0.0,-4.99998760223389],"yaw":0.0},"position":[6.0,0.00100011611357331,5.08333683013916],"time_ms":12612,"wall_ms":1791410978117.6,"yaw":0.0}
S03R {"entity":1,"event":"apply","pose":{"control":1,"durable":2,"entity":1,"position":[0.0,0.00100011611357331,9.0000114440918],"receipt_ms":12702,"sequence":308,"tick":759,"velocity":[0.0,0.0,0.0],"yaw":0.0},"position":[0.0,0.00100011611357331,9.0000114440918],"time_ms":12709,"wall_ms":1791410978214.15,"yaw":0.0}
S03R {"entity":2,"event":"apply","pose":{"control":1,"durable":2,"entity":2,"position":[6.0,0.00100011611357331,4.58333873748779],"receipt_ms":12702,"sequence":307,"tick":759,"velocity":[0.0,0.0,-4.99998760223389],"yaw":0.0},"position":[6.0,0.00100011611357331,4.58333873748779],"time_ms":12709,"wall_ms":1791410978214.21,"yaw":0.0}
S03R {"entity":1,"event":"apply","pose":{"control":1,"durable":2,"entity":1,"position":[0.0,0.00100011611357331,9.0000114440918],"receipt_ms":12730,"sequence":309,"tick":762,"velocity":[0.0,0.0,0.0],"yaw":0.0},"position":[0.0,0.00100011611357331,9.0000114440918],"time_ms":12744,"wall_ms":1791410978248.64,"yaw":0.0}
S03R {"entity":2,"event":"apply","pose":{"control":1,"durable":2,"entity":2,"position":[6.0,0.00100011611357331,4.33333969116211],"receipt_ms":12730,"sequence":309,"tick":762,"velocity":[0.0,0.0,-4.99998760223389],"yaw":0.0},"position":[6.0,0.00100011611357331,4.33333969116211],"time_ms":12744,"wall_ms":1791410978248.71,"yaw":0.0}
S03R {"entity":1,"event":"apply","pose":{"control":1,"durable":2,"entity":1,"position":[0.0,0.00100011611357331,9.0000114440918],"receipt_ms":12771,"sequence":311,"tick":765,"velocity":[0.0,0.0,0.0],"yaw":0.0},"position":[0.0,0.00100011611357331,9.0000114440918],"time_ms":12778,"wall_ms":1791410978283.14,"yaw":0.0}
S03R {"entity":2,"event":"apply","pose":{"control":1,"durable":2,"entity":2,"position":[6.0,0.00100011611357331,4.08334064483643],"receipt_ms":12771,"sequence":309,"tick":765,"velocity":[0.0,0.0,-4.99998760223389],"yaw":0.0},"position":[6.0,0.00100011611357331,4.08334064483643],"time_ms":12778,"wall_ms":1791410978283.21,"yaw":0.0}
S03R {"entity":1,"event":"apply","pose":{"control":1,"durable":2,"entity":1,"position":[0.0,0.00100011611357331,9.0000114440918],"receipt_ms":12827,"sequence":312,"tick":768,"velocity":[0.0,0.0,0.0],"yaw":0.0},"position":[0.0,0.00100011611357331,9.0000114440918],"time_ms":12840,"wall_ms":1791410978345.24,"yaw":0.0}
S03R {"entity":2,"event":"apply","pose":{"control":1,"durable":2,"entity":2,"position":[6.0,0.00100011611357331,3.83334159851074],"receipt_ms":12827,"sequence":313,"tick":768,"velocity":[0.0,0.0,-4.99998760223389],"yaw":0.0},"position":[6.0,0.00100011611357331,3.83334159851074],"time_ms":12840,"wall_ms":1791410978345.3,"yaw":0.0}
S03R {"entity":1,"event":"apply","pose":{"control":1,"durable":2,"entity":1,"position":[0.0,0.00100011611357331,9.0000114440918],"receipt_ms":12930,"sequence":315,"tick":774,"velocity":[0.0,0.0,0.0],"yaw":0.0},"position":[0.0,0.00100011611357331,9.0000114440918],"time_ms":12944,"wall_ms":1791410978448.74,"yaw":0.0}
S03R {"entity":2,"event":"apply","pose":{"control":1,"durable":2,"entity":2,"position":[6.0,0.00100011611357331,3.33334350585938],"receipt_ms":12930,"sequence":313,"tick":774,"velocity":[0.0,0.0,-4.99998760223389],"yaw":0.0},"position":[6.0,0.00100011611357331,3.33334350585938],"time_ms":12944,"wall_ms":1791410978448.81,"yaw":0.0}
S03R {"entity":1,"event":"apply","pose":{"control":1,"durable":2,"entity":1,"position":[0.0,0.00100011611357331,9.0000114440918],"receipt_ms":12985,"sequence":317,"tick":777,"velocity":[0.0,0.0,0.0],"yaw":0.0},"position":[0.0,0.00100011611357331,9.0000114440918],"time_ms":12992,"wall_ms":1791410978497.05,"yaw":0.0}
S03R {"entity":2,"event":"apply","pose":{"control":1,"durable":2,"entity":2,"position":[6.0,0.00100011611357331,3.08334445953369],"receipt_ms":12985,"sequence":317,"tick":777,"velocity":[0.0,0.0,-4.99998760223389],"yaw":0.0},"position":[6.0,0.00100011611357331,3.08334445953369],"time_ms":12992,"wall_ms":1791410978497.09,"yaw":0.0}
S03R {"entity":1,"event":"apply","pose":{"control":1,"durable":2,"entity":1,"position":[0.0,0.00100011611357331,9.0000114440918],"receipt_ms":13013,"sequence":318,"tick":780,"velocity":[0.0,0.0,0.0],"yaw":0.0},"position":[0.0,0.00100011611357331,9.0000114440918],"time_ms":13026,"wall_ms":1791410978531.55,"yaw":0.0}
S03R {"entity":2,"event":"apply","pose":{"control":1,"durable":2,"entity":2,"position":[6.0,0.00100011611357331,2.83334541320801],"receipt_ms":13013,"sequence":317,"tick":780,"velocity":[0.0,0.0,-4.99998760223389],"yaw":0.0},"position":[6.0,0.00100011611357331,2.83334541320801],"time_ms":13026,"wall_ms":1791410978531.58,"yaw":0.0}
S03R {"entity":1,"event":"apply","pose":{"control":1,"durable":2,"entity":1,"position":[0.0,0.00100011611357331,9.0000114440918],"receipt_ms":13075,"sequence":320,"tick":783,"velocity":[0.0,0.0,0.0],"yaw":0.0},"position":[0.0,0.00100011611357331,9.0000114440918],"time_ms":13095,"wall_ms":1791410978600.58,"yaw":0.0}
S03R {"entity":2,"event":"apply","pose":{"control":1,"durable":2,"entity":2,"position":[6.0,0.00100011611357331,2.58334636688232],"receipt_ms":13075,"sequence":320,"tick":783,"velocity":[0.0,0.0,-4.99998760223389],"yaw":0.0},"position":[6.0,0.00100011611357331,2.58334636688232],"time_ms":13096,"wall_ms":1791410978600.65,"yaw":0.0}
S03R {"entity":1,"event":"apply","pose":{"control":1,"durable":2,"entity":1,"position":[0.0,0.00100011611357331,9.0000114440918],"receipt_ms":13199,"sequence":321,"tick":786,"velocity":[0.0,0.0,0.0],"yaw":0.0},"position":[0.0,0.00100011611357331,9.0000114440918],"time_ms":13213,"wall_ms":1791410978717.85,"yaw":0.0}
S03R {"entity":2,"event":"apply","pose":{"control":1,"durable":2,"entity":2,"position":[6.0,0.00100011611357331,2.33334732055664],"receipt_ms":13199,"sequence":321,"tick":786,"velocity":[0.0,0.0,-4.99998760223389],"yaw":0.0},"position":[6.0,0.00100011611357331,2.33334732055664],"time_ms":13213,"wall_ms":1791410978717.92,"yaw":0.0}
S03R {"entity":1,"event":"apply","pose":{"control":1,"durable":2,"entity":1,"position":[0.0,0.00100011611357331,9.0000114440918],"receipt_ms":13233,"sequence":323,"tick":789,"velocity":[0.0,0.0,0.0],"yaw":0.0},"position":[0.0,0.00100011611357331,9.0000114440918],"time_ms":13240,"wall_ms":1791410978745.44,"yaw":0.0}
S03R {"entity":2,"event":"apply","pose":{"control":1,"durable":2,"entity":2,"position":[6.0,0.00100011611357331,2.08334827423096],"receipt_ms":13233,"sequence":322,"tick":789,"velocity":[0.0,0.0,-4.99998760223389],"yaw":0.0},"position":[6.0,0.00100011611357331,2.08334827423096],"time_ms":13240,"wall_ms":1791410978745.5,"yaw":0.0}
S03R {"entity":1,"event":"apply","pose":{"control":1,"durable":2,"entity":1,"position":[0.0,0.00100011611357331,9.0000114440918],"receipt_ms":13241,"sequence":324,"tick":792,"velocity":[0.0,0.0,0.0],"yaw":0.0},"position":[0.0,0.00100011611357331,9.0000114440918],"time_ms":13261,"wall_ms":1791410978766.2,"yaw":0.0}
S03R {"entity":2,"event":"apply","pose":{"control":1,"durable":2,"entity":2,"position":[6.0,0.00100011611357331,1.83334898948669],"receipt_ms":13241,"sequence":324,"tick":792,"velocity":[0.0,0.0,-4.99998760223389],"yaw":0.0},"position":[6.0,0.00100011611357331,1.83334898948669],"time_ms":13261,"wall_ms":1791410978766.25,"yaw":0.0}
S03R {"entity":1,"event":"apply","pose":{"control":1,"durable":2,"entity":1,"position":[0.0,0.00100011611357331,9.0000114440918],"receipt_ms":13268,"sequence":326,"tick":795,"velocity":[0.0,0.0,0.0],"yaw":0.0},"position":[0.0,0.00100011611357331,9.0000114440918],"time_ms":13275,"wall_ms":1791410978779.94,"yaw":0.0}
S03R {"entity":2,"event":"apply","pose":{"control":1,"durable":2,"entity":2,"position":[6.0,0.00100011611357331,1.58334958553314],"receipt_ms":13268,"sequence":325,"tick":795,"velocity":[0.0,0.0,-4.99998760223389],"yaw":0.0},"position":[6.0,0.00100011611357331,1.58334958553314],"time_ms":13275,"wall_ms":1791410978779.99,"yaw":0.0}
S03R {"entity":1,"event":"apply","pose":{"control":1,"durable":2,"entity":1,"position":[0.0,0.00100011611357331,9.0000114440918],"receipt_ms":13323,"sequence":327,"tick":798,"velocity":[0.0,0.0,0.0],"yaw":0.0},"position":[0.0,0.00100011611357331,9.0000114440918],"time_ms":13330,"wall_ms":1791410978835.19,"yaw":0.0}
S03R {"entity":2,"event":"apply","pose":{"control":1,"durable":2,"entity":2,"position":[6.0,0.00100011611357331,1.33335018157959],"receipt_ms":13323,"sequence":327,"tick":798,"velocity":[0.0,0.0,-4.99998760223389],"yaw":0.0},"position":[6.0,0.00100011611357331,1.33335018157959],"time_ms":13330,"wall_ms":1791410978835.25,"yaw":0.0}
S03R {"entity":1,"event":"apply","pose":{"control":1,"durable":2,"entity":1,"position":[0.0,0.00100011611357331,9.0000114440918],"receipt_ms":13427,"sequence":329,"tick":801,"velocity":[0.0,0.0,0.0],"yaw":0.0},"position":[0.0,0.00100011611357331,9.0000114440918],"time_ms":13440,"wall_ms":1791410978945.56,"yaw":0.0}
S03R {"entity":2,"event":"apply","pose":{"control":1,"durable":2,"entity":2,"position":[6.0,0.00100011611357331,1.08335077762604],"receipt_ms":13427,"sequence":329,"tick":801,"velocity":[0.0,0.0,-4.99998760223389],"yaw":0.0},"position":[6.0,0.00100011611357331,1.08335077762604],"time_ms":13440,"wall_ms":1791410978945.61,"yaw":0.0}
S03R {"entity":1,"event":"apply","pose":{"control":1,"durable":2,"entity":1,"position":[0.0,0.00100011611357331,9.0000114440918],"receipt_ms":13489,"sequence":332,"tick":807,"velocity":[0.0,0.0,0.0],"yaw":0.0},"position":[0.0,0.00100011611357331,9.0000114440918],"time_ms":13496,"wall_ms":1791410979000.81,"yaw":0.0}
S03R {"entity":2,"event":"apply","pose":{"control":1,"durable":2,"entity":2,"position":[6.0,0.00100011611357331,0.583351969718933],"receipt_ms":13489,"sequence":330,"tick":807,"velocity":[0.0,0.0,-4.99998760223389],"yaw":0.0},"position":[6.0,0.00100011611357331,0.583351969718933],"time_ms":13496,"wall_ms":1791410979000.87,"yaw":0.0}
S03R {"entity":1,"event":"apply","pose":{"control":1,"durable":2,"entity":1,"position":[0.0,0.00100011611357331,9.0000114440918],"receipt_ms":13565,"sequence":333,"tick":810,"velocity":[0.0,0.0,0.0],"yaw":0.0},"position":[0.0,0.00100011611357331,9.0000114440918],"time_ms":13578,"wall_ms":1791410979083.56,"yaw":0.0}
S03R {"entity":2,"event":"apply","pose":{"control":1,"durable":2,"entity":2,"position":[6.0,0.00100011611357331,0.380227446556091],"receipt_ms":13565,"sequence":331,"tick":810,"velocity":[0.0,0.0,-4.99998760223389],"yaw":0.0},"position":[6.0,0.00100011611357331,0.380227446556091],"time_ms":13578,"wall_ms":1791410979083.62,"yaw":0.0}
S03R {"entity":1,"event":"apply","pose":{"control":1,"durable":2,"entity":1,"position":[0.0,0.00100011611357331,9.0000114440918],"receipt_ms":13585,"sequence":335,"tick":813,"velocity":[0.0,0.0,0.0],"yaw":0.0},"position":[0.0,0.00100011611357331,9.0000114440918],"time_ms":13592,"wall_ms":1791410979097.4,"yaw":0.0}
S03R {"entity":2,"event":"apply","pose":{"control":1,"durable":2,"entity":2,"position":[6.0,0.00100011611357331,0.380227446556091],"receipt_ms":13585,"sequence":335,"tick":813,"velocity":[0.0,0.0,-4.99998760223389],"yaw":0.0},"position":[6.0,0.00100011611357331,0.380227446556091],"time_ms":13592,"wall_ms":1791410979097.45,"yaw":0.0}
S03R {"entity":1,"event":"apply","pose":{"control":1,"durable":2,"entity":1,"position":[0.0,0.00100011611357331,9.0000114440918],"receipt_ms":13689,"sequence":336,"tick":816,"velocity":[0.0,0.0,0.0],"yaw":0.0},"position":[0.0,0.00100011611357331,9.0000114440918],"time_ms":13696,"wall_ms":1791410979200.91,"yaw":0.0}
S03R {"entity":2,"event":"apply","pose":{"control":1,"durable":2,"entity":2,"position":[6.0,0.00100011611357331,0.380227446556091],"receipt_ms":13689,"sequence":336,"tick":816,"velocity":[0.0,0.0,-4.99998760223389],"yaw":0.0},"position":[6.0,0.00100011611357331,0.380227446556091],"time_ms":13696,"wall_ms":1791410979200.96,"yaw":0.0}
S03R {"entity":1,"event":"apply","pose":{"control":1,"durable":2,"entity":1,"position":[0.0,0.00100011611357331,9.0000114440918],"receipt_ms":13751,"sequence":338,"tick":819,"velocity":[0.0,0.0,0.0],"yaw":0.0},"position":[0.0,0.00100011611357331,9.0000114440918],"time_ms":13758,"wall_ms":1791410979262.99,"yaw":0.0}
S03R {"entity":2,"event":"apply","pose":{"control":1,"durable":2,"entity":2,"position":[6.0,0.00100011611357331,0.380227446556091],"receipt_ms":13751,"sequence":337,"tick":819,"velocity":[0.0,0.0,-4.99998760223389],"yaw":0.0},"position":[6.0,0.00100011611357331,0.380227446556091],"time_ms":13758,"wall_ms":1791410979263.05,"yaw":0.0}
S03R {"entity":1,"event":"apply","pose":{"control":1,"durable":2,"entity":1,"position":[0.0,0.00100011611357331,9.0000114440918],"receipt_ms":13765,"sequence":341,"tick":825,"velocity":[0.0,0.0,0.0],"yaw":0.0},"position":[0.0,0.00100011611357331,9.0000114440918],"time_ms":13779,"wall_ms":1791410979283.66,"yaw":0.0}
S03R {"entity":2,"event":"apply","pose":{"control":1,"durable":2,"entity":2,"position":[6.0,0.00100011611357331,0.380227446556091],"receipt_ms":13765,"sequence":339,"tick":825,"velocity":[0.0,0.0,-4.99998760223389],"yaw":0.0},"position":[6.0,0.00100011611357331,0.380227446556091],"time_ms":13779,"wall_ms":1791410979283.72,"yaw":0.0}
S03R {"entity":1,"event":"apply","pose":{"control":1,"durable":2,"entity":1,"position":[0.0,0.00100011611357331,9.0000114440918],"receipt_ms":13896,"sequence":342,"tick":828,"velocity":[0.0,0.0,0.0],"yaw":0.0},"position":[0.0,0.00100011611357331,9.0000114440918],"time_ms":13910,"wall_ms":1791410979414.75,"yaw":0.0}
S03R {"entity":2,"event":"apply","pose":{"control":1,"durable":2,"entity":2,"position":[6.0,0.00100011611357331,0.380227446556091],"receipt_ms":13896,"sequence":342,"tick":828,"velocity":[0.0,0.0,-4.99998760223389],"yaw":0.0},"position":[6.0,0.00100011611357331,0.380227446556091],"time_ms":13910,"wall_ms":1791410979414.81,"yaw":0.0}
S03R {"entity":1,"event":"apply","pose":{"control":1,"durable":2,"entity":1,"position":[0.0,0.00100011611357331,9.0000114440918],"receipt_ms":13910,"sequence":344,"tick":831,"velocity":[0.0,0.0,0.0],"yaw":0.0},"position":[0.0,0.00100011611357331,9.0000114440918],"time_ms":13930,"wall_ms":1791410979435.51,"yaw":0.0}
S03R {"entity":2,"event":"apply","pose":{"control":1,"durable":2,"entity":2,"position":[6.0,0.00100011611357331,0.380227446556091],"receipt_ms":13910,"sequence":343,"tick":831,"velocity":[0.0,0.0,-4.99998760223389],"yaw":0.0},"position":[6.0,0.00100011611357331,0.380227446556091],"time_ms":13930,"wall_ms":1791410979435.56,"yaw":0.0}
S03R {"entity":1,"event":"apply","pose":{"control":1,"durable":2,"entity":1,"position":[0.0,0.00100011611357331,9.0000114440918],"receipt_ms":13972,"sequence":347,"tick":837,"velocity":[0.0,0.0,0.0],"yaw":0.0},"position":[0.0,0.00100011611357331,9.0000114440918],"time_ms":13979,"wall_ms":1791410979483.77,"yaw":0.0}
S03R {"entity":2,"event":"apply","pose":{"control":1,"durable":2,"entity":2,"position":[6.0,0.00100011611357331,0.380227446556091],"receipt_ms":13972,"sequence":346,"tick":837,"velocity":[0.0,0.0,-4.99998760223389],"yaw":0.0},"position":[6.0,0.00100011611357331,0.380227446556091],"time_ms":13979,"wall_ms":1791410979483.82,"yaw":0.0}
S03R {"entity":1,"event":"apply","pose":{"control":1,"durable":2,"entity":1,"position":[0.0,0.00100011611357331,9.0000114440918],"receipt_ms":14089,"sequence":348,"tick":840,"velocity":[0.0,0.0,0.0],"yaw":0.0},"position":[0.0,0.00100011611357331,9.0000114440918],"time_ms":14096,"wall_ms":1791410979601.12,"yaw":0.0}
S03R {"entity":2,"event":"apply","pose":{"control":1,"durable":2,"entity":2,"position":[6.0,0.00100011611357331,0.380227446556091],"receipt_ms":14089,"sequence":347,"tick":840,"velocity":[0.0,0.0,-4.99998760223389],"yaw":0.0},"position":[6.0,0.00100011611357331,0.380227446556091],"time_ms":14096,"wall_ms":1791410979601.19,"yaw":0.0}
S03R {"entity":1,"event":"apply","pose":{"control":1,"durable":2,"entity":1,"position":[0.0,0.00100011611357331,9.0000114440918],"receipt_ms":14097,"sequence":350,"tick":843,"velocity":[0.0,0.0,0.0],"yaw":0.0},"position":[0.0,0.00100011611357331,9.0000114440918],"time_ms":14110,"wall_ms":1791410979614.87,"yaw":0.0}
S03R {"entity":2,"event":"apply","pose":{"control":1,"durable":2,"entity":2,"position":[6.0,0.00100011611357331,0.380227446556091],"receipt_ms":14097,"sequence":350,"tick":843,"velocity":[0.0,0.0,-4.99998760223389],"yaw":0.0},"position":[6.0,0.00100011611357331,0.380227446556091],"time_ms":14110,"wall_ms":1791410979614.92,"yaw":0.0}
S03R {"entity":1,"event":"apply","pose":{"control":1,"durable":2,"entity":1,"position":[0.0,0.00100011611357331,9.0000114440918],"receipt_ms":14165,"sequence":353,"tick":849,"velocity":[0.0,0.0,0.0],"yaw":0.0},"position":[0.0,0.00100011611357331,9.0000114440918],"time_ms":14179,"wall_ms":1791410979683.87,"yaw":0.0}
S03R {"entity":2,"event":"apply","pose":{"control":1,"durable":2,"entity":2,"position":[6.0,0.00100011611357331,0.380227446556091],"receipt_ms":14165,"sequence":352,"tick":849,"velocity":[0.0,0.0,-4.99998760223389],"yaw":0.0},"position":[6.0,0.00100011611357331,0.380227446556091],"time_ms":14179,"wall_ms":1791410979683.93,"yaw":0.0}
S03R {"event":"keys","move":-1.0,"role":"client","tick":720,"time_ms":14193,"turn":0.0,"wall_ms":1791410979697.7}
S03R {"entity":1,"event":"apply","pose":{"control":1,"durable":2,"entity":1,"position":[0.0,0.00100011611357331,9.0000114440918],"receipt_ms":14289,"sequence":354,"tick":852,"velocity":[0.0,0.0,0.0],"yaw":0.0},"position":[0.0,0.00100011611357331,9.0000114440918],"time_ms":14296,"wall_ms":1791410979801.22,"yaw":0.0}
S03R {"entity":2,"event":"apply","pose":{"control":1,"durable":2,"entity":2,"position":[6.0,0.00100011611357331,0.380227446556091],"receipt_ms":14289,"sequence":353,"tick":852,"velocity":[0.0,0.0,-4.99998760223389],"yaw":0.0},"position":[6.0,0.00100011611357331,0.380227446556091],"time_ms":14296,"wall_ms":1791410979801.28,"yaw":0.0}
S03R {"entity":1,"event":"apply","pose":{"control":1,"durable":2,"entity":1,"position":[0.0,0.00100011611357331,9.0000114440918],"receipt_ms":14310,"sequence":356,"tick":855,"velocity":[0.0,0.0,0.0],"yaw":0.0},"position":[0.0,0.00100011611357331,9.0000114440918],"time_ms":14331,"wall_ms":1791410979835.71,"yaw":0.0}
S03R {"entity":2,"event":"apply","pose":{"control":1,"durable":2,"entity":2,"position":[6.0,0.00100011611357331,0.380227446556091],"receipt_ms":14310,"sequence":355,"tick":855,"velocity":[0.0,0.0,-4.99998760223389],"yaw":0.0},"position":[6.0,0.00100011611357331,0.380227446556091],"time_ms":14331,"wall_ms":1791410979835.77,"yaw":0.0}
S03R {"event":"keys","move":0.0,"role":"client","tick":768,"time_ms":14993,"turn":0.0,"wall_ms":1791410980498.08}
S03R {"entity":1,"event":"apply","pose":{"control":1,"durable":2,"entity":1,"position":[0.0,0.00100011611357331,9.0000114440918],"receipt_ms":15552,"sequence":392,"tick":927,"velocity":[0.0,0.0,0.0],"yaw":0.0},"position":[0.0,0.00100011611357331,9.0000114440918],"time_ms":15559,"wall_ms":1791410981063.95,"yaw":0.0}
S03R {"entity":2,"event":"apply","pose":{"control":1,"durable":2,"entity":2,"position":[6.0,0.00100011611357331,1.18089783191681],"receipt_ms":15552,"sequence":361,"tick":927,"velocity":[0.0,0.0,0.0],"yaw":0.0},"position":[6.0,0.00100011611357331,1.18089783191681],"time_ms":15559,"wall_ms":1791410981064.01,"yaw":0.0}
S03R {"entity":1,"event":"apply","pose":{"control":1,"durable":2,"entity":1,"position":[0.0,0.00100011611357331,9.0000114440918],"receipt_ms":15559,"sequence":393,"tick":930,"velocity":[0.0,0.0,0.0],"yaw":0.0},"position":[0.0,0.00100011611357331,9.0000114440918],"time_ms":15579,"wall_ms":1791410981084.6,"yaw":0.0}
S03R {"entity":2,"event":"apply","pose":{"control":1,"durable":2,"entity":2,"position":[6.0,0.00100011611357331,1.18089783191681],"receipt_ms":15559,"sequence":361,"tick":930,"velocity":[0.0,0.0,0.0],"yaw":0.0},"position":[6.0,0.00100011611357331,1.18089783191681],"time_ms":15580,"wall_ms":1791410981084.67,"yaw":0.0}
S03R {"entity":1,"event":"apply","pose":{"control":1,"durable":2,"entity":1,"position":[0.0,0.00100011611357331,9.0000114440918],"receipt_ms":15628,"sequence":395,"tick":933,"velocity":[0.0,0.0,0.0],"yaw":0.0},"position":[0.0,0.00100011611357331,9.0000114440918],"time_ms":15648,"wall_ms":1791410981153.58,"yaw":0.0}
S03R {"entity":2,"event":"apply","pose":{"control":1,"durable":2,"entity":2,"position":[6.0,0.00100011611357331,1.18089783191681],"receipt_ms":15628,"sequence":396,"tick":933,"velocity":[0.0,0.0,0.0],"yaw":0.0},"position":[6.0,0.00100011611357331,1.18089783191681],"time_ms":15648,"wall_ms":1791410981153.61,"yaw":0.0}
S03R {"entity":1,"event":"apply","pose":{"control":1,"durable":2,"entity":1,"position":[0.0,0.00100011611357331,9.0000114440918],"receipt_ms":15704,"sequence":399,"tick":942,"velocity":[0.0,0.0,0.0],"yaw":0.0},"position":[0.0,0.00100011611357331,9.0000114440918],"time_ms":15711,"wall_ms":1791410981215.72,"yaw":0.0}
S03R {"entity":2,"event":"apply","pose":{"control":1,"durable":2,"entity":2,"position":[6.0,0.00100011611357331,1.18089783191681],"receipt_ms":15704,"sequence":398,"tick":942,"velocity":[0.0,0.0,0.0],"yaw":0.0},"position":[6.0,0.00100011611357331,1.18089783191681],"time_ms":15711,"wall_ms":1791410981215.8,"yaw":0.0}
S03R {"entity":1,"event":"apply","pose":{"control":1,"durable":2,"entity":1,"position":[0.0,0.00100011611357331,9.0000114440918],"receipt_ms":15800,"sequence":401,"tick":945,"velocity":[0.0,0.0,0.0],"yaw":0.0},"position":[0.0,0.00100011611357331,9.0000114440918],"time_ms":15814,"wall_ms":1791410981319.2,"yaw":0.0}
S03R {"entity":2,"event":"apply","pose":{"control":1,"durable":2,"entity":2,"position":[6.0,0.00100011611357331,1.18089783191681],"receipt_ms":15800,"sequence":400,"tick":945,"velocity":[0.0,0.0,0.0],"yaw":0.0},"position":[6.0,0.00100011611357331,1.18089783191681],"time_ms":15814,"wall_ms":1791410981319.26,"yaw":0.0}
S03R {"entity":1,"event":"apply","pose":{"control":1,"durable":2,"entity":1,"position":[0.0,0.00100011611357331,9.0000114440918],"receipt_ms":15821,"sequence":402,"tick":948,"velocity":[0.0,0.0,0.0],"yaw":0.0},"position":[0.0,0.00100011611357331,9.0000114440918],"time_ms":15828,"wall_ms":1791410981333.0,"yaw":0.0}
S03R {"entity":2,"event":"apply","pose":{"control":1,"durable":2,"entity":2,"position":[6.0,0.00100011611357331,1.18089783191681],"receipt_ms":15821,"sequence":403,"tick":948,"velocity":[0.0,0.0,0.0],"yaw":0.0},"position":[6.0,0.00100011611357331,1.18089783191681],"time_ms":15828,"wall_ms":1791410981333.03,"yaw":0.0}
S03R {"entity":1,"event":"apply","pose":{"control":1,"durable":2,"entity":1,"position":[0.0,0.00100011611357331,9.0000114440918],"receipt_ms":15890,"sequence":404,"tick":951,"velocity":[0.0,0.0,0.0],"yaw":0.0},"position":[0.0,0.00100011611357331,9.0000114440918],"time_ms":15897,"wall_ms":1791410981402.04,"yaw":0.0}
S03R {"entity":2,"event":"apply","pose":{"control":1,"durable":2,"entity":2,"position":[6.0,0.00100011611357331,1.18089783191681],"receipt_ms":15890,"sequence":403,"tick":951,"velocity":[0.0,0.0,0.0],"yaw":0.0},"position":[6.0,0.00100011611357331,1.18089783191681],"time_ms":15897,"wall_ms":1791410981402.1,"yaw":0.0}
S03R {"entity":1,"event":"apply","pose":{"control":1,"durable":2,"entity":1,"position":[0.0,0.00100011611357331,9.0000114440918],"receipt_ms":15911,"sequence":405,"tick":954,"velocity":[0.0,0.0,0.0],"yaw":0.0},"position":[0.0,0.00100011611357331,9.0000114440918],"time_ms":15931,"wall_ms":1791410981436.54,"yaw":0.0}
S03R {"entity":2,"event":"apply","pose":{"control":1,"durable":2,"entity":2,"position":[6.0,0.00100011611357331,1.18089783191681],"receipt_ms":15911,"sequence":405,"tick":954,"velocity":[0.0,0.0,0.0],"yaw":0.0},"position":[6.0,0.00100011611357331,1.18089783191681],"time_ms":15931,"wall_ms":1791410981436.59,"yaw":0.0}
S03R {"entity":1,"event":"apply","pose":{"control":1,"durable":2,"entity":1,"position":[0.0,0.00100011611357331,9.0000114440918],"receipt_ms":15959,"sequence":407,"tick":957,"velocity":[0.0,0.0,0.0],"yaw":0.0},"position":[0.0,0.00100011611357331,9.0000114440918],"time_ms":15980,"wall_ms":1791410981484.8,"yaw":0.0}
S03R {"entity":2,"event":"apply","pose":{"control":1,"durable":2,"entity":2,"position":[6.0,0.00100011611357331,1.18089783191681],"receipt_ms":15959,"sequence":405,"tick":957,"velocity":[0.0,0.0,0.0],"yaw":0.0},"position":[6.0,0.00100011611357331,1.18089783191681],"time_ms":15980,"wall_ms":1791410981484.86,"yaw":0.0}
S03R {"entity":1,"event":"apply","pose":{"control":1,"durable":2,"entity":1,"position":[0.0,0.00100011611357331,9.0000114440918],"receipt_ms":16104,"sequence":408,"tick":960,"velocity":[0.0,0.0,0.0],"yaw":0.0},"position":[0.0,0.00100011611357331,9.0000114440918],"time_ms":16111,"wall_ms":1791410981615.88,"yaw":0.0}
S03R {"entity":2,"event":"apply","pose":{"control":1,"durable":2,"entity":2,"position":[6.0,0.00100011611357331,1.18089783191681],"receipt_ms":16104,"sequence":406,"tick":960,"velocity":[0.0,0.0,0.0],"yaw":0.0},"position":[6.0,0.00100011611357331,1.18089783191681],"time_ms":16111,"wall_ms":1791410981615.91,"yaw":0.0}
S03R {"entity":1,"event":"apply","pose":{"control":1,"durable":2,"entity":1,"position":[0.0,0.00100011611357331,9.0000114440918],"receipt_ms":16111,"sequence":411,"tick":966,"velocity":[0.0,0.0,0.0],"yaw":0.0},"position":[0.0,0.00100011611357331,9.0000114440918],"time_ms":16131,"wall_ms":1791410981636.65,"yaw":0.0}
S03R {"entity":2,"event":"apply","pose":{"control":1,"durable":2,"entity":2,"position":[6.0,0.00100011611357331,1.18089783191681],"receipt_ms":16111,"sequence":410,"tick":966,"velocity":[0.0,0.0,0.0],"yaw":0.0},"position":[6.0,0.00100011611357331,1.18089783191681],"time_ms":16132,"wall_ms":1791410981636.71,"yaw":0.0}
S03R {"entity":1,"event":"apply","pose":{"control":1,"durable":2,"entity":1,"position":[0.0,0.00100011611357331,9.0000114440918],"receipt_ms":16166,"sequence":413,"tick":969,"velocity":[0.0,0.0,0.0],"yaw":0.0},"position":[0.0,0.00100011611357331,9.0000114440918],"time_ms":16180,"wall_ms":1791410981684.91,"yaw":0.0}
S03R {"entity":2,"event":"apply","pose":{"control":1,"durable":2,"entity":2,"position":[6.0,0.00100011611357331,1.18089783191681],"receipt_ms":16166,"sequence":413,"tick":969,"velocity":[0.0,0.0,0.0],"yaw":0.0},"position":[6.0,0.00100011611357331,1.18089783191681],"time_ms":16180,"wall_ms":1791410981684.96,"yaw":0.0}
S03R {"entity":1,"event":"apply","pose":{"control":1,"durable":2,"entity":1,"position":[0.0,0.00100011611357331,9.0000114440918],"receipt_ms":16256,"sequence":414,"tick":972,"velocity":[0.0,0.0,0.0],"yaw":0.0},"position":[0.0,0.00100011611357331,9.0000114440918],"time_ms":16263,"wall_ms":1791410981767.76,"yaw":0.0}
S03R {"entity":2,"event":"apply","pose":{"control":1,"durable":2,"entity":2,"position":[6.0,0.00100011611357331,1.18089783191681],"receipt_ms":16256,"sequence":413,"tick":972,"velocity":[0.0,0.0,0.0],"yaw":0.0},"position":[6.0,0.00100011611357331,1.18089783191681],"time_ms":16263,"wall_ms":1791410981767.82,"yaw":0.0}
S03R {"entity":1,"event":"apply","pose":{"control":1,"durable":2,"entity":1,"position":[0.0,0.00100011611357331,9.0000114440918],"receipt_ms":16283,"sequence":416,"tick":975,"velocity":[0.0,0.0,0.0],"yaw":0.0},"position":[0.0,0.00100011611357331,9.0000114440918],"time_ms":16297,"wall_ms":1791410981802.25,"yaw":0.0}
S03R {"entity":2,"event":"apply","pose":{"control":1,"durable":2,"entity":2,"position":[6.0,0.00100011611357331,1.18089783191681],"receipt_ms":16283,"sequence":415,"tick":975,"velocity":[0.0,0.0,0.0],"yaw":0.0},"position":[6.0,0.00100011611357331,1.18089783191681],"time_ms":16297,"wall_ms":1791410981802.3,"yaw":0.0}
S03R {"entity":1,"event":"apply","pose":{"control":1,"durable":2,"entity":1,"position":[0.0,0.00100011611357331,9.0000114440918],"receipt_ms":16311,"sequence":417,"tick":978,"velocity":[0.0,0.0,0.0],"yaw":0.0},"position":[0.0,0.00100011611357331,9.0000114440918],"time_ms":16332,"wall_ms":1791410981836.75,"yaw":0.0}
S03R {"entity":2,"event":"apply","pose":{"control":1,"durable":2,"entity":2,"position":[6.0,0.00100011611357331,1.18089783191681],"receipt_ms":16311,"sequence":417,"tick":978,"velocity":[0.0,0.0,0.0],"yaw":0.0},"position":[6.0,0.00100011611357331,1.18089783191681],"time_ms":16332,"wall_ms":1791410981836.8,"yaw":0.0}
S03R {"entity":1,"event":"apply","pose":{"control":1,"durable":2,"entity":1,"position":[0.0,0.00100011611357331,9.0000114440918],"receipt_ms":16429,"sequence":420,"tick":984,"velocity":[0.0,0.0,0.0],"yaw":0.0},"position":[0.0,0.00100011611357331,9.0000114440918],"time_ms":16449,"wall_ms":1791410981954.01,"yaw":0.0}
S03R {"entity":2,"event":"apply","pose":{"control":1,"durable":2,"entity":2,"position":[6.0,0.00100011611357331,1.18089783191681],"receipt_ms":16429,"sequence":418,"tick":984,"velocity":[0.0,0.0,0.0],"yaw":0.0},"position":[6.0,0.00100011611357331,1.18089783191681],"time_ms":16449,"wall_ms":1791410981954.06,"yaw":0.0}
S03R {"entity":1,"event":"apply","pose":{"control":1,"durable":2,"entity":1,"position":[0.0,0.00100011611357331,9.0000114440918],"receipt_ms":16525,"sequence":423,"tick":990,"velocity":[0.0,0.0,0.0],"yaw":0.0},"position":[0.0,0.00100011611357331,9.0000114440918],"time_ms":16532,"wall_ms":1791410982036.85,"yaw":0.0}
S03R {"entity":2,"event":"apply","pose":{"control":1,"durable":2,"entity":2,"position":[6.0,0.00100011611357331,1.18089783191681],"receipt_ms":16525,"sequence":423,"tick":990,"velocity":[0.0,0.0,0.0],"yaw":0.0},"position":[6.0,0.00100011611357331,1.18089783191681],"time_ms":16532,"wall_ms":1791410982036.91,"yaw":0.0}
S03R {"entity":1,"event":"apply","pose":{"control":1,"durable":2,"entity":1,"position":[0.0,0.00100011611357331,9.0000114440918],"receipt_ms":16615,"sequence":425,"tick":993,"velocity":[0.0,0.0,0.0],"yaw":0.0},"position":[0.0,0.00100011611357331,9.0000114440918],"time_ms":16628,"wall_ms":1791410982133.43,"yaw":0.0}
S03R {"entity":2,"event":"apply","pose":{"control":1,"durable":2,"entity":2,"position":[6.0,0.00100011611357331,1.18089783191681],"receipt_ms":16615,"sequence":425,"tick":993,"velocity":[0.0,0.0,0.0],"yaw":0.0},"position":[6.0,0.00100011611357331,1.18089783191681],"time_ms":16628,"wall_ms":1791410982133.48,"yaw":0.0}
S03R {"entity":1,"event":"apply","pose":{"control":1,"durable":2,"entity":1,"position":[0.0,0.00100011611357331,9.0000114440918],"receipt_ms":16677,"sequence":428,"tick":999,"velocity":[0.0,0.0,0.0],"yaw":0.0},"position":[0.0,0.00100011611357331,9.0000114440918],"time_ms":16697,"wall_ms":1791410982202.39,"yaw":0.0}
S03R {"entity":2,"event":"apply","pose":{"control":1,"durable":2,"entity":2,"position":[6.0,0.00100011611357331,1.18089783191681],"receipt_ms":16677,"sequence":427,"tick":999,"velocity":[0.0,0.0,0.0],"yaw":0.0},"position":[6.0,0.00100011611357331,1.18089783191681],"time_ms":16697,"wall_ms":1791410982202.43,"yaw":0.0}
S03R {"entity":1,"event":"apply","pose":{"control":1,"durable":2,"entity":1,"position":[0.0,0.00100011611357331,9.0000114440918],"receipt_ms":16739,"sequence":429,"tick":1002,"velocity":[0.0,0.0,0.0],"yaw":0.0},"position":[0.0,0.00100011611357331,9.0000114440918],"time_ms":16746,"wall_ms":1791410982250.72,"yaw":0.0}
S03R {"entity":2,"event":"apply","pose":{"control":1,"durable":2,"entity":2,"position":[6.0,0.00100011611357331,1.18089783191681],"receipt_ms":16739,"sequence":428,"tick":1002,"velocity":[0.0,0.0,0.0],"yaw":0.0},"position":[6.0,0.00100011611357331,1.18089783191681],"time_ms":16746,"wall_ms":1791410982250.78,"yaw":0.0}
S03R {"entity":1,"event":"apply","pose":{"control":1,"durable":2,"entity":1,"position":[0.0,0.00100011611357331,9.0000114440918],"receipt_ms":16835,"sequence":431,"tick":1005,"velocity":[0.0,0.0,0.0],"yaw":0.0},"position":[0.0,0.00100011611357331,9.0000114440918],"time_ms":16849,"wall_ms":1791410982354.22,"yaw":0.0}
S03R {"entity":2,"event":"apply","pose":{"control":1,"durable":2,"entity":2,"position":[6.0,0.00100011611357331,1.18089783191681],"receipt_ms":16835,"sequence":430,"tick":1005,"velocity":[0.0,0.0,0.0],"yaw":0.0},"position":[6.0,0.00100011611357331,1.18089783191681],"time_ms":16849,"wall_ms":1791410982354.28,"yaw":0.0}
S03R {"entity":1,"event":"apply","pose":{"control":1,"durable":2,"entity":1,"position":[0.0,0.00100011611357331,9.0000114440918],"receipt_ms":16850,"sequence":432,"tick":1008,"velocity":[0.0,0.0,0.0],"yaw":0.0},"position":[0.0,0.00100011611357331,9.0000114440918],"time_ms":16863,"wall_ms":1791410982368.03,"yaw":0.0}
S03R {"entity":2,"event":"apply","pose":{"control":1,"durable":2,"entity":2,"position":[6.0,0.00100011611357331,1.18089783191681],"receipt_ms":16850,"sequence":430,"tick":1008,"velocity":[0.0,0.0,0.0],"yaw":0.0},"position":[6.0,0.00100011611357331,1.18089783191681],"time_ms":16863,"wall_ms":1791410982368.07,"yaw":0.0}
S03R {"entity":1,"event":"apply","pose":{"control":1,"durable":2,"entity":1,"position":[0.0,0.00100011611357331,9.0000114440918],"receipt_ms":16890,"sequence":434,"tick":1011,"velocity":[0.0,0.0,0.0],"yaw":0.0},"position":[0.0,0.00100011611357331,9.0000114440918],"time_ms":16897,"wall_ms":1791410982402.56,"yaw":0.0}
S03R {"entity":2,"event":"apply","pose":{"control":1,"durable":2,"entity":2,"position":[6.0,0.00100011611357331,1.18089783191681],"receipt_ms":16890,"sequence":432,"tick":1011,"velocity":[0.0,0.0,0.0],"yaw":0.0},"position":[6.0,0.00100011611357331,1.18089783191681],"time_ms":16897,"wall_ms":1791410982402.61,"yaw":0.0}
S03R {"entity":1,"event":"apply","pose":{"control":1,"durable":2,"entity":1,"position":[0.0,0.00100011611357331,9.0000114440918],"receipt_ms":16918,"sequence":435,"tick":1014,"velocity":[0.0,0.0,0.0],"yaw":0.0},"position":[0.0,0.00100011611357331,9.0000114440918],"time_ms":16932,"wall_ms":1791410982437.07,"yaw":0.0}
S03R {"entity":2,"event":"apply","pose":{"control":1,"durable":2,"entity":2,"position":[6.0,0.00100011611357331,1.18089783191681],"receipt_ms":16918,"sequence":434,"tick":1014,"velocity":[0.0,0.0,0.0],"yaw":0.0},"position":[6.0,0.00100011611357331,1.18089783191681],"time_ms":16932,"wall_ms":1791410982437.13,"yaw":0.0}
S03R {"event":"input","index":22,"move":-1.0,"position":[6.0,0.00100011611357331,1.18089783191681],"role":"client","sequence_floor":444,"tick":888,"time_ms":16994,"turn":0.0,"wall_ms":1791410982499.18,"yaw":0.0}
S03R {"event":"keys","move":-1.0,"role":"client","tick":888,"time_ms":16994,"turn":0.0,"wall_ms":1791410982499.24}
S03R {"entity":1,"event":"apply","pose":{"control":1,"durable":2,"entity":1,"position":[0.0,0.00100011611357331,9.0000114440918],"receipt_ms":17029,"sequence":437,"tick":1017,"velocity":[0.0,0.0,0.0],"yaw":0.0},"position":[0.0,0.00100011611357331,9.0000114440918],"time_ms":17049,"wall_ms":1791410982554.32,"yaw":0.0}
S03R {"entity":2,"event":"apply","pose":{"control":1,"durable":2,"entity":2,"position":[6.0,0.00100011611357331,1.18089783191681],"receipt_ms":17029,"sequence":435,"tick":1017,"velocity":[0.0,0.0,0.0],"yaw":0.0},"position":[6.0,0.00100011611357331,1.18089783191681],"time_ms":17049,"wall_ms":1791410982554.38,"yaw":0.0}
S03R {"entity":1,"event":"apply","pose":{"control":1,"durable":2,"entity":1,"position":[0.0,0.00100011611357331,9.0000114440918],"receipt_ms":17084,"sequence":438,"tick":1020,"velocity":[0.0,0.0,0.0],"yaw":0.0},"position":[0.0,0.00100011611357331,9.0000114440918],"time_ms":17097,"wall_ms":1791410982602.68,"yaw":0.0}
S03R {"entity":2,"event":"apply","pose":{"control":1,"durable":2,"entity":2,"position":[6.0,0.00100011611357331,1.18089783191681],"receipt_ms":17084,"sequence":437,"tick":1020,"velocity":[0.0,0.0,0.0],"yaw":0.0},"position":[6.0,0.00100011611357331,1.18089783191681],"time_ms":17098,"wall_ms":1791410982602.75,"yaw":0.0}
S03R {"entity":1,"event":"apply","pose":{"control":1,"durable":2,"entity":1,"position":[0.0,0.00100011611357331,9.0000114440918],"receipt_ms":17125,"sequence":440,"tick":1023,"velocity":[0.0,0.0,0.0],"yaw":0.0},"position":[0.0,0.00100011611357331,9.0000114440918],"time_ms":17132,"wall_ms":1791410982637.18,"yaw":0.0}
S03R {"entity":2,"event":"apply","pose":{"control":1,"durable":2,"entity":2,"position":[6.0,0.00100011611357331,1.18089783191681],"receipt_ms":17125,"sequence":438,"tick":1023,"velocity":[0.0,0.0,0.0],"yaw":0.0},"position":[6.0,0.00100011611357331,1.18089783191681],"time_ms":17132,"wall_ms":1791410982637.25,"yaw":0.0}
S03R {"entity":1,"event":"apply","pose":{"control":1,"durable":2,"entity":1,"position":[0.0,0.00100011611357331,9.0000114440918],"receipt_ms":17133,"sequence":441,"tick":1026,"velocity":[0.0,0.0,0.0],"yaw":0.0},"position":[0.0,0.00100011611357331,9.0000114440918],"time_ms":17146,"wall_ms":1791410982650.92,"yaw":0.0}
S03R {"entity":2,"event":"apply","pose":{"control":1,"durable":2,"entity":2,"position":[6.0,0.00100011611357331,1.18089783191681],"receipt_ms":17133,"sequence":442,"tick":1026,"velocity":[0.0,0.0,0.0],"yaw":0.0},"position":[6.0,0.00100011611357331,1.18089783191681],"time_ms":17146,"wall_ms":1791410982650.98,"yaw":0.0}
S03R {"entity":1,"event":"apply","pose":{"control":1,"durable":2,"entity":1,"position":[0.0,0.00100011611357331,9.0000114440918],"receipt_ms":17173,"sequence":443,"tick":1029,"velocity":[0.0,0.0,0.0],"yaw":0.0},"position":[0.0,0.00100011611357331,9.0000114440918],"time_ms":17180,"wall_ms":1791410982685.43,"yaw":0.0}
S03R {"entity":2,"event":"apply","pose":{"control":1,"durable":2,"entity":2,"position":[6.0,0.00100011611357331,1.18089783191681],"receipt_ms":17173,"sequence":443,"tick":1029,"velocity":[0.0,0.0,0.0],"yaw":0.0},"position":[6.0,0.00100011611357331,1.18089783191681],"time_ms":17180,"wall_ms":1791410982685.49,"yaw":0.0}
S03R {"entity":1,"event":"apply","pose":{"control":1,"durable":2,"entity":1,"position":[0.0,0.00100011611357331,9.0000114440918],"receipt_ms":17298,"sequence":444,"tick":1032,"velocity":[0.0,0.0,0.0],"yaw":0.0},"position":[0.0,0.00100011611357331,9.0000114440918],"time_ms":17311,"wall_ms":1791410982816.53,"yaw":0.0}
S03R {"entity":2,"event":"apply","pose":{"control":1,"durable":2,"entity":2,"position":[6.0,0.00100011611357331,1.2808974981308],"receipt_ms":17298,"sequence":444,"tick":1032,"velocity":[0.0,0.0,2.99999260902405],"yaw":0.0},"position":[6.0,0.00100011611357331,1.2808974981308],"time_ms":17311,"wall_ms":1791410982816.59,"yaw":0.0}
S03R {"entity":1,"event":"apply","pose":{"control":1,"durable":2,"entity":1,"position":[0.0,0.00100011611357331,9.0000114440918],"receipt_ms":17325,"sequence":447,"tick":1038,"velocity":[0.0,0.0,0.0],"yaw":0.0},"position":[0.0,0.00100011611357331,9.0000114440918],"time_ms":17332,"wall_ms":1791410982837.23,"yaw":0.0}
S03R {"entity":2,"event":"apply","pose":{"control":1,"durable":2,"entity":2,"position":[6.0,0.00100011611357331,1.58089649677277],"receipt_ms":17325,"sequence":447,"tick":1038,"velocity":[0.0,0.0,2.99999260902405],"yaw":0.0},"position":[6.0,0.00100011611357331,1.58089649677277],"time_ms":17332,"wall_ms":1791410982837.26,"yaw":0.0}
S03R {"entity":1,"event":"apply","pose":{"control":1,"durable":2,"entity":1,"position":[0.0,0.00100011611357331,9.0000114440918],"receipt_ms":17436,"sequence":449,"tick":1041,"velocity":[0.0,0.0,0.0],"yaw":0.0},"position":[0.0,0.00100011611357331,9.0000114440918],"time_ms":17449,"wall_ms":1791410982954.51,"yaw":0.0}
S03R {"entity":2,"event":"apply","pose":{"control":1,"durable":2,"entity":2,"position":[6.0,0.00100011611357331,1.73089599609375],"receipt_ms":17436,"sequence":448,"tick":1041,"velocity":[0.0,0.0,2.99999260902405],"yaw":0.0},"position":[6.0,0.00100011611357331,1.73089599609375],"time_ms":17449,"wall_ms":1791410982954.54,"yaw":0.0}
S03R {"entity":1,"event":"apply","pose":{"control":1,"durable":2,"entity":1,"position":[0.0,0.00100011611357331,9.0000114440918],"receipt_ms":17670,"sequence":453,"tick":1050,"velocity":[0.0,0.0,0.0],"yaw":0.0},"position":[0.0,0.00100011611357331,9.0000114440918],"time_ms":17677,"wall_ms":1791410983182.22,"yaw":0.0}
S03R {"entity":2,"event":"apply","pose":{"control":1,"durable":2,"entity":2,"position":[6.0,0.00100011611357331,2.13089489936829],"receipt_ms":17670,"sequence":456,"tick":1050,"velocity":[0.0,0.0,2.99999260902405],"yaw":0.0},"position":[6.0,0.00100011611357331,2.13089489936829],"time_ms":17677,"wall_ms":1791410983182.25,"yaw":0.0}
S03R {"event":"keys","move":0.0,"role":"client","tick":930,"time_ms":17698,"turn":0.0,"wall_ms":1791410983202.94}
S03R {"entity":1,"event":"apply","pose":{"control":1,"durable":2,"entity":1,"position":[0.0,0.00100011611357331,9.0000114440918],"receipt_ms":17739,"sequence":455,"tick":1053,"velocity":[0.0,0.0,0.0],"yaw":0.0},"position":[0.0,0.00100011611357331,9.0000114440918],"time_ms":17746,"wall_ms":1791410983251.24,"yaw":0.0}
S03R {"entity":2,"event":"apply","pose":{"control":1,"durable":2,"entity":2,"position":[6.0,0.00100011611357331,2.28089475631714],"receipt_ms":17739,"sequence":456,"tick":1053,"velocity":[0.0,0.0,2.99999260902405],"yaw":0.0},"position":[6.0,0.00100011611357331,2.28089475631714],"time_ms":17746,"wall_ms":1791410983251.31,"yaw":0.0}
S03R {"entity":1,"event":"apply","pose":{"control":1,"durable":2,"entity":1,"position":[0.0,0.00100011611357331,9.0000114440918],"receipt_ms":17760,"sequence":458,"tick":1059,"velocity":[0.0,0.0,0.0],"yaw":0.0},"position":[0.0,0.00100011611357331,9.0000114440918],"time_ms":17781,"wall_ms":1791410983285.74,"yaw":0.0}
S03R {"entity":2,"event":"apply","pose":{"control":1,"durable":2,"entity":2,"position":[6.0,0.00100011611357331,2.58089447021484],"receipt_ms":17760,"sequence":461,"tick":1059,"velocity":[0.0,0.0,2.99999260902405],"yaw":0.0},"position":[6.0,0.00100011611357331,2.58089447021484],"time_ms":17781,"wall_ms":1791410983285.8,"yaw":0.0}
S03R {"entity":1,"event":"apply","pose":{"control":1,"durable":2,"entity":1,"position":[0.0,0.00100011611357331,9.0000114440918],"receipt_ms":17919,"sequence":461,"tick":1065,"velocity":[0.0,0.0,0.0],"yaw":0.0},"position":[0.0,0.00100011611357331,9.0000114440918],"time_ms":17932,"wall_ms":1791410983437.6,"yaw":0.0}
S03R {"entity":2,"event":"apply","pose":{"control":1,"durable":2,"entity":2,"position":[6.0,0.00100011611357331,2.88089418411255],"receipt_ms":17919,"sequence":463,"tick":1065,"velocity":[0.0,0.0,2.99999260902405],"yaw":0.0},"position":[6.0,0.00100011611357331,2.88089418411255],"time_ms":17932,"wall_ms":1791410983437.66,"yaw":0.0}
S03R {"entity":1,"event":"apply","pose":{"control":1,"durable":2,"entity":1,"position":[0.0,0.00100011611357331,9.0000114440918],"receipt_ms":17974,"sequence":462,"tick":1068,"velocity":[0.0,0.0,0.0],"yaw":0.0},"position":[0.0,0.00100011611357331,9.0000114440918],"time_ms":17981,"wall_ms":1791410983485.83,"yaw":0.0}
S03R {"entity":2,"event":"apply","pose":{"control":1,"durable":2,"entity":2,"position":[6.0,0.00100011611357331,2.98089408874512],"receipt_ms":17974,"sequence":465,"tick":1068,"velocity":[0.0,0.0,0.0],"yaw":0.0},"position":[6.0,0.00100011611357331,2.98089408874512],"time_ms":17981,"wall_ms":1791410983485.88,"yaw":0.0}
S03R {"event":"focus_api","neutral":true,"role":"client","time_ms":18029,"wall_ms":1791410983534.14}
S03R {"entity":1,"event":"apply","pose":{"control":1,"durable":2,"entity":1,"position":[0.0,0.00100011611357331,9.0000114440918],"receipt_ms":18105,"sequence":465,"tick":1074,"velocity":[0.0,0.0,0.0],"yaw":0.0},"position":[0.0,0.00100011611357331,9.0000114440918],"time_ms":18112,"wall_ms":1791410983616.93,"yaw":0.0}
S03R {"entity":2,"event":"apply","pose":{"control":1,"durable":2,"entity":2,"position":[6.0,0.00100011611357331,2.98089408874512],"receipt_ms":18105,"sequence":467,"tick":1074,"velocity":[0.0,0.0,0.0],"yaw":0.0},"position":[6.0,0.00100011611357331,2.98089408874512],"time_ms":18112,"wall_ms":1791410983616.96,"yaw":0.0}
S03R {"entity":1,"event":"apply","pose":{"control":1,"durable":2,"entity":1,"position":[0.0,0.00100011611357331,9.0000114440918],"receipt_ms":18119,"sequence":468,"tick":1080,"velocity":[0.0,0.0,0.0],"yaw":0.0},"position":[0.0,0.00100011611357331,9.0000114440918],"time_ms":18132,"wall_ms":1791410983637.69,"yaw":0.0}
S03R {"entity":2,"event":"apply","pose":{"control":1,"durable":2,"entity":2,"position":[6.0,0.00100011611357331,2.98089408874512],"receipt_ms":18119,"sequence":472,"tick":1080,"velocity":[0.0,0.0,0.0],"yaw":0.0},"position":[6.0,0.00100011611357331,2.98089408874512],"time_ms":18133,"wall_ms":1791410983637.74,"yaw":0.0}
S03R {"entity":1,"event":"apply","pose":{"control":1,"durable":2,"entity":1,"position":[0.0,0.00100011611357331,9.0000114440918],"receipt_ms":18167,"sequence":470,"tick":1083,"velocity":[0.0,0.0,0.0],"yaw":0.0},"position":[0.0,0.00100011611357331,9.0000114440918],"time_ms":18181,"wall_ms":1791410983685.92,"yaw":0.0}
S03R {"entity":2,"event":"apply","pose":{"control":1,"durable":2,"entity":2,"position":[6.0,0.00100011611357331,2.98089408874512],"receipt_ms":18167,"sequence":473,"tick":1083,"velocity":[0.0,0.0,0.0],"yaw":0.0},"position":[6.0,0.00100011611357331,2.98089408874512],"time_ms":18181,"wall_ms":1791410983685.95,"yaw":0.0}
S03R {"entity":1,"event":"apply","pose":{"control":1,"durable":2,"entity":1,"position":[0.0,0.00100011611357331,9.0000114440918],"receipt_ms":18298,"sequence":473,"tick":1089,"velocity":[0.0,0.0,0.0],"yaw":0.0},"position":[0.0,0.00100011611357331,9.0000114440918],"time_ms":18312,"wall_ms":1791410983817.04,"yaw":0.0}
S03R {"entity":2,"event":"apply","pose":{"control":1,"durable":2,"entity":2,"position":[6.0,0.00100011611357331,2.98089408874512],"receipt_ms":18298,"sequence":474,"tick":1089,"velocity":[0.0,0.0,0.0],"yaw":0.0},"position":[6.0,0.00100011611357331,2.98089408874512],"time_ms":18312,"wall_ms":1791410983817.1,"yaw":0.0}
S03R {"entity":1,"event":"apply","pose":{"control":1,"durable":2,"entity":1,"position":[0.0,0.00100011611357331,9.0000114440918],"receipt_ms":18395,"sequence":474,"tick":1092,"velocity":[0.0,0.0,0.0],"yaw":0.0},"position":[0.0,0.00100011611357331,9.0000114440918],"time_ms":18415,"wall_ms":1791410983920.53,"yaw":0.0}
S03R {"entity":2,"event":"apply","pose":{"control":1,"durable":2,"entity":2,"position":[6.0,0.00100011611357331,2.98089408874512],"receipt_ms":18395,"sequence":477,"tick":1092,"velocity":[0.0,0.0,0.0],"yaw":0.0},"position":[6.0,0.00100011611357331,2.98089408874512],"time_ms":18415,"wall_ms":1791410983920.57,"yaw":0.0}
S03R {"entity":1,"event":"apply","pose":{"control":1,"durable":2,"entity":1,"position":[0.0,0.00100011611357331,9.0000114440918],"receipt_ms":18416,"sequence":476,"tick":1095,"velocity":[0.0,0.0,0.0],"yaw":0.0},"position":[0.0,0.00100011611357331,9.0000114440918],"time_ms":18429,"wall_ms":1791410983934.4,"yaw":0.0}
S03R {"entity":2,"event":"apply","pose":{"control":1,"durable":2,"entity":2,"position":[6.0,0.00100011611357331,2.98089408874512],"receipt_ms":18416,"sequence":479,"tick":1095,"velocity":[0.0,0.0,0.0],"yaw":0.0},"position":[6.0,0.00100011611357331,2.98089408874512],"time_ms":18429,"wall_ms":1791410983934.46,"yaw":0.0}
S03R {"entity":1,"event":"apply","pose":{"control":1,"durable":2,"entity":1,"position":[0.0,0.00100011611357331,9.0000114440918],"receipt_ms":18499,"sequence":477,"tick":1098,"velocity":[0.0,0.0,0.0],"yaw":0.0},"position":[0.0,0.00100011611357331,9.0000114440918],"time_ms":18512,"wall_ms":1791410984017.15,"yaw":0.0}
S03R {"entity":2,"event":"apply","pose":{"control":1,"durable":2,"entity":2,"position":[6.0,0.00100011611357331,2.98089408874512],"receipt_ms":18499,"sequence":480,"tick":1098,"velocity":[0.0,0.0,0.0],"yaw":0.0},"position":[6.0,0.00100011611357331,2.98089408874512],"time_ms":18512,"wall_ms":1791410984017.2,"yaw":0.0}
S03R {"entity":1,"event":"apply","pose":{"control":1,"durable":2,"entity":1,"position":[0.0,0.00100011611357331,9.0000114440918],"receipt_ms":18540,"sequence":480,"tick":1104,"velocity":[0.0,0.0,0.0],"yaw":0.0},"position":[0.0,0.00100011611357331,9.0000114440918],"time_ms":18546,"wall_ms":1791410984051.65,"yaw":0.0}
S03R {"entity":2,"event":"apply","pose":{"control":1,"durable":2,"entity":2,"position":[6.0,0.00100011611357331,2.98089408874512],"receipt_ms":18540,"sequence":482,"tick":1104,"velocity":[0.0,0.0,0.0],"yaw":0.0},"position":[6.0,0.00100011611357331,2.98089408874512],"time_ms":18546,"wall_ms":1791410984051.71,"yaw":0.0}
S03R {"entity":1,"event":"apply","pose":{"control":1,"durable":2,"entity":1,"position":[0.0,0.00100011611357331,9.0000114440918],"receipt_ms":18643,"sequence":482,"tick":1107,"velocity":[0.0,0.0,0.0],"yaw":0.0},"position":[0.0,0.00100011611357331,9.0000114440918],"time_ms":18650,"wall_ms":1791410984155.17,"yaw":0.0}
S03R {"entity":2,"event":"apply","pose":{"control":1,"durable":2,"entity":2,"position":[6.0,0.00100011611357331,2.98089408874512],"receipt_ms":18643,"sequence":484,"tick":1107,"velocity":[0.0,0.0,0.0],"yaw":0.0},"position":[6.0,0.00100011611357331,2.98089408874512],"time_ms":18650,"wall_ms":1791410984155.24,"yaw":0.0}
S03R {"entity":1,"event":"apply","pose":{"control":1,"durable":2,"entity":1,"position":[0.0,0.00100011611357331,9.0000114440918],"receipt_ms":18650,"sequence":483,"tick":1110,"velocity":[0.0,0.0,0.0],"yaw":0.0},"position":[0.0,0.00100011611357331,9.0000114440918],"time_ms":18664,"wall_ms":1791410984168.99,"yaw":0.0}
S03R {"entity":2,"event":"apply","pose":{"control":1,"durable":2,"entity":2,"position":[6.0,0.00100011611357331,2.98089408874512],"receipt_ms":18651,"sequence":485,"tick":1110,"velocity":[0.0,0.0,0.0],"yaw":0.0},"position":[6.0,0.00100011611357331,2.98089408874512],"time_ms":18664,"wall_ms":1791410984169.04,"yaw":0.0}
S03R {"entity":1,"event":"apply","pose":{"control":1,"durable":2,"entity":1,"position":[0.0,0.00100011611357331,9.0000114440918],"receipt_ms":18678,"sequence":485,"tick":1113,"velocity":[0.0,0.0,0.0],"yaw":0.0},"position":[0.0,0.00100011611357331,9.0000114440918],"time_ms":18698,"wall_ms":1791410984203.49,"yaw":0.0}
S03R {"entity":2,"event":"apply","pose":{"control":1,"durable":2,"entity":2,"position":[6.0,0.00100011611357331,2.98089408874512],"receipt_ms":18678,"sequence":488,"tick":1113,"velocity":[0.0,0.0,0.0],"yaw":0.0},"position":[6.0,0.00100011611357331,2.98089408874512],"time_ms":18698,"wall_ms":1791410984203.54,"yaw":0.0}
S03R {"entity":1,"event":"apply","pose":{"control":1,"durable":2,"entity":1,"position":[0.0,0.00100011611357331,9.0000114440918],"receipt_ms":18788,"sequence":488,"tick":1119,"velocity":[0.0,0.0,0.0],"yaw":0.0},"position":[0.0,0.00100011611357331,9.0000114440918],"time_ms":18795,"wall_ms":1791410984300.09,"yaw":0.0}
S03R {"entity":2,"event":"apply","pose":{"control":1,"durable":2,"entity":2,"position":[6.0,0.00100011611357331,2.98089408874512],"receipt_ms":18788,"sequence":490,"tick":1119,"velocity":[0.0,0.0,0.0],"yaw":0.0},"position":[6.0,0.00100011611357331,2.98089408874512],"time_ms":18795,"wall_ms":1791410984300.15,"yaw":0.0}
S03R {"entity":1,"event":"apply","pose":{"control":1,"durable":2,"entity":1,"position":[0.0,0.00100011611357331,9.0000114440918],"receipt_ms":18822,"sequence":489,"tick":1122,"velocity":[0.0,0.0,0.0],"yaw":0.0},"position":[0.0,0.00100011611357331,9.0000114440918],"time_ms":18829,"wall_ms":1791410984334.56,"yaw":0.0}
S03R {"entity":2,"event":"apply","pose":{"control":1,"durable":2,"entity":2,"position":[6.0,0.00100011611357331,2.98089408874512],"receipt_ms":18822,"sequence":490,"tick":1122,"velocity":[0.0,0.0,0.0],"yaw":0.0},"position":[6.0,0.00100011611357331,2.98089408874512],"time_ms":18829,"wall_ms":1791410984334.59,"yaw":0.0}
S03R {"event":"input","index":23,"move":-1.0,"position":[6.0,0.00100011611357331,2.98089408874512],"role":"client","sequence_floor":500,"tick":1000,"time_ms":18864,"turn":0.0,"wall_ms":1791410984369.06,"yaw":0.0}
S03R {"event":"keys","move":-1.0,"role":"client","tick":1000,"time_ms":18864,"turn":0.0,"wall_ms":1791410984369.08}
S03R {"event":"keys","move":0.0,"role":"client","tick":1002,"time_ms":18898,"turn":0.0,"wall_ms":1791410984403.58}
S03R {"entity":1,"event":"apply","pose":{"control":1,"durable":2,"entity":1,"position":[0.0,0.00100011611357331,9.0000114440918],"receipt_ms":18912,"sequence":491,"tick":1125,"velocity":[0.0,0.0,0.0],"yaw":0.0},"position":[0.0,0.00100011611357331,9.0000114440918],"time_ms":18926,"wall_ms":1791410984431.16,"yaw":0.0}
S03R {"entity":2,"event":"apply","pose":{"control":1,"durable":2,"entity":2,"position":[6.0,0.00100011611357331,2.98089408874512],"receipt_ms":18912,"sequence":493,"tick":1125,"velocity":[0.0,0.0,0.0],"yaw":0.0},"position":[6.0,0.00100011611357331,2.98089408874512],"time_ms":18926,"wall_ms":1791410984431.22,"yaw":0.0}
S03R {"entity":1,"event":"apply","pose":{"control":1,"durable":2,"entity":1,"position":[0.0,0.00100011611357331,9.0000114440918],"receipt_ms":18967,"sequence":494,"tick":1131,"velocity":[0.0,0.0,0.0],"yaw":0.0},"position":[0.0,0.00100011611357331,9.0000114440918],"time_ms":18981,"wall_ms":1791410984486.35,"yaw":0.0}
S03R {"entity":2,"event":"apply","pose":{"control":1,"durable":2,"entity":2,"position":[6.0,0.00100011611357331,2.98089408874512],"receipt_ms":18967,"sequence":496,"tick":1131,"velocity":[0.0,0.0,0.0],"yaw":0.0},"position":[6.0,0.00100011611357331,2.98089408874512],"time_ms":18981,"wall_ms":1791410984486.41,"yaw":0.0}
S03R {"entity":1,"event":"apply","pose":{"control":1,"durable":2,"entity":1,"position":[0.0,0.00100011611357331,9.0000114440918],"receipt_ms":19064,"sequence":495,"tick":1134,"velocity":[0.0,0.0,0.0],"yaw":0.0},"position":[0.0,0.00100011611357331,9.0000114440918],"time_ms":19078,"wall_ms":1791410984582.95,"yaw":0.0}
S03R {"entity":2,"event":"apply","pose":{"control":1,"durable":2,"entity":2,"position":[6.0,0.00100011611357331,2.98089408874512],"receipt_ms":19064,"sequence":497,"tick":1134,"velocity":[0.0,0.0,0.0],"yaw":0.0},"position":[6.0,0.00100011611357331,2.98089408874512],"time_ms":19078,"wall_ms":1791410984583.01,"yaw":0.0}
S03R {"entity":1,"event":"apply","pose":{"control":1,"durable":2,"entity":1,"position":[0.0,0.00100011611357331,9.0000114440918],"receipt_ms":19126,"sequence":497,"tick":1137,"velocity":[0.0,0.0,0.0],"yaw":0.0},"position":[0.0,0.00100011611357331,9.0000114440918],"time_ms":19147,"wall_ms":1791410984651.95,"yaw":0.0}
S03R {"entity":2,"event":"apply","pose":{"control":1,"durable":2,"entity":2,"position":[6.0,0.00100011611357331,2.98089408874512],"receipt_ms":19126,"sequence":499,"tick":1137,"velocity":[0.0,0.0,0.0],"yaw":0.0},"position":[6.0,0.00100011611357331,2.98089408874512],"time_ms":19147,"wall_ms":1791410984651.99,"yaw":0.0}
S03R {"entity":1,"event":"apply","pose":{"control":1,"durable":2,"entity":1,"position":[0.0,0.00100011611357331,9.0000114440918],"receipt_ms":19264,"sequence":501,"tick":1146,"velocity":[0.0,0.0,0.0],"yaw":0.0},"position":[0.0,0.00100011611357331,9.0000114440918],"time_ms":19278,"wall_ms":1791410984783.07,"yaw":0.0}
S03R {"entity":2,"event":"apply","pose":{"control":1,"durable":2,"entity":2,"position":[6.0,0.00100011611357331,3.43089365959167],"receipt_ms":19264,"sequence":500,"tick":1146,"velocity":[0.0,0.0,2.99999260902405],"yaw":0.0},"position":[6.0,0.00100011611357331,3.43089365959167],"time_ms":19278,"wall_ms":1791410984783.13,"yaw":0.0}
S03R {"entity":1,"event":"apply","pose":{"control":1,"durable":2,"entity":1,"position":[0.0,0.00100011611357331,9.0000114440918],"receipt_ms":19299,"sequence":503,"tick":1149,"velocity":[0.0,0.0,0.0],"yaw":0.0},"position":[0.0,0.00100011611357331,9.0000114440918],"time_ms":19312,"wall_ms":1791410984817.58,"yaw":0.0}
S03R {"entity":2,"event":"apply","pose":{"control":1,"durable":2,"entity":2,"position":[6.0,0.00100011611357331,3.58089351654053],"receipt_ms":19299,"sequence":500,"tick":1149,"velocity":[0.0,0.0,2.99999260902405],"yaw":0.0},"position":[6.0,0.00100011611357331,3.58089351654053],"time_ms":19312,"wall_ms":1791410984817.63,"yaw":0.0}
S03R {"entity":1,"event":"apply","pose":{"control":1,"durable":2,"entity":1,"position":[0.0,0.00100011611357331,9.0000114440918],"receipt_ms":19333,"sequence":504,"tick":1152,"velocity":[0.0,0.0,0.0],"yaw":0.0},"position":[0.0,0.00100011611357331,9.0000114440918],"time_ms":19340,"wall_ms":1791410984845.17,"yaw":0.0}
S03R {"entity":2,"event":"apply","pose":{"control":1,"durable":2,"entity":2,"position":[6.0,0.00100011611357331,3.73089337348938],"receipt_ms":19333,"sequence":500,"tick":1152,"velocity":[0.0,0.0,2.99999260902405],"yaw":0.0},"position":[6.0,0.00100011611357331,3.73089337348938],"time_ms":19340,"wall_ms":1791410984845.23,"yaw":0.0}
S03R {"entity":1,"event":"apply","pose":{"control":1,"durable":2,"entity":1,"position":[0.0,0.00100011611357331,9.0000114440918],"receipt_ms":19375,"sequence":506,"tick":1155,"velocity":[0.0,0.0,0.0],"yaw":0.0},"position":[0.0,0.00100011611357331,9.0000114440918],"time_ms":19395,"wall_ms":1791410984900.38,"yaw":0.0}
S03R {"entity":2,"event":"apply","pose":{"control":1,"durable":2,"entity":2,"position":[6.0,0.00100011611357331,3.73089337348938],"receipt_ms":19375,"sequence":500,"tick":1155,"velocity":[0.0,0.0,0.0],"yaw":0.0},"position":[6.0,0.00100011611357331,3.73089337348938],"time_ms":19395,"wall_ms":1791410984900.44,"yaw":0.0}
S03R {"entity":1,"event":"apply","pose":{"control":1,"durable":2,"entity":1,"position":[0.0,0.00100011611357331,9.0000114440918],"receipt_ms":19423,"sequence":507,"tick":1158,"velocity":[0.0,0.0,0.0],"yaw":0.0},"position":[0.0,0.00100011611357331,9.0000114440918],"time_ms":19443,"wall_ms":1791410984948.67,"yaw":0.0}
S03R {"entity":2,"event":"apply","pose":{"control":1,"durable":2,"entity":2,"position":[6.0,0.00100011611357331,3.73089337348938],"receipt_ms":19423,"sequence":500,"tick":1158,"velocity":[0.0,0.0,0.0],"yaw":0.0},"position":[6.0,0.00100011611357331,3.73089337348938],"time_ms":19444,"wall_ms":1791410984948.75,"yaw":0.0}
S03R {"entity":1,"event":"apply","pose":{"control":1,"durable":2,"entity":1,"position":[0.0,0.00100011611357331,9.0000114440918],"receipt_ms":19540,"sequence":509,"tick":1161,"velocity":[0.0,0.0,0.0],"yaw":0.0},"position":[0.0,0.00100011611357331,9.0000114440918],"time_ms":19561,"wall_ms":1791410985066.04,"yaw":0.0}
S03R {"entity":2,"event":"apply","pose":{"control":1,"durable":2,"entity":2,"position":[6.0,0.00100011611357331,3.73089337348938],"receipt_ms":19540,"sequence":500,"tick":1161,"velocity":[0.0,0.0,0.0],"yaw":0.0},"position":[6.0,0.00100011611357331,3.73089337348938],"time_ms":19561,"wall_ms":1791410985066.11,"yaw":0.0}
S03R {"entity":1,"event":"apply","pose":{"control":1,"durable":2,"entity":1,"position":[0.0,0.00100011611357331,9.0000114440918],"receipt_ms":19581,"sequence":510,"tick":1164,"velocity":[0.0,0.0,0.0],"yaw":0.0},"position":[0.0,0.00100011611357331,9.0000114440918],"time_ms":19588,"wall_ms":1791410985093.61,"yaw":0.0}
S03R {"entity":2,"event":"apply","pose":{"control":1,"durable":2,"entity":2,"position":[6.0,0.00100011611357331,3.73089337348938],"receipt_ms":19581,"sequence":500,"tick":1164,"velocity":[0.0,0.0,0.0],"yaw":0.0},"position":[6.0,0.00100011611357331,3.73089337348938],"time_ms":19588,"wall_ms":1791410985093.67,"yaw":0.0}
S03R {"entity":1,"event":"apply","pose":{"control":1,"durable":2,"entity":1,"position":[0.0,0.00100011611357331,9.0000114440918],"receipt_ms":19658,"sequence":512,"tick":1167,"velocity":[0.0,0.0,0.0],"yaw":0.0},"position":[0.0,0.00100011611357331,9.0000114440918],"time_ms":19671,"wall_ms":1791410985176.38,"yaw":0.0}
S03R {"entity":2,"event":"apply","pose":{"control":1,"durable":2,"entity":2,"position":[6.0,0.00100011611357331,3.73089337348938],"receipt_ms":19658,"sequence":500,"tick":1167,"velocity":[0.0,0.0,0.0],"yaw":0.0},"position":[6.0,0.00100011611357331,3.73089337348938],"time_ms":19671,"wall_ms":1791410985176.45,"yaw":0.0}
S03R {"entity":1,"event":"apply","pose":{"control":1,"durable":2,"entity":1,"position":[0.0,0.00100011611357331,9.0000114440918],"receipt_ms":19706,"sequence":515,"tick":1173,"velocity":[0.0,0.0,0.0],"yaw":0.0},"position":[0.0,0.00100011611357331,9.0000114440918],"time_ms":19726,"wall_ms":1791410985231.61,"yaw":0.0}
S03R {"entity":2,"event":"apply","pose":{"control":1,"durable":2,"entity":2,"position":[6.0,0.00100011611357331,3.73089337348938],"receipt_ms":19706,"sequence":500,"tick":1173,"velocity":[0.0,0.0,0.0],"yaw":0.0},"position":[6.0,0.00100011611357331,3.73089337348938],"time_ms":19726,"wall_ms":1791410985231.67,"yaw":0.0}
S03R {"entity":1,"event":"apply","pose":{"control":1,"durable":2,"entity":1,"position":[0.0,0.00100011611357331,9.0000114440918],"receipt_ms":19747,"sequence":516,"tick":1176,"velocity":[0.0,0.0,0.0],"yaw":0.0},"position":[0.0,0.00100011611357331,9.0000114440918],"time_ms":19754,"wall_ms":1791410985259.22,"yaw":0.0}
S03R {"entity":2,"event":"apply","pose":{"control":1,"durable":2,"entity":2,"position":[6.0,0.00100011611357331,3.73089337348938],"receipt_ms":19747,"sequence":500,"tick":1176,"velocity":[0.0,0.0,0.0],"yaw":0.0},"position":[6.0,0.00100011611357331,3.73089337348938],"time_ms":19754,"wall_ms":1791410985259.28,"yaw":0.0}
S03R {"entity":1,"event":"apply","pose":{"control":1,"durable":2,"entity":1,"position":[0.0,0.00100011611357331,9.0000114440918],"receipt_ms":19810,"sequence":518,"tick":1179,"velocity":[0.0,0.0,0.0],"yaw":0.0},"position":[0.0,0.00100011611357331,9.0000114440918],"time_ms":19823,"wall_ms":1791410985328.23,"yaw":0.0}
S03R {"entity":2,"event":"apply","pose":{"control":1,"durable":2,"entity":2,"position":[6.0,0.00100011611357331,3.73089337348938],"receipt_ms":19810,"sequence":520,"tick":1179,"velocity":[0.0,0.0,0.0],"yaw":0.0},"position":[6.0,0.00100011611357331,3.73089337348938],"time_ms":19823,"wall_ms":1791410985328.28,"yaw":0.0}
S03R {"entity":1,"event":"apply","pose":{"control":1,"durable":2,"entity":1,"position":[0.0,0.00100011611357331,9.0000114440918],"receipt_ms":19830,"sequence":519,"tick":1182,"velocity":[0.0,0.0,0.0],"yaw":0.0},"position":[0.0,0.00100011611357331,9.0000114440918],"time_ms":19844,"wall_ms":1791410985348.88,"yaw":0.0}
S03R {"entity":2,"event":"apply","pose":{"control":1,"durable":2,"entity":2,"position":[6.0,0.00100011611357331,3.73089337348938],"receipt_ms":19830,"sequence":521,"tick":1182,"velocity":[0.0,0.0,0.0],"yaw":0.0},"position":[6.0,0.00100011611357331,3.73089337348938],"time_ms":19844,"wall_ms":1791410985348.94,"yaw":0.0}
S03R {"entity":1,"event":"apply","pose":{"control":1,"durable":2,"entity":1,"position":[0.0,0.00100011611357331,9.0000114440918],"receipt_ms":19892,"sequence":521,"tick":1185,"velocity":[0.0,0.0,0.0],"yaw":0.0},"position":[0.0,0.00100011611357331,9.0000114440918],"time_ms":19906,"wall_ms":1791410985410.98,"yaw":0.0}
S03R {"entity":2,"event":"apply","pose":{"control":1,"durable":2,"entity":2,"position":[6.0,0.00100011611357331,3.73089337348938],"receipt_ms":19892,"sequence":523,"tick":1185,"velocity":[0.0,0.0,0.0],"yaw":0.0},"position":[6.0,0.00100011611357331,3.73089337348938],"time_ms":19906,"wall_ms":1791410985411.04,"yaw":0.0}
S03R {"entity":1,"event":"apply","pose":{"control":1,"durable":2,"entity":1,"position":[0.0,0.00100011611357331,9.0000114440918],"receipt_ms":20002,"sequence":522,"tick":1188,"velocity":[0.0,0.0,0.0],"yaw":0.0},"position":[0.0,0.00100011611357331,9.0000114440918],"time_ms":20009,"wall_ms":1791410985514.49,"yaw":0.0}
S03R {"entity":2,"event":"apply","pose":{"control":1,"durable":2,"entity":2,"position":[6.0,0.00100011611357331,3.73089337348938],"receipt_ms":20002,"sequence":525,"tick":1188,"velocity":[0.0,0.0,0.0],"yaw":0.0},"position":[6.0,0.00100011611357331,3.73089337348938],"time_ms":20009,"wall_ms":1791410985514.55,"yaw":0.0}
S03R {"entity":1,"event":"apply","pose":{"control":1,"durable":2,"entity":1,"position":[0.0,0.00100011611357331,9.0000114440918],"receipt_ms":20030,"sequence":525,"tick":1194,"velocity":[0.0,0.0,0.0],"yaw":0.0},"position":[0.0,0.00100011611357331,9.0000114440918],"time_ms":20044,"wall_ms":1791410985549.0,"yaw":0.0}
S03R {"entity":2,"event":"apply","pose":{"control":1,"durable":2,"entity":2,"position":[6.0,0.00100011611357331,3.73089337348938],"receipt_ms":20030,"sequence":528,"tick":1194,"velocity":[0.0,0.0,0.0],"yaw":0.0},"position":[6.0,0.00100011611357331,3.73089337348938],"time_ms":20044,"wall_ms":1791410985549.08,"yaw":0.0}
S03R {"entity":1,"event":"apply","pose":{"control":1,"durable":2,"entity":1,"position":[0.0,0.00100011611357331,9.0000114440918],"receipt_ms":20113,"sequence":527,"tick":1197,"velocity":[0.0,0.0,0.0],"yaw":0.0},"position":[0.0,0.00100011611357331,9.0000114440918],"time_ms":20127,"wall_ms":1791410985631.85,"yaw":0.0}
S03R {"entity":2,"event":"apply","pose":{"control":1,"durable":2,"entity":2,"position":[6.0,0.00100011611357331,3.73089337348938],"receipt_ms":20113,"sequence":531,"tick":1197,"velocity":[0.0,0.0,0.0],"yaw":0.0},"position":[6.0,0.00100011611357331,3.73089337348938],"time_ms":20127,"wall_ms":1791410985631.92,"yaw":0.0}
S03R {"entity":2,"event":"resync_request","health":70,"role":"client","time_ms":20189,"wall_ms":1791410985693.87}
S03R {"entity":1,"event":"apply","pose":{"control":1,"durable":2,"entity":1,"position":[0.0,0.00100011611357331,9.0000114440918],"receipt_ms":20175,"sequence":528,"tick":1200,"velocity":[0.0,0.0,0.0],"yaw":0.0},"position":[0.0,0.00100011611357331,9.0000114440918],"time_ms":20189,"wall_ms":1791410985693.97,"yaw":0.0}
S03R {"entity":2,"event":"apply","pose":{"control":1,"durable":2,"entity":2,"position":[6.0,0.00100011611357331,3.73089337348938],"receipt_ms":20175,"sequence":531,"tick":1200,"velocity":[0.0,0.0,0.0],"yaw":0.0},"position":[6.0,0.00100011611357331,3.73089337348938],"time_ms":20189,"wall_ms":1791410985694.02,"yaw":0.0}
S03R {"entity":1,"event":"apply","pose":{"control":1,"durable":2,"entity":1,"position":[0.0,0.00100011611357331,9.0000114440918],"receipt_ms":20216,"sequence":530,"tick":1203,"velocity":[0.0,0.0,0.0],"yaw":0.0},"position":[0.0,0.00100011611357331,9.0000114440918],"time_ms":20223,"wall_ms":1791410985728.39,"yaw":0.0}
S03R {"entity":2,"event":"apply","pose":{"control":1,"durable":2,"entity":2,"position":[6.0,0.00100011611357331,3.73089337348938],"receipt_ms":20216,"sequence":531,"tick":1203,"velocity":[0.0,0.0,0.0],"yaw":0.0},"position":[6.0,0.00100011611357331,3.73089337348938],"time_ms":20223,"wall_ms":1791410985728.45,"yaw":0.0}
S03R {"entity":1,"event":"apply","pose":{"control":1,"durable":2,"entity":1,"position":[0.0,0.00100011611357331,9.0000114440918],"receipt_ms":20237,"sequence":531,"tick":1206,"velocity":[0.0,0.0,0.0],"yaw":0.0},"position":[0.0,0.00100011611357331,9.0000114440918],"time_ms":20244,"wall_ms":1791410985749.09,"yaw":0.0}
S03R {"entity":2,"event":"apply","pose":{"control":1,"durable":2,"entity":2,"position":[6.0,0.00100011611357331,3.73089337348938],"receipt_ms":20237,"sequence":535,"tick":1206,"velocity":[0.0,0.0,0.0],"yaw":0.0},"position":[6.0,0.00100011611357331,3.73089337348938],"time_ms":20244,"wall_ms":1791410985749.15,"yaw":0.0}
S03R {"entity":1,"event":"apply","pose":{"control":1,"durable":2,"entity":1,"position":[0.0,0.00100011611357331,9.0000114440918],"receipt_ms":20341,"sequence":533,"tick":1209,"velocity":[0.0,0.0,0.0],"yaw":0.0},"position":[0.0,0.00100011611357331,9.0000114440918],"time_ms":20354,"wall_ms":1791410985859.49,"yaw":0.0}
S03R {"entity":2,"event":"apply","pose":{"control":1,"durable":2,"entity":2,"position":[6.0,0.00100011611357331,3.73089337348938],"receipt_ms":20341,"sequence":537,"tick":1209,"velocity":[0.0,0.0,0.0],"yaw":0.0},"position":[6.0,0.00100011611357331,3.73089337348938],"time_ms":20354,"wall_ms":1791410985859.55,"yaw":0.0}
S03R {"entity":1,"event":"apply","pose":{"control":1,"durable":2,"entity":1,"position":[0.0,0.00100011611357331,9.0000114440918],"receipt_ms":20389,"sequence":534,"tick":1212,"velocity":[0.0,0.0,0.0],"yaw":0.0},"position":[0.0,0.00100011611357331,9.0000114440918],"time_ms":20409,"wall_ms":1791410985914.69,"yaw":0.0}
S03R {"entity":2,"event":"apply","pose":{"control":1,"durable":2,"entity":2,"position":[6.0,0.00100011611357331,3.73089337348938],"receipt_ms":20389,"sequence":537,"tick":1212,"velocity":[0.0,0.0,0.0],"yaw":0.0},"position":[6.0,0.00100011611357331,3.73089337348938],"time_ms":20409,"wall_ms":1791410985914.75,"yaw":0.0}
S03R {"entity":1,"event":"apply","pose":{"control":1,"durable":2,"entity":1,"position":[0.0,0.00100011611357331,9.0000114440918],"receipt_ms":20437,"sequence":536,"tick":1215,"velocity":[0.0,0.0,0.0],"yaw":0.0},"position":[0.0,0.00100011611357331,9.0000114440918],"time_ms":20444,"wall_ms":1791410985949.19,"yaw":0.0}
S03R {"entity":2,"event":"apply","pose":{"control":1,"durable":2,"entity":2,"position":[6.0,0.00100011611357331,3.73089337348938],"receipt_ms":20437,"sequence":539,"tick":1215,"velocity":[0.0,0.0,0.0],"yaw":0.0},"position":[6.0,0.00100011611357331,3.73089337348938],"time_ms":20444,"wall_ms":1791410985949.25,"yaw":0.0}
S03R {"entity":2,"event":"apply","pose":{"control":2,"durable":4,"entity":2,"position":[6.0,0.00100011611357331,3.73089337348938],"receipt_ms":21024,"sequence":0,"tick":1252,"velocity":[0.0,0.0,0.0],"yaw":0.0},"position":[6.0,0.00100011611357331,3.73089337348938],"time_ms":21044,"wall_ms":1791410986549.51,"yaw":0.0}
S03R {"control":2,"entity":2,"event":"resync_applied","health":70,"role":"client","time_ms":21093,"wall_ms":1791410986597.79}
S03R {"entity":1,"event":"apply","pose":{"control":1,"durable":4,"entity":1,"position":[0.0,0.00100011611357331,9.0000114440918],"receipt_ms":21099,"sequence":557,"tick":1257,"velocity":[0.0,0.0,0.0],"yaw":0.0},"position":[0.0,0.00100011611357331,9.0000114440918],"time_ms":21106,"wall_ms":1791410986611.61,"yaw":0.0}
S03R {"entity":2,"event":"apply","pose":{"control":2,"durable":4,"entity":2,"position":[6.0,0.00100011611357331,3.73089337348938],"receipt_ms":21099,"sequence":0,"tick":1257,"velocity":[0.0,0.0,0.0],"yaw":0.0},"position":[6.0,0.00100011611357331,3.73089337348938],"time_ms":21106,"wall_ms":1791410986611.67,"yaw":0.0}
S03R {"entity":1,"event":"apply","pose":{"control":1,"durable":4,"entity":1,"position":[0.0,0.00100011611357331,9.0000114440918],"receipt_ms":21168,"sequence":558,"tick":1260,"velocity":[0.0,0.0,0.0],"yaw":0.0},"position":[0.0,0.00100011611357331,9.0000114440918],"time_ms":21175,"wall_ms":1791410986680.61,"yaw":0.0}
S03R {"entity":2,"event":"apply","pose":{"control":2,"durable":4,"entity":2,"position":[6.0,0.00100011611357331,3.73089337348938],"receipt_ms":21168,"sequence":0,"tick":1260,"velocity":[0.0,0.0,0.0],"yaw":0.0},"position":[6.0,0.00100011611357331,3.73089337348938],"time_ms":21175,"wall_ms":1791410986680.67,"yaw":0.0}
S03R {"entity":1,"event":"apply","pose":{"control":1,"durable":4,"entity":1,"position":[0.0,0.00100011611357331,9.0000114440918],"receipt_ms":21196,"sequence":560,"tick":1263,"velocity":[0.0,0.0,0.0],"yaw":0.0},"position":[0.0,0.00100011611357331,9.0000114440918],"time_ms":21210,"wall_ms":1791410986715.11,"yaw":0.0}
S03R {"entity":2,"event":"apply","pose":{"control":2,"durable":4,"entity":2,"position":[6.0,0.00100011611357331,3.73089337348938],"receipt_ms":21196,"sequence":0,"tick":1263,"velocity":[0.0,0.0,0.0],"yaw":0.0},"position":[6.0,0.00100011611357331,3.73089337348938],"time_ms":21210,"wall_ms":1791410986715.16,"yaw":0.0}
S03R {"entity":1,"event":"apply","pose":{"control":1,"durable":4,"entity":1,"position":[0.0,0.00100011611357331,9.0000114440918],"receipt_ms":21286,"sequence":561,"tick":1266,"velocity":[0.0,0.0,0.0],"yaw":0.0},"position":[0.0,0.00100011611357331,9.0000114440918],"time_ms":21293,"wall_ms":1791410986797.96,"yaw":0.0}
S03R {"entity":2,"event":"apply","pose":{"control":2,"durable":4,"entity":2,"position":[6.0,0.00100011611357331,3.73089337348938],"receipt_ms":21286,"sequence":0,"tick":1266,"velocity":[0.0,0.0,0.0],"yaw":0.0},"position":[6.0,0.00100011611357331,3.73089337348938],"time_ms":21293,"wall_ms":1791410986798.02,"yaw":0.0}
S03R {"entity":1,"event":"apply","pose":{"control":1,"durable":4,"entity":1,"position":[0.0,0.00100011611357331,9.0000114440918],"receipt_ms":21320,"sequence":563,"tick":1269,"velocity":[0.0,0.0,0.0],"yaw":0.0},"position":[0.0,0.00100011611357331,9.0000114440918],"time_ms":21327,"wall_ms":1791410986832.42,"yaw":0.0}
S03R {"entity":2,"event":"apply","pose":{"control":2,"durable":4,"entity":2,"position":[6.0,0.00100011611357331,3.73089337348938],"receipt_ms":21320,"sequence":0,"tick":1269,"velocity":[0.0,0.0,0.0],"yaw":0.0},"position":[6.0,0.00100011611357331,3.73089337348938],"time_ms":21327,"wall_ms":1791410986832.47,"yaw":0.0}
S03R {"entity":1,"event":"apply","pose":{"control":1,"durable":4,"entity":1,"position":[0.0,0.00100011611357331,9.0000114440918],"receipt_ms":21382,"sequence":566,"tick":1275,"velocity":[0.0,0.0,0.0],"yaw":0.0},"position":[0.0,0.00100011611357331,9.0000114440918],"time_ms":21389,"wall_ms":1791410986894.56,"yaw":0.0}
S03R {"entity":2,"event":"apply","pose":{"control":2,"durable":4,"entity":2,"position":[6.0,0.00100011611357331,3.73089337348938],"receipt_ms":21382,"sequence":2,"tick":1275,"velocity":[0.0,0.0,0.0],"yaw":0.0},"position":[6.0,0.00100011611357331,3.73089337348938],"time_ms":21389,"wall_ms":1791410986894.61,"yaw":0.0}
S03R {"entity":1,"event":"apply","pose":{"control":1,"durable":4,"entity":1,"position":[0.0,0.00100011611357331,9.0000114440918],"receipt_ms":21451,"sequence":567,"tick":1278,"velocity":[0.0,0.0,0.0],"yaw":0.0},"position":[0.0,0.00100011611357331,9.0000114440918],"time_ms":21458,"wall_ms":1791410986963.56,"yaw":0.0}
S03R {"entity":2,"event":"apply","pose":{"control":2,"durable":4,"entity":2,"position":[6.0,0.00100011611357331,3.73089337348938],"receipt_ms":21451,"sequence":4,"tick":1278,"velocity":[0.0,0.0,0.0],"yaw":0.0},"position":[6.0,0.00100011611357331,3.73089337348938],"time_ms":21458,"wall_ms":1791410986963.6,"yaw":0.0}
S03R {"entity":1,"event":"apply","pose":{"control":1,"durable":4,"entity":1,"position":[0.0,0.00100011611357331,9.0000114440918],"receipt_ms":21520,"sequence":569,"tick":1281,"velocity":[0.0,0.0,0.0],"yaw":0.0},"position":[0.0,0.00100011611357331,9.0000114440918],"time_ms":21527,"wall_ms":1791410987032.52,"yaw":0.0}
S03R {"entity":2,"event":"apply","pose":{"control":2,"durable":4,"entity":2,"position":[6.0,0.00100011611357331,3.73089337348938],"receipt_ms":21520,"sequence":7,"tick":1281,"velocity":[0.0,0.0,0.0],"yaw":0.0},"position":[6.0,0.00100011611357331,3.73089337348938],"time_ms":21527,"wall_ms":1791410987032.56,"yaw":0.0}
S03R {"entity":1,"event":"apply","pose":{"control":1,"durable":4,"entity":1,"position":[0.0,0.00100011611357331,9.0000114440918],"receipt_ms":21569,"sequence":572,"tick":1287,"velocity":[0.0,0.0,0.0],"yaw":0.0},"position":[0.0,0.00100011611357331,9.0000114440918],"time_ms":21576,"wall_ms":1791410987080.81,"yaw":0.0}
S03R {"entity":2,"event":"apply","pose":{"control":2,"durable":4,"entity":2,"position":[6.0,0.00100011611357331,3.73089337348938],"receipt_ms":21569,"sequence":8,"tick":1287,"velocity":[0.0,0.0,0.0],"yaw":0.0},"position":[6.0,0.00100011611357331,3.73089337348938],"time_ms":21576,"wall_ms":1791410987080.87,"yaw":0.0}
S03R {"entity":1,"event":"apply","pose":{"control":1,"durable":4,"entity":1,"position":[0.0,0.00100011611357331,9.0000114440918],"receipt_ms":21624,"sequence":573,"tick":1290,"velocity":[0.0,0.0,0.0],"yaw":0.0},"position":[0.0,0.00100011611357331,9.0000114440918],"time_ms":21645,"wall_ms":1791410987149.8,"yaw":0.0}
S03R {"entity":2,"event":"apply","pose":{"control":2,"durable":4,"entity":2,"position":[6.0,0.00100011611357331,3.73089337348938],"receipt_ms":21624,"sequence":11,"tick":1290,"velocity":[0.0,0.0,0.0],"yaw":0.0},"position":[6.0,0.00100011611357331,3.73089337348938],"time_ms":21645,"wall_ms":1791410987149.84,"yaw":0.0}
S03R {"entity":1,"event":"apply","pose":{"control":1,"durable":4,"entity":1,"position":[0.0,0.00100011611357331,9.0000114440918],"receipt_ms":21673,"sequence":575,"tick":1293,"velocity":[0.0,0.0,0.0],"yaw":0.0},"position":[0.0,0.00100011611357331,9.0000114440918],"time_ms":21693,"wall_ms":1791410987198.15,"yaw":0.0}
S03R {"entity":2,"event":"apply","pose":{"control":2,"durable":4,"entity":2,"position":[6.0,0.00100011611357331,3.73089337348938],"receipt_ms":21673,"sequence":12,"tick":1293,"velocity":[0.0,0.0,0.0],"yaw":0.0},"position":[6.0,0.00100011611357331,3.73089337348938],"time_ms":21693,"wall_ms":1791410987198.21,"yaw":0.0}
S03R {"entity":1,"event":"apply","pose":{"control":1,"durable":4,"entity":1,"position":[0.0,0.00100011611357331,9.0000114440918],"receipt_ms":21720,"sequence":576,"tick":1296,"velocity":[0.0,0.0,0.0],"yaw":0.0},"position":[0.0,0.00100011611357331,9.0000114440918],"time_ms":21727,"wall_ms":1791410987232.62,"yaw":0.0}
S03R {"entity":2,"event":"apply","pose":{"control":2,"durable":4,"entity":2,"position":[6.0,0.00100011611357331,3.73089337348938],"receipt_ms":21720,"sequence":12,"tick":1296,"velocity":[0.0,0.0,0.0],"yaw":0.0},"position":[6.0,0.00100011611357331,3.73089337348938],"time_ms":21727,"wall_ms":1791410987232.65,"yaw":0.0}
S03R {"entity":1,"event":"apply","pose":{"control":1,"durable":4,"entity":1,"position":[0.0,0.00100011611357331,9.0000114440918],"receipt_ms":21769,"sequence":578,"tick":1299,"velocity":[0.0,0.0,0.0],"yaw":0.0},"position":[0.0,0.00100011611357331,9.0000114440918],"time_ms":21776,"wall_ms":1791410987280.91,"yaw":0.0}
S03R {"entity":2,"event":"apply","pose":{"control":2,"durable":4,"entity":2,"position":[6.0,0.00100011611357331,3.73089337348938],"receipt_ms":21769,"sequence":14,"tick":1299,"velocity":[0.0,0.0,0.0],"yaw":0.0},"position":[6.0,0.00100011611357331,3.73089337348938],"time_ms":21776,"wall_ms":1791410987280.97,"yaw":0.0}
S03R {"entity":1,"event":"apply","pose":{"control":1,"durable":4,"entity":1,"position":[0.0,0.00100011611357331,9.0000114440918],"receipt_ms":21907,"sequence":581,"tick":1305,"velocity":[0.0,0.0,0.0],"yaw":0.0},"position":[0.0,0.00100011611357331,9.0000114440918],"time_ms":21927,"wall_ms":1791410987432.77,"yaw":0.0}
S03R {"entity":2,"event":"apply","pose":{"control":2,"durable":4,"entity":2,"position":[6.0,0.00100011611357331,3.73089337348938],"receipt_ms":21907,"sequence":18,"tick":1305,"velocity":[0.0,0.0,0.0],"yaw":0.0},"position":[6.0,0.00100011611357331,3.73089337348938],"time_ms":21928,"wall_ms":1791410987432.82,"yaw":0.0}
S03R {"entity":1,"event":"apply","pose":{"control":1,"durable":4,"entity":1,"position":[0.0,0.00100011611357331,9.0000114440918],"receipt_ms":21955,"sequence":582,"tick":1308,"velocity":[0.0,0.0,0.0],"yaw":0.0},"position":[0.0,0.00100011611357331,9.0000114440918],"time_ms":21976,"wall_ms":1791410987481.01,"yaw":0.0}
S03R {"entity":2,"event":"apply","pose":{"control":2,"durable":4,"entity":2,"position":[6.0,0.00100011611357331,3.73089337348938],"receipt_ms":21955,"sequence":18,"tick":1308,"velocity":[0.0,0.0,0.0],"yaw":0.0},"position":[6.0,0.00100011611357331,3.73089337348938],"time_ms":21976,"wall_ms":1791410987481.07,"yaw":0.0}
S03R {"entity":1,"event":"apply","pose":{"control":1,"durable":4,"entity":1,"position":[0.0,0.00100011611357331,9.0000114440918],"receipt_ms":22052,"sequence":584,"tick":1311,"velocity":[0.0,0.0,0.0],"yaw":0.0},"position":[0.0,0.00100011611357331,9.0000114440918],"time_ms":22059,"wall_ms":1791410987563.87,"yaw":0.0}
S03R {"entity":2,"event":"apply","pose":{"control":2,"durable":4,"entity":2,"position":[6.0,0.00100011611357331,3.73089337348938],"receipt_ms":22052,"sequence":21,"tick":1311,"velocity":[0.0,0.0,0.0],"yaw":0.0},"position":[6.0,0.00100011611357331,3.73089337348938],"time_ms":22059,"wall_ms":1791410987563.93,"yaw":0.0}
S03R {"entity":1,"event":"apply","pose":{"control":1,"durable":4,"entity":1,"position":[0.0,0.00100011611357331,9.0000114440918],"receipt_ms":22073,"sequence":587,"tick":1317,"velocity":[0.0,0.0,0.0],"yaw":0.0},"position":[0.0,0.00100011611357331,9.0000114440918],"time_ms":22093,"wall_ms":1791410987598.37,"yaw":0.0}
S03R {"entity":2,"event":"apply","pose":{"control":2,"durable":4,"entity":2,"position":[6.0,0.00100011611357331,3.73089337348938],"receipt_ms":22073,"sequence":23,"tick":1317,"velocity":[0.0,0.0,0.0],"yaw":0.0},"position":[6.0,0.00100011611357331,3.73089337348938],"time_ms":22093,"wall_ms":1791410987598.43,"yaw":0.0}
S03R {"entity":1,"event":"apply","pose":{"control":1,"durable":4,"entity":1,"position":[0.0,0.00100011611357331,9.0000114440918],"receipt_ms":22162,"sequence":588,"tick":1320,"velocity":[0.0,0.0,0.0],"yaw":0.0},"position":[0.0,0.00100011611357331,9.0000114440918],"time_ms":22176,"wall_ms":1791410987681.12,"yaw":0.0}
S03R {"entity":2,"event":"apply","pose":{"control":2,"durable":4,"entity":2,"position":[6.0,0.00100011611357331,3.73089337348938],"receipt_ms":22162,"sequence":25,"tick":1320,"velocity":[0.0,0.0,0.0],"yaw":0.0},"position":[6.0,0.00100011611357331,3.73089337348938],"time_ms":22176,"wall_ms":1791410987681.18,"yaw":0.0}
S03R {"entity":1,"event":"apply","pose":{"control":1,"durable":4,"entity":1,"position":[0.0,0.00100011611357331,9.0000114440918],"receipt_ms":22238,"sequence":591,"tick":1326,"velocity":[0.0,0.0,0.0],"yaw":0.0},"position":[0.0,0.00100011611357331,9.0000114440918],"time_ms":22245,"wall_ms":1791410987750.12,"yaw":0.0}
S03R {"entity":2,"event":"apply","pose":{"control":2,"durable":4,"entity":2,"position":[6.0,0.00100011611357331,3.73089337348938],"receipt_ms":22238,"sequence":27,"tick":1326,"velocity":[0.0,0.0,0.0],"yaw":0.0},"position":[6.0,0.00100011611357331,3.73089337348938],"time_ms":22245,"wall_ms":1791410987750.17,"yaw":0.0}
S03R {"entity":1,"event":"apply","pose":{"control":1,"durable":4,"entity":1,"position":[0.0,0.00100011611357331,9.0000114440918],"receipt_ms":22335,"sequence":594,"tick":1332,"velocity":[0.0,0.0,0.0],"yaw":0.0},"position":[0.0,0.00100011611357331,9.0000114440918],"time_ms":22341,"wall_ms":1791410987846.73,"yaw":0.0}
S03R {"entity":2,"event":"apply","pose":{"control":2,"durable":4,"entity":2,"position":[6.0,0.00100011611357331,3.73089337348938],"receipt_ms":22335,"sequence":30,"tick":1332,"velocity":[0.0,0.0,0.0],"yaw":0.0},"position":[6.0,0.00100011611357331,3.73089337348938],"time_ms":22341,"wall_ms":1791410987846.79,"yaw":0.0}
S03R {"entity":1,"event":"apply","pose":{"control":1,"durable":4,"entity":1,"position":[0.0,0.00100011611357331,9.0000114440918],"receipt_ms":22390,"sequence":596,"tick":1335,"velocity":[0.0,0.0,0.0],"yaw":0.0},"position":[0.0,0.00100011611357331,9.0000114440918],"time_ms":22410,"wall_ms":1791410987915.74,"yaw":0.0}
S03R {"entity":2,"event":"apply","pose":{"control":2,"durable":4,"entity":2,"position":[6.0,0.00100011611357331,3.73089337348938],"receipt_ms":22390,"sequence":31,"tick":1335,"velocity":[0.0,0.0,0.0],"yaw":0.0},"position":[6.0,0.00100011611357331,3.73089337348938],"time_ms":22410,"wall_ms":1791410987915.8,"yaw":0.0}
S03R {"entity":1,"event":"apply","pose":{"control":1,"durable":4,"entity":1,"position":[0.0,0.00100011611357331,9.0000114440918],"receipt_ms":22479,"sequence":597,"tick":1338,"velocity":[0.0,0.0,0.0],"yaw":0.0},"position":[0.0,0.00100011611357331,9.0000114440918],"time_ms":22493,"wall_ms":1791410987998.58,"yaw":0.0}
S03R {"entity":2,"event":"apply","pose":{"control":2,"durable":4,"entity":2,"position":[6.0,0.00100011611357331,3.73089337348938],"receipt_ms":22479,"sequence":34,"tick":1338,"velocity":[0.0,0.0,0.0],"yaw":0.0},"position":[6.0,0.00100011611357331,3.73089337348938],"time_ms":22493,"wall_ms":1791410987998.63,"yaw":0.0}
S03R {"entity":1,"event":"apply","pose":{"control":1,"durable":4,"entity":1,"position":[0.0,0.00100011611357331,9.0000114440918],"receipt_ms":22548,"sequence":599,"tick":1341,"velocity":[0.0,0.0,0.0],"yaw":0.0},"position":[0.0,0.00100011611357331,9.0000114440918],"time_ms":22562,"wall_ms":1791410988067.58,"yaw":0.0}
S03R {"entity":2,"event":"apply","pose":{"control":2,"durable":4,"entity":2,"position":[6.0,0.00100011611357331,3.73089337348938],"receipt_ms":22548,"sequence":34,"tick":1341,"velocity":[0.0,0.0,0.0],"yaw":0.0},"position":[6.0,0.00100011611357331,3.73089337348938],"time_ms":22562,"wall_ms":1791410988067.64,"yaw":0.0}
S03R {"entity":1,"event":"apply","pose":{"control":1,"durable":4,"entity":1,"position":[0.0,0.00100011611357331,9.0000114440918],"receipt_ms":22563,"sequence":600,"tick":1344,"velocity":[0.0,0.0,0.0],"yaw":0.0},"position":[0.0,0.00100011611357331,9.0000114440918],"time_ms":22576,"wall_ms":1791410988081.34,"yaw":0.0}
S03R {"entity":2,"event":"apply","pose":{"control":2,"durable":4,"entity":2,"position":[6.0,0.00100011611357331,3.73089337348938],"receipt_ms":22563,"sequence":36,"tick":1344,"velocity":[0.0,0.0,0.0],"yaw":0.0},"position":[6.0,0.00100011611357331,3.73089337348938],"time_ms":22576,"wall_ms":1791410988081.4,"yaw":0.0}
S03R {"entity":1,"event":"apply","pose":{"control":1,"durable":4,"entity":1,"position":[0.0,0.00100011611357331,9.0000114440918],"receipt_ms":22625,"sequence":603,"tick":1350,"velocity":[0.0,0.0,0.0],"yaw":0.0},"position":[0.0,0.00100011611357331,9.0000114440918],"time_ms":22645,"wall_ms":1791410988150.31,"yaw":0.0}
S03R {"entity":2,"event":"apply","pose":{"control":2,"durable":4,"entity":2,"position":[6.0,0.00100011611357331,3.73089337348938],"receipt_ms":22625,"sequence":40,"tick":1350,"velocity":[0.0,0.0,0.0],"yaw":0.0},"position":[6.0,0.00100011611357331,3.73089337348938],"time_ms":22645,"wall_ms":1791410988150.34,"yaw":0.0}
S03R {"entity":1,"event":"apply","pose":{"control":1,"durable":4,"entity":1,"position":[0.0,0.00100011611357331,9.0000114440918],"receipt_ms":22673,"sequence":605,"tick":1353,"velocity":[0.0,0.0,0.0],"yaw":0.0},"position":[0.0,0.00100011611357331,9.0000114440918],"time_ms":22693,"wall_ms":1791410988198.68,"yaw":0.0}
S03R {"entity":2,"event":"apply","pose":{"control":2,"durable":4,"entity":2,"position":[6.0,0.00100011611357331,3.73089337348938],"receipt_ms":22673,"sequence":41,"tick":1353,"velocity":[0.0,0.0,0.0],"yaw":0.0},"position":[6.0,0.00100011611357331,3.73089337348938],"time_ms":22693,"wall_ms":1791410988198.76,"yaw":0.0}
S03R {"entity":1,"event":"apply","pose":{"control":1,"durable":4,"entity":1,"position":[0.0,0.00100011611357331,9.0000114440918],"receipt_ms":22749,"sequence":606,"tick":1356,"velocity":[0.0,0.0,0.0],"yaw":0.0},"position":[0.0,0.00100011611357331,9.0000114440918],"time_ms":22762,"wall_ms":1791410988267.69,"yaw":0.0}
S03R {"entity":2,"event":"apply","pose":{"control":2,"durable":4,"entity":2,"position":[6.0,0.00100011611357331,3.73089337348938],"receipt_ms":22749,"sequence":42,"tick":1356,"velocity":[0.0,0.0,0.0],"yaw":0.0},"position":[6.0,0.00100011611357331,3.73089337348938],"time_ms":22762,"wall_ms":1791410988267.75,"yaw":0.0}
S03R {"entity":1,"event":"apply","pose":{"control":1,"durable":4,"entity":1,"position":[0.0,0.00100011611357331,9.0000114440918],"receipt_ms":22866,"sequence":608,"tick":1359,"velocity":[0.0,0.0,0.0],"yaw":0.0},"position":[0.0,0.00100011611357331,9.0000114440918],"time_ms":22873,"wall_ms":1791410988378.05,"yaw":0.0}
S03R {"entity":2,"event":"apply","pose":{"control":2,"durable":4,"entity":2,"position":[6.0,0.00100011611357331,3.73089337348938],"receipt_ms":22866,"sequence":46,"tick":1359,"velocity":[0.0,0.0,0.0],"yaw":0.0},"position":[6.0,0.00100011611357331,3.73089337348938],"time_ms":22873,"wall_ms":1791410988378.11,"yaw":0.0}
S03R {"entity":1,"event":"apply","pose":{"control":1,"durable":4,"entity":1,"position":[0.0,0.00100011611357331,9.0000114440918],"receipt_ms":22880,"sequence":611,"tick":1365,"velocity":[0.0,0.0,0.0],"yaw":0.0},"position":[0.0,0.00100011611357331,9.0000114440918],"time_ms":22893,"wall_ms":1791410988398.79,"yaw":0.0}
S03R {"entity":2,"event":"apply","pose":{"control":2,"durable":4,"entity":2,"position":[6.0,0.00100011611357331,3.73089337348938],"receipt_ms":22880,"sequence":46,"tick":1365,"velocity":[0.0,0.0,0.0],"yaw":0.0},"position":[6.0,0.00100011611357331,3.73089337348938],"time_ms":22894,"wall_ms":1791410988398.84,"yaw":0.0}
S03R {"entity":1,"event":"apply","pose":{"control":1,"durable":4,"entity":1,"position":[0.0,0.00100011611357331,9.0000114440918],"receipt_ms":22928,"sequence":612,"tick":1368,"velocity":[0.0,0.0,0.0],"yaw":0.0},"position":[0.0,0.00100011611357331,9.0000114440918],"time_ms":22942,"wall_ms":1791410988447.04,"yaw":0.0}
S03R {"entity":2,"event":"apply","pose":{"control":2,"durable":4,"entity":2,"position":[6.0,0.00100011611357331,3.73089337348938],"receipt_ms":22928,"sequence":50,"tick":1368,"velocity":[0.0,0.0,0.0],"yaw":0.0},"position":[6.0,0.00100011611357331,3.73089337348938],"time_ms":22942,"wall_ms":1791410988447.1,"yaw":0.0}
S03R {"entity":1,"event":"apply","pose":{"control":1,"durable":4,"entity":1,"position":[0.0,0.00100011611357331,9.0000114440918],"receipt_ms":22997,"sequence":614,"tick":1371,"velocity":[0.0,0.0,0.0],"yaw":0.0},"position":[0.0,0.00100011611357331,9.0000114440918],"time_ms":23011,"wall_ms":1791410988516.04,"yaw":0.0}
S03R {"entity":2,"event":"apply","pose":{"control":2,"durable":4,"entity":2,"position":[6.0,0.00100011611357331,3.73089337348938],"receipt_ms":22997,"sequence":50,"tick":1371,"velocity":[0.0,0.0,0.0],"yaw":0.0},"position":[6.0,0.00100011611357331,3.73089337348938],"time_ms":23011,"wall_ms":1791410988516.1,"yaw":0.0}
S03R {"entity":1,"event":"apply","pose":{"control":1,"durable":4,"entity":1,"position":[0.0,0.00100011611357331,9.0000114440918],"receipt_ms":23121,"sequence":617,"tick":1377,"velocity":[0.0,0.0,0.0],"yaw":0.0},"position":[0.0,0.00100011611357331,9.0000114440918],"time_ms":23128,"wall_ms":1791410988633.4,"yaw":0.0}
S03R {"entity":2,"event":"apply","pose":{"control":2,"durable":4,"entity":2,"position":[6.0,0.00100011611357331,3.73089337348938],"receipt_ms":23121,"sequence":53,"tick":1377,"velocity":[0.0,0.0,0.0],"yaw":0.0},"position":[6.0,0.00100011611357331,3.73089337348938],"time_ms":23128,"wall_ms":1791410988633.47,"yaw":0.0}
S03R {"entity":1,"event":"apply","pose":{"control":1,"durable":4,"entity":1,"position":[0.0,0.00100011611357331,9.0000114440918],"receipt_ms":23204,"sequence":618,"tick":1380,"velocity":[0.0,0.0,0.0],"yaw":0.0},"position":[0.0,0.00100011611357331,9.0000114440918],"time_ms":23211,"wall_ms":1791410988716.15,"yaw":0.0}
S03R {"entity":2,"event":"apply","pose":{"control":2,"durable":4,"entity":2,"position":[6.0,0.00100011611357331,3.73089337348938],"receipt_ms":23204,"sequence":54,"tick":1380,"velocity":[0.0,0.0,0.0],"yaw":0.0},"position":[6.0,0.00100011611357331,3.73089337348938],"time_ms":23211,"wall_ms":1791410988716.21,"yaw":0.0}
S03R {"entity":1,"event":"apply","pose":{"control":1,"durable":4,"entity":1,"position":[0.0,0.00100011611357331,9.0000114440918],"receipt_ms":23225,"sequence":621,"tick":1386,"velocity":[0.0,0.0,0.0],"yaw":0.0},"position":[0.0,0.00100011611357331,9.0000114440918],"time_ms":23245,"wall_ms":1791410988750.66,"yaw":0.0}
S03R {"entity":2,"event":"apply","pose":{"control":2,"durable":4,"entity":2,"position":[6.0,0.00100011611357331,3.73089337348938],"receipt_ms":23225,"sequence":58,"tick":1386,"velocity":[0.0,0.0,0.0],"yaw":0.0},"position":[6.0,0.00100011611357331,3.73089337348938],"time_ms":23245,"wall_ms":1791410988750.72,"yaw":0.0}
S03R {"entity":1,"event":"apply","pose":{"control":1,"durable":4,"entity":1,"position":[0.0,0.00100011611357331,9.0000114440918],"receipt_ms":23321,"sequence":623,"tick":1389,"velocity":[0.0,0.0,0.0],"yaw":0.0},"position":[0.0,0.00100011611357331,9.0000114440918],"time_ms":23328,"wall_ms":1791410988833.48,"yaw":0.0}
S03R {"entity":2,"event":"apply","pose":{"control":2,"durable":4,"entity":2,"position":[6.0,0.00100011611357331,3.73089337348938],"receipt_ms":23321,"sequence":60,"tick":1389,"velocity":[0.0,0.0,0.0],"yaw":0.0},"position":[6.0,0.00100011611357331,3.73089337348938],"time_ms":23328,"wall_ms":1791410988833.54,"yaw":0.0}
S03R {"entity":1,"event":"apply","pose":{"control":1,"durable":4,"entity":1,"position":[0.0,0.00100011611357331,9.0000114440918],"receipt_ms":23404,"sequence":624,"tick":1392,"velocity":[0.0,0.0,0.0],"yaw":0.0},"position":[0.0,0.00100011611357331,9.0000114440918],"time_ms":23411,"wall_ms":1791410988916.24,"yaw":0.0}
S03R {"entity":2,"event":"apply","pose":{"control":2,"durable":4,"entity":2,"position":[6.0,0.00100011611357331,3.73089337348938],"receipt_ms":23404,"sequence":61,"tick":1392,"velocity":[0.0,0.0,0.0],"yaw":0.0},"position":[6.0,0.00100011611357331,3.73089337348938],"time_ms":23411,"wall_ms":1791410988916.3,"yaw":0.0}
S03R {"entity":1,"event":"apply","pose":{"control":1,"durable":4,"entity":1,"position":[0.0,0.00100011611357331,9.0000114440918],"receipt_ms":23452,"sequence":626,"tick":1395,"velocity":[0.0,0.0,0.0],"yaw":0.0},"position":[0.0,0.00100011611357331,9.0000114440918],"time_ms":23459,"wall_ms":1791410988964.6,"yaw":0.0}
S03R {"entity":2,"event":"apply","pose":{"control":2,"durable":4,"entity":2,"position":[6.0,0.00100011611357331,3.73089337348938],"receipt_ms":23452,"sequence":63,"tick":1395,"velocity":[0.0,0.0,0.0],"yaw":0.0},"position":[6.0,0.00100011611357331,3.73089337348938],"time_ms":23459,"wall_ms":1791410988964.66,"yaw":0.0}
S03R {"entity":1,"event":"apply","pose":{"control":1,"durable":4,"entity":1,"position":[0.0,0.00100011611357331,9.0000114440918],"receipt_ms":23466,"sequence":627,"tick":1398,"velocity":[0.0,0.0,0.0],"yaw":0.0},"position":[0.0,0.00100011611357331,9.0000114440918],"time_ms":23473,"wall_ms":1791410988978.35,"yaw":0.0}
S03R {"entity":2,"event":"apply","pose":{"control":2,"durable":4,"entity":2,"position":[6.0,0.00100011611357331,3.73089337348938],"receipt_ms":23466,"sequence":65,"tick":1398,"velocity":[0.0,0.0,0.0],"yaw":0.0},"position":[6.0,0.00100011611357331,3.73089337348938],"time_ms":23473,"wall_ms":1791410988978.4,"yaw":0.0}
S03R {"entity":1,"event":"apply","pose":{"control":1,"durable":4,"entity":1,"position":[0.0,0.00100011611357331,9.0000114440918],"receipt_ms":23529,"sequence":629,"tick":1401,"velocity":[0.0,0.0,0.0],"yaw":0.0},"position":[0.0,0.00100011611357331,9.0000114440918],"time_ms":23542,"wall_ms":1791410989047.36,"yaw":0.0}
S03R {"entity":2,"event":"apply","pose":{"control":2,"durable":4,"entity":2,"position":[6.0,0.00100011611357331,3.73089337348938],"receipt_ms":23529,"sequence":65,"tick":1401,"velocity":[0.0,0.0,0.0],"yaw":0.0},"position":[6.0,0.00100011611357331,3.73089337348938],"time_ms":23542,"wall_ms":1791410989047.44,"yaw":0.0}
S03R {"entity":1,"event":"apply","pose":{"control":1,"durable":4,"entity":1,"position":[0.0,0.00100011611357331,9.0000114440918],"receipt_ms":23583,"sequence":630,"tick":1404,"velocity":[0.0,0.0,0.0],"yaw":0.0},"position":[0.0,0.00100011611357331,9.0000114440918],"time_ms":23590,"wall_ms":1791410989095.68,"yaw":0.0}
S03R {"entity":2,"event":"apply","pose":{"control":2,"durable":4,"entity":2,"position":[6.0,0.00100011611357331,3.73089337348938],"receipt_ms":23583,"sequence":66,"tick":1404,"velocity":[0.0,0.0,0.0],"yaw":0.0},"position":[6.0,0.00100011611357331,3.73089337348938],"time_ms":23590,"wall_ms":1791410989095.74,"yaw":0.0}
S03R {"entity":1,"event":"apply","pose":{"control":1,"durable":4,"entity":1,"position":[0.0,0.00100011611357331,9.0000114440918],"receipt_ms":23632,"sequence":633,"tick":1410,"velocity":[0.0,0.0,0.0],"yaw":0.0},"position":[0.0,0.00100011611357331,9.0000114440918],"time_ms":23646,"wall_ms":1791410989150.86,"yaw":0.0}
S03R {"entity":2,"event":"apply","pose":{"control":2,"durable":4,"entity":2,"position":[6.0,0.00100011611357331,3.73089337348938],"receipt_ms":23632,"sequence":71,"tick":1410,"velocity":[0.0,0.0,0.0],"yaw":0.0},"position":[6.0,0.00100011611357331,3.73089337348938],"time_ms":23646,"wall_ms":1791410989150.91,"yaw":0.0}
S03R {"entity":1,"event":"apply","pose":{"control":1,"durable":4,"entity":1,"position":[0.0,0.00100011611357331,9.0000114440918],"receipt_ms":23729,"sequence":635,"tick":1413,"velocity":[0.0,0.0,0.0],"yaw":0.0},"position":[0.0,0.00100011611357331,9.0000114440918],"time_ms":23742,"wall_ms":1791410989247.46,"yaw":0.0}
S03R {"entity":2,"event":"apply","pose":{"control":2,"durable":4,"entity":2,"position":[6.0,0.00100011611357331,3.73089337348938],"receipt_ms":23729,"sequence":72,"tick":1413,"velocity":[0.0,0.0,0.0],"yaw":0.0},"position":[6.0,0.00100011611357331,3.73089337348938],"time_ms":23742,"wall_ms":1791410989247.52,"yaw":0.0}
S03R {"entity":1,"event":"apply","pose":{"control":1,"durable":4,"entity":1,"position":[0.0,0.00100011611357331,9.0000114440918],"receipt_ms":23791,"sequence":636,"tick":1416,"velocity":[0.0,0.0,0.0],"yaw":0.0},"position":[0.0,0.00100011611357331,9.0000114440918],"time_ms":23811,"wall_ms":1791410989316.46,"yaw":0.0}
S03R {"entity":2,"event":"apply","pose":{"control":2,"durable":4,"entity":2,"position":[6.0,0.00100011611357331,3.73089337348938],"receipt_ms":23791,"sequence":73,"tick":1416,"velocity":[0.0,0.0,0.0],"yaw":0.0},"position":[6.0,0.00100011611357331,3.73089337348938],"time_ms":23811,"wall_ms":1791410989316.52,"yaw":0.0}
S03R {"entity":1,"event":"apply","pose":{"control":1,"durable":4,"entity":1,"position":[0.0,0.00100011611357331,9.0000114440918],"receipt_ms":23825,"sequence":639,"tick":1422,"velocity":[0.0,0.0,0.0],"yaw":0.0},"position":[0.0,0.00100011611357331,9.0000114440918],"time_ms":23846,"wall_ms":1791410989350.97,"yaw":0.0}
S03R {"entity":2,"event":"apply","pose":{"control":2,"durable":4,"entity":2,"position":[6.0,0.00100011611357331,3.73089337348938],"receipt_ms":23825,"sequence":75,"tick":1422,"velocity":[0.0,0.0,0.0],"yaw":0.0},"position":[6.0,0.00100011611357331,3.73089337348938],"time_ms":23846,"wall_ms":1791410989351.03,"yaw":0.0}
S03R {"entity":1,"event":"apply","pose":{"control":1,"durable":4,"entity":1,"position":[0.0,0.00100011611357331,9.0000114440918],"receipt_ms":23880,"sequence":641,"tick":1425,"velocity":[0.0,0.0,0.0],"yaw":0.0},"position":[0.0,0.00100011611357331,9.0000114440918],"time_ms":23894,"wall_ms":1791410989399.26,"yaw":0.0}
S03R {"entity":2,"event":"apply","pose":{"control":2,"durable":4,"entity":2,"position":[6.0,0.00100011611357331,3.73089337348938],"receipt_ms":23880,"sequence":77,"tick":1425,"velocity":[0.0,0.0,0.0],"yaw":0.0},"position":[6.0,0.00100011611357331,3.73089337348938],"time_ms":23894,"wall_ms":1791410989399.29,"yaw":0.0}
S03R {"entity":1,"event":"apply","pose":{"control":1,"durable":4,"entity":1,"position":[0.0,0.00100011611357331,9.0000114440918],"receipt_ms":23943,"sequence":642,"tick":1428,"velocity":[0.0,0.0,0.0],"yaw":0.0},"position":[0.0,0.00100011611357331,9.0000114440918],"time_ms":23963,"wall_ms":1791410989468.31,"yaw":0.0}
S03R {"entity":2,"event":"apply","pose":{"control":2,"durable":4,"entity":2,"position":[6.0,0.00100011611357331,3.73089337348938],"receipt_ms":23943,"sequence":78,"tick":1428,"velocity":[0.0,0.0,0.0],"yaw":0.0},"position":[6.0,0.00100011611357331,3.73089337348938],"time_ms":23963,"wall_ms":1791410989468.38,"yaw":0.0}
S03R {"entity":1,"event":"apply","pose":{"control":1,"durable":4,"entity":1,"position":[0.0,0.00100011611357331,9.0000114440918],"receipt_ms":23991,"sequence":644,"tick":1431,"velocity":[0.0,0.0,0.0],"yaw":0.0},"position":[0.0,0.00100011611357331,9.0000114440918],"time_ms":24011,"wall_ms":1791410989516.55,"yaw":0.0}
S03R {"entity":2,"event":"apply","pose":{"control":2,"durable":4,"entity":2,"position":[6.0,0.00100011611357331,3.73089337348938],"receipt_ms":23991,"sequence":81,"tick":1431,"velocity":[0.0,0.0,0.0],"yaw":0.0},"position":[6.0,0.00100011611357331,3.73089337348938],"time_ms":24011,"wall_ms":1791410989516.58,"yaw":0.0}
S03R {"entity":1,"event":"apply","pose":{"control":1,"durable":4,"entity":1,"position":[0.0,0.00100011611357331,9.0000114440918],"receipt_ms":24115,"sequence":647,"tick":1437,"velocity":[0.0,0.0,0.0],"yaw":0.0},"position":[0.0,0.00100011611357331,9.0000114440918],"time_ms":24129,"wall_ms":1791410989633.88,"yaw":0.0}
S03R {"entity":2,"event":"apply","pose":{"control":2,"durable":4,"entity":2,"position":[6.0,0.00100011611357331,3.73089337348938],"receipt_ms":24115,"sequence":84,"tick":1437,"velocity":[0.0,0.0,0.0],"yaw":0.0},"position":[6.0,0.00100011611357331,3.73089337348938],"time_ms":24129,"wall_ms":1791410989633.93,"yaw":0.0}
S03R {"entity":1,"event":"apply","pose":{"control":1,"durable":4,"entity":1,"position":[0.0,0.00100011611357331,9.0000114440918],"receipt_ms":24156,"sequence":648,"tick":1440,"velocity":[0.0,0.0,0.0],"yaw":0.0},"position":[0.0,0.00100011611357331,9.0000114440918],"time_ms":24163,"wall_ms":1791410989668.47,"yaw":0.0}
S03R {"entity":2,"event":"apply","pose":{"control":2,"durable":4,"entity":2,"position":[6.0,0.00100011611357331,3.73089337348938],"receipt_ms":24156,"sequence":85,"tick":1440,"velocity":[0.0,0.0,0.0],"yaw":0.0},"position":[6.0,0.00100011611357331,3.73089337348938],"time_ms":24163,"wall_ms":1791410989668.55,"yaw":0.0}
S03R {"entity":1,"event":"apply","pose":{"control":1,"durable":4,"entity":1,"position":[0.0,0.00100011611357331,9.0000114440918],"receipt_ms":24246,"sequence":650,"tick":1443,"velocity":[0.0,0.0,0.0],"yaw":0.0},"position":[0.0,0.00100011611357331,9.0000114440918],"time_ms":24260,"wall_ms":1791410989765.01,"yaw":0.0}
S03R {"entity":2,"event":"apply","pose":{"control":2,"durable":4,"entity":2,"position":[6.0,0.00100011611357331,3.73089337348938],"receipt_ms":24246,"sequence":88,"tick":1443,"velocity":[0.0,0.0,0.0],"yaw":0.0},"position":[6.0,0.00100011611357331,3.73089337348938],"time_ms":24260,"wall_ms":1791410989765.08,"yaw":0.0}
S03R {"entity":1,"event":"apply","pose":{"control":1,"durable":4,"entity":1,"position":[0.0,0.00100011611357331,9.0000114440918],"receipt_ms":24280,"sequence":651,"tick":1446,"velocity":[0.0,0.0,0.0],"yaw":0.0},"position":[0.0,0.00100011611357331,9.0000114440918],"time_ms":24294,"wall_ms":1791410989799.53,"yaw":0.0}
S03R {"entity":2,"event":"apply","pose":{"control":2,"durable":4,"entity":2,"position":[6.0,0.00100011611357331,3.73089337348938],"receipt_ms":24280,"sequence":88,"tick":1446,"velocity":[0.0,0.0,0.0],"yaw":0.0},"position":[6.0,0.00100011611357331,3.73089337348938],"time_ms":24294,"wall_ms":1791410989799.59,"yaw":0.0}
S03R {"entity":1,"event":"apply","pose":{"control":1,"durable":4,"entity":1,"position":[0.0,0.00100011611357331,9.0000114440918],"receipt_ms":24336,"sequence":653,"tick":1449,"velocity":[0.0,0.0,0.0],"yaw":0.0},"position":[0.0,0.00100011611357331,9.0000114440918],"time_ms":24342,"wall_ms":1791410989847.75,"yaw":0.0}
S03R {"entity":2,"event":"apply","pose":{"control":2,"durable":4,"entity":2,"position":[6.0,0.00100011611357331,3.73089337348938],"receipt_ms":24336,"sequence":91,"tick":1449,"velocity":[0.0,0.0,0.0],"yaw":0.0},"position":[6.0,0.00100011611357331,3.73089337348938],"time_ms":24342,"wall_ms":1791410989847.79,"yaw":0.0}
S03R {"entity":1,"event":"apply","pose":{"control":1,"durable":4,"entity":1,"position":[0.0,0.00100011611357331,9.0000114440918],"receipt_ms":24384,"sequence":656,"tick":1455,"velocity":[0.0,0.0,0.0],"yaw":0.0},"position":[0.0,0.00100011611357331,9.0000114440918],"time_ms":24391,"wall_ms":1791410989896.13,"yaw":0.0}
S03R {"entity":2,"event":"apply","pose":{"control":2,"durable":4,"entity":2,"position":[6.0,0.00100011611357331,3.73089337348938],"receipt_ms":24384,"sequence":94,"tick":1455,"velocity":[0.0,0.0,0.0],"yaw":0.0},"position":[6.0,0.00100011611357331,3.73089337348938],"time_ms":24391,"wall_ms":1791410989896.19,"yaw":0.0}
S03R {"entity":1,"event":"apply","pose":{"control":1,"durable":4,"entity":1,"position":[0.0,0.00100011611357331,9.0000114440918],"receipt_ms":24453,"sequence":657,"tick":1458,"velocity":[0.0,0.0,0.0],"yaw":0.0},"position":[0.0,0.00100011611357331,9.0000114440918],"time_ms":24460,"wall_ms":1791410989965.07,"yaw":0.0}
S03R {"entity":2,"event":"apply","pose":{"control":2,"durable":4,"entity":2,"position":[6.0,0.00100011611357331,3.73089337348938],"receipt_ms":24453,"sequence":94,"tick":1458,"velocity":[0.0,0.0,0.0],"yaw":0.0},"position":[6.0,0.00100011611357331,3.73089337348938],"time_ms":24460,"wall_ms":1791410989965.1,"yaw":0.0}
S03R {"accepted":0,"event":"result","failures":[],"max_held_bytes":0,"max_movement_bytes":0,"ok":true,"reason":"HOST_LOST","rejected":{},"role":"client","time_ms":24577,"wall_ms":1791410990082.36}
