100644 blob f468d89b4a23d19661c64400672a02b428a53091	.agents/skills/art-review/SKILL.md
100644 blob 6586b945bcbc82e1f2c500a04e69054bc13af8a3	.agents/skills/gdscript-review/SKILL.md
100644 blob ae173577d850c3ce10caadaea842dd67278a5a74	.agents/skills/godot-mcp-toolkit/SKILL.md
100644 blob 666f806364449f0da8aaec66bdd06a184a9f1ffe	.agents/skills/godot-mcp-toolkit/references/input-events.md
100644 blob f7fead0f472897170a3fb2e4dec5e14a7f7504d3	.agents/skills/godot-mcp-toolkit/references/parallel-sessions.md
100644 blob 14e16c3b431896de896b294f4e59e5432912be7f	.agents/skills/godot-mcp-toolkit/references/type-wrappers.md
100644 blob 87fef409339d49b3dc6af371da176b3d3a3288a2	.agents/skills/mcp-extension-creator/SKILL.md
100644 blob 537c090e4e003447d547dd820c4d6ba813b3883e	.agents/skills/mcp-extension-creator/references/cancellation.md
100644 blob d3c69a43e64cc2721a3591e5bf480d108229e7ee	.agents/skills/mcp-extension-creator/references/csharp-extensions.md
100644 blob 23f928c6d179597b3e1e4dc8674af2e670297bd2	.agents/skills/mcp-extension-creator/references/example-extension.gd
100644 blob 905749f8ac042f88ff9b1053ad177036773efacf	.agents/skills/mcp-extension-creator/references/exporting.md
100644 blob 9de01b74b4fa27475aed8d96a3d350870a33e925	.agents/skills/mcp-extension-creator/references/type-coercion.md
100644 blob 9f5ee1e45e3ca4c851c587fb7fe70a4959251703	.agents/skills/paseo-orchestrator/SKILL.md
100644 blob 1fcb6956af4abf2df381abc7fb12d72cfc5bea04	.agents/skills/paseo-orchestrator/references/cards.md
100644 blob b454a1d497b5109b4bf62817b77b8ad7430cc806	.agents/skills/paseo-orchestrator/references/implementer.md
100644 blob 23fa459f7d58c916a98c7f4092e92c9adec4eccf	.agents/skills/paseo-orchestrator/references/reviewer.md
100644 blob 53cac3c5c5b676f0313161293ee813b4c3b944b3	.agents/skills/paseo-orchestrator/references/root.md
100644 blob 8358a8829bf77725004fb8d83cfc227ad6479c39	.codex/config.toml
100644 blob 5c11e92e57eb1717296ab101d6d52c51571078c1	.editorconfig
100644 blob 9325c3ccda9850bb6e102aef07d314210f5c9f41	.gdstyle-version
100644 blob c7c7e0e1e917da27c7fcd121f2d233f884e68902	.gitattributes
100644 blob 40766185c67b23a4914b50df074912a44f615247	.github/workflows/production-checks.yml
100644 blob fe8368a7c2e0670d267c591ad3bacd82a9388a65	.gitignore
100644 blob a95f95580e7dbd2dc84d820b78cb09a226a679d4	.gutconfig.json
100644 blob 3d6017b2f99ea65ca3ec24d1d846490a03511021	AGENTS.md
100644 blob 69d3affa9dea11073c9bef3af02cd826eacb0fa2	README.md
100644 blob d0e7f052c100630295a1424cf9cde124f7e7f816	TODO.md
100644 blob 3d401ba728eba1b6e5312ec706f0ec4f8ffb36b6	addons/godot_mcp_toolkit/.mcp.json.template
100644 blob d0e0d3392623d2e6ab9670b6c2c1351f1377a579	addons/godot_mcp_toolkit/ATTRIBUTIONS.md
100644 blob 9e089727d6e9b14432a240f024812e327f3d7e4e	addons/godot_mcp_toolkit/CompanionSkills/.gdignore
100644 blob ae173577d850c3ce10caadaea842dd67278a5a74	addons/godot_mcp_toolkit/CompanionSkills/godot-mcp-toolkit/SKILL.md
100644 blob 666f806364449f0da8aaec66bdd06a184a9f1ffe	addons/godot_mcp_toolkit/CompanionSkills/godot-mcp-toolkit/references/input-events.md
100644 blob f7fead0f472897170a3fb2e4dec5e14a7f7504d3	addons/godot_mcp_toolkit/CompanionSkills/godot-mcp-toolkit/references/parallel-sessions.md
100644 blob 14e16c3b431896de896b294f4e59e5432912be7f	addons/godot_mcp_toolkit/CompanionSkills/godot-mcp-toolkit/references/type-wrappers.md
100644 blob 87fef409339d49b3dc6af371da176b3d3a3288a2	addons/godot_mcp_toolkit/CompanionSkills/mcp-extension-creator/SKILL.md
100644 blob 537c090e4e003447d547dd820c4d6ba813b3883e	addons/godot_mcp_toolkit/CompanionSkills/mcp-extension-creator/references/cancellation.md
100644 blob d3c69a43e64cc2721a3591e5bf480d108229e7ee	addons/godot_mcp_toolkit/CompanionSkills/mcp-extension-creator/references/csharp-extensions.md
100644 blob 23f928c6d179597b3e1e4dc8674af2e670297bd2	addons/godot_mcp_toolkit/CompanionSkills/mcp-extension-creator/references/example-extension.gd
100644 blob 905749f8ac042f88ff9b1053ad177036773efacf	addons/godot_mcp_toolkit/CompanionSkills/mcp-extension-creator/references/exporting.md
100644 blob 9de01b74b4fa27475aed8d96a3d350870a33e925	addons/godot_mcp_toolkit/CompanionSkills/mcp-extension-creator/references/type-coercion.md
100644 blob 8d542b598c5c10066ee7f29fe98d0661b50e1d43	addons/godot_mcp_toolkit/LICENSE
100644 blob 8e5984b2052eb76713065f783eafd88b9295596c	addons/godot_mcp_toolkit/README.md
100644 blob b366bede93fa00cf8a9190ceac020522638479c5	addons/godot_mcp_toolkit/commands/3d_commands.gd
100644 blob 7d07282c71117c083d070192bc95aa40e58845d8	addons/godot_mcp_toolkit/commands/3d_commands.gd.uid
100644 blob 17cf978cf9f8d2cc64f1e3a2c54c25645b7a6857	addons/godot_mcp_toolkit/commands/animation_commands.gd
100644 blob 7d559e2899ff8beed244d57ceda375b72eac145f	addons/godot_mcp_toolkit/commands/animation_commands.gd.uid
100644 blob ca9ffb33a9b8b12fac7c7738ac07fe1be3a93346	addons/godot_mcp_toolkit/commands/asset_commands.gd
100644 blob 98a3efef4e0d4da951e86ec1238c4c49be445a98	addons/godot_mcp_toolkit/commands/asset_commands.gd.uid
100644 blob e1339cc7d2d1ffae86a0762d8a0ae686df0e02e7	addons/godot_mcp_toolkit/commands/audiobus_commands.gd
100644 blob 16279f35b7fcc2bb63979a7562290b7bee013483	addons/godot_mcp_toolkit/commands/audiobus_commands.gd.uid
100644 blob ae854e4da84f736e6f9e89e3330204bbdc3c0dce	addons/godot_mcp_toolkit/commands/classdb_commands.gd
100644 blob a5a12d1e2735cfa167f0adf35271c9559ea2f2e4	addons/godot_mcp_toolkit/commands/classdb_commands.gd.uid
100644 blob 4535d25d09920e1ffcfe7d6a06e3ef750a359598	addons/godot_mcp_toolkit/commands/debug_commands.gd
100644 blob ae0c5a4c4aa183bff48b66c18e84b95e04785776	addons/godot_mcp_toolkit/commands/debug_commands.gd.uid
100644 blob f09b0e7501ecf95cb02935609a08eb5e46b32c9f	addons/godot_mcp_toolkit/commands/editor/editor_commands.gd
100644 blob 74f8dda7375824914d3325d2d2ebcba6d218aaae	addons/godot_mcp_toolkit/commands/editor/editor_commands.gd.uid
100644 blob 7fce5f7a9886eeb4425e8121107d8a7c5995534d	addons/godot_mcp_toolkit/commands/editor/editor_execute.gd
100644 blob 79b3f9e3629298be89b3d569f9e1c7e375f3645f	addons/godot_mcp_toolkit/commands/editor/editor_execute.gd.uid
100644 blob b0870968bf24b988b432f2dd3ecd13b02975c9b2	addons/godot_mcp_toolkit/commands/editor/editor_log_reader.gd
100644 blob c7f51456daa883a09cfc8e878e7663c7e04047c8	addons/godot_mcp_toolkit/commands/editor/editor_log_reader.gd.uid
100644 blob c4e9947d9aed743eb40f2c8b87466d2c2f785c82	addons/godot_mcp_toolkit/commands/editor/editor_rescan.gd
100644 blob f9b9b1ffa94d1dcf1e5e100f912a40134c8052b9	addons/godot_mcp_toolkit/commands/editor/editor_rescan.gd.uid
100644 blob aa475edd8248491a5a1a374dbdb708a50452c439	addons/godot_mcp_toolkit/commands/editor/editor_screenshot.gd
100644 blob b2914c9cabce4446a658f99e94cf9e0ccffb813d	addons/godot_mcp_toolkit/commands/editor/editor_screenshot.gd.uid
100644 blob 2713a12b3b99004975379113a32b94e5af894381	addons/godot_mcp_toolkit/commands/editor_helpers.gd
100644 blob ff7e7ec87182298e1979d6932b216e12cb3ceddc	addons/godot_mcp_toolkit/commands/editor_helpers.gd.uid
100644 blob fe553f94b6dde44e4ae676a4c84cee80ace0a65e	addons/godot_mcp_toolkit/commands/file_commands.gd
100644 blob c429a82aece7947e8ca2bff2131471bae95d41ef	addons/godot_mcp_toolkit/commands/file_commands.gd.uid
100644 blob e65ab14672d84d3479fbda881f65ae04d9453d5f	addons/godot_mcp_toolkit/commands/folder_commands.gd
100644 blob fa0f35113fd70081fbb7bd3a509bcf7105ddb638	addons/godot_mcp_toolkit/commands/folder_commands.gd.uid
100644 blob 408ba36d315c4b434c4a931caa9c6dd88ac5e43d	addons/godot_mcp_toolkit/commands/input_map_commands.gd
100644 blob d5d0d3debf83b945b37592db3511464fb27099ef	addons/godot_mcp_toolkit/commands/input_map_commands.gd.uid
100644 blob 534ff95036afa86a4bfad27b0294ea5753326067	addons/godot_mcp_toolkit/commands/meta_commands.gd
100644 blob 422e44fe0e15c73c388b28114fe03562fcd67bee	addons/godot_mcp_toolkit/commands/meta_commands.gd.uid
100644 blob f28ba548de874c8d3cb7987ea78ebfe162c1c3b9	addons/godot_mcp_toolkit/commands/navigation_commands.gd
100644 blob 47d3d1fc689f88f4b9d444e10237469f853baf3d	addons/godot_mcp_toolkit/commands/navigation_commands.gd.uid
100644 blob cdae39e1d74d4fa4d7a2c63e8fd4d44b30c57b53	addons/godot_mcp_toolkit/commands/node_commands.gd
100644 blob 5a290d4b560e49f19a13cfff24916c6db5acfa9c	addons/godot_mcp_toolkit/commands/node_commands.gd.uid
100644 blob a29500b0aaa770151a3a5db69987fe5763bd8127	addons/godot_mcp_toolkit/commands/particle_commands.gd
100644 blob cbf33c0a12ad9878158ee9f4a7f009405637d18f	addons/godot_mcp_toolkit/commands/particle_commands.gd.uid
100644 blob b6105b6f7fb790a5f9573458f7e503719806f353	addons/godot_mcp_toolkit/commands/path_commands.gd
100644 blob c984f4879e2caab3ed2decfa4beb4e13879218fd	addons/godot_mcp_toolkit/commands/path_commands.gd.uid
100644 blob e080004dd4b31c9ed116ec5752c547bbc1878b5f	addons/godot_mcp_toolkit/commands/playtest/playtest_commands.gd
100644 blob dff7ac67698e9acc0271e8a924715e0a3eb0f182	addons/godot_mcp_toolkit/commands/playtest/playtest_commands.gd.uid
100644 blob 4c60978cd9652abfb2b819128527f719141f33da	addons/godot_mcp_toolkit/commands/playtest/playtest_control.gd
100644 blob 51a8aa79609a1033807f931f86fc748389e09313	addons/godot_mcp_toolkit/commands/playtest/playtest_control.gd.uid
100644 blob 0866387232b27f7e553be86a9478828ff9f1beb2	addons/godot_mcp_toolkit/commands/playtest_log_reader.gd
100644 blob 56569a068d9cde30696edc08a4a5d6a837cf0b0d	addons/godot_mcp_toolkit/commands/playtest_log_reader.gd.uid
100644 blob 53356d26545c5d0e057d9b95f35810f817b29f33	addons/godot_mcp_toolkit/commands/procedural_commands.gd
100644 blob 2926da85c81c06c8bc9469de0e41072fcf928cd8	addons/godot_mcp_toolkit/commands/procedural_commands.gd.uid
100644 blob 9ba3e92e0f98a33bea8308d9be0b71c81ac70106	addons/godot_mcp_toolkit/commands/project_commands.gd
100644 blob 15e01ab3fca78250faf21be6e6bb187a75cea36a	addons/godot_mcp_toolkit/commands/project_commands.gd.uid
100644 blob 7de54db3f734f548ecd519645d509cb9d0ef52cc	addons/godot_mcp_toolkit/commands/resource_commands.gd
100644 blob e7ad49ccd0b0dd08c382de0d82be14cc34551c88	addons/godot_mcp_toolkit/commands/resource_commands.gd.uid
100644 blob 4ec9412ef3d39016ca40d5674dc1d12da3440ee4	addons/godot_mcp_toolkit/commands/save_commands.gd
100644 blob 03063ea5f59c545f07bbb91da62af5f13da6ba20	addons/godot_mcp_toolkit/commands/save_commands.gd.uid
100644 blob d51500e1bca7b9816566c17500860630139fa816	addons/godot_mcp_toolkit/commands/scene_commands.gd
100644 blob 948f0308ad8297aadd3fec30d650981979def007	addons/godot_mcp_toolkit/commands/scene_commands.gd.uid
100644 blob bcfb78f740ad473ca31215291d7060ad7a12f197	addons/godot_mcp_toolkit/commands/script_commands.gd
100644 blob d709fe2b9f0bdc6bb62f8d39bf44afb25923657b	addons/godot_mcp_toolkit/commands/script_commands.gd.uid
100644 blob dc4e6fbf98a3c1004eeb6da3b415177b7a941f11	addons/godot_mcp_toolkit/commands/signal_commands.gd
100644 blob c12a4b616bbe2513c9391d5dc2ee5e05415ec98c	addons/godot_mcp_toolkit/commands/signal_commands.gd.uid
100644 blob f121f7a012130e7524bfbe76e786a90bafe2d20d	addons/godot_mcp_toolkit/commands/sound_commands.gd
100644 blob 116b3b8be1a157aa3d8799e96829e73d4ffb4c6f	addons/godot_mcp_toolkit/commands/sound_commands.gd.uid
100644 blob d0867963b21251a6ef9f32279067098c6fd2aaf6	addons/godot_mcp_toolkit/commands/spatial_commands.gd
100644 blob 7c9a238f66360a5b63d58d319985d7af2cd2bcfd	addons/godot_mcp_toolkit/commands/spatial_commands.gd.uid
100644 blob 462c81ba99b123022d74d3ffc3227d6bd5b5803a	addons/godot_mcp_toolkit/commands/spriteframes_commands.gd
100644 blob a6094864234cd61b522e609c87c96f9214d3b27f	addons/godot_mcp_toolkit/commands/spriteframes_commands.gd.uid
100644 blob 4021bf55d90b92f1683ada78e06a08cb1186de3e	addons/godot_mcp_toolkit/commands/texture_commands.gd
100644 blob ece920c618c2fc3f20a85179d898ec0384132e9d	addons/godot_mcp_toolkit/commands/texture_commands.gd.uid
100644 blob 47d45bad772c45c632aade60e97893b23f725e67	addons/godot_mcp_toolkit/commands/theme_commands.gd
100644 blob 0c9157e2fdbed070e988939fd60a4b0b3253b6a1	addons/godot_mcp_toolkit/commands/theme_commands.gd.uid
100644 blob 387b5173c082770241edb2265710f62c9d95c636	addons/godot_mcp_toolkit/commands/tilemap_commands.gd
100644 blob e1b2fe25a43c9f667cf01f7020897d6d9c3e4795	addons/godot_mcp_toolkit/commands/tilemap_commands.gd.uid
100644 blob 28deaa1843771ec6ccb47d2fbc3148c510027030	addons/godot_mcp_toolkit/commands/tileset/tileset_alternatives.gd
100644 blob 14a3313a35c6ddb08a2308a81bf49e038c4dd244	addons/godot_mcp_toolkit/commands/tileset/tileset_alternatives.gd.uid
100644 blob aca445437f6932dba4f49aa1568560cfba832c94	addons/godot_mcp_toolkit/commands/tileset/tileset_commands.gd
100644 blob 535f88637280a1108d28b9960837762b1a4341a4	addons/godot_mcp_toolkit/commands/tileset/tileset_commands.gd.uid
100644 blob e7fd4cddaa863a92bf4518e9e3b92381a1e7515e	addons/godot_mcp_toolkit/commands/tileset/tileset_io.gd
100644 blob 382b3ba625c574fac906ffcbd3b1b2a180a79df5	addons/godot_mcp_toolkit/commands/tileset/tileset_io.gd.uid
100644 blob 042a0317b2a6c8705ccc58f58d2e9f32eed6b4b9	addons/godot_mcp_toolkit/commands/tileset/tileset_structure.gd
100644 blob a34558993df70ca45c40c11204049e8ec51abc3c	addons/godot_mcp_toolkit/commands/tileset/tileset_structure.gd.uid
100644 blob 704ae2d5190cac16d5c0a22307a691f4b109e56d	addons/godot_mcp_toolkit/commands/tileset/tileset_tile_data.gd
100644 blob df32d340f41304d6c3991a98e81122ae60595547	addons/godot_mcp_toolkit/commands/tileset/tileset_tile_data.gd.uid
100644 blob a6ad15497c3ebf346c100a167f6e4327c3fceeec	addons/godot_mcp_toolkit/contract/coerce.gd
100644 blob 199093de3b9697589e917fd1e12baaa768919f84	addons/godot_mcp_toolkit/contract/coerce.gd.uid
100644 blob 83378460542c281f482d51b522eb4928419a4e38	addons/godot_mcp_toolkit/contract/execute_hints.gd
100644 blob ab3e28e0cc70a854c36e7e339519222116691aea	addons/godot_mcp_toolkit/contract/execute_hints.gd.uid
100644 blob 9722baf80d8b4d390aa604aec049dfb43395a64c	addons/godot_mcp_toolkit/contract/mcp_toolkit_command_options.gd
100644 blob 638cff184c3751cdbe3a66af079b2d79af75149b	addons/godot_mcp_toolkit/contract/mcp_toolkit_command_options.gd.uid
100644 blob fe996371d74383c56b1e4af91e5cc8ebbeecabb3	addons/godot_mcp_toolkit/contract/mcp_toolkit_error.gd
100644 blob 998ee84c0eb4727c8f70534d35995ad7ddee2f18	addons/godot_mcp_toolkit/contract/mcp_toolkit_error.gd.uid
100644 blob be666138ac9cb9b9fbccb46d76a032c237fa11d6	addons/godot_mcp_toolkit/contract/mcp_toolkit_success.gd
100644 blob 760d448e2b1265a2f646d175d21be9a73b185415	addons/godot_mcp_toolkit/contract/mcp_toolkit_success.gd.uid
100644 blob 965ec857c81ef65b1ccfb60ef6e8dbc96396bbac	addons/godot_mcp_toolkit/contract/mcp_toolkit_tool_context.gd
100644 blob a8789de41e9041733570af122005f79ee394dc4e	addons/godot_mcp_toolkit/contract/mcp_toolkit_tool_context.gd.uid
100644 blob 24857b23f7d84fb76217d87029fe5338d963eddb	addons/godot_mcp_toolkit/contract/pagination.gd
100644 blob 7491160a00eb1ae7c77d86a180ba0d5ac7ee09d9	addons/godot_mcp_toolkit/contract/pagination.gd.uid
100644 blob 7651ade35b0d29c53add4fbe6f336fd344ac57f0	addons/godot_mcp_toolkit/contract/property_set_check.gd
100644 blob 029a0d66ca2c5050268e384a47e8ea4ccb6cce75	addons/godot_mcp_toolkit/contract/property_set_check.gd.uid
100644 blob ad95f3993f84ff4793c63bf6db87b35d9490016b	addons/godot_mcp_toolkit/contract/screenshot_response.gd
100644 blob 3e328a27273425b601e52afd6445358ce5840ee2	addons/godot_mcp_toolkit/contract/screenshot_response.gd.uid
100644 blob 577f96e040d6488ec07aea327266ea5b5830fd7c	addons/godot_mcp_toolkit/core/autoload_identity.gd
100644 blob eb56f4c5d0f91cbf0c22e4ba59f402c0c152f7a0	addons/godot_mcp_toolkit/core/autoload_identity.gd.uid
100644 blob 99ad24bbc3dfe04cd40ee8f03f3d1110f1984ba8	addons/godot_mcp_toolkit/core/autoload_registration.gd
100644 blob 084c4fc33abf774a950bee6e6047b78af5ea3911	addons/godot_mcp_toolkit/core/autoload_registration.gd.uid
100644 blob c22c20d0ebcf59ec6e5980aed604a58fd628eb90	addons/godot_mcp_toolkit/core/disable_cleanup_coordinator.gd
100644 blob 2083c60028e539c04455793a5e4be9871f1b963c	addons/godot_mcp_toolkit/core/disable_cleanup_coordinator.gd.uid
100644 blob d6b9da9a40073e720a9039b7b0b09a80e6b00a72	addons/godot_mcp_toolkit/core/dock_host.gd
100644 blob a2d40db37f25a661a5f80f1bb04b9d44126042db	addons/godot_mcp_toolkit/core/dock_host.gd.uid
100644 blob b9102a7a918c78244d436f015ecaf880b31984f5	addons/godot_mcp_toolkit/core/editor_access.gd
100644 blob f4ba779cbafedfa0a7c8120037d988a5b02fe291	addons/godot_mcp_toolkit/core/editor_access.gd.uid
100644 blob e4edff65e9a7addb50d36c77328afcaeb6e5d857	addons/godot_mcp_toolkit/core/export_strip.gd
100644 blob e937517e8eb830d9a101be8659b8617bfc257439	addons/godot_mcp_toolkit/core/export_strip.gd.uid
100644 blob 0a261d6a9539d04bd5b7daddd4485a295c5065df	addons/godot_mcp_toolkit/core/modules.gd
100644 blob d5d606d05a5fb1888e39a8cc86257dd15e3ab9cc	addons/godot_mcp_toolkit/core/modules.gd.uid
100644 blob 1579f0f2349980bc27566b7887ae785349f0bb73	addons/godot_mcp_toolkit/core/playtest_end_detector.gd
100644 blob edeacc6dc14e308dfaaa111bd9407578501a1a97	addons/godot_mcp_toolkit/core/playtest_end_detector.gd.uid
100644 blob 237d21522db956a8044125792af393addfb9181f	addons/godot_mcp_toolkit/core/plugin_composer.gd
100644 blob 8000bce7a7fc58ca099ad3e19e134f02e22bf8b2	addons/godot_mcp_toolkit/core/plugin_composer.gd.uid
100644 blob 858fabbb6f54fe7dfb4d20dbc0f2d6cc7c502fec	addons/godot_mcp_toolkit/core/settings_registration.gd
100644 blob b3e43901a4d27693e0982ac159f98ffab159c596	addons/godot_mcp_toolkit/core/settings_registration.gd.uid
100644 blob 71dd30c87fe3786459c136cf922267091e52ac8b	addons/godot_mcp_toolkit/core/tool_menu.gd
100644 blob b8ea67abd526b3ce66008eff5320b05af4741851	addons/godot_mcp_toolkit/core/tool_menu.gd.uid
100644 blob d766742701bee08b2b703ee643fe58abff849926	addons/godot_mcp_toolkit/core/unfocused_backup.gd
100644 blob d841aa05ae7ddc0a65b26960d363b44bd59618cc	addons/godot_mcp_toolkit/core/unfocused_backup.gd.uid
100644 blob 9fc4ad2eaf5a7f6349656c4daf852ba2cd666ccb	addons/godot_mcp_toolkit/core/unfocused_sleep_controller.gd
100644 blob 56a84a01e570fb9aaa3d1615ed806f9287f4246a	addons/godot_mcp_toolkit/core/unfocused_sleep_controller.gd.uid
100644 blob 18f57a1038ed87bd8ec47fa0f50b202310408c52	addons/godot_mcp_toolkit/docs/advanced_configuration.md
100644 blob 1d1173dd08c5874a38ccf9660cc858c0931218f6	addons/godot_mcp_toolkit/docs/companion-skills.md
100644 blob 66d17d3b1e742bd00be5605e8dd338133f2244d9	addons/godot_mcp_toolkit/docs/compatibility.md
100644 blob 5d7427a00e80de739125bbfef7530dd856963781	addons/godot_mcp_toolkit/docs/extending.md
100644 blob be0e308e948605b94659b3bab2db0d742f3bc5d7	addons/godot_mcp_toolkit/docs/multi-instance.md
100644 blob 18ce8766a5c147375dc119fb5d9f354213a51e59	addons/godot_mcp_toolkit/docs/security-recommendations.md
100644 blob 65aa25f208c8b78c6a43cc1a2342f1340e6e95c8	addons/godot_mcp_toolkit/extensions/extension_loader.gd
100644 blob c28fdf96d762d7254f7c68d7c2d2d1c8edb0ad0a	addons/godot_mcp_toolkit/extensions/extension_loader.gd.uid
100644 blob 756024fda17e1f18ae116b3498153044f0614c6d	addons/godot_mcp_toolkit/extensions/mcp_toolkit_extension.gd
100644 blob 53a3bc96d077cd69c5d1395b2c530c1cf05d4b73	addons/godot_mcp_toolkit/extensions/mcp_toolkit_extension.gd.uid
100644 blob c693a10ca9ef4454da886ce9def4797bcd9fae8e	addons/godot_mcp_toolkit/extensions/mcp_toolkit_extension_options.gd
100644 blob e2a8984035b4c1f00c6e09d256310adc2f422a38	addons/godot_mcp_toolkit/extensions/mcp_toolkit_extension_options.gd.uid
100644 blob 80f27c614d424fad24055bdd8c1978a4c2fb442a	addons/godot_mcp_toolkit/extensions/services/extension_discovery.gd
100644 blob 2b3ece5e537382f0149cf43cca64c406f7ca723c	addons/godot_mcp_toolkit/extensions/services/extension_discovery.gd.uid
100644 blob 8ad813ae0f288bfd4540dc9ed0f0936a786f25b6	addons/godot_mcp_toolkit/extensions/services/extension_meta_commands.gd
100644 blob 0b0365106a3038e4aa305e8d2a5595c579ffd0b1	addons/godot_mcp_toolkit/extensions/services/extension_meta_commands.gd.uid
100644 blob 2ad5fe60396eb65880d81dd40443f76c24db2d1b	addons/godot_mcp_toolkit/extensions/services/extension_support.gd
100644 blob 4d6e6a35fe4116facf34880d9597585627354b3b	addons/godot_mcp_toolkit/extensions/services/extension_support.gd.uid
100644 blob fb9d93fc750fbea0338e7e145cd9a9fbb07e62f3	addons/godot_mcp_toolkit/extensions/services/extension_watcher.gd
100644 blob 234676cbfb215ebbeebff3a94d4bb0258aef24e7	addons/godot_mcp_toolkit/extensions/services/extension_watcher.gd.uid
100644 blob 8026371c828c4bdc1ec3878676703095424b9290	addons/godot_mcp_toolkit/icon.svg
100644 blob bd954aea9ddd57219b509d81e3561acdd48fe3f5	addons/godot_mcp_toolkit/icon.svg.import
100644 blob 55a853cbc5d713a486eda48a5375d247a8d873c1	addons/godot_mcp_toolkit/logging/log_buffer.gd
100644 blob 76b9f78a96bc73d2c71996a653fafd657b1aa7dd	addons/godot_mcp_toolkit/logging/log_buffer.gd.uid
100644 blob e6fc78a516711162e7855e101b00a6f4903c03a0	addons/godot_mcp_toolkit/logging/log_helpers.gd
100644 blob 98c0688f59a45d1d0ffc0d3ba9087016aa141324	addons/godot_mcp_toolkit/logging/log_helpers.gd.uid
100644 blob 6748a4ef0c364783b68c61183bad7013e6453fc9	addons/godot_mcp_toolkit/paths/lsp_publisher.gd
100644 blob 8889690fc116b3621264131f5fbe53892895d614	addons/godot_mcp_toolkit/paths/lsp_publisher.gd.uid
100644 blob c9e8d48889b8f270881e94de794bd7eb5b1d0ed5	addons/godot_mcp_toolkit/paths/project_key.gd
100644 blob ef8c304be7cb2b817a4395a9c9cbdff48f00d991	addons/godot_mcp_toolkit/paths/project_key.gd.uid
100644 blob 6b2d1285865c97e39aebf714a9d702a380637358	addons/godot_mcp_toolkit/paths/project_paths.gd
100644 blob dca1775b5b15aec5f99d4c3e899bf737c5d7f80d	addons/godot_mcp_toolkit/paths/project_paths.gd.uid
100644 blob 0a3d3c33696a0236dafef65f2f71ff96c23aa9fa	addons/godot_mcp_toolkit/paths/user_path_monitor.gd
100644 blob 569c154cf9947f6cd868ccef53142b432de570aa	addons/godot_mcp_toolkit/paths/user_path_monitor.gd.uid
100644 blob 91f7de25711d389b84bddf3f446b683dc82348ca	addons/godot_mcp_toolkit/plugin.cfg
100644 blob 129a620c24871db93f01eb5dadacea1fc87b1ab3	addons/godot_mcp_toolkit/plugin.gd
100644 blob 5f7b6fc2275084f11ad7fe486ab31ba7541ee078	addons/godot_mcp_toolkit/plugin.gd.uid
100644 blob 39492aeb0aae60ca28df1f57e675f1e262c08169	addons/godot_mcp_toolkit/registry/registry_client.gd
100644 blob 510a7a231c8158af0e2bd9f942b56d203b4ff45a	addons/godot_mcp_toolkit/registry/registry_client.gd.uid
100644 blob 29beca74d714f7d584c52ec3c82a4e2d205cdc61	addons/godot_mcp_toolkit/registry/store/file_lock.gd
100644 blob d3c17f127272738ae35fc74147801e06d1c86fd1	addons/godot_mcp_toolkit/registry/store/file_lock.gd.uid
100644 blob dc0ada5ad4d3eef228645163e22302d19d13c25c	addons/godot_mcp_toolkit/registry/store/registry_entry_file.gd
100644 blob 88f20adb892411e683308ee04c13da303e11bf60	addons/godot_mcp_toolkit/registry/store/registry_entry_file.gd.uid
100644 blob 885071220e0fa4b0763786ca2d1b35f9c6e404f8	addons/godot_mcp_toolkit/registry/store/registry_paths.gd
100644 blob 8a79564e78f034f6559702c8820ef5c4f5e0ed24	addons/godot_mcp_toolkit/registry/store/registry_paths.gd.uid
100644 blob 9f20f180d6d1009eff0d581e7ba553c9e360266f	addons/godot_mcp_toolkit/registry/store/registry_projection.gd
100644 blob 356ca243928e4199316d89a8d75f5bc037db7fa9	addons/godot_mcp_toolkit/registry/store/registry_projection.gd.uid
100644 blob 1a4de219b537a18156549af0657c5c7ebb01fd3a	addons/godot_mcp_toolkit/runtime/mcp_runtime_server.gd
100644 blob 1aeddd4955495e879b9926844adaad95a4e4b72e	addons/godot_mcp_toolkit/runtime/mcp_runtime_server.gd.uid
100644 blob 18331b2cf1af67d833983a9f8962a6b45bcbd48d	addons/godot_mcp_toolkit/runtime/text_input_synth.gd
100644 blob 9d8e5f2ea5e9b27ea914d8566ae458f594a55d10	addons/godot_mcp_toolkit/runtime/text_input_synth.gd.uid
100644 blob 982422b5c1da6817215eedea8c652380a88c927d	addons/godot_mcp_toolkit/scene/mcp_toolkit_safe_scene_ops.gd
100644 blob 9558cbb22f9b5a728fdb7a4b62760072df2fcc7c	addons/godot_mcp_toolkit/scene/mcp_toolkit_safe_scene_ops.gd.uid
100644 blob 999ca37346b9261bd04ddd76758c6255b4c0e17c	addons/godot_mcp_toolkit/scene/mcp_toolkit_undo_redo_action.gd
100644 blob 4c960cf16b603f6079e107c14f4f57c5692493ee	addons/godot_mcp_toolkit/scene/mcp_toolkit_undo_redo_action.gd.uid
100644 blob 42c825dc15d0597a4337be14cb44050edcf47645	addons/godot_mcp_toolkit/scene/scene_lease.gd
100644 blob 5f84973a72db0e559a426a065c624da37cec59bc	addons/godot_mcp_toolkit/scene/scene_lease.gd.uid
100644 blob 91a1509b7cc6337b9e808a19f92dc96eb8f4969a	addons/godot_mcp_toolkit/scene/signal_pair_resolver.gd
100644 blob 914ed7a688dd890226b79dd082f876e905c1f301	addons/godot_mcp_toolkit/scene/signal_pair_resolver.gd.uid
100644 blob febec2be751dc9cfac691bdf6187b278e1c84de3	addons/godot_mcp_toolkit/scene/undo_redo_helpers.gd
100644 blob db7610861abe34ab8f8b6ae0160b64577a435a5b	addons/godot_mcp_toolkit/scene/undo_redo_helpers.gd.uid
100644 blob 4de301321eb4a763512ef16c0abcbbf0e024cc73	addons/godot_mcp_toolkit/security/audit.gd
100644 blob b6d39fc812dac39001b6c6ae0495ea01f1221893	addons/godot_mcp_toolkit/security/audit.gd.uid
100644 blob c7f043e4b589dedcc5fa48ef4d30f2b860717de5	addons/godot_mcp_toolkit/security/auth.gd
100644 blob 311e0593cb8d4e18f7624f617156ebc90ca20a57	addons/godot_mcp_toolkit/security/auth.gd.uid
100644 blob 7ac3686c89ce17db37da100b4788b41c6d519b0e	addons/godot_mcp_toolkit/security/file_guard.gd
100644 blob cc255142f69b93e04d7d228c398fc8e9585ac4e3	addons/godot_mcp_toolkit/security/file_guard.gd.uid
100644 blob 6319f5de4d3367ff18e4b5610ea5c4b269c34886	addons/godot_mcp_toolkit/security/scrubber.gd
100644 blob 454384295304a3632d340ca5b7190589a72cd89f	addons/godot_mcp_toolkit/security/scrubber.gd.uid
100644 blob 4821daa9235ee32b45f579a44899b5f932a632df	addons/godot_mcp_toolkit/security/untrusted.gd
100644 blob 6bb687ad954f5ca3855cb4e1ae7ef20a9703ea52	addons/godot_mcp_toolkit/security/untrusted.gd.uid
100644 blob 8f6857d40bacfa537531b88893faa9c9459252af	addons/godot_mcp_toolkit/transport/builtin_command_registration.gd
100644 blob 720f462adf6ad1b2d1d13f535d9ad0f1f56d66ee	addons/godot_mcp_toolkit/transport/builtin_command_registration.gd.uid
100644 blob 1318b0b96a62d64f15800db8c4f228e4304fe08d	addons/godot_mcp_toolkit/transport/debug_bridge.gd
100644 blob 639d5db6316d332d59d0335c049051db163dc1df	addons/godot_mcp_toolkit/transport/debug_bridge.gd.uid
100644 blob 58db6744e275088df2165bb39e53c39dd8305bd5	addons/godot_mcp_toolkit/transport/dispatch/dispatch_lane.gd
100644 blob 39912015fb1dcd518280185c06ee4a38c3a2a376	addons/godot_mcp_toolkit/transport/dispatch/dispatch_lane.gd.uid
100644 blob 1775c1be45e8fb36fcd560ad3343989c7b1ccf0b	addons/godot_mcp_toolkit/transport/dispatch/mutation_watchdog.gd
100644 blob bf04981c3e33c870b8b389660e40a4745ebe0ec4	addons/godot_mcp_toolkit/transport/dispatch/mutation_watchdog.gd.uid
100644 blob 0d0b0128aee1d8658540ae498204a14b527d12f1	addons/godot_mcp_toolkit/transport/dispatch/server_request_router.gd
100644 blob 03933700ac57407bfa75c9d3e2c54a0812eff652	addons/godot_mcp_toolkit/transport/dispatch/server_request_router.gd.uid
100644 blob 53d384b1dba5d1a5560633b6a7a4f6a96adadd9e	addons/godot_mcp_toolkit/transport/mcp_server.gd
100644 blob 641c5dd3c93367510ea6f06b7ce7b862bd7e3e9c	addons/godot_mcp_toolkit/transport/mcp_server.gd.uid
100644 blob 0d9e20321e0978d3a73f53135c72d21bcf559097	addons/godot_mcp_toolkit/transport/mcp_toolkit_command_registry.gd
100644 blob a2b63dba571c625b6579c813eecb1b023a0c8cfa	addons/godot_mcp_toolkit/transport/mcp_toolkit_command_registry.gd.uid
100644 blob 36d2b17dab4c0757842caa885277aedf3651df65	addons/godot_mcp_toolkit/transport/notifier.gd
100644 blob 7ceafb6682c3b9568f3d2acf9cf4ca7fc6730458	addons/godot_mcp_toolkit/transport/notifier.gd.uid
100644 blob caca44b83232891f68d234d71e276fd74a31a0ec	addons/godot_mcp_toolkit/transport/port_config.gd
100644 blob 537a1ba1e8d97b73170cd5db346162a0114b4c8d	addons/godot_mcp_toolkit/transport/port_config.gd.uid
100644 blob 878f6d7ee74c4c7fe855bb503f890fe2ffd8e055	addons/godot_mcp_toolkit/transport/ws_transport.gd
100644 blob e08e15ea02c5fe63c8652c337b37f2eb02a80088	addons/godot_mcp_toolkit/transport/ws_transport.gd.uid
100644 blob b9692dbf4c24103541b03090e7b601654410a99d	addons/godot_mcp_toolkit/ui/dock/dock.gd
100644 blob f774c1f0566cd9384eb5d1bf9a873f67a8253e6a	addons/godot_mcp_toolkit/ui/dock/dock.gd.uid
100644 blob 1697ccef27022b1ba3dfd075a0bf77d885691634	addons/godot_mcp_toolkit/ui/dock/dock.tscn
100644 blob caa3170dbc24afe16b1abe7c0730ee2a96c79f57	addons/godot_mcp_toolkit/ui/dock/dock_confirm.gd
100644 blob 9f61fff3cdcc4c5bd21c5cba039051025bb91d5d	addons/godot_mcp_toolkit/ui/dock/dock_confirm.gd.uid
100644 blob 075046cf70ec9e1db3a66bc58410919f82ec170f	addons/godot_mcp_toolkit/ui/dock/dock_section_card.gd
100644 blob 76209ce93221283fcceef184f9b28e1bbc7d8787	addons/godot_mcp_toolkit/ui/dock/dock_section_card.gd.uid
100644 blob 8b721428fab9387c3d0b54132715a0b930df9376	addons/godot_mcp_toolkit/ui/dock/ext/extension_catalog.gd
100644 blob 4874395d4189a8174d545598683ec15d4a3aadf1	addons/godot_mcp_toolkit/ui/dock/ext/extension_catalog.gd.uid
100644 blob 34813d466186bf50fcdde9910cc4f334dd5708fc	addons/godot_mcp_toolkit/ui/dock/ext/extension_catalog_dialog.gd
100644 blob e89a76dc1934caf469df5fd2d3220719ec3ac635	addons/godot_mcp_toolkit/ui/dock/ext/extension_catalog_dialog.gd.uid
100644 blob 495f4ab5942471db2ac735937c6c67e5e1e985c4	addons/godot_mcp_toolkit/ui/dock/ext/info_dialog.gd
100644 blob e55b95fa389e1a61d8aefcecd5b50f057237be10	addons/godot_mcp_toolkit/ui/dock/ext/info_dialog.gd.uid
100644 blob 5a739195d9d352d021d9031534cc891864fe765f	addons/godot_mcp_toolkit/ui/dock/limits/dock_limits_section.gd
100644 blob 822c0b6ee9035ad7362b3dd687fc5ff0ffc131ec	addons/godot_mcp_toolkit/ui/dock/limits/dock_limits_section.gd.uid
100644 blob 276cff48f5001ad223de6c1c152447049433ebdb	addons/godot_mcp_toolkit/ui/dock/limits/dock_unfocused_control.gd
100644 blob c7d409573bb3413d936536545ca6a97b8b4a3974	addons/godot_mcp_toolkit/ui/dock/limits/dock_unfocused_control.gd.uid
100644 blob 2ec2060c04a6ddb312cc7a3dc4c8273acd3e23b8	addons/godot_mcp_toolkit/ui/dock/mcp/dock_mcp_json_panel.gd
100644 blob 9486c93a8c36fa115fbab56b1d05370c598d21c8	addons/godot_mcp_toolkit/ui/dock/mcp/dock_mcp_json_panel.gd.uid
100644 blob 0cf42e96dc2307c3a5bd41adb5699b02def14854	addons/godot_mcp_toolkit/ui/dock/security/audit_log_dialog.gd
100644 blob a3a09e07ed4888a9448fae989ee99ea0da989cb4	addons/godot_mcp_toolkit/ui/dock/security/audit_log_dialog.gd.uid
100644 blob 3454c31a5aac222f33635960f3372a0cc10eac31	addons/godot_mcp_toolkit/ui/dock/security/dock_audit_section.gd
100644 blob 3272907e5a7fdc7833d65cc490d99daf144e826d	addons/godot_mcp_toolkit/ui/dock/security/dock_audit_section.gd.uid
100644 blob e05df20d5d049875a10fa25ed861833bd779f925	addons/godot_mcp_toolkit/ui/dock/status/dock_status_panel.gd
100644 blob 87d301063e8a4116c04e7218f7c0169cb22cc903	addons/godot_mcp_toolkit/ui/dock/status/dock_status_panel.gd.uid
100644 blob 3e78049003f455e8c914e5a3fcea6c557f71ad40	addons/godot_mcp_toolkit/ui/editor_popup.gd
100644 blob 5bd0d043dd4eb13b5b97ac492b883b8ffd0a0fdb	addons/godot_mcp_toolkit/ui/editor_popup.gd.uid
100644 blob c429a8bc2e8311ad47761bc715566f1702498ae6	addons/godot_mcp_toolkit/ui/mcp_json_enable_prompt.gd
100644 blob 3aa242105ffbf46333efe51eff991dd66eb33835	addons/godot_mcp_toolkit/ui/mcp_json_enable_prompt.gd.uid
100644 blob 7efbc0192c0c97ded217fdc618b62ca8527810ed	addons/godot_mcp_toolkit/ui/mcp_json_sync.gd
100644 blob 525a1ee1da00df6b02304782de67436917e5d67a	addons/godot_mcp_toolkit/ui/mcp_json_sync.gd.uid
100644 blob 79abdee6f686327ac42564977741c9c5ad8d7cdb	addons/godot_mcp_toolkit/ui/mcp_json_write_flow.gd
100644 blob 706c6992f584812b8136474b2e2b887e5ba15c7d	addons/godot_mcp_toolkit/ui/mcp_json_write_flow.gd.uid
100644 blob 4e4f82bacb74a85523fb12b56e526ded62827b78	addons/godot_mcp_toolkit/ui/onboarding_wizard.gd
100644 blob cf2d0f95f87b5b7c9382943c3eaab5620b57c819	addons/godot_mcp_toolkit/ui/onboarding_wizard.gd.uid
100644 blob 2e5b69e382ddf87756f8128fd2a09826c611a727	addons/godot_mcp_toolkit/ui/settings_navigator.gd
100644 blob 1930ff2936d1252b1451df552f182c53d9060f17	addons/godot_mcp_toolkit/ui/settings_navigator.gd.uid
100644 blob 12ac2b2f31c4738fe28b2e873bac99c4d4b7d98e	addons/godot_mcp_toolkit/ui/toolkit_dialog_presenter.gd
100644 blob 0174b5bbc7c7daaae6a2f4ad94e822d304310b99	addons/godot_mcp_toolkit/ui/toolkit_dialog_presenter.gd.uid
100644 blob 749e714314710714d2759bb67ec39de1c8ddef73	addons/godot_mcp_toolkit/versioning/mcp_version_utils.gd
100644 blob 518593170e36fd093425e47e14bb049ba5de90fc	addons/godot_mcp_toolkit/versioning/mcp_version_utils.gd.uid
100644 blob 8e2b07a37c9252a4b048749e78c973869dd67c71	addons/godot_mcp_toolkit/versioning/nodejs_check.gd
100644 blob be65f74c493c255db1cd4cc45e527c1563d6f770	addons/godot_mcp_toolkit/versioning/nodejs_check.gd.uid
100644 blob 16dc3c659efa35d6b351dff3962318794454e915	addons/godot_mcp_toolkit/versioning/stale_instance_hint.gd
100644 blob 34c43b07f2aa0545369a17d4d7ca99bb235b7600	addons/godot_mcp_toolkit/versioning/stale_instance_hint.gd.uid
100644 blob abb9689655f83502c1e9cd973dff9f5d5b104f6a	addons/gut/GutScene.gd
100644 blob 46e710f3679692a4ee79edc2891d0f3c6c1898b0	addons/gut/GutScene.gd.uid
100644 blob 82638cc5bd37f833d361842ecce77a35101a47ed	addons/gut/GutScene.tscn
100644 blob a38ac231fed3febe257c9e5fc31efb8ec7a39f90	addons/gut/LICENSE.md
100644 blob 8e5546c7f5143f8faaa0bfa304243765079851bc	addons/gut/PROVENANCE.md
100644 blob 73b6a004a947a24190c83573a9347022cb211150	addons/gut/UserFileViewer.gd
100644 blob 50a409a4e43a3f44a68c37f1880c354510fcf343	addons/gut/UserFileViewer.gd.uid
100644 blob 15e2e86980b2c4400996ed4bbfc26f2c7e3ae362	addons/gut/UserFileViewer.tscn
100644 blob 240cd93fb9b5026f869a803520ede08b33d8fda5	addons/gut/autofree.gd
100644 blob 13162c80857b168795e45600c14a180d3163ebda	addons/gut/autofree.gd.uid
100644 blob 6c23442c76bd015215d30d5dc15ffa410fb1cd68	addons/gut/awaiter.gd
100644 blob d8cae05e7e283eceeb4408c766a179c2b875a0ae	addons/gut/awaiter.gd.uid
100644 blob 9dcf7d2454085782a41abdd224467159d4b46e3c	addons/gut/cli/change_project_warnings.gd
100644 blob c8c765de566934d9396313130e1db0bae0ea56fc	addons/gut/cli/change_project_warnings.gd.uid
100644 blob 4bc17de9218043ec6334aa0cf72ee44bd0f6001a	addons/gut/cli/gut_cli.gd
100644 blob d57070b20b2c73c3cde4557d85dfb2680bb49878	addons/gut/cli/gut_cli.gd.uid
100644 blob 48ee9cc9019629a761d7e5ebbcae27fd0c052d11	addons/gut/cli/optparse.gd
100644 blob efcf3e15a94f5f4dd43a0ef4fda0106b11d2ec30	addons/gut/cli/optparse.gd.uid
100644 blob 7b7324e1460a313c769b4b41b47df934fe90e0b4	addons/gut/collected_script.gd
100644 blob ae2a94a930ec31728c385b6d0ec8a9b67ba951aa	addons/gut/collected_script.gd.uid
100644 blob 3e30a134f59edd39fb1f32cc21edf321655f7068	addons/gut/collected_test.gd
100644 blob 97778edcb49e083f334bd05634e33b7def197809	addons/gut/collected_test.gd.uid
100644 blob 8510d67f85999ba09b29de3bb367765b82050855	addons/gut/comparator.gd
100644 blob 10c63ff70e7ac59ddb8050b69654dbde3118cb60	addons/gut/comparator.gd.uid
100644 blob 1a8afb5da23419374de8b54b701d71e55b6c325b	addons/gut/compare_result.gd
100644 blob aed99a43209649b7b14884f92928089c46474d9f	addons/gut/compare_result.gd.uid
100644 blob 05f898f6b28ef878d44aa80cb80d97f478ca7b9c	addons/gut/diff_formatter.gd
100644 blob 56628596a8e26ca0edefa4323cc15d2435f4ed0f	addons/gut/diff_formatter.gd.uid
100644 blob d1b5091588bc1c89196a1de4842ce2806e1302a9	addons/gut/diff_tool.gd
100644 blob 1e49604077dbfb5f87e69319642106da12dd3c0f	addons/gut/diff_tool.gd.uid
100644 blob 294c7dfaf092ccf1b41bbc3a53d2023cbfe14606	addons/gut/double_templates/double_data_template.txt
100644 blob 2a41eb3e6e83e2c2d50632e480f674426f83f2ee	addons/gut/double_templates/function_template.txt
100644 blob 9b43474d08781f8ce2125ae5316b08d5cf3eded4	addons/gut/double_templates/init_template.txt
100644 blob be174ecaab0820072e854cef4135d202e9fb46a7	addons/gut/double_templates/script_template.txt
100644 blob df1c6c4bd8182c9b6920eccceabc8d60fd0db4e0	addons/gut/double_templates/singleton_template.txt
100644 blob 148df65b7082a8643d02f43831cd0f47a3b6f9ed	addons/gut/double_tools.gd
100644 blob 0113fa67ce5da2d704641f0bb89e4048c8adf8b6	addons/gut/double_tools.gd.uid
100644 blob 878b9e157bf4a49907fe103db17e04a2df6a1bd3	addons/gut/doubler.gd
100644 blob abcc296f3aa3a1cf4aa27b318a2f83d40d405f1c	addons/gut/doubler.gd.uid
100644 blob 2ce766766c73a5fe809aea9d94f8f94f9da7b338	addons/gut/dynamic_gdscript.gd
100644 blob 3c64ffa251dac640e4d832c2d6db4ce411b593ba	addons/gut/dynamic_gdscript.gd.uid
100644 blob a1b2fd9cc05fe22535da91e39efbb4f70e448ea9	addons/gut/editor_caret_context_notifier.gd
100644 blob 22cec653105828921b63c793e34cb87541f71052	addons/gut/editor_caret_context_notifier.gd.uid
100644 blob c53c957f34d9c2b92c04a3103e47cad604d4cfd5	addons/gut/error_tracker.gd
100644 blob 40ca39292909a89448e2af57f25d07fbe48a94a6	addons/gut/error_tracker.gd.uid
100644 blob 1d4bf2b5265bfc9dcb92eeabd5d3691035361a9a	addons/gut/fonts/AnonymousPro-Bold.ttf
100644 blob 23867ed44fa29a70a38d9a9dc8128d28059c437a	addons/gut/fonts/AnonymousPro-Bold.ttf.import
100644 blob 12863cadbec64a3f918932540eacf8d9c4d86c3a	addons/gut/fonts/AnonymousPro-BoldItalic.ttf
100644 blob 0ec1e76d01e674e028da91d99cd336337f362b65	addons/gut/fonts/AnonymousPro-BoldItalic.ttf.import
100644 blob f6870b7c4e5af796982cc026e159e844c5ad8233	addons/gut/fonts/AnonymousPro-Italic.ttf
100644 blob b5610ecff814266e413c5ef800dbad315f9bd698	addons/gut/fonts/AnonymousPro-Italic.ttf.import
100644 blob 57aa893826db03a74c98480093e5c9942798391b	addons/gut/fonts/AnonymousPro-Regular.ttf
100644 blob 82f2fc5dd27f53d8b7df12ce5abeb6fdfd1276c3	addons/gut/fonts/AnonymousPro-Regular.ttf.import
100644 blob 91d6de4f34673fd3030df55c98016ba84e5c8283	addons/gut/fonts/CourierPrime-Bold.ttf
100644 blob c498c6c7096a16e8ca29ae9dd5c4de3445efe3f6	addons/gut/fonts/CourierPrime-Bold.ttf.import
100644 blob 0afaa98dffc35a90e900dfb15e142a7f71224c1b	addons/gut/fonts/CourierPrime-BoldItalic.ttf
100644 blob 30bf3fe6022c82515f9a0733a0014d388795ab95	addons/gut/fonts/CourierPrime-BoldItalic.ttf.import
100644 blob f8a20bd097284f65ea89f88f742f6d2278df9215	addons/gut/fonts/CourierPrime-Italic.ttf
100644 blob ca308547b393313ba004b8d2660df939d9b69c5f	addons/gut/fonts/CourierPrime-Italic.ttf.import
100644 blob 4f638f6992274404f825f3f943bb1d21b02888c2	addons/gut/fonts/CourierPrime-Regular.ttf
100644 blob fc5d760c81f481bbe2aab40268e9b5f8e05c4c80	addons/gut/fonts/CourierPrime-Regular.ttf.import
100644 blob 2e979fbff2caae0ac51c9eb23d63d3f10cfc3b3b	addons/gut/fonts/LobsterTwo-Bold.ttf
100644 blob f03d313c9b6bb17a4d6fe2b28d7959fa7c393e9d	addons/gut/fonts/LobsterTwo-Bold.ttf.import
100644 blob 8bbf8d827893ecca3fcba0ba65f20a945f1bf543	addons/gut/fonts/LobsterTwo-BoldItalic.ttf
100644 blob 36fb353ebb6f8c571d1906d802be5b23416fd804	addons/gut/fonts/LobsterTwo-BoldItalic.ttf.import
100644 blob b88ec1723c6cc760834716848772f4ca035cd5ea	addons/gut/fonts/LobsterTwo-Italic.ttf
100644 blob faba19ba3a36d62b605dbc9f368e60008f9cdcd8	addons/gut/fonts/LobsterTwo-Italic.ttf.import
100644 blob 556c45e7d1d6e89bcb94c012d14707cd97d4718b	addons/gut/fonts/LobsterTwo-Regular.ttf
100644 blob 56cdadb02d786ddeb8253f0ce0070c36ca3a4ecd	addons/gut/fonts/LobsterTwo-Regular.ttf.import
100644 blob 3ed0152c4cee56b8c8b39c94d80d3c0f9cf67ca7	addons/gut/fonts/OFL.txt
100644 blob 6ad312a4eae523e6278ef294a96daa9d9fc9ea9a	addons/gut/get_editor_interface.gd
100644 blob 56aa1c10504182cc8c13b1ccd237a7d80c696c8c	addons/gut/get_editor_interface.gd.uid
100644 blob 2fab531b1a5b35f913eb5c500a562d578ffb4bd0	addons/gut/godot_singletons.gd
100644 blob 89afbb43181b4ce4b8cf603d2da3b1d057c4624d	addons/gut/godot_singletons.gd.uid
100644 blob fa040281b8607b5aee6bbc5a4384c51064c24598	addons/gut/gui/EditorRadioButton.tres
100644 blob 391884810883ce3abd528a9bfbd31c9b1c41e622	addons/gut/gui/GutBottomPanel.gd
100644 blob 0de51df098f6b99c10cf7d458e30145bbcab6dec	addons/gut/gui/GutBottomPanel.gd.uid
100644 blob 15cef4803443eab8f10c47199051525372b28795	addons/gut/gui/GutBottomPanel.tscn
100644 blob ba6382277b4be080be3437bde9095b9cdb1440c5	addons/gut/gui/GutControl.gd
100644 blob 5776194ff923ea64a80afdff0b8ce89d5ed5112b	addons/gut/gui/GutControl.gd.uid
100644 blob 58301a21aa08a3c86504c565e0bee87404990483	addons/gut/gui/GutControl.tscn
100644 blob e73d259966f4ff2ecbc3ebf273eccc8fceab29ca	addons/gut/gui/GutLogo.tscn
100644 blob 767d4c8ea9e31bf076d115ffb990c03eda850334	addons/gut/gui/GutRunner.gd
100644 blob b5971e8ca43f327152599c174aa0cb0e92e9274b	addons/gut/gui/GutRunner.gd.uid
100644 blob a4e966fc89d174006657b3f7ac619daee4e76cfe	addons/gut/gui/GutRunner.tscn
100644 blob 157320aa149011cedbcf39490430ea559da4f35f	addons/gut/gui/GutSceneTheme.tres
100644 blob f347e5c51413d864bcfda926f0b29baef9ec7cb9	addons/gut/gui/MinGui.tscn
100644 blob e729d0d741446a79741b4b12f5b153e0693e0476	addons/gut/gui/NormalGui.tscn
100644 blob fddd9994fd5f9672d06208216e65d81bd6aa1295	addons/gut/gui/OutputText.gd
100644 blob 7538795b1c8499f66369d651e67895f03904ffd5	addons/gut/gui/OutputText.gd.uid
100644 blob b666c1537b1229ba4e6bb2fe203e025c72bdc760	addons/gut/gui/OutputText.tscn
100644 blob a79f6e3739e924e7aed96f081e58d5c07facc5e1	addons/gut/gui/ResizeHandle.gd
100644 blob a537485f0bff71007693e15393c3b3c4849b81de	addons/gut/gui/ResizeHandle.gd.uid
100644 blob b13d9e5aefaecf98fc3a5ebe0850537258b83e11	addons/gut/gui/ResizeHandle.tscn
100644 blob 45e5f2818a5bbbd85426cb6b8aead6d1bb6a1bd9	addons/gut/gui/ResultsTree.gd
100644 blob dee3727409297ee2bbf5445ef0ef3384571a2a01	addons/gut/gui/ResultsTree.gd.uid
100644 blob 8868f87c9cc543423a9f04bd9f90e3988bf51056	addons/gut/gui/ResultsTree.tscn
100644 blob 57475dfe66264f7a40f8303e941dbba038b6307e	addons/gut/gui/RunAtCursor.gd
100644 blob 944da03f34beee4118287919b51836b83db4f6f7	addons/gut/gui/RunAtCursor.gd.uid
100644 blob 8fa5886d17fc0f2f55bf81f1de477229b04cb539	addons/gut/gui/RunAtCursor.tscn
100644 blob d98571be1912b39377bf4ca65c5834a7473c285c	addons/gut/gui/RunExternally.gd
100644 blob 2be6465dead4c85fa25ddb38db21dd824020de35	addons/gut/gui/RunExternally.gd.uid
100644 blob c72926d12ee664815f222e7097f453560e3186de	addons/gut/gui/RunExternally.tscn
100644 blob 83c9f5eec0d12f0e7d2f08662293da62470d8577	addons/gut/gui/RunResults.gd
100644 blob 27be8b7a525376cdd4938d356ac20ca1a7ab447f	addons/gut/gui/RunResults.gd.uid
100644 blob 240016862c1180a3788f0e4e004bb79893e388e9	addons/gut/gui/RunResults.tscn
100644 blob d82774052a1c2d8145fe61ecab7f9fa584022e9b	addons/gut/gui/Settings.tscn
100644 blob a101fca8cbe414a71d1c2240de65723c7ae9bda0	addons/gut/gui/ShellOutOptions.gd
100644 blob 22c90ecf90f840632a3692aa5a41a904fcb4fb84	addons/gut/gui/ShellOutOptions.gd.uid
100644 blob 72442a5d2c453adf2788fb8e54e4d1fd6ba142a9	addons/gut/gui/ShellOutOptions.tscn
100644 blob f6afafccf9985d1773985a0746215222ee33ecd4	addons/gut/gui/ShortcutButton.gd
100644 blob 1e756d874c9fbe8b9322280baebf7c5a433ae0ae	addons/gut/gui/ShortcutButton.gd.uid
100644 blob 896854a33f41eb320adf4ac5b058df2d40c869a6	addons/gut/gui/ShortcutButton.tscn
100644 blob 283de1d21c33d8a9b3c1488f7d01536a568d8de5	addons/gut/gui/ShortcutDialog.gd
100644 blob 7883ae07e0b972fe96fce4f5b341f41c6369822e	addons/gut/gui/ShortcutDialog.gd.uid
100644 blob 546d4e1fe91c9ce49187d6cea4a4efc15d4bbcc9	addons/gut/gui/ShortcutDialog.tscn
100644 blob b982207d92bbef6e4c880e9b49fbe505f4d5b418	addons/gut/gui/about.gd
100644 blob beeb0f82f4da5aba4797eb071cd5ed1f44d571a4	addons/gut/gui/about.gd.uid
100644 blob bddb85290ddcd9c274d55601496d5995f369f585	addons/gut/gui/about.tscn
100644 blob d407714ccdeb1e30c6e363aab27146d3f9a03e97	addons/gut/gui/arrow.png
100644 blob 8b06d8e3962c183a3e60d68281a582096817b3e9	addons/gut/gui/arrow.png.import
100644 blob 821baf807ad44d1d2afd92dbf910dde5d4f8dd78	addons/gut/gui/check_for_update.gd
100644 blob eee7c254c1442be7e9a8834436b74df0f059cfb8	addons/gut/gui/check_for_update.gd.uid
100644 blob 3b1fca7f70a6154c348397c0d4230e4fecea069a	addons/gut/gui/check_for_update.tscn
100644 blob da64eb45741376d03a7f6dd206e174e7694e098c	addons/gut/gui/editor_globals.gd
100644 blob c3ae213f4f735562074311c39b31a1fc9dccb225	addons/gut/gui/editor_globals.gd.uid
100644 blob 52e38674cfe82099c520eea636c7b7eca2fe6d7e	addons/gut/gui/gut_config_gui.gd
100644 blob 3aa4cd472c02deedcef2862875340b2015cd5bac	addons/gut/gui/gut_config_gui.gd.uid
100644 blob 08155d375747bc0e1b685730113b91a50c9c60ed	addons/gut/gui/gut_dock.gd
100644 blob 95a4bccbb4510a4680a6170a9f5661cf51010b18	addons/gut/gui/gut_dock.gd.uid
100644 blob 618e19962fe5eded8333dbd5822b6afe94fcd5cb	addons/gut/gui/gut_gui.gd
100644 blob 329177a2e4fea61662b0af8ba7a30ba8d956ae21	addons/gut/gui/gut_gui.gd.uid
100644 blob 1d88b0d465102c81f5f23728c6d2c67efcab98ee	addons/gut/gui/gut_logo.gd
100644 blob 359575dedbcb6abcac4dac849f628de2c884b6a8	addons/gut/gui/gut_logo.gd.uid
100644 blob 1e22c023d9e3b60acca5d8e9d39aac64eb52a61c	addons/gut/gui/gut_user_preferences.gd
100644 blob d4f3d4dff5a35ebf38335759e9d71fdedefa360f	addons/gut/gui/gut_user_preferences.gd.uid
100644 blob a2b1473f5f011c50f5c9ec0e9af356a18c66a88d	addons/gut/gui/option_maker.gd
100644 blob 13a94b4c73ea364deefa3bff745f5a0fb508c81f	addons/gut/gui/option_maker.gd.uid
100644 blob 227322e9c7fd69cac10ab657a22243e809bc53a4	addons/gut/gui/panel_controls.gd
100644 blob 3b6d8f40640746674cfef635bcccd60e5978b50d	addons/gut/gui/panel_controls.gd.uid
100644 blob 06fbff3bf95daacb8079f76ebd4230627ac7fb09	addons/gut/gui/play.png
100644 blob dbde62c50a50369ca7da43fda7222f05b234f0ab	addons/gut/gui/play.png.import
100644 blob 1d5d77bcaea0ff1bbc72cead908f12efc2d8c250	addons/gut/gui/run_from_editor.gd
100644 blob b782883fed4088367d1fe3ec3444cc32a475c180	addons/gut/gui/run_from_editor.gd.uid
100644 blob a979090354c7780f9ceffb4f81689d39b2f36435	addons/gut/gui/run_from_editor.tscn
100644 blob 55edfc3275f2f3c296810744f20145b0a6653639	addons/gut/gui/update_required.gd
100644 blob 972c2ac9f0c98bad1c18ebe1c19c392be5092a24	addons/gut/gui/update_required.gd.uid
100644 blob bfd21a990b52a5f14935c90c40773543fb3c8640	addons/gut/gui/update_required.tscn
100644 blob cd8f1980f9d0bbdaa2aa2ffd4b24f05ac7616bd1	addons/gut/gut.gd
100644 blob 8b845144a295d1c7d87acb1100c3d2e24ac7b333	addons/gut/gut.gd.uid
100644 blob 51c2937a0f30fc60a61da4144469692365e67926	addons/gut/gut_cmdln.gd
100644 blob 4766ae767e5f3ff7911450324567ced4b685d1a2	addons/gut/gut_cmdln.gd.uid
100644 blob 0d4f949547e2aaa88223ecac64e42c896ca773e7	addons/gut/gut_config.gd
100644 blob a1644762d8e33ce38933cb3aa9d9d11941e9e0b2	addons/gut/gut_config.gd.uid
100644 blob e1b964dbb3edc4faaba66b88ce697a4e7e1fd8fb	addons/gut/gut_constants.gd
100644 blob ef3bd6b9c7b20985ccffc631d7c7c65f16705843	addons/gut/gut_constants.gd.uid
100644 blob 875aef64f998e69d4025fb7bc9c39a600636432a	addons/gut/gut_fonts.gd
100644 blob 12d85fb7095665f2135523cc99d50f83ca3c59d7	addons/gut/gut_fonts.gd.uid
100644 blob 28d3f38410edba3f2b21b4b0399f90000db870b6	addons/gut/gut_loader.gd
100644 blob de5b25dd0a08adfa77e713ca5375ead1ba57bd8a	addons/gut/gut_loader.gd.uid
100644 blob 8fbd0101f023d749b5278d2490f3455b9cf80bbf	addons/gut/gut_loader_the_scene.tscn
100644 blob 9e5d055fa152076a764296dd830ce69c855927f5	addons/gut/gut_menu.gd
100644 blob 53a33c7c16ec83097abce528188e7f371c611860	addons/gut/gut_menu.gd.uid
100644 blob 01b2f41677670973dc7e14595716c5b70ac57b78	addons/gut/gut_plugin.gd
100644 blob 25811f96dc305c9e2775690811fa1d9d3e5adf11	addons/gut/gut_plugin.gd.uid
100644 blob 925f281779446533875b6703172616c08e7e994e	addons/gut/gut_to_move.gd
100644 blob a85c47585ecac1d52f8badedb9c98b967359a8f5	addons/gut/gut_to_move.gd.uid
100644 blob 729a26f433f4bc2e8df32e6e60a4a227d913f8f2	addons/gut/gut_tracked_error.gd
100644 blob de081abae06f72d6618ce057a0539fc753bb6902	addons/gut/gut_tracked_error.gd.uid
100644 blob 03f04bd04444691bba50ae9dc2ce58c54af29473	addons/gut/gut_vscode_debugger.gd
100644 blob a470c0612d8fb3653ae0c12e8f128c3c944ee104	addons/gut/gut_vscode_debugger.gd.uid
100644 blob cbc9fd16917eeb7469ed2d944786b39a54a7b90a	addons/gut/hook_script.gd
100644 blob a24103bd965a0ccd10f60040ee4b61d5285d52df	addons/gut/hook_script.gd.uid
100644 blob 9ad6a1dd9959cc5f88d593408c8adbdbd18e7639	addons/gut/icon.png
100644 blob fe713ee53d320582894a21b176f1a0c06a6d9859	addons/gut/icon.png.import
100644 blob 00ff7a95e94769f7bfc538bb58ffde54ec398f0e	addons/gut/images/Folder.svg
100644 blob 9173b17c40c28deed9573b124033c37b16758ded	addons/gut/images/Folder.svg.import
100644 blob ff4caff60091cdddeb88188d0dbc6405f2846d15	addons/gut/images/GutIconV2_base.png
100644 blob bca9baa8c3886b3e78a59d46010a067e81156253	addons/gut/images/GutIconV2_base.png.import
100644 blob 4d917ba98819b4b1c8b543b768681a0f832db3ae	addons/gut/images/GutIconV2_no_shine.png
100644 blob 21e9ce2835c70f7742232eba94773d1a7f27acb9	addons/gut/images/GutIconV2_no_shine.png.import
100644 blob 8def1c0f7525c75ace48f155c036b249578c6312	addons/gut/images/HSplitContainer.svg
100644 blob d91bb15fe43f2e70d34147eae8c0239b1ffbad6d	addons/gut/images/HSplitContainer.svg.import
100644 blob b105e17e3a589893fb09579298f6e95b94f276a8	addons/gut/images/Script.svg
100644 blob 772b92335989e2f3c5db35f9616a8731c03b379a	addons/gut/images/Script.svg.import
100644 blob 84ecd623440bd8de57c4c0746b625eb96b9bd267	addons/gut/images/VSplitContainer.svg
100644 blob a98ffe01535b92ac928065fb8c59818f344de010	addons/gut/images/VSplitContainer.svg.import
100644 blob d3d388ae28bae0480c66b636dc2e2e3e2443e182	addons/gut/images/eyey.png
100644 blob 4e3f0b91a9f8bce097e7b82460abe9184651b80b	addons/gut/images/eyey.png.import
100644 blob c81fd09d931c7ac01599424b0d0d8eba5f0e3ef4	addons/gut/images/green.png
100644 blob fa659366a3f1407c67a006a4f15c9f7b7abfa403	addons/gut/images/green.png.import
100644 blob 3d9dec14b3dd89ec36dbb5b7008c36a10afe8e4b	addons/gut/images/red.png
100644 blob 85484c81ee6faad0a79528d1a4d94d860c1368b2	addons/gut/images/red.png.import
100644 blob 8b7dc35b0fc95b004901c205612515c2c3621942	addons/gut/images/yellow.png
100644 blob b9de136be8a7737965eab1b9f1a2a5b1516bdd83	addons/gut/images/yellow.png.import
100644 blob cf17a746bcb668523022a77e676eae37f54a7be9	addons/gut/inner_class_registry.gd
100644 blob ebb01e015f10fa401b69793affc7246a95ff1bf8	addons/gut/inner_class_registry.gd.uid
100644 blob e04b44165854d736771281781abb6d0b20a65e14	addons/gut/input_factory.gd
100644 blob df4fdecbae1cc7de0c61b799f5362cdb9e37fb63	addons/gut/input_factory.gd.uid
100644 blob 5ea623ddc448e0f2c55bec139aa66d1736e33a11	addons/gut/input_sender.gd
100644 blob 1ff32fc3ad588aeabeb3852ce190f9dd97630e63	addons/gut/input_sender.gd.uid
100644 blob 466e4379641b0133af4da2a0655a14266f43b41e	addons/gut/junit_xml_export.gd
100644 blob ccf518ecf9d9ddf307794f07da69fc0de5f479cc	addons/gut/junit_xml_export.gd.uid
100644 blob 9d42fa038f882957db62786dc54bf982cd1b8fea	addons/gut/lazy_loader.gd
100644 blob 0ce4b79134e058a276a2ba30cc3d29a8a16db14a	addons/gut/lazy_loader.gd.uid
100644 blob d9ce7238fc67aa8549bc2e483cc815c5d479395d	addons/gut/logger.gd
100644 blob dc0510b259a6068d2a9c50f9897c5efc83830cd8	addons/gut/logger.gd.uid
100644 blob 5a157a46bb4caed90008ec513587ca9952363a49	addons/gut/menu_manager.gd.uid
100644 blob 540982d6adf366f91cb09a3788b540bae88ec7a5	addons/gut/method_maker.gd
100644 blob e57102f09e87a468be38c42b8182eea774e35080	addons/gut/method_maker.gd.uid
100644 blob 652c0f7ce7c9a9227ea4657c5a37549c2ed3ce28	addons/gut/one_to_many.gd
100644 blob 62745fecd2c690e36984d6d02e527049e9a38267	addons/gut/one_to_many.gd.uid
100644 blob ea9057c7ad042c9c54fca0c6a55e163af91fb30c	addons/gut/orphan_counter.gd
100644 blob e67f4a21835d6bcadeec3b256e2076a2d2bf7e62	addons/gut/orphan_counter.gd.uid
100644 blob 906545a816fac0e5f4a9fed3f6e9b6f9761eb0d2	addons/gut/parameter_factory.gd
100644 blob c02e8081f8c6e215e1b4520b6b878f9923389555	addons/gut/parameter_factory.gd.uid
100644 blob 794d693472972034c89606b5b53d4b5540d8d1af	addons/gut/parameter_handler.gd
100644 blob 355ad4f11b75715d93d8a261a8dcad751c9bf712	addons/gut/parameter_handler.gd.uid
100644 blob 64cd593b7c57492096820583d785e9fef4ddf092	addons/gut/plugin.cfg
100644 blob 9742356fc2d4e6921a076c16e8df3749014e1bd4	addons/gut/printers.gd
100644 blob 9880ad241b59095996dacc103b32ba3b8634e76c	addons/gut/printers.gd.uid
100644 blob ee5a5aeb27fe83de3fb7f40468490da3dd69789a	addons/gut/result_exporter.gd
100644 blob 704483246ca715e6df03d1e4f129f5758ca782fa	addons/gut/result_exporter.gd.uid
100644 blob ffde3998b54d2e644e33abefa94dc7cd4a1bbf9c	addons/gut/script_parser.gd
100644 blob ab606339896770a26ecfb22a2588291a84b90dfb	addons/gut/script_parser.gd.uid
100644 blob 0ffc1f69134e648d6a8eb75de79bd7e49c858b8f	addons/gut/signal_watcher.gd
100644 blob f2ca904369f073a54fa7ad531ce31f80b2422f35	addons/gut/signal_watcher.gd.uid
100644 blob 2c5f002dec030ec8f55432dfdc27a0b94b7f234c	addons/gut/singleton_parser.gd
100644 blob 74a6ff4590832dd608dd79d45f0eeded85a63d4a	addons/gut/singleton_parser.gd.uid
100644 blob eb6b9b859954c85bc878e93e6893d6f552b01a9e	addons/gut/source_code_pro.fnt
100644 blob a2bf84963c50f1c608b2cc0eaf15e862cfaed77f	addons/gut/source_code_pro.fnt.import
100644 blob 0441ba94d9bf2e1f28a9d9742eae4e552ce0a401	addons/gut/spy.gd
100644 blob 40add5138a48ab7fca46d7110def1a542ce9e0fd	addons/gut/spy.gd.uid
100644 blob d9450a0079eba1d875bc998495956b6c7115129c	addons/gut/strutils.gd
100644 blob 87b98e92c72ca2c36f07b4a1a2fc796e1e8cdde3	addons/gut/strutils.gd.uid
100644 blob 8c7157abf5657f85910eae477a98d68735c74bc5	addons/gut/stub_params.gd
100644 blob a5ba1a3276a432fd0a65e784c472c47bb0753693	addons/gut/stub_params.gd.uid
100644 blob eda7ee9c05387b7cc8d0acb75891b12b29bc8c05	addons/gut/stubber.gd
100644 blob 3db8dc1a3b6ff90f21125ddc4db32e4f127411c8	addons/gut/stubber.gd.uid
100644 blob 4fe25897bc262fb5395d17d50260d8a9066efc83	addons/gut/stubs.gd
100644 blob ae47d19c8ba7a7981f3c4d46dd9d9a1df79f2022	addons/gut/stubs.gd.uid
100644 blob 0b862c00f5fefebefda3ae6480bc25ca360bfe80	addons/gut/summary.gd
100644 blob d8ccd92ad542b039ec19041974569ebe80c8a6a9	addons/gut/summary.gd.uid
100644 blob fd41caa7723274710b6a2d4422ba561cb2faaabd	addons/gut/test.gd
100644 blob 222586f8b3c66d1f087646ddedd322fd4c75b439	addons/gut/test.gd.uid
100644 blob c934c3e8e218f3485c4df21d33d631c45db2d7c4	addons/gut/test_collector.gd
100644 blob 8f83309ba92c63b2ca39aa32546700cfe570f5d8	addons/gut/test_collector.gd.uid
100644 blob 40e71ef92be94f544208482d3fb7de0ea414c820	addons/gut/thing_counter.gd
100644 blob 537b433a1ae7dbfb2683bbe4647050fe186b5c1b	addons/gut/thing_counter.gd.uid
100644 blob 0fce0232f7a37d83f92edb6dd1cf596a9edeca8c	addons/gut/update_detector.gd
100644 blob aaacb7b7033b467961fda749129163aa7a15ca6d	addons/gut/update_detector.gd.uid
100644 blob 3bea3a9ef1a2afd4dbdde239d8bd96daf140ee20	addons/gut/utils.gd
100644 blob c3d591d9dd76318a668ec74ffe869704d88f0e40	addons/gut/utils.gd.uid
100644 blob 114a94611d665cd62da492873588a4e539aa9a14	addons/gut/version_conversion.gd
100644 blob e69ecb7ddbbc275f0eb4da432ac3fa65a85e34c9	addons/gut/version_conversion.gd.uid
100644 blob 247642466b0265f56b2b8dabf0ca852ca41473c5	addons/gut/version_numbers.gd
100644 blob 3a2dac37dffab51b6083b8bb16fa21cd25463eac	addons/gut/version_numbers.gd.uid
100644 blob 4465533d27464a6a9f905e42101dc7dc30786a5a	addons/gut/versions.json
100644 blob e9aeee2daa02dab28c4c627cfd8ca6848eb0ff33	addons/gut/warnings_manager.gd
100644 blob bb86e6fd0d2f8fa920e5f8a10b33a3b65be43c52	addons/gut/warnings_manager.gd.uid
100644 blob 4ca10e4951bd4d66d6b6c6fe14a8077c5e77e8ca	art/animations/characters/pedestrian_worker/npc_locomotion_v1.tres
100644 blob ec3f301160b547d9f89d179631524a7c95d0a689	art/animations/characters/shared_humanoid/player_lower_v1.tres
100644 blob c9204f028bcb5615a47bc8c0192cbeb67588ca6a	art/animations/characters/shared_humanoid/player_upper_v1.tres
100644 blob 21f59c53ece2aa3210aa9d29abaa05334ba4c37f	art/animations/characters/shared_humanoid/player_v1.tres
100644 blob 877c5ba408ae7d0ceeae63cfbb7a70adae7f47b8	art/materials/characters/pedestrian_worker/pedestrian_worker_a_palette.gdshader
100644 blob fe962705b4e902b8b9212d66fa05ea82c51064ea	art/materials/characters/pedestrian_worker/pedestrian_worker_a_palette.gdshader.uid
100644 blob 38a2639c026d1b57b8b48f7b301722a1c85beb35	art/materials/characters/pedestrian_worker/pedestrian_worker_a_palette.tres
100644 blob d5c6d00e58514c62cc784e8c77dcecd9452e9acd	art/materials/effects/weapon_effects/weapon_effects_a_chip.tres
100644 blob dc5448cb5b6cf8bfbf491f09650b9c433ba7bbaa	art/materials/effects/weapon_effects/weapon_effects_a_fire.gdshader
100644 blob 446dbf335f56ddfee964f99746ced803fc6685c7	art/materials/effects/weapon_effects/weapon_effects_a_fire.gdshader.uid
100644 blob 8ef514525b1277f9be1408e734c5440c000d6dfd	art/materials/effects/weapon_effects/weapon_effects_a_fire_tint.tres
100644 blob 8e735a20d7b3e7ad52a545b488f3d8358ffa30e9	art/materials/effects/weapon_effects/weapon_effects_a_smoke.tres
100644 blob 89ae639d782bba895bd648029b8715eb694ba82d	art/materials/effects/weapon_effects/weapon_effects_a_spark.tres
100644 blob 3d1b64a58df0f94bd6ead5a4acbe64e3788ca557	art/materials/effects/weapon_effects/weapon_effects_a_trail.tres
100644 blob 7d63da21b4ca53dd32b8e554dde3abc6f03018b0	art/materials/s01_coral.tres
100644 blob 2699663ceaad0e909c371aa791e761f69d395653	art/materials/s01_petrol.tres
100644 blob b9b3cccc78c608eda68b3786c5d4a90e749fc8c7	art/materials/s13_cobalt.tres
100644 blob f30f108b95e9ccce41d36d6e89f65e8b5b4dd570	art/materials/s13_coral.tres
100644 blob 91d582e242269f0d2b965c3ca384d34c716e5be6	art/materials/s13_ivory.tres
100644 blob 2fed1b2aeb7868db3fd2b0adb3687d98df1e7398	art/models/brackett_greybox/apartment.glb
100644 blob 4ddd25b9474efd5dd3464a4533bfb6527949855c	art/models/brackett_greybox/apartment.glb.import
100644 blob c6eb306529372e337add9ecd01185b708f58b7c2	art/models/brackett_greybox/apartment_slab.glb
100644 blob 682048b4565a670fdc99d3fe8ab14ed3dc2e90e0	art/models/brackett_greybox/apartment_slab.glb.import
100644 blob c23dde1ed432538349de03ba71035f81260969f5	art/models/brackett_greybox/apartment_small.glb
100644 blob 8d6e588341667144e6739f9b777b72f260c38f1f	art/models/brackett_greybox/apartment_small.glb.import
100644 blob e1fd82a2a5fc69a88abec4e85f73a104881f3dbd	art/models/brackett_greybox/campus_annex.glb
100644 blob 7af3d1e1a4650606f800977f53e2adadba4f55f1	art/models/brackett_greybox/campus_annex.glb.import
100644 blob f2ca25b74907ebb52389326620d6349c56bf8b88	art/models/brackett_greybox/campus_classroom.glb
100644 blob 100f24ae5b3281a65d3954dba4a9b31d6fc74f80	art/models/brackett_greybox/campus_classroom.glb.import
100644 blob 0fbeeac6221d56c85ebc79af592e9a5f1136d2b0	art/models/brackett_greybox/campus_hall.glb
100644 blob b79353260e32d6988f6c35f547f08591bcb8a981	art/models/brackett_greybox/campus_hall.glb.import
100644 blob dceb65fbd5b5e34d695ca206be812092532ad0b9	art/models/brackett_greybox/dock_shed.glb
100644 blob 97b07bfcdd781c1e433e65a4eff0e08cd858ac10	art/models/brackett_greybox/dock_shed.glb.import
100644 blob b78c18f701abd17775903ec1ffee276120d70a67	art/models/brackett_greybox/entertainment_hall.glb
100644 blob 69503bfd0d02b38b76e5bf4df77ed3abeb513ca9	art/models/brackett_greybox/entertainment_hall.glb.import
100644 blob c4e7cb56a5381c51e144cf5b598f3c4251a97370	art/models/brackett_greybox/fingerprints.json
100644 blob b6da981ffa2ba7d70d7ae161905101237c0cb75b	art/models/brackett_greybox/ground_00_00.glb
100644 blob 3c651b5e6c4392c7cda3b8befb27d4e4373f0748	art/models/brackett_greybox/ground_00_00.glb.import
100644 blob e5c3ccad2f239fc932429ab3d93640da18dd321d	art/models/brackett_greybox/ground_00_01.glb
100644 blob 78dc516f5c46d6d5a90b7600fa860095a879ee92	art/models/brackett_greybox/ground_00_01.glb.import
100644 blob 9d433162608b80dfa1a8662200be61a5f8c7165e	art/models/brackett_greybox/ground_00_02.glb
100644 blob 33cc6f47e17c25e13aa2456918c7870dd7680f52	art/models/brackett_greybox/ground_00_02.glb.import
100644 blob 7f3da8e4767590aaf73113ba1da86a6d4759ce02	art/models/brackett_greybox/ground_01_00.glb
100644 blob 783c9851902befcf6d1371679f827a29d0adf352	art/models/brackett_greybox/ground_01_00.glb.import
100644 blob 63068796e2046f809bfe07150c3b096f9623b3c4	art/models/brackett_greybox/ground_01_01.glb
100644 blob 9cd5943b6cb6d91a22bff24bb906bfc65b5ef7e0	art/models/brackett_greybox/ground_01_01.glb.import
100644 blob a52a43dea5d4ae5e9631c4cfb0afdb6dbc129bc8	art/models/brackett_greybox/ground_01_02.glb
100644 blob 77c5e75c10495febc544f2ee4172686cdeaa7cd5	art/models/brackett_greybox/ground_01_02.glb.import
100644 blob 06411c3395d38cf42826480507ae5b071d5ed757	art/models/brackett_greybox/ground_02_00.glb
100644 blob 4edbf9c7f5f2f6d37ecceada349097eb6b346ca0	art/models/brackett_greybox/ground_02_00.glb.import
100644 blob 8b8f03accd5726159ab61dd6867acd2fe09ea6a1	art/models/brackett_greybox/ground_02_01.glb
100644 blob 4a86bc2fc6438bab926dfed994e1896459d2491d	art/models/brackett_greybox/ground_02_01.glb.import
100644 blob 5ccc82d5803f55ec34983512498a053173a62419	art/models/brackett_greybox/ground_02_02.glb
100644 blob ef86384f4a9a5678cd7d86ef0fafb95d4b12fdcc	art/models/brackett_greybox/ground_02_02.glb.import
100644 blob fbc506e76baf65fa2cbfc4096c0308250a915d1c	art/models/brackett_greybox/ground_03_00.glb
100644 blob 221827696c7d5db0d4bb038bb6c0eb14d1f2ff72	art/models/brackett_greybox/ground_03_00.glb.import
100644 blob 40cf8803024f43bbc9af9ce4637aabe768f95f20	art/models/brackett_greybox/ground_03_01.glb
100644 blob 32c29db82afd6656ccf30cec3104b721d2c2ae83	art/models/brackett_greybox/ground_03_01.glb.import
100644 blob 17d176202e17f667ca546ed20f4958e046be9b86	art/models/brackett_greybox/ground_03_02.glb
100644 blob bc341a90bec52be076bc338f7771f059103c37b9	art/models/brackett_greybox/ground_03_02.glb.import
100644 blob 62f384b6695aa35908d150597fc794699a8f831b	art/models/brackett_greybox/house.glb
100644 blob 089f6f24f9b22f43c90940129dc2014092007468	art/models/brackett_greybox/house.glb.import
100644 blob 11e3f4e37990473af75b3460997c4feb56df2a68	art/models/brackett_greybox/office.glb
100644 blob 3dc5e7daa62551f6b9baf13536e9b8c0ed863f08	art/models/brackett_greybox/office.glb.import
100644 blob 6417421dbc01ee57bc058cdfc165af2b7a6b78a9	art/models/brackett_greybox/quay_hall.glb
100644 blob 760f55e1aeb8df00452da899d94bafc3dc449207	art/models/brackett_greybox/quay_hall.glb.import
100644 blob b05debc4ad1018cb8370c209b19106ab0482bc70	art/models/brackett_greybox/quay_house.glb
100644 blob 4966d05826eb59905eafb23facd187de2ddff66b	art/models/brackett_greybox/quay_house.glb.import
100644 blob db046789ed007ed4119fbf02c2c02d286591abeb	art/models/brackett_greybox/quay_row.glb
100644 blob 0c140b4e2efd68272b76ac2f6ef8f2ecf6396845	art/models/brackett_greybox/quay_row.glb.import
100644 blob 0f5be79745509de0ff069fbf4b9990f03e5aa900	art/models/brackett_greybox/repair_shed.glb
100644 blob 08608040795d8aeb66b373e951298d7e76c20de8	art/models/brackett_greybox/repair_shed.glb.import
100644 blob 8e13a6351dc748931d4a67946d7aa6faf38c4d45	art/models/brackett_greybox/retail_box.glb
100644 blob 00582a20ec8d21978a3bf99242f817dd12fbae5d	art/models/brackett_greybox/retail_box.glb.import
100644 blob f2c5aa255c1f467f970bf847d4eb2dea28257527	art/models/brackett_greybox/retail_large.glb
100644 blob 317657a30f78edd1c3727fee5c4a7d7158c7866a	art/models/brackett_greybox/retail_large.glb.import
100644 blob 7073aff90b3bdebca13c7cb34cccd9a769dc487c	art/models/brackett_greybox/retail_small.glb
100644 blob 473f963b38f8812f71d46e629c574558f6e561fc	art/models/brackett_greybox/retail_small.glb.import
100644 blob 59e6b9e3e86e89ad781d53234732ea12ea6fab5f	art/models/brackett_greybox/semi.glb
100644 blob 32c15f95564d77dd0ac5592a5bc8ddd697ba02ff	art/models/brackett_greybox/semi.glb.import
100644 blob f0d7cca8d58a7659b6024739293be7a5e9f31a22	art/models/brackett_greybox/shop.glb
100644 blob a391ba718421ad0a870ecbed6839598226c26000	art/models/brackett_greybox/shop.glb.import
100644 blob d626fb25be0401c893b89d92376402c9755dce4c	art/models/brackett_greybox/shop_row.glb
100644 blob d9071867849f8536424be0138054c0f1031d4033	art/models/brackett_greybox/shop_row.glb.import
100644 blob 910af7827be73e160b5fb0649278c690d501a9f8	art/models/brackett_greybox/terrace.glb
100644 blob 822e9130bae85ba0c714e81d4ef05b63fef95939	art/models/brackett_greybox/terrace.glb.import
100644 blob 6a9f1421797be9c614a3e649c5aa1b43e0363570	art/models/brackett_greybox/tower_high.glb
100644 blob a2f04f1779d2f83ac75cc49cab8ead2609de4274	art/models/brackett_greybox/tower_high.glb.import
100644 blob b919b9b657e218b6e68ca79e625cb694001d0d3c	art/models/brackett_greybox/tower_mid.glb
100644 blob b7b39968ba8494f29af46744dec64ad0708b5e4e	art/models/brackett_greybox/tower_mid.glb.import
100644 blob cae97b73a4f539adeab5c236613ae01828e9d64c	art/models/brackett_greybox/warehouse.glb
100644 blob fa4fd59e5be4ddc9889bb6dc235599bfcf238bac	art/models/brackett_greybox/warehouse.glb.import
100644 blob 49edc340544c676c23ed56a49085cf681233804f	art/models/brackett_greybox/warehouse_small.glb
100644 blob a0c47a9cb9d51c64aaa9fd9bbe699e61d9f1d491	art/models/brackett_greybox/warehouse_small.glb.import
100644 blob bfabf7b7e7f43d70abcf47ba351ef598dd84a9ab	art/models/brackett_greybox/water.glb
100644 blob e95afdbcd00eb6370e01a0f7c87d808cb7f033a8	art/models/brackett_greybox/water.glb.import
100644 blob 10cce709e6df564fbbf752d8eab153b53510da2f	art/models/brackett_greybox/workshop.glb
100644 blob 868caf73092b37108731ef04921130403bf35db1	art/models/brackett_greybox/workshop.glb.import
100644 blob 9ba65693365caa5f94313a0df75416d0f79de8c9	art/models/brackett_greybox/workshop_large.glb
100644 blob d2f0e5275b9e353e95eb83e3e59f3c5ccaf6ac9e	art/models/brackett_greybox/workshop_large.glb.import
100644 blob 946b30c28e393629867dfe38b026c97af6f83215	art/models/characters/coral_courier/coral_courier.glb
100644 blob dc8eadea669c6317c744c33b8407beaa5c44d94d	art/models/characters/coral_courier/coral_courier.glb.import
100644 blob 4168c0e9cd228a91236d196ef5ae14d3902636ce	art/models/characters/pedestrian_worker/pedestrian_worker_a.glb
100644 blob d42b6fbff512c7202c674ad9c51b8d64c03051b3	art/models/characters/pedestrian_worker/pedestrian_worker_a.glb.import
100644 blob 0bcd78ddab7f4849e86a174cd155a717164532b0	art/models/characters/s13_humanoid.glb
100644 blob 986f0e5faa8ec69507875ade9a72f824238bc030	art/models/characters/s13_humanoid.glb.import
100644 blob c4544035d9c72cd8c4531ffa0199f488073ada6d	art/models/characters/shared_humanoid/shared_humanoid_bind_v1.glb
100644 blob 4976745b0047656043af39726835a45dabb57f91	art/models/characters/shared_humanoid/shared_humanoid_bind_v1.glb.import
100644 blob 23d8dea576346d480cdd419f3d1f7f986bce87d5	art/models/characters/shared_humanoid/shared_humanoid_player_motion_v1.glb
100644 blob 18221a2182c4080ade68a474514427ca789d8350	art/models/characters/shared_humanoid/shared_humanoid_player_motion_v1.glb.import
100644 blob 44d8bdb5f2d0b938da62c3518e1f466cabd675b5	art/models/effects/s15_debris.glb
100644 blob d73a580415c3e7fbb83e8029fdd2fd3f9219c270	art/models/effects/s15_debris.glb.import
100644 blob bdc52d7eed51d79e12f4ad6990f066b7b0dcf109	art/models/effects/s15_fireball.glb
100644 blob fafea13732ba34fdcfdcb1539c970fa10cfab41b	art/models/effects/s15_fireball.glb.import
100644 blob 44f347621c0ace43fc27768c59ef4fe13c85cf6a	art/models/effects/s15_impact.glb
100644 blob cae3fa978eeb696b3a73569ac2f045944f8ce757	art/models/effects/s15_impact.glb.import
100644 blob 7d7e344ad1b44bfe3e3627911e331a021628a02e	art/models/effects/s15_muzzle_flash.glb
100644 blob a01ca512b0b5a5bd03f0a2e7c932e74bd73932e9	art/models/effects/s15_muzzle_flash.glb.import
100644 blob 4f88f40ea96aedff42e3d2fb29bea9177931cfd2	art/models/effects/s15_rocket.glb
100644 blob fafa6e2d58131ca7b356ea3e922e56c2f7da6b39	art/models/effects/s15_rocket.glb.import
100644 blob 505d0caef5018de0f7dc06c02429365f6dca4ec3	art/models/effects/s15_rocket_trail.glb
100644 blob 4a9d0a2f501517f05892da0c95c187c999d6a7e6	art/models/effects/s15_rocket_trail.glb.import
100644 blob b1ef48a4f41938e21f5939cb939e8edd042cd1fd	art/models/effects/s15_smoke.glb
100644 blob 799be8bb220d9c0020352731daef22bf73839643	art/models/effects/s15_smoke.glb.import
100644 blob 699186f9e9b70ea804fb79df01dd730f310d050b	art/models/effects/s15_spark.glb
100644 blob 04010b013d11160090ca0629973246ba9281871f	art/models/effects/s15_spark.glb.import
100644 blob 644ab0265facbd324d24acdbb26b01809121c997	art/models/effects/s15_tracer.glb
100644 blob a92aba8dc0cba19cd5bbe36497f955f3f8fc01bf	art/models/effects/s15_tracer.glb.import
100644 blob 164d515da2abddbece3fe69761d75d2c969424f0	art/models/effects/weapon_effects/weapon_effects_a_chip.glb
100644 blob 412e26644a875844ee40534753aef6489a3fdfa6	art/models/effects/weapon_effects/weapon_effects_a_chip.glb.import
100644 blob 33f66a11729cddbdc66e3c62d27d5a3c6925c9c6	art/models/effects/weapon_effects/weapon_effects_a_chip_mesh.res
100644 blob 5d13adc0b50be738ba9a0405206c76bf47fedf96	art/models/effects/weapon_effects/weapon_effects_a_fire_lobe.glb
100644 blob e959d51e010b20088b823823025f9b9def632ff7	art/models/effects/weapon_effects/weapon_effects_a_fire_lobe.glb.import
100644 blob 573f57018066edd1061c2faf19bca8c0f058dbc2	art/models/effects/weapon_effects/weapon_effects_a_fire_lobe_mesh.res
100644 blob 176690fa577cc554eb4d4babeb6ea6bbbabd496b	art/models/effects/weapon_effects/weapon_effects_a_muzzle_drop.glb
100644 blob 0d3e4168e9e7046b5d20f8768a52b0f6c1c0c357	art/models/effects/weapon_effects/weapon_effects_a_muzzle_drop.glb.import
100644 blob 74ad50fa3ec632225d8e5ab93c3c09d3c20a798f	art/models/effects/weapon_effects/weapon_effects_a_muzzle_drop_mesh.res
100644 blob 2afa0b12053748b4a2493714c281186f36230535	art/models/effects/weapon_effects/weapon_effects_a_smoke_puff.glb
100644 blob 5b724132975cb67e5ccd7dfaa818e46e8f22cd2f	art/models/effects/weapon_effects/weapon_effects_a_smoke_puff.glb.import
100644 blob 452dd79adbd5d5e8e52ca06d8c5a587a5cf19609	art/models/effects/weapon_effects/weapon_effects_a_smoke_puff_mesh.res
100644 blob a90f1f5e31c9cb6ac580acdee997a5ed0ea17455	art/models/effects/weapon_effects/weapon_effects_a_spark.glb
100644 blob 0c323eac3ce513c765babd6a283416b5f956ce01	art/models/effects/weapon_effects/weapon_effects_a_spark.glb.import
100644 blob 7ddcd0a39fe4263e7c81e70ce0c5d4b675289b2a	art/models/effects/weapon_effects/weapon_effects_a_spark_mesh.res
100644 blob 299a0fbce179ddd468b713fd2632c72602e49247	art/models/effects/weapon_effects/weapon_effects_a_trail_puff.glb
100644 blob b528d7ee3bdc65423af1ebe4d6dff2fa8f881753	art/models/effects/weapon_effects/weapon_effects_a_trail_puff.glb.import
100644 blob 40fa0485bd3e7b38f00ab201bee8f95639beebb2	art/models/effects/weapon_effects/weapon_effects_a_trail_puff_mesh.res
100644 blob 55497a24ff1ae64b18ce9d4ec5c3852ba63ce19d	art/models/environment/city_lights_01/city_lights_01_cool.glb
100644 blob eff6ce1bbcfd035c04ecc5f4d7bb0349a40379b2	art/models/environment/city_lights_01/city_lights_01_cool.glb.import
100644 blob 29c5fb22bb9affd1a157ed627ae2c431c7573502	art/models/environment/city_lights_01/city_lights_01_warm.glb
100644 blob cb15eebcf6def430798be1700952ac795dbe7a7d	art/models/environment/city_lights_01/city_lights_01_warm.glb.import
100644 blob ca722c3613426afee8b906d12db556eea380f49c	art/models/environment/city_lights_02/city_lights_02.glb
100644 blob bf22961f0136254ffd6938cb57694ffc0ada5919	art/models/environment/city_lights_02/city_lights_02.glb.import
100644 blob 20f57bf677510ccd4079ccbe444e96175d914596	art/models/environment/city_lights_02/city_lights_02_cool.glb
100644 blob 60ea8763b63eecef72a4171d7140927f7b2739d7	art/models/environment/city_lights_02/city_lights_02_cool.glb.import
100644 blob 6922afcea82e1c42339541757b9cf28076a82d08	art/models/environment/city_lights_04/city_lights_04_cool.glb
100644 blob 5d166b2489738c1f580a5ff4218937bdb45da364	art/models/environment/city_lights_04/city_lights_04_cool.glb.import
100644 blob da50ae4928a960129ee615f81e898c6978800fb9	art/models/environment/city_lights_04/city_lights_04_warm.glb
100644 blob 69493a3e1c60363882e2673d905e4251369b7dfe	art/models/environment/city_lights_04/city_lights_04_warm.glb.import
100644 blob 066d4176c624f456fded32863df7d5945c3040b9	art/models/environment/city_planting_01/city_planting_01.glb
100644 blob 20072effc66358f19d4dcd59f0c8cb6d5292e3c4	art/models/environment/city_planting_01/city_planting_01.glb.import
100644 blob c6ce3b09527b5be67f8aa4ef0817d0a7a2b6bfdf	art/models/environment/city_planting_02/city_planting_02.glb
100644 blob 41e4661eb08ecb36c34413d1703547a84a957f5b	art/models/environment/city_planting_02/city_planting_02.glb.import
100644 blob 2f0cf4f8fdf56f3593f8ceefdb2689254c684430	art/models/environment/city_sign_supports_01/city_sign_supports_01.glb
100644 blob 2c46af668c5dd3d895240b9da5e24db65c7fe167	art/models/environment/city_sign_supports_01/city_sign_supports_01.glb.import
100644 blob e6f84baac64fbc8e404ac53a8d8ef5ff2de4a764	art/models/spikes/s01_rig.glb
100644 blob 0737c8bf7631fce94497ae7fccbba03def8966ad	art/models/spikes/s01_rig.glb.import
100644 blob 78199564565948d5fe8d1885eee473f5da5d301b	art/models/spikes/s01_static.glb
100644 blob 147040ec6b20f6f8288de999e0a30abf0347c34d	art/models/spikes/s01_static.glb.import
100644 blob e1dd691ba983cf3a90720f49cd8024c234d4f027	art/models/spikes/s02_actor.glb
100644 blob 0507c4fc25e9c3b160b1beb529b026c5913a5195	art/models/spikes/s02_actor.glb.import
100644 blob 4f584ee029847f55da715f65c648af969c897158	art/models/spikes/s02_ground.glb
100644 blob a7a5f2a7ae563fd3aa2e41f4de2b381508522858	art/models/spikes/s02_ground.glb.import
100644 blob e18dc61fd0488d001423bb374296dc16b2aedc60	art/models/spikes/s02_launcher.glb
100644 blob 7a3d2c602a079211c04bc45ea4b6a3bae383634f	art/models/spikes/s02_launcher.glb.import
100644 blob f1907b0153e262bccb9e2fdb05fcbb07e436e09d	art/models/spikes/s02_low.glb
100644 blob 9428aa738f6b1bcb6b65041ff280de236a8ede92	art/models/spikes/s02_low.glb.import
100644 blob 7be4692542ff9c104dbf381dcc4a34c9d8bfa6da	art/models/spikes/s02_near.glb
100644 blob e91d55a1c2e98a3aadac2e6e809479cd5c35aded	art/models/spikes/s02_near.glb.import
100644 blob 383eb68356a110d736e9fddb57e2fae3a2afc5b6	art/models/spikes/s02_pistol.glb
100644 blob 8ab880ad61ffc0837141898069811534d5d42c2e	art/models/spikes/s02_pistol.glb.import
100644 blob d56832eb7bf3b0c4581bdaae3b8260e855cad30d	art/models/spikes/s02_smg.glb
100644 blob 4a283460759695cbaa1f3595ea3e0a8128f1eb70	art/models/spikes/s02_smg.glb.import
100644 blob caa038e514fecbefe4ec919c7167d0401e7f42db	art/models/spikes/s02_tall.glb
100644 blob d128279c6d81035b6d944451c9282257b85940c1	art/models/spikes/s02_tall.glb.import
100644 blob 0586f107cc37609c0833fa231462ed38e0890267	art/models/spikes/s02_target.glb
100644 blob 8d140388a69f1a5ff5bb48655d8e42b43c797b53	art/models/spikes/s02_target.glb.import
100644 blob 313a9eb2a415a876313b9072db454be4c4dc015c	art/models/spikes/s04_car.glb
100644 blob 383e90cd85cb660cc5175682071137fe2e822ee3	art/models/spikes/s04_car.glb.import
100644 blob 5c72e21c7f01427310fef1593769f5af5f997dc3	art/models/spikes/s04_track.glb
100644 blob e46ae90be2b33ce76c3bca110751c98f2e82f4b5	art/models/spikes/s04_track.glb.import
100644 blob bb8adfa694f5d5ff1c6c0c2344d0bdeee56c3292	art/models/spikes/s05_explosion_carrier.glb
100644 blob 2c7c608c5ffe11e7ef0d7ed312db4b28e02d80ed	art/models/spikes/s05_explosion_carrier.glb.import
100644 blob c730e1eaebd059bc09ca8c453a39e206b2942307	art/models/spikes/s06_east.glb
100644 blob c91b3a637636f225a890f957c0e57f2e49ae1911	art/models/spikes/s06_east.glb.import
100644 blob 0dace373fe922661de3c8e828597eafa6a36ace0	art/models/spikes/s06_west.glb
100644 blob d099497b64a6a304f6626d29db0c135ac2ae2bb5	art/models/spikes/s06_west.glb.import
100644 blob 43d41b22ddf919ab62f7a267e300902a2f9fe1ff	art/models/vehicles/car_crate_a/car_crate_a.glb
100644 blob 303a75a1407c03fe694d469c67d145e1fbba8da1	art/models/vehicles/car_crate_a/car_crate_a.glb.import
100644 blob f710f231b787e096965c8b5b9b33f0ac14eae4e4	art/models/vehicles/car_latch_a/car_latch_a.glb
100644 blob 8619adb596b37864594189ec26382552e29f40e7	art/models/vehicles/car_latch_a/car_latch_a.glb.import
100644 blob 87018f0db9f64e44ab064fb694f21ff6874539d7	art/models/vehicles/car_sable_a/car_sable_a.glb
100644 blob 4eb331ce1751b0986d67a237ed6d008de127a5cb	art/models/vehicles/car_sable_a/car_sable_a.glb.import
100644 blob 264cada16178fe0e0ea61dc931273cdd6cd8ea06	art/models/weapons/dock_thumper/dock_thumper_launcher_a.glb
100644 blob ad0c099c4587bab5d00afb2f046d65e0779a4829	art/models/weapons/dock_thumper/dock_thumper_launcher_a.glb.import
100644 blob 74fa47891bf31419536adb7ee6e19a5921ac374d	art/models/weapons/dock_thumper/dock_thumper_rocket_a.glb
100644 blob 3df26c24a9b91f55a638a7e4756f53b0dba2be9c	art/models/weapons/dock_thumper/dock_thumper_rocket_a.glb.import
100644 blob 287bf484a4725a13eab1ccd9fe87d1c45ecbef23	art/models/weapons/pistol_coral_stub/pistol_coral_stub.glb
100644 blob 4cde900234fa9c8fe543ca94f0325aee11a1f42d	art/models/weapons/pistol_coral_stub/pistol_coral_stub.glb.import
100644 blob 712a00f0a321d7ae0653603d080c14233bd5cddf	art/models/weapons/smg_wedgewire/smg_wedgewire_a.glb
100644 blob 61f7d6bdb61eeb74807eebfcd5af76193a88f883	art/models/weapons/smg_wedgewire/smg_wedgewire_a.glb.import
100644 blob e69de29bb2d1d6434b8b29ae775ad8c2e48c5391	art/source/.gdignore
100644 blob e3c9536a5f2ead5dcb1e956e3e086df7f41c5b57	art/source/models/brackett_greybox/authoring_plan.json
100644 blob bdb2ea345d2fac6818b840e46c9b60c1a8c740ee	art/source/models/brackett_greybox/district_01_kit.blend
100644 blob 6b34f08cfeda7549648dad3a31582dd366124630	art/source/models/brackett_greybox/district_02_kit.blend
100644 blob 51d72ef6efc92c64f0afe014656f3d4eb1a5543d	art/source/models/brackett_greybox/district_03_kit.blend
100644 blob 3534dc109711596c2c87645e8a3935b7468fe353	art/source/models/brackett_greybox/district_04_kit.blend
100644 blob d9012ed21d7a06315912533fd4285a3f26ae692d	art/source/models/brackett_greybox/district_05_kit.blend
100644 blob e6e1cfae23ba091d887f3ceec6f124e47039c940	art/source/models/brackett_greybox/district_06_kit.blend
100644 blob b82bc3a103ca76bf53cbec1bfe3ea4df80ca2396	art/source/models/brackett_greybox/district_07_kit.blend
100644 blob 1abb01ebd9de80d10342dc1d65bda1aff0c67b76	art/source/models/brackett_greybox/district_08_kit.blend
100644 blob e56a73e6296b3e831bf11830161843c477026751	art/source/models/brackett_greybox/district_09_kit.blend
100644 blob 4778357f6a67a5dd9b29a6f41bce41176bacfda2	art/source/models/brackett_greybox/ground_00_00.blend
100644 blob 8da285d1b3ca681f8673862b0f24cb5924b64147	art/source/models/brackett_greybox/ground_00_01.blend
100644 blob 9df46492689f56fdc2dc37bf1970b89f5322e57b	art/source/models/brackett_greybox/ground_00_02.blend
100644 blob 52966d49c69b46b3245b1ba63a0580046101da00	art/source/models/brackett_greybox/ground_01_00.blend
100644 blob 08c58b1e4d55a2813e3eecf38b2658ac0ac56b52	art/source/models/brackett_greybox/ground_01_01.blend
100644 blob 9fccc9874a35bc716591a8361f69c25329c0c60d	art/source/models/brackett_greybox/ground_01_02.blend
100644 blob 5c285eccccc40bbbdd1df071d4741e9d12afd748	art/source/models/brackett_greybox/ground_02_00.blend
100644 blob 02c3d676270584beeeb1e81f628ef95b3ad7a6c9	art/source/models/brackett_greybox/ground_02_01.blend
100644 blob 9288df0932b2108a59c8529e94eaa2db81e484ed	art/source/models/brackett_greybox/ground_02_02.blend
100644 blob 5efe4ec91adf81e9e62e9b650174e37d1e2a084c	art/source/models/brackett_greybox/ground_03_00.blend
100644 blob c30deaa02cb2822033cd116aa543930af33a0a5b	art/source/models/brackett_greybox/ground_03_01.blend
100644 blob d3190e9161590d594e335eb82b09d9a1efc7d360	art/source/models/brackett_greybox/ground_03_02.blend
100644 blob 3cfd4112c79b3e8cc34b073796fa6e03d7374fab	art/source/models/brackett_greybox/source_manifest.json
100644 blob 13c39967cd42f064b54aa143f747da1590e5e9a3	art/source/models/brackett_greybox/water.blend
100644 blob a962fb69c02075d8c07bf688e8e19388d2487691	art/source/models/characters/coral_courier/coral_courier.blend
100644 blob cd3b30a88046b1b5707f79674d62d92f2ee76181	art/source/models/characters/coral_courier/coral_courier.json
100644 blob b1299a90a0c669196338202b63dc214ed1b65b13	art/source/models/characters/coral_courier/weapon_profiles.json
100644 blob 809386e3b5b3133f6d993822f012962e0b10c177	art/source/models/characters/pedestrian_worker/pedestrian_worker_a.blend
100644 blob 02a8383a098769280e809f2ae7120774b47510bb	art/source/models/characters/s13_humanoid.blend
100644 blob fbe09f7250b718bd7e3fba91567b3423521cf496	art/source/models/characters/shared_humanoid/shared_humanoid_player_motion_v1.blend
100644 blob f0ca4ae223b4cd3afa30c24d32534d1ac96b4762	art/source/models/characters/shared_humanoid/shared_humanoid_player_motion_v1.json
100644 blob 0cf47b17e6950d3d3002430de18c6afb8f0fa63b	art/source/models/characters/shared_humanoid/shared_humanoid_v1.blend
100644 blob 1639a5d6124bd898a403d631ab1d7e7e90156d5f	art/source/models/characters/shared_humanoid/shared_humanoid_v1.json
100644 blob 08a5944ff5081aabfbc0fe30a3613b9636c59418	art/source/models/effects/s15_vfx.blend
100644 blob 9feb81909768d55fe4ecc1f6cbef844dcf0ca17a	art/source/models/effects/weapon_effects/author_a.py
100644 blob 014b97c0cd36ccf776eff92119652408c4db08e3	art/source/models/effects/weapon_effects/geometry.json
100644 blob ff85dfd46781875e238675cffb3beb86ea8ce03a	art/source/models/effects/weapon_effects/godot_bootstrap.gd.txt
100644 blob 184180608703a9c733b89a597a7ecf66217f6e79	art/source/models/effects/weapon_effects/reexport_a.py
100644 blob bb4287d7f537bb3eb206daccf1378988b7444d10	art/source/models/effects/weapon_effects/weapon_effects_a.blend
100644 blob b40df5b2a6379401a738c09be439e0361729d653	art/source/models/environment/city_lights_01/city_lights_01.blend
100644 blob 8ff9a3e36e4de0b43fbcc843b07a7058ebb3fa61	art/source/models/environment/city_lights_02/city_lights_02.blend
100644 blob 0fa93f431229a1a8efb1732eccf8a3fe09650ae9	art/source/models/environment/city_lights_04/city_lights_04.blend
100644 blob 987c1f0a9bf847ddafb72285dfa80ab0831fa246	art/source/models/environment/city_planting_01/city_planting_01.blend
100644 blob 0b84d034ede3ebcf2fadb6459edfc91c2864f4e9	art/source/models/environment/city_planting_02/city_planting_02.blend
100644 blob 6d7c74df1d98d5ddeb2b5ecc962eb3e71ee274f0	art/source/models/environment/city_sign_supports_01/city_sign_supports_01.blend
100644 blob 1c28f3218a90f4b957b0392a3d06b4e27fa8a3b2	art/source/models/spikes/s01_rig.blend
100644 blob 369ab01b0e18d2f2fb2c1b1b6fb38cf0dc03f141	art/source/models/spikes/s01_static.blend
100644 blob d76ec5e06a37fa6aac460b0c0cbc7ee5c0b10369	art/source/models/spikes/s02_kit.blend
100644 blob 83c320c8e933ae713977312e1e066650b041a223	art/source/models/spikes/s04_kit.blend
100644 blob aa9e74997acd1e640679d7ad5e16dd7b077d98d8	art/source/models/spikes/s05_explosion_carrier.blend
100644 blob 66b0286f9f34f7a0c6297a484af64fb6881c6fb6	art/source/models/spikes/s06_intersection.blend
100644 blob 37b33993a33d10277c5c635fbe88528f1934f401	art/source/models/vehicles/car_crate_a/car_crate_a.blend
100644 blob d18c573e4d2966fee62de55ccf6fc49a82ca32e3	art/source/models/vehicles/car_latch_a/car_latch_a.blend
100644 blob 547a5e8c5a2cedb7e58e2eb8d0bb7f8e745ec8f4	art/source/models/vehicles/car_sable_a/car_sable_a.blend
100644 blob 9b3632ab86782ca71df4c0314b0bd3b69afb9d7d	art/source/models/weapons/dock_thumper/author_dock_thumper.py
100644 blob 767480bef8418fad2c16416b26bbba39c21c998c	art/source/models/weapons/dock_thumper/dock_thumper_a.blend
100644 blob cd0ef5d4350be5420b77ba1f3a56cad7d7b96bcc	art/source/models/weapons/dock_thumper/inspect_source.py
100644 blob 636306f28cff9abbb83ca62a6c81124396ea3216	art/source/models/weapons/dock_thumper/reexport_dock_thumper.py
100644 blob 4541d643744f8b327b5fee61d4d733c80969e6b7	art/source/models/weapons/dock_thumper/repair_degenerate_faces.py
100644 blob 01df727e874e85ad18b432d927df6c60f2ca9fed	art/source/models/weapons/dock_thumper/source_manifest.json
100644 blob e287d2a43fe5b90b3e96923113191520ae399c17	art/source/models/weapons/pistol_coral_stub/pistol_coral_stub.blend
100644 blob e919b309b9909f261550f582b967e76b965c6514	art/source/models/weapons/smg_wedgewire/smg_wedgewire_a.blend
100644 blob 6efbc17330f4af0de24dd057e4817fbac6069923	art/source/textures/spikes/s01_palette.png
100644 blob 6efbc17330f4af0de24dd057e4817fbac6069923	art/textures/spikes/s01_palette.png
100644 blob fee2dcc180685334e4dcb48350ac80a85fea7c5b	art/textures/spikes/s01_palette.png.import
100644 blob 4c1cae3421359e210f3e398abaa1ea0393b368dd	docs/api-contracts.md
100644 blob 3e9f46bde4d11c9a05a136edf0d3e149ce3274ed	docs/architecture.md
100644 blob f2518ffb9b258a57059c754b56936ac5a5bde911	docs/art-direction.md
100644 blob 0ec86c23c496a629562406fc824641ddc0bd815c	docs/asset-catalogue.md
100644 blob 2406151ae22791eef7eebc9f67d6a0df373fe448	docs/assets.md
100644 blob d88b729d9cfde8399f2db3174b61d56dfa8d6d39	docs/assets/brackett_greybox.md
100644 blob d9365ad7cbcede87bd69bd35c6781b322354e107	docs/assets/car_crate_a.md
100644 blob 9db15ec4b04c58bf0122d1326ca361e31b025def	docs/assets/car_latch_a.md
100644 blob fe1f46729bdf8e94aa086edc0c53c9c21f2826cf	docs/assets/car_sable_a.md
100644 blob 18a0e62e432a3bd2bbddb667c956d1ca1566ed01	docs/assets/city_barriers.md
100644 blob dd659c4313cd3c0cc843131fffb307276fa29b2f	docs/assets/city_boardwalk.md
100644 blob 2f71e59cfc9bf93ee23d80bda5ee5e0535717518	docs/assets/city_ground_finishes.md
100644 blob 4628efd6efe7efe44c4c7e72aed1cafc1f04b135	docs/assets/city_harbour_bridge.md
100644 blob 88d6d4c1498df0658e78a49c0400e49d02c1e824	docs/assets/city_lights.md
100644 blob 8c0125376264c839eb06349c06ef82c1dbe283a7	docs/assets/city_marina_docks.md
100644 blob e2bbcf7022505b62feb960d5490b54b8888555a7	docs/assets/city_moored_yachts.md
100644 blob 150e6d9b4518a5135e9f82dc55de98ceedc29262	docs/assets/city_parking_furniture.md
100644 blob 782aaf39b0963aa5179ef8299e70b64b73c49c70	docs/assets/city_planting.md
100644 blob 5152f1fab18978c2769f6eee8fce5ce1dae3eed9	docs/assets/city_quay_furniture.md
100644 blob 58beb725dad0f3306f9b04c571b5e60d362c9c2d	docs/assets/city_road_markings.md
100644 blob 11285be7eea968a58a063f14a329df5339f0dd43	docs/assets/city_roof_details.md
100644 blob c361f4023fb09850ce07a9aca98b010beb1dca52	docs/assets/city_seating.md
100644 blob 6889bcbef9707135ef8c7a809d078816d1d1f6cc	docs/assets/city_service_furniture.md
100644 blob 651521880a54b15b8f2c8acad820883b9198454a	docs/assets/city_shop_fittings.md
100644 blob 9bc5edadbb5b5efd25398d59df741798fc417037	docs/assets/city_shore_edges.md
100644 blob ea62946a2d86679cb202d5b838ffca1201584af7	docs/assets/city_sign_supports.md
100644 blob 8513cdebba86b0f8a864356f0cda845e478dc4af	docs/assets/city_small_shop_shells.md
100644 blob c77833fff49bbad5b0e8986b31d643212545a6e8	docs/assets/city_traffic_fixtures.md
100644 blob 0474f407578a36ddb2e191d38afaaaca82449be6	docs/assets/city_walkways.md
100644 blob 5cc331bffb33f9c3bd2e241ef5cbd038dbd7bd50	docs/assets/city_waste.md
100644 blob 953649fa850fc8417b4c16a01e4c3b5971b1c6bc	docs/assets/city_water_look.md
100644 blob f0c19220aafc9449c422410af2f3ef497bd684df	docs/assets/d01_academic_buildings.md
100644 blob 83b3a2d07619c51a43f541fd1d6c4cbe6fb60290	docs/assets/d01_campus_graphics.md
100644 blob b6f50dc9d2051c4ef9fd3a9428908e7ff02fdad9	docs/assets/d01_lighthouse.md
100644 blob eaf8936b033239bb748d5076186f9d2297a47e8a	docs/assets/d01_sports_pavilion.md
100644 blob 7c7e40a7d6a620eacdb087c26c00382e650b89b4	docs/assets/d01_sports_surface.md
100644 blob c6f57217e6751de01936faec2ac8e494fa47422d	docs/assets/d02_corner_shop.md
100644 blob 6830556e3a1c90764cbf75eae4356e951d8f0cc0	docs/assets/d02_domestic_details.md
100644 blob 0ad7097787e944f946c59aad4169854ce2cb1cd9	docs/assets/d02_house_family.md
100644 blob a2eed2b0dcc257ea5e3cfd204e3386feab0ae859	docs/assets/d02_neighbourhood_graphics.md
100644 blob 36134e5b81362772db9ead70f06db29fe74c8b18	docs/assets/d03_apartment_family.md
100644 blob 59fa7998e64be7678bfd1bc45e5ac59d1a9a44dc	docs/assets/d03_community_graphics.md
100644 blob e3890bd9885610597dacb70cf4d14c387c4b6d48	docs/assets/d03_court_graphics.md
100644 blob d067c7edc6fe7ca36238a7854e31de9d0e98c4f5	docs/assets/d03_laundry_frames.md
100644 blob c0d487a06e8dcf29fb2c85d094155f8b752011c4	docs/assets/d04_corporate_graphics.md
100644 blob dd8d30051130533bd870c1e2bf05d3e846a71c82	docs/assets/d04_forecourt_graphics.md
100644 blob 96d97fce9ae55f9669cebfc26f4c82d68e3483ad	docs/assets/d04_podiums.md
100644 blob ea2c8287ee0d1405c7dfddfa0ea4243e68172547	docs/assets/d04_towers.md
100644 blob 176330cf5c8018d50d2e71a9b5ab3a82f2dcc437	docs/assets/d05_civic_graphics.md
100644 blob 8e0a494d072ce22ecffad4604a7547e0890f1206	docs/assets/d05_harbour_hall.md
100644 blob 3e622da99bb301d8c8bcc216e8c7a8012f9e2e75	docs/assets/d05_quay_frontages.md
100644 blob ee9c6974483fc1fb80074116a52aa25f365cac0f	docs/assets/d05_quay_paving.md
100644 blob 11fd5582b2360b1517da60c5f7f42f7f01b28784	docs/assets/d06_commercial_graphics.md
100644 blob e3fbcca60382fca3024521fcce00826864b8cb40	docs/assets/d06_entertainment_hall.md
100644 blob 9459ac398b03b86d989f16e37235d490744347bf	docs/assets/d06_harbour_footbridge.md
100644 blob 4629e71a58d4b2fdc148484250ea1c78172de3dd	docs/assets/d06_mixed_use_infill.md
100644 blob bf0d875968676559457989dfd41890b59eb3b132	docs/assets/d06_poster_drum.md
100644 blob ad57e5887f65431085addab94a9ddbd215628afc	docs/assets/d06_shopfront_blocks.md
100644 blob 7a083038413209085666f29d8c95d666bd9b8510	docs/assets/d06_southern_shopping_parade.md
100644 blob 7eca79ec4f2501f6792ffd92960b936929113da2	docs/assets/d07_retail_buildings.md
100644 blob 3463c530212f8c5601b312441abfc56cc0052aba	docs/assets/d07_retail_graphics.md
100644 blob c5ec1605af262bcb94fe63f4bb4dd203ac42bbdb	docs/assets/d07_sign_island.md
100644 blob 874f38c0186a3338fab6bde0a7dcb34019675cf9	docs/assets/d07_trolley_shelter.md
100644 blob 147a8d2779f7bd8165444d16318cc6c9be688b1d	docs/assets/d08_repair_furniture.md
100644 blob 05856805d621a77b5ffc1cede035458a44be183c	docs/assets/d08_repair_graphics.md
100644 blob 7eac5b64c856816217f583058ec5f786cee9ee10	docs/assets/d08_work_apron_graphics.md
100644 blob 9ee34d4ec414f63216d7cc62218f19c20f46a1ef	docs/assets/d08_workshop_buildings.md
100644 blob b867d000957c071f42776673e0f6a7e42ed496f5	docs/assets/d09_cranes.md
100644 blob af6fa655a06e9d1b705fb4394573246290aae81f	docs/assets/d09_freight_graphics.md
100644 blob 228d4acd25417b2475a61ceb03b479438f53e0de	docs/assets/d09_storage.md
100644 blob d926e7796dfac1ae6cb1b4553e1f002a40f66967	docs/assets/d09_warehouses.md
100644 blob 6ab67dabc5f5978c013b88c51c94b6723bf13921	docs/assets/pedestrian_civilian_first.md
100644 blob e69de29bb2d1d6434b8b29ae775ad8c2e48c5391	docs/assets/pedestrian_worker_a-evidence/.gdignore
100644 blob b7b7562d9827bbc69756656572c74cdd7a39f9dc	docs/assets/pedestrian_worker_a-evidence/camera-roundtrip.log
100644 blob 51796700882ec0ac3b49b210cf1fcb36c16715f7	docs/assets/pedestrian_worker_a-evidence/clean-check.log
100644 blob ee9d742c8ce9efa4d7ad1cfacd8d06b5a4c420cb	docs/assets/pedestrian_worker_a-evidence/clean-import.log
100644 blob 5b58889c3ac66ba6c44fa34a19e696037e20e5dc	docs/assets/pedestrian_worker_a-evidence/clean_import.json
100644 blob 24e239c4583fc8550ee89f75a82886364e8020a0	docs/assets/pedestrian_worker_a-evidence/fingerprints.json
100644 blob 726ae9b14f98a00d679bb1a059ae517c28d1097a	docs/assets/pedestrian_worker_a-evidence/game_camera.png
100644 blob f8fe1a24cd61050410ebfcdf26bd9563449ef63b	docs/assets/pedestrian_worker_a-evidence/gdstyle.log
100644 blob f6eee3d20c3bac90771c9457ca26fb7fdfdbf7b5	docs/assets/pedestrian_worker_a-evidence/godot-check.log
100644 blob e6421dcec69412a9cc56df6af08c4f349513fed2	docs/assets/pedestrian_worker_a-evidence/godot_checks.json
100644 blob 222a2c0010ca45d2b308473db9f52fe262d9c0ed	docs/assets/pedestrian_worker_a-evidence/imported-contact.log
100644 blob f7019dd58c0db6a32c076f3a049356b661d02458	docs/assets/pedestrian_worker_a-evidence/imported_contact.json
100644 blob dea511f57afb92f28dc3aef2368fd3985bf5de7b	docs/assets/pedestrian_worker_a-evidence/independent-review/blender_probe.json
100644 blob d536ce3458526726e5eccb0eed4112bdfa9d46f2	docs/assets/pedestrian_worker_a-evidence/independent-review/candidate_identity.json
100644 blob ca5be458694bbde44c17cf6555c7f4178fc8a89a	docs/assets/pedestrian_worker_a-evidence/independent-review/editor-candidate-probe.log
100644 blob 7dd505f34466e48b1ff47e8156a2a3e616376a3a	docs/assets/pedestrian_worker_a-evidence/independent-review/editor-fixed-probe.log
100644 blob 92db8a0c5d6d33b2970320f06956149ef1b1ae08	docs/assets/pedestrian_worker_a-evidence/independent-review/glb_probe.json
100644 blob 10b62e7832ae67c11cfc3c78a8118666c870836a	docs/assets/pedestrian_worker_a-evidence/independent-review/import-final.log
100644 blob 0b168e7b389125db6fe477523eda946e6b8e5675	docs/assets/pedestrian_worker_a-evidence/independent-review/independent_probe.log
100644 blob b3a2fedf1b081f804c6a7a82435376a8c5e6cd06	docs/assets/pedestrian_worker_a-evidence/independent-review/native-fixed-check.log
100644 blob aba075d710d235c536472ec4f97f016f8e093321	docs/assets/pedestrian_worker_a-evidence/independent-review/reexport.log
100644 blob 999337a1bc6ced078b06cd6d33c8f84f2c71e4d7	docs/assets/pedestrian_worker_a-evidence/independent-review/review.md
100644 blob 4583120328adc33649e287a2baccf5faa431ee4b	docs/assets/pedestrian_worker_a-evidence/motion.json
100644 blob 3bddc47310bffac2ce3e43692651fee5ee0fce3d	docs/assets/pedestrian_worker_a-evidence/motion.mp4
100644 blob 45c3fba15aa953ab84430ce6a98ecd83703b2b59	docs/assets/pedestrian_worker_a-evidence/overview.png
100644 blob ee41f47c8a09f482d22e1bd6f16ed964b530693e	docs/assets/pedestrian_worker_a-evidence/roundtrip.log
100644 blob 8f720375cd68dc9629ae5785ccf3d455ee8060b1	docs/assets/pedestrian_worker_a-evidence/source.json
100644 blob ed369b34be7bcc1e58fdb15e2e574d82ec38eff9	docs/assets/pedestrian_worker_a-evidence/unbound-author.log
100644 blob e69de29bb2d1d6434b8b29ae775ad8c2e48c5391	docs/assets/pistol_coral_stub-evidence/.gdignore
100644 blob 505d3f4307022ac6e6c0ec12b7dba5478b076ad3	docs/assets/pistol_coral_stub-evidence/blender-aperture.log
100644 blob f202671c12c5223ef27eaf3d91c2b0ed5b74c798	docs/assets/pistol_coral_stub-evidence/blender-author.log
100644 blob 067ff527faa40e8addb7092b2dcb34766ad9aa1f	docs/assets/pistol_coral_stub-evidence/blender-export-final.log
100644 blob c20cd51251f891c806cff844c1b34b0fcc043e1e	docs/assets/pistol_coral_stub-evidence/blender-freshness.log
100644 blob ad057ffe71e062d84e5b09cb97d6f72bcbb2d2c7	docs/assets/pistol_coral_stub-evidence/capture-camera-final.jsonl
100644 blob 05c1643a0656f0d11011c47a1943feae1b862b5d	docs/assets/pistol_coral_stub-evidence/capture-close-final.jsonl
100644 blob 911ae59251e28f0706f5a029fd3a02d3730fd39c	docs/assets/pistol_coral_stub-evidence/clean-check-final.log
100644 blob ee9d742c8ce9efa4d7ad1cfacd8d06b5a4c420cb	docs/assets/pistol_coral_stub-evidence/clean-import-final.log
100644 blob 87803be1e831edf77a8de3661aa387c0ab7ac1e8	docs/assets/pistol_coral_stub-evidence/close.png
100644 blob cbae1125197ba514eb4233eff21413466002890a	docs/assets/pistol_coral_stub-evidence/editor-prefab.jsonl
100644 blob 60049d3cb34f7a937f7723e1a5be84ad9adf8da4	docs/assets/pistol_coral_stub-evidence/editor-previews.jsonl
100644 blob a12b7747e9b4e76dcf438646470912d444a10ae6	docs/assets/pistol_coral_stub-evidence/editor-refresh-final.jsonl
100644 blob 9c79072614d62cf33c3e4833ba1c70df61b3c64b	docs/assets/pistol_coral_stub-evidence/editor-style-fix.jsonl
100644 blob 62ebb348b488f83df84f098ee2914c8a992670ea	docs/assets/pistol_coral_stub-evidence/fingerprints.json
100644 blob c5d60f480e9bb5b87583e9fcd9f6432cdb73df79	docs/assets/pistol_coral_stub-evidence/game_camera.png
100644 blob add98363f5cd36be2986713eff85105fbf0031ff	docs/assets/pistol_coral_stub-evidence/independent-blender-freshness.log
100644 blob e56dfa5e66da12ba628e8c9a6aef5f3c9a75a64b	docs/assets/pistol_coral_stub-evidence/independent-check-notes.log
100644 blob 31faef5c546e653a79023fe1459e1c6d4dcc02ce	docs/assets/pistol_coral_stub-evidence/independent-compile-check_asset.log
100644 blob 1e0d83786fc3a0bb60f7ca03c3e774d2aa5c17b0	docs/assets/pistol_coral_stub-evidence/independent-compile-editor_bridge.log
100644 blob 5441703cf30ceccc929e3ebf52014bd987435b87	docs/assets/pistol_coral_stub-evidence/independent-context.log
100644 blob 77d3b6cd42c0eaa55a5bed0188e1686681cfd6d6	docs/assets/pistol_coral_stub-evidence/independent-final-state.log
100644 blob 340d171998b722a017af2bff85b918651331e680	docs/assets/pistol_coral_stub-evidence/independent-fixture.log
100644 blob 0e35156964fa1064b4a8b2aca3871849144da584	docs/assets/pistol_coral_stub-evidence/independent-format.log
100644 blob e907f0b4f8ef9cbc16c0b942bbbe84aa5c268292	docs/assets/pistol_coral_stub-evidence/independent-glb.json
100644 blob 3ea3aab9b3ba233f827b860d10f891f13827db6f	docs/assets/pistol_coral_stub-evidence/independent-import-final.log
100644 blob dafc3eb23dbe6642485ec3068bdf0f5f6f243282	docs/assets/pistol_coral_stub-evidence/independent-import.log
100644 blob 103d0d16a503a3ff4954231ec2f651d54d8cf5af	docs/assets/pistol_coral_stub-evidence/independent-integrity.log
100644 blob d81254785fa9b16c727d160c82ae183c2219c0a2	docs/assets/pistol_coral_stub-evidence/independent-lint.log
100644 blob b0352bcd894304a852c8fb8b5bc87a0e65430a8b	docs/assets/pistol_coral_stub-evidence/independent-persisted.log
100644 blob d7c019f304dce80998c99af043e8f4c70d2451dd	docs/assets/pistol_coral_stub-evidence/independent-probes.log
100644 blob 108585243c6ceb1f510172389dcad47fa63cad91	docs/assets/pistol_coral_stub-evidence/independent-review.md
100644 blob 4f6081452c9d2037655c43db5230e27f113f8da6	docs/assets/pistol_coral_stub-evidence/independent-scope.log
100644 blob 0bbb59b2e90d79e853e017b7fc826bf63137a396	docs/assets/pistol_coral_stub-evidence/independent-source.log
100644 blob 3a11057ebc6cd59f7179be565e97aa1ba1b47aeb	docs/assets/pistol_coral_stub-evidence/preview-camera-final.log
100644 blob fd5775afd315ab5bb1bd2557dda34cb7d979a812	docs/assets/pistol_coral_stub-evidence/preview-close-final.log
100644 blob 454754021db90ab588cd43323a2d45e0e95e60d2	docs/assets/pistol_coral_stub.md
100644 blob 73c4dfc93906dd5a275013e799f915b8d6eaa229	docs/assets/player_character/README.md
100644 blob e69de29bb2d1d6434b8b29ae775ad8c2e48c5391	docs/assets/player_character/evidence/.gdignore
100644 blob 510e0eb575721eabd965bdc871b142984fe8e076	docs/assets/player_character/evidence/armed_close.log
100644 blob 76cc935cf03275bb4b8b7441c8cf15415b649315	docs/assets/player_character/evidence/armed_close.mp4
100644 blob 510e0eb575721eabd965bdc871b142984fe8e076	docs/assets/player_character/evidence/armed_game.log
100644 blob 6e7d0eceafeeffb4a826228d8e72b0f34d477424	docs/assets/player_character/evidence/armed_game.mp4
100644 blob e9e73a2078fc25563084166d35fbfce33d2695d6	docs/assets/player_character/evidence/asset_check.log
100644 blob 3971b32bef9d81c8f34880a5530cf57a6521a8e0	docs/assets/player_character/evidence/clean_import.log
100644 blob 8789e140eeacbce16e2f6b90b77bb97effa1ad32	docs/assets/player_character/evidence/coral_courier_reexport.log
100644 blob 8c781659ec93dfdbd5cf3d2eeb14788a4f2d8700	docs/assets/player_character/evidence/death_close.log
100644 blob c9bfda32517fc8c33b1098860fd502e8c53f3619	docs/assets/player_character/evidence/death_close.png
100644 blob c035d80d3a8514faa0466f2fe1a9fb452a6cfffe	docs/assets/player_character/evidence/death_game.log
100644 blob 6e528885bcc8436b77bddbd2abb07da405016a7c	docs/assets/player_character/evidence/death_game.png
100644 blob eae561cfb24ccbc42b4b9e7acbcdaeb30718f3b4	docs/assets/player_character/evidence/editor_roundtrip.log
100644 blob 4430fc8fafe484c8151c90039ebe758b2c839c50	docs/assets/player_character/evidence/gdstyle.log
100644 blob 08e948e1623c9b9d74716e23be12460cae91414b	docs/assets/player_character/evidence/idle_close.log
100644 blob 4ba6f9d50dc3f7749d5ac2611453f9ef32ad6b09	docs/assets/player_character/evidence/idle_close.png
100644 blob 34396c4ad7c44ba9a6eef73bdb5b8b50dbeec877	docs/assets/player_character/evidence/idle_game.log
100644 blob 6e103407b4d296b86204bb70dfa202598635611c	docs/assets/player_character/evidence/idle_game.png
100644 blob 8ac3b47d89aa0a14c06186ad33e88ed1be7f551b	docs/assets/player_character/evidence/independent-review/initial-review.md
100644 blob 89c1cef3d87c26d6e9bdb4686a083a58e577b531	docs/assets/player_character/evidence/launcher_hold_close.log
100644 blob afcc58575f0841ff7e8a33da7522ada67e4e1911	docs/assets/player_character/evidence/launcher_hold_close.png
100644 blob fc9f6aa3ca9cdcf973b522e7ac18ed2574f55001	docs/assets/player_character/evidence/launcher_hold_game.log
100644 blob 670b26ea96c6cd09171fcaa4449a324faa30b0cc	docs/assets/player_character/evidence/launcher_hold_game.png
100644 blob 7941cae1ee59c1569ce80df24d28f7704e481fd9	docs/assets/player_character/evidence/layered_close.log
100644 blob b1e98be982da32f9533ff7ff1699c9ee66206d00	docs/assets/player_character/evidence/layered_close.mp4
100644 blob 7941cae1ee59c1569ce80df24d28f7704e481fd9	docs/assets/player_character/evidence/layered_game.log
100644 blob 49c15697953381439e42df4c7fb1d88dbd871937	docs/assets/player_character/evidence/layered_game.mp4
100644 blob 3bdafb861aa2df894270d926fe48a9213429c245	docs/assets/player_character/evidence/motion_capture.log
100644 blob 9e6d44d10aad17f5865b8dbf1a4f77bcebe8ddbc	docs/assets/player_character/evidence/motion_review.mp4
100644 blob a2b35ee2ca9ddc7c5d515cb569772fd3013ca6fc	docs/assets/player_character/evidence/pistol_hold_close.log
100644 blob 6f1b6421d920adad7de690a9f0d5d6d32bca5313	docs/assets/player_character/evidence/pistol_hold_close.png
100644 blob 1e8b10445ff82c5bf8f72018ddc89044fdac68c4	docs/assets/player_character/evidence/pistol_hold_game.log
100644 blob 1d5ca9ff910573aef70bcca7378e215e8c572cc1	docs/assets/player_character/evidence/pistol_hold_game.png
100644 blob 8d63f6d42cb2f9835507ec708db5a7b610b33c12	docs/assets/player_character/evidence/rig_bind_check.log
100644 blob 4472968292f21fba461e7eef12281a25a07d6925	docs/assets/player_character/evidence/rig_checkpoint.json
100644 blob d7673541be30de977ce3ccbda22aba8541267893	docs/assets/player_character/evidence/rig_final_check.log
100644 blob 14d157c3ba953079a767c98957921f126f98614b	docs/assets/player_character/evidence/rig_reexport.log
100644 blob cf1da9b2ba0a1e1936bcd9148f5a0d62163c9e90	docs/assets/player_character/evidence/run_close.log
100644 blob 605d13d91758c25e2840d7f1e8984bf53759e4a0	docs/assets/player_character/evidence/run_close.png
100644 blob 2445a624ed60f5381c9c7a8181db92ae9efa7f63	docs/assets/player_character/evidence/run_game.log
100644 blob de149c02634ac18aff707a3eee2f94df89365f09	docs/assets/player_character/evidence/run_game.png
100644 blob 47d729749ae82c72456b233385e55e895737e38d	docs/assets/player_character/evidence/shared_humanoid_player_motion_v1_reexport.log
100644 blob 71fa6f4b60a4fddc0da235ff6ac1be34daa31cad	docs/assets/player_character/evidence/smg_hold_close.log
100644 blob f2d2a863f03abf35e863d09dcb9da642154e98f4	docs/assets/player_character/evidence/smg_hold_close.png
100644 blob 50e814823e6bf5b3b1a814b61da8dbe589c9fe58	docs/assets/player_character/evidence/smg_hold_game.log
100644 blob 0b1e247d5136dae6af60fcdb3d39b490969cf19b	docs/assets/player_character/evidence/smg_hold_game.png
100644 blob 7054cf8a0a955d35b69767aea85e776919e8ef0a	docs/assets/player_character/evidence/source_audit.json
100644 blob 4492ab103abea93e0de6066511312685c9ca0c8e	docs/assets/player_character/evidence/source_audit.log
100644 blob db27077f2a90cd23509eccb57e97ac967ecf9013	docs/assets/player_character/evidence/source_freshness.json
100644 blob 4430fc8fafe484c8151c90039ebe758b2c839c50	docs/assets/player_character/evidence/style.log
100644 blob 21cf2577dda4adbf66f36bef26a7ab38353a5e8b	docs/assets/player_character/evidence/verification.json
100644 blob 50566a1abf9dc954c506af99aa661cb7e2ba174f	docs/assets/player_character/evidence/weapon_contacts.json
100644 blob 76f0eee4fe365e28dd5ede9ce26cd6bfbf91fabe	docs/assets/player_character/evidence/weapon_contacts.log
100644 blob 6ed660ff9d80932551b01161ed474bdd9942dd2b	docs/assets/player_character/evidence/weapon_dependencies.json
100644 blob 07648e4a9e52351d7b8b36cfa771b3875db99242	docs/assets/player_character/gallery.html
100644 blob e69de29bb2d1d6434b8b29ae775ad8c2e48c5391	docs/assets/production/.gdignore
100644 blob e995e3daf0c4c071fbcde5894c898b71c3ad84eb	docs/assets/production/batch_01-evidence/calibration/execution.json
100644 blob c02a08881932488e58753f009fa480a8a75d2141	docs/assets/production/batch_01-evidence/calibration/five-source-metre-comparison.blend
100644 blob cf56b923b16a50bb9ec854b0bb78f661ee24b7c0	docs/assets/production/batch_01-evidence/calibration/five-source-metre-comparison.png
100644 blob b56acbd1e119bcfc4d4c048a350645e5846c9f90	docs/assets/production/batch_01-evidence/calibration/measurements.json
100644 blob 4bb1d3d5698eecad942054f73fcc6addb8bf3f40	docs/assets/production/batch_01-evidence/calibration/stderr.log
100644 blob 42e458198a530245f60828527587515d635fce6c	docs/assets/production/batch_01-evidence/calibration/stdout.log
100644 blob e250738274bca3f82ec4e63356c87b285986883a	docs/assets/production/batch_01-evidence/city_planting_01-retention-manifest.json
100644 blob 5bbc979cb03996238f2b42c06ad7dfa388d53b28	docs/assets/production/batch_01-evidence/gameplay.png
100644 blob c5c228d98103beb77a87c28512868bad464c3938	docs/assets/production/batch_01-evidence/integration-artifact-index.json
100644 blob 2174add10484bddeef7c0a5a3a207913b2bfaf09	docs/assets/production/batch_01-evidence/mounting-close.png
100644 blob 22186155e8306e2bd2acb83803cccaf37b4ba174	docs/assets/production/batch_01-evidence/repetition.png
100644 blob 16ddff40b071f983703f4f5a60fb78f96ea225d6	docs/assets/production/batch_01-evidence/source-readback.json
100644 blob e69de29bb2d1d6434b8b29ae775ad8c2e48c5391	docs/assets/production/batch_01-evidence/source-whitespace-check.stderr.log
100644 blob 0726a8cde04a64e509487a3eb09169ddc7204185	docs/assets/production/batch_01-evidence/source-whitespace-check.stdout.log
100644 blob 7fb1f2b5765f49b4c47b8d2dd727ebcf3f6a5633	docs/assets/production/batch_01-evidence/transport/batch-build-helper-requests.json
100644 blob 2c47145fcc926b638d6f21c28814a82dc58e120d	docs/assets/production/batch_01-evidence/transport/batch-build-helper-results.jsonl
100644 blob 64a769f31933a02e059a2e6662fbec52f0b04775	docs/assets/production/batch_01-evidence/transport/batch-camera-requests.json
100644 blob 76408e18d927216a8ea362aa5c974e8a51ca44fb	docs/assets/production/batch_01-evidence/transport/batch-camera-results.jsonl
100644 blob 0f77e46f5441a89ebfa4b7c54c51ad1887c26b37	docs/assets/production/batch_01-evidence/transport/batch-close-capture-requests.json
100644 blob df950d49259e296fc961ecc17481ef8abc2c09fa	docs/assets/production/batch_01-evidence/transport/batch-close-capture-results.jsonl
100644 blob e69de29bb2d1d6434b8b29ae775ad8c2e48c5391	docs/assets/production/batch_01-evidence/transport/batch-close-capture.stderr.log
100644 blob 22096e6536eee1ba0607c5c686df2058200e48bb	docs/assets/production/batch_01-evidence/transport/batch-close-requests.json
100644 blob cffda9990fe087732122b4f963099401b5231081	docs/assets/production/batch_01-evidence/transport/batch-close-results.jsonl
100644 blob e69de29bb2d1d6434b8b29ae775ad8c2e48c5391	docs/assets/production/batch_01-evidence/transport/batch-close.stderr.log
100644 blob f91185789db4e4c91c42d084e6689870f5db8ffa	docs/assets/production/batch_01-evidence/transport/batch-context-results.jsonl
100644 blob 32605ca556f43bcb2dc1994fdd1b52b33c0e2c61	docs/assets/production/batch_01-evidence/transport/batch-final-audit-requests.json
100644 blob 5bcc13f9a6e2646f05ac11f2dd20a5609f67c92e	docs/assets/production/batch_01-evidence/transport/batch-final-audit-results.jsonl
100644 blob e69de29bb2d1d6434b8b29ae775ad8c2e48c5391	docs/assets/production/batch_01-evidence/transport/batch-final-audit.stderr.log
100644 blob 52f6b6cb4ba2ff960630b4901cd22a040f4cc36b	docs/assets/production/batch_01-evidence/transport/batch-final-helper-requests.json
100644 blob 20741f46050fea8a9b4ad98c3a41b2052f6cf5d0	docs/assets/production/batch_01-evidence/transport/batch-final-helper-results.jsonl
100644 blob e69de29bb2d1d6434b8b29ae775ad8c2e48c5391	docs/assets/production/batch_01-evidence/transport/batch-final-helper.stderr.log
100644 blob 01205048f773d7ce05400904af691e368ef934d4	docs/assets/production/batch_01-evidence/transport/batch-final-probe-results.jsonl
100644 blob e69de29bb2d1d6434b8b29ae775ad8c2e48c5391	docs/assets/production/batch_01-evidence/transport/batch-final-probe.stderr.log
100644 blob 7e1e456ce7027b9b5bd9c06b9c8249461565a99f	docs/assets/production/batch_01-evidence/transport/batch-final-run-requests.json
100644 blob 0e59b07a40fbb0d37cc2d57f4bddd04142c00dc3	docs/assets/production/batch_01-evidence/transport/batch-final-run-results.jsonl
100644 blob e69de29bb2d1d6434b8b29ae775ad8c2e48c5391	docs/assets/production/batch_01-evidence/transport/batch-final-run.stderr.log
100644 blob 906f8b258bd0d5f37463bb0ec72506784e73c2c5	docs/assets/production/batch_01-evidence/transport/batch-final-styled-probe-results.jsonl
100644 blob e69de29bb2d1d6434b8b29ae775ad8c2e48c5391	docs/assets/production/batch_01-evidence/transport/batch-final-styled-probe.stderr.log
100644 blob e69de29bb2d1d6434b8b29ae775ad8c2e48c5391	docs/assets/production/batch_01-evidence/transport/batch-gdstyle-final.stderr.log
100644 blob f10d09e64c5b7252dc92b9c7dd7895e3c864a7c5	docs/assets/production/batch_01-evidence/transport/batch-gdstyle-final.stdout.log
100644 blob 94e3bd447ad7772296a5be23034f8b311d5311a6	docs/assets/production/batch_01-evidence/transport/batch-gdstyle.stderr.log
100644 blob cd8bb08cb83eab9ae4f6a0d5da7d325dc06bb20e	docs/assets/production/batch_01-evidence/transport/batch-gdstyle.stdout.log
100644 blob d8aa4da74c63c56438406d5a4b48ccd5c51f9b2e	docs/assets/production/batch_01-evidence/transport/batch-helper-style-requests.json
100644 blob b60ff96737937f5097a861448a4d310f3a88c4ff	docs/assets/production/batch_01-evidence/transport/batch-helper-style-results.jsonl
100644 blob e69de29bb2d1d6434b8b29ae775ad8c2e48c5391	docs/assets/production/batch_01-evidence/transport/batch-helper-style.stderr.log
100644 blob 0dfceaab0faaa4e7e6a7fc75fc16dadfc1db9959	docs/assets/production/batch_01-evidence/transport/batch-import-execution.json
100644 blob 8d26d53df70eed190ec855ed5b5147b8c77dccb8	docs/assets/production/batch_01-evidence/transport/batch-import.stderr.log
100644 blob ffabcf6dcb36b484e7792e09dc501d7e421709d8	docs/assets/production/batch_01-evidence/transport/batch-import.stdout.log
100644 blob 66b5097a30e0bafb4a369151954c67f108883637	docs/assets/production/batch_01-evidence/transport/batch-last-style-requests.json
100644 blob 866a20aadeac4d9f9925ed0ab1f5d92cb651a441	docs/assets/production/batch_01-evidence/transport/batch-last-style-results.jsonl
100644 blob e69de29bb2d1d6434b8b29ae775ad8c2e48c5391	docs/assets/production/batch_01-evidence/transport/batch-last-style.stderr.log
100644 blob e804325e47d913bc1d8480c91e8033f3c9eba5be	docs/assets/production/batch_01-evidence/transport/batch-motion-helper-requests.json
100644 blob c18b74daf2aee44a0550af074130052ac7e60a9a	docs/assets/production/batch_01-evidence/transport/batch-motion-helper-results.jsonl
100644 blob e69de29bb2d1d6434b8b29ae775ad8c2e48c5391	docs/assets/production/batch_01-evidence/transport/batch-motion-helper.stderr.log
100644 blob 03af3ace135d0defc46635254f38b86140367d9e	docs/assets/production/batch_01-evidence/transport/batch-prefabs-recovery-requests.json
100644 blob f76c11ef736d16c3d2297b516e27e25913a21994	docs/assets/production/batch_01-evidence/transport/batch-prefabs-recovery-results.jsonl
100644 blob e69de29bb2d1d6434b8b29ae775ad8c2e48c5391	docs/assets/production/batch_01-evidence/transport/batch-prefabs-recovery.stderr.log
100644 blob e49f8178cb6da5586c216c181cc30e11a6a27697	docs/assets/production/batch_01-evidence/transport/batch-prefabs-requests.json
100644 blob a29af8de88d268f9a4bebc93711e283516e6af94	docs/assets/production/batch_01-evidence/transport/batch-prefabs-results.jsonl
100644 blob f8b7988a88e04dbd4384e1312129197847969652	docs/assets/production/batch_01-evidence/transport/batch-probe-corrected-requests.json
100644 blob 929f09bf45643695d37aada37a69f3e475dd9eef	docs/assets/production/batch_01-evidence/transport/batch-probe-corrected-results.jsonl
100644 blob e69de29bb2d1d6434b8b29ae775ad8c2e48c5391	docs/assets/production/batch_01-evidence/transport/batch-probe-corrected.stderr.log
100644 blob b2f28bc6bdb9067d71a1c5c99692c73923a46fd3	docs/assets/production/batch_01-evidence/transport/batch-probe-requests.json
100644 blob 2eca4de119e6e2fbfd2dfd9b106538b72fcb9293	docs/assets/production/batch_01-evidence/transport/batch-probe-results.jsonl
100644 blob b51b5c5fa0fbc3cc64c93e28513fc61a2de4080b	docs/assets/production/batch_01-evidence/transport/batch-probe.stderr.log
100644 blob 181266fa97ad3f8cf424e0ac033176a447ecab1f	docs/assets/production/batch_01-evidence/transport/batch-quiescent-requests.json
100644 blob b587e5eee51a694024ac290875f6c431ae142fe5	docs/assets/production/batch_01-evidence/transport/batch-quiescent-results.jsonl
100644 blob e69de29bb2d1d6434b8b29ae775ad8c2e48c5391	docs/assets/production/batch_01-evidence/transport/batch-quiescent.stderr.log
100644 blob 024ae1418e8ca1531db116cd3aff9a129ef6a7e6	docs/assets/production/batch_01-evidence/transport/batch-repeat-probe-requests.json
100644 blob dcf4ee936465789cd7666d2acb38b88fe6026849	docs/assets/production/batch_01-evidence/transport/batch-repeat-probe-results.jsonl
100644 blob e69de29bb2d1d6434b8b29ae775ad8c2e48c5391	docs/assets/production/batch_01-evidence/transport/batch-repeat-probe.stderr.log
100644 blob 110095d23a3dd42d9336732fba0ba562852d5762	docs/assets/production/batch_01-evidence/transport/batch-repeat-requests.json
100644 blob 184033ca48d61d2260d866827e798c83a7e89c98	docs/assets/production/batch_01-evidence/transport/batch-repeat-results.jsonl
100644 blob e69de29bb2d1d6434b8b29ae775ad8c2e48c5391	docs/assets/production/batch_01-evidence/transport/batch-repeat.stderr.log
100644 blob e9417e788a1d38164e196c6919360ea8dd49a6f3	docs/assets/production/batch_01-evidence/transport/batch-run-requests.json
100644 blob ab780110fa2ce1f5f114def686034ec9b1e03884	docs/assets/production/batch_01-evidence/transport/batch-run-results.jsonl
100644 blob e69de29bb2d1d6434b8b29ae775ad8c2e48c5391	docs/assets/production/batch_01-evidence/transport/batch-run.stderr.log
100644 blob 3e9fc75ff7cca844c575e79fb1d1a75be1bbad29	docs/assets/production/batch_01-evidence/transport/batch-runtime-start-offset.json
100644 blob 6f80c0e55079c39835055dd216ba244cbaa7877f	docs/assets/production/batch_01-evidence/transport/batch-shutdown-requests.json
100644 blob f5a9aca6c275950e2e393b3a00e85f5b37d94f6b	docs/assets/production/batch_01-evidence/transport/batch-shutdown-results.jsonl
100644 blob e69de29bb2d1d6434b8b29ae775ad8c2e48c5391	docs/assets/production/batch_01-evidence/transport/batch-shutdown.stderr.log
100644 blob c9b595611cf24e95f6952700731cf3ac6aa58dcc	docs/assets/production/batch_01-evidence/transport/batch-source-paths.json
100644 blob 2b1895912cc71a233a4e757b09c132ed47641e1f	docs/assets/production/batch_01-evidence/transport/batch-stop-requests.json
100644 blob bb3fb1ffc56aecb1e3c98202fc7dafda357dc093	docs/assets/production/batch_01-evidence/transport/batch-stop-results.jsonl
100644 blob e69de29bb2d1d6434b8b29ae775ad8c2e48c5391	docs/assets/production/batch_01-evidence/transport/batch-stop.stderr.log
100644 blob 13ca8a7c5543db06c6d3f78b9f4ca8d0645e0a46	docs/assets/production/batch_01-evidence/transport/batch-style-last-requests.json
100644 blob 2ebed2dd8b65f865980b305b263f33dc02e757af	docs/assets/production/batch_01-evidence/transport/batch-style-last-results.jsonl
100644 blob e69de29bb2d1d6434b8b29ae775ad8c2e48c5391	docs/assets/production/batch_01-evidence/transport/batch-style-last.stderr.log
100644 blob 5d4b489d05d8939544727033d2441cc1229271c8	docs/assets/production/batch_01-evidence/transport/batch-style-requests.json
100644 blob 26cd15fabbddad4df9989bf76d3e9df4aed85a03	docs/assets/production/batch_01-evidence/transport/batch-style-results.jsonl
100644 blob e69de29bb2d1d6434b8b29ae775ad8c2e48c5391	docs/assets/production/batch_01-evidence/transport/batch-style.stderr.log
100644 blob 05b803f4798069b9f2a62a10a58f85828aeb789e	docs/assets/production/batch_01-evidence/transport/batch-uid-corrected-requests.json
100644 blob d2980529c768e888464bbe2493a537ae0aa93eb8	docs/assets/production/batch_01-evidence/transport/batch-uid-corrected-results.jsonl
100644 blob de35baa3f3dc4dd266f8e3b55bd73767325f46e0	docs/assets/production/batch_01-evidence/transport/batch-uid-requests.json
100644 blob bad43e4d35931407c17431f13d58e3a3e6c8f0c2	docs/assets/production/batch_01-evidence/transport/batch-uid-results.jsonl
100644 blob a3822bb9d218d9e3df88f980dd5f11698bdc503c	docs/assets/production/batch_01-evidence/transport/editor-restarted.log
100644 blob fda113203189a66366936d3be233bd083d7e3f45	docs/assets/production/batch_01-evidence/transport/editor.log
100644 blob 89227f92e741661d5e6cc204605ef663f576ddbe	docs/assets/production/batch_01-evidence/transport/final-before-roundtrip.json
100644 blob a4a66e7211c4e43d8de851ac179110c7a70e54ba	docs/assets/production/batch_01-evidence/transport/final-log-offset.json
100644 blob 31bc06a039b54ccbe017e36ec9e8c07693785026	docs/assets/production/batch_01-evidence/transport/launch-before-batch-restart.json
100644 blob 60efc3cd6f77f8d1b79af775ed0c7b158f16e58d	docs/assets/production/batch_01-evidence/transport/launch.json
100644 blob fe51488c7066f6687ef680d6bfaa4f7768ef205c	docs/assets/production/batch_01-evidence/uid-cache-after-scan.json
100644 blob 46d523aa3b1504a24da79c772df7e0808f89f891	docs/assets/production/batch_01-evidence/validation-summary.json
100644 blob e69de29bb2d1d6434b8b29ae775ad8c2e48c5391	docs/assets/production/batch_01-evidence/verification.stderr.log
100644 blob 46d523aa3b1504a24da79c772df7e0808f89f891	docs/assets/production/batch_01-evidence/verification.stdout.log
100644 blob c6f557549cb7426e8813357721db9edb826757ae	docs/assets/production/batch_01-integration.md
100644 blob 2a2d339c3b9179d102f921b12e710baa31743b3f	docs/assets/production/city_lights_01-evidence/author.log
100644 blob e1c2c8f34c548fb0721141540e361494e49148c5	docs/assets/production/city_lights_01-evidence/author_initial.log
100644 blob 8f70ac4b5f20276f5374b289cc753f4883d882c1	docs/assets/production/city_lights_01-evidence/commands.json
100644 blob ccefa7ee491f16956da69a67dab28e154e1c6aa8	docs/assets/production/city_lights_01-evidence/hero.png
100644 blob 33d100a2525235bd057abc9a3030b34e7a9ab932	docs/assets/production/city_lights_01-evidence/hero.png.import
100644 blob da262c9b573a0a5e34286fe5ecf08cb33300e04f	docs/assets/production/city_lights_01-evidence/lens_detail.png
100644 blob 2937e5215fb0c39c3886a4905e8ec8cf5b75fc56	docs/assets/production/city_lights_01-evidence/lens_detail.png.import
100644 blob 4d0cfa885a97f1c49ae2747eb5fb8ae66f6a83f0	docs/assets/production/city_lights_01-evidence/manifest.json
100644 blob 1339188b4675644d9d9330e53fb034264dcfbd00	docs/assets/production/city_lights_01-evidence/overhead_47m_42deg.png
100644 blob c3e29da560bfa7aff2d54bd8bf3d6b3ccca0f57b	docs/assets/production/city_lights_01-evidence/overhead_47m_42deg.png.import
100644 blob c3e4dd703b5a30665109d984e233c9bcca4ed46f	docs/assets/production/city_lights_01-evidence/pre_cleanup_author.log
100644 blob 7b6d7f1f2f48ffba7a62460b7cdbc907eee14bf8	docs/assets/production/city_lights_01-evidence/pre_cleanup_hero.png
100644 blob edc27ec495423df494bd1be69caa7d4dd263aca8	docs/assets/production/city_lights_01-evidence/pre_cleanup_lens_detail.png
100644 blob 940091cdae0db20750fb06ff9012022c7317b62e	docs/assets/production/city_lights_01-evidence/pre_cleanup_validation.json
100644 blob 1e9d496d216fd41ad54e539244c3ff0a9f6cc8d6	docs/assets/production/city_lights_01-evidence/pre_cleanup_validation.log
100644 blob 7d1332c99d6d0600d892510f0d58c9bb556ca7c5	docs/assets/production/city_lights_01-evidence/reexport.log
100644 blob b31859afaa4e05ce4ba4f6dfe2eee7f095a340e4	docs/assets/production/city_lights_01-evidence/reproducibility.json
100644 blob 8730a4851dabc0207542a2599ff0c7e3b9859775	docs/assets/production/city_lights_01-evidence/side.png
100644 blob f0eeb449015ca3d37d8205cba8cafbc5da7b971d	docs/assets/production/city_lights_01-evidence/side.png.import
100644 blob b8ccd63c13de2cfa45c825486dc6046c5cee900c	docs/assets/production/city_lights_01-evidence/validation.json
100644 blob 0d5e2801ff6e1d863760bdcd06201d25f4942ab3	docs/assets/production/city_lights_01-evidence/validation.log
100644 blob 2aa7255decb1ebe6939fb2d188173b16e13bd724	docs/assets/production/city_lights_01-evidence/validation_final.log
100644 blob bb35b9cce35009364e2eeab402181ee8f8bfd50f	docs/assets/production/city_lights_01-evidence/validation_initial.log
100644 blob 0ac6ffbd9c31362092327261c1ee3adf19b3fc5c	docs/assets/production/city_lights_01.md
100644 blob c1441f2a0142eec24ede0744eea3b3036b17904b	docs/assets/production/city_lights_02-evidence/author.log
100644 blob 5e01f7c0dd3a2e68be8bfa853e1da08bc99dcc29	docs/assets/production/city_lights_02-evidence/author_initial_failure.log
100644 blob cfbde3a044bad3dd939fad30812bc563ca00c40b	docs/assets/production/city_lights_02-evidence/cool_three_quarter.png
100644 blob 5b3ec0b49dcd1182a9d778fe59a0aa61b7209afa	docs/assets/production/city_lights_02-evidence/cool_three_quarter.png.import
100644 blob 7caa5d9af885b70bd525081723d2799c32b5b40f	docs/assets/production/city_lights_02-evidence/execution.json
100644 blob 0e514660e1cb9a3b2780daad183b4d7c871aac49	docs/assets/production/city_lights_02-evidence/glb_checks.json
100644 blob 0e514660e1cb9a3b2780daad183b4d7c871aac49	docs/assets/production/city_lights_02-evidence/glb_checks.log
100644 blob 31775b2d386933d0373f05c1634d2e7c1068900f	docs/assets/production/city_lights_02-evidence/head_detail.png
100644 blob 7a61d1e6ec87c33987720ef2b7baa4173512e2b7	docs/assets/production/city_lights_02-evidence/head_detail.png.import
100644 blob df2c9f6047061f5a601bca216a5b201925a9a5bd	docs/assets/production/city_lights_02-evidence/initial_export_checks.json
100644 blob 7f5885b7166910fc5c327971851519aa8e2af447	docs/assets/production/city_lights_02-evidence/initial_failed_source.blend.gz
100644 blob 9207092bb1de3d044df0d80db77d06fc7e15908b	docs/assets/production/city_lights_02-evidence/manifest.json
100644 blob 3ff8fb57560e32093bf024424cc386300d13789a	docs/assets/production/city_lights_02-evidence/reexport.log
100644 blob 47ebf4cc56b283292077d55474dbdfa7b0ce9ef3	docs/assets/production/city_lights_02-evidence/reexport_comparison.json
100644 blob df2c9f6047061f5a601bca216a5b201925a9a5bd	docs/assets/production/city_lights_02-evidence/source_export_checks.json
100644 blob d5a59b5b131f83921d820a29b6dcba50a3b679b0	docs/assets/production/city_lights_02-evidence/warm_three_quarter.png
100644 blob 746bbb3b190792582404477555ce1f7d81d17787	docs/assets/production/city_lights_02-evidence/warm_three_quarter.png.import
100644 blob ee58ec5e07e52530924e914b7f39ec93b3a519d4	docs/assets/production/city_lights_02.md
100644 blob ceb4e6288b1212eac3dec82449d8b767822d57fe	docs/assets/production/city_lights_04-evidence/author_final.log
100644 blob d4dd7d37c84fff7716b177f5b9ce098ba36690b2	docs/assets/production/city_lights_04-evidence/detail_underside.png
100644 blob ed73a5328d2beb026361d4c2179e21a449e2804a	docs/assets/production/city_lights_04-evidence/execution.json
100644 blob 468e63d86800f843615321056eb302bf30e841ab	docs/assets/production/city_lights_04-evidence/final_payload_check.log
100644 blob 93dd64c5c9255c1c2c0fcd12b4b92a37dc841063	docs/assets/production/city_lights_04-evidence/glb_checks.json
100644 blob 0512b4aa056e50df92eeaa711ce97537f0496248	docs/assets/production/city_lights_04-evidence/hero_cool.png
100644 blob 72db7433a42c9e976c0a9988e834b638344b1aaf	docs/assets/production/city_lights_04-evidence/hero_warm.png
100644 blob e6ae91fbb8e5782d14245a47841829ecc696b712	docs/assets/production/city_lights_04-evidence/initial_author.log
100644 blob 741d9ff7ef65ccfe71739f0317eaded085477f72	docs/assets/production/city_lights_04-evidence/initial_detail_underside.png
100644 blob 6de88af5cf0bb825302ffb62bccb656518eed488	docs/assets/production/city_lights_04-evidence/initial_glb_check.log
100644 blob fb6394735458943ea4fbac14b6d48303c83f154b	docs/assets/production/city_lights_04-evidence/initial_glb_checks.json
100644 blob 4a5cba3dc87cecd656915d4c1bf131998a5f2dde	docs/assets/production/city_lights_04-evidence/initial_hero_cool.png
100644 blob ded629f89f4dc81038b14fccf3a3f7a90dddbbf7	docs/assets/production/city_lights_04-evidence/initial_hero_warm.png
100644 blob aa3a47c47c23cade0e5eeff2eed133e663527ec4	docs/assets/production/city_lights_04-evidence/initial_source_checks.json
100644 blob 81fe9a1240c9e50e889794834b0beda1a5c30f40	docs/assets/production/city_lights_04-evidence/initial_vertical_down_47m_42deg.png
100644 blob f59912d63d22924ee29d0236497f1ac202bfd4a3	docs/assets/production/city_lights_04-evidence/initial_vertical_down_detail.png
100644 blob 1a9a846bee6eac00e7e5b9559c0cb9d41417a9be	docs/assets/production/city_lights_04-evidence/initial_visual_failure.zip
100644 blob aaf2927ed986e077d6408c821b8b6921347320c1	docs/assets/production/city_lights_04-evidence/manifest.json
100644 blob cf1a12d047559dfbad2a0378a5ef0f8884fff37b	docs/assets/production/city_lights_04-evidence/reexport.log
100644 blob 6922afcea82e1c42339541757b9cf28076a82d08	docs/assets/production/city_lights_04-evidence/reexport/city_lights_04_cool.glb
100644 blob da50ae4928a960129ee615f81e898c6978800fb9	docs/assets/production/city_lights_04-evidence/reexport/city_lights_04_warm.glb
100644 blob 983ed7565ba4107470450782685ed7de051f00e5	docs/assets/production/city_lights_04-evidence/reexport_source_checks.json
100644 blob 02400438efd4a0439dac2cc35cdd8e35c22bbb0e	docs/assets/production/city_lights_04-evidence/reproducibility.json
100644 blob e2328250c05eca90a25de51a0f0c5e2a84be6c2f	docs/assets/production/city_lights_04-evidence/source_checks.json
100644 blob 860881afdbe57312eae96f810af2531700ba6cc6	docs/assets/production/city_lights_04-evidence/tool_help.log
100644 blob 3508f87ed345a256158a1160c82e88cc3986b4d7	docs/assets/production/city_lights_04-evidence/tool_version.log
100644 blob 26fefe0159ba76b23e3c43565b8a391759a4fb57	docs/assets/production/city_lights_04-evidence/vertical_down_47m_42deg.png
100644 blob e837c534d953a53f18b71db3173f3c3dfdd035c1	docs/assets/production/city_lights_04-evidence/vertical_down_detail.png
100644 blob c2cbff08597d49655be50b8c05fbd48e45e60d10	docs/assets/production/city_lights_04.md
100644 blob 573541ac9702dd3969c9bc859d2b91ec1f7e6e56	docs/assets/production/city_planting_01-evidence/author.exit
100644 blob 8e1c0a8095727082f5dd2d6f1b596bf5532c4649	docs/assets/production/city_planting_01-evidence/author.log
100644 blob 573541ac9702dd3969c9bc859d2b91ec1f7e6e56	docs/assets/production/city_planting_01-evidence/camera_check.exit
100644 blob f8c33863d13955fee7dab574c20e831cb129ab54	docs/assets/production/city_planting_01-evidence/camera_check.log
100644 blob 67698c629e3dd41bde8057715bcb3832d54ea44f	docs/assets/production/city_planting_01-evidence/camera_checks.json
100644 blob 573541ac9702dd3969c9bc859d2b91ec1f7e6e56	docs/assets/production/city_planting_01-evidence/export.exit
100644 blob 8529cd15df9a82ee2caced52d225908f5d82107e	docs/assets/production/city_planting_01-evidence/export.log
100644 blob 573541ac9702dd3969c9bc859d2b91ec1f7e6e56	docs/assets/production/city_planting_01-evidence/glb_check.exit
100644 blob a0118e97e5507f1fa4d39c60fca4d483b3ca7523	docs/assets/production/city_planting_01-evidence/glb_check.log
100644 blob a0118e97e5507f1fa4d39c60fca4d483b3ca7523	docs/assets/production/city_planting_01-evidence/glb_checks.json
100644 blob 233381a7b00454805bef75c762eeb0a4a0bc86dd	docs/assets/production/city_planting_01-evidence/hero.png
100644 blob 35910e0ca8c9a4056719fbcc142147fce0570863	docs/assets/production/city_planting_01-evidence/project_camera_reference.png
100644 blob 573541ac9702dd3969c9bc859d2b91ec1f7e6e56	docs/assets/production/city_planting_01-evidence/reexport.exit
100644 blob 868e626c7e22174b45947159f755b7bd719097dc	docs/assets/production/city_planting_01-evidence/reexport.log
100644 blob 1c596e25392e8acd08d671b27b588aa8142cc15b	docs/assets/production/city_planting_01-evidence/reexport_checks.json
100644 blob a5eb4525c621055b7c467df0960383abb5efd92a	docs/assets/production/city_planting_01-evidence/reexport_comparison.json
100644 blob 1c596e25392e8acd08d671b27b588aa8142cc15b	docs/assets/production/city_planting_01-evidence/source_export_checks.json
100644 blob 9b0cccd4013241573b68ff0141d8638dd1cfae76	docs/assets/production/city_planting_01.md
100644 blob 579e74f258dc2cb029d858a0f40056c01f893784	docs/assets/production/city_planting_02-evidence/author.log
100644 blob e99c3dd5f6545d7a186cbf38797ff9012680b8e2	docs/assets/production/city_planting_02-evidence/check_glb.log
100644 blob 80659f4b172d891cbf54dad14f23f9d349445c39	docs/assets/production/city_planting_02-evidence/commands.json
100644 blob d49da73b55f9374aeadb78da09388ae65a79b9ea	docs/assets/production/city_planting_02-evidence/export.log
100644 blob e99c3dd5f6545d7a186cbf38797ff9012680b8e2	docs/assets/production/city_planting_02-evidence/glb_checks.json
100644 blob e52acace515ac23430ee912835da7209beb75c4b	docs/assets/production/city_planting_02-evidence/hero.png
100644 blob c78b3332b76e7db6d94e304e326ac0414aea1249	docs/assets/production/city_planting_02-evidence/manifest.json
100644 blob 7c50b672b4794fcdc18a3f0d623e690dc500046e	docs/assets/production/city_planting_02-evidence/project_camera_reference.png
100644 blob c6ce3b09527b5be67f8aa4ef0817d0a7a2b6bfdf	docs/assets/production/city_planting_02-evidence/reexport.glb
100644 blob 9293ed85e016e8dd1570355e204cee2f9b5ab42c	docs/assets/production/city_planting_02-evidence/reexport.log
100644 blob 9f3ee6a7035d4cab875f6ce5422e6358336bf3cc	docs/assets/production/city_planting_02-evidence/reexport_checks.json
100644 blob b94b82b79f250fc7db8a4c0115b5918c35349edf	docs/assets/production/city_planting_02-evidence/reexport_comparison.json
100644 blob 9f3ee6a7035d4cab875f6ce5422e6358336bf3cc	docs/assets/production/city_planting_02-evidence/source_export_checks.json
100644 blob 695c63fe48cab8ec8f6080d1e9766b6346926955	docs/assets/production/city_planting_02-evidence/version.log
100644 blob bb92bedab8ca3f956782cfb72cc6a2284f6e75a4	docs/assets/production/city_planting_02.md
100644 blob d29d0fcccbc37db2244ca5583039548535390e8e	docs/assets/production/city_sign_supports_01-evidence/author_01.log
100644 blob 13e7dd7ec3d8143dc4fd6c9a396a890ebf436d01	docs/assets/production/city_sign_supports_01-evidence/author_01_failed.blend
100644 blob 1a7de0c953fb459fb876bf0609cf1b3e27ea1b86	docs/assets/production/city_sign_supports_01-evidence/author_01_failed.py
100644 blob 12a4074dbe9f10b21986de3e19b6c71d39ec14a1	docs/assets/production/city_sign_supports_01-evidence/author_02.log
100644 blob 860881afdbe57312eae96f810af2531700ba6cc6	docs/assets/production/city_sign_supports_01-evidence/blender_help.log
100644 blob 3508f87ed345a256158a1160c82e88cc3986b4d7	docs/assets/production/city_sign_supports_01-evidence/blender_version.log
100644 blob 25d50fe9dd2f8e64232cf20fcbdab027a3cbcd9c	docs/assets/production/city_sign_supports_01-evidence/check_glb_01_failed.py
100644 blob e1d553fbc9823b8b962bcfcbf5731862416717f9	docs/assets/production/city_sign_supports_01-evidence/detail.png
100644 blob c2f483212c18351ee84ae8a9e736df0061096cba	docs/assets/production/city_sign_supports_01-evidence/diagnostic_01.log
100644 blob f99dcc8833397631e8291a03ed340aa76c95b861	docs/assets/production/city_sign_supports_01-evidence/execution.json
100644 blob ae73b9b59da87914dffbd971aa5978e7f96e2c9c	docs/assets/production/city_sign_supports_01-evidence/final_audit.json
100644 blob 8813fb6e207a10c28464b58db0e584e88a938235	docs/assets/production/city_sign_supports_01-evidence/final_audit_01.log
100644 blob 688a384930514c91cd882731800235c79cf1b346	docs/assets/production/city_sign_supports_01-evidence/gameplay_down.png
100644 blob 8fee018b5e7feb7343ae16daff210088457cb5d5	docs/assets/production/city_sign_supports_01-evidence/glb_checks.json
100644 blob 5ed309b32969e0da4eac014318ce33bbf1a073be	docs/assets/production/city_sign_supports_01-evidence/glb_checks_01.log
100644 blob 5f2401eef80b995468cf52777c358aae82295265	docs/assets/production/city_sign_supports_01-evidence/glb_checks_02.log
100644 blob aa4de9ee5cb2214432480da6cda1bebb528ee818	docs/assets/production/city_sign_supports_01-evidence/hero.png
100644 blob 22bf78c4e3f9fcb71fff9876b84f47fc5d8539c0	docs/assets/production/city_sign_supports_01-evidence/manifest.json
100644 blob d8ba9f39a50bfae722c63ecaa2789fce539e2b4a	docs/assets/production/city_sign_supports_01-evidence/preview_settings.json
100644 blob a092994f22db026d0c748edb1404841582ec05d0	docs/assets/production/city_sign_supports_01-evidence/previews_01.log
100644 blob 452937dcc72d1d9e8f0d726b278ee4f72cbffa25	docs/assets/production/city_sign_supports_01-evidence/previews_02.log
100644 blob 61466cca0dd8226d3ee2ef810933bc7b921c1aa1	docs/assets/production/city_sign_supports_01-evidence/process_cache/thumbnails/large/94b1b6c2dd53efe5e5050484f0eb081d.png
100644 blob db04ef0d64176df09ef6d51f50ce492e1f95b35b	docs/assets/production/city_sign_supports_01-evidence/rear.png
100644 blob 4293741178ed92fdd240632b6be64885b2e6b056	docs/assets/production/city_sign_supports_01-evidence/reexport_01.log
100644 blob 2f0cf4f8fdf56f3593f8ceefdb2689254c684430	docs/assets/production/city_sign_supports_01-evidence/reexport_city_sign_supports_01.glb
100644 blob 30f03c06a9aa117d0bd9e3f573c885f5136f620e	docs/assets/production/city_sign_supports_01-evidence/reexport_source_checks.json
100644 blob 30f03c06a9aa117d0bd9e3f573c885f5136f620e	docs/assets/production/city_sign_supports_01-evidence/source_checks.json
100644 blob fa97bc33c6c9f4a01dec58d2710cd8db3c147196	docs/assets/production/city_sign_supports_01-evidence/uv_diagnostic.png
100644 blob 7b12c254079cd12bf5bc013f34c33b7d4f9e93e9	docs/assets/production/city_sign_supports_01-evidence/uv_interface.png
100644 blob 13d007bceb1971f881250b3ea3328ba47d628667	docs/assets/production/city_sign_supports_01-evidence/uv_pillow_failure.log
100644 blob c414c013b6216e105aea2bf1b1b12c65596ae82c	docs/assets/production/city_sign_supports_01.md
100644 blob 3edeb1a506eee41a89a0c4f61a1cbd6936cc82cb	docs/assets/production/commission.md
100644 blob f6764cbaa6d1b6dc1a6a779ea5a22ab3491d3ad5	docs/assets/production/input-manifest.json
100644 blob 096888488723d3d55837d1d0b93f2e72876180df	docs/assets/production/integration-evidence/bridge-requests.json
100644 blob f001b56a00d36301da8ec951af2a5f5b483710a4	docs/assets/production/integration-evidence/bridge-results.jsonl
100644 blob 81638794f7e8438d34c6c0197ad95978b2d04ceb	docs/assets/production/integration-evidence/camera-corrected-requests.json
100644 blob 3594842446872b69e5352f88ca8372a88650575b	docs/assets/production/integration-evidence/camera-corrected-results.jsonl
100644 blob 074a44009e04de194c84b9abb1dd5877bda7303c	docs/assets/production/integration-evidence/camera-requests.json
100644 blob f50093be6687688c7e322fcbea7401d914c04660	docs/assets/production/integration-evidence/camera-results.jsonl
100644 blob a369f7348a4a984d99a6f3ca0af616975b1a1dcb	docs/assets/production/integration-evidence/city_lights_01-producer-readback.json
100644 blob 01c5b0c891fe609252a3c54c005d4ed65db6f42a	docs/assets/production/integration-evidence/city_lights_02-producer-readback.json
100644 blob 2856dce0b93ec8243426a7b27cb16917788dddc0	docs/assets/production/integration-evidence/context-requests.json
100644 blob e60a5e1c09f341b774e5e73ff7b7deb1de4f9773	docs/assets/production/integration-evidence/context-results.jsonl
100644 blob e1a0c0dce03ffe1c762cc5016774ea8a6f35d05c	docs/assets/production/integration-evidence/editor-checkpoint.log
100644 blob df4d303c33be2f8e44f63b54c9725fc5634eac67	docs/assets/production/integration-evidence/final-capture-requests.json
100644 blob 0e8751e24f5627d4e33aabfe0ba937f6f7f1cf0f	docs/assets/production/integration-evidence/final-capture-results.jsonl
100644 blob f3930789864fd93b9c71487b1364673ce702e169	docs/assets/production/integration-evidence/final-runtime-log-start.json
100644 blob dd71b3e19bd98dd90ca734b50bba24ca076320d5	docs/assets/production/integration-evidence/final-runtime.log
100644 blob 5a4b337c603b035422f5367b5381198700cefa20	docs/assets/production/integration-evidence/final-start-requests.json
100644 blob e066dba3f6cc766ae90ff7b96e752caddc31e4f1	docs/assets/production/integration-evidence/final-start-results.jsonl
100644 blob 38ca6b068a6173c45dabb05aa27c667b67a76a68	docs/assets/production/integration-evidence/final-stop-requests.json
100644 blob c1c0f84a768e954398e1c0021f72677a5dd79bdf	docs/assets/production/integration-evidence/final-stop-results.jsonl
100644 blob 31bc06a039b54ccbe017e36ec9e8c07693785026	docs/assets/production/integration-evidence/launch.json
100644 blob 7a585fecd4aa87751aa5cb35300ce194deafd362	docs/assets/production/integration-evidence/light01-requests.json
100644 blob 56100d0bc0fad5ceadcff10cdb96b684db19db4b	docs/assets/production/integration-evidence/light01-results.jsonl
100644 blob 4bf57608153358b2ddf8d2d4334cc780b0458fb4	docs/assets/production/integration-evidence/light02-requests.json
100644 blob 81e8db5ffe0bad668bb66128706745e650abdd13	docs/assets/production/integration-evidence/light02-results.jsonl
100644 blob 9f7f2ec0899998a68a51bfdf478060bfca46ea13	docs/assets/production/integration-evidence/lights_gameplay.png
100644 blob 812cded2d82023e264c4b7e9df5d8433a74aa886	docs/assets/production/integration-evidence/lights_gameplay_initial.png
100644 blob d250f8228b6b63138f368e2ddb7a4ea36eae249d	docs/assets/production/integration-evidence/prepare-requests.json
100644 blob d6f56a62dcbfdf37aeabdf3213a202616678df8b	docs/assets/production/integration-evidence/prepare-results.jsonl
100644 blob 14599b6f920429a1d9ce7fca5b882b32ffb055b1	docs/assets/production/integration-evidence/refresh-requests.json
100644 blob 9efe2adec53f8190717cece903fa1446cc469a75	docs/assets/production/integration-evidence/refresh-results.jsonl
100644 blob e789d700700ec63f78758b9165f71cbfe056a7b4	docs/assets/production/integration-evidence/runtime-capture-requests.json
100644 blob 0e8751e24f5627d4e33aabfe0ba937f6f7f1cf0f	docs/assets/production/integration-evidence/runtime-capture-results.jsonl
100644 blob ffa0f5a946c07ef5f3610a84e84a47c3ac869f3b	docs/assets/production/lights-integration.md
100644 blob 7816340d16a4ab76abef07f3bfe10282aa84060b	docs/assets/production/progress.md
100644 blob 5f2c42fdaaf9e15297e8869f1794f3b0f1b4d88e	docs/assets/production/queue.json
100644 blob 2c6ed2ff8e9161753ed15bf661f377dcbf64a3d8	docs/assets/rocket_launcher_dock_thumper.md
100644 blob e69de29bb2d1d6434b8b29ae775ad8c2e48c5391	docs/assets/rocket_launcher_evidence/.gdignore
100644 blob c1e3c8971656cbe90893434286ee014ff13168e0	docs/assets/rocket_launcher_evidence/capture-final.log
100644 blob 4eb6990234c023cad83331921f6f2a4824f3e4ac	docs/assets/rocket_launcher_evidence/clean-check-verified.log
100644 blob 4eb6990234c023cad83331921f6f2a4824f3e4ac	docs/assets/rocket_launcher_evidence/clean-check.log
100644 blob 373eb4bca92636555ed3c1f6dd4b1fa2cf573036	docs/assets/rocket_launcher_evidence/clean-import-sandbox.log
100644 blob 3f222012218dec0a1dd6af6f9c77179fbdc8b002	docs/assets/rocket_launcher_evidence/clean-import-verified.log
100644 blob 248d3f043af65740679e4ad4fb1688a4535cebb7	docs/assets/rocket_launcher_evidence/clean-script.jsonl
100644 blob a3d1aa25aa4f161ea797157f4512632d1a768fb8	docs/assets/rocket_launcher_evidence/clean_file_identity.json
100644 blob 24f4476e51465f92b83123b2abf1d37c8bf76345	docs/assets/rocket_launcher_evidence/clean_imported_checks.json
100644 blob 2bca95003b925fd0f058bf42f47779636e4ef83c	docs/assets/rocket_launcher_evidence/detail_camera.png
100644 blob 75b3f8172bdb7c40af21ea138c611c2d361a055f	docs/assets/rocket_launcher_evidence/detail_camera.png.import
100644 blob d98eda9507a213c8472b39c7c9644284cee9fe60	docs/assets/rocket_launcher_evidence/editor_roundtrip.json
100644 blob 74ef2eabe319b7a24d0e011f6093869cea485784	docs/assets/rocket_launcher_evidence/fixes/capture.log
100644 blob 4eb6990234c023cad83331921f6f2a4824f3e4ac	docs/assets/rocket_launcher_evidence/fixes/clean-check.log
100644 blob a2fdd86eb75a73104da2e2241eebf73284a107d2	docs/assets/rocket_launcher_evidence/fixes/clean-import.log
100644 blob c2f8ad2e38ca823edfb0add58206c5e82d8f0567	docs/assets/rocket_launcher_evidence/fixes/clean-prepare.log
100644 blob e6feaa86dfcbc1c0b39c97765a28117f5b31359f	docs/assets/rocket_launcher_evidence/fixes/detail_camera.png
100644 blob e69de29bb2d1d6434b8b29ae775ad8c2e48c5391	docs/assets/rocket_launcher_evidence/fixes/editor-roundtrip.jsonl
100644 blob d409d45e3d3e1712d5e07668c09f8816931997f4	docs/assets/rocket_launcher_evidence/fixes/game_camera.png
100644 blob 846a4a302b8f2b13443310f109f52b7cb0073048	docs/assets/rocket_launcher_evidence/fixes/imported_checks-graphical.json
100644 blob 24f4476e51465f92b83123b2abf1d37c8bf76345	docs/assets/rocket_launcher_evidence/fixes/imported_checks.json
100644 blob 6d0f5ce69fd6f996e1c9db24685e5835674216bf	docs/assets/rocket_launcher_evidence/fixes/imported_mesh_checks.log
100644 blob 6aa2a1ebe3a9fd97108723e0089d911aafe4360d	docs/assets/rocket_launcher_evidence/fixes/independent_mesh_checks.json
100644 blob c57c0675716363e1a45040d067d4c4ff751aecc0	docs/assets/rocket_launcher_evidence/fixes/receipt.json
100644 blob 393a63a26ad863d634afd52c34b345543ce9bab7	docs/assets/rocket_launcher_evidence/fixes/reexport.log
100644 blob 2ab3096f9870902b6824fd8c0e8bff70b09bc0a1	docs/assets/rocket_launcher_evidence/fixes/rocket_camera.png
100644 blob 0e8007db9925cadf45a158e73538d408b3712ad5	docs/assets/rocket_launcher_evidence/fixes/source-inspection.json
100644 blob f117264c50c764bc8c98f5595fd9e1ba12f3a0a9	docs/assets/rocket_launcher_evidence/fixes/source-inspection.log
100644 blob 0b8548b371b1bfdf5b12e118090d212f5aaf6bce	docs/assets/rocket_launcher_evidence/fixes/source_export_checks.json
100644 blob d409d45e3d3e1712d5e07668c09f8816931997f4	docs/assets/rocket_launcher_evidence/game_camera.png
100644 blob 88d1a1ac09feaf79e10fcd656a13035c0ed38f21	docs/assets/rocket_launcher_evidence/game_camera.png.import
100644 blob f10d09e64c5b7252dc92b9c7dd7895e3c864a7c5	docs/assets/rocket_launcher_evidence/gdstyle.log
100644 blob 846a4a302b8f2b13443310f109f52b7cb0073048	docs/assets/rocket_launcher_evidence/imported_checks.json
100644 blob 94436d2210c32d2a18035f15b448184ded830dd1	docs/assets/rocket_launcher_evidence/model_routing.json
100644 blob 81a9f58ba6669d812b2ca758c1c1fa3653c31680	docs/assets/rocket_launcher_evidence/reexport-final.log
100644 blob bfe654086a9fb11fae1388102d00d7e5be050bdc	docs/assets/rocket_launcher_evidence/review_0be3af3/REPORT.md
100644 blob e69de29bb2d1d6434b8b29ae775ad8c2e48c5391	docs/assets/rocket_launcher_evidence/review_0be3af3/archive.log
100644 blob 74ef2eabe319b7a24d0e011f6093869cea485784	docs/assets/rocket_launcher_evidence/review_0be3af3/capture.log
100644 blob 4eb6990234c023cad83331921f6f2a4824f3e4ac	docs/assets/rocket_launcher_evidence/review_0be3af3/clean-check-final.log
100644 blob a2fdd86eb75a73104da2e2241eebf73284a107d2	docs/assets/rocket_launcher_evidence/review_0be3af3/clean-import-final.log
100644 blob a4ce9c7bb51dc7b0c9ce4ee67bc970c5fa25ad3c	docs/assets/rocket_launcher_evidence/review_0be3af3/commands.jsonl
100644 blob 541c80685ed35d9340674ed57b3a6f34fc1cfd22	docs/assets/rocket_launcher_evidence/review_0be3af3/commands.md
100644 blob ea2f89dbfac2ecd7da7760baa5bc2a447dfbcf96	docs/assets/rocket_launcher_evidence/review_0be3af3/compile-capture.log
100644 blob ea2f89dbfac2ecd7da7760baa5bc2a447dfbcf96	docs/assets/rocket_launcher_evidence/review_0be3af3/compile-preview.log
100644 blob f37802bb28cf754cd3bcf66c62f75f588e7b2b93	docs/assets/rocket_launcher_evidence/review_0be3af3/diff-check.log
100644 blob 444cc73850c88b7a73dfd8433b5b0c981bd236b0	docs/assets/rocket_launcher_evidence/review_0be3af3/diff.log
100644 blob 729bb70219a9bec990c7ff976669ac5e6ffdef6a	docs/assets/rocket_launcher_evidence/review_0be3af3/editor-roundtrip-final.log
100644 blob 5fd979b7e48f036268d4208a3cb9ddd2fd5ce001	docs/assets/rocket_launcher_evidence/review_0be3af3/editor-roundtrip-graphical.log
100644 blob 2d5ef00f43f4d60b9dc058419816ac0de4565b15	docs/assets/rocket_launcher_evidence/review_0be3af3/editor-roundtrip.log
100644 blob 6a483145820741f8bc7c686e064ee2815413cf51	docs/assets/rocket_launcher_evidence/review_0be3af3/evidence-identity.json
100644 blob 2ffa02ddbcd0d6f76723175b2e6f4fda6db3f870	docs/assets/rocket_launcher_evidence/review_0be3af3/final-identity.json
100644 blob f3d4a68c19bbca4451a2c853bd80a78f02f339b3	docs/assets/rocket_launcher_evidence/review_0be3af3/freshness-host.log
100644 blob f3d4a68c19bbca4451a2c853bd80a78f02f339b3	docs/assets/rocket_launcher_evidence/review_0be3af3/freshness.log
100644 blob 6b94b1871d207863c8ba53cf3fe501459c22b09d	docs/assets/rocket_launcher_evidence/review_0be3af3/glb-inspection.log
100644 blob edd06fff3fc20fa5828fc5a9a35514977498df12	docs/assets/rocket_launcher_evidence/review_0be3af3/gltf-inspection.json
100644 blob 4eb6990234c023cad83331921f6f2a4824f3e4ac	docs/assets/rocket_launcher_evidence/review_0be3af3/headless.log
100644 blob 0ff419d65749c7a8db6656b4f329713a897d0711	docs/assets/rocket_launcher_evidence/review_0be3af3/identity.json
100644 blob ee9d742c8ce9efa4d7ad1cfacd8d06b5a4c420cb	docs/assets/rocket_launcher_evidence/review_0be3af3/import-host.log
100644 blob 585d261a56d6a9d4fc18f0e9a8be1c78b9f08970	docs/assets/rocket_launcher_evidence/review_0be3af3/import.log
100644 blob d7aa6c44d2eedc39be8671bf2a7c6884a098b0c6	docs/assets/rocket_launcher_evidence/review_0be3af3/inspect_blender.py
100644 blob 4d547648f89471ac6009d44434cdb396e9bd4d18	docs/assets/rocket_launcher_evidence/review_0be3af3/inspect_glb.py
100644 blob 6d0f5ce69fd6f996e1c9db24685e5835674216bf	docs/assets/rocket_launcher_evidence/review_0be3af3/mesh-check-final.log
100644 blob aabf7f39e583cc0028d55c2417f4cc03d2f7cdff	docs/assets/rocket_launcher_evidence/review_0be3af3/mesh-check.log
100644 blob 25c35339eabd5b7a9eb891bf789b53013440aded	docs/assets/rocket_launcher_evidence/review_0be3af3/owned-processes-final.json
100644 blob 12caa995d9d723a7b8c80be021089a1632718e2c	docs/assets/rocket_launcher_evidence/review_0be3af3/prepare-final.log
100644 blob a35848182388311cb017692be651e1969ca3ad83	docs/assets/rocket_launcher_evidence/review_0be3af3/prepare.log
100644 blob e69de29bb2d1d6434b8b29ae775ad8c2e48c5391	docs/assets/rocket_launcher_evidence/review_0be3af3/preview.tscn.diff
100644 blob bb0dc9b8dddc0e9b8c51f77184cb43d0afd2c2ea	docs/assets/rocket_launcher_evidence/review_0be3af3/processes.log
100644 blob c0c6ba6396d0b271a911e795200059a977360e58	docs/assets/rocket_launcher_evidence/review_0be3af3/project/independent_mesh_checks.json
100644 blob e7a924c6ff570f4b2eba1775b34220c8fcd960c3	docs/assets/rocket_launcher_evidence/review_0be3af3/project/tools/independent_mesh_checks.gd
100644 blob 858272cfce5a910e5bc8e771a66373c280f27e5c	docs/assets/rocket_launcher_evidence/review_0be3af3/project/tools/independent_mesh_checks.gd.uid
100644 blob ece8b1afb7afdcb5271230397c5ea886ed8775b9	docs/assets/rocket_launcher_evidence/review_0be3af3/reexport-host.log
100644 blob 02b75623b243af0f4d1899bef671c8e36a6b6e9d	docs/assets/rocket_launcher_evidence/review_0be3af3/reexport.log
100644 blob a9b4324631ed98d1e861e3842ee40d9ff9043084	docs/assets/rocket_launcher_evidence/review_0be3af3/retained_manifest.json
100644 blob fa4d42944370d346d26aeeaf5cb0b8953e5fa078	docs/assets/rocket_launcher_evidence/review_0be3af3/run.py
100644 blob 206bcd424289a63614c347a16b9592793573d70a	docs/assets/rocket_launcher_evidence/review_0be3af3/source-inspection-final.log
100644 blob 3f2801b80a8a921414ffb4a099a679c1235ecc3d	docs/assets/rocket_launcher_evidence/review_0be3af3/source-inspection.json
100644 blob 5a0f2fcb9a746a6f834de3fae760addaf61f1dba	docs/assets/rocket_launcher_evidence/review_0be3af3/source-inspection.log
100644 blob 524bb979d38a83136a23964c3674783fb3ccc375	docs/assets/rocket_launcher_evidence/review_0be3af3/stage.tscn.diff
100644 blob f10d09e64c5b7252dc92b9c7dd7895e3c864a7c5	docs/assets/rocket_launcher_evidence/review_0be3af3/style.log
100644 blob bfa6c645e69b0d20f60b048cae05e455e7107ab8	docs/assets/rocket_launcher_evidence/review_0be3af3/uid-audit.json
100644 blob 3508f87ed345a256158a1160c82e88cc3986b4d7	docs/assets/rocket_launcher_evidence/review_0be3af3/versions-blender.log
100644 blob e512202107d256e327b8a01c838b74b95d2d82ba	docs/assets/rocket_launcher_evidence/review_0be3af3/versions-godot.log
100644 blob 9daab1f7dd838a29ba6b1dbcb1184ca93273616e	docs/assets/rocket_launcher_evidence/rocket_camera.png
100644 blob 69537ae6da79a3a22313c8971d32827aafb2e731	docs/assets/rocket_launcher_evidence/rocket_camera.png.import
100644 blob f3d4a68c19bbca4451a2c853bd80a78f02f339b3	docs/assets/rocket_launcher_evidence/source_export_checks.json
100644 blob 8f06396531fe595aed7decfff2a3a9b9975ba4ba	docs/assets/s01_rig.md
100644 blob 7e277772e3f4bbd256b7be8ae48989186fe35d11	docs/assets/s01_static.md
100644 blob bf75f56c4b020e1e669ca332a0dc32ffac3338b1	docs/assets/s02_kit.md
100644 blob d63d4dcf502db98c6673bce2426047dce3e33cf9	docs/assets/s04_kit.md
100644 blob 634bbcdcec3db27f58cd68fa9a560de06857c47e	docs/assets/s13_humanoid.md
100644 blob adaf2a734790a1194a88a735dc67ee922a4f768c	docs/assets/s15_vfx.md
100644 blob 31d5a8a4315b62c7e95d4f634b0007e0ebf0cb1e	docs/assets/shared_humanoid_rig.md
100644 blob 9e435bccaf015ca76028b6e7c5f7a505248577e5	docs/assets/smg_wedgewire_a.md
100644 blob e69de29bb2d1d6434b8b29ae775ad8c2e48c5391	docs/assets/smg_wedgewire_a_evidence/.gdignore
100644 blob cfc7bbb905e5194391c116543312d37ab9c462d5	docs/assets/smg_wedgewire_a_evidence/blender-contact-export.log
100644 blob 5df3fdd9c7c33932411bb356ee1730a90438aa00	docs/assets/smg_wedgewire_a_evidence/blender-contact.log
100644 blob feeba074b53b0dbff6f6338d6d036d783123f99d	docs/assets/smg_wedgewire_a_evidence/blender-refine.log
100644 blob d8973715dc9825e5270ca16611cb6f2d4c26f579	docs/assets/smg_wedgewire_a_evidence/blender-verified-reexport.log
100644 blob d7b1b4a28dddd1a4a6b7699e8e5c7b7ebaaf1a55	docs/assets/smg_wedgewire_a_evidence/capture-game_camera.log
100644 blob 9fd652003c7e7bf9ca675e3a2f6ca7fc8ff39f2b	docs/assets/smg_wedgewire_a_evidence/capture-overview.log
100644 blob 54dfea6aaf9ac7b9cd74a7e9cec31f8b73bb0941	docs/assets/smg_wedgewire_a_evidence/capture-side.log
100644 blob 97e6061379902a7d21744d43ae8d73123225d31e	docs/assets/smg_wedgewire_a_evidence/check-asset-final.log
100644 blob 8fbb6813a2118e05a81ecce49c7600566125c1e3	docs/assets/smg_wedgewire_a_evidence/clean_contract.log
100644 blob ac2369ff267a3da85f49d087cc1fa2fedb37089c	docs/assets/smg_wedgewire_a_evidence/clean_import.json
100644 blob fbcbfc343c6e558a825322e3dab9fdd2a9359ba7	docs/assets/smg_wedgewire_a_evidence/compile-02.log
100644 blob fbcbfc343c6e558a825322e3dab9fdd2a9359ba7	docs/assets/smg_wedgewire_a_evidence/compile-03.log
100644 blob fbcbfc343c6e558a825322e3dab9fdd2a9359ba7	docs/assets/smg_wedgewire_a_evidence/compile-04.log
100644 blob fbcbfc343c6e558a825322e3dab9fdd2a9359ba7	docs/assets/smg_wedgewire_a_evidence/compile-05.log
100644 blob d1959c926bcaebfd08215f9e581fcddef64d1f7b	docs/assets/smg_wedgewire_a_evidence/editor_ownership.json
100644 blob a23c864b6b3f7627c7ef596241248fb3b5270071	docs/assets/smg_wedgewire_a_evidence/export_receipt.json
100644 blob 6aa27b1367714a9bfce0897f9b7ebd1d0243a41a	docs/assets/smg_wedgewire_a_evidence/fingerprints.json
100644 blob 8890e8c3bf87760627874c1898d53985f9e0c296	docs/assets/smg_wedgewire_a_evidence/format.log
100644 blob 2887d4376462059f86e3eb88b063450ffb52a985	docs/assets/smg_wedgewire_a_evidence/game_camera.png
100644 blob 09736591ff22b30b30d68112a4979d0db5c9b479	docs/assets/smg_wedgewire_a_evidence/independent-review-evidence.tar.gz
100644 blob e34d26150a1e216b3250d87be577661074637d13	docs/assets/smg_wedgewire_a_evidence/index.html
100644 blob f3766dbb76d204f8b36e7c33b8d2a458cd58fab6	docs/assets/smg_wedgewire_a_evidence/lint.log
100644 blob 04639e85a9a6a7d78a2c53582c60ccf20b07e180	docs/assets/smg_wedgewire_a_evidence/materials.json
100644 blob 28dfb1092ccc60cb1fdacc0f0a2e72010d1dcb97	docs/assets/smg_wedgewire_a_evidence/model-routing.json
100644 blob 44001b18863d179a404f2d8882e58ad2f4c8348b	docs/assets/smg_wedgewire_a_evidence/overview.png
100644 blob 87c03f6398853ec40926aa4a8f8df471d9a19ae3	docs/assets/smg_wedgewire_a_evidence/reexport.json
100644 blob 9df0f01e10ca27192648c560d9d11084e03181ef	docs/assets/smg_wedgewire_a_evidence/review.md
100644 blob 29566168a8ee8521dcdc3a4427f03eccb34efddd	docs/assets/smg_wedgewire_a_evidence/roundtrip.json
100644 blob cb6b4f60f3c32b9f0bec936220e5e67605147013	docs/assets/smg_wedgewire_a_evidence/side.png
100644 blob d583004ff450d6d4664af49796a48146d6a0952c	docs/assets/vehicle_car_evidence/README.md
100644 blob c679fd8a77b6f8bf45de151e32d471cb51d7993e	docs/assets/vehicle_car_evidence/blender-author.log
100644 blob 9cc74e3344bc5199c2756ef678ad8fdf2b65c0d2	docs/assets/vehicle_car_evidence/blender-polish.log
100644 blob 7d5a97f1ac8a3780e1520d961385231b7d3da9c9	docs/assets/vehicle_car_evidence/blender-refine.log
100644 blob 881892c38e7123b471767e30b7d9e83c9c75baf4	docs/assets/vehicle_car_evidence/captures-final.jsonl
100644 blob af82b053f05122f04d9486523956c399ac67d776	docs/assets/vehicle_car_evidence/car_crate_a_doors.json
100644 blob 221425aab39887301c59f4767589c31ef9443af6	docs/assets/vehicle_car_evidence/car_crate_a_doors.png
100644 blob 3fffd4020579111c821fd811e6a10b6bd3efb731	docs/assets/vehicle_car_evidence/car_crate_a_doors.png.import
100644 blob 82f6cc405063c87114f8e1f06d7268dec85165fa	docs/assets/vehicle_car_evidence/car_crate_a_doors.stdout.log
100644 blob 82adb73fb174edd5dc5ac56ff466dbd59131716e	docs/assets/vehicle_car_evidence/car_crate_a_game.json
100644 blob c200642a3ef33384388e61b0898a28451536625b	docs/assets/vehicle_car_evidence/car_crate_a_game.png
100644 blob 363510d39924b38f5f6dd1c7004d049d65fe037f	docs/assets/vehicle_car_evidence/car_crate_a_game.png.import
100644 blob c3a0900214358dc7f58e51874805447241f6b5a6	docs/assets/vehicle_car_evidence/car_crate_a_game.stdout.log
100644 blob e71fb4f01e6f42bfa44689fcdf0edd64aa226270	docs/assets/vehicle_car_evidence/car_crate_a_inspection.json
100644 blob 4f9de0c6d05eaea3887721c9b5f89bdfc9f037e5	docs/assets/vehicle_car_evidence/car_crate_a_inspection.png
100644 blob cace781420aed984f80fcf324e4d8143bdfe4c2d	docs/assets/vehicle_car_evidence/car_crate_a_inspection.png.import
100644 blob 4243493cd7eb236dd98fa275bbb9723f2659f109	docs/assets/vehicle_car_evidence/car_crate_a_inspection.stdout.log
100644 blob d98ac3f4571df291cc42a41efda4c9d05c7a2a1f	docs/assets/vehicle_car_evidence/car_crate_a_source.json
100644 blob 5bebfc07d718e7725a787807b0239e2a25a7c404	docs/assets/vehicle_car_evidence/car_latch_a_doors.json
100644 blob 4405e8966533590da305171a91140fdfa7c549cd	docs/assets/vehicle_car_evidence/car_latch_a_doors.png
100644 blob 1d18af04c81a409dbb475795b9f181e016a550ac	docs/assets/vehicle_car_evidence/car_latch_a_doors.png.import
100644 blob 134c8dff712b468b2e74260fb25da4c557424386	docs/assets/vehicle_car_evidence/car_latch_a_doors.stdout.log
100644 blob ff917deda6f2df456d1870290a05084c0a54a246	docs/assets/vehicle_car_evidence/car_latch_a_game.json
100644 blob a88bef02acf358b7aeb8849b9c7d55464652c60b	docs/assets/vehicle_car_evidence/car_latch_a_game.png
100644 blob 38c6b294e226e560107b485a70817844038dca62	docs/assets/vehicle_car_evidence/car_latch_a_game.png.import
100644 blob 191d842d84672bc6becc15365f8d075e4939c3be	docs/assets/vehicle_car_evidence/car_latch_a_game.stdout.log
100644 blob e48c5a053659499aa74c5f774c89ce6ba6573f4b	docs/assets/vehicle_car_evidence/car_latch_a_inspection.json
100644 blob b57961d14bebdddd05990aa350c1874f4ee00d70	docs/assets/vehicle_car_evidence/car_latch_a_inspection.png
100644 blob 50ff770faee7a9f216ae81c969b3094919a3d53f	docs/assets/vehicle_car_evidence/car_latch_a_inspection.png.import
100644 blob fd674442c035425cc49c581a5959a37d20b099ac	docs/assets/vehicle_car_evidence/car_latch_a_inspection.stdout.log
100644 blob 74cd10edd79846ac12c87f3ca125899cf76aa3c0	docs/assets/vehicle_car_evidence/car_latch_a_source.json
100644 blob 3835a69ae1abe8687847bead7eafac5d78c6f6db	docs/assets/vehicle_car_evidence/car_preview_stage_source.json
100644 blob 659958abbdf2b0a0bb04d95652f257392a938cdb	docs/assets/vehicle_car_evidence/car_sable_a_doors.json
100644 blob 6ac566d6a87d1b492b708af9bd93dc4a35b059fb	docs/assets/vehicle_car_evidence/car_sable_a_doors.png
100644 blob 05d8be60f399f97c079dcc914de0ae296e2ce144	docs/assets/vehicle_car_evidence/car_sable_a_doors.png.import
100644 blob 36bf33bc8fc4a33e1d87cf66401866bc36aa6364	docs/assets/vehicle_car_evidence/car_sable_a_doors.stdout.log
100644 blob b4fab5f3efacaf6d8443e314818c9c44858702bc	docs/assets/vehicle_car_evidence/car_sable_a_game.json
100644 blob 5a0f31b488797be2567d2f320a4e31e9334cd022	docs/assets/vehicle_car_evidence/car_sable_a_game.png
100644 blob 05659bb122bdf32f3c160d72fa88bcae227e70aa	docs/assets/vehicle_car_evidence/car_sable_a_game.png.import
100644 blob f1919020f742fc1cae82a3f242bfe452bc2d0675	docs/assets/vehicle_car_evidence/car_sable_a_game.stdout.log
100644 blob 48cff6af989762af3f58501e44ce1c0c5f8c5a8f	docs/assets/vehicle_car_evidence/car_sable_a_inspection.json
100644 blob 500a65c13d1cca3fd6e4c36de755b33a52ed9c4e	docs/assets/vehicle_car_evidence/car_sable_a_inspection.png
100644 blob 0215e00337d7efc89f94ea30016cdf8cadf8c9b7	docs/assets/vehicle_car_evidence/car_sable_a_inspection.png.import
100644 blob 1f84007a055eaa8e2a832112e3b1a3ae198be38a	docs/assets/vehicle_car_evidence/car_sable_a_inspection.stdout.log
100644 blob 2c7756cb53a3b0460bee3545772574a0daac3cd7	docs/assets/vehicle_car_evidence/car_sable_a_source.json
100644 blob 8e7b66b27f2bfcd67d5cc6ffc0caa0a72a546c19	docs/assets/vehicle_car_evidence/final_rebase_review_307f521.md
100644 blob 0d43a735e72540cb2f99955e82abb2d87353fe3c	docs/assets/vehicle_car_evidence/import_checks.json
100644 blob 99d7f2a4e497c32c0a044eab96291aeeb9747ece	docs/assets/vehicle_car_evidence/independent_review_69219f0.md
100644 blob 9f7e6c1473f299583fac2019232fb2a65e7d9b83	docs/assets/vehicle_car_evidence/index.html
100644 blob b545501d5131b53d47472437a44bb72dff183bd8	docs/assets/vehicle_car_evidence/latch-door-parent-check.json
100644 blob 6b50bf528ed036fed8a2555630933adc8cd3cf8c	docs/assets/vehicle_car_evidence/latch-door-refresh.jsonl
100644 blob f9af6b5ffd7f70ca8f98df777eeeeeb87b020024	docs/assets/vehicle_car_evidence/latch_door_revision.md
100644 blob c86389ae76aee2441ec2be697ca618dbe703b56a	docs/assets/vehicle_car_evidence/next_art_pass.md
100644 blob 41423b81c0f1ccc384708fd82c153d8212286ac7	docs/assets/vehicle_car_evidence/private_editor_launch.json
100644 blob 8d6766c742cb608884be31be078ceb8a7d870c26	docs/assets/vehicle_car_evidence/reexport-final.log
100644 blob 3ea6fd2d112ba32ddcc754fdec5c3b70d81be4f9	docs/assets/vehicle_car_evidence/reexport.json
100644 blob e0a308f03c18b2173e35269fc14e41f51f7076a2	docs/assets/vehicle_car_evidence/repair-paths.jsonl
100644 blob 08e4bbe12dcb79be0354356bf2ec09d8d5b12379	docs/assets/vehicle_car_evidence/roundtrip.json
100644 blob 3219c12ff87576b2da95093a1c7bacbb9ebb0de4	docs/assets/vehicle_car_evidence/roundtrip.jsonl
100644 blob 3cae0dd35f030a879e1b864e71e9073e44b63575	docs/assets/vehicle_car_evidence/setup.jsonl
100644 blob b23a71f989170e7490aa2659cdcc1c434627964d	docs/assets/vehicle_car_evidence/stable-roundtrip.jsonl
100644 blob 0a75a200fef8b5e8623a1304de096dcaa723dd21	docs/assets/vehicle_car_evidence/style-fix.jsonl
100644 blob 797f03495e1a9c484d8fae557c3bba0584a0824f	docs/assets/weapon_effects_a.md
100644 blob e69de29bb2d1d6434b8b29ae775ad8c2e48c5391	docs/concepts/assets-v1/pedestrian/.gdignore
100644 blob 7ab1d77401d39b6e66ce987b26035503db563d0b	docs/concepts/assets-v1/pedestrian/README.md
100644 blob 6944bb5ab3eaf9907fb2980d910ea8be008e0ef7	docs/concepts/assets-v1/pedestrian/generation.json
100644 blob e5e99a57e79a30c4862b33ea1492011921f7a1a6	docs/concepts/assets-v1/pedestrian/prompts.json
100644 blob e69de29bb2d1d6434b8b29ae775ad8c2e48c5391	docs/concepts/assets-v1/pistol/.gdignore
100644 blob 20c8d58f5f4cae66b13b55f167cc2eb477c30ce4	docs/concepts/assets-v1/pistol/README.md
100644 blob 05bf89e1cb4ac97ff08311d4a8a0431b22482bd5	docs/concepts/assets-v1/pistol/provenance.json
100644 blob d9557b0351ba3401405cbb2edcf7ff83f6a5f611	docs/concepts/assets-v1/player-character/README.md
100644 blob ba24aa93206f2926572677319407cd796e9f70c5	docs/concepts/assets-v1/player-character/checks.json
100644 blob fc5bd5f2f855c495d56364266f5f6b3fe7ab6934	docs/concepts/assets-v1/player-character/provenance.json
100644 blob abac008f7d239dab14ca2b26ff1b493bd3baab16	docs/concepts/assets-v1/rocket-launcher/README.md
100644 blob 5cdc9887ae671ad6e4c93a30f5560772f92e766f	docs/concepts/assets-v1/rocket-launcher/prompts.json
100644 blob e69de29bb2d1d6434b8b29ae775ad8c2e48c5391	docs/concepts/assets-v1/smg/.gdignore
100644 blob 96289c8ac4821166717290066a4d1ea69c57ca13	docs/concepts/assets-v1/smg/README.md
100644 blob ccbf484f4df896d2d2dc1395492e522f72b0ec96	docs/concepts/assets-v1/smg/checks.json
100644 blob d8991a5c454a3460a798b45cdc02754b7b8c38a1	docs/concepts/assets-v1/smg/handoff.md
100644 blob 0c4557c2bf3906f80070525d83ee066c09c0c6aa	docs/concepts/assets-v1/smg/prompts.json
100644 blob 091f94e387f9d9c3a5a89967ed8fc428deaf8de9	docs/concepts/assets-v1/vehicle/04_tandem_city_bus.png
100644 blob 85c9403d580aacd42203af4482f0b8b1b9862905	docs/concepts/assets-v1/vehicle/04_tandem_city_bus.png.import
100644 blob db3d0fe80fb9a6aa6372d6e0bd39a5f442624101	docs/concepts/assets-v1/vehicle/05_keel_service_truck.png
100644 blob 5dccc8826209a147329829b245069ee6bb3069c2	docs/concepts/assets-v1/vehicle/05_keel_service_truck.png.import
100644 blob f7565088a1cbc6dc42e2e0e842b34d27ed1adc19	docs/concepts/assets-v1/vehicle/README.md
100644 blob ed56dbe5c3e333ca803af3c9de50b5d13ffbca91	docs/concepts/assets-v1/vehicle/checks.json
100644 blob 943e0e3a18ecbdf85e7d9e5f787f372723adafa1	docs/concepts/assets-v1/vehicle/expansion_prompts.json
100644 blob a6d40e03d99bf25729fee64f0c157695a69b69b8	docs/concepts/assets-v1/vehicle/handoff.md
100644 blob f54ceda4e14114bf9e605ed605098e3db78651aa	docs/concepts/assets-v1/vehicle/larger_vehicles.md
100644 blob 939b4c055077815b5adde9df9d6a6260a7fb0d37	docs/concepts/assets-v1/vehicle/prompts.json
100644 blob e69de29bb2d1d6434b8b29ae775ad8c2e48c5391	docs/concepts/assets-v1/weapon-effects/.gdignore
100644 blob 1d95bf2d6ddc28dd2562e5f77b06c62f7f798224	docs/concepts/assets-v1/weapon-effects/README.md
100644 blob c782de8fb2c7ac6a6a2104ca7cc84243e4c785ac	docs/concepts/assets-v1/weapon-effects/files.json
100644 blob e69de29bb2d1d6434b8b29ae775ad8c2e48c5391	docs/concepts/assets-v1/weapon-effects/production-a/.gdignore
100644 blob f1a959e560d728310f5b6123da36386477502f8e	docs/concepts/assets-v1/weapon-effects/production-a/api.log
100644 blob bb6662be68ed5b885760873f52131f489dc86bd7	docs/concepts/assets-v1/weapon-effects/production-a/capture.log
100644 blob 067db82065a110a532bca8bedf2fcd5a3ee81f89	docs/concepts/assets-v1/weapon-effects/production-a/clean-import.log
100644 blob 3133e24fc11f804eb5448a88bf83c03d125bee3d	docs/concepts/assets-v1/weapon-effects/production-a/glb-check.json
100644 blob a1805de7dd2c4411aaf7486828f63ae6eaa8f9dd	docs/concepts/assets-v1/weapon-effects/production-a/independent-review/ancestry-extra.log
100644 blob f1a959e560d728310f5b6123da36386477502f8e	docs/concepts/assets-v1/weapon-effects/production-a/independent-review/api-corrected.log
100644 blob fbcbfc343c6e558a825322e3dab9fdd2a9359ba7	docs/concepts/assets-v1/weapon-effects/production-a/independent-review/compile-author.log
100644 blob fbcbfc343c6e558a825322e3dab9fdd2a9359ba7	docs/concepts/assets-v1/weapon-effects/production-a/independent-review/compile-effect.log
100644 blob fbcbfc343c6e558a825322e3dab9fdd2a9359ba7	docs/concepts/assets-v1/weapon-effects/production-a/independent-review/compile-preview.log
100644 blob fbcbfc343c6e558a825322e3dab9fdd2a9359ba7	docs/concepts/assets-v1/weapon-effects/production-a/independent-review/compile-verify.log
100644 blob 361804f186890412ba3f4f63e75f7a72bf83b6d3	docs/concepts/assets-v1/weapon-effects/production-a/independent-review/import-corrected.log
100644 blob 186791ed0207e17f2e61242d170ce5c1d1a79c22	docs/concepts/assets-v1/weapon-effects/production-a/independent-review/review.md
100644 blob 3e967e69dbe7e1a7fc35a0a75baf762d3ba4daa4	docs/concepts/assets-v1/weapon-effects/production-a/independent-review/verify_extra.gd.txt
100644 blob c58e9b2e4999cb98b8789573491ceb316209e76a	docs/concepts/assets-v1/weapon-effects/production-a/index.html
100644 blob 2a534a5b631e505a960678ad091e805c095f94bb	docs/concepts/assets-v1/weapon-effects/production-a/payload-sha256.json
100644 blob cc67d6c9982529122aeb5bdf8f6b10b0a4eba9fa	docs/concepts/assets-v1/weapon-effects/production-a/reexport.json
100644 blob 9557c959be944f231d28c15218fd5a42aa81f349	docs/concepts/assets-v1/weapon-effects/production-a/roundtrip.json
100644 blob 5738bf27da14043aa0626b58f034ed23da10c72c	docs/concepts/assets-v1/weapon-effects/production-a/roundtrip.log
100644 blob a5b690f7647f11b72534057415594abf6562a42b	docs/concepts/assets-v1/weapon-effects/production-a/weapon_effects_a_break.png
100644 blob 9324e9a3d9dd0184a485b79f308c1f426edc6507	docs/concepts/assets-v1/weapon-effects/production-a/weapon_effects_a_clear.png
100644 blob 6613da576a36ca32bbe48f2ba30ec356c67fea72	docs/concepts/assets-v1/weapon-effects/production-a/weapon_effects_a_ignite.png
100644 blob 17f2bfb4381dcda73ff8a774d524e2e67cd9d6eb	docs/concepts/assets-v1/weapon-effects/production-a/weapon_effects_a_peak.png
100644 blob 9324e9a3d9dd0184a485b79f308c1f426edc6507	docs/concepts/assets-v1/weapon-effects/production-a/weapon_effects_a_settle.png
100644 blob a058219288d5d3ba15f2bd756afdf69bd6f6dfd3	docs/concepts/assets-v1/weapon-effects/production-a/weapon_effects_a_smoke.png
100644 blob 146bed58dafaea9c051c905d8943bca2460ce316	docs/concepts/assets-v1/weapon-effects/prompts.json
100644 blob e69de29bb2d1d6434b8b29ae775ad8c2e48c5391	docs/concepts/districts-v1/.gdignore
100644 blob 39272b382826ea5a0dc9c674f32ffa4f6faa3dfb	docs/concepts/districts-v1/01-northpoint-map.png
100644 blob 9cfc6e561b749b041d93eb33b1c11cae4cba0689	docs/concepts/districts-v1/01-northpoint-map.svg
100644 blob 07d90b60a0a15c15e717ccef476afe9676c36c6a	docs/concepts/districts-v1/01-northpoint-v01.png
100644 blob 3215d4b535983e224b71a6e39d702f5631bc8f11	docs/concepts/districts-v1/01-northpoint-v02.png
100644 blob 2e84bee796b1e3dfa6bd68f7d72a1391ae6e18ad	docs/concepts/districts-v1/01-northpoint-v03.png
100644 blob 57e2a9bd9646bd04fbd557cfa83565d4634fd2c2	docs/concepts/districts-v1/01-northpoint-v04.png
100644 blob 8865b78c574f8812060c54520d156ebed69dfc8b	docs/concepts/districts-v1/02-the-crescents-map.png
100644 blob d8d92af7c08987bafb382592cddd8b91a1e95f37	docs/concepts/districts-v1/02-the-crescents-map.svg
100644 blob 16742ae9629c5f5e1079b558c0ad8a1844bd823e	docs/concepts/districts-v1/02-the-crescents-v01.png
100644 blob fe588ecb863d530fbbda815e8b1b9c6d684bd2f8	docs/concepts/districts-v1/02-the-crescents-v02.png
100644 blob c3b63c4031ae658ac8fc062c64843fb3375a4e53	docs/concepts/districts-v1/03-terrace-ward-map.png
100644 blob 5042dc03fe9bf0b0909641f93a27743aa35ebb85	docs/concepts/districts-v1/03-terrace-ward-map.svg
100644 blob 28747ced9a17ae09dcfa1539d17edae2cf75d3bd	docs/concepts/districts-v1/03-terrace-ward-v01.png
100644 blob c471c8d5fb7ea8979d8ec52c0965a7137abaa6dd	docs/concepts/districts-v1/03-terrace-ward-v02.png
100644 blob b13dd6f77a35e44a05c68f946a34834190e0cb5a	docs/concepts/districts-v1/04-glassward-map.png
100644 blob f456f037c8c583cd50908fd1df91243a7aa50c13	docs/concepts/districts-v1/04-glassward-map.svg
100644 blob a5ad8e73fa22a1d612cc072b56ae9cc9e138584e	docs/concepts/districts-v1/04-glassward-v01.png
100644 blob e85cd31690f0ef97318b73445b92ff4f2ba185b2	docs/concepts/districts-v1/05-old-quay-map.png
100644 blob 5c803572828e4f5a4b9f5bccccaa678c5d47a9d4	docs/concepts/districts-v1/05-old-quay-map.svg
100644 blob 302fa9e87317b32849af8261ab95fa1ebf931327	docs/concepts/districts-v1/05-old-quay-v01.png
100644 blob 71c538f0d2c3d7567e3e4b5a5cbe6b8543202c5e	docs/concepts/districts-v1/05-old-quay-v02.png
100644 blob d491ce9c3b73874ce1028a05124a5f4240e63174	docs/concepts/districts-v1/05-old-quay-v03.png
100644 blob d911248e81b6894fd0ee490cc1894d66873d85c0	docs/concepts/districts-v1/06-signal-row-map.png
100644 blob 50150052ca5b095173c65dcb7a46f7ec70ced7a4	docs/concepts/districts-v1/06-signal-row-map.svg
100644 blob 9886f9859a5ea141e0c2c3c7a7102f34ede2e6e8	docs/concepts/districts-v1/06-signal-row-v01-superseded.png
100644 blob b24ea833feb85e55d1fdf31b34d07349c9555180	docs/concepts/districts-v1/06-signal-row-v02.png
100644 blob 30821d12171646cb174a73524464060ef8058404	docs/concepts/districts-v1/06-signal-row-v03.png
100644 blob 7cf6f58ff85a31897b388cf5891da913d2cf28df	docs/concepts/districts-v1/07-broadlot-map.png
100644 blob 01e13b4709cc2947a88769c8b3c8905c4ac37a0a	docs/concepts/districts-v1/07-broadlot-map.svg
100644 blob 2fc44d7efb47da661de3c824ba3465c2a2706574	docs/concepts/districts-v1/07-broadlot-v01.png
100644 blob 20557c6b239e023ed18ba7c532024c2a9f830053	docs/concepts/districts-v1/08-ironreach-map.png
100644 blob a8818557a06c7a8a87ce14fb2dc629c660742b81	docs/concepts/districts-v1/08-ironreach-map.svg
100644 blob c5e20fd8661ecd5883c260d8bc71a81406cb0994	docs/concepts/districts-v1/08-ironreach-v01.png
100644 blob b9a72c3caf591a56bf84feb3de9663daa0245974	docs/concepts/districts-v1/08-ironreach-v02.png
100644 blob 2c927cfc147b4a293d5d5a7a25d74b60126fce78	docs/concepts/districts-v1/09-east-docks-map.png
100644 blob 83b1908246bbadf25a3983c52240d557b6a57e89	docs/concepts/districts-v1/09-east-docks-map.svg
100644 blob 02502f5e348e548c8df593ea05511fa42cbd5318	docs/concepts/districts-v1/09-east-docks-v01.png
100644 blob d6a67ea16dd0cd887d222f21d6689e5e4c838f90	docs/concepts/districts-v1/09-east-docks-v02.png
100644 blob e469958dc3d0e6ee58d0a90f1aff3e25fc829b4b	docs/concepts/districts-v1/README.md
100644 blob b9f11965317f39af05ecb6bfba744741c801b414	docs/concepts/districts-v1/asset-register.json
100644 blob 0bcad1bb148885486002be2af7fdac6364b78a3c	docs/concepts/districts-v1/asset-register.md
100644 blob 9ac26b4214d9c50a9a239b65df99d0ff88e68602	docs/concepts/districts-v1/asset-registry-review.md
100644 blob 47c83f7644e12dfa6614a62a6000afa24d1511a9	docs/concepts/districts-v1/brief-contract.md
100644 blob e123ea0127363d70e155029262d3ddb33fe28b54	docs/concepts/districts-v1/broadlot-assets.md
100644 blob 8ef173fc6d607b10a5053f79228cb4c5efcc3187	docs/concepts/districts-v1/broadlot.md
100644 blob df6e297369f7b6cc9068772289bf245ed90f24a2	docs/concepts/districts-v1/checks.json
100644 blob 69903b173956f0e10d74670f7bdeddb28db09f06	docs/concepts/districts-v1/east-docks-assets.md
100644 blob 2b7dfd4cb64c38aac2d82617fa8a325085790842	docs/concepts/districts-v1/east-docks.md
100644 blob d106d784cdb5a1e5ee19fab728c5cec2506ce2cf	docs/concepts/districts-v1/generation.json
100644 blob e9439049b34e9037d48df34bdd48748bf22713e1	docs/concepts/districts-v1/glassward-assets.md
100644 blob d0fdb1e3e98cdb1a235a93cf3f4f38e8511dc548	docs/concepts/districts-v1/glassward.md
100644 blob 290043de53a5fd9370b7dc2af8b3072aac9c4003	docs/concepts/districts-v1/ironreach-assets.md
100644 blob 0706ae33dc5a4b3b1cd8411aa25121249b8bf80d	docs/concepts/districts-v1/ironreach.md
100644 blob 49a5e0d2654fdbbc1719f4701265a44dd628937e	docs/concepts/districts-v1/map-context.json
100644 blob 73c6fde2709d0363ad617564dc4893fd15ccb101	docs/concepts/districts-v1/map-context.md
100644 blob e1e262ac61b1b1a76e3905df2fc3100284525142	docs/concepts/districts-v1/northpoint-assets.md
100644 blob 8b3fca3ba97366a13c1d1e97c945a1d342eb6dff	docs/concepts/districts-v1/northpoint.md
100644 blob 3b962545da0cf4adac21283386cf96ae11e7293b	docs/concepts/districts-v1/old-quay-assets.md
100644 blob cbc002800047f6e4722314d1a1513eba6aabfdcf	docs/concepts/districts-v1/old-quay.md
100644 blob 1af74d562052b05fe6485bd601a04717802a1695	docs/concepts/districts-v1/prompt-broadlot-v01.json
100644 blob 84855fcbb1e5f2ad120c97c5d84fd6f68e82ac02	docs/concepts/districts-v1/prompt-east-docks-v01.json
100644 blob 925bc8490d22fc17bd02b00420329a5c05b2bdd1	docs/concepts/districts-v1/prompt-east-docks-v02.json
100644 blob 81d07d5c8d38429e6f73e7abfb14aee639d38aa3	docs/concepts/districts-v1/prompt-glassward-v01.json
100644 blob a0b65ae823ab4fd28ff2f64bb869ea40d18e2958	docs/concepts/districts-v1/prompt-ironreach-v01.json
100644 blob d9e778c23727357bb4d751484a09bbbda3cb4814	docs/concepts/districts-v1/prompt-ironreach-v02.json
100644 blob 181c1052ab16c0bf61fd04e69be164fd7ef7c525	docs/concepts/districts-v1/prompt-northpoint-v01.json
100644 blob 8e410f6626a7aa4b9e4716eb2f1c468c8a7bdc55	docs/concepts/districts-v1/prompt-northpoint-v02.json
100644 blob 19cf225a0cd6a7638e3fddf17e49c89b661dc151	docs/concepts/districts-v1/prompt-northpoint-v03.json
100644 blob e57219ecefa2f6c28c89bf23c281e2ea7cbec780	docs/concepts/districts-v1/prompt-northpoint-v04.json
100644 blob 054e53985777b39c92fb75d80e6bec64f51d815b	docs/concepts/districts-v1/prompt-old-quay-v01.json
100644 blob f3ffc084ac46c1cea6b1008d81819993719050e4	docs/concepts/districts-v1/prompt-old-quay-v02.json
100644 blob 10c6214449b2b15065b9f4ebad9f68bd5c494f72	docs/concepts/districts-v1/prompt-old-quay-v03.json
100644 blob 8e7ae59e68aa45a65ee046057d00c38b954f3c72	docs/concepts/districts-v1/prompt-terrace-ward-v01.json
100644 blob 1372b4d442aa18ec4e6b03435e6093e6bfb6a8e6	docs/concepts/districts-v1/prompt-terrace-ward-v02.json
100644 blob 22aefcb21a86bf3e56e11efd5b2df440909f2575	docs/concepts/districts-v1/prompt-the-crescents-v01.json
100644 blob 82d343e49eb8117f0f5473b978f6bed7b022f6b9	docs/concepts/districts-v1/prompt-the-crescents-v02.json
100644 blob ef38c9dc2583c1e105a7f040e1866a5b23f1afec	docs/concepts/districts-v1/prompt-v02.json
100644 blob 3075d547f334769e450fa5cfcbd715042b710ebf	docs/concepts/districts-v1/prompt-v03.json
100644 blob a0e0ac67c1d8fb203bde78eed838617d157f1005	docs/concepts/districts-v1/prompts.json
100644 blob 28071851da0d2047f5114f57ce35129943be5fcd	docs/concepts/districts-v1/signal-row-assets.md
100644 blob 8fdbd3d4b2ab9885130b8f74f35ebc71b3f325ff	docs/concepts/districts-v1/signal-row.md
100644 blob 2a636312fea5175d166d8055b209eadf75780476	docs/concepts/districts-v1/terrace-ward-assets.md
100644 blob 35a2defc465b4aeeb99817eed433ffbe44e40028	docs/concepts/districts-v1/terrace-ward.md
100644 blob 89205c505b9a3287b4b45675e5087b231b9574bd	docs/concepts/districts-v1/the-crescents-assets.md
100644 blob 22d1ea489e91164b8b2a4a9a5c3f5d16f730381d	docs/concepts/districts-v1/the-crescents.md
100644 blob e69de29bb2d1d6434b8b29ae775ad8c2e48c5391	docs/concepts/p0-04/.gdignore
100644 blob 2ad045edb437eb9d3c125c84be9acb09578b3bd5	docs/concepts/p0-04/a-sunfaded-civic.png
100644 blob 67f0e374780df45ec6a71f6c1281cdfc0ee4166b	docs/concepts/p0-04/b-stamped-industrial.png
100644 blob 15f5483082e27fb6dbdf1efde95c6571b0c2be94	docs/concepts/p0-04/c-vibrant-top-down.png
100644 blob aa6c28f07a7842563f1358097c0dede9882bfa67	docs/concepts/p0-04/city-plan-v2.svg
100644 blob 903029e38ca4b122b653663d4ac3ec3449428d5f	docs/concepts/p0-04/city-shape.svg
100644 blob d947cf75d15f169b1ffa2f4860f16315c1cc11a2	docs/concepts/p0-04/d-petrol-coral-smooth-3d.png
100644 blob 1bae3b46340f32278ea53f720714c85d469710b8	docs/concepts/p0-04/e-cars-people-study-v1.png
100644 blob 0466160cd0d01996c3118fcbe06f0dd7fff58d2c	docs/concepts/p0-04/e-cars-people-study-v2.png
100644 blob 51b1d21033998282535f99b461de55b5c49dd71b	docs/concepts/p0-04/f-roof-shapes.png
100644 blob 04b330729ccbd0bdf90d6e2a9c1a0c6086934275	docs/concepts/p0-04/g-weapons-effects.png
100644 blob b9aee3ec8e3f80c5a66d42b7ad6ffa80ce9c48b2	docs/concepts/p0-04/h-street-composition.png
100644 blob 1bc05e85c9fd14de59ab51eddae06cc92126cb5e	docs/concepts/p0-04/i-perspective-high-rise.png
100644 blob 716243d76db24d57e0108fecf903afab068479dd	docs/concepts/p0-04/j-high-rise-families.png
100644 blob 77df88ecdd8e18aeafd60dc9946b6a3acfbfc99f	docs/concepts/p0-04/prompts-v2.json
100644 blob e2c0e5ce11a2c41b4a680ede9b583f1521cbe8f9	docs/concepts/p0-04/prompts-v3.json
100644 blob c62bfb02f9214a136918358b462c11ad12ebe492	docs/concepts/p0-04/prompts-v4.json
100644 blob 1a7bfe780cbe046a5e75f77b14934e710c7da72c	docs/concepts/p0-04/prompts-v5.json
100644 blob ab3ee486829a9cd2340b875aab65303fbe58f81a	docs/concepts/p0-04/prompts.json
100644 blob ab8cadd853d23c6664c7e39040586c299adfa5c9	docs/concepts/p0-04/review.html
100644 blob e69de29bb2d1d6434b8b29ae775ad8c2e48c5391	docs/concepts/ui-v1/.gdignore
100644 blob dc352c87c77c90a43f4ec44d04f5332b1a50119b	docs/concepts/ui-v1/01-foot-compact.png
100644 blob 8a1694b48acf1b64dbcb5dd8fe5ce5d56fe71622	docs/concepts/ui-v1/01-foot-compact.svg
100644 blob 1dcb9c8937d5f6b094941be07aedf94e0036d505	docs/concepts/ui-v1/02-foot-balanced.png
100644 blob 9f5d32909229dc6e3ffc26533a2361cc99b5c047	docs/concepts/ui-v1/02-foot-balanced.svg
100644 blob db678a67a877e745e3d2c0669fbf4a428fc99ffb	docs/concepts/ui-v1/03-foot-wide.png
100644 blob d18d24c5d39a6dc6f5eca455d155a1189a292720	docs/concepts/ui-v1/03-foot-wide.svg
100644 blob d749d00e280a9ad99bd9f8e3220e2b2941b0b2f9	docs/concepts/ui-v1/04-foot-art-context.png
100644 blob 9d2093de3ae60cd597291b2a2e021e49989560be	docs/concepts/ui-v1/04-foot-art-context.svg
100644 blob 410ddd4ec8e4b061ed66de8b97057c25fbb3eb77	docs/concepts/ui-v1/05-foot-damage.png
100644 blob 9d5f205dd18bfc182dd7777b48fd0f29791f5950	docs/concepts/ui-v1/05-foot-damage.svg
100644 blob 3828df1ce920e0dea4bfc517d90f129006ce54ff	docs/concepts/ui-v1/06-car-moving.png
100644 blob 8893713ebc5aae54787cb31a6cc7415417191115	docs/concepts/ui-v1/06-car-moving.svg
100644 blob bfe6fc65d8d93d360bd320d3552c15b1ceeea49c	docs/concepts/ui-v1/07-car-stopped.png
100644 blob fdae35ba56fed37d8928bd1f758a2fcf04a5be8f	docs/concepts/ui-v1/07-car-stopped.svg
100644 blob 0aa25f3c5911b6059a4ae2354c185f51c5e54952	docs/concepts/ui-v1/08-minimap-directions.png
100644 blob 0cce982b776395b300dac4e74830fd97be3e0039	docs/concepts/ui-v1/08-minimap-directions.svg
100644 blob f111e95a82b7457d18732d533207bc8997fc6619	docs/concepts/ui-v1/09-main-menu.png
100644 blob 2a1a7ee5ca17f54035e3f188ff06f8cdc7f32a2f	docs/concepts/ui-v1/09-main-menu.svg
100644 blob e69059f35ebbe751e0119833cc9f79abf58d21b0	docs/concepts/ui-v1/10-host.png
100644 blob 6822fb952bcfac90d3d18d7579b1969bb58d850b	docs/concepts/ui-v1/10-host.svg
100644 blob a1e8c18c05e24a55378706531653212257d9f920	docs/concepts/ui-v1/11-join-steam.png
100644 blob 78c6f1d30954125df20a372d2da888672b888c74	docs/concepts/ui-v1/11-join-steam.svg
100644 blob 4c5997350bc96c71f1ee463685498955c580689c	docs/concepts/ui-v1/12-join-direct.png
100644 blob e571215cc142477dde73d3c153b91d609ef6890b	docs/concepts/ui-v1/12-join-direct.svg
100644 blob c2a554fd405b3abf194900792a23bd7636dace05	docs/concepts/ui-v1/13-lobby.png
100644 blob 54223fe5844db327e370f4256b6d0c815a25aa9a	docs/concepts/ui-v1/13-lobby.svg
100644 blob 77c87eb632e56ef427a03ec6c22ad4fe00321f10	docs/concepts/ui-v1/14-pause.png
100644 blob 3a1e02c681e276dcc9f8f45c1f759d01e82bb901	docs/concepts/ui-v1/14-pause.svg
100644 blob c8dbb4a96fac6af195da3a1db658c124ea0293ad	docs/concepts/ui-v1/15-audio-settings.png
100644 blob 069dff25b230abb52e49dabae0db8d747de393a5	docs/concepts/ui-v1/15-audio-settings.svg
100644 blob d91b45377f364e6076adb7e003e0cfc119239a06	docs/concepts/ui-v1/16-host-lost.png
100644 blob a2d3c52bd1a9f454fb91de50b732ca59df748682	docs/concepts/ui-v1/16-host-lost.svg
100644 blob ea7af1fde426e65eeb2e9dbf0a19a3960c398ce3	docs/concepts/ui-v1/17-join-error.png
100644 blob 34054d9df982b3632beb3e5737657d08c4f5a419	docs/concepts/ui-v1/17-join-error.svg
100644 blob fc64802df1d392111d351b526aba376d4711b423	docs/concepts/ui-v1/18-join-loading.png
100644 blob 032f3df365975d59ad66bfd2dc9d9f7b4edceead	docs/concepts/ui-v1/18-join-loading.svg
100644 blob d291c989cbebbeb59418ccae2dfccfc08a7081f3	docs/concepts/ui-v1/19-host-steam-future.png
100644 blob b015bb68ade4f444cc2852fd3714c23916709e47	docs/concepts/ui-v1/19-host-steam-future.svg
100644 blob c8754a941044aa106c147b475738e584e3e17269	docs/concepts/ui-v1/20-lobby-steam-future.png
100644 blob 65092cab76daf344d3661d3534af001e994c014b	docs/concepts/ui-v1/20-lobby-steam-future.svg
100644 blob 854d867fd3e89bdadf70036744393d221339e44a	docs/concepts/ui-v1/21-loading-steam-future.png
100644 blob 59c700df026fafbc6feafcfe7028c41d1d5c1185	docs/concepts/ui-v1/21-loading-steam-future.svg
100644 blob f8a3b331a6c5afcd445136cda2a12d264b063722	docs/concepts/ui-v1/README.md
100644 blob 665f09f8ef22eaa8c4251ef9b08f975dd15ce1b4	docs/concepts/ui-v1/review.html
100644 blob 8b137891791fe96927ad78e64b0aad7bded08bdc	docs/concepts/world-v1/.gdignore
100644 blob d6204e1c1b720698934b6709f7bfb045160b3300	docs/concepts/world-v1/decisions.md
100644 blob 9d82031c95b60d97fa3b34a938f36f3d6a3312c9	docs/concepts/world-v1/review.html
100644 blob 6a0fb73627703a72c3fb04aeda184b7781527e31	docs/concepts/world-v1/stage-01-setting/01-brackett.png
100644 blob 86a7b4335305f2b7a35a51274708277d586babf2	docs/concepts/world-v1/stage-01-setting/02-swayhaven.png
100644 blob e822073e668bb89e6b7cb62a4d0f8d32bdb1096d	docs/concepts/world-v1/stage-01-setting/03-sunspoke.png
100644 blob 6456696e32179ee0c30db10eb7f460f08d9d3253	docs/concepts/world-v1/stage-01-setting/04-bellquay.png
100644 blob 5330a140d3f4c7cd7f72d49204d6813fff41c4cc	docs/concepts/world-v1/stage-01-setting/05-rivetford.png
100644 blob b32cf6f95998d2f8a6d18a692fa00457da9453d2	docs/concepts/world-v1/stage-01-setting/06-coppermesa.png
100644 blob 3ae37ec766c45cc8e0ace98f2f32f70e4861a568	docs/concepts/world-v1/stage-01-setting/07-island-ribbon.png
100644 blob a56d711e36515b69e3e94822b322b4ff4b298533	docs/concepts/world-v1/stage-01-setting/08-harbour-island.png
100644 blob d3f75325f7f7557df7477f512e9a682bf96d2323	docs/concepts/world-v1/stage-01-setting/09-island-ribbon-colour.png
100644 blob 939abb3f6ce327f7993535e5b2a8f08eaa67c9f3	docs/concepts/world-v1/stage-01-setting/10-long-island-bridge.png
100644 blob c2177735a075301d10045936caba3b7adbd18555	docs/concepts/world-v1/stage-01-setting/11-tideprint.png
100644 blob 7f2254adc4bfdbf4c2ca41c7d532b2b4e995f0a4	docs/concepts/world-v1/stage-01-setting/12-softworks.png
100644 blob 1ec7bf76561e6375e6a067d845fa6dfeffb08e70	docs/concepts/world-v1/stage-01-setting/13-folded-city.png
100644 blob 00b1753ba03997ce1e548caf09b70531795de5a4	docs/concepts/world-v1/stage-01-setting/14-stormwash.png
100644 blob 947f0fb372c79564750ba195734816061aa3b5fa	docs/concepts/world-v1/stage-01-setting/15-long-island-cyberpunk.png
100644 blob d0f646639fb5c588b7549b3c05ab5b5c27a03367	docs/concepts/world-v1/stage-01-setting/README.md
100644 blob bda70061c675ca5e3e7e3288e6c712f2138ab207	docs/concepts/world-v1/stage-01-setting/prompts-v2.json
100644 blob 3d3fa297f14b591f78a502f9a02ee49343d40916	docs/concepts/world-v1/stage-01-setting/prompts-v3.json
100644 blob 044654ae6ae7d74a07e51dced6f206c6c2c2f607	docs/concepts/world-v1/stage-01-setting/prompts-v4.json
100644 blob 471bc23d9d53b2fb46be79fc63da333ed6427443	docs/concepts/world-v1/stage-01-setting/prompts.json
100644 blob ae409615ab8d37dd6a74ecb1bc99fbee8a73ef13	docs/concepts/world-v1/stage-01-setting/round-2.md
100644 blob e50b424edd0448e232ad3961d42a5ce626f53e9d	docs/concepts/world-v1/stage-01-setting/round-3.md
100644 blob 7c8494f17084a274122c6ec333dfbe882d958ac6	docs/concepts/world-v1/stage-01-setting/round-4.md
100644 blob 4923e7b4fb1f9ec5d25ff40c67dd7abbb22729ea	docs/concepts/world-v1/stage-02-city-structure/01-neighbourhood-loops.png
100644 blob a968f5ac6fad66d40f3bb4ae2de096dc48c50d36	docs/concepts/world-v1/stage-02-city-structure/01-neighbourhood-loops.svg
100644 blob 84b4000f000229ded9870e70904ff9b4cfde44ce	docs/concepts/world-v1/stage-02-city-structure/02-harbour-heart.png
100644 blob 653c3c6c67812d8a49449f3011ed877a5729d90d	docs/concepts/world-v1/stage-02-city-structure/02-harbour-heart.svg
100644 blob 6f33667b318141c6e789cb451a71afd094522fe6	docs/concepts/world-v1/stage-02-city-structure/03-bent-spine.png
100644 blob 703e58092366ac2d5f4b5edf27d53df9e2028c41	docs/concepts/world-v1/stage-02-city-structure/03-bent-spine.svg
100644 blob e2faad28c5ee504257ea3bbb3661a79f5b62aea9	docs/concepts/world-v1/stage-02-city-structure/README.md
100644 blob f4fdc66eac2b80070b3dde3e45e00dd49893f9d2	docs/concepts/world-v1/stage-02-city-structure/draw_maps.py
100644 blob c25a4203039ccd5ab885a0e5a38e1799b040aaa7	docs/concepts/world-v1/stage-02-city-structure/m1-candidate.md
100644 blob 6df37890345c9405ffd0ea7bc47815a7c8f02ad8	docs/concepts/world-v1/stage-02-city-structure/methods.md
100644 blob 953b70d20a7c4c1aa0dcdf7acde2a5b5589b5c2a	docs/concepts/world-v1/stage-03-district-identities/01-northpoint.png
100644 blob d13288bc629f55dfe9dd077647b1aa7cc8293793	docs/concepts/world-v1/stage-03-district-identities/01-northpoint.svg
100644 blob 7e48cd9d9a602da770d6c7eea50f65e4273f6b7e	docs/concepts/world-v1/stage-03-district-identities/02-the-crescents.png
100644 blob 1a93f19aeed92e6b3a3f30fc9ec182539e69fb99	docs/concepts/world-v1/stage-03-district-identities/02-the-crescents.svg
100644 blob 49e456282d07f9932238265e510474c8a9c2338b	docs/concepts/world-v1/stage-03-district-identities/03-terrace-ward.png
100644 blob 3a64aa8f5515fdc43f388069c32fc533cc74dc7f	docs/concepts/world-v1/stage-03-district-identities/03-terrace-ward.svg
100644 blob 9d07ac3904388d8f86a2560c649bc4c9d72186e4	docs/concepts/world-v1/stage-03-district-identities/04-glassward.png
100644 blob befa1b0a8da64cbf3e5da66a7f1b273c04632d45	docs/concepts/world-v1/stage-03-district-identities/04-glassward.svg
100644 blob 9af4ad207f1d2f4cd06b7aa37876f1d065822419	docs/concepts/world-v1/stage-03-district-identities/05-old-quay.png
100644 blob a5a29e5b0f0166dc5866792de5e70604fbb41ce3	docs/concepts/world-v1/stage-03-district-identities/05-old-quay.svg
100644 blob e215d0a5e34795df39fdeacca9f89a2f4fb4c212	docs/concepts/world-v1/stage-03-district-identities/06-signal-row.png
100644 blob 1cbd13b7d534e23d6a504543f8064f96b88184ce	docs/concepts/world-v1/stage-03-district-identities/06-signal-row.svg
100644 blob dcc51c247c0d09d24538422d4c609cb811f1951b	docs/concepts/world-v1/stage-03-district-identities/07-broadlot.png
100644 blob 0024d2f63ec3e335d7dd64241c656e54404e2aa8	docs/concepts/world-v1/stage-03-district-identities/07-broadlot.svg
100644 blob 563d2d02a2e6f7409717848ef08e3f8b6176eb99	docs/concepts/world-v1/stage-03-district-identities/08-ironreach.png
100644 blob 929019e122be21afd3642ca0a95ca822fcb0d75e	docs/concepts/world-v1/stage-03-district-identities/08-ironreach.svg
100644 blob 92bb42c1a213cad233c4a674215e467442ede651	docs/concepts/world-v1/stage-03-district-identities/09-east-docks.png
100644 blob 1d39b8c14c74c99e4b17514ee57537bd50a70e4e	docs/concepts/world-v1/stage-03-district-identities/09-east-docks.svg
100644 blob 3646f57c623254eb5fc5ccfc7f2d70b2e153c234	docs/concepts/world-v1/stage-03-district-identities/10-urban-scale.png
100644 blob 5949eba005e4d36b1bb8ea744f3c23461160ab2c	docs/concepts/world-v1/stage-03-district-identities/10-urban-scale.svg
100644 blob 6780f5c0eff0998465bef3767671fd428f216c62	docs/concepts/world-v1/stage-03-district-identities/README.md
100644 blob 3d3e2034150c087f1ecbee1e7c2f184f20e7d786	docs/concepts/world-v1/stage-03-district-identities/briefs.json
100644 blob 3e3c7a7823d9e04744e054d8ce3ae7b65616df5c	docs/concepts/world-v1/stage-03-district-identities/draw_boards.py
100644 blob 296d99187320dda5da2b2c248f5ca81fa6acd301	docs/concepts/world-v1/stage-03-district-identities/m1-identity.md
100644 blob e6356527062d2a49a992b98c5a654aac9d753634	docs/concepts/world-v1/stage-03-district-identities/methods.md
100644 blob 37e723bd7eef87d19150dc4e9d0137c788019cec	docs/concepts/world-v1/stage-03-district-identities/urban-scale.md
100644 blob 9fbfe0246ad6b6d8f6a6af87f2d0f6841824780b	docs/concepts/world-v1/stage-04-streets/01-city-road-block-plan.png
100644 blob 32eef29985877f576b69707edf0a93da7bbbd899	docs/concepts/world-v1/stage-04-streets/01-city-road-block-plan.svg
100644 blob e85757ed8301f1619d6e1ee507966afc80bec91b	docs/concepts/world-v1/stage-04-streets/02-city-without-zone-colours.png
100644 blob cf02fa52962ad119d96e0a2d0ff94d7a7fdce85a	docs/concepts/world-v1/stage-04-streets/02-city-without-zone-colours.svg
100644 blob 9bfc83a874bae5aa00a85738525b0b562077ec34	docs/concepts/world-v1/stage-04-streets/03-same-scale-extracts.png
100644 blob 9b4158e986af27f5c16fd9babf9ce65c5f531bac	docs/concepts/world-v1/stage-04-streets/03-same-scale-extracts.svg
100644 blob b0ad75bbae513726ea0a54d705e6861e837b5e59	docs/concepts/world-v1/stage-04-streets/04-downtown-grid.png
100644 blob 56d52a73e1d39a7ca69758a6d5a36c790fb15c41	docs/concepts/world-v1/stage-04-streets/04-downtown-grid.svg
100644 blob b789086dac223b2931692a8491e83eff396b7e9e	docs/concepts/world-v1/stage-04-streets/README.md
100644 blob 56e29d94dc71d78b460f4b7b1b7d30a30eb7c55f	docs/concepts/world-v1/stage-04-streets/district-editor/README.md
100644 blob e55244a7e9fbefa248103249f1f09cbc2042b077	docs/concepts/world-v1/stage-04-streets/district-editor/brackett-districts.json
100644 blob 8737229c4c2b64ffa79b1aacc67f8fed6bc785d7	docs/concepts/world-v1/stage-04-streets/district-editor/editor.js
100644 blob c9aa45fd04c2e6f36d399d7852ac0ad71797cc81	docs/concepts/world-v1/stage-04-streets/district-editor/generate_map.py
100644 blob 066efded5345255efb811e889ff5af67c0bdf596	docs/concepts/world-v1/stage-04-streets/district-editor/index.html
100644 blob a05db0ff56f40b97bb721f2b39f3fa4a74e7e53d	docs/concepts/world-v1/stage-04-streets/district-editor/map-data.js
100644 blob 6872e13975f8ee8c58d8e7921ce60b17aec2d7ce	docs/concepts/world-v1/stage-04-streets/district-editor/style.css
100644 blob ef65d54c845402887c772097de271f67900aedd1	docs/concepts/world-v1/stage-04-streets/draw_plan.py
100644 blob cc44563f283e1efbafc17c094ab89a4cd3bd0ac9	docs/concepts/world-v1/stage-04-streets/drawing-check.json
100644 blob bc1730b55a3e7e28482737280bdf7d128d67c818	docs/concepts/world-v1/stage-04-streets/methods.md
100644 blob 8c647469ab6a6d0261427077f796e4ad49f3f13e	docs/decisions/p0-05-asset-workflow.md
100644 blob 216fa4e8193ea77260b155ace534a8f4b3f05ae6	docs/design.md
100644 blob 3af0d8fe0f66ad813154a8077977ecbff4467246	docs/development.md
100644 blob 9e7c69e10c0e722f7cbf7823be85110f84600f6a	docs/guidance-sources.md
100644 blob 3c31bb9e2953438c0e35f219b6ff2894a819dc8c	docs/multiplayer.md
100644 blob f1edf78d03fb9f48542d9c238b60be611c44fe1c	docs/plans/m1-production-plan.md
100644 blob 7ee1e894f2afefdec04406054adf45c9cbcae9f3	docs/plans/task-requirements.md
100644 blob 52123098f0af900fa68d41f0a4c75ec03705356b	docs/reviews/asset-production/batch_01/artifact-index.json
100644 blob e69de29bb2d1d6434b8b29ae775ad8c2e48c5391	docs/reviews/asset-production/batch_01/blender-version.stderr.log
100644 blob 3508f87ed345a256158a1160c82e88cc3986b4d7	docs/reviews/asset-production/batch_01/blender-version.stdout.log
100644 blob f408e5a63adfb678591bed8fe491115091368ba9	docs/reviews/asset-production/batch_01/candidate-scope-file-index.json
100644 blob 821cc81d02b0492e7bc18e329354d2ddccc19e66	docs/reviews/asset-production/batch_01/city_lights_01-fresh-source.png
100644 blob 4a605a87398def073bc76d2d0b5bac58d571307d	docs/reviews/asset-production/batch_01/city_lights_01-fresh-source.png.import
100644 blob e69de29bb2d1d6434b8b29ae775ad8c2e48c5391	docs/reviews/asset-production/batch_01/city_lights_01-reexport.stderr.log
100644 blob 10187fcb77375d71dd5bfc5937291078c82af773	docs/reviews/asset-production/batch_01/city_lights_01-reexport.stdout.log
100644 blob 876c7d7802faf450ba1ce6f3397bb1e831b30f9f	docs/reviews/asset-production/batch_01/city_lights_02-fresh-source.png
100644 blob fa71efd2f4ffd8674713ee8dfdc30a561c6ef5e4	docs/reviews/asset-production/batch_01/city_lights_02-fresh-source.png.import
100644 blob e69de29bb2d1d6434b8b29ae775ad8c2e48c5391	docs/reviews/asset-production/batch_01/city_lights_02-reexport.stderr.log
100644 blob a8a9ab9d3ba265c5b84b4cee75bb7c4bee6ccfd5	docs/reviews/asset-production/batch_01/city_lights_02-reexport.stdout.log
100644 blob e359dbe81dfebfc01e81d1bb2859533de30ff67b	docs/reviews/asset-production/batch_01/city_lights_04-fresh-source.png
100644 blob de1393e8957fc094562b8a91da782d7a9dfd62ef	docs/reviews/asset-production/batch_01/city_lights_04-fresh-source.png.import
100644 blob e69de29bb2d1d6434b8b29ae775ad8c2e48c5391	docs/reviews/asset-production/batch_01/city_lights_04-reexport.stderr.log
100644 blob 064fac5564dd90fcf9423b87e5fa02f7629d22b1	docs/reviews/asset-production/batch_01/city_lights_04-reexport.stdout.log
100644 blob 56d65df8fe06454f34bcc1a132d28ca169f58b1a	docs/reviews/asset-production/batch_01/city_planting_01-fresh-source.png
100644 blob c375384a73ecf2aa8e5aaabee2d859f08f0a5657	docs/reviews/asset-production/batch_01/city_planting_01-fresh-source.png.import
100644 blob e69de29bb2d1d6434b8b29ae775ad8c2e48c5391	docs/reviews/asset-production/batch_01/city_planting_01-reexport.stderr.log
100644 blob 89be8bae3cc5612bb07ddd8593f63ecb8e7e4fa1	docs/reviews/asset-production/batch_01/city_planting_01-reexport.stdout.log
100644 blob 65e227b02a6ee08349f7da511e1482b94a7c617f	docs/reviews/asset-production/batch_01/city_planting_02-fresh-source.png
100644 blob 285a1c326362bd9411b95d2d3821ad6b3aa09200	docs/reviews/asset-production/batch_01/city_planting_02-fresh-source.png.import
100644 blob e69de29bb2d1d6434b8b29ae775ad8c2e48c5391	docs/reviews/asset-production/batch_01/city_planting_02-reexport.stderr.log
100644 blob 216db97aabbb70dea5ce7c09bdd8c3abb15c7982	docs/reviews/asset-production/batch_01/city_planting_02-reexport.stdout.log
100644 blob 6d852e9a0a40e133de80e4626018351092fc11e9	docs/reviews/asset-production/batch_01/city_sign_supports_01-fresh-source.png
100644 blob 5c5e977d37d9ca7fa534b55578547deadb75ba1b	docs/reviews/asset-production/batch_01/city_sign_supports_01-fresh-source.png.import
100644 blob e69de29bb2d1d6434b8b29ae775ad8c2e48c5391	docs/reviews/asset-production/batch_01/city_sign_supports_01-reexport.stderr.log
100644 blob ebf90473dd071cffbece46f948853233e2861ea2	docs/reviews/asset-production/batch_01/city_sign_supports_01-reexport.stdout.log
100644 blob 61f92dc78586c9d4c97d17079b9c3f4665047faa	docs/reviews/asset-production/batch_01/commands.json
100644 blob e69de29bb2d1d6434b8b29ae775ad8c2e48c5391	docs/reviews/asset-production/batch_01/final/.gdignore
100644 blob 7fff7f78aa6ab186641dabe98132cef90e34733e	docs/reviews/asset-production/batch_01/final/actual-delta-file-index.json
100644 blob e69de29bb2d1d6434b8b29ae775ad8c2e48c5391	docs/reviews/asset-production/batch_01/final/actual-delta.stderr.log
100644 blob cde2addc211f3e34282aacff2ef1d560cf8ce910	docs/reviews/asset-production/batch_01/final/actual-delta.stdout.log
100644 blob e99a36eee648a312592a56ba8d2dfc246dfe5c7f	docs/reviews/asset-production/batch_01/final/artifact-index.json
100644 blob 576a265d72fc7ea9ae06c07bf00c09cdeeefb782	docs/reviews/asset-production/batch_01/final/calibration-adapted.stderr.log
100644 blob ab8f59eacd257182680b2e1ffdd01e719e7b0128	docs/reviews/asset-production/batch_01/final/calibration-adapted.stdout.log
100644 blob ac7d7d434300aabf6dcbb66e36c69b55f8b4499b	docs/reviews/asset-production/batch_01/final/calibration-component-diagnostic.json
100644 blob e69de29bb2d1d6434b8b29ae775ad8c2e48c5391	docs/reviews/asset-production/batch_01/final/calibration-components.stderr.log
100644 blob 03c9d1c13b09749e4f9742d7b4e03cfd79cf6297	docs/reviews/asset-production/batch_01/final/calibration-components.stdout.log
100644 blob da5ec3c0919f8e7647995a1a9da27dc42708dadd	docs/reviews/asset-production/batch_01/final/calibration-inventory.json
100644 blob e69de29bb2d1d6434b8b29ae775ad8c2e48c5391	docs/reviews/asset-production/batch_01/final/calibration-inventory.stderr.log
100644 blob 904999ec6965ed3f6e1babb45161aa0df241dbb1	docs/reviews/asset-production/batch_01/final/calibration-inventory.stdout.log
100644 blob 4ec80c08ca1dbec598e0d3867d5178de6d0bf0f0	docs/reviews/asset-production/batch_01/final/calibration.stderr.log
100644 blob 7d1a701f68586e3fb1642c7773582a915ae4dcea	docs/reviews/asset-production/batch_01/final/calibration.stdout.log
100644 blob 8adaca61a12d99dd91be7eb120c5433d8f578685	docs/reviews/asset-production/batch_01/final/calibration_diagnostic.py
100644 blob 8ad7d1dddde84b7c4b8806d30cf4a90eef103193	docs/reviews/asset-production/batch_01/final/calibration_inventory.py
100644 blob 810941f5684012da07753dd8546bd665a3f8e60a	docs/reviews/asset-production/batch_01/final/check.py
100644 blob 91b128e4eaf82cd7a3124df0892321b08f3d799b	docs/reviews/asset-production/batch_01/final/collision_geometry.py
100644 blob a163b958a4da711cee658e988cd55951037a3e52	docs/reviews/asset-production/batch_01/final/commands.json
100644 blob 11901337ffc1a6fd25245c647f9300e0afc59ee5	docs/reviews/asset-production/batch_01/final/engine_probe.gd
100644 blob e69de29bb2d1d6434b8b29ae775ad8c2e48c5391	docs/reviews/asset-production/batch_01/final/evidence-analysis.stderr.log
100644 blob 3aa371a5373cc13ef59059c3e191217b26095c25	docs/reviews/asset-production/batch_01/final/evidence-analysis.stdout.log
100644 blob 3d4148dd0b2632a454df3b7d9729f0748fc93889	docs/reviews/asset-production/batch_01/final/evidence_analysis.py
100644 blob 790ffbd655beceea9b2b8e3aec83592d8197431b	docs/reviews/asset-production/batch_01/final/final-preservation-and-quiescence.json
100644 blob e69de29bb2d1d6434b8b29ae775ad8c2e48c5391	docs/reviews/asset-production/batch_01/final/final-preservation-host.stderr.log
100644 blob d3274864cdcef0394213a73afa6a72a93c3e2cbb	docs/reviews/asset-production/batch_01/final/final-preservation-host.stdout.log
100644 blob 8b2718f2cb3acc212cda84f0a9a7830e9be16f2c	docs/reviews/asset-production/batch_01/final/final_guard.py
100644 blob 2764aab7210ba8657162196e1fa5d9d1c147fa4d	docs/reviews/asset-production/batch_01/final/fresh-diagnostic-analysis.json
100644 blob e69de29bb2d1d6434b8b29ae775ad8c2e48c5391	docs/reviews/asset-production/batch_01/final/gdstyle-version.stderr.log
100644 blob 075197fc388ab8a0c3f3b86d65f015c7763b54c9	docs/reviews/asset-production/batch_01/final/gdstyle-version.stdout.log
100644 blob caaac0feeb9b5fa9977dbee0f710a15d0739c75e	docs/reviews/asset-production/batch_01/final/headless_probe.gd
100644 blob 08ff0e87474c33ff36bcaf8871890061c0350ed9	docs/reviews/asset-production/batch_01/final/independent-engine-interfaces.json
100644 blob 2e08e961c7ea2f4cdbd8495bc1bc38b87ac1212c	docs/reviews/asset-production/batch_01/final/independent-ring-collision.json
100644 blob b250e02d874cc5bfecff0fbce518bd4ca2b95c2f	docs/reviews/asset-production/batch_01/final/inspect_calibration-initial.py
100644 blob e7efecfd46dac230a5f54c1d6b6b86310975b2a8	docs/reviews/asset-production/batch_01/final/inspect_calibration.py
100644 blob e69de29bb2d1d6434b8b29ae775ad8c2e48c5391	docs/reviews/asset-production/batch_01/final/live-guard-host.stderr.log
100644 blob 00741f46faa7610c82318e651f72be9bf59d478d	docs/reviews/asset-production/batch_01/final/live-guard-host.stdout.log
100644 blob f35fad76b1906d46ae0778fdd0b04b220cfa3edc	docs/reviews/asset-production/batch_01/final/live-guard.json
100644 blob 2939a5de4e5a4576540a4916809027585306532b	docs/reviews/asset-production/batch_01/final/live_guard.py
100644 blob bf0fda434b463513c32bc25167813f5e6d55cf19	docs/reviews/asset-production/batch_01/final/measured-evidence-analysis.json
100644 blob 150acdebc9732367ffe7665ec328326f2719fb23	docs/reviews/asset-production/batch_01/final/native-gameplay.png
100644 blob 758d6b4fc45d45e0ad781a165e9f81bb2112c32f	docs/reviews/asset-production/batch_01/final/native-mounting.png
100644 blob a0dd1daef3def14d7f40e333061bcb0e7ec78b1e	docs/reviews/asset-production/batch_01/final/private-ancestry-requests.json
100644 blob e69de29bb2d1d6434b8b29ae775ad8c2e48c5391	docs/reviews/asset-production/batch_01/final/private-ancestry.stderr.log
100644 blob aebb9ee485960d9954f3b476a67dd068def9da74	docs/reviews/asset-production/batch_01/final/private-ancestry.stdout.log
100644 blob 155e8d12d88747a3c29a879734d0b6add2c16f93	docs/reviews/asset-production/batch_01/final/private-close-runtime-requests.json
100644 blob e69de29bb2d1d6434b8b29ae775ad8c2e48c5391	docs/reviews/asset-production/batch_01/final/private-close-runtime.stderr.log
100644 blob 4877bd9cae1ce636480cfddbaa980cfc9f27dcac	docs/reviews/asset-production/batch_01/final/private-close-runtime.stdout.log
100644 blob c57d6ef85ffcb99de606ed52e70aa89e4f624144	docs/reviews/asset-production/batch_01/final/private-close-start-requests.json
100644 blob e69de29bb2d1d6434b8b29ae775ad8c2e48c5391	docs/reviews/asset-production/batch_01/final/private-close-start.stderr.log
100644 blob 5a7f220ab0c11698e6c81dbb94c0ae2897955de1	docs/reviews/asset-production/batch_01/final/private-close-start.stdout.log
100644 blob e69de29bb2d1d6434b8b29ae775ad8c2e48c5391	docs/reviews/asset-production/batch_01/final/private-context-host.stderr.log
100644 blob 03eeba115f502727c7b1ab7c8682d0df4de3ce4c	docs/reviews/asset-production/batch_01/final/private-context-host.stdout.log
100644 blob d05555a20c574c9c82671b433e5315bfad623f21	docs/reviews/asset-production/batch_01/final/private-context.stderr.log
100644 blob e69de29bb2d1d6434b8b29ae775ad8c2e48c5391	docs/reviews/asset-production/batch_01/final/private-context.stdout.log
100644 blob 8e17350ff7cc5e3794dc169cb0f6a476ab0fc1e9	docs/reviews/asset-production/batch_01/final/private-editor-restarted.log
100644 blob 3069fc52a74f82a1a61db1629f7493bcf8dce483	docs/reviews/asset-production/batch_01/final/private-prefabs-requests.json
100644 blob 485f7c399d861dd51aabc3c65288149d89b52991	docs/reviews/asset-production/batch_01/final/private-prefabs.stderr.log
100644 blob d99891edc495892ca2d567030db9363c97c30896	docs/reviews/asset-production/batch_01/final/private-prefabs.stdout.log
100644 blob f82bf8a3e3212c3a583c17c4d4af32bf94ed8978	docs/reviews/asset-production/batch_01/final/private-runtime-requests.json
100644 blob e69de29bb2d1d6434b8b29ae775ad8c2e48c5391	docs/reviews/asset-production/batch_01/final/private-runtime.stderr.log
100644 blob 424b6d574e7c2865f5b13a720edb76508ef94c29	docs/reviews/asset-production/batch_01/final/private-runtime.stdout.log
100644 blob e4937066345dfa9963236781af4b83dc62800244	docs/reviews/asset-production/batch_01/final/private-start-requests.json
100644 blob e69de29bb2d1d6434b8b29ae775ad8c2e48c5391	docs/reviews/asset-production/batch_01/final/private-start.stderr.log
100644 blob 805345254ad84a62cf70a231eb7406a6b07a18c6	docs/reviews/asset-production/batch_01/final/private-start.stdout.log
100644 blob 672427bb2ca88843b0a731184e7b0bf6065779f7	docs/reviews/asset-production/batch_01/final/private-stop-requests.json
100644 blob e69de29bb2d1d6434b8b29ae775ad8c2e48c5391	docs/reviews/asset-production/batch_01/final/private-stop.stderr.log
100644 blob 87da9e17cd494ddf9831f37f1c67ba05f4a706df	docs/reviews/asset-production/batch_01/final/private-stop.stdout.log
100644 blob 67acf8ea52e7efafc98c9d0860a6c52b11caef27	docs/reviews/asset-production/batch_01/final/report.md
100644 blob b37583c6aa49d633b6988ef7711115291ed56770	docs/reviews/asset-production/batch_01/final/retained-diagnostic-analysis.json
100644 blob 0713c4e1e26d335bd08a1cdef15641071a561da5	docs/reviews/asset-production/batch_01/final/review-identity.json
100644 blob e69de29bb2d1d6434b8b29ae775ad8c2e48c5391	docs/reviews/asset-production/batch_01/final/saved-ring-geometry.stderr.log
100644 blob f18dc8f193187517cd59c979e9ff6aeacf847f20	docs/reviews/asset-production/batch_01/final/saved-ring-geometry.stdout.log
100644 blob e69de29bb2d1d6434b8b29ae775ad8c2e48c5391	docs/reviews/asset-production/batch_01/final/scoped-gdstyle.stderr.log
100644 blob f10d09e64c5b7252dc92b9c7dd7895e3c864a7c5	docs/reviews/asset-production/batch_01/final/scoped-gdstyle.stdout.log
100644 blob 78c2e99c8e214a749e3aebac51285616ce9d6262	docs/reviews/asset-production/batch_01/final/scratch-import.stderr.log
100644 blob 49bd74b7517153ce6668b44f82e6dba8a0dac7d7	docs/reviews/asset-production/batch_01/final/scratch-import.stdout.log
100644 blob fb017566bef4b7fcb2d1718cf29f2636e7a26b01	docs/reviews/asset-production/batch_01/final/scratch-interfaces.stderr.log
100644 blob 9f86da8a1c67473f2428f3949c24c975c80444e2	docs/reviews/asset-production/batch_01/final/scratch-interfaces.stdout.log
100644 blob 852f394c6610419b43dfde02e895c4d7ed3c7a02	docs/reviews/asset-production/batch_01/final/seal_review.py
100644 blob 4eefaa6a26cfefaf58ecb1f8e298706371c96c26	docs/reviews/asset-production/batch_01/final/static-audit.json
100644 blob e69de29bb2d1d6434b8b29ae775ad8c2e48c5391	docs/reviews/asset-production/batch_01/final/static-audit.stderr.log
100644 blob c3db970f4306c24afb2bb1713e484df8879cd1a2	docs/reviews/asset-production/batch_01/final/static-audit.stdout.log
100644 blob 94e98daca65b0d69a180126ce94af32d4e77e0e4	docs/reviews/asset-production/batch_01/final/static_audit.py
100644 blob fec7f2517b80dc953d8ed15d91fba23c5f37f8c7	docs/reviews/asset-production/batch_01/fresh-export-comparison.json
100644 blob b678e82f1f4ec66ffd8bf1e210087cb4904a7e77	docs/reviews/asset-production/batch_01/fresh-preview-settings.json
100644 blob e69de29bb2d1d6434b8b29ae775ad8c2e48c5391	docs/reviews/asset-production/batch_01/fresh-source-previews.stderr.log
100644 blob 54b8fe3747da82bf16414c5ccc70b8141ab81199	docs/reviews/asset-production/batch_01/fresh-source-previews.stdout.log
100644 blob 0059465a5b252e03de0472770c7d078064ee63ea	docs/reviews/asset-production/batch_01/independent-glb-check.json
100644 blob d904e89a236159c4c79596729f985c76fb6c20a9	docs/reviews/asset-production/batch_01/independent-interface-check.json
100644 blob e69de29bb2d1d6434b8b29ae775ad8c2e48c5391	docs/reviews/asset-production/batch_01/independent-interface-check.stderr.log
100644 blob 808d641b763b5dee064480326d92cbc028229019	docs/reviews/asset-production/batch_01/independent-interface-check.stdout.log
100644 blob ebde72d28dac46a02c25e8a925974cdc7b8455b9	docs/reviews/asset-production/batch_01/independent-manifest-and-glb-adapted.stderr.log
100644 blob e69de29bb2d1d6434b8b29ae775ad8c2e48c5391	docs/reviews/asset-production/batch_01/independent-manifest-and-glb-adapted.stdout.log
100644 blob 37d399c505bb076753f05a68003dbd85ccce0fb6	docs/reviews/asset-production/batch_01/independent-manifest-and-glb.stderr.log
100644 blob e69de29bb2d1d6434b8b29ae775ad8c2e48c5391	docs/reviews/asset-production/batch_01/independent-manifest-and-glb.stdout.log
100644 blob 51d5b1461a3d3a7320de46a4e2e6840205ac81ba	docs/reviews/asset-production/batch_01/independent-manifest-check.json
100644 blob 25fab32b5e3e4d1acd7d57f72cf2d37bbcd3a9dc	docs/reviews/asset-production/batch_01/independent-model-bounds.json
100644 blob e69de29bb2d1d6434b8b29ae775ad8c2e48c5391	docs/reviews/asset-production/batch_01/independent-model-bounds.stderr.log
100644 blob 25fab32b5e3e4d1acd7d57f72cf2d37bbcd3a9dc	docs/reviews/asset-production/batch_01/independent-model-bounds.stdout.log
100644 blob e69de29bb2d1d6434b8b29ae775ad8c2e48c5391	docs/reviews/asset-production/batch_01/independent-payload-schema-adaptation.stderr.log
100644 blob 1d08afc216283c726b1241472a072a6de39cd1b9	docs/reviews/asset-production/batch_01/independent-payload-schema-adaptation.stdout.log
100644 blob c9333d758bae3dc844efea9f933cf35df23aee99	docs/reviews/asset-production/batch_01/independent-source-inspection.json
100644 blob e69de29bb2d1d6434b8b29ae775ad8c2e48c5391	docs/reviews/asset-production/batch_01/independent-source-inspection.stderr.log
100644 blob 554fb896cb4bc09b377e0edd60106e71980fb5ee	docs/reviews/asset-production/batch_01/independent-source-inspection.stdout.log
100644 blob 529f9b0ea23b18f4f302f0c8cbb4730469361f1d	docs/reviews/asset-production/batch_01/initial-ancestry-static.json
100644 blob cc8488d82d8b87cfdd070a6b7f97ed8c93b28f25	docs/reviews/asset-production/batch_01/inspect_interfaces.py
100644 blob 6f5343d2c69475c8549469f2a96f5dd6a5dbb268	docs/reviews/asset-production/batch_01/inspect_payload.py
100644 blob 191ea88b1fa301c55faf4ce0bcf429fd591055cd	docs/reviews/asset-production/batch_01/inspect_sources.py
100644 blob 700e0ac8ccda299e8c1a9fd40ed95a9b123314cc	docs/reviews/asset-production/batch_01/inspect_world_bounds.py
100644 blob 4dd4541220fb4e0223a969f3d4dbc431be576c03	docs/reviews/asset-production/batch_01/preflight.py
100644 blob e69de29bb2d1d6434b8b29ae775ad8c2e48c5391	docs/reviews/asset-production/batch_01/preflight.stderr.log
100644 blob c6d806f3a3470233b93adcfee9d76d78d571081b	docs/reviews/asset-production/batch_01/preflight.stdout.log
100644 blob d77398c65af2febc30b31c0f8d9f284d464f8676	docs/reviews/asset-production/batch_01/producer-diagnostic-index.json
100644 blob e69de29bb2d1d6434b8b29ae775ad8c2e48c5391	docs/reviews/asset-production/batch_01/record-consistency.stderr.log
100644 blob fb3061c0bcc9b8f5645371f21d73f71469022ce1	docs/reviews/asset-production/batch_01/record-consistency.stdout.log
100644 blob dc629e9a3b60b3e4806f548af66fb936d38bb0db	docs/reviews/asset-production/batch_01/render_sources.py
100644 blob fdd4fbb62af0e7c34cb6237298071c55e2479db7	docs/reviews/asset-production/batch_01/report.md
100644 blob c6d806f3a3470233b93adcfee9d76d78d571081b	docs/reviews/asset-production/batch_01/review-identity.json
100644 blob d2b74c3ae732ed88df87831df6235efa215beda1	docs/reviews/asset-production/batch_01/run_checks.py
100644 blob e69de29bb2d1d6434b8b29ae775ad8c2e48c5391	docs/reviews/asset-production/batch_01/scoped-changed-paths.stderr.log
100644 blob 5295cebfa4cf1f1bdd3d5d14b8b08675833a266e	docs/reviews/asset-production/batch_01/scoped-changed-paths.stdout.log
100644 blob 147c5060aeb4baab8acdf53b98d67e0d6a82de36	docs/reviews/asset-production/batch_01/verify_review_record.py
100644 blob ae5b5fe50f4296f39a1dd0ef6427fc8256e93e2f	docs/reviews/fixtures/p0-06.md
100644 blob ad72548ebcca0c987a13c2649d74c69662de8171	docs/reviews/fixtures/p0_07.py
100644 blob 97b067d09cc043abbc23e0efea5e4791cdd66358	docs/reviews/foundation-doc-evidence/doc1-checks.txt
100644 blob 4a74986792c7136476cbe9a835d0719ed5070372	docs/reviews/foundation-doc-evidence/doc2-checks.txt
100644 blob 3a94cb53d8e8e803d4e388b2d072846678d76ba3	docs/reviews/foundation-doc-evidence/final-worker-checks.txt
100644 blob de53069dec1931dfe39037a3e06c5826506ac4f7	docs/reviews/foundation-doc-evidence/independent-check.py
100644 blob 076b4294d64ca0136ea477888f77930f94926a4e	docs/reviews/foundation-doc-evidence/independent-checks.txt
100644 blob c552efbea0646e8e59f6ee5f2eae4914f3d40b13	docs/reviews/foundation-doc-evidence/p0-doc1-requirements.txt
100644 blob 3f2526d30d1e13d3a1ae257adb88501ba9a46af2	docs/reviews/foundation-doc-evidence/p0-doc2-requirements.txt
100644 blob 4506d1fd45ba65e0d68def42124ad66acdf7cf6c	docs/reviews/foundation-doc-evidence/review-metadata.json
100644 blob acafba865ae551df9c568dcb6bfce5e5223cf890	docs/reviews/foundation-doc-evidence/worker-check.py
100644 blob bb0d10cb1403b164cd0368162e09d345dfb3cfad	docs/reviews/foundation-doc-review.md
100644 blob 245a01322e07072ea4bddc6aa929189e8eb6e0dd	docs/reviews/owner-decisions-2026-10-08.md
100644 blob 674596c73916664798a14815ccd59222ab6723e1	docs/reviews/p0-06-dry-run.md
100644 blob 9cbdfd4f46a6a4cd5ed36b6941a5c4accb10d099	docs/reviews/p0-06.md
100644 blob c6b9374a51a52e3b97f082790bde51c816d6db8c	docs/reviews/p0-07-dry-run.md
100644 blob 0f73827dac36880d6d7a65d57fca6d95819785ea	docs/reviews/p0-07-evidence/baseline-checks.json
100644 blob 2b764be0561c9f05b3baa2ccbf93e2f0bc18aaab	docs/reviews/p0-07-evidence/baseline-import-sandbox.log
100644 blob 753e4b022711f51ddf68ef11564c64091e9b143e	docs/reviews/p0-07-evidence/baseline-import.log
100644 blob 00ffb6624b34e0986cc9275689630b85129e16d7	docs/reviews/p0-07-evidence/baseline-resources.log
100644 blob b735bbfa04804ca6e9c6def37170fed6e5fc7c05	docs/reviews/p0-07-evidence/baseline-sandbox-checks.json
100644 blob 6d09a0d6dad47059e0e76f92d5072abd38b8396f	docs/reviews/p0-07-evidence/dry-run-request.json
100644 blob aa73f1afb2269c83ab8be50d5bf5ea46cafd7a13	docs/reviews/p0-07-evidence/dry-run/base-candidate.diff
100644 blob 9ae4bc65af328125a4b46bc31803966cde653a0f	docs/reviews/p0-07-evidence/dry-run/candidate-before.json
100644 blob e119bfbea2649cda9de2166aa9fe191c2b96e0c9	docs/reviews/p0-07-evidence/dry-run/commands.json
100644 blob ea2f89dbfac2ecd7da7760baa5bc2a447dfbcf96	docs/reviews/p0-07-evidence/dry-run/compile_check.log
100644 blob ea2f89dbfac2ecd7da7760baa5bc2a447dfbcf96	docs/reviews/p0-07-evidence/dry-run/compile_editor_probe.log
100644 blob ea2f89dbfac2ecd7da7760baa5bc2a447dfbcf96	docs/reviews/p0-07-evidence/dry-run/compile_identity.log
100644 blob f81be720a98266793821317d19a196f5d3a86a56	docs/reviews/p0-07-evidence/dry-run/final_audit.json
100644 blob f81be720a98266793821317d19a196f5d3a86a56	docs/reviews/p0-07-evidence/dry-run/final_audit.log
100644 blob e512202107d256e327b8a01c838b74b95d2d82ba	docs/reviews/p0-07-evidence/dry-run/godot_version.log
100644 blob 753e4b022711f51ddf68ef11564c64091e9b143e	docs/reviews/p0-07-evidence/dry-run/import_escalated.log
100644 blob 3ecdd0c08c4e7393eb4070571bf9c9b86b2daa8d	docs/reviews/p0-07-evidence/dry-run/import_sandbox.log
100644 blob 4461475a40bacb0d2548821b9c67bf56b42677ff	docs/reviews/p0-07-evidence/dry-run/independent_query.log
100644 blob 96e9561b0596827ba462f11d8a5ee7ca56e95404	docs/reviews/p0-07-evidence/dry-run/query.gd.txt
100644 blob e3bd9d17902f507990b34d94989d3b19cb482a16	docs/reviews/p0-07-evidence/dry-run/resource_check.log
100644 blob e0999ceef7edeaa946f021da55d969b2a3b2293f	docs/reviews/p0-07-evidence/dry-run/run.py
100644 blob c58aed004e8112c109bd76ad5843cd499b96ea79	docs/reviews/p0-07-evidence/dry-run/s01_rig.glb.json
100644 blob abe064d47acb436487ed2b93c00385582d701ad2	docs/reviews/p0-07-evidence/dry-run/s01_static.glb.json
100644 blob 6788db60be20443ae9852d948b78f7b6fcc2a3b5	docs/reviews/p0-07-evidence/dry-run/source_links.log
100644 blob c0fb3465ae8a90edfca66cc6a0dfba97df89e282	docs/reviews/p0-07-evidence/fixture.patch
100644 blob e2a54fa8243206fbfa4cbc318cbb7a549486ab21	docs/reviews/p0-07-evidence/manifest.json
100644 blob c2cd1451e6d275ade133af66c579ed7bf13c74f2	docs/reviews/p0-07-evidence/preservation-check.json
100644 blob 330d372cc6fbe1b4cefaec48f26ff6a1bde0dd99	docs/reviews/p0-07-evidence/skill-validation.json
100644 blob dc1a0820872b0f4214a379309f954cbf8f219385	docs/reviews/p0-07.md
100644 blob 495920c25ec11b99d82def9a83788b314f610a67	docs/reviews/p0-doc1.md
100644 blob c5c370b3ede322330f7b8dff4584e90de580305d	docs/reviews/p0-doc10.md
100644 blob 8e53b7d5ee331ec5d3e07ae534668add7fd90234	docs/reviews/p0-doc11.md
100644 blob d0361acc20350e0b3421c27cd0ae57ed7eb6f55c	docs/reviews/p0-doc12.md
100644 blob 44937b6e6a71fb465f56d0c40b71657094d3ef0d	docs/reviews/p0-doc13.md
100644 blob 47dd0a50c6126ef2559f0dd1a4be94c3c018204c	docs/reviews/p0-doc14.md
100644 blob 11e7ebba592d2152927357edc7851e8eef5b45af	docs/reviews/p0-doc2.md
100644 blob 6cca78a530968a2acedb6769693ae2db0aa4514f	docs/reviews/p0-doc4-review.md
100644 blob 87abbf9b65c0cec2e2065aa1d2c41028efbdd202	docs/reviews/p0-doc4.md
100644 blob 168ea20532d25eeb2f533119994c737671adea94	docs/reviews/p0-doc5-evidence/check_static.py
100644 blob 9f05558393003962d76f38c3a8671c2fda1f9b6f	docs/reviews/p0-doc5-evidence/retention.json
100644 blob ca29efcd0ac479d032f005d993fd4871f20cbdae	docs/reviews/p0-doc5-evidence/review-0ce40d9/09-reviewer-status.json
100644 blob 56c8b1cbf44dd175f8cc6dd0c9b8079300ae9cbc	docs/reviews/p0-doc5-evidence/review-0ce40d9/10-independent-audit.log
100644 blob 5a88798b401335ab828ed0e0a9a50854e1535257	docs/reviews/p0-doc5-evidence/review-0ce40d9/11-independent-audit-final.log
100644 blob 5d13f53e8ea285b26081c51fc6661e1462f7e85c	docs/reviews/p0-doc5-evidence/review-0ce40d9/independent_audit.py
100644 blob 634809c58166419f106a970e1df429f0f9b602b8	docs/reviews/p0-doc5-evidence/review-0ce40d9/links.log
100644 blob 01a061c286d713e87846ece3e6630f65046fc43e	docs/reviews/p0-doc5-evidence/review-0ce40d9/runner-ast.json
100644 blob 929e7ab074f10b15a10fcc1511273d381bc85eca	docs/reviews/p0-doc5-evidence/worker-static-0ce40d9.txt
100644 blob 76ea6f83aa677b67c73048205df2d7664437c562	docs/reviews/p0-doc5-review.md
100644 blob 13c398602a1a649fe6b8267f204f70e15be48745	docs/reviews/p0-doc5.md
100644 blob 068dee262fff712ad7a8d21367fd46b35d7f2152	docs/reviews/p0-doc6.md
100644 blob 4a96ad144344868bbefe8b4e75e4342c20e5e0a3	docs/reviews/p0-doc7.md
100644 blob 4fd62732ef276d4107492e7e492369599533b5a7	docs/reviews/p0-doc8.md
100644 blob 3e4f95f0ff7a7565f7eda1c767cf42f1d658e704	docs/reviews/p0-doc9.md
100644 blob a74a6fee8da23d48820787836025fe32c8a14d56	docs/reviews/p0-gate-packet-2026-10-09.md
100644 blob 8087e013111eb4d6e02dac3f61940f9d5c191afb	docs/reviews/p0-readiness-audit-2026-10-08.md
100644 blob 001af68eac7fa8e96db9ad0facf9a1daf8751126	docs/reviews/plan-check-02-evidence/independent-check.py
100644 blob 4c6c477a1af70eed56933d94d14e42e33c6de0c8	docs/reviews/plan-check-02-evidence/independent-checks.txt
100644 blob 6906bede4555144b89145ae6d0c37aa17129e6e7	docs/reviews/plan-check-02-evidence/profile-assessment.json
100644 blob 501faca562599c76b89e28c0c473307ab7a89578	docs/reviews/plan-check-02-evidence/raw-requirements.txt
100644 blob 8c7ffb5e31b4c7469358e65f122eebabdcc5178f	docs/reviews/plan-check-02-evidence/session-corroboration.json
100644 blob cc0d731373b6b3005f08e85903b45285fe444cae	docs/reviews/plan-check-02-evidence/source-corroboration.txt
100644 blob 0f9b7cf5b1198d21d5f67649d40a69ab036d94cb	docs/reviews/plan-check-02-evidence/worker-checks.txt
100644 blob 71e674b1dbd86411dc03ba7beb374f31941aca9d	docs/reviews/plan-check-03-evidence/check.py
100644 blob d8e9f354a087b89b18d991c4acfd0f09b1159ae5	docs/reviews/plan-check-03-evidence/profile-assessment.json
100644 blob 69d165238b892d60c455e76654ebf8ae541e2611	docs/reviews/plan-check-03-evidence/provider-discovery.json
100644 blob 2c840428e4cb92b3286c1d00da4125113a93a9ad	docs/reviews/plan-check-03-evidence/requirements.txt
100644 blob 2b008675b9970d450459d9d15a9cd8d9eb63f22e	docs/reviews/plan-check-03-evidence/worker-checks-b6b16d6.txt
100644 blob add9503b818b9acc40764e382dd62d308ffa7369	docs/reviews/plan-check-04-evidence/audit-manifest.json
100644 blob 99e3177e058ef0c1d6e596a40628805740af3d0b	docs/reviews/plan-check-04-evidence/check.py
100644 blob 3e075126f77c54f07638d63d9dc767c730dc58a6	docs/reviews/plan-check-04-evidence/profile-discovery.json
100644 blob 2edc0c28cdb8784dcd8d1269fda045d530defd8c	docs/reviews/plan-check-04-evidence/requirements.txt
100644 blob b4afab9a55889bfa38f233a7f7aff7b2db04e5ce	docs/reviews/plan-check-04-evidence/retention.json
100644 blob f1edd1d5e85eba4de300e69ba28a8ac16aa3461a	docs/reviews/plan-check-04-evidence/review-0f87146/discovery.json
100644 blob 08901e223c079abc2a782214ebec249aa2ccbf8d	docs/reviews/plan-check-04-evidence/review-0f87146/schema-check.mjs
100644 blob 152ad47806bc488e910f6aba79d79418f09aa9aa	docs/reviews/plan-check-04-evidence/review-0f87146/schema-check.txt
100644 blob 3ac30b6dce6965773881455b93c928ba98f009bc	docs/reviews/plan-check-04-evidence/review-0f87146/source-and-measures.txt
100644 blob c54349337bdf2ef6943a612d23380b7c35b2571b	docs/reviews/plan-check-04-evidence/review-0f87146/static-audit.txt
100644 blob d7ac73da5e3ffb5223a23520348e3b1bdbfd7349	docs/reviews/plan-check-04-evidence/review-0f87146/static_audit.py
100644 blob ff3640f1e17f8b81202a19ee22aa38fd85201eed	docs/reviews/plan-check-04-evidence/review-0f87146/worker-checker.txt
100644 blob ff3640f1e17f8b81202a19ee22aa38fd85201eed	docs/reviews/plan-check-04-evidence/worker-checks-0f87146.txt
100644 blob f83c4c4c263f947dcdfbe6e2fa8e4e9ade1a2fc8	docs/reviews/plan-check-05-evidence/accepted-notes/04f16d3.txt.gz
100644 blob f562751e58a22e40c6e9d441bf2aeb52f3c03f5a	docs/reviews/plan-check-05-evidence/accepted-notes/2370ad1.txt.gz
100644 blob ee536d593938fe66b7269082d9cf86fafbe1cf59	docs/reviews/plan-check-05-evidence/accepted-notes/8b6dc30.txt.gz
100644 blob 87bca49ea9442c175dacf120ccd1b65e88c080a4	docs/reviews/plan-check-05-evidence/accepted-notes/ca38e4f.txt.gz
100644 blob 7ddbe2b625f48a4e32a4f203cb16d6492cbfd59f	docs/reviews/plan-check-05-evidence/audit-manifest.json
100644 blob 9477059e2cd5a687aa3c94eadac35f29a3160f2a	docs/reviews/plan-check-05-evidence/check.py
100644 blob f83c4c4c263f947dcdfbe6e2fa8e4e9ade1a2fc8	docs/reviews/plan-check-05-evidence/independent/04f16d3-full-note.txt.gz
100644 blob f562751e58a22e40c6e9d441bf2aeb52f3c03f5a	docs/reviews/plan-check-05-evidence/independent/2370ad1-full-note.txt.gz
100644 blob ee536d593938fe66b7269082d9cf86fafbe1cf59	docs/reviews/plan-check-05-evidence/independent/8b6dc30-full-note.txt.gz
100644 blob 99ec5aa5b6f7add661741c98647252af9621373b	docs/reviews/plan-check-05-evidence/independent/SHA256SUMS.gz
100644 blob c2e434b35391e54c7d32b27bbfe0df060f8ecd9d	docs/reviews/plan-check-05-evidence/independent/artifact-manifest.json.gz
100644 blob 87bca49ea9442c175dacf120ccd1b65e88c080a4	docs/reviews/plan-check-05-evidence/independent/ca38e4f-full-note.txt.gz
100644 blob 95b2adaf591ddaf900d3836b42c2b5b333bd4e86	docs/reviews/plan-check-05-evidence/independent/candidate-checker-inspected.py.txt.gz
100644 blob 86e43ea3218b5890302b754bbf8927f94e79f7ee	docs/reviews/plan-check-05-evidence/independent/candidate-checker.stderr.gz
100644 blob 70d8077322d54d1323264a1cad8879e7e39bac59	docs/reviews/plan-check-05-evidence/independent/candidate-checker.stdout.gz
100644 blob 86e43ea3218b5890302b754bbf8927f94e79f7ee	docs/reviews/plan-check-05-evidence/independent/candidate-diff-check.stderr.gz
100644 blob 86e43ea3218b5890302b754bbf8927f94e79f7ee	docs/reviews/plan-check-05-evidence/independent/candidate-diff-check.stdout.gz
100644 blob 38f4960da429e572cfcab71a2015409e5493ee09	docs/reviews/plan-check-05-evidence/independent/checkpoint05-accepted-range-whitespace.json.gz
100644 blob 19d055e525b907047fbfd015276e937a847686df	docs/reviews/plan-check-05-evidence/independent/checkpoint05-accepted-range-whitespace.log.gz
100644 blob 70d8077322d54d1323264a1cad8879e7e39bac59	docs/reviews/plan-check-05-evidence/independent/checkpoint05-worker-static-a509ca9.log.gz
100644 blob 6fb17ee7034c64b3ecf1ebd4cfae4c08777239b0	docs/reviews/plan-check-05-evidence/independent/examined-history.stdout.gz
100644 blob 5d1101b430cdc5fc3df7c4156e16048b6e108c94	docs/reviews/plan-check-05-evidence/independent/exploratory-path-read.stderr.gz
100644 blob 86e43ea3218b5890302b754bbf8927f94e79f7ee	docs/reviews/plan-check-05-evidence/independent/final-git-status.stdout.gz
100644 blob d3de59172bed41899d9b9bea6090860342836183	docs/reviews/plan-check-05-evidence/independent/final-refs.stdout.gz
100644 blob cb2d6a25babff346bb730cc16f6d7cb0ebe09512	docs/reviews/plan-check-05-evidence/independent/handoff.json.gz
100644 blob 807d0bd7ec6385c71c13d5f8c7f8df525050c0d5	docs/reviews/plan-check-05-evidence/independent/links.json.gz
100644 blob de861881aab921b02e5b4f9a6a993691beeb07b4	docs/reviews/plan-check-05-evidence/independent/source-inspection-initial.py.gz
100644 blob ab9f7a9828dc127b1dfff2139630419fe2d28f7b	docs/reviews/plan-check-05-evidence/independent/source-inspection-initial.stderr.gz
100644 blob a73b92b5cf5594b114cd1885a602de397630899a	docs/reviews/plan-check-05-evidence/independent/source-inspection-initial.stdout.gz
100644 blob f5e5290167d195e7cf23b2b7a76218175cb608a6	docs/reviews/plan-check-05-evidence/independent/static-audit-initial.stderr.gz
100644 blob 86e43ea3218b5890302b754bbf8927f94e79f7ee	docs/reviews/plan-check-05-evidence/independent/static-audit-initial.stdout.gz
100644 blob 0254f3318ea0651371a399b3edba344c8784ebcb	docs/reviews/plan-check-05-evidence/independent/static-audit-second.stderr.gz
100644 blob b9963fe3b60c8a225f52c44080735f539dfd15e3	docs/reviews/plan-check-05-evidence/independent/static-audit-second.stdout.gz
100644 blob 35eab7f2c467f1d4c773b84ae5581ec6aa36dd2d	docs/reviews/plan-check-05-evidence/independent/static-audit-third.stderr.gz
100644 blob d788e02c13916ff35a3a3bcbb6680f4f761aee74	docs/reviews/plan-check-05-evidence/independent/static-audit-third.stdout.gz
100644 blob 86e43ea3218b5890302b754bbf8927f94e79f7ee	docs/reviews/plan-check-05-evidence/independent/static-audit.stderr.gz
100644 blob 2865181b80d0527b2d14936ce57340699239bdc9	docs/reviews/plan-check-05-evidence/independent/static-audit.stdout.gz
100644 blob 128114a960978fed1438f568e422841375f7ad14	docs/reviews/plan-check-05-evidence/independent/static_audit-initial.py.gz
100644 blob 7e00dc5091b0f17929b0ffc68589b65133477497	docs/reviews/plan-check-05-evidence/independent/static_audit-second.py.gz
100644 blob 7cce3a4e48c17467ec18e25005540b241b75dde2	docs/reviews/plan-check-05-evidence/independent/static_audit-third.py.gz
100644 blob 228b8974b4b178bd0ef378b74f41d31669364e3f	docs/reviews/plan-check-05-evidence/independent/static_audit.py.gz
100644 blob a62632025b619b13712f0ec20f6d5fa7ffbbab83	docs/reviews/plan-check-05-evidence/profile-discovery.json
100644 blob 824fd3419686c18c784138e78adc8913694a1584	docs/reviews/plan-check-05-evidence/requirements.txt
100644 blob a8895867eb6b78a00177c561bcb31f2aa2ce4f65	docs/reviews/plan-check-05-evidence/retention.json
100644 blob 0f6103bb92520b918acf38e388ead06d62a097dc	docs/reviews/plan-check-05-evidence/root-updates.txt
100644 blob ebba8f8ba63af06b552eeab4910e8de4d7110d22	docs/reviews/plan-check-06-evidence/accepted-payloads.json
100644 blob d8061dd22f1be102176360f93da4943fb1fe9f62	docs/reviews/plan-check-06-evidence/audit-manifest.json
100644 blob 57388f886e1a137b133607ce5b338670232a3f71	docs/reviews/plan-check-06-evidence/check.py
100644 blob a0a9c114333eb2baa4e7f1067e798d78b9329b63	docs/reviews/plan-check-06-evidence/independent-retention.json
100644 blob 40fc98ac99253f32dd5c335b8e5a277615bd0a2f	docs/reviews/plan-check-06-evidence/independent/SHA256SUMS.gz
100644 blob d2e22b8bd448208293dc0505ae0bc2a24a2f750e	docs/reviews/plan-check-06-evidence/independent/delivery-ledger.json.gz
100644 blob 9b784e11506f850a5cb1ac33d7aa786c9c3d4eae	docs/reviews/plan-check-06-evidence/independent/manifest.json.gz
100644 blob 0f7f0325e7ca0cb63ae5fc8d9cd3252d56d75df1	docs/reviews/plan-check-06-evidence/independent/package-verification.json.gz
100644 blob 366ae83b19f5f701dc6209f6689551c6c3e06544	docs/reviews/plan-check-06-evidence/independent/raw-package.command.json.gz
100644 blob 86e43ea3218b5890302b754bbf8927f94e79f7ee	docs/reviews/plan-check-06-evidence/independent/raw-package.stderr.gz
100644 blob 3218e43c0a33e515d25c90772ef7f5a1dc1a6af1	docs/reviews/plan-check-06-evidence/independent/raw-package.stdout.gz
100644 blob 8723a5222568df6d3440f516e530bceb64fc12d3	docs/reviews/plan-check-06-evidence/independent/retain_review.py.gz
100644 blob 3a80d9415cced606df6b65e1d4386d202c281d70	docs/reviews/plan-check-06-evidence/independent/review-artifacts.tar.gz
100644 blob 93f155233f15c761a4841cba556cfb70666755ce	docs/reviews/plan-check-06-evidence/independent/reviewer-launch-prompt.txt.gz
100644 blob a3cade3f9a956032cae393809fafa30a604a9eef	docs/reviews/plan-check-06-evidence/independent/reviewer-launch.json.gz
100644 blob f28a3b454bd367bec51856e61e9469a84f672e87	docs/reviews/plan-check-06-evidence/profile-discovery.json
100644 blob cf809d139eb05bddfaa2748d6e5b8b3722f92014	docs/reviews/plan-check-06-evidence/requirements.txt
100644 blob 57fe9c08e435e610d2137d9c023df7af93b4dd3a	docs/reviews/plan-check-06-evidence/root-updates.txt
100644 blob 84f240306d0d144af65af79cb4f580bcfbd16469	docs/reviews/plan-check-06-evidence/worker-retention.json
100644 blob 84957cf2e4c516c032b85bdd6a71e194c5bb4621	docs/reviews/plan-check-06-evidence/worker-runtime.json
100644 blob 638091df614566e48d1dda809ab424ee73a891ad	docs/reviews/plan-check-06-evidence/worker/corrected-retention-check.py.gz
100644 blob e30a743f3e033479369f2e24bad8a688d4fb1e10	docs/reviews/plan-check-06-evidence/worker/corrected-retention-command.json.gz
100644 blob 73876570a7a7c6ee1a4f2ec9319be33fbe1a97a9	docs/reviews/plan-check-06-evidence/worker/corrected-retention-result.json.gz
100644 blob 86e43ea3218b5890302b754bbf8927f94e79f7ee	docs/reviews/plan-check-06-evidence/worker/corrected-retention.stderr.gz
100644 blob 4c1d323977eb24c7dc6c7962e286026ebe70e898	docs/reviews/plan-check-06-evidence/worker/corrected-retention.stdout.gz
100644 blob c2287ae03dc8c46e01cbe10fac2f756f286d668b	docs/reviews/plan-check-06-evidence/worker/fifth-pack-path-failure-replay.stderr.gz
100644 blob 99fa4dedbfec17b2ee8f7828008cf943c38781fd	docs/reviews/plan-check-06-evidence/worker/fifth-pack-path-failure-replay.stdout.gz
100644 blob 99ed488ccdaa84f1e888617392f4a0c518768640	docs/reviews/plan-check-06-evidence/worker/fifth-pack-path-initial.py.gz
100644 blob 0572b91d35d0d9e1ef0e467dc3116a319d9b4cf3	docs/reviews/plan-check-06-evidence/worker/final-retention-precommit-check.py.gz
100644 blob 0165c8001fe26b2c7d906be40c97003e05564f13	docs/reviews/plan-check-06-evidence/worker/final-retention-precommit-command.json.gz
100644 blob 5b7a0dcfa6c6c5e23cb8ff0bcc43683eb7008061	docs/reviews/plan-check-06-evidence/worker/final-retention-precommit-result.json.gz
100644 blob 86e43ea3218b5890302b754bbf8927f94e79f7ee	docs/reviews/plan-check-06-evidence/worker/final-retention-precommit.stderr.gz
100644 blob 02e3f617d4265ab4d0a758d16506791a242e89d6	docs/reviews/plan-check-06-evidence/worker/final-retention-precommit.stdout.gz
100644 blob 2c4699ea35099c989a244065a931350e8755f355	docs/reviews/plan-check-06-evidence/worker/static-command.json.gz
100644 blob 0a2434992df83b0b3072c93bae2e2511ebfae9ef	docs/reviews/plan-check-06-evidence/worker/static-expanded-command.json.gz
100644 blob 078006297a02700d6ac1e6f39f781f478ca0d0fd	docs/reviews/plan-check-06-evidence/worker/static-expanded-result.json.gz
100644 blob 86e43ea3218b5890302b754bbf8927f94e79f7ee	docs/reviews/plan-check-06-evidence/worker/static-expanded.stderr.gz
100644 blob 4d513f9163e786b073c98e485169c7dcf16fccfc	docs/reviews/plan-check-06-evidence/worker/static-expanded.stdout.gz
100644 blob 078006297a02700d6ac1e6f39f781f478ca0d0fd	docs/reviews/plan-check-06-evidence/worker/static-result.json.gz
100644 blob 86e43ea3218b5890302b754bbf8927f94e79f7ee	docs/reviews/plan-check-06-evidence/worker/static.stderr.gz
100644 blob eadf9989165e7b0b9c3f693e5294dbd852782425	docs/reviews/plan-check-06-evidence/worker/static.stdout.gz
100644 blob e69de29bb2d1d6434b8b29ae775ad8c2e48c5391	docs/reviews/plan-check-07-evidence/.gdignore
100644 blob fdb01d52b91691cdd88f8b5e67a583d7e519c23d	docs/reviews/plan-check-07-evidence/README.md
100644 blob f386764bd7742bcccfdcd1529aca7bab28dd2c82	docs/reviews/plan-check-07-evidence/accepted-audit.json
100644 blob 7be5b831fb6939ed6cd2a5ec285cd74a645f2a6a	docs/reviews/plan-check-07-evidence/check.py
100644 blob 8426e52560a6564c0feba5532860e83db434009a	docs/reviews/plan-check-07-evidence/independent/SHA256SUMS
100644 blob e1bf4c554860c42156f85ead2a42d990507beb11	docs/reviews/plan-check-07-evidence/independent/artifacts.tar.gz
100644 blob ebdd191a2cf02b4bb962195e110c008164f5fe51	docs/reviews/plan-check-07-evidence/independent/manifest.json
100644 blob e1609fc31be55c3c33cd6ce2b42f9fab70efdaa4	docs/reviews/plan-check-07-evidence/independent/retention.json
100644 blob 7da4e4bb5747ede79e706931780cd79ed821be09	docs/reviews/plan-check-07-evidence/profile-discovery.json
100644 blob 573020ddd9c88e32b278ffa5593b246b4d50df85	docs/reviews/plan-check-07-evidence/requirements.txt
100644 blob 8a64bfd0650a7e53cb2f505df4fb137ede193279	docs/reviews/plan-check-07-evidence/root-facts.txt
100644 blob 17e2fd16c031f5bd5b311abb2204525cbf2377c1	docs/reviews/plan-check-07-evidence/worker-retention.json
100644 blob 86e43ea3218b5890302b754bbf8927f94e79f7ee	docs/reviews/plan-check-07-evidence/worker/accepted-authored-whitespace.stderr.gz
100644 blob 86e43ea3218b5890302b754bbf8927f94e79f7ee	docs/reviews/plan-check-07-evidence/worker/accepted-authored-whitespace.stdout.gz
100644 blob 8830f77ee6375a9c374c2d102556319433290771	docs/reviews/plan-check-07-evidence/worker/accepted-whitespace.json.gz
100644 blob 86e43ea3218b5890302b754bbf8927f94e79f7ee	docs/reviews/plan-check-07-evidence/worker/accepted-whitespace.stderr.gz
100644 blob 7aff81790e4c67f831a32265ead5c6ab4f52ebf9	docs/reviews/plan-check-07-evidence/worker/accepted-whitespace.stdout.gz
100644 blob a2d2fc4a1fcd9fee21d6ee19528c50f6540ed4ce	docs/reviews/plan-check-07-evidence/worker/check-initial.py.gz
100644 blob 419c4bf3bb12160ad8af08c9e04d5b74a199957e	docs/reviews/plan-check-07-evidence/worker/check-prereview.py.gz
100644 blob 6c6d5c7c8f24de2b275e762e87c9010e9ea3ab59	docs/reviews/plan-check-07-evidence/worker/commands.json.gz
100644 blob 11fba1f524f78119fa149f0b3b348414747f3a2e	docs/reviews/plan-check-07-evidence/worker/manifest-schema-initial-replay.exit.gz
100644 blob 8f43bd50e1af89d71498a7dc65fb266e17a9c802	docs/reviews/plan-check-07-evidence/worker/manifest-schema-initial-replay.py.gz
100644 blob 1369217c49d6667407290c56aa2d1d634a0f4f7b	docs/reviews/plan-check-07-evidence/worker/manifest-schema-initial-replay.stderr.gz
100644 blob e3c010916f66d5f4802b96cf3f059a666de0310a	docs/reviews/plan-check-07-evidence/worker/manifest-schema-initial-replay.stdout.gz
100644 blob 2bbdaa597c3f02f03daf97a175de9811dc729bda	docs/reviews/plan-check-07-evidence/worker/missing-source-read-replay.exit.gz
100644 blob c6838bf61d1158d1d3e935ca435d7d06a8b27caa	docs/reviews/plan-check-07-evidence/worker/missing-source-read-replay.stderr.gz
100644 blob 86e43ea3218b5890302b754bbf8927f94e79f7ee	docs/reviews/plan-check-07-evidence/worker/missing-source-read-replay.stdout.gz
100644 blob 5e0305f37fa41d8ed21f66ac87ecefdb3032cb9c	docs/reviews/plan-check-07-evidence/worker/read-failures.txt.gz
100644 blob e500b229c06de34380161d5a0b5e663b7501debf	docs/reviews/plan-check-07-evidence/worker/retain_prereview.py.gz
100644 blob 11fba1f524f78119fa149f0b3b348414747f3a2e	docs/reviews/plan-check-07-evidence/worker/static-initial.exit.gz
100644 blob 0131469a96214104e510834ba4061234f126dace	docs/reviews/plan-check-07-evidence/worker/static-initial.stderr.gz
100644 blob 86e43ea3218b5890302b754bbf8927f94e79f7ee	docs/reviews/plan-check-07-evidence/worker/static-initial.stdout.gz
100644 blob 157a526269ca483b4a0d96f19b8e5c6490511f9a	docs/reviews/plan-check-07-evidence/worker/static-prereview.exit.gz
100644 blob da9182f3ec5da2be82618cbb17657346baefbaa3	docs/reviews/plan-check-07-evidence/worker/static-prereview.json.gz
100644 blob 86e43ea3218b5890302b754bbf8927f94e79f7ee	docs/reviews/plan-check-07-evidence/worker/static-prereview.stderr.gz
100644 blob 66b8ea92c9202ce27c8cf15554356cef3ab6f8af	docs/reviews/plan-check-07-evidence/worker/static-prereview.stdout.gz
100644 blob 157a526269ca483b4a0d96f19b8e5c6490511f9a	docs/reviews/plan-check-07-evidence/worker/static-second.exit.gz
100644 blob da9182f3ec5da2be82618cbb17657346baefbaa3	docs/reviews/plan-check-07-evidence/worker/static-second.json.gz
100644 blob 86e43ea3218b5890302b754bbf8927f94e79f7ee	docs/reviews/plan-check-07-evidence/worker/static-second.stderr.gz
100644 blob 66b8ea92c9202ce27c8cf15554356cef3ab6f8af	docs/reviews/plan-check-07-evidence/worker/static-second.stdout.gz
100644 blob 11fba1f524f78119fa149f0b3b348414747f3a2e	docs/reviews/plan-check-07-evidence/worker/whitespace-initial-replay.exit.gz
100644 blob 52ec59fa6b787b5665e20b2ca598de1530cdbfce	docs/reviews/plan-check-07-evidence/worker/whitespace-initial-replay.stderr.gz
100644 blob 86e43ea3218b5890302b754bbf8927f94e79f7ee	docs/reviews/plan-check-07-evidence/worker/whitespace-initial-replay.stdout.gz
100644 blob ee446074ac8d93b74bc0605f455244b16fdcfccf	docs/reviews/plan-check-07-evidence/worker/whitespace-initial.py.gz
100644 blob 157a526269ca483b4a0d96f19b8e5c6490511f9a	docs/reviews/plan-check-07-evidence/worker/whitespace.exit.gz
100644 blob 84019ed7fd146e96cf905ffc4bf7a7b1730d3e03	docs/reviews/plan-check-07-evidence/worker/whitespace.py.gz
100644 blob 86e43ea3218b5890302b754bbf8927f94e79f7ee	docs/reviews/plan-check-07-evidence/worker/whitespace.stderr.gz
100644 blob 740fae6334d784773af70594d2b0f400dec2a17e	docs/reviews/plan-check-07-evidence/worker/whitespace.stdout.gz
100644 blob e69de29bb2d1d6434b8b29ae775ad8c2e48c5391	docs/reviews/plan-check-08-evidence/.gdignore
100644 blob 0c1741607d67c9d7d586a3118841fcf1ca1fda91	docs/reviews/plan-check-08-evidence/README.md
100644 blob bf014d3dd53628a6fa650479ebcc012a29ff2fc8	docs/reviews/plan-check-08-evidence/accepted-audit.json
100644 blob fb9f2124130a188ccaf37dc6410bf6ab0c467024	docs/reviews/plan-check-08-evidence/accepted-delta-122.json
100644 blob 14b25babc59993cd2a4bd35e538cdd83b2271628	docs/reviews/plan-check-08-evidence/skill-scenarios.json
100644 blob 89485ab2761b9038116435d53ab3c0c85f34b0a1	docs/reviews/plan-check-09-evidence/README.md
100644 blob 0780a91cdff0aeddd42d185f679382c833c4f065	docs/reviews/plan-check-09-evidence/accepted-ledger.json.gz
100644 blob 825757319c2132d68eba83a52f7829e336746ff5	docs/reviews/plan-check-09-evidence/check.py
100644 blob 1827bf064335c792c8739c73e7abd2bdcb926718	docs/reviews/plan-check-09-evidence/launch-receipt.json
100644 blob 90ebecd10e2c37ad22850c4f809398765dc895bf	docs/reviews/plan-check-09-evidence/raw-requirements.md
100644 blob f10e1e43349fea5265f8ff66fde5447e6bdc2b15	docs/reviews/plan-check-09-evidence/references.json
100644 blob 10aad55f9b1c028b4db3a979d2d3923c93ff870e	docs/reviews/plan-check-2026-10-07-02.md
100644 blob 7f1633402909fbfb278084151291f529f17d12e5	docs/reviews/plan-check-2026-10-07-03.md
100644 blob a71f359210ce8a904833b0592eef9718008c4b98	docs/reviews/plan-check-2026-10-07-04.md
100644 blob e10f352463369f26b02bb526a40deb8189d104ed	docs/reviews/plan-check-2026-10-07.md
100644 blob 9518ac33200499a10c33c72f35e8caae10b274a2	docs/reviews/plan-check-2026-10-08-05.md
100644 blob d8870672c6ddf954dde9a3e206b5ed8c0b77c083	docs/reviews/plan-check-2026-10-08-06.md
100644 blob 89b693c344a53367e10f30da528e552a4a808e8b	docs/reviews/plan-check-2026-10-08-07.md
100644 blob 6d765cca8dd511305cb15debe031f5aff1fe27c3	docs/reviews/plan-check-2026-10-08-08.md
100644 blob 093cf6a24f5ce23aa87f920847a481af41e77df6	docs/reviews/plan-check-2026-10-08-09.md
100644 blob dcbcf906f62c3854a1b38d6c4c7ab5241efdcb61	docs/reviews/plan-check-evidence/artifact-hashes.json
100644 blob 25f6a77c3d2e82eee6332d2a7572ce48612bd2c3	docs/reviews/plan-check-evidence/check.log
100644 blob bff765fd541fb9563ef683506b3f1eb10a0b31ed	docs/reviews/plan-check-evidence/frontmatter.log
100644 blob 78c1c2bb487ab957b828e5f71e5eb35ea6e56c6b	docs/reviews/plan-check-evidence/git-checks.json
100644 blob 0548971b769b69561575c894bf00ffd645ae1e1f	docs/reviews/plan-check-evidence/profile-snapshot.json
100644 blob 257f757bf5ee760943db9dc118e1938cffe009f5	docs/reviews/plan-check-evidence/raw-requirements.txt
100644 blob 7037f0cadd8793d3a3465e7ece30837d0dfb9927	docs/reviews/plan-check-evidence/scenarios.md
100644 blob 42fa47eeb55048f055cf0de4bb7798c0c0aa8977	docs/reviews/plan-check-evidence/source-evidence-hashes.json
100644 blob 25f6a77c3d2e82eee6332d2a7572ce48612bd2c3	docs/reviews/plan-check-evidence/summary.json
100644 blob 171da21afdbc3c31293f80142d07b83bca4af1fa	docs/reviews/plan-check-evidence/task-coverage.json
100644 blob b4c8894c89f08a308f7f5e9530f305e9ca09a6aa	docs/reviews/plan-check-review-2026-10-07-02.md
100644 blob 7aeeafc54e80e6d2f6b865df91d4e6e8a81e9743	docs/reviews/plan-check-review-2026-10-07-03.md
100644 blob c7051bf5d184c088bda84c3e22e11fb9053fd20b	docs/reviews/plan-check-review-2026-10-07-04.md
100644 blob 8c4fc7fa92a924095eaa8193bfd17cb7df0fd51e	docs/reviews/plan-check-review-2026-10-07.md
100644 blob 9ca1b44e07bf19b1f7cda8323cab85e34da3e00f	docs/reviews/plan-check-review-2026-10-08-05.md
100644 blob 12419091484370e99bac264c3dac5c3c87d9e872	docs/reviews/plan-check-review-2026-10-08-06.md
100644 blob f086bb4fcc9fc67d79b115e7bf49a5726505b0e7	docs/reviews/plan-check-review-2026-10-08-07.md
100644 blob a3da37d4c06d28b7b63c7150d6e8b980cab74108	docs/reviews/plan-checkpoints.md
100644 blob 93da5c7f8f892ae2da7efe2135151414746626b4	docs/reviews/s02-art-8d5c8d7.md
100644 blob 0fe54a68b6108e3cab0f28b8d896511e3209ef1d	docs/reviews/s02-art-b826d38.md
100644 blob fdaa47ff2ed68e5d1db83df5e9ace9d71af1bfc7	docs/reviews/s02-code-8d5c8d7.md
100644 blob 1ef4ef0f72509c72744c0604e8d4d74f399eb2fa	docs/reviews/s02-code-b826d38.md
100644 blob fcd702bdd0ba718aec3c20fe280736d842258a78	docs/reviews/s03-r-6714211.md
100644 blob 866ccdfb973241d9f430dc1ced921c6a0ee50d85	docs/reviews/s03-r-b87f889.md
100644 blob f4f82942e15d8c14e2c68b68e1decd246d029bdc	docs/reviews/s03-s-compatibility-evidence/artifact-manifest.json
100644 blob f02a3a60920a36993b4c35984670f4e85cfff1d3	docs/reviews/s03-s-compatibility-evidence/audit-receipt.json
100644 blob dbc692aade5a76c20b928227d46ee0e6f747de74	docs/reviews/s03-s-compatibility-evidence/audit.log
100644 blob 61f78aba2667813fc55eda0d43d2d87f4398304f	docs/reviews/s03-s-compatibility-evidence/audit.py
100644 blob 570383259c5ffed91b069665aa229abd27879ab6	docs/reviews/s03-s-compatibility-evidence/candidate-static.log
100644 blob 99c9d62fae959a66fcca9c388ac2301e9ff4ae6f	docs/reviews/s03-s-compatibility-evidence/fetch-public.log
100644 blob c53d10b912eae6a45a88bcb49d375f8baf673870	docs/reviews/s03-s-compatibility-evidence/fetch-restricted.log
100644 blob 1b267c8b6f32822c6cffb89d5ee10662992da5d9	docs/reviews/s03-s-compatibility-evidence/fetch.py
100644 blob e42bbe440eafba17f70d6a22b8b5957d8c1ffcea	docs/reviews/s03-s-compatibility-evidence/final-state.json
100644 blob 8331483b07ec49d71e64de3426703eed070ed920	docs/reviews/s03-s-compatibility-evidence/negative-hash.stderr
100644 blob e69de29bb2d1d6434b8b29ae775ad8c2e48c5391	docs/reviews/s03-s-compatibility-evidence/negative-hash.stdout
100644 blob 171a1152963095d0e174add68cf81622d9b38148	docs/reviews/s03-s-compatibility-evidence/primary-reference-receipt.json
100644 blob 1094539985803a1d4b5a0a12dafb6a9f01ff9a1f	docs/reviews/s03-s-compatibility-evidence/probe.json
100644 blob e69de29bb2d1d6434b8b29ae775ad8c2e48c5391	docs/reviews/s03-s-compatibility-evidence/probe.stderr
100644 blob bec376bfcbaf10ea39679e80de061bab48cb691f	docs/reviews/s03-s-compatibility-evidence/registration-runner.log
100644 blob 232953dae011e2504f31c5a325f8df6cf0a6ab48	docs/reviews/s03-s-compatibility-evidence/registration/project/registration.json
100644 blob da131229c605cb3d7eb9b4594d27deae4bd849b0	docs/reviews/s03-s-compatibility-evidence/registration/registration-selected.json
100644 blob e9f4bea406fae6ad8970b1e7463b4a8256285ba6	docs/reviews/s03-s-compatibility-evidence/registration/registration.log
100644 blob e512202107d256e327b8a01c838b74b95d2d82ba	docs/reviews/s03-s-compatibility-evidence/registration/version.log
100644 blob 2e997260120ec83ee3b6f08c473b907b878081d7	docs/reviews/s03-s-compatibility-evidence/retention.json
100644 blob 7572f83f96dccac835cfa4b72c3f23c513702d5a	docs/reviews/s03-s-compatibility-evidence/review-request.txt
100644 blob 7ae75761a7e7f2cbe22bf66923c21a8b3e8fe06d	docs/reviews/s03-s-compatibility-evidence/reviewer-identity.json
100644 blob b49ada59ba5be3cd6def70e7fd611013a540e1c8	docs/reviews/s03-s-compatibility-evidence/reviewer-runtime.json
100644 blob 13f8ee6ca2b38966b62fb901c086746bc0880a49	docs/reviews/s03-s-compatibility-review.md
100644 blob 82f8026336b8a13e20f16ce070ffd547d7736d53	docs/reviews/s03-s-preparation-review.md
100644 blob 567b06c5a89409d3f612ed2c483fa57accbbb949	docs/reviews/s04-10874476.md
100644 blob d5ad9fc7f79f15bf4c072cdeaa8ef00ab92c16eb	docs/reviews/s07-preparation-review.md
100644 blob b8d029fdbc053bcbfd2b003a88c82222ce1796b2	docs/scene-structure.md
100644 blob e69de29bb2d1d6434b8b29ae775ad8c2e48c5391	docs/spikes/.gdignore
100644 blob 7e3eae6a3989bfe8198cc6da4a39f1e62cb6ecbb	docs/spikes/m1-a1-1-evidence/README.md
100644 blob f37e160d21932d91ab4db8b0f0289d515c65c986	docs/spikes/m1-a1-1-evidence/results.json
100644 blob c469398771933108b7fd6c6ea7cc66e95c8304e8	docs/spikes/m1-d1-1-evidence/README.md
100644 blob edcacdc6ad06765ace73e6b243ec849bf5089ef7	docs/spikes/m1-d1-1-evidence/commands.json
100644 blob 54836a2d8509f7c067ef31791869825968662ba6	docs/spikes/m1-d1-1-evidence/committed-commands.json
100644 blob 46444f41b5eae4d44f17f108d05b6d871f8f0eee	docs/spikes/m1-d1-1-evidence/committed-export-context.txt
100644 blob 9093119d19cb000ae5f100ce8a32d2cbb95c6058	docs/spikes/m1-d1-1-evidence/committed-export-diagnostics.log
100644 blob 0c1e8ee2e40e57227f12e06ae57820b4ee69510f	docs/spikes/m1-d1-1-evidence/committed-package-inspection.json
100644 blob b2b26850a05b0f1221a9718c9e217470c500a349	docs/spikes/m1-d1-1-evidence/scratch-export-context.txt
100644 blob 9093119d19cb000ae5f100ce8a32d2cbb95c6058	docs/spikes/m1-d1-1-evidence/scratch-export-diagnostics.log
100644 blob 0939a85ca6417ccdb9ec40e2256852883f0bf8f6	docs/spikes/m1-d1-1-evidence/scratch-package-inspection.json
100644 blob 0956966fb93f3951cdf14133edea4aa66a203cd5	docs/spikes/m1-d1-1-evidence/windows-gut-results.xml
100644 blob c744312a50670b8a53caab551665456166800804	docs/spikes/m1-d1-1-evidence/windows-production-check-summary.json
100644 blob e74c39e8ba39671f2968ba7a8fb3e723df444620	docs/spikes/m1-d1-1.md
100644 blob ea46cba91a4b3a96404640119a3d370e7a24678e	docs/spikes/p0-drawable-route-evidence/README.md
100644 blob acb8f43028d2d4a511a924efcdcc1ea4d20d125b	docs/spikes/p0-drawable-route-evidence/acquisition.json
100644 blob 7fd516fbe81846271fbe8e14f3f6bea4faf2c26a	docs/spikes/p0-drawable-route-evidence/check_manifest.py
100644 blob 1a612c7792cfe870431e1ca880cd47e50fb1dd5b	docs/spikes/p0-drawable-route-evidence/commands.json
100644 blob 801a879a294e59fbb751121aed3f30a5166b9b40	docs/spikes/p0-drawable-route-evidence/discover.py
100644 blob e69de29bb2d1d6434b8b29ae775ad8c2e48c5391	docs/spikes/p0-drawable-route-evidence/discovery.stderr
100644 blob e69de29bb2d1d6434b8b29ae775ad8c2e48c5391	docs/spikes/p0-drawable-route-evidence/discovery.stdout
100644 blob 7dd12b4b4b32b9446677264837dc5a9c1d7c9814	docs/spikes/p0-drawable-route-evidence/fifo-acquisition.json
100644 blob f0ebe32f8c2bede635a3daa4ce967e71061cb08b	docs/spikes/p0-drawable-route-evidence/fifo-fetch.stdin
100644 blob e69de29bb2d1d6434b8b29ae775ad8c2e48c5391	docs/spikes/p0-drawable-route-evidence/inventory/0.stderr
100644 blob 42f161de1cf21f3476387c9650b8ee7b9cc4c9e5	docs/spikes/p0-drawable-route-evidence/inventory/0.stdout
100644 blob 107dbd032ce990fe65a6e5de43a61e7e4362f97f	docs/spikes/p0-drawable-route-evidence/inventory/1.stderr
100644 blob 92dbdf4c583c252f4a3102a2471e1c3669cc7ef6	docs/spikes/p0-drawable-route-evidence/inventory/1.stdout
100644 blob e69de29bb2d1d6434b8b29ae775ad8c2e48c5391	docs/spikes/p0-drawable-route-evidence/inventory/2.stderr
100644 blob fd20e6975b612f51d4d17ec9448fee6fd83a6178	docs/spikes/p0-drawable-route-evidence/inventory/2.stdout
100644 blob e69de29bb2d1d6434b8b29ae775ad8c2e48c5391	docs/spikes/p0-drawable-route-evidence/inventory/3.stderr
100644 blob 17301a242f8748a63c0a1c19ff5dd2f9c6c6d307	docs/spikes/p0-drawable-route-evidence/inventory/3.stdout
100644 blob 6e3ba98182bc0dc6e720dec8964a5d9420ed1b1c	docs/spikes/p0-drawable-route-evidence/launch.json
100644 blob db3d605110abab94372a8008d74dbc3c8330934e	docs/spikes/p0-drawable-route-evidence/manifest.json
100644 blob 4d4f0a458672997e78a28182ae4b6b56bc94d8ea	docs/spikes/p0-drawable-route-evidence/raw-requirements.txt
100644 blob 172fdc8a5848ddfee0fc4a51aa85f19c863ef4af	docs/spikes/p0-drawable-route-evidence/source/doc/classes/MovieWriter.xml
100644 blob 09a2756971d8ba96f377302796647bcb00fbc705	docs/spikes/p0-drawable-route-evidence/source/doc/classes/RenderingServer.xml
100644 blob 30a4fab7201493f1cad072254bb8ea3dc248efc9	docs/spikes/p0-drawable-route-evidence/source/main/main.cpp
100644 blob ca321fde6adee22158ad9c70bb53cc4116ee03c4	docs/spikes/p0-drawable-route-evidence/source/platform/linuxbsd/wayland/display_server_wayland.cpp
100644 blob 3ad1c48df840231e121e59be893f21e8e99d4647	docs/spikes/p0-drawable-route-evidence/source/platform/linuxbsd/wayland/wayland_thread.cpp
100644 blob 25f8e67777997772a4de5c510b85c33b9c9b29be	docs/spikes/p0-drawable-route-evidence/source/platform/linuxbsd/wayland/wayland_thread.h
100644 blob 5e74ad995053cc1e5abd093382e30a6804982da3	docs/spikes/p0-drawable-route-evidence/source/servers/movie_writer/movie_writer.cpp
100644 blob c76f66f776f4c55231486ad79ca870e4c6cbbd83	docs/spikes/p0-drawable-route-evidence/source/servers/movie_writer/movie_writer_pngwav.cpp
100644 blob 82eebf5e8db72a64b499b4b30ff50183abe2b0d3	docs/spikes/p0-drawable-route-evidence/source/servers/rendering/rendering_server_default.cpp
100644 blob d77a1d762ceb47d1914d3136f74917e9fb40cdb4	docs/spikes/p0-drawable-route-evidence/static-attempt01.py
100644 blob 963f7aef310cbab9827816f62c0c3dc53d036c0a	docs/spikes/p0-drawable-route-evidence/static-attempt01.stderr
100644 blob e69de29bb2d1d6434b8b29ae775ad8c2e48c5391	docs/spikes/p0-drawable-route-evidence/static-attempt01.stdout
100644 blob 9a5a25b274738d3e100f8427037dafff2b5f62f8	docs/spikes/p0-drawable-route-evidence/static-result.json
100644 blob e69de29bb2d1d6434b8b29ae775ad8c2e48c5391	docs/spikes/p0-drawable-route-evidence/static.stderr
100644 blob 9a5a25b274738d3e100f8427037dafff2b5f62f8	docs/spikes/p0-drawable-route-evidence/static.stdout
100644 blob 8558a3979f885c2bdd8c765674d0741d2f826216	docs/spikes/p0-drawable-route-evidence/static_check.py
100644 blob 58a65503baf5cdfdc35f4884133a49850141f5f5	docs/spikes/p0-drawable-route-evidence/supplement.json
100644 blob 0283f33970fc864952459eeb76f0e45abb0e2e03	docs/spikes/p0-drawable-route-evidence/supplement.py
100644 blob e69de29bb2d1d6434b8b29ae775ad8c2e48c5391	docs/spikes/p0-drawable-route-evidence/supplement.stderr
100644 blob e69de29bb2d1d6434b8b29ae775ad8c2e48c5391	docs/spikes/p0-drawable-route-evidence/supplement.stdout
100644 blob e69de29bb2d1d6434b8b29ae775ad8c2e48c5391	docs/spikes/p0-drawable-route-evidence/whitespace-diagnostic.stderr
100644 blob c55a9c0142d4e74ae0d5ba850e4c0cfd34f3927e	docs/spikes/p0-drawable-route-evidence/whitespace-diagnostic.stdout
100644 blob e9d4af5f2e299e4927ed1b30d847e72ae291470c	docs/spikes/p0-drawable-route.md
100644 blob 83439b10b441d7f54456a9a9dce65fcb421d2a83	docs/spikes/p0-tooling-2-evidence/README.md
100644 blob e512202107d256e327b8a01c838b74b95d2d82ba	docs/spikes/p0-tooling-2-evidence/engine-version.log
100644 blob b095d04802f9d3d610b694fd2bbe47c7d74b3253	docs/spikes/p0-tooling-2-evidence/script-checks.log
100644 blob 8f2fd3585c546040c97c9295fe4b091a4ee3f127	docs/spikes/p0-tooling-2-evidence/unit-tests.log
100644 blob 2591f9d6041c05b0a17fd17f1778d6707c3e7c75	docs/spikes/p0-tooling-2.md
100644 blob 7abbb757be387269fb75f0c353db80ac39029baa	docs/spikes/p0-tooling-evidence/README.md
100644 blob 1e2e39d2a53d6583c32cef5cf63b94e61a5186cd	docs/spikes/p0-tooling-evidence/compilation.json
100644 blob e49ddf81b191eb66fda5de0fa3afb89cce07f254	docs/spikes/p0-tooling-evidence/compiler-import.engine.log.gz
100644 blob 4c354923d4a6bea556546f281ab20618f9e8e550	docs/spikes/p0-tooling-evidence/compiler-import.log
100644 blob bb663e7083fc264f9465e905e1466f86ec787b76	docs/spikes/p0-tooling-evidence/compiler-setup.json
100644 blob f5f80965decb715dbaee1bdb23d5f0d0f3e00ee2	docs/spikes/p0-tooling-evidence/formatting.log
100644 blob b3f72939845b6e1a3e00fcc887dc39a3b35ba1d4	docs/spikes/p0-tooling-evidence/post-rebase-script-checks-console.log
100644 blob 9fa3bd32d38d3d2bf7f7d0a264a26b6932f782eb	docs/spikes/p0-tooling-evidence/post-rebase-unit-tests.log
100644 blob 214910f9f45b332ce12f62a42bb2cd17c6ca5cb6	docs/spikes/p0-tooling-evidence/s07-guards/guards.engine.log.gz
100644 blob 45504c55c4e523049e855c9113c1c4b73453f0dc	docs/spikes/p0-tooling-evidence/s07-guards/guards.json
100644 blob a37bc806ccb445f19b84659dbf494bc9886ab526	docs/spikes/p0-tooling-evidence/s07-guards/guards.log.gz
100644 blob b606e2cd4594114b074cb53a1d19aed1112f05ff	docs/spikes/p0-tooling-evidence/s07-guards/import.engine.log.gz
100644 blob 13ae5a8ac0753b3755a1804058a0e8713169c50a	docs/spikes/p0-tooling-evidence/s07-guards/import.log
100644 blob 85c9328f3b6c9115659ad3c78198017bb5a5a5e8	docs/spikes/p0-tooling-evidence/script-checks-console.log
100644 blob 1f4cf93c43a859b074496439e5c64c10b83be785	docs/spikes/p0-tooling-evidence/scripts.json
100644 blob bba4f57b131ec07644378eb5d0adfc38b4b2dc84	docs/spikes/p0-tooling-evidence/style.log
100644 blob 79d1ece75c044c351aafd709625fbd09f7e2d02d	docs/spikes/p0-tooling-evidence/unit-tests.log
100644 blob af428b03f1a4f1c8ef94adc7525b1504bc3a6c5b	docs/spikes/p0-tooling.md
100644 blob 10c1094291e4385b3465ab95ccfb4742d41da925	docs/spikes/quiet-remeasure-2026-10-09.md
100644 blob 615bbb3183cc4124874e87c3b39e83671728417d	docs/spikes/quiet-remeasure-evidence/s17/README.md
100644 blob 64dda0f411cf502bf4b1d4f0583a8d383e47b061	docs/spikes/quiet-remeasure-evidence/s17/SHA256SUMS
100644 blob 4a3574118113ce3d91e30fe87fa741453dc7c759	docs/spikes/quiet-remeasure-evidence/s17/measurement-identity.json
100644 blob cf7e05ec7ed1c0786abb955f3346e986b212fb76	docs/spikes/quiet-remeasure-evidence/s17/post-run-ac-status.json
100644 blob 5e0548178c17c76d67bfcbf584496399c95a34e3	docs/spikes/quiet-remeasure-evidence/s17/precondition.txt
100644 blob c48fee48fec4a77ad418d9eda171a3bf1d1aa7d5	docs/spikes/quiet-remeasure-evidence/s17/result.json
100644 blob 1151b0a59ccfce9bbe6869f103e9017fb0db797c	docs/spikes/quiet-remeasure-evidence/s17/runner.log
100644 blob e0ed49b1f4efd27acc79a58fc48af7c596352ef7	docs/spikes/quiet-remeasure-evidence/s17/seed-171.engine.log
100644 blob e0ed49b1f4efd27acc79a58fc48af7c596352ef7	docs/spikes/quiet-remeasure-evidence/s17/seed-171.log
100644 blob 30fb7f017b2627a503243af5399e4566f0be5516	docs/spikes/quiet-remeasure-evidence/s17/seed-272.engine.log
100644 blob 30fb7f017b2627a503243af5399e4566f0be5516	docs/spikes/quiet-remeasure-evidence/s17/seed-272.log
100644 blob ff9bb6d45466c31faf26d5f57118cc0ed1712ab3	docs/spikes/quiet-remeasure-evidence/s17/seed-373.engine.log
100644 blob ff9bb6d45466c31faf26d5f57118cc0ed1712ab3	docs/spikes/quiet-remeasure-evidence/s17/seed-373.log
100644 blob be71d0b7235a1059d1f48078b1f586a5d917cf92	docs/spikes/quiet-remeasure-evidence/s17/summary.json
100644 blob eb78a33eaa1cc94056534f2b68632b7a69d6c0ab	docs/spikes/road-tool-evidence/README.md
100644 blob 2fe2d473b91967cb6a4ac4896ce58c2afa6a0d57	docs/spikes/road-tool-evidence/blender-loop-run.gd.txt
100644 blob 3000a1decdf9b6577344ad8c5661ed14c16c5b68	docs/spikes/road-tool-evidence/blender-roundtrip.json
100644 blob 3fcc06f2e46ebf50790f180cfe3fd85a024b0540	docs/spikes/road-tool-evidence/brackett-benchmark.gd.txt
100644 blob 5548a01c20497663f45712e98be0af5d1c24eb34	docs/spikes/road-tool-evidence/brackett-downtown.json
100644 blob 84188d878c713e0a24dcd76813e4ed1b4f5815d6	docs/spikes/road-tool-evidence/brackett-routes.json
100644 blob f1c2f33b6a5ccbeb17d8d4219335db457493376f	docs/spikes/road-tool-evidence/brackett-whole-island.json
100644 blob 83b624df3f4b820330c19450c6fb6f39a48a7b29	docs/spikes/road-tool-evidence/export-inspect.gd.txt
100644 blob 5542fc7b8a353ef41a28d77c17bbcc375f8b4211	docs/spikes/road-tool-evidence/export-test.gd.txt
100644 blob 21fd4f537020f5508d2514974b17ff0e42a087d9	docs/spikes/road-tool-evidence/four-way-fixture.gd.txt
100644 blob 2c7392096861db2d6b19bb6d2a0b152a8ac49bc2	docs/spikes/road-tool-evidence/four-way-prefab-prototype.png
100644 blob e669e332db2b7e524c2539e71aa4091b312c1a3d	docs/spikes/road-tool-evidence/iteration-benchmark.gd.txt
100644 blob e5cb9fc986d0832c74536d72fd377662516718a2	docs/spikes/road-tool-evidence/iteration-headless-result.json
100644 blob 9d93274e4e5eb92582b5c4b3156b38d0166bac9b	docs/spikes/road-tool-evidence/iteration-result.json
100644 blob 6662c40a0b8fdcab6fbff1966ce245bb3647e7e0	docs/spikes/road-tool-evidence/iteration-run-headless.log
100644 blob b395d7991f63bfe2a3a8c55919689d0f644bedba	docs/spikes/road-tool-evidence/iteration-run-windowed.log
100644 blob 7051af5e313f5d3628c890c01d429ae9c07f8eb6	docs/spikes/road-tool-evidence/make-brackett-routes.py.txt
100644 blob 27b619ae0ccafb6ed90329fcdf51a12193a77a44	docs/spikes/road-tool-evidence/observations.log
100644 blob c61a0912fb61d0f27ac02c986a28a77b81df978b	docs/spikes/road-tool-evidence/results.json
100644 blob fb734419fc9dabf9e52e9367f391e891ab1c8e72	docs/spikes/road-tool-evidence/source-provenance.json
100644 blob 07e7126bb47c1e0ca78e6a51659e8fa57ad03040	docs/spikes/road-tool.md
100644 blob da3019346ccb72cf1054efb64e7fd5e0b7e1a22c	docs/spikes/s01-evidence/bad-loop-import.log
100644 blob 753e4b022711f51ddf68ef11564c64091e9b143e	docs/spikes/s01-evidence/clean-asset-import.log
100644 blob 00ffb6624b34e0986cc9275689630b85129e16d7	docs/spikes/s01-evidence/clean-resources.log
100644 blob fbcbfc343c6e558a825322e3dab9fdd2a9359ba7	docs/spikes/s01-evidence/compile-check.log
100644 blob fbcbfc343c6e558a825322e3dab9fdd2a9359ba7	docs/spikes/s01-evidence/compile-editor-helper.log
100644 blob fbcbfc343c6e558a825322e3dab9fdd2a9359ba7	docs/spikes/s01-evidence/compile-identity.log
100644 blob 8d397e7f826ed287eef8534e491a6fe19475e6bf	docs/spikes/s01-evidence/duplicate-id.log
100644 blob fd9d975dd1ac26148e740f7b6cf24011e5eb4942	docs/spikes/s01-evidence/editor-session.log
100644 blob 5e51c66fc597182b2fcb0d4ba9aedece37985064	docs/spikes/s01-evidence/export-rig.log
100644 blob 21345106543913fee42446ecca06384547abfe43	docs/spikes/s01-evidence/export-static.log
100644 blob df8642e9aafd7d0e1416ba19192aec5e667d4304	docs/spikes/s01-evidence/final-overview.png
100644 blob 02b30af3e7379ad97f9ef2204f267ac7290d1769	docs/spikes/s01-evidence/fingerprints.json
100644 blob c554d11d34590d05b8dde48d9d9b4b7e2c411a12	docs/spikes/s01-evidence/full-project-import-first-failed.log
100644 blob 35a1290f7f5b29ce9cc47748441ed4fb7107738d	docs/spikes/s01-evidence/full-project-import-second-failed.log
100644 blob 16d9201bb44c22b9ec24862f2fb4912e540796e9	docs/spikes/s01-evidence/gameplay-reference.png
100644 blob 93123465233095b00f207699d8006f1ad1a14f8d	docs/spikes/s01-evidence/identities-after.json
100644 blob 8dd238bf0d8604b57b4065dd452ef2d273b7affd	docs/spikes/s01-evidence/identities-before.json
100644 blob 7d5cb434f7a3f68f0288b3383873ded3a7b573ab	docs/spikes/s01-evidence/overview.png
100644 blob a9df4d1fb576efa8943a3b74abc6c70507410918	docs/spikes/s01-evidence/resources.log
100644 blob a8ce85a470caaa82948f5c3dd43cf47389e3521b	docs/spikes/s01-evidence/root-override-after.json
100644 blob a8ce85a470caaa82948f5c3dd43cf47389e3521b	docs/spikes/s01-evidence/root-override-before.json
100644 blob 4cb86ea61ac8f0dbfaa968e3ff727671338e5bd3	docs/spikes/s01-evidence/runtime.log
100644 blob 84bc91cb86d176230681f5345aa139210ec55713	docs/spikes/s01-evidence/style.log
100644 blob f12fbc299d748ab0a0357859666b8fc7496ff6c2	docs/spikes/s01-evidence/summary.json
100644 blob cef30f8e1d3bdd80be8365f948ce4c876650566e	docs/spikes/s01-evidence/unused-script.log
100644 blob 1bc3d89d9af9edd5a36c1563d101119225ff16c0	docs/spikes/s01-evidence/wrong-id.log
100644 blob badf4e505216a93519a26b3601238f77645de58e	docs/spikes/s01-evidence/wrong-loop.log
100644 blob 6c16b163ef865056551fb0515406e1324675997e	docs/spikes/s01-evidence/wrong-material-uid.log
100644 blob 885afbffc4b73a750ad71b578213646304e5a056	docs/spikes/s01-evidence/wrong-placement.log
100644 blob bf36e3f1731b856ad5f356834c8b485a07dd1ddd	docs/spikes/s01-w-evidence/blender-version.log
100644 blob 02b30af3e7379ad97f9ef2204f267ac7290d1769	docs/spikes/s01-w-evidence/fingerprints.json
100644 blob 4a66865f6ba5c35d1c771c640be6374cfda5f103	docs/spikes/s01-w-evidence/s01_rig.log
100644 blob 62f5cd20b14c8dcf4d2d39d8b627e7f18d303b51	docs/spikes/s01-w-evidence/s01_static.log
100644 blob 61bfda77095ff579814346ec2116a0963d08eccd	docs/spikes/s01-w.md
100644 blob ff5790cc7d8491e5341d4a52293df26aa2c6723f	docs/spikes/s01.md
100644 blob aff315edc7a635c8832f08756ee029d62bb3f366	docs/spikes/s02-controls-evidence/checks/compilation.json
100644 blob 08ca8012d1f7e30488166e7f392bdb56cb85b04e	docs/spikes/s02-controls-evidence/checks/formatting.log
100644 blob a843b3e2b01ee74ee819d41ec92e4f3aa3c71560	docs/spikes/s02-controls-evidence/checks/scripts.json
100644 blob f4163ef553dc61d51ea6e8595d88c5a15c0f5c16	docs/spikes/s02-controls-evidence/checks/style.log
100644 blob 07a5271a59de3174dde96d5e5a255d735dc56b82	docs/spikes/s02-controls-evidence/s02/identities.json
100644 blob e5fba62d1da0b50962113b03067ddf71aece9506	docs/spikes/s02-controls-evidence/s02/outcomes.log
100644 blob 9619fceeec36623b0a12bc0ed91f0aa7564982c4	docs/spikes/s02-controls-evidence/s02/summary.json
100644 blob cc1670f6cbb620f7758de202e006bb533d7adca8	docs/spikes/s02-controls-evidence/s03-r/adverse-result.json
100644 blob ac908fcd8d0407e5a05945d0527db6e38c2054df	docs/spikes/s02-controls-evidence/s03-r/baseline-result.json
100644 blob d02e623abf2d3dd1f9b8fb77c0b3a36dc640040d	docs/spikes/s02-controls-evidence/s03-r/baseline-retry-case.json
100644 blob dbe905e6d699c864f95c208dbe6801c1bb3d79f5	docs/spikes/s02-controls-evidence/s03-r/baseline-retry-result.json
100644 blob 43a9849c820c674ab82b7a9da7d68f0c5f57b2e8	docs/spikes/s02-controls-evidence/s03-r/client-01-after.png
100644 blob 6dec84c83afdbcb0f2a6c335a8588e546d581311	docs/spikes/s02-controls-evidence/s03-r/client-01-before.png
100644 blob ff9f0c72ad9fc73dfc5739784a7241afe0fbb02e	docs/spikes/s02-controls-evidence/s03-r/client-02-after.png
100644 blob c081c0ea02961054ac9d2f5b3f9836798f14be89	docs/spikes/s02-controls-evidence/s03-r/client-02-before.png
100644 blob 906fff581a8d9bdd061d9b9e9f2378833b0d964f	docs/spikes/s02-controls-evidence/s03-r/client-03-after.png
100644 blob 448dfe14987c945a60b7bf7cf1a2ddfe3448c6e3	docs/spikes/s02-controls-evidence/s03-r/client-03-before.png
100644 blob 71458d05881cf27b38608be0d620ff2e1073a0f4	docs/spikes/s02-controls-evidence/s03-r/final-result.json
100644 blob 9f7abf8a6a4404b9a59592de52dfb6acfbf7eed1	docs/spikes/s02-controls-evidence/s03-r/normal-result.json
100644 blob 3268d05e77167298b4dea09fd351cae65038521b	docs/spikes/s02-controls-evidence/s03-r/windowed-final-case.json
100644 blob 30ef8f8115c314af4be8d29716151550e7b7ab81	docs/spikes/s02-controls-evidence/s03-r/windowed-final-result.json
100644 blob ad23b8bbf1cababb1edeedb558f3756f41680a9b	docs/spikes/s02-controls-evidence/s03-r/windowed-first-case.json
100644 blob da5c293ad1a15895af1467d0c19d7ab4efef3153	docs/spikes/s02-controls-evidence/s03-r/windowed-first-result.json
100644 blob 73c89780aa846ef0df6be7e3cee2d5fdc4ed776a	docs/spikes/s02-controls-evidence/s04/result.json
100644 blob f4bbb48c56c24383cf07d0dbf62201825821ad20	docs/spikes/s02-controls-evidence/s06/summary.json
100644 blob 840f0dd94b17c2e80ffae8c66cb3b9acfd89284b	docs/spikes/s02-controls-evidence/s07/environment-smoke-summary.json
100644 blob b2eba188608e18bd41a6ccb79a1eb38138f02748	docs/spikes/s02-controls-evidence/s07/graphical-case.json
100644 blob a2b71219fd4fb8a11e171f435b481f6ee2841bec	docs/spikes/s02-controls-evidence/s07/graphical-summary.json
100644 blob 827d4dceb8e0afedbbef0be6918bb804f283bfa8	docs/spikes/s02-controls-evidence/s07/offline.log
100644 blob b17ef01b3334324efbb0016dec28549baee95cdc	docs/spikes/s02-controls-evidence/windows/draw.log
100644 blob 82bd93921c0f1c3a8549069ec61cff46794296e0	docs/spikes/s02-controls-evidence/windows/focus.log
100644 blob 9816edf83bce21f37cfd7180eb9d42a5896dd943	docs/spikes/s02-controls-evidence/windows/result.json
100644 blob 74151e235ef4646682863e5670ef00953181d830	docs/spikes/s02-controls-evidence/windows/s02-draw-03.png
100644 blob 4c226e045d217f9f21e265aa0a52c82d4ee136a9	docs/spikes/s02-controls-evidence/windows/s02-draw-10.png
100644 blob cfb6555cd8934641cb250211fc5ff00c7f045a94	docs/spikes/s02-controls-evidence/windows/s02-draw-30.png
100644 blob 1cd843b4d89925ca28ebcf818950829ef40ceddd	docs/spikes/s02-controls.md
100644 blob e69de29bb2d1d6434b8b29ae775ad8c2e48c5391	docs/spikes/s02-drawability-evidence/.gdignore
100644 blob 724739908ac17175e2ee953bf07dad89ea68d7be	docs/spikes/s02-drawability-evidence/README.md
100644 blob e669254964b7621a95d8ceb915bd8cb61272c3d5	docs/spikes/s02-drawability-evidence/frame.png
100644 blob 1053f582520c7b2332b2cdcdd6a9cd057abda21a	docs/spikes/s02-drawability-evidence/manifest.json
100644 blob 86e43ea3218b5890302b754bbf8927f94e79f7ee	docs/spikes/s02-drawability-evidence/payloads/s02-drawability-observation/host-after-observation.stderr.gz
100644 blob 984053dd04dbfb81240663986958e133a1fad24d	docs/spikes/s02-drawability-evidence/payloads/s02-drawability-observation/host-after-observation.stdout.gz
100644 blob 86e43ea3218b5890302b754bbf8927f94e79f7ee	docs/spikes/s02-drawability-evidence/payloads/s02-drawability-observation/host-before-preparation.stderr.gz
100644 blob c65a2ae683d8131b53244e6f32cd9439c34cf2f9	docs/spikes/s02-drawability-evidence/payloads/s02-drawability-observation/host-before-preparation.stdout.gz
100644 blob 86e43ea3218b5890302b754bbf8927f94e79f7ee	docs/spikes/s02-drawability-evidence/payloads/s02-drawability-observation/host-before-runtime.stderr.gz
100644 blob adfd0684c48b47b1df2df1989626d75f83a9ae61	docs/spikes/s02-drawability-evidence/payloads/s02-drawability-observation/host-before-runtime.stdout.gz
100644 blob 1f0346da8cdb98b7e8fc4edd89d670920cced280	docs/spikes/s02-drawability-evidence/payloads/s02-drawability-observation/import.command.json.gz
100644 blob fbd40073311e87cd5d4e6ecc2e99693212e389f8	docs/spikes/s02-drawability-evidence/payloads/s02-drawability-observation/import.engine.log.gz
100644 blob 86e43ea3218b5890302b754bbf8927f94e79f7ee	docs/spikes/s02-drawability-evidence/payloads/s02-drawability-observation/import.stderr.gz
100644 blob e9ac2e37bfd912fd5d48f43c5cf223b9bf105a8c	docs/spikes/s02-drawability-evidence/payloads/s02-drawability-observation/import.stdout.gz
100644 blob 7d5399c5726cad1813c3244f56177b85fca4c87a	docs/spikes/s02-drawability-evidence/payloads/s02-drawability-observation/observer.gd.txt.gz
100644 blob cb876dcebc9d3249ee1df8750e6d6974088d0503	docs/spikes/s02-drawability-evidence/payloads/s02-drawability-observation/receipts.jsonl.gz
100644 blob 767ca84540b3db4e038cb8ec995bb79fb26a015e	docs/spikes/s02-drawability-evidence/payloads/s02-drawability-observation/runtime.command.json.gz
100644 blob 8b3cfcf1424e57c884aba9d546fc7a23b02d47f2	docs/spikes/s02-drawability-evidence/payloads/s02-drawability-observation/runtime.engine.log.gz
100644 blob 86e43ea3218b5890302b754bbf8927f94e79f7ee	docs/spikes/s02-drawability-evidence/payloads/s02-drawability-observation/runtime.stderr.gz
100644 blob 8b3cfcf1424e57c884aba9d546fc7a23b02d47f2	docs/spikes/s02-drawability-evidence/payloads/s02-drawability-observation/runtime.stdout.gz
100644 blob 8341c89c3293b68a4aaacb7dd71249988fd91ce2	docs/spikes/s02-drawability-evidence/payloads/s02-drawability-observation/source-manifest.json.gz
100644 blob 7607ccafcd02a96b2c985fdc4e0eec5bd1d9b8f3	docs/spikes/s02-drawability-evidence/payloads/s02-drawability-observation/staged-project.godot.txt.gz
100644 blob 836080fc0c0df0884d093c3bc4b8de1e7889812f	docs/spikes/s02-drawability-evidence/payloads/s02-drawability-observation/summary.json.gz
100644 blob 5b5c15fb93ce678c4bf94b561e0330b8ef659231	docs/spikes/s02-drawability-evidence/payloads/s02-drawability/binary-capability.py.gz
100644 blob d6e3a1965ebf0ae3dc6eacfe108ca2987ae7d0fb	docs/spikes/s02-drawability-evidence/payloads/s02-drawability/bytes-after.json.gz
100644 blob d6e3a1965ebf0ae3dc6eacfe108ca2987ae7d0fb	docs/spikes/s02-drawability-evidence/payloads/s02-drawability/bytes-before.json.gz
100644 blob 45be7b9667ab8d4a7c34c42f1a1b1a61279b8fb1	docs/spikes/s02-drawability-evidence/payloads/s02-drawability/capture.py.gz
100644 blob a81562117c3667bc69eda21dd3917c7bdb3581da	docs/spikes/s02-drawability-evidence/payloads/s02-drawability/checks/binary-capability.command.json.gz
100644 blob 86e43ea3218b5890302b754bbf8927f94e79f7ee	docs/spikes/s02-drawability-evidence/payloads/s02-drawability/checks/binary-capability.stderr.gz
100644 blob fd96cc83087da17ecd9e52459d77da5573b0de1c	docs/spikes/s02-drawability-evidence/payloads/s02-drawability/checks/binary-capability.stdout.gz
100644 blob 2594a4c38f7ff9755716c9de99f49966b118022d	docs/spikes/s02-drawability-evidence/payloads/s02-drawability/checks/bytes-after.command.json.gz
100644 blob 86e43ea3218b5890302b754bbf8927f94e79f7ee	docs/spikes/s02-drawability-evidence/payloads/s02-drawability/checks/bytes-after.stderr.gz
100644 blob 0cb91e1ff5e1b1a6ccb9fcc7b38159b013ff28fb	docs/spikes/s02-drawability-evidence/payloads/s02-drawability/checks/bytes-after.stdout.gz
100644 blob 31c2ed8f82986a32e42129d6cf27ee03e247990c	docs/spikes/s02-drawability-evidence/payloads/s02-drawability/checks/bytes-before.command.json.gz
100644 blob 86e43ea3218b5890302b754bbf8927f94e79f7ee	docs/spikes/s02-drawability-evidence/payloads/s02-drawability/checks/bytes-before.stderr.gz
100644 blob 0cb91e1ff5e1b1a6ccb9fcc7b38159b013ff28fb	docs/spikes/s02-drawability-evidence/payloads/s02-drawability/checks/bytes-before.stdout.gz
100644 blob 06f6f31cc8243798f308da8512495f0dab18d6ba	docs/spikes/s02-drawability-evidence/payloads/s02-drawability/checks/host-after-main-quit.command.json.gz
100644 blob 86e43ea3218b5890302b754bbf8927f94e79f7ee	docs/spikes/s02-drawability-evidence/payloads/s02-drawability/checks/host-after-main-quit.stderr.gz
100644 blob 8db0694dc04ce381032088fc72af6dfe06ac3c13	docs/spikes/s02-drawability-evidence/payloads/s02-drawability/checks/host-after-main-quit.stdout.gz
100644 blob d232141ee6ec35e8f9846272e0b18ac7c8e52c0a	docs/spikes/s02-drawability-evidence/payloads/s02-drawability/checks/host-inventory.command.json.gz
100644 blob 86e43ea3218b5890302b754bbf8927f94e79f7ee	docs/spikes/s02-drawability-evidence/payloads/s02-drawability/checks/host-inventory.stderr.gz
100644 blob 7ff778b222ef70c9f4e029677caf9ad2ff7f5c74	docs/spikes/s02-drawability-evidence/payloads/s02-drawability/checks/host-inventory.stdout.gz
100644 blob 1024f83aa788a429314469909b16e932483c8420	docs/spikes/s02-drawability-evidence/payloads/s02-drawability/checks/immutable-source-refs-complete.command.json.gz
100644 blob 86e43ea3218b5890302b754bbf8927f94e79f7ee	docs/spikes/s02-drawability-evidence/payloads/s02-drawability/checks/immutable-source-refs-complete.stderr.gz
100644 blob febb32534dd5aaea261ee9f96beb96c874bd2f0f	docs/spikes/s02-drawability-evidence/payloads/s02-drawability/checks/immutable-source-refs-complete.stdout.gz
100644 blob ede8d51b37f44c0cbfc871aee874fd6c5cf02833	docs/spikes/s02-drawability-evidence/payloads/s02-drawability/checks/immutable-source-refs.command.json.gz
100644 blob 86e43ea3218b5890302b754bbf8927f94e79f7ee	docs/spikes/s02-drawability-evidence/payloads/s02-drawability/checks/immutable-source-refs.stderr.gz
100644 blob 19f799da4415c18aab1930e6cc30f110e001f381	docs/spikes/s02-drawability-evidence/payloads/s02-drawability/checks/immutable-source-refs.stdout.gz
100644 blob 660568f92e5e9cb32423ca350968b1382ab3e0f0	docs/spikes/s02-drawability-evidence/payloads/s02-drawability/checks/main-graceful-quit.command.json.gz
100644 blob 86e43ea3218b5890302b754bbf8927f94e79f7ee	docs/spikes/s02-drawability-evidence/payloads/s02-drawability/checks/main-graceful-quit.stderr.gz
100644 blob e95a95bf39c8aae8da2aace2ad74d7e38d7cb793	docs/spikes/s02-drawability-evidence/payloads/s02-drawability/checks/main-graceful-quit.stdout.gz
100644 blob 51d41c66c7a619b89a4a306936f28fa15d309fe2	docs/spikes/s02-drawability-evidence/payloads/s02-drawability/checks/main-refresh-reopen.command.json.gz
100644 blob 86e43ea3218b5890302b754bbf8927f94e79f7ee	docs/spikes/s02-drawability-evidence/payloads/s02-drawability/checks/main-refresh-reopen.stderr.gz
100644 blob 8c05469eeaaeb16b7ea04b5aed1c5b375d14ca8f	docs/spikes/s02-drawability-evidence/payloads/s02-drawability/checks/main-refresh-reopen.stdout.gz
100644 blob 2c2711a436324ae8ae00915ac2374f22d9a74edd	docs/spikes/s02-drawability-evidence/payloads/s02-drawability/checks/main-restoration-launch.command.json.gz
100644 blob 86e43ea3218b5890302b754bbf8927f94e79f7ee	docs/spikes/s02-drawability-evidence/payloads/s02-drawability/checks/main-restoration-launch.stderr.gz
100644 blob 1f3dbbf99561f11841acad53980d553b6b95afcf	docs/spikes/s02-drawability-evidence/payloads/s02-drawability/checks/main-restoration-launch.stdout.gz
100644 blob 9b757d616cda99d47e9f258b9fc0307babed533d	docs/spikes/s02-drawability-evidence/payloads/s02-drawability/checks/main-saved-state.command.json.gz
100644 blob 86e43ea3218b5890302b754bbf8927f94e79f7ee	docs/spikes/s02-drawability-evidence/payloads/s02-drawability/checks/main-saved-state.stderr.gz
100644 blob 070ca03c74bc2f73ccb757b9634003d62aed8119	docs/spikes/s02-drawability-evidence/payloads/s02-drawability/checks/main-saved-state.stdout.gz
100644 blob 35b704fda1b7cf260ae4f83843ba6f2ce3aa79e3	docs/spikes/s02-drawability-evidence/payloads/s02-drawability/checks/managed-cwd-refs.command.json.gz
100644 blob 86e43ea3218b5890302b754bbf8927f94e79f7ee	docs/spikes/s02-drawability-evidence/payloads/s02-drawability/checks/managed-cwd-refs.stderr.gz
100644 blob 56c74a445e5be4970a0e4433dbb72cb8f348ccc2	docs/spikes/s02-drawability-evidence/payloads/s02-drawability/checks/managed-cwd-refs.stdout.gz
100644 blob 6b5456214b8109640ee1f2526605411bbd366dad	docs/spikes/s02-drawability-evidence/payloads/s02-drawability/checks/operation-retention.command.json.gz
100644 blob 86e43ea3218b5890302b754bbf8927f94e79f7ee	docs/spikes/s02-drawability-evidence/payloads/s02-drawability/checks/operation-retention.stderr.gz
100644 blob 28efdc6624c483cba52905b50d5bbeab461c8ad0	docs/spikes/s02-drawability-evidence/payloads/s02-drawability/checks/operation-retention.stdout.gz
100644 blob 87bbbd0072fce0b0afc8ec595caeb972bf1c9970	docs/spikes/s02-drawability-evidence/payloads/s02-drawability/checks/operational-postflight-fixed.command.json.gz
100644 blob 729c9e130753c9ebb0a640be4336078541f12ef0	docs/spikes/s02-drawability-evidence/payloads/s02-drawability/checks/operational-postflight-fixed.stderr.gz
100644 blob 86e43ea3218b5890302b754bbf8927f94e79f7ee	docs/spikes/s02-drawability-evidence/payloads/s02-drawability/checks/operational-postflight-fixed.stdout.gz
100644 blob 7ebbdcbed2ee256b3a3f74817b8b41031c4c8cd4	docs/spikes/s02-drawability-evidence/payloads/s02-drawability/checks/operational-postflight-prefix.command.json.gz
100644 blob 86e43ea3218b5890302b754bbf8927f94e79f7ee	docs/spikes/s02-drawability-evidence/payloads/s02-drawability/checks/operational-postflight-prefix.stderr.gz
100644 blob 1aae5b668ac75357d1fd1c811427e80d80d58316	docs/spikes/s02-drawability-evidence/payloads/s02-drawability/checks/operational-postflight-prefix.stdout.gz
100644 blob 2675770a07621f42152a9e10de78402173a9c8e9	docs/spikes/s02-drawability-evidence/payloads/s02-drawability/checks/operational-postflight.command.json.gz
100644 blob 4d090b2776758e3280a828c1ace6e4cad7fd2a06	docs/spikes/s02-drawability-evidence/payloads/s02-drawability/checks/operational-postflight.stderr.gz
100644 blob 86e43ea3218b5890302b754bbf8927f94e79f7ee	docs/spikes/s02-drawability-evidence/payloads/s02-drawability/checks/operational-postflight.stdout.gz
100644 blob 41c103df8032e0369c79e50b43c594677e88ee82	docs/spikes/s02-drawability-evidence/payloads/s02-drawability/checks/preflight-check.command.json.gz
100644 blob 86e43ea3218b5890302b754bbf8927f94e79f7ee	docs/spikes/s02-drawability-evidence/payloads/s02-drawability/checks/preflight-check.stderr.gz
100644 blob 986fb083e1dee5f2bc9eb2051b2e418fc7db60eb	docs/spikes/s02-drawability-evidence/payloads/s02-drawability/checks/preflight-check.stdout.gz
100644 blob 44201d4feb9102d0e1f85613511a0ca0d5527efb	docs/spikes/s02-drawability-evidence/payloads/s02-drawability/checks/preflight-host.command.json.gz
100644 blob 86e43ea3218b5890302b754bbf8927f94e79f7ee	docs/spikes/s02-drawability-evidence/payloads/s02-drawability/checks/preflight-host.stderr.gz
100644 blob c5b5e7d8146920d69d3b8951f2740a5053ca1e3a	docs/spikes/s02-drawability-evidence/payloads/s02-drawability/checks/preflight-host.stdout.gz
100644 blob 1068d6f987264ec5989fe9017def02cf472109f2	docs/spikes/s02-drawability-evidence/payloads/s02-drawability/checks/preflight-live.command.json.gz
100644 blob 86e43ea3218b5890302b754bbf8927f94e79f7ee	docs/spikes/s02-drawability-evidence/payloads/s02-drawability/checks/preflight-live.stderr.gz
100644 blob 070ca03c74bc2f73ccb757b9634003d62aed8119	docs/spikes/s02-drawability-evidence/payloads/s02-drawability/checks/preflight-live.stdout.gz
100644 blob 27d47890026ec1c1b4633fc65a7c228127b51e00	docs/spikes/s02-drawability-evidence/payloads/s02-drawability/checks/restoration-host.command.json.gz
100644 blob 86e43ea3218b5890302b754bbf8927f94e79f7ee	docs/spikes/s02-drawability-evidence/payloads/s02-drawability/checks/restoration-host.stderr.gz
100644 blob fe25534ee15742ab0525b2810477abb82aa4e381	docs/spikes/s02-drawability-evidence/payloads/s02-drawability/checks/restoration-host.stdout.gz
100644 blob 6185fe4635aba3cb03836a6a96f79a5d424d38cb	docs/spikes/s02-drawability-evidence/payloads/s02-drawability/checks/restored-initial-state.command.json.gz
100644 blob 86e43ea3218b5890302b754bbf8927f94e79f7ee	docs/spikes/s02-drawability-evidence/payloads/s02-drawability/checks/restored-initial-state.stderr.gz
100644 blob 070ca03c74bc2f73ccb757b9634003d62aed8119	docs/spikes/s02-drawability-evidence/payloads/s02-drawability/checks/restored-initial-state.stdout.gz
100644 blob b24f2d5ae81706218dde09ed794ab754bd8ecde2	docs/spikes/s02-drawability-evidence/payloads/s02-drawability/checks/single-observation.command.json.gz
100644 blob 86e43ea3218b5890302b754bbf8927f94e79f7ee	docs/spikes/s02-drawability-evidence/payloads/s02-drawability/checks/single-observation.stderr.gz
100644 blob 836080fc0c0df0884d093c3bc4b8de1e7889812f	docs/spikes/s02-drawability-evidence/payloads/s02-drawability/checks/single-observation.stdout.gz
100644 blob b1151c40d339d6952acfede44fbe6e961a955c36	docs/spikes/s02-drawability-evidence/payloads/s02-drawability/checks/wayland-interfaces.command.json.gz
100644 blob 86e43ea3218b5890302b754bbf8927f94e79f7ee	docs/spikes/s02-drawability-evidence/payloads/s02-drawability/checks/wayland-interfaces.stderr.gz
100644 blob 6b2af1b7f1db729cc8f9b61498e425513152491e	docs/spikes/s02-drawability-evidence/payloads/s02-drawability/checks/wayland-interfaces.stdout.gz
100644 blob a56176b33b6f1c7c397c7a680ad99d909c800ba3	docs/spikes/s02-drawability-evidence/payloads/s02-drawability/cwd-refs.py.gz
100644 blob 79f62746caec2e1fc0ba3d9bef19190222a7336b	docs/spikes/s02-drawability-evidence/payloads/s02-drawability/inventory.py.gz
100644 blob 92f2e66fa68464b8b96a32c1b0b8856bd772c918	docs/spikes/s02-drawability-evidence/payloads/s02-drawability/ledger.py.gz
100644 blob 23f08edcaa260d9273420a86a9fffc87d7ebac59	docs/spikes/s02-drawability-evidence/payloads/s02-drawability/main-restoration-launch.json.gz
100644 blob 8fb76c2452a5907f9825aaaf419006f124c12a9f	docs/spikes/s02-drawability-evidence/payloads/s02-drawability/main-state-request.json.gz
100644 blob 20e88ab98ff55466ccf45a6fc086502936ba8a84	docs/spikes/s02-drawability-evidence/payloads/s02-drawability/mcp__paseo__list_models.json.gz
100644 blob ab0759ee01a652daca7c534a4c74e017102ea529	docs/spikes/s02-drawability-evidence/payloads/s02-drawability/mcp__paseo__list_profiles.json.gz
100644 blob 442967b565ddf4fb2ff68cbaaad0bc3356c7103c	docs/spikes/s02-drawability-evidence/payloads/s02-drawability/mcp__paseo__list_providers.json.gz
100644 blob 65e26769792520ea2be94a0ef464df5ab16c89ee	docs/spikes/s02-drawability-evidence/payloads/s02-drawability/observe.py.gz
100644 blob 7d5399c5726cad1813c3244f56177b85fca4c87a	docs/spikes/s02-drawability-evidence/payloads/s02-drawability/observer.gd.txt.gz
100644 blob a734a45e89dc0c8ce4c1ec00905752f8259b74e1	docs/spikes/s02-drawability-evidence/payloads/s02-drawability/operations-manifest.json.gz
100644 blob 28efdc6624c483cba52905b50d5bbeab461c8ad0	docs/spikes/s02-drawability-evidence/payloads/s02-drawability/operations-readback.json.gz
100644 blob 4855bcc511c85e9e81567c3b3f550197201ebd20	docs/spikes/s02-drawability-evidence/payloads/s02-drawability/package.py.gz
100644 blob 0d4843a115e13793cafcb9d0caa578e72da83852	docs/spikes/s02-drawability-evidence/payloads/s02-drawability/postflight-before-diagnostic-prefix.py.gz
100644 blob 30d3f6d02a06ce112b6a20791c64452521c22961	docs/spikes/s02-drawability-evidence/payloads/s02-drawability/postflight-before-png-header.py.gz
100644 blob a822c0dd0df60a06225aa232af3a2825aaa7beaa	docs/spikes/s02-drawability-evidence/payloads/s02-drawability/postflight.json.gz
100644 blob 2461f4384a954332432c4464717af4ea49a2aeea	docs/spikes/s02-drawability-evidence/payloads/s02-drawability/postflight.py.gz
100644 blob c23410b16890e83f38e206203f4b170eb52d3a76	docs/spikes/s02-drawability-evidence/payloads/s02-drawability/preflight.py.gz
100644 blob 23e587c363a3c61845fac1aa2ab00574edb1d891	docs/spikes/s02-drawability-evidence/payloads/s02-drawability/quit-request.json.gz
100644 blob 624da9061475347bf5058705275458b00d425ec3	docs/spikes/s02-drawability-evidence/payloads/s02-drawability/raw-grant.txt.gz
100644 blob d9b6607c6a13dafd7bc8548fc7e93838da09bd5d	docs/spikes/s02-drawability-evidence/payloads/s02-drawability/raw-requirements.txt.gz
100644 blob 86e43ea3218b5890302b754bbf8927f94e79f7ee	docs/spikes/s02-drawability-evidence/payloads/s02-drawability/restore-host-before.stderr.gz
100644 blob 57cde74ca1b41e8e532c53fac154288fdd4729c3	docs/spikes/s02-drawability-evidence/payloads/s02-drawability/restore-host-before.stdout.gz
100644 blob 63363746b511f378a86850ad233756ddfff37d05	docs/spikes/s02-drawability-evidence/payloads/s02-drawability/restore-main.py.gz
100644 blob 212008884fced0b935c673027272818b405156c0	docs/spikes/s02-drawability-evidence/payloads/s02-drawability/restore-requests.json.gz
100644 blob 656146d5ad4b5f2ea9fa950a68c6f493a8ffd2c8	docs/spikes/s02-drawability-evidence/payloads/s02-drawability/restored-main.stderr.gz
100644 blob 77c71e60b524f5a4dd21afbb5ca0f79de8a2abec	docs/spikes/s02-drawability-evidence/payloads/s02-drawability/restored-main.stdout.gz
100644 blob c62c8977537118a9107c5a550b1347ca6f69a885	docs/spikes/s02-drawability-evidence/payloads/s02-drawability/retain-operations.py.gz
100644 blob 7722042e45aeb391160d3bb68793405ab37ba0d8	docs/spikes/s02-drawability-evidence/payloads/s02-drawability/saved-tabs.json.gz
100644 blob 6a4f886306c0ec781524d28e4608a00c2ef30e15	docs/spikes/s02-drawability-evidence/payloads/s02-drawability/source-refs.json.gz
100644 blob 4eae9d23ef45f08398decb4e74d2f8bb760b237e	docs/spikes/s02-drawability-evidence/payloads/s02-drawability/source-refs.py.gz
100644 blob 8dce5ba46a4d1f9f20ac4e4c0549ba1eae6d562e	docs/spikes/s02-drawability-evidence/payloads/s02-drawability/worker-identity.json.gz
100644 blob 36a431d8ad30d7ef8c9891123d67cc07df3c50a4	docs/spikes/s02-drawability-evidence/readback.json
100644 blob 7a505595028cde97857d1a9492f9ec0e0c7f1a76	docs/spikes/s02-drawability.md
100644 blob 423050b60a0d691d173c2cab03aee9123b51c95c	docs/spikes/s02-evidence/alley_42.png
100644 blob 0c6083c9f687b0e54f2cb8307489070e91ce8a73	docs/spikes/s02-evidence/alley_50.png
100644 blob dd75b68f2b36f06e6c0f8b5f24d26aa95c8e6311	docs/spikes/s02-evidence/between_towers_42.png
100644 blob 7d0f68c443de536c10153699a23079d7de907698	docs/spikes/s02-evidence/blender.log
100644 blob 996dfc7f8e030968ac2f4c90673e13da9a961ff7	docs/spikes/s02-evidence/blocked_target_42.png
100644 blob 6c969fe10830713847560fbf8423437c3810ee17	docs/spikes/s02-evidence/camera-measurements.json
100644 blob 8bbf400d5a70c8bd2c6ac558d459c445ed5157f9	docs/spikes/s02-evidence/captures.log
100644 blob 7f681ba09e98ee42f0751f61bdd8790e9e901e91	docs/spikes/s02-evidence/checks/compilation.json
100644 blob ea2f89dbfac2ecd7da7760baa5bc2a447dfbcf96	docs/spikes/s02-evidence/checks/compile-0.engine.log
100644 blob ea2f89dbfac2ecd7da7760baa5bc2a447dfbcf96	docs/spikes/s02-evidence/checks/compile-0.log
100644 blob ea2f89dbfac2ecd7da7760baa5bc2a447dfbcf96	docs/spikes/s02-evidence/checks/compile-1.engine.log
100644 blob ea2f89dbfac2ecd7da7760baa5bc2a447dfbcf96	docs/spikes/s02-evidence/checks/compile-1.log
100644 blob ea2f89dbfac2ecd7da7760baa5bc2a447dfbcf96	docs/spikes/s02-evidence/checks/compile-10.engine.log
100644 blob ea2f89dbfac2ecd7da7760baa5bc2a447dfbcf96	docs/spikes/s02-evidence/checks/compile-10.log
100644 blob ea2f89dbfac2ecd7da7760baa5bc2a447dfbcf96	docs/spikes/s02-evidence/checks/compile-11.engine.log
100644 blob ea2f89dbfac2ecd7da7760baa5bc2a447dfbcf96	docs/spikes/s02-evidence/checks/compile-11.log
100644 blob ea2f89dbfac2ecd7da7760baa5bc2a447dfbcf96	docs/spikes/s02-evidence/checks/compile-12.engine.log
100644 blob ea2f89dbfac2ecd7da7760baa5bc2a447dfbcf96	docs/spikes/s02-evidence/checks/compile-12.log
100644 blob ea2f89dbfac2ecd7da7760baa5bc2a447dfbcf96	docs/spikes/s02-evidence/checks/compile-13.engine.log
100644 blob ea2f89dbfac2ecd7da7760baa5bc2a447dfbcf96	docs/spikes/s02-evidence/checks/compile-13.log
100644 blob ea2f89dbfac2ecd7da7760baa5bc2a447dfbcf96	docs/spikes/s02-evidence/checks/compile-14.engine.log
100644 blob ea2f89dbfac2ecd7da7760baa5bc2a447dfbcf96	docs/spikes/s02-evidence/checks/compile-14.log
100644 blob ea2f89dbfac2ecd7da7760baa5bc2a447dfbcf96	docs/spikes/s02-evidence/checks/compile-15.engine.log
100644 blob ea2f89dbfac2ecd7da7760baa5bc2a447dfbcf96	docs/spikes/s02-evidence/checks/compile-15.log
100644 blob ea2f89dbfac2ecd7da7760baa5bc2a447dfbcf96	docs/spikes/s02-evidence/checks/compile-16.engine.log
100644 blob ea2f89dbfac2ecd7da7760baa5bc2a447dfbcf96	docs/spikes/s02-evidence/checks/compile-16.log
100644 blob ea2f89dbfac2ecd7da7760baa5bc2a447dfbcf96	docs/spikes/s02-evidence/checks/compile-17.engine.log
100644 blob ea2f89dbfac2ecd7da7760baa5bc2a447dfbcf96	docs/spikes/s02-evidence/checks/compile-17.log
100644 blob ea2f89dbfac2ecd7da7760baa5bc2a447dfbcf96	docs/spikes/s02-evidence/checks/compile-18.engine.log
100644 blob ea2f89dbfac2ecd7da7760baa5bc2a447dfbcf96	docs/spikes/s02-evidence/checks/compile-18.log
100644 blob ea2f89dbfac2ecd7da7760baa5bc2a447dfbcf96	docs/spikes/s02-evidence/checks/compile-19.engine.log
100644 blob ea2f89dbfac2ecd7da7760baa5bc2a447dfbcf96	docs/spikes/s02-evidence/checks/compile-19.log
100644 blob ea2f89dbfac2ecd7da7760baa5bc2a447dfbcf96	docs/spikes/s02-evidence/checks/compile-2.engine.log
100644 blob ea2f89dbfac2ecd7da7760baa5bc2a447dfbcf96	docs/spikes/s02-evidence/checks/compile-2.log
100644 blob ea2f89dbfac2ecd7da7760baa5bc2a447dfbcf96	docs/spikes/s02-evidence/checks/compile-20.engine.log
100644 blob ea2f89dbfac2ecd7da7760baa5bc2a447dfbcf96	docs/spikes/s02-evidence/checks/compile-20.log
100644 blob ea2f89dbfac2ecd7da7760baa5bc2a447dfbcf96	docs/spikes/s02-evidence/checks/compile-3.engine.log
100644 blob ea2f89dbfac2ecd7da7760baa5bc2a447dfbcf96	docs/spikes/s02-evidence/checks/compile-3.log
100644 blob ea2f89dbfac2ecd7da7760baa5bc2a447dfbcf96	docs/spikes/s02-evidence/checks/compile-4.engine.log
100644 blob ea2f89dbfac2ecd7da7760baa5bc2a447dfbcf96	docs/spikes/s02-evidence/checks/compile-4.log
100644 blob ea2f89dbfac2ecd7da7760baa5bc2a447dfbcf96	docs/spikes/s02-evidence/checks/compile-5.engine.log
100644 blob ea2f89dbfac2ecd7da7760baa5bc2a447dfbcf96	docs/spikes/s02-evidence/checks/compile-5.log
100644 blob ea2f89dbfac2ecd7da7760baa5bc2a447dfbcf96	docs/spikes/s02-evidence/checks/compile-6.engine.log
100644 blob ea2f89dbfac2ecd7da7760baa5bc2a447dfbcf96	docs/spikes/s02-evidence/checks/compile-6.log
100644 blob ea2f89dbfac2ecd7da7760baa5bc2a447dfbcf96	docs/spikes/s02-evidence/checks/compile-7.engine.log
100644 blob ea2f89dbfac2ecd7da7760baa5bc2a447dfbcf96	docs/spikes/s02-evidence/checks/compile-7.log
100644 blob ea2f89dbfac2ecd7da7760baa5bc2a447dfbcf96	docs/spikes/s02-evidence/checks/compile-8.engine.log
100644 blob ea2f89dbfac2ecd7da7760baa5bc2a447dfbcf96	docs/spikes/s02-evidence/checks/compile-8.log
100644 blob ea2f89dbfac2ecd7da7760baa5bc2a447dfbcf96	docs/spikes/s02-evidence/checks/compile-9.engine.log
100644 blob ea2f89dbfac2ecd7da7760baa5bc2a447dfbcf96	docs/spikes/s02-evidence/checks/compile-9.log
100644 blob 65214f800d0ff38073673a6897cacfacc63ad294	docs/spikes/s02-evidence/checks/compiler-import.engine.log
100644 blob 292d618652dda0dae2d5b03113a6fbac4c72ef58	docs/spikes/s02-evidence/checks/compiler-import.log
100644 blob bb663e7083fc264f9465e905e1466f86ec787b76	docs/spikes/s02-evidence/checks/compiler-setup.json
100644 blob 65960531f2ab202986429214dd91911ecf651e3b	docs/spikes/s02-evidence/checks/formatting.log
100644 blob 4018e922ad4a8432064147dd3c64f1a7e78d33cd	docs/spikes/s02-evidence/checks/scripts.json
100644 blob 161e6c7c39ff2066760b42f2fb8f4f10fb499561	docs/spikes/s02-evidence/checks/style.log
100644 blob 786454db0ac4be721331e78ac774566bbaa348b1	docs/spikes/s02-evidence/clear_target_42.png
100644 blob fb0ccd53fc364f8ea1d7d128e0084872ca04657f	docs/spikes/s02-evidence/fingerprints.json
100644 blob 1e1c54dbf4ff42e84b8b8c46d5f2501d59f4ba1b	docs/spikes/s02-evidence/held_weapons_47m_42deg.png
100644 blob 9d9ad7e3e3986e67feae16623502f98c08cb7bda	docs/spikes/s02-evidence/history/blender-bootstrap.log
100644 blob 4e71e30e985067a98fc6a8bff87192c156cea15c	docs/spikes/s02-evidence/history/editor-authoring.log
100644 blob 9b59365ec9fdafc472ea2aed297a1380348541f7	docs/spikes/s02-evidence/history/initial-wrong-ambient.png
100644 blob 0a10729a3bbb16499e24d5fd59bd47800fa92b63	docs/spikes/s02-evidence/history/os-focus-unproved.log
100644 blob e3a98886c30a8e90b5fde73a782e3251fcbbb594	docs/spikes/s02-evidence/history/post-capture-focus-failure.log
100644 blob c2ce3c3b30d8967b165e026c7337ae9c150d3d38	docs/spikes/s02-evidence/history/pre-fix-focus-pass.log
100644 blob c192ebd5a4dda336e7d2d961e46c6fabf0248d09	docs/spikes/s02-evidence/history/tower-edge-without-cutaway.png
100644 blob 6e19e258284869a6aecd905ea7b6ac20ff62c441	docs/spikes/s02-evidence/os-focus.log
100644 blob 0227a8a617e6acc62483b19dde8b6360fdcef3ae	docs/spikes/s02-evidence/outcomes/identities.json
100644 blob 73e3e5163e95966f72891b67909638e477c168da	docs/spikes/s02-evidence/outcomes/import.log
100644 blob 59405ac34f470a9b6356421a776b1f4d8c213f89	docs/spikes/s02-evidence/outcomes/outcomes.log
100644 blob 41e9460b8e800b4cb0ea6006917e45ff7bdfc55e	docs/spikes/s02-evidence/outcomes/summary.json
100644 blob 0d21f143389657086269f106fab61917553a9d47	docs/spikes/s02-evidence/review-final/art/capture-comparison.json
100644 blob 8bbf400d5a70c8bd2c6ac558d459c445ed5157f9	docs/spikes/s02-evidence/review-final/art/captures.log
100644 blob ea2f89dbfac2ecd7da7760baa5bc2a447dfbcf96	docs/spikes/s02-evidence/review-final/art/compile-0.log
100644 blob ea2f89dbfac2ecd7da7760baa5bc2a447dfbcf96	docs/spikes/s02-evidence/review-final/art/compile-1.log
100644 blob ea2f89dbfac2ecd7da7760baa5bc2a447dfbcf96	docs/spikes/s02-evidence/review-final/art/compile-2.log
100644 blob ea2f89dbfac2ecd7da7760baa5bc2a447dfbcf96	docs/spikes/s02-evidence/review-final/art/compile-3.log
100644 blob 3b71e6b9f46742182932b9ea046d3728b8e6b988	docs/spikes/s02-evidence/review-final/art/editor-console.json
100644 blob bd0d22d6a5a15f72d4a81fba2e30191a3f1f03fe	docs/spikes/s02-evidence/review-final/art/editor-roundtrip.json
100644 blob 86d2d528a639d71bd85e28c624928893cbcba182	docs/spikes/s02-evidence/review-final/art/final-editor-state.json
100644 blob 8a16d0ec946f4ff11591dfa76eb692aa5ae49364	docs/spikes/s02-evidence/review-final/art/final-revision.json
100644 blob 8890e8c3bf87760627874c1898d53985f9e0c296	docs/spikes/s02-evidence/review-final/art/format.log
100644 blob 0d8f98420cb27db5c16d0587aaa6481df07c549b	docs/spikes/s02-evidence/review-final/art/identity-comparison.json
100644 blob f3766dbb76d204f8b36e7c33b8d2a458cd58fab6	docs/spikes/s02-evidence/review-final/art/lint.log
100644 blob c8c205066188c2a4bda938ee50cd41c843358f3b	docs/spikes/s02-evidence/review-final/art/probe.gd.txt
100644 blob ea5a2125288a1811abccf490c17bbf18c412832f	docs/spikes/s02-evidence/review-final/art/probe.json
100644 blob e9335f6be84cf009d140f14838c965f283fa8320	docs/spikes/s02-evidence/review-final/art/probe.log
100644 blob 1583227a6bb35a8911e645cafd64b5e6bebf881f	docs/spikes/s02-evidence/review-final/art/results.json
100644 blob 9af40dbdf833b7924a85f3a08b38503521aa5df4	docs/spikes/s02-evidence/review-final/art/roundtrip-after.json
100644 blob 9af40dbdf833b7924a85f3a08b38503521aa5df4	docs/spikes/s02-evidence/review-final/art/roundtrip-before.json
100644 blob 346631b53cb5cf7ffcfff5df348dc87873d0bba9	docs/spikes/s02-evidence/review-final/art/route_after.png
100644 blob f583ad15b2a873e3d8a99844734af0bf9bf67555	docs/spikes/s02-evidence/review-final/art/route_before.png
100644 blob 41ef74ae970113ae250dd9cc94afecc526a57025	docs/spikes/s02-evidence/review-final/art/shared-editor-through-review.log
100644 blob ea2f89dbfac2ecd7da7760baa5bc2a447dfbcf96	docs/spikes/s02-evidence/review-final/code/aim_probe.gd.log
100644 blob 69478f0b05c191e19546f63836b177cc2dac5fbe	docs/spikes/s02-evidence/review-final/code/audit.json
100644 blob ea2f89dbfac2ecd7da7760baa5bc2a447dfbcf96	docs/spikes/s02-evidence/review-final/code/capture_s02.gd.log
100644 blob ea2f89dbfac2ecd7da7760baa5bc2a447dfbcf96	docs/spikes/s02-evidence/review-final/code/check_s02.gd.log
100644 blob 355c7fb84a716dca80c2e6363f10417073c69d76	docs/spikes/s02-evidence/review-final/code/compilation.json
100644 blob ea2f89dbfac2ecd7da7760baa5bc2a447dfbcf96	docs/spikes/s02-evidence/review-final/code/desktop_input.gd.log
100644 blob 8890e8c3bf87760627874c1898d53985f9e0c296	docs/spikes/s02-evidence/review-final/code/format.log
100644 blob 7df57947cf5338c3a240959feb39fbe8a354ef30	docs/spikes/s02-evidence/review-final/code/independent.log
100644 blob f3766dbb76d204f8b36e7c33b8d2a458cd58fab6	docs/spikes/s02-evidence/review-final/code/lint.log
100644 blob 97c4b12d34f3d67b8491a2180c7f0f18f6cb593d	docs/spikes/s02-evidence/review-final/code/probe.gd.txt
100644 blob 55c440868cca0e2bf8c2cbb679247cb870ba86c7	docs/spikes/s02-evidence/review-final/reviewers.json
100644 blob 00b8d5a40df2ae75b72667d3acd06ac40967a4e7	docs/spikes/s02-evidence/review-initial/art-editor-roundtrip.log
100644 blob 4d97b3aa90a852e080079b8e1063bf3e42bc3e3c	docs/spikes/s02-evidence/review-initial/art-graphical-results.json
100644 blob 36cc352a6b87cea764343c6c6ad04aba0a8f038b	docs/spikes/s02-evidence/review-initial/art-probe.json
100644 blob 9d77143e15bb68c173bcbc90f35304d6b05747d4	docs/spikes/s02-evidence/review-initial/art-probe.log
100644 blob ab0a76f7004752cb93fcdc9cd8d3bcf77ef7ca05	docs/spikes/s02-evidence/review-initial/art-roundtrip-after.json
100644 blob ab0a76f7004752cb93fcdc9cd8d3bcf77ef7ca05	docs/spikes/s02-evidence/review-initial/art-roundtrip-before.json
100644 blob 5fa70b4d5ea85c42e3c317a5e31177a1d2506611	docs/spikes/s02-evidence/review-initial/art-source.json
100644 blob 9eaabfd8b141a88e44cce7317154e2b255b616a4	docs/spikes/s02-evidence/review-initial/s02-review-cooldown.gd.txt
100644 blob b6c6cd7bac5b7980aeaa1df9245781dff966b9df	docs/spikes/s02-evidence/review-initial/s02-review-cooldown.log
100644 blob c1afd9677c4f1e460689b9c3453551e375a40329	docs/spikes/s02-evidence/review-initial/s02-review-independent.gd.txt
100644 blob 7058007bec21614deec3af51699d02bcc2a58639	docs/spikes/s02-evidence/review-initial/s02-review-independent.log
100644 blob eb7707abd27e7383b9b8817b1b805022fef561af	docs/spikes/s02-evidence/review-initial/s02-review-runtime.gd.txt
100644 blob 5fe22aeb455a083a6578335e8d1591e0a8187ec9	docs/spikes/s02-evidence/review-initial/s02-review-runtime.log
100644 blob b0c48973cab379daf6582f19c0d0a88eedfb9031	docs/spikes/s02-evidence/roundtrip-after.json
100644 blob d129df3f7a8790e068881d4b7a921a1d09a695f7	docs/spikes/s02-evidence/roundtrip-before.json
100644 blob da3019346ccb72cf1054efb64e7fd5e0b7e1a22c	docs/spikes/s02-evidence/s01-regression/bad-loop-import.log
100644 blob 73e3e5163e95966f72891b67909638e477c168da	docs/spikes/s02-evidence/s01-regression/clean-asset-import.log
100644 blob 00ffb6624b34e0986cc9275689630b85129e16d7	docs/spikes/s02-evidence/s01-regression/clean-resources.log
100644 blob 8d397e7f826ed287eef8534e491a6fe19475e6bf	docs/spikes/s02-evidence/s01-regression/duplicate-id.log
100644 blob d4bd8a6189a03f832c259c18015acb4bb5dde0c0	docs/spikes/s02-evidence/s01-regression/summary.json
100644 blob cef30f8e1d3bdd80be8365f948ce4c876650566e	docs/spikes/s02-evidence/s01-regression/unused-script.log
100644 blob 1bc3d89d9af9edd5a36c1563d101119225ff16c0	docs/spikes/s02-evidence/s01-regression/wrong-id.log
100644 blob badf4e505216a93519a26b3601238f77645de58e	docs/spikes/s02-evidence/s01-regression/wrong-loop.log
100644 blob 6c16b163ef865056551fb0515406e1324675997e	docs/spikes/s02-evidence/s01-regression/wrong-material-uid.log
100644 blob 885afbffc4b73a750ad71b578213646304e5a056	docs/spikes/s02-evidence/s01-regression/wrong-placement.log
100644 blob dde795c205f05143d3cccee936d9af228d066edf	docs/spikes/s02-evidence/start_42.png
100644 blob a19a68305c6ea5a94fdfbfdce1987b7489be1e63	docs/spikes/s02-evidence/start_50.png
100644 blob 7f3e6420d666641deccfc79a562e3e51f8184630	docs/spikes/s02-evidence/tower_edge_42.png
100644 blob 0906988c5fd6b4a8ac775c106764ee65b67dac12	docs/spikes/s02-evidence/validated-files.json
100644 blob d381ac813124f7e9d3b8187b530ae3ea6542c662	docs/spikes/s02-windows-evidence/README.md
100644 blob 088476b6c771f7d02c7ffc7d61a40ff25ec36e46	docs/spikes/s02-windows-evidence/checks/review-fix-script-checks.log
100644 blob 87e9c169fd9bc4534b5f8717f165f846d498ac09	docs/spikes/s02-windows-evidence/checks/review-fix-unit-tests.log
100644 blob 3d0c699fa6718751d108adbe472f969c7afcb29e	docs/spikes/s02-windows-evidence/checks/script-checks.log
100644 blob 86a2b9d34f62ca97a3c9ca3cb6cefa4619b2c6cc	docs/spikes/s02-windows-evidence/checks/uid-import.log
100644 blob 2c26e323832ca1ce09f6e70d8a48dc814b2166d4	docs/spikes/s02-windows-evidence/checks/unit-tests.log
100644 blob 986bda805af0dc486c1f091e3c5e46e5856e55ef	docs/spikes/s02-windows-evidence/copy-ledger.json
100644 blob 2c02364961b04a40455b285bda41427461b89ba7	docs/spikes/s02-windows-evidence/draw/engine.log
100644 blob cb1ae56576daaf3c5fe408233e0294b3ed726464	docs/spikes/s02-windows-evidence/draw/s02-draw-03.png
100644 blob f28ce5f950bd91f83d9fd874946519cda3fb0537	docs/spikes/s02-windows-evidence/draw/s02-draw-10.png
100644 blob 862f1140188208dffc7feaac53262e73ab5b2673	docs/spikes/s02-windows-evidence/draw/s02-draw-30.png
100644 blob e69de29bb2d1d6434b8b29ae775ad8c2e48c5391	docs/spikes/s02-windows-evidence/draw/stderr.log
100644 blob 2c02364961b04a40455b285bda41427461b89ba7	docs/spikes/s02-windows-evidence/draw/stdout.log
100644 blob f6f928bb78b0144af42810bdaa9d13c746871db5	docs/spikes/s02-windows-evidence/focus-fixed/copy-ledger.json
100644 blob 2e5215b7e770ba881eacd695b6ef3ceb2ff66aa6	docs/spikes/s02-windows-evidence/focus-fixed/engine.log
100644 blob 89db05991eae347f21cd0e58e3b48e79bc65a7dc	docs/spikes/s02-windows-evidence/focus-fixed/import.log
100644 blob 14132b940887ca26fc3b4bc3965650671d0bc45f	docs/spikes/s02-windows-evidence/focus-fixed/result.json
100644 blob 8db902965a246110c25711995b4233a9a0246c43	docs/spikes/s02-windows-evidence/focus-fixed/runner-console.log
100644 blob e69de29bb2d1d6434b8b29ae775ad8c2e48c5391	docs/spikes/s02-windows-evidence/focus-fixed/stderr.log
100644 blob 2e5215b7e770ba881eacd695b6ef3ceb2ff66aa6	docs/spikes/s02-windows-evidence/focus-fixed/stdout.log
100644 blob 037aa2579bb9b0cff28d46cefa375de681c62893	docs/spikes/s02-windows-evidence/focus/engine.log
100644 blob e69de29bb2d1d6434b8b29ae775ad8c2e48c5391	docs/spikes/s02-windows-evidence/focus/stderr.log
100644 blob 037aa2579bb9b0cff28d46cefa375de681c62893	docs/spikes/s02-windows-evidence/focus/stdout.log
100644 blob a243ca979dbf12606df00186cd75c8f1b66405e8	docs/spikes/s02-windows-evidence/headless/identities.json
100644 blob 0fc89f635cdba1c3bb533b089023f5d4fcae4aba	docs/spikes/s02-windows-evidence/headless/import.log
100644 blob 59405ac34f470a9b6356421a776b1f4d8c213f89	docs/spikes/s02-windows-evidence/headless/outcomes.log
100644 blob 1394c79d21519cdac2cbfc2d94a1f93cb99984ee	docs/spikes/s02-windows-evidence/headless/runner-console.log
100644 blob 41e9460b8e800b4cb0ea6006917e45ff7bdfc55e	docs/spikes/s02-windows-evidence/headless/summary.json
100644 blob 89db05991eae347f21cd0e58e3b48e79bc65a7dc	docs/spikes/s02-windows-evidence/import.log
100644 blob 21bca31b0703822352d755a188e813f729a7f7e0	docs/spikes/s02-windows-evidence/result.json
100644 blob d2a4103296b7f4e8c5b12e88dcebc7380cbd12c9	docs/spikes/s02-windows-evidence/runner-console.log
100644 blob 5ee1aa8ee2322540bc23282b1c676927bba328ad	docs/spikes/s02-windows-observation.md
100644 blob 4464bd0e7ab75845f0c0d1356c3886d6f701d63a	docs/spikes/s02.md
100644 blob 42311ab9cf91ea401b12e66f9908e2e536ea1c8a	docs/spikes/s03-evidence/client.txt
100644 blob ef16e74dc7bd90b5739ba2a91e03885b563af9d5	docs/spikes/s03-evidence/compilation.json
100644 blob 323482f94b5bf925d3c7a1b4494e9ba6838893f8	docs/spikes/s03-evidence/deadline.json
100644 blob e1ec0f3161ab169c141225a4779fc6afa048ba4d	docs/spikes/s03-evidence/host.txt
100644 blob a4fde6d401128702820441fb707ff2df1da3fa70	docs/spikes/s03-evidence/interrupted.json
100644 blob e0be1abce034c841e3011e4545114fe1affd10ad	docs/spikes/s03-evidence/proxy.jsonl
100644 blob da5f2be5d6937c5cf73f0a65823af4607495589a	docs/spikes/s03-evidence/rebased-compilation.json
100644 blob 1db62da20eb0f903f2327fb6d0eb8be0408ddeea	docs/spikes/s03-evidence/rebased-result.json
100644 blob 091c4434b2c878071606ae85eb39e78422a4a70f	docs/spikes/s03-evidence/result.json
100644 blob da5f2be5d6937c5cf73f0a65823af4607495589a	docs/spikes/s03-evidence/reviewed-fix-compilation.json
100644 blob c5e0b6ac199198e01924d96cbea18f1091d47bf7	docs/spikes/s03-evidence/reviewed-fix-result.json
100644 blob 4da8833a5f2c6b56078379ef83b2e31a70a5b9eb	docs/spikes/s03-evidence/unused-negative.json
100644 blob 309f620756bd14ca343dcb86f5903702e1bfb100	docs/spikes/s03-evidence/unused-negative.txt
100644 blob fd858bc3e953ffc2ca6c7611540e0c0dfe09e171	docs/spikes/s03-l-evidence/accepted-hires-baseline/INVALIDATED.md
100644 blob a2ed0549cf08e4d68c6a6757a770506da4c5964d	docs/spikes/s03-l-evidence/accepted-hires-baseline/client/stdout.log
100644 blob abf892f432f98794c6412661aa209596afc7f937	docs/spikes/s03-l-evidence/accepted-hires-baseline/host/stdout.log
100644 blob 806007d5dbc6be9a13bf585aa976bf1f8301d8d1	docs/spikes/s03-l-evidence/accepted-hires-baseline/original-result.json
100644 blob 28b2b7a9bb8221d3a06608cf88bd23a35576b77a	docs/spikes/s03-l-evidence/accepted-hires-baseline/proxy.jsonl
100644 blob d7f8ee1b4d07a2b1e7547c1411d51505158772c4	docs/spikes/s03-l-evidence/accepted-hires-baseline/reanalyzed-result.json
100644 blob a56626f2a83902bf29f8a60cedf6401cbbd434be	docs/spikes/s03-l-evidence/adverse-expiry-environment.txt
100644 blob f8800f2934eb069be457847b03b19d092aa4f5d4	docs/spikes/s03-l-evidence/adverse-expiry-result.json
100644 blob ef434991203602af39bca2726385e2c50801023b	docs/spikes/s03-l-evidence/matrix-03-safe-proxy/direct-default-result.json
100644 blob 3854a55c6178b1932f45d0a870d69f1d5316b29c	docs/spikes/s03-l-evidence/matrix-03-safe-proxy/environment.jsonl
100644 blob a9063e974626b49a51c6baa590d427d26bcc828f	docs/spikes/s03-l-evidence/matrix-03-safe-proxy/proxied-default-result.json
100644 blob 0841fb39ff7ee2f6302b68c4ea0b22050ecbca4c	docs/spikes/s03-l-evidence/matrix-03-safe-proxy/proxied-hires-proxy.jsonl
100644 blob 07af9ee5e9b1b91da71c02ebd8819eb96aee6b16	docs/spikes/s03-l-evidence/matrix-03-safe-proxy/proxied-hires-result.json
100644 blob 170460c7c456b94d5ea1b40548df7237b4226d92	docs/spikes/s03-l-evidence/matrix-03-safe-proxy/proxied-lowprocessor-result.json
100644 blob 3070bc7ca900e1e06a91ada274b5a1cbeee729af	docs/spikes/s03-l-evidence/matrix-03-safe-proxy/proxied-maxfps60-result.json
100644 blob 67c7d1aee7dab00381a460dc628e8550c1de2960	docs/spikes/s03-l-evidence/matrix-03-safe-proxy/windowed-vsync-capped60-result.json
100644 blob 7eac8eb4a9f956c0fcd58cc4389a83b5de972852	docs/spikes/s03-l-evidence/matrix-03-safe-proxy/windowed-vsync-off-capped60-result.json
100644 blob 7d0c926f913937eaff2c0b5ae7b92be1a1faf373	docs/spikes/s03-l-evidence/matrix-summary.json
100644 blob 202704c7e7ed5a889e83e87c6007555a644ed383	docs/spikes/s03-l-evidence/post-rebase-baseline-environment.txt
100644 blob 5418b9d007808580944826959e5b0b6e5de2258b	docs/spikes/s03-l-evidence/post-rebase-baseline-result.json
100644 blob e39d3b0441c8d2365df3fb47b292a691d693978c	docs/spikes/s03-l-evidence/unsafe-windowed-rejection.log
100644 blob b91d3f4e1c86965febd5577963d3f063be806408	docs/spikes/s03-l-evidence/windowed/client-01-after.png
100644 blob 6dec84c83afdbcb0f2a6c335a8588e546d581311	docs/spikes/s03-l-evidence/windowed/client-01-before.png
100644 blob 128d9d4b9fab64780bf34d6df71b06871543238e	docs/spikes/s03-l.md
100644 blob 3e54a520b6060aa9b557778b2cdcc8b09d0e9dcd	docs/spikes/s03-prediction-evidence/checks/analyzer-tests.log
100644 blob 3852ebc13608193ccbc93b9899241fda7b895b85	docs/spikes/s03-prediction-evidence/checks/compilation.json
100644 blob bb663e7083fc264f9465e905e1466f86ec787b76	docs/spikes/s03-prediction-evidence/checks/compiler-setup.json
100644 blob 8a2908f1aa09165aa59d89ebda514707f7ec01a6	docs/spikes/s03-prediction-evidence/checks/formatting.log
100644 blob 3853299fe7e24c9861ed484ba4ffd8e4730b8171	docs/spikes/s03-prediction-evidence/checks/history-probe.log
100644 blob 1345e71acdaabf429dd2598c9647e283052803d9	docs/spikes/s03-prediction-evidence/checks/scripts.json
100644 blob 412c80a2fe51967947a0252084c93bfdf296a598	docs/spikes/s03-prediction-evidence/checks/style.log
100644 blob e43e1909cc15e9eb3eeeff6ced9b5f476e10fdf3	docs/spikes/s03-prediction-evidence/checks/summary.txt
100644 blob 7927fc62c8b91e377874f81837f655992c28a049	docs/spikes/s03-prediction-evidence/checks/tool-tests.log
100644 blob 98e6d78be5f3551223d15793b54a2000503de90b	docs/spikes/s03-prediction-evidence/failed-attempts/adverse-receipt-age.json
100644 blob b80f1860e792b34de8e9326900b51022b41a926c	docs/spikes/s03-prediction-evidence/failed-attempts/contended-headless-baseline.json
100644 blob 358f8badbf8fc0bee32da9501f3d8f080d846355	docs/spikes/s03-prediction-evidence/failed-attempts/normal-single-pulse.json
100644 blob a7188deed39e27bff5d91f02d5fcf623ae53aaa5	docs/spikes/s03-prediction-evidence/headless-adverse/client-stdout.log
100644 blob ded32efdedd73b8f9adbaffee5570068957beced	docs/spikes/s03-prediction-evidence/headless-adverse/host-stdout.log
100644 blob def68df9e2191751ce43d0c0fa8dce5b673eee13	docs/spikes/s03-prediction-evidence/headless-adverse/proxy.jsonl
100644 blob 3a8ab6eb63bae4739d2c0c3c30c830b54204e4af	docs/spikes/s03-prediction-evidence/headless-adverse/result.json
100644 blob ed42b0328f859e21f50bb9ab43af65be34d579d6	docs/spikes/s03-prediction-evidence/headless-baseline/client-stdout.log
100644 blob cfce4009c555014b4d8be2eb70676acf386a7631	docs/spikes/s03-prediction-evidence/headless-baseline/host-stdout.log
100644 blob 3fd17e3304867d92951200d6c8979d0d0f7734f0	docs/spikes/s03-prediction-evidence/headless-baseline/proxy.jsonl
100644 blob ffb87f8396fd3e6df5970857e6392deada7d2721	docs/spikes/s03-prediction-evidence/headless-baseline/result.json
100644 blob 7b7a22bf1ed25fced4951aeaa2be65ed128c4623	docs/spikes/s03-prediction-evidence/headless-normal/client-stdout.log
100644 blob 08dafb9f127d285baf4826e9a2688a1f754d39fb	docs/spikes/s03-prediction-evidence/headless-normal/host-stdout.log
100644 blob 4a560d47084479e0bcb13bd2e10fd2d5fbac90f0	docs/spikes/s03-prediction-evidence/headless-normal/proxy.jsonl
100644 blob 3ef6538ce998040def52e84f5975e65466e56a8b	docs/spikes/s03-prediction-evidence/headless-normal/result.json
100644 blob 6c076ecc1001091f92be797498b273782142d91b	docs/spikes/s03-prediction-evidence/history-probe.log
100644 blob 366ee7e8f461b60e4de7af5f912b8a934f69cc60	docs/spikes/s03-prediction-evidence/windowed-baseline/client-01-after.png
100644 blob cc24584921a9644412e8e2dcfea273d443ed35ff	docs/spikes/s03-prediction-evidence/windowed-baseline/client-01-before.png
100644 blob 9f0264fc92bcc56f0dda4b431ff3ce5581fa7ddb	docs/spikes/s03-prediction-evidence/windowed-baseline/client-stdout.log
100644 blob 47ab8616a1e5afde37563708c1e41a6168919a02	docs/spikes/s03-prediction-evidence/windowed-baseline/host-stdout.log
100644 blob 8583eb536db05ab4ea1d4d3d5d8cb60f2afb3f90	docs/spikes/s03-prediction-evidence/windowed-baseline/proxy.jsonl
100644 blob 877b2011b3f4c4c5f58fd4338db2d52552a12211	docs/spikes/s03-prediction-evidence/windowed-baseline/result.json
100644 blob 0410c3852badf889db143f4b9b1e63465e9361b5	docs/spikes/s03-prediction.md
100644 blob 9945c0270ee5d67d86406b699dfe7d5abc41ee36	docs/spikes/s03-r-evidence/adverse/analysis-owned-entity.json
100644 blob 1c0f79513c707f4b89175cab9fc7fef572336a6d	docs/spikes/s03-r-evidence/adverse/client-engine.log
100644 blob 1c0f79513c707f4b89175cab9fc7fef572336a6d	docs/spikes/s03-r-evidence/adverse/client-stdout.log
100644 blob 43031fe3320b767fd07fd6dbf3578d36590b82c8	docs/spikes/s03-r-evidence/adverse/host-engine.log
100644 blob 43031fe3320b767fd07fd6dbf3578d36590b82c8	docs/spikes/s03-r-evidence/adverse/host-stdout.log
100644 blob e46f52a38405b086aa5c4e507c2e803de8143870	docs/spikes/s03-r-evidence/adverse/import.log
100644 blob 70d209f1a2a168d7df54f42823fb5534dffc2af5	docs/spikes/s03-r-evidence/adverse/proxy.jsonl
100644 blob b330a6eb3e2b9a0015688a3eb599c9d7ffe1c631	docs/spikes/s03-r-evidence/adverse/result.json
100644 blob f5c6e805a4de019c248b75cce30bf673767f2f03	docs/spikes/s03-r-evidence/adverse/tested-source/actor.gd.txt
100644 blob c6f18d0f3955d4f82a7709b979e689ca98e770b4	docs/spikes/s03-r-evidence/adverse/tested-source/actor.gd.uid.txt
100644 blob 114294394954c6e77c7bb25624a77b1204d13280	docs/spikes/s03-r-evidence/adverse/tested-source/actor.tscn.txt
100644 blob b861745325432a49c8182d61e0baf1e00c65ed01	docs/spikes/s03-r-evidence/adverse/tested-source/boot.tscn.txt
100644 blob 7abda9f4282658506d28845c595dec3629f25f16	docs/spikes/s03-r-evidence/adverse/tested-source/match.gd.txt
100644 blob 7300934f8bfaf3442a56ec1f99546f083b200dda	docs/spikes/s03-r-evidence/adverse/tested-source/match.gd.uid.txt
100644 blob 7b719e17db5d80f1ec37ca0813f48400c82159f1	docs/spikes/s03-r-evidence/adverse/tested-source/proof.gd.txt
100644 blob fe7f598df6ef52ad54ea7cf03d59616c72b7b333	docs/spikes/s03-r-evidence/adverse/tested-source/proof.gd.uid.txt
100644 blob 3ce2fd97cf18fca9125f6c8b7d19cab66735142f	docs/spikes/s03-r-evidence/adverse/tested-source/replication.gd.txt
100644 blob a169e356505f98180b4371e045d7dad507c61c85	docs/spikes/s03-r-evidence/adverse/tested-source/replication.gd.uid.txt
100644 blob 264b7bb84414a96338b625f7f03ff064879efd0f	docs/spikes/s03-r-evidence/baseline/analysis-owned-entity.json
100644 blob e3de1bd6f8636b4e4d836b78b68336e4f8ecadcb	docs/spikes/s03-r-evidence/baseline/client-engine.log
100644 blob e3de1bd6f8636b4e4d836b78b68336e4f8ecadcb	docs/spikes/s03-r-evidence/baseline/client-stdout.log
100644 blob 00cafba1236a8d1178be6f33ec734818aacc280e	docs/spikes/s03-r-evidence/baseline/host-engine.log
100644 blob 00cafba1236a8d1178be6f33ec734818aacc280e	docs/spikes/s03-r-evidence/baseline/host-stdout.log
100644 blob e46f52a38405b086aa5c4e507c2e803de8143870	docs/spikes/s03-r-evidence/baseline/import.log
100644 blob 6b5de6c07b47a094fa54203d7311dc8c3c21ef80	docs/spikes/s03-r-evidence/baseline/proxy.jsonl
100644 blob 41618faad25d8a2f1a11c7cfca85cb082ac28c11	docs/spikes/s03-r-evidence/baseline/result.json
100644 blob f5c6e805a4de019c248b75cce30bf673767f2f03	docs/spikes/s03-r-evidence/baseline/tested-source/actor.gd.txt
100644 blob c6f18d0f3955d4f82a7709b979e689ca98e770b4	docs/spikes/s03-r-evidence/baseline/tested-source/actor.gd.uid.txt
100644 blob 114294394954c6e77c7bb25624a77b1204d13280	docs/spikes/s03-r-evidence/baseline/tested-source/actor.tscn.txt
100644 blob b861745325432a49c8182d61e0baf1e00c65ed01	docs/spikes/s03-r-evidence/baseline/tested-source/boot.tscn.txt
100644 blob 7abda9f4282658506d28845c595dec3629f25f16	docs/spikes/s03-r-evidence/baseline/tested-source/match.gd.txt
100644 blob 7300934f8bfaf3442a56ec1f99546f083b200dda	docs/spikes/s03-r-evidence/baseline/tested-source/match.gd.uid.txt
100644 blob 7b719e17db5d80f1ec37ca0813f48400c82159f1	docs/spikes/s03-r-evidence/baseline/tested-source/proof.gd.txt
100644 blob fe7f598df6ef52ad54ea7cf03d59616c72b7b333	docs/spikes/s03-r-evidence/baseline/tested-source/proof.gd.uid.txt
100644 blob 3ce2fd97cf18fca9125f6c8b7d19cab66735142f	docs/spikes/s03-r-evidence/baseline/tested-source/replication.gd.txt
100644 blob a169e356505f98180b4371e045d7dad507c61c85	docs/spikes/s03-r-evidence/baseline/tested-source/replication.gd.uid.txt
100644 blob e2c65eec4600c6de8d268d360ffeda0f30528d67	docs/spikes/s03-r-evidence/checks/compilation.json
100644 blob bb663e7083fc264f9465e905e1466f86ec787b76	docs/spikes/s03-r-evidence/checks/compiler-setup.json
100644 blob e2c65eec4600c6de8d268d360ffeda0f30528d67	docs/spikes/s03-r-evidence/checks/final/compilation.json
100644 blob bb663e7083fc264f9465e905e1466f86ec787b76	docs/spikes/s03-r-evidence/checks/final/compiler-setup.json
100644 blob 206dac0569175558d6ec646a76f51a1f85a5d755	docs/spikes/s03-r-evidence/checks/final/formatting.log
100644 blob 68c166a2cc3e145a5403008e25f1dac121aaf010	docs/spikes/s03-r-evidence/checks/final/scripts.json
100644 blob e6b893af34ea88c963a8ef040c6204a3d0e98886	docs/spikes/s03-r-evidence/checks/final/style.log
100644 blob 206dac0569175558d6ec646a76f51a1f85a5d755	docs/spikes/s03-r-evidence/checks/formatting.log
100644 blob 68c166a2cc3e145a5403008e25f1dac121aaf010	docs/spikes/s03-r-evidence/checks/scripts.json
100644 blob e6b893af34ea88c963a8ef040c6204a3d0e98886	docs/spikes/s03-r-evidence/checks/style.log
100644 blob 6eb07104f2d52c31ae120cdcb47ababc80eb0b4e	docs/spikes/s03-r-evidence/editor/author-scenes-result.json
100644 blob ea806cb916f7fee2691edca16672810524a066de	docs/spikes/s03-r-evidence/editor/final-host-inventory.json
100644 blob fd7d76c83cbee8f78469364bec975d3bc2f22e0b	docs/spikes/s03-r-evidence/editor/final-saved-state.json
100644 blob fd7d76c83cbee8f78469364bec975d3bc2f22e0b	docs/spikes/s03-r-evidence/editor/fixed-rebased-state.json
100644 blob 0d5d8efb155dd9773928da936df4fda7aa612a21	docs/spikes/s03-r-evidence/editor/launch.json
100644 blob 0972720d0dec793511fafa8868535dd425b670d0	docs/spikes/s03-r-evidence/editor/original-path-preservation.json
100644 blob 776e5e47049f94ce9433323636936113da8b757c	docs/spikes/s03-r-evidence/editor/original-preservation-final.json
100644 blob 7832f7542848c1f345d2bf890a88abd3ff33fc41	docs/spikes/s03-r-evidence/editor/roundtrip-after.json
100644 blob 53ab33362d8f47276283f7595081f7d0cfe80505	docs/spikes/s03-r-evidence/editor/roundtrip-before.json
100644 blob e258245df52c46f5530d2ec937737cbd2ee14331	docs/spikes/s03-r-evidence/editor/roundtrip-result-v2.json
100644 blob 910a779a3e5ffb5c0b4f969f8fa667525a4526cd	docs/spikes/s03-r-evidence/editor/roundtrip-stable-after.json
100644 blob 910a779a3e5ffb5c0b4f969f8fa667525a4526cd	docs/spikes/s03-r-evidence/editor/roundtrip-stable-before.json
100644 blob 0508f66b4e5306165b916c3f700eadfcae2308ed	docs/spikes/s03-r-evidence/editor/roundtrip-stable-result.json
100644 blob 7e4eed576612422168ad2ff6a5772aa01ac3ebf8	docs/spikes/s03-r-evidence/editor/worktree-initial.json
100644 blob 83385414af3f0880b8c2472f82eed50aab4a8e3f	docs/spikes/s03-r-evidence/failed-attempts/client-stdout.log
100644 blob be49a8fe50a237a2430496927ddc2327ee6a1546	docs/spikes/s03-r-evidence/failed-attempts/fix-initial-style.log
100644 blob 1400caac71c9a5c150c6874c983ee221c4cc306d	docs/spikes/s03-r-evidence/failed-attempts/host-stdout.log
100644 blob 4960504c4e672ce55092c65b89a2ea56e7ebede2	docs/spikes/s03-r-evidence/failed-attempts/s03-r-checks-initial-compiler-import.log
100644 blob 6b01896f9f48fef59491f9a31e00d4b5a3298239	docs/spikes/s03-r-evidence/failed-attempts/s03-r-technical-result.json
100644 blob b2c4edf228d8eb23d268151efcd90bb4231d6bfc	docs/spikes/s03-r-evidence/fix-adverse/client-engine.log
100644 blob b2c4edf228d8eb23d268151efcd90bb4231d6bfc	docs/spikes/s03-r-evidence/fix-adverse/client-stdout.log
100644 blob a8b5e93598e72d78579280fc91ae6050b41b13db	docs/spikes/s03-r-evidence/fix-adverse/host-engine.log
100644 blob a8b5e93598e72d78579280fc91ae6050b41b13db	docs/spikes/s03-r-evidence/fix-adverse/host-stdout.log
100644 blob 79b2e9b70fabc996ff54403b1ae235c19942a161	docs/spikes/s03-r-evidence/fix-adverse/import.log
100644 blob 89a6d84dc1a2afba7d89859a50850d20647563e9	docs/spikes/s03-r-evidence/fix-adverse/proxy.jsonl
100644 blob 9e115a3f73c2d8117a079e36a13955eb25dff62d	docs/spikes/s03-r-evidence/fix-adverse/result.json
100644 blob f5c6e805a4de019c248b75cce30bf673767f2f03	docs/spikes/s03-r-evidence/fix-adverse/tested-source/actor.gd.txt
100644 blob c6f18d0f3955d4f82a7709b979e689ca98e770b4	docs/spikes/s03-r-evidence/fix-adverse/tested-source/actor.gd.uid.txt
100644 blob 114294394954c6e77c7bb25624a77b1204d13280	docs/spikes/s03-r-evidence/fix-adverse/tested-source/actor.tscn.txt
100644 blob 75d130cbc4be1dfa375fa5bc5582c4f2365ee0e2	docs/spikes/s03-r-evidence/fix-adverse/tested-source/boot.tscn.txt
100644 blob 68ec1c2181dbd7d83cea3079ee88dca572b0a60f	docs/spikes/s03-r-evidence/fix-adverse/tested-source/match.gd.txt
100644 blob 7300934f8bfaf3442a56ec1f99546f083b200dda	docs/spikes/s03-r-evidence/fix-adverse/tested-source/match.gd.uid.txt
100644 blob 7a76728658da2d9676f95dba96c5b4acc8029ddd	docs/spikes/s03-r-evidence/fix-adverse/tested-source/pose_fence_probe.gd.txt
100644 blob 3968bfd1646571bd9026fdd61bc5f68cfbf578a2	docs/spikes/s03-r-evidence/fix-adverse/tested-source/pose_fence_probe.gd.uid.txt
100644 blob 4037db07925b7f47bd31e1445916b4b767daedbf	docs/spikes/s03-r-evidence/fix-adverse/tested-source/proof.gd.txt
100644 blob fe7f598df6ef52ad54ea7cf03d59616c72b7b333	docs/spikes/s03-r-evidence/fix-adverse/tested-source/proof.gd.uid.txt
100644 blob 3ce2fd97cf18fca9125f6c8b7d19cab66735142f	docs/spikes/s03-r-evidence/fix-adverse/tested-source/replication.gd.txt
100644 blob a169e356505f98180b4371e045d7dad507c61c85	docs/spikes/s03-r-evidence/fix-adverse/tested-source/replication.gd.uid.txt
100644 blob 309225f56c2b969a4e6aa655290ea4e23e16f714	docs/spikes/s03-r-evidence/fix-checks/compilation.json
100644 blob bb663e7083fc264f9465e905e1466f86ec787b76	docs/spikes/s03-r-evidence/fix-checks/compiler-setup.json
100644 blob 8392a563416fa5bbb9326f7b16b1a6201cb74217	docs/spikes/s03-r-evidence/fix-checks/formatting.log
100644 blob 9a96a86d14a2e4fa56b085ccb0279a4d246f3d82	docs/spikes/s03-r-evidence/fix-checks/links-resources.log
100644 blob b40a70c57fdc2233070ee8396dae36b0fd1a30e5	docs/spikes/s03-r-evidence/fix-checks/probe-fence.log
100644 blob 79b2e9b70fabc996ff54403b1ae235c19942a161	docs/spikes/s03-r-evidence/fix-checks/probe-import.log
100644 blob 1f78570117ae16c75d1859a9dbe498bec6267fd6	docs/spikes/s03-r-evidence/fix-checks/scripts.json
100644 blob da13149d9c9745703d6f76a16571ca951ad5ebea	docs/spikes/s03-r-evidence/fix-checks/style.log
100644 blob 901d62e1a0e626f2aa9c07bdc4d4b2e025b43550	docs/spikes/s03-r-evidence/fix-checks/tool-tests.log
100644 blob 80ff87609ee2204670718df7d6d1aec2280c29cd	docs/spikes/s03-r-evidence/normal/analysis-owned-entity.json
100644 blob 244cd130c247c5f1bb228ffc8649cb47f3fc0892	docs/spikes/s03-r-evidence/normal/client-engine.log
100644 blob 244cd130c247c5f1bb228ffc8649cb47f3fc0892	docs/spikes/s03-r-evidence/normal/client-stdout.log
100644 blob 8025125a6ad412bc297ee5068bb52f6d3cecb0ae	docs/spikes/s03-r-evidence/normal/host-engine.log
100644 blob 8025125a6ad412bc297ee5068bb52f6d3cecb0ae	docs/spikes/s03-r-evidence/normal/host-stdout.log
100644 blob e46f52a38405b086aa5c4e507c2e803de8143870	docs/spikes/s03-r-evidence/normal/import.log
100644 blob a3684b9a36a287c637cd285087c3e179613ede1a	docs/spikes/s03-r-evidence/normal/proxy.jsonl
100644 blob 10614910eeb8865be99a120d18ae05d0019164f6	docs/spikes/s03-r-evidence/normal/result.json
100644 blob f5c6e805a4de019c248b75cce30bf673767f2f03	docs/spikes/s03-r-evidence/normal/tested-source/actor.gd.txt
100644 blob c6f18d0f3955d4f82a7709b979e689ca98e770b4	docs/spikes/s03-r-evidence/normal/tested-source/actor.gd.uid.txt
100644 blob 114294394954c6e77c7bb25624a77b1204d13280	docs/spikes/s03-r-evidence/normal/tested-source/actor.tscn.txt
100644 blob b861745325432a49c8182d61e0baf1e00c65ed01	docs/spikes/s03-r-evidence/normal/tested-source/boot.tscn.txt
100644 blob 7abda9f4282658506d28845c595dec3629f25f16	docs/spikes/s03-r-evidence/normal/tested-source/match.gd.txt
100644 blob 7300934f8bfaf3442a56ec1f99546f083b200dda	docs/spikes/s03-r-evidence/normal/tested-source/match.gd.uid.txt
100644 blob 7b719e17db5d80f1ec37ca0813f48400c82159f1	docs/spikes/s03-r-evidence/normal/tested-source/proof.gd.txt
100644 blob fe7f598df6ef52ad54ea7cf03d59616c72b7b333	docs/spikes/s03-r-evidence/normal/tested-source/proof.gd.uid.txt
100644 blob 3ce2fd97cf18fca9125f6c8b7d19cab66735142f	docs/spikes/s03-r-evidence/normal/tested-source/replication.gd.txt
100644 blob a169e356505f98180b4371e045d7dad507c61c85	docs/spikes/s03-r-evidence/normal/tested-source/replication.gd.uid.txt
100644 blob fe1dc306cd4065f0e968ccade2ac98002e24c714	docs/spikes/s03-r-evidence/protocol-before-measurement.md
100644 blob efc7248428df3611ce5ae7d723b258a9412e38a1	docs/spikes/s03-r-evidence/result.json
100644 blob c1a2983cdb184b94c899f78cfa78ca064dab21a2	docs/spikes/s03-r-evidence/review-followup/adverse-reanalysis.json
100644 blob d6fd370e718de8904e5ec8df49e12fbfde133718	docs/spikes/s03-r-evidence/review-followup/candidate-api.log
100644 blob ea2f89dbfac2ecd7da7760baa5bc2a447dfbcf96	docs/spikes/s03-r-evidence/review-followup/match-compile.log
100644 blob 5d833c61ab2ea174209ed3b6ab16635801f7de5b	docs/spikes/s03-r-evidence/review-followup/negative-behavioral-mutation.log
100644 blob 3a1208a4bd96dd5758ec83a01ee634904acb6069	docs/spikes/s03-r-evidence/review-followup/negative-unfixed.log
100644 blob 312462701be89eba4850030f8a996aff3eea07ae	docs/spikes/s03-r-evidence/review-followup/original-probe-fixed.log
100644 blob ea2f89dbfac2ecd7da7760baa5bc2a447dfbcf96	docs/spikes/s03-r-evidence/review-followup/pose_fence_probe-compile.log
100644 blob b7474a03ed99e582639c93f8b20139b3adf0d3f2	docs/spikes/s03-r-evidence/review-followup/result.json
100644 blob 2d0a5967e9d3ac7464c5e02287c01c61bb23454f	docs/spikes/s03-r-evidence/review-initial/client-engine.log
100644 blob 2d0a5967e9d3ac7464c5e02287c01c61bb23454f	docs/spikes/s03-r-evidence/review-initial/client-stdout.log
100644 blob 1a23ab7b858de5b90e2a441fd5779a3084c76ba0	docs/spikes/s03-r-evidence/review-initial/host-engine.log
100644 blob 1a23ab7b858de5b90e2a441fd5779a3084c76ba0	docs/spikes/s03-r-evidence/review-initial/host-stdout.log
100644 blob e46f52a38405b086aa5c4e507c2e803de8143870	docs/spikes/s03-r-evidence/review-initial/import.log
100644 blob 8b613a2c3287142b6e74a44ae22775646ac01cad	docs/spikes/s03-r-evidence/review-initial/independent-raw-analysis.json
100644 blob a59ec3374fe69e9c7fadb53da048f4e75711f7b5	docs/spikes/s03-r-evidence/review-initial/pose-fence-engine.log
100644 blob a59ec3374fe69e9c7fadb53da048f4e75711f7b5	docs/spikes/s03-r-evidence/review-initial/pose-fence.log
100644 blob 50572cbc0cb4ad9a934fb919a0e8b73186f2fe51	docs/spikes/s03-r-evidence/review-initial/proxy.jsonl
100644 blob f8e8fdbe5ccc1dadcff53c05f5251af8c1fb037e	docs/spikes/s03-r-evidence/review-initial/result.json
100644 blob 7d1e1d74afa85362272384572a8ba59065ee1986	docs/spikes/s03-r-evidence/review-initial/review_pose_fence.gd.txt
100644 blob f1a86692e2cf6d384cfc99dd3f490356deae2423	docs/spikes/s03-r.md
100644 blob b0467b56a7c2cdd600a641e862c570a950e23d79	docs/spikes/s03-s-abstraction-review-evidence/README.md
100644 blob 634e21e33e49576c9683ce396078e63f09ea50e5	docs/spikes/s03-s-abstraction-review-evidence/docs-checks.log
100644 blob 55f5baae6ee187027dd909c960157729db6b1087	docs/spikes/s03-s-abstraction-review-evidence/formatting.log
100644 blob 60bcd2eec5feee1ff05a089a2d98275970890ffc	docs/spikes/s03-s-abstraction-review-evidence/gdstyle-known-warnings.log
100644 blob e512202107d256e327b8a01c838b74b95d2d82ba	docs/spikes/s03-s-abstraction-review-evidence/godot-version.log
100644 blob 663b2133d48732f0244d263ced8661e93b86e872	docs/spikes/s03-s-abstraction-review-evidence/script-checks.log
100644 blob 3cd1d8d0af41d4c5dbda36fa55fd1a3e80bd98d0	docs/spikes/s03-s-abstraction-review-evidence/unit-tests.log
100644 blob 3de884cf707c561b05ad3ab93994c1b492a9b514	docs/spikes/s03-s-abstraction-review.md
100644 blob fd1fe3fab5e8671db21ba2ec02636c65d50ea9a4	docs/spikes/s03-s-compatibility-evidence/check_static.py
100644 blob e27584fbe2f9f56e1f365bf57ba4bf12b716a59d	docs/spikes/s03-s-compatibility-evidence/criteria.md
100644 blob 16052791df74b2b5e2a3997997a382c1cddba1a3	docs/spikes/s03-s-compatibility-evidence/fetch-public.log
100644 blob 19a1b8ca33beeb1a26d02f03103e0a4cbe794cff	docs/spikes/s03-s-compatibility-evidence/fetch-restricted.log
100644 blob 7e23cf68c970bb1724fcd90c04ef48b3b18c4642	docs/spikes/s03-s-compatibility-evidence/fetch.py.txt
100644 blob b569ea72a217e430ca761a8749590bac30d2437d	docs/spikes/s03-s-compatibility-evidence/hash-guard-negative.log
100644 blob c6e3bae4c4789433534580d52dfa60623be76f44	docs/spikes/s03-s-compatibility-evidence/model-receipt.json
100644 blob 1094539985803a1d4b5a0a12dafb6a9f01ff9a1f	docs/spikes/s03-s-compatibility-evidence/probe.json
100644 blob bec376bfcbaf10ea39679e80de061bab48cb691f	docs/spikes/s03-s-compatibility-evidence/registration-check.log
100644 blob f21e68def98d8fdca00ca277f46fab6bb48318c5	docs/spikes/s03-s-compatibility-evidence/registration-selected.json
100644 blob f7103a1f8f8298ced570823fa18506eb08e70276	docs/spikes/s03-s-compatibility-evidence/registration.gd.txt
100644 blob e9f4bea406fae6ad8970b1e7463b4a8256285ba6	docs/spikes/s03-s-compatibility-evidence/registration.log
100644 blob 6ea9c4a382bbfe903903a8997277d0ee0b7fbc3a	docs/spikes/s03-s-compatibility-evidence/retention-check-final.log
100644 blob 4775b707d3823e84100670a07c8f6bc1f9708a64	docs/spikes/s03-s-compatibility-evidence/retention-check-initial.log
100644 blob 1622b8ceb0720d0f1d52f082e117fe023cd79da2	docs/spikes/s03-s-compatibility-evidence/retention-check-second.log
100644 blob 369ae8c473129b308b1571dd7791ac50b5f7b423	docs/spikes/s03-s-compatibility-evidence/run_registration.py
100644 blob e6b5b9ef4c594701e9f0d752dc3bdae82ccb5d15	docs/spikes/s03-s-compatibility-evidence/sources.json
100644 blob 570383259c5ffed91b069665aa229abd27879ab6	docs/spikes/s03-s-compatibility-evidence/static-checks.log
100644 blob e512202107d256e327b8a01c838b74b95d2d82ba	docs/spikes/s03-s-compatibility-evidence/version.log
100644 blob 5e5bb0464fd01ee840b7302df4245e1b04041ff2	docs/spikes/s03-s-compatibility.md
100644 blob d1a47d452c26dc0f12bd450ea8b935c776f06f19	docs/spikes/s03-s-evidence/document-checks.log
100644 blob 9fbe5dfda9e0d3b9f45416216a39a403f49cb568	docs/spikes/s03-s-evidence/import-restricted.log
100644 blob be8c93b6185700b147a418872003e571842f4edf	docs/spikes/s03-s-evidence/probe-project.godot.txt
100644 blob 92b2e2bc93a97c2b5d00111d64d27c064f2c36c1	docs/spikes/s03-s-evidence/probe.gd.txt
100644 blob 8baaa1b06285e1d86844f250fc79a33772f7e6f6	docs/spikes/s03-s-evidence/provenance.json
100644 blob 85bbad2eda755f7ef466f98026c30576fc4ac36e	docs/spikes/s03-s-evidence/registration.json
100644 blob e9f4bea406fae6ad8970b1e7463b4a8256285ba6	docs/spikes/s03-s-evidence/registration.log
100644 blob e512202107d256e327b8a01c838b74b95d2d82ba	docs/spikes/s03-s-evidence/version.log
100644 blob ec83448f16c8a08ac6d2ed8f70e936e373d7fe56	docs/spikes/s03-s-upstream-peer-evidence.md
100644 blob e7bc24beec1a0f0dfe3eca08f381d02acb41c7e0	docs/spikes/s03-s-upstream-peer-evidence/.gitattributes
100644 blob 93c30b7acc7fd118fb0d6a5f953b4762cfa6a65d	docs/spikes/s03-s-upstream-peer-evidence/candidates.json
100644 blob e69de29bb2d1d6434b8b29ae775ad8c2e48c5391	docs/spikes/s03-s-upstream-peer-evidence/check-01.stderr.log
100644 blob c2e668f712f185a84b6dc851f3e0938d9a1e7891	docs/spikes/s03-s-upstream-peer-evidence/check-01.stdout.log
100644 blob e69de29bb2d1d6434b8b29ae775ad8c2e48c5391	docs/spikes/s03-s-upstream-peer-evidence/check-02.stderr.log
100644 blob c2e668f712f185a84b6dc851f3e0938d9a1e7891	docs/spikes/s03-s-upstream-peer-evidence/check-02.stdout.log
100644 blob e69de29bb2d1d6434b8b29ae775ad8c2e48c5391	docs/spikes/s03-s-upstream-peer-evidence/check-03.stderr.log
100644 blob e69de29bb2d1d6434b8b29ae775ad8c2e48c5391	docs/spikes/s03-s-upstream-peer-evidence/check-03.stdout.log
100644 blob 68edbbc1ee2d50c55fa9b54ccd5a148ea7e535b0	docs/spikes/s03-s-upstream-peer-evidence/check-04.stderr.log
100644 blob e69de29bb2d1d6434b8b29ae775ad8c2e48c5391	docs/spikes/s03-s-upstream-peer-evidence/check-04.stdout.log
100644 blob 650ad7cbd59c343865f91aceff520ece9cc8fa59	docs/spikes/s03-s-upstream-peer-evidence/check-05.stderr.log
100644 blob e69de29bb2d1d6434b8b29ae775ad8c2e48c5391	docs/spikes/s03-s-upstream-peer-evidence/check-05.stdout.log
100644 blob e69de29bb2d1d6434b8b29ae775ad8c2e48c5391	docs/spikes/s03-s-upstream-peer-evidence/check-06.stderr.log
100644 blob 615beb126ca63d598707efba1eb21a411ee801c0	docs/spikes/s03-s-upstream-peer-evidence/check-06.stdout.log
100644 blob e69de29bb2d1d6434b8b29ae775ad8c2e48c5391	docs/spikes/s03-s-upstream-peer-evidence/check-07.stderr.log
100644 blob c2e668f712f185a84b6dc851f3e0938d9a1e7891	docs/spikes/s03-s-upstream-peer-evidence/check-07.stdout.log
100644 blob d94520a55384bfa6c72688a39094a73b9cb340c3	docs/spikes/s03-s-upstream-peer-evidence/checks.json
100644 blob 5099d61465aede6c6fd1e8917832c8588a41ffdf	docs/spikes/s03-s-upstream-peer-evidence/discover.py.txt
100644 blob b56774e5c094e2fcf205a8945fdd3cc6af4a7482	docs/spikes/s03-s-upstream-peer-evidence/extra.py.txt
100644 blob 0bf640838b92002dc86be9ab2d5e3c3ac96fddd9	docs/spikes/s03-s-upstream-peer-evidence/fetch-restricted.log
100644 blob 224d2250ddc9e414edff24906ddb258e086deea0	docs/spikes/s03-s-upstream-peer-evidence/fetch.py.txt
100644 blob 33d904137fe7f2db62fe063d7607350c32493059	docs/spikes/s03-s-upstream-peer-evidence/licenses.json
100644 blob 5229add658fc10c8a046d651b853fb5af92c7dbc	docs/spikes/s03-s-upstream-peer-evidence/licenses.py.txt
100644 blob b50ed1233870e6888bdea4f7dfb817389fc13788	docs/spikes/s03-s-upstream-peer-evidence/licenses/csharp.txt
100644 blob 0cefe812e38d091d6de098c91d9ff4e56a6590bd	docs/spikes/s03-s-upstream-peer-evidence/licenses/expresso.txt
100644 blob 9aa7a768643f22128fc12ba8062634fadf8d889e	docs/spikes/s03-s-upstream-peer-evidence/licenses/valve.txt
100644 blob e4eb2355e553cf38f9991eed2986a78b64c564e3	docs/spikes/s03-s-upstream-peer-evidence/metadata/csharp-head.json
100644 blob 40cbf2c1bf1a6b9577805c8687c66e2c15ef427c	docs/spikes/s03-s-upstream-peer-evidence/metadata/csharp-selected-tree.json
100644 blob 63d9353c187a3c643508cc381e83be87af6500cd	docs/spikes/s03-s-upstream-peer-evidence/metadata/expresso-head.json
100644 blob 98da37d5bb682726d0eddd7f700172235865cbb4	docs/spikes/s03-s-upstream-peer-evidence/metadata/expresso-selected-tree.json
100644 blob 0546b0a35691697c42996811a0d588c56b3898c0	docs/spikes/s03-s-upstream-peer-evidence/metadata/gde-commit.json
100644 blob 55d1f76deeeee7c9c3de6a1cc4b78d8e5f7704d5	docs/spikes/s03-s-upstream-peer-evidence/metadata/gde-selected-tree.json
100644 blob 1e9d187b11d87a5d5d7acfc3f2faa36d24dbab92	docs/spikes/s03-s-upstream-peer-evidence/metadata/godotsteam-branches.json
100644 blob 7c0577b46d42a4ef4e944e8ea8e2420c460ac61b	docs/spikes/s03-s-upstream-peer-evidence/metadata/godotsteam-tags.json
100644 blob dfcaba95a311b7b87b6fdefde5df34191a980ae6	docs/spikes/s03-s-upstream-peer-evidence/metadata/valve-head.json
100644 blob 04d254d31a2d58b8eb0c61d7df2e326c27a7854d	docs/spikes/s03-s-upstream-peer-evidence/retained-peer-diff.txt
100644 blob 05a898d79813a37fd91122f082cf8d3dc6c010f8	docs/spikes/s03-s-upstream-peer-evidence/retention.json
100644 blob 23f8c0b65af52fedba88d80d5157f38a1e25a65d	docs/spikes/s03-s-upstream-peer-evidence/reviewer-brief.txt
100644 blob c98bf1a28336e2677122dc156d012155a377a08c	docs/spikes/s03-s-upstream-peer-evidence/session.json
100644 blob 35ad2eb359ab4d354defa33c568f01735a97b1cf	docs/spikes/s03-s-upstream-peer-evidence/singleton-comparison.json
100644 blob c4729cc5aae64c4cd3738245474badbe43d8d921	docs/spikes/s03-s-upstream-peer-evidence/sources.json
100644 blob 1a448466208723f272882fd708d9744a94f49ee0	docs/spikes/s03-s-upstream-peer-evidence/sources/csharp/README.md.txt
100644 blob 4d302a18063324ad9ddc3b1eb1be466b468a3d38	docs/spikes/s03-s-upstream-peer-evidence/sources/csharp/addons/steam-multiplayer-peer-csharp/SteamMultiplayerPeer.cs.txt
100644 blob 4cdd42a8c83c1e5a0fea0056b5d221d7afbf431a	docs/spikes/s03-s-upstream-peer-evidence/sources/expresso/README.md.txt
100644 blob fdfa9c170110ca85e49f4e3006fae9e39ba35d10	docs/spikes/s03-s-upstream-peer-evidence/sources/expresso/steam-multiplayer-peer/steam_connection.cpp.txt
100644 blob d8b95ca3c2decd4ed4125055fdc01292e7e82354	docs/spikes/s03-s-upstream-peer-evidence/sources/expresso/steam-multiplayer-peer/steam_connection.h.txt
100644 blob c9ee4440a8bf19feee6b916229a26578c37faff0	docs/spikes/s03-s-upstream-peer-evidence/sources/expresso/steam-multiplayer-peer/steam_multiplayer_peer.cpp.txt
100644 blob 1fb4d4b24d3d304f4c434f402e918c10b3172776	docs/spikes/s03-s-upstream-peer-evidence/sources/expresso/steam-multiplayer-peer/steam_multiplayer_peer.h.txt
100644 blob 692dfb4528513b3317cb1df395e4f39cdbd16dbe	docs/spikes/s03-s-upstream-peer-evidence/sources/expresso/steam-multiplayer-peer/steam_packet_peer.cpp.txt
100644 blob 660acc77b0c69afabe411974ba77a41659f92bd3	docs/spikes/s03-s-upstream-peer-evidence/sources/expresso/steam-multiplayer-peer/steam_packet_peer.h.txt
100644 blob 4101349cf408871f946bef683273b39b44ef5980	docs/spikes/s03-s-upstream-peer-evidence/sources/gde/SConstruct.txt
100644 blob 79811ee9ed392c35288cff2ef6904ea3c622559b	docs/spikes/s03-s-upstream-peer-evidence/sources/gde/godotsteam/godotsteam.cpp.txt
100644 blob a19c96c4e75c35f34e9607390a9c1d4a167d8c6b	docs/spikes/s03-s-upstream-peer-evidence/sources/gde/godotsteam/godotsteam_multiplayer_peer.cpp.txt
100644 blob 2b44a715d69a9404fc20589e488cb0f1cce26bda	docs/spikes/s03-s-upstream-peer-evidence/sources/gde/godotsteam/godotsteam_multiplayer_peer.h.txt
100644 blob 9c5ea4bf319a2e5b1b0da4cdbdeae4a63595e7a9	docs/spikes/s03-s-upstream-peer-evidence/sources/gde/godotsteam/godotsteam_project_settings.cpp.txt
100644 blob bef3e8f90b6dca0632f71db3d458f57f3340cc26	docs/spikes/s03-s-upstream-peer-evidence/sources/gde/godotsteam/steam_packet_peer.cpp.txt
100644 blob 7d283690c39f28e8713c44b201a310ea149cd93b	docs/spikes/s03-s-upstream-peer-evidence/sources/gde/godotsteam/steam_packet_peer.h.txt
100644 blob 78aac5f05e476a7c51a3cea8defe2a24d7cef88b	docs/spikes/s03-s-upstream-peer-evidence/sources/gde/readme.md.txt
100644 blob d84a098bd691bc5068155337c1db78d97e58f8a1	docs/spikes/s03-s-upstream-peer-evidence/sources/valve/include/steam/isteamnetworkingsockets.h.txt
100644 blob a11c096dcce4ebcdd0547c4e61fba377e76e0e84	docs/spikes/s03-s-upstream-peer-evidence/sources/valve/include/steam/steamnetworkingtypes.h.txt
100644 blob e69de29bb2d1d6434b8b29ae775ad8c2e48c5391	docs/spikes/s03-s-upstream-peer-evidence/staged-whitespace-initial.stderr.log
100644 blob b3f6d39a8d6ce1012c4751d9033d6780b9f1132b	docs/spikes/s03-s-upstream-peer-evidence/staged-whitespace-initial.stdout.log
100644 blob 26bbd3d9c5a77b680d4f34c18ebce783a354e9e1	docs/spikes/s03-s-upstream-peer-evidence/todo-block.patch
100644 blob ce1634a1f65de45a054159d0f62965a9f86626b6	docs/spikes/s03-s-upstream-peer-evidence/trees.py.txt
100644 blob 3195e5df6143df83cf4ddced7f54b2f6fd6bfba8	docs/spikes/s03-s-upstream-peer-evidence/verify.py
100644 blob 9589681ebed35d26d3f2bfb536fff76cbee7f496	docs/spikes/s03-s-valve-api-evidence/.gitattributes
100644 blob e86ebd931efc502ed99a0dc792d5558af2f0286a	docs/spikes/s03-s-valve-api-evidence/README.md
100644 blob 24130f752aec304694522770599db9ad508a3862	docs/spikes/s03-s-valve-api-evidence/check.py
100644 blob 870e3761fc9af6ab6afe9801e474d4298b6579c2	docs/spikes/s03-s-valve-api-evidence/checks/commands.json
100644 blob e69de29bb2d1d6434b8b29ae775ad8c2e48c5391	docs/spikes/s03-s-valve-api-evidence/checks/offline-static.stderr
100644 blob ed54fa794ba35e0599aef975c01f3e0cd3f5bc24	docs/spikes/s03-s-valve-api-evidence/checks/offline-static.stdout
100644 blob e69de29bb2d1d6434b8b29ae775ad8c2e48c5391	docs/spikes/s03-s-valve-api-evidence/checks/source-readback.stderr
100644 blob c08494b73906d7ab1c6a24d9c01329a7afc7f2dd	docs/spikes/s03-s-valve-api-evidence/checks/source-readback.stdout
100644 blob e69de29bb2d1d6434b8b29ae775ad8c2e48c5391	docs/spikes/s03-s-valve-api-evidence/checks/whitespace.stderr
100644 blob e69de29bb2d1d6434b8b29ae775ad8c2e48c5391	docs/spikes/s03-s-valve-api-evidence/checks/whitespace.stdout
100644 blob 1bc882b5db93906775725a7d755a37634ad9fd9e	docs/spikes/s03-s-valve-api-evidence/expected-set.json
100644 blob 16133671bf29e36907bbccc48f3d05b706520132	docs/spikes/s03-s-valve-api-evidence/extract.py
100644 blob 11505b8a05cad4ec37c244fb11e304685ac67621	docs/spikes/s03-s-valve-api-evidence/launch.json
100644 blob f84bbe825664377ede6b9c58405064fc3cb07086	docs/spikes/s03-s-valve-api-evidence/requirements.txt
100644 blob 4fa26b38fc2cc09d80fa4a380f32c58987f5bd95	docs/spikes/s03-s-valve-api-evidence/retrieval.json
100644 blob e69de29bb2d1d6434b8b29ae775ad8c2e48c5391	docs/spikes/s03-s-valve-api-evidence/retrieval/api-common.h.stderr
100644 blob e69de29bb2d1d6434b8b29ae775ad8c2e48c5391	docs/spikes/s03-s-valve-api-evidence/retrieval/api-common.h.stdout
100644 blob e69de29bb2d1d6434b8b29ae775ad8c2e48c5391	docs/spikes/s03-s-valve-api-evidence/retrieval/friends.html.stderr
100644 blob e69de29bb2d1d6434b8b29ae775ad8c2e48c5391	docs/spikes/s03-s-valve-api-evidence/retrieval/friends.html.stdout
100644 blob e69de29bb2d1d6434b8b29ae775ad8c2e48c5391	docs/spikes/s03-s-valve-api-evidence/retrieval/gns-readme.md.stderr
100644 blob e69de29bb2d1d6434b8b29ae775ad8c2e48c5391	docs/spikes/s03-s-valve-api-evidence/retrieval/gns-readme.md.stdout
100644 blob e69de29bb2d1d6434b8b29ae775ad8c2e48c5391	docs/spikes/s03-s-valve-api-evidence/retrieval/license.stderr
100644 blob e69de29bb2d1d6434b8b29ae775ad8c2e48c5391	docs/spikes/s03-s-valve-api-evidence/retrieval/license.stdout
100644 blob e69de29bb2d1d6434b8b29ae775ad8c2e48c5391	docs/spikes/s03-s-valve-api-evidence/retrieval/matchmaking.html.stderr
100644 blob e69de29bb2d1d6434b8b29ae775ad8c2e48c5391	docs/spikes/s03-s-valve-api-evidence/retrieval/matchmaking.html.stdout
100644 blob e69de29bb2d1d6434b8b29ae775ad8c2e48c5391	docs/spikes/s03-s-valve-api-evidence/retrieval/messages.h.stderr
100644 blob e69de29bb2d1d6434b8b29ae775ad8c2e48c5391	docs/spikes/s03-s-valve-api-evidence/retrieval/messages.h.stdout
100644 blob e69de29bb2d1d6434b8b29ae775ad8c2e48c5391	docs/spikes/s03-s-valve-api-evidence/retrieval/messages.html.stderr
100644 blob e69de29bb2d1d6434b8b29ae775ad8c2e48c5391	docs/spikes/s03-s-valve-api-evidence/retrieval/messages.html.stdout
100644 blob e69de29bb2d1d6434b8b29ae775ad8c2e48c5391	docs/spikes/s03-s-valve-api-evidence/retrieval/sdk-api.html.stderr
100644 blob e69de29bb2d1d6434b8b29ae775ad8c2e48c5391	docs/spikes/s03-s-valve-api-evidence/retrieval/sdk-api.html.stdout
100644 blob e69de29bb2d1d6434b8b29ae775ad8c2e48c5391	docs/spikes/s03-s-valve-api-evidence/retrieval/sdr.html.stderr
100644 blob e69de29bb2d1d6434b8b29ae775ad8c2e48c5391	docs/spikes/s03-s-valve-api-evidence/retrieval/sdr.html.stdout
100644 blob e69de29bb2d1d6434b8b29ae775ad8c2e48c5391	docs/spikes/s03-s-valve-api-evidence/retrieval/sockets.html.stderr
100644 blob e69de29bb2d1d6434b8b29ae775ad8c2e48c5391	docs/spikes/s03-s-valve-api-evidence/retrieval/sockets.html.stdout
100644 blob e69de29bb2d1d6434b8b29ae775ad8c2e48c5391	docs/spikes/s03-s-valve-api-evidence/retrieval/steam-utils.html.stderr
100644 blob e69de29bb2d1d6434b8b29ae775ad8c2e48c5391	docs/spikes/s03-s-valve-api-evidence/retrieval/steam-utils.html.stdout
100644 blob e69de29bb2d1d6434b8b29ae775ad8c2e48c5391	docs/spikes/s03-s-valve-api-evidence/retrieval/types.html.stderr
100644 blob e69de29bb2d1d6434b8b29ae775ad8c2e48c5391	docs/spikes/s03-s-valve-api-evidence/retrieval/types.html.stdout
100644 blob e69de29bb2d1d6434b8b29ae775ad8c2e48c5391	docs/spikes/s03-s-valve-api-evidence/retrieval/utils.h.stderr
100644 blob e69de29bb2d1d6434b8b29ae775ad8c2e48c5391	docs/spikes/s03-s-valve-api-evidence/retrieval/utils.h.stdout
100644 blob e69de29bb2d1d6434b8b29ae775ad8c2e48c5391	docs/spikes/s03-s-valve-api-evidence/retrieval/utils.html.stderr
100644 blob e69de29bb2d1d6434b8b29ae775ad8c2e48c5391	docs/spikes/s03-s-valve-api-evidence/retrieval/utils.html.stdout
100644 blob 74bb7e49093a39dbc129473d065cea9568eaf302	docs/spikes/s03-s-valve-api-evidence/retrieve.py
100644 blob 63194dc4d45e90c363254f04cabf69c67e76e440	docs/spikes/s03-s-valve-api-evidence/run_checks.py
100644 blob 3ad3ceb415a0fbe4a31177cd4e6f76d3604a2a08	docs/spikes/s03-s-valve-api-evidence/snapshot.py
100644 blob dbcafc4a9645e806ce684cc8044c4c9fa2964a3a	docs/spikes/s03-s-valve-api-evidence/sources.json
100644 blob 24e2dda8e68de184164e3e6483f17c636952d3bb	docs/spikes/s03-s-valve-api-evidence/sources/api-common.h.txt
100644 blob cb4a2110de3cce5f1c147d50d1722ebe1d73560b	docs/spikes/s03-s-valve-api-evidence/sources/friends.text.txt
100644 blob 29425edb8af83629f51529a47139002d906c7ad5	docs/spikes/s03-s-valve-api-evidence/sources/gns-readme.md.txt
100644 blob 9aa7a768643f22128fc12ba8062634fadf8d889e	docs/spikes/s03-s-valve-api-evidence/sources/license.txt
100644 blob 7a0fb83f77b5bb9e956339496e1a774eab058e49	docs/spikes/s03-s-valve-api-evidence/sources/matchmaking.text.txt
100644 blob d9364b2c152e7b7dfa45ca5c5c1c598d648a8988	docs/spikes/s03-s-valve-api-evidence/sources/messages.h.txt
100644 blob c0a28dacf64ab849ef8706ad861a2710c4bc5452	docs/spikes/s03-s-valve-api-evidence/sources/messages.text.txt
100644 blob 6e411f7500b741a0b4d4a07f480d757841b1508c	docs/spikes/s03-s-valve-api-evidence/sources/sdk-api.text.txt
100644 blob 5a7a73db8d824ca700e653a9b975f173d9621841	docs/spikes/s03-s-valve-api-evidence/sources/sdr.text.txt
100644 blob 64dd642e98c9238ccae4a216fccf44566577a26c	docs/spikes/s03-s-valve-api-evidence/sources/sockets.h.txt
100644 blob 315d693d4ca52bad9256bef089bc536aec7e80bb	docs/spikes/s03-s-valve-api-evidence/sources/sockets.text.txt
100644 blob c193f209214efcbcbf5f535b9e1c651adc63aee6	docs/spikes/s03-s-valve-api-evidence/sources/steam-utils.text.txt
100644 blob 2629ed4ac1fd3582401b8c73998cf1b927439e4f	docs/spikes/s03-s-valve-api-evidence/sources/types.h.txt
100644 blob 96e5490b5a769577523902ccaae338a68ddffa3f	docs/spikes/s03-s-valve-api-evidence/sources/types.text.txt
100644 blob f59728f713b0025ab88a7f766cbe1b5fa6cea1cc	docs/spikes/s03-s-valve-api-evidence/sources/utils.h.txt
100644 blob 5c4d49748354de1fe5d04b4271a51cd2332e0873	docs/spikes/s03-s-valve-api-evidence/sources/utils.text.txt
100644 blob 84ab858abafb460ddf431644e97133700534b4ad	docs/spikes/s03-s-valve-api-interface.md
100644 blob b9851bdf30d9e5d30f0c56d7e87548944793f40b	docs/spikes/s03-s.md
100644 blob fe18c99a0bb5cbb18187a34b6f3344f27466503b	docs/spikes/s03.md
100644 blob fd82906fd8a14c51615d69da947205caddd5b726	docs/spikes/s04-contracts.md
100644 blob 6261d1c2e86e26d007b3ed1698d7f015aa06fc57	docs/spikes/s04-drive-scene-evidence/README.md
100644 blob f7ab3e3cfcbfe0cf276fbbb74b57e5112b92c45a	docs/spikes/s04-drive-scene-evidence/direct-window.log
100644 blob 59022114c3aca80da0405ddfe93a1a523b79bd17	docs/spikes/s04-drive-scene-evidence/drive.png
100644 blob 7d93ebcfa585027632ba797c6b2540c6a1244815	docs/spikes/s04-drive-scene-evidence/focused-style.log
100644 blob 45f4dc09c7389e24336f3133cad569bd0f62ca76	docs/spikes/s04-drive-scene-evidence/handbrake-s04-checks-result.json
100644 blob cd3202eead04ef6e21bd92f7d9c69811d8600101	docs/spikes/s04-drive-scene-evidence/handbrake-s04-p-adverse-result.json
100644 blob 5d15d76e7d60d8a8e723ea19f312080070430b19	docs/spikes/s04-drive-scene-evidence/handbrake-s04-p-contended-failure-result.json
100644 blob 57746d87343a1548c37f17bed7b855069baf2cd5	docs/spikes/s04-drive-scene-evidence/handbrake-s04-p-initial-failure-result.json
100644 blob e1b3848020d317e2eae8aa63310680b7f6f26f69	docs/spikes/s04-drive-scene-evidence/handbrake-s04-p-normal-result.json
100644 blob b2a700b5c73471c8a3f5716acd5c5e28f5cd3ca2	docs/spikes/s04-drive-scene-evidence/handbrake-s04-t-result.json
100644 blob 206c6bcd414afc5bbd63120c9c10c039dfbbc48e	docs/spikes/s04-drive-scene-evidence/handbrake-script-checks.log
100644 blob 9893527c47fa897237a737227ac3e0c8f5c6651f	docs/spikes/s04-drive-scene-evidence/handbrake-smoke-headless.log
100644 blob a7676146beb93c5d8cb12548813ab31724733b8f	docs/spikes/s04-drive-scene-evidence/handbrake-tool-tests.log
100644 blob f05e5078c1b0ecc08eed5301bbc4d35e3e8083eb	docs/spikes/s04-drive-scene-evidence/handbrake-windowed-drive.log
100644 blob 25fe1bb4bc544d5f3b994950dc03b752c6be456c	docs/spikes/s04-drive-scene-evidence/handbrake2-body.log
100644 blob c3e837bd22a60cb45d378cfd8aab2c609d001b1c	docs/spikes/s04-drive-scene-evidence/handbrake2-s04-checks-result.json
100644 blob 65f89418b1b82f5c86e85f7164c2aea182e6b5e2	docs/spikes/s04-drive-scene-evidence/handbrake2-s04-p-adverse-failure-result.json
100644 blob ee437286a444a6c19817d755c7543cc8299f237f	docs/spikes/s04-drive-scene-evidence/handbrake2-s04-p-adverse-result.json
100644 blob 068e8ddce636cc34a03ecdfe42fdf4bbb714f393	docs/spikes/s04-drive-scene-evidence/handbrake2-s04-p-adverse-review-failure-result.json
100644 blob 5cb9808df864652a8c62193aa75141a063611d34	docs/spikes/s04-drive-scene-evidence/handbrake2-s04-p-normal-result.json
100644 blob aff2d0c0cfec0480f2010cbee847e04504b891c9	docs/spikes/s04-drive-scene-evidence/handbrake2-s04-t-result.json
100644 blob 09b575d16f4e9b346b581a6197981f3070abf3f7	docs/spikes/s04-drive-scene-evidence/handbrake2-script-checks.log
100644 blob dde24e1752994b733b3958dbeb226c2bfc9492d3	docs/spikes/s04-drive-scene-evidence/handbrake2-slide-bound-failure.log
100644 blob 9893527c47fa897237a737227ac3e0c8f5c6651f	docs/spikes/s04-drive-scene-evidence/handbrake2-smoke-headless.log
100644 blob f5f6c3bf13f20766c48e240448c136eb7b7b8332	docs/spikes/s04-drive-scene-evidence/handbrake2-tool-tests.log
100644 blob f05e5078c1b0ecc08eed5301bbc4d35e3e8083eb	docs/spikes/s04-drive-scene-evidence/handbrake2-windowed-drive.log
100644 blob d5d18de7960f264c85d413fecfa993e77fb5a3ce	docs/spikes/s04-drive-scene-evidence/import-initial.log
100644 blob 84837536527f4789924c3dccf96159a2ea99076e	docs/spikes/s04-drive-scene-evidence/import-uids.log
100644 blob 88a94f9dcf35e0d5afeaa8a353ef14f9b39e1f62	docs/spikes/s04-drive-scene-evidence/normalize.log
100644 blob b819b8b501ce413e8ae306c59ffaea75660f2fd7	docs/spikes/s04-drive-scene-evidence/owner-drive-tuning-2026-10-09.tres
100644 blob d4f04a4fcc6adc8e838a525052e885faa58c64c3	docs/spikes/s04-drive-scene-evidence/s04-checks-result.json
100644 blob cf46b7aa9bf0cfab244af50d1e1573b5aa980222	docs/spikes/s04-drive-scene-evidence/s04-checks.log
100644 blob 01ab9a0ec903402d14da5c849479a4e8c97884ec	docs/spikes/s04-drive-scene-evidence/script-checks.log
100644 blob 2e0760b02d2a4d15caf1cff97a09807dddc1e735	docs/spikes/s04-drive-scene-evidence/smoke-headless.log
100644 blob 1a740e89b4bd8ca0ed44fcf1a65d7f35fa1a9fb5	docs/spikes/s04-drive-scene-evidence/smoke-windowed.log
100644 blob ca65bc44db59255656045fe5493209b098fd501c	docs/spikes/s04-drive-scene-evidence/tool-tests.log
100644 blob 8600ba53a75e74d437fc5c2e8b8b653f31195749	docs/spikes/s04-drive-scene.md
100644 blob 01de6656dca2fcf4e0dd418c49e82da245e02981	docs/spikes/s04-evidence/README.md
100644 blob f5faed3f676136963aa53ac5dae7e147210a9e57	docs/spikes/s04-evidence/analysis-followup/adverse.json
100644 blob 8f872c2143699adc2c768aa8a40db306b7cf5d73	docs/spikes/s04-evidence/analysis-followup/analyzer-source-sha256.json
100644 blob 915cb5afdceb4fe5261469fdb591b8a39cd853f6	docs/spikes/s04-evidence/analysis-followup/baseline.json
100644 blob 264424ec2e77c7d6d87f0f554c4c429ae47a357e	docs/spikes/s04-evidence/analysis-followup/normal.json
100644 blob 4febbed697d060c875ed9eace13632b97650b908	docs/spikes/s04-evidence/api/baseline.log.gz
100644 blob 3dfc7155b2e709c57bf934a3220382fa73172ac4	docs/spikes/s04-evidence/api/body.log.gz
100644 blob fd1a0e443dfc74a078d28a2b7f8024d86389507c	docs/spikes/s04-evidence/api/fence.log.gz
100644 blob 87fd24465403e283ff834b7d3ebba565dc1d98d7	docs/spikes/s04-evidence/api/import.log.gz
100644 blob 2c4bd1e5e8ffe93736c3d110e083c252defd682f	docs/spikes/s04-evidence/api/result.json
100644 blob fa78fe186f617532e015a3317c34cdc98bdbff4a	docs/spikes/s04-evidence/api/tested-fixtures.tar.gz
100644 blob 2509fde0a6fd78b0192883bb1e246f4a88f53b09	docs/spikes/s04-evidence/canonical/adverse/client/engine.log.gz
100644 blob 2509fde0a6fd78b0192883bb1e246f4a88f53b09	docs/spikes/s04-evidence/canonical/adverse/client/stdout.log.gz
100644 blob 702db1747739ab08cdac7ac47b6c591c45e0f770	docs/spikes/s04-evidence/canonical/adverse/host/engine.log.gz
100644 blob 702db1747739ab08cdac7ac47b6c591c45e0f770	docs/spikes/s04-evidence/canonical/adverse/host/stdout.log.gz
100644 blob 87fd24465403e283ff834b7d3ebba565dc1d98d7	docs/spikes/s04-evidence/canonical/adverse/import.log.gz
100644 blob a4e344d736102dfec105331d9d706e5d9cbe1400	docs/spikes/s04-evidence/canonical/adverse/proxy.jsonl.gz
100644 blob e07dc9a857c274f005772163cfb887a7e0e58e8b	docs/spikes/s04-evidence/canonical/adverse/result.json
100644 blob 0381b6fec930c75fa1f6714fe0fc00a4499070e4	docs/spikes/s04-evidence/canonical/baseline/client/engine.log.gz
100644 blob 0381b6fec930c75fa1f6714fe0fc00a4499070e4	docs/spikes/s04-evidence/canonical/baseline/client/stdout.log.gz
100644 blob d28e65a54007a55d6595efec0cce848939454478	docs/spikes/s04-evidence/canonical/baseline/host/engine.log.gz
100644 blob d28e65a54007a55d6595efec0cce848939454478	docs/spikes/s04-evidence/canonical/baseline/host/stdout.log.gz
100644 blob 87fd24465403e283ff834b7d3ebba565dc1d98d7	docs/spikes/s04-evidence/canonical/baseline/import.log.gz
100644 blob cbfbfea7c7da9bc96559ca2734aae6c6f5a22279	docs/spikes/s04-evidence/canonical/baseline/proxy.jsonl.gz
100644 blob 405efdac8f11ec33624a62ca3bea7dd8d3507111	docs/spikes/s04-evidence/canonical/baseline/result.json
100644 blob 508083a73ed03023c1e51afbcf885ddea85bc163	docs/spikes/s04-evidence/canonical/normal/client/engine.log.gz
100644 blob 508083a73ed03023c1e51afbcf885ddea85bc163	docs/spikes/s04-evidence/canonical/normal/client/stdout.log.gz
100644 blob 7894e5b963872ca676855e8932d86216183d60e0	docs/spikes/s04-evidence/canonical/normal/host/engine.log.gz
100644 blob 7894e5b963872ca676855e8932d86216183d60e0	docs/spikes/s04-evidence/canonical/normal/host/stdout.log.gz
100644 blob 87fd24465403e283ff834b7d3ebba565dc1d98d7	docs/spikes/s04-evidence/canonical/normal/import.log.gz
100644 blob b0921113acf86230c850ba7c6043ec8e0a5f84e3	docs/spikes/s04-evidence/canonical/normal/proxy.jsonl.gz
100644 blob c97ceb04faaf7e727c7bfbe1fd8c71f350443846	docs/spikes/s04-evidence/canonical/normal/result.json
100644 blob 705622ac1acfb9dd5beecc2436b3529b9fbf32d8	docs/spikes/s04-evidence/canonical/result.json
100644 blob fa78fe186f617532e015a3317c34cdc98bdbff4a	docs/spikes/s04-evidence/canonical/tested-fixtures.tar.gz
100644 blob 5e034ff6d8197170d4614f9ea37b3761ade38d1d	docs/spikes/s04-evidence/checks/compilation.json
100644 blob 7b34df5bb7673adaa307d7928f9cab2dc9aefaf8	docs/spikes/s04-evidence/checks/compile-0.engine.log.gz
100644 blob 7b34df5bb7673adaa307d7928f9cab2dc9aefaf8	docs/spikes/s04-evidence/checks/compile-0.log.gz
100644 blob 7b34df5bb7673adaa307d7928f9cab2dc9aefaf8	docs/spikes/s04-evidence/checks/compile-1.engine.log.gz
100644 blob 7b34df5bb7673adaa307d7928f9cab2dc9aefaf8	docs/spikes/s04-evidence/checks/compile-1.log.gz
100644 blob 7b34df5bb7673adaa307d7928f9cab2dc9aefaf8	docs/spikes/s04-evidence/checks/compile-10.engine.log.gz
100644 blob 7b34df5bb7673adaa307d7928f9cab2dc9aefaf8	docs/spikes/s04-evidence/checks/compile-10.log.gz
100644 blob 7b34df5bb7673adaa307d7928f9cab2dc9aefaf8	docs/spikes/s04-evidence/checks/compile-11.engine.log.gz
100644 blob 7b34df5bb7673adaa307d7928f9cab2dc9aefaf8	docs/spikes/s04-evidence/checks/compile-11.log.gz
100644 blob 7b34df5bb7673adaa307d7928f9cab2dc9aefaf8	docs/spikes/s04-evidence/checks/compile-12.engine.log.gz
100644 blob 7b34df5bb7673adaa307d7928f9cab2dc9aefaf8	docs/spikes/s04-evidence/checks/compile-12.log.gz
100644 blob 7b34df5bb7673adaa307d7928f9cab2dc9aefaf8	docs/spikes/s04-evidence/checks/compile-13.engine.log.gz
100644 blob 7b34df5bb7673adaa307d7928f9cab2dc9aefaf8	docs/spikes/s04-evidence/checks/compile-13.log.gz
100644 blob 7b34df5bb7673adaa307d7928f9cab2dc9aefaf8	docs/spikes/s04-evidence/checks/compile-14.engine.log.gz
100644 blob 7b34df5bb7673adaa307d7928f9cab2dc9aefaf8	docs/spikes/s04-evidence/checks/compile-14.log.gz
100644 blob 7b34df5bb7673adaa307d7928f9cab2dc9aefaf8	docs/spikes/s04-evidence/checks/compile-15.engine.log.gz
100644 blob 7b34df5bb7673adaa307d7928f9cab2dc9aefaf8	docs/spikes/s04-evidence/checks/compile-15.log.gz
100644 blob 7b34df5bb7673adaa307d7928f9cab2dc9aefaf8	docs/spikes/s04-evidence/checks/compile-16.engine.log.gz
100644 blob 7b34df5bb7673adaa307d7928f9cab2dc9aefaf8	docs/spikes/s04-evidence/checks/compile-16.log.gz
100644 blob 7b34df5bb7673adaa307d7928f9cab2dc9aefaf8	docs/spikes/s04-evidence/checks/compile-17.engine.log.gz
100644 blob 7b34df5bb7673adaa307d7928f9cab2dc9aefaf8	docs/spikes/s04-evidence/checks/compile-17.log.gz
100644 blob 7b34df5bb7673adaa307d7928f9cab2dc9aefaf8	docs/spikes/s04-evidence/checks/compile-18.engine.log.gz
100644 blob 7b34df5bb7673adaa307d7928f9cab2dc9aefaf8	docs/spikes/s04-evidence/checks/compile-18.log.gz
100644 blob 7b34df5bb7673adaa307d7928f9cab2dc9aefaf8	docs/spikes/s04-evidence/checks/compile-19.engine.log.gz
100644 blob 7b34df5bb7673adaa307d7928f9cab2dc9aefaf8	docs/spikes/s04-evidence/checks/compile-19.log.gz
100644 blob 7b34df5bb7673adaa307d7928f9cab2dc9aefaf8	docs/spikes/s04-evidence/checks/compile-2.engine.log.gz
100644 blob 7b34df5bb7673adaa307d7928f9cab2dc9aefaf8	docs/spikes/s04-evidence/checks/compile-2.log.gz
100644 blob 7b34df5bb7673adaa307d7928f9cab2dc9aefaf8	docs/spikes/s04-evidence/checks/compile-20.engine.log.gz
100644 blob 7b34df5bb7673adaa307d7928f9cab2dc9aefaf8	docs/spikes/s04-evidence/checks/compile-20.log.gz
100644 blob 7b34df5bb7673adaa307d7928f9cab2dc9aefaf8	docs/spikes/s04-evidence/checks/compile-21.engine.log.gz
100644 blob 7b34df5bb7673adaa307d7928f9cab2dc9aefaf8	docs/spikes/s04-evidence/checks/compile-21.log.gz
100644 blob 7b34df5bb7673adaa307d7928f9cab2dc9aefaf8	docs/spikes/s04-evidence/checks/compile-22.engine.log.gz
100644 blob 7b34df5bb7673adaa307d7928f9cab2dc9aefaf8	docs/spikes/s04-evidence/checks/compile-22.log.gz
100644 blob 7b34df5bb7673adaa307d7928f9cab2dc9aefaf8	docs/spikes/s04-evidence/checks/compile-23.engine.log.gz
100644 blob 7b34df5bb7673adaa307d7928f9cab2dc9aefaf8	docs/spikes/s04-evidence/checks/compile-23.log.gz
100644 blob 7b34df5bb7673adaa307d7928f9cab2dc9aefaf8	docs/spikes/s04-evidence/checks/compile-24.engine.log.gz
100644 blob 7b34df5bb7673adaa307d7928f9cab2dc9aefaf8	docs/spikes/s04-evidence/checks/compile-24.log.gz
100644 blob 7b34df5bb7673adaa307d7928f9cab2dc9aefaf8	docs/spikes/s04-evidence/checks/compile-25.engine.log.gz
100644 blob 7b34df5bb7673adaa307d7928f9cab2dc9aefaf8	docs/spikes/s04-evidence/checks/compile-25.log.gz
100644 blob 7b34df5bb7673adaa307d7928f9cab2dc9aefaf8	docs/spikes/s04-evidence/checks/compile-26.engine.log.gz
100644 blob 7b34df5bb7673adaa307d7928f9cab2dc9aefaf8	docs/spikes/s04-evidence/checks/compile-26.log.gz
100644 blob 7b34df5bb7673adaa307d7928f9cab2dc9aefaf8	docs/spikes/s04-evidence/checks/compile-27.engine.log.gz
100644 blob 7b34df5bb7673adaa307d7928f9cab2dc9aefaf8	docs/spikes/s04-evidence/checks/compile-27.log.gz
100644 blob 7b34df5bb7673adaa307d7928f9cab2dc9aefaf8	docs/spikes/s04-evidence/checks/compile-28.engine.log.gz
100644 blob 7b34df5bb7673adaa307d7928f9cab2dc9aefaf8	docs/spikes/s04-evidence/checks/compile-28.log.gz
100644 blob 7b34df5bb7673adaa307d7928f9cab2dc9aefaf8	docs/spikes/s04-evidence/checks/compile-29.engine.log.gz
100644 blob 7b34df5bb7673adaa307d7928f9cab2dc9aefaf8	docs/spikes/s04-evidence/checks/compile-29.log.gz
100644 blob 7b34df5bb7673adaa307d7928f9cab2dc9aefaf8	docs/spikes/s04-evidence/checks/compile-3.engine.log.gz
100644 blob 7b34df5bb7673adaa307d7928f9cab2dc9aefaf8	docs/spikes/s04-evidence/checks/compile-3.log.gz
100644 blob 7b34df5bb7673adaa307d7928f9cab2dc9aefaf8	docs/spikes/s04-evidence/checks/compile-30.engine.log.gz
100644 blob 7b34df5bb7673adaa307d7928f9cab2dc9aefaf8	docs/spikes/s04-evidence/checks/compile-30.log.gz
100644 blob 7b34df5bb7673adaa307d7928f9cab2dc9aefaf8	docs/spikes/s04-evidence/checks/compile-31.engine.log.gz
100644 blob 7b34df5bb7673adaa307d7928f9cab2dc9aefaf8	docs/spikes/s04-evidence/checks/compile-31.log.gz
100644 blob 7b34df5bb7673adaa307d7928f9cab2dc9aefaf8	docs/spikes/s04-evidence/checks/compile-32.engine.log.gz
100644 blob 7b34df5bb7673adaa307d7928f9cab2dc9aefaf8	docs/spikes/s04-evidence/checks/compile-32.log.gz
100644 blob 7b34df5bb7673adaa307d7928f9cab2dc9aefaf8	docs/spikes/s04-evidence/checks/compile-33.engine.log.gz
100644 blob 7b34df5bb7673adaa307d7928f9cab2dc9aefaf8	docs/spikes/s04-evidence/checks/compile-33.log.gz
100644 blob 7b34df5bb7673adaa307d7928f9cab2dc9aefaf8	docs/spikes/s04-evidence/checks/compile-34.engine.log.gz
100644 blob 7b34df5bb7673adaa307d7928f9cab2dc9aefaf8	docs/spikes/s04-evidence/checks/compile-34.log.gz
100644 blob 7b34df5bb7673adaa307d7928f9cab2dc9aefaf8	docs/spikes/s04-evidence/checks/compile-35.engine.log.gz
100644 blob 7b34df5bb7673adaa307d7928f9cab2dc9aefaf8	docs/spikes/s04-evidence/checks/compile-35.log.gz
100644 blob 7b34df5bb7673adaa307d7928f9cab2dc9aefaf8	docs/spikes/s04-evidence/checks/compile-36.engine.log.gz
100644 blob 7b34df5bb7673adaa307d7928f9cab2dc9aefaf8	docs/spikes/s04-evidence/checks/compile-36.log.gz
100644 blob 7b34df5bb7673adaa307d7928f9cab2dc9aefaf8	docs/spikes/s04-evidence/checks/compile-37.engine.log.gz
100644 blob 7b34df5bb7673adaa307d7928f9cab2dc9aefaf8	docs/spikes/s04-evidence/checks/compile-37.log.gz
100644 blob 7b34df5bb7673adaa307d7928f9cab2dc9aefaf8	docs/spikes/s04-evidence/checks/compile-4.engine.log.gz
100644 blob 7b34df5bb7673adaa307d7928f9cab2dc9aefaf8	docs/spikes/s04-evidence/checks/compile-4.log.gz
100644 blob 7b34df5bb7673adaa307d7928f9cab2dc9aefaf8	docs/spikes/s04-evidence/checks/compile-5.engine.log.gz
100644 blob 7b34df5bb7673adaa307d7928f9cab2dc9aefaf8	docs/spikes/s04-evidence/checks/compile-5.log.gz
100644 blob 7b34df5bb7673adaa307d7928f9cab2dc9aefaf8	docs/spikes/s04-evidence/checks/compile-6.engine.log.gz
100644 blob 7b34df5bb7673adaa307d7928f9cab2dc9aefaf8	docs/spikes/s04-evidence/checks/compile-6.log.gz
100644 blob 7b34df5bb7673adaa307d7928f9cab2dc9aefaf8	docs/spikes/s04-evidence/checks/compile-7.engine.log.gz
100644 blob 7b34df5bb7673adaa307d7928f9cab2dc9aefaf8	docs/spikes/s04-evidence/checks/compile-7.log.gz
100644 blob 7b34df5bb7673adaa307d7928f9cab2dc9aefaf8	docs/spikes/s04-evidence/checks/compile-8.engine.log.gz
100644 blob 7b34df5bb7673adaa307d7928f9cab2dc9aefaf8	docs/spikes/s04-evidence/checks/compile-8.log.gz
100644 blob 7b34df5bb7673adaa307d7928f9cab2dc9aefaf8	docs/spikes/s04-evidence/checks/compile-9.engine.log.gz
100644 blob 7b34df5bb7673adaa307d7928f9cab2dc9aefaf8	docs/spikes/s04-evidence/checks/compile-9.log.gz
100644 blob 4be87e53699137390bedae40d7874e32ae9561e2	docs/spikes/s04-evidence/checks/compiler-import.engine.log.gz
100644 blob 53d8b0175d48ad1d0618663542faefa7e9bbde70	docs/spikes/s04-evidence/checks/compiler-import.log.gz
100644 blob bb663e7083fc264f9465e905e1466f86ec787b76	docs/spikes/s04-evidence/checks/compiler-setup.json
100644 blob 53ad36864705481b27a5680060a66e1c0718d9f6	docs/spikes/s04-evidence/checks/formatting.log.gz
100644 blob 59f4e313705b30301f7b6370c00277a1dc088945	docs/spikes/s04-evidence/checks/scripts.json
100644 blob 5862074d41f1e1e9fd0925d2dd8385390f8e310c	docs/spikes/s04-evidence/checks/style.log.gz
100644 blob 127dc8c7af100c12bf517d41c2c9da4207fa210f	docs/spikes/s04-evidence/editor/blender-create.log.gz
100644 blob e0006a758e815c7c067790d9903fdb857973ec66	docs/spikes/s04-evidence/editor/blender-export.log.gz
100644 blob 2f52acf2ba9726ae36b1e31dc750d544c90700f6	docs/spikes/s04-evidence/editor/bodies-result.json
100644 blob 9aad8d1b17f648943be3130648033646b26ba087	docs/spikes/s04-evidence/editor/bodies-summary.log.gz
100644 blob f034891d07ce8eeee57c3e1f8e31b9e920f9cde5	docs/spikes/s04-evidence/editor/bodies.json
100644 blob fad6c1fb03d49b1d7290987449617a3275c06409	docs/spikes/s04-evidence/editor/boot-result.json
100644 blob c82b9cabe3bdc1796b037b95b62ed3241aa0b206	docs/spikes/s04-evidence/editor/boot-summary.log.gz
100644 blob fcc9f47f18393e898aacfec66bf3b8e0ee504035	docs/spikes/s04-evidence/editor/boot.json
100644 blob 8ff015dde789e552f227ac7513ec4ba5cb7c7c72	docs/spikes/s04-evidence/editor/comparison-result.json
100644 blob 50f31c938de59901abc344791023488a641772d3	docs/spikes/s04-evidence/editor/comparison-summary.log.gz
100644 blob f07216c56533e374ccc07e9c2158367ddb9f1719	docs/spikes/s04-evidence/editor/comparison.json
100644 blob 2e31f07d1917560952831ddb9fe41108c5c255d7	docs/spikes/s04-evidence/editor/editor.log.gz
100644 blob de51b0afe3225d136b6f44bd355dd88f36c1b97a	docs/spikes/s04-evidence/editor/final-original-preservation.json
100644 blob 7fe40777a79f6c2623bbaf384e77508804f252cc	docs/spikes/s04-evidence/editor/fixed-host-inventory.json
100644 blob a1122f78f5f66ed4a35be5c80cc79ed016566ea5	docs/spikes/s04-evidence/editor/fixed-saved-state.json
100644 blob 0d22cb776dcf80fafcafdb0d2c96d6ae08989059	docs/spikes/s04-evidence/editor/host-after-quit.json
100644 blob f8879a77fef0c8b679f9b2a43b3b5b6a7bc5a34b	docs/spikes/s04-evidence/editor/host-before.json
100644 blob 16f38d91f362923345c70420d741c77b9dfcd0ed	docs/spikes/s04-evidence/editor/initial.json
100644 blob f8ff726c77042757875e3ee232eb0ff5739bdb2c	docs/spikes/s04-evidence/editor/inspect-result.json
100644 blob 98034cbf558b2b3f7b7b7b54af54fa7681d470ea	docs/spikes/s04-evidence/editor/inspect-summary.log.gz
100644 blob 626a627490cf3b830040eac4a17a5975b3a16bcd	docs/spikes/s04-evidence/editor/inspect.json
100644 blob 4abfd38ff281a5380ec0cba71d01bde0bcd32015	docs/spikes/s04-evidence/editor/launch.json
100644 blob ce8860fd42b3445df8e3ad5e3d83ebaa3a650963	docs/spikes/s04-evidence/editor/main-initial.json
100644 blob 272b4573110eb2fcb772263dc99973ef924b6137	docs/spikes/s04-evidence/editor/original-preservation.json
100644 blob c7cfd09e9538c23a52ea470264ec153e451a77a5	docs/spikes/s04-evidence/editor/precommit-host-inventory.json
100644 blob 65ac43f56736c66688cefb3f145bd0a5904f74ac	docs/spikes/s04-evidence/editor/precommit-result.json
100644 blob a89396beaaa79824e82ce34087e5728db9ed0d27	docs/spikes/s04-evidence/editor/precommit-summary.log.gz
100644 blob de85471d2c563bc1e96611e207607d6953bab8ae	docs/spikes/s04-evidence/editor/precommit.json
100644 blob de90e6e65586edfa1b4225355db7f8e397bda892	docs/spikes/s04-evidence/editor/quit-result.json
100644 blob 28ce4cdfff3220af5d8cdeec2ab6ab84f2ee9066	docs/spikes/s04-evidence/editor/quit.json
100644 blob b595410b72f52c98a483d357bf45938d75d50ff9	docs/spikes/s04-evidence/editor/roundtrip-identities.json
100644 blob 3444f0fc522dc30a9660478a4fdd2166aed6d632	docs/spikes/s04-evidence/editor/roundtrip-result.json
100644 blob 87dc8769c93e8fcf8a133b0d7e718f0e3cdfbd74	docs/spikes/s04-evidence/editor/roundtrip-summary.log.gz
100644 blob fc89af556887db66a67da37601cf266d2770be8d	docs/spikes/s04-evidence/editor/roundtrip.json
100644 blob 62292cc9399ade85f3a02cf25e03f631dc73c649	docs/spikes/s04-evidence/editor/state-result.json
100644 blob 5cee8563fad5ad3e1ba0c2312f49734ac3b97e43	docs/spikes/s04-evidence/editor/state-summary.log.gz
100644 blob 3ec923a2b582ddd670f1135bc7aa320e4da8ca69	docs/spikes/s04-evidence/editor/state.json
100644 blob b0982e51344d066074f675fa4a6415a7b60ebf72	docs/spikes/s04-evidence/editor/stopped-export-process.json
100644 blob e1fc3b4fed325ae3beeb258358ca2b320e80e343	docs/spikes/s04-evidence/editor/stopped-source-process.json
100644 blob 1a287d4f043f6690f82c3c914b69224b83d99e8f	docs/spikes/s04-evidence/failed-attempts/baseline-v2/baseline/client/engine.log.gz
100644 blob 1a287d4f043f6690f82c3c914b69224b83d99e8f	docs/spikes/s04-evidence/failed-attempts/baseline-v2/baseline/client/stdout.log.gz
100644 blob 32a5d169050f1dd06c69e64fdd4640f653f9ecef	docs/spikes/s04-evidence/failed-attempts/baseline-v2/baseline/host/engine.log.gz
100644 blob 32a5d169050f1dd06c69e64fdd4640f653f9ecef	docs/spikes/s04-evidence/failed-attempts/baseline-v2/baseline/host/stdout.log.gz
100644 blob 34d63e0a72a5c516928e8efd484024bd812b2fb2	docs/spikes/s04-evidence/failed-attempts/baseline-v2/baseline/import.log.gz
100644 blob e08110a538dbaeb71b472e294cd27e0bd92bbe0a	docs/spikes/s04-evidence/failed-attempts/baseline-v2/baseline/proxy.jsonl.gz
100644 blob 90c24da2ab1d6eac8ba3ae2cd2c65268e30396dc	docs/spikes/s04-evidence/failed-attempts/baseline-v2/baseline/result.json
100644 blob ec5aa87301b8fa027857c1f96f7fd5205911b267	docs/spikes/s04-evidence/failed-attempts/baseline-v2/result.json
100644 blob 8fad00610d01965fb71820fe4075606707ad9f6d	docs/spikes/s04-evidence/failed-attempts/body-initial/body.log.gz
100644 blob 7b34df5bb7673adaa307d7928f9cab2dc9aefaf8	docs/spikes/s04-evidence/failed-attempts/initial/baseline/client/engine.log.gz
100644 blob 7b34df5bb7673adaa307d7928f9cab2dc9aefaf8	docs/spikes/s04-evidence/failed-attempts/initial/baseline/client/stdout.log.gz
100644 blob c066ce7c7348dced534ff32741664c4f613fef09	docs/spikes/s04-evidence/failed-attempts/initial/baseline/host/engine.log.gz
100644 blob c066ce7c7348dced534ff32741664c4f613fef09	docs/spikes/s04-evidence/failed-attempts/initial/baseline/host/stdout.log.gz
100644 blob 39254159cb0ff0c2a9a721ae01a7a2f743a77e6e	docs/spikes/s04-evidence/failed-attempts/initial/baseline/import.log.gz
100644 blob 5d98c9dd785ac9d4a762446917c95606ad0b9219	docs/spikes/s04-evidence/failed-attempts/initial/baseline/proxy.jsonl.gz
100644 blob a26fe321191a16bcfe7af280ddb8a401c4d74241	docs/spikes/s04-evidence/failed-attempts/initial/result.json
100644 blob ceebd7ac2b25f3f55292a80736ec1bcf80185d4e	docs/spikes/s04-evidence/failed-attempts/sandbox/baseline/import.log.gz
100644 blob aa31dd9fa8c62961e8f0505b92a692d916f4a3a9	docs/spikes/s04-evidence/failed-attempts/sandbox/result.json
100644 blob 5e034ff6d8197170d4614f9ea37b3761ade38d1d	docs/spikes/s04-evidence/final-checks/compilation.json
100644 blob 7b34df5bb7673adaa307d7928f9cab2dc9aefaf8	docs/spikes/s04-evidence/final-checks/compile-0.engine.log.gz
100644 blob 7b34df5bb7673adaa307d7928f9cab2dc9aefaf8	docs/spikes/s04-evidence/final-checks/compile-0.log.gz
100644 blob 7b34df5bb7673adaa307d7928f9cab2dc9aefaf8	docs/spikes/s04-evidence/final-checks/compile-1.engine.log.gz
100644 blob 7b34df5bb7673adaa307d7928f9cab2dc9aefaf8	docs/spikes/s04-evidence/final-checks/compile-1.log.gz
100644 blob 7b34df5bb7673adaa307d7928f9cab2dc9aefaf8	docs/spikes/s04-evidence/final-checks/compile-10.engine.log.gz
100644 blob 7b34df5bb7673adaa307d7928f9cab2dc9aefaf8	docs/spikes/s04-evidence/final-checks/compile-10.log.gz
100644 blob 7b34df5bb7673adaa307d7928f9cab2dc9aefaf8	docs/spikes/s04-evidence/final-checks/compile-11.engine.log.gz
100644 blob 7b34df5bb7673adaa307d7928f9cab2dc9aefaf8	docs/spikes/s04-evidence/final-checks/compile-11.log.gz
100644 blob 7b34df5bb7673adaa307d7928f9cab2dc9aefaf8	docs/spikes/s04-evidence/final-checks/compile-12.engine.log.gz
100644 blob 7b34df5bb7673adaa307d7928f9cab2dc9aefaf8	docs/spikes/s04-evidence/final-checks/compile-12.log.gz
100644 blob 7b34df5bb7673adaa307d7928f9cab2dc9aefaf8	docs/spikes/s04-evidence/final-checks/compile-13.engine.log.gz
100644 blob 7b34df5bb7673adaa307d7928f9cab2dc9aefaf8	docs/spikes/s04-evidence/final-checks/compile-13.log.gz
100644 blob 7b34df5bb7673adaa307d7928f9cab2dc9aefaf8	docs/spikes/s04-evidence/final-checks/compile-14.engine.log.gz
100644 blob 7b34df5bb7673adaa307d7928f9cab2dc9aefaf8	docs/spikes/s04-evidence/final-checks/compile-14.log.gz
100644 blob 7b34df5bb7673adaa307d7928f9cab2dc9aefaf8	docs/spikes/s04-evidence/final-checks/compile-15.engine.log.gz
100644 blob 7b34df5bb7673adaa307d7928f9cab2dc9aefaf8	docs/spikes/s04-evidence/final-checks/compile-15.log.gz
100644 blob 7b34df5bb7673adaa307d7928f9cab2dc9aefaf8	docs/spikes/s04-evidence/final-checks/compile-16.engine.log.gz
100644 blob 7b34df5bb7673adaa307d7928f9cab2dc9aefaf8	docs/spikes/s04-evidence/final-checks/compile-16.log.gz
100644 blob 7b34df5bb7673adaa307d7928f9cab2dc9aefaf8	docs/spikes/s04-evidence/final-checks/compile-17.engine.log.gz
100644 blob 7b34df5bb7673adaa307d7928f9cab2dc9aefaf8	docs/spikes/s04-evidence/final-checks/compile-17.log.gz
100644 blob 7b34df5bb7673adaa307d7928f9cab2dc9aefaf8	docs/spikes/s04-evidence/final-checks/compile-18.engine.log.gz
100644 blob 7b34df5bb7673adaa307d7928f9cab2dc9aefaf8	docs/spikes/s04-evidence/final-checks/compile-18.log.gz
100644 blob 7b34df5bb7673adaa307d7928f9cab2dc9aefaf8	docs/spikes/s04-evidence/final-checks/compile-19.engine.log.gz
100644 blob 7b34df5bb7673adaa307d7928f9cab2dc9aefaf8	docs/spikes/s04-evidence/final-checks/compile-19.log.gz
100644 blob 7b34df5bb7673adaa307d7928f9cab2dc9aefaf8	docs/spikes/s04-evidence/final-checks/compile-2.engine.log.gz
100644 blob 7b34df5bb7673adaa307d7928f9cab2dc9aefaf8	docs/spikes/s04-evidence/final-checks/compile-2.log.gz
100644 blob 7b34df5bb7673adaa307d7928f9cab2dc9aefaf8	docs/spikes/s04-evidence/final-checks/compile-20.engine.log.gz
100644 blob 7b34df5bb7673adaa307d7928f9cab2dc9aefaf8	docs/spikes/s04-evidence/final-checks/compile-20.log.gz
100644 blob 7b34df5bb7673adaa307d7928f9cab2dc9aefaf8	docs/spikes/s04-evidence/final-checks/compile-21.engine.log.gz
100644 blob 7b34df5bb7673adaa307d7928f9cab2dc9aefaf8	docs/spikes/s04-evidence/final-checks/compile-21.log.gz
100644 blob 7b34df5bb7673adaa307d7928f9cab2dc9aefaf8	docs/spikes/s04-evidence/final-checks/compile-22.engine.log.gz
100644 blob 7b34df5bb7673adaa307d7928f9cab2dc9aefaf8	docs/spikes/s04-evidence/final-checks/compile-22.log.gz
100644 blob 7b34df5bb7673adaa307d7928f9cab2dc9aefaf8	docs/spikes/s04-evidence/final-checks/compile-23.engine.log.gz
100644 blob 7b34df5bb7673adaa307d7928f9cab2dc9aefaf8	docs/spikes/s04-evidence/final-checks/compile-23.log.gz
100644 blob 7b34df5bb7673adaa307d7928f9cab2dc9aefaf8	docs/spikes/s04-evidence/final-checks/compile-24.engine.log.gz
100644 blob 7b34df5bb7673adaa307d7928f9cab2dc9aefaf8	docs/spikes/s04-evidence/final-checks/compile-24.log.gz
100644 blob 7b34df5bb7673adaa307d7928f9cab2dc9aefaf8	docs/spikes/s04-evidence/final-checks/compile-25.engine.log.gz
100644 blob 7b34df5bb7673adaa307d7928f9cab2dc9aefaf8	docs/spikes/s04-evidence/final-checks/compile-25.log.gz
100644 blob 7b34df5bb7673adaa307d7928f9cab2dc9aefaf8	docs/spikes/s04-evidence/final-checks/compile-26.engine.log.gz
100644 blob 7b34df5bb7673adaa307d7928f9cab2dc9aefaf8	docs/spikes/s04-evidence/final-checks/compile-26.log.gz
100644 blob 7b34df5bb7673adaa307d7928f9cab2dc9aefaf8	docs/spikes/s04-evidence/final-checks/compile-27.engine.log.gz
100644 blob 7b34df5bb7673adaa307d7928f9cab2dc9aefaf8	docs/spikes/s04-evidence/final-checks/compile-27.log.gz
100644 blob 7b34df5bb7673adaa307d7928f9cab2dc9aefaf8	docs/spikes/s04-evidence/final-checks/compile-28.engine.log.gz
100644 blob 7b34df5bb7673adaa307d7928f9cab2dc9aefaf8	docs/spikes/s04-evidence/final-checks/compile-28.log.gz
100644 blob 7b34df5bb7673adaa307d7928f9cab2dc9aefaf8	docs/spikes/s04-evidence/final-checks/compile-29.engine.log.gz
100644 blob 7b34df5bb7673adaa307d7928f9cab2dc9aefaf8	docs/spikes/s04-evidence/final-checks/compile-29.log.gz
100644 blob 7b34df5bb7673adaa307d7928f9cab2dc9aefaf8	docs/spikes/s04-evidence/final-checks/compile-3.engine.log.gz
100644 blob 7b34df5bb7673adaa307d7928f9cab2dc9aefaf8	docs/spikes/s04-evidence/final-checks/compile-3.log.gz
100644 blob 7b34df5bb7673adaa307d7928f9cab2dc9aefaf8	docs/spikes/s04-evidence/final-checks/compile-30.engine.log.gz
100644 blob 7b34df5bb7673adaa307d7928f9cab2dc9aefaf8	docs/spikes/s04-evidence/final-checks/compile-30.log.gz
100644 blob 7b34df5bb7673adaa307d7928f9cab2dc9aefaf8	docs/spikes/s04-evidence/final-checks/compile-31.engine.log.gz
100644 blob 7b34df5bb7673adaa307d7928f9cab2dc9aefaf8	docs/spikes/s04-evidence/final-checks/compile-31.log.gz
100644 blob 7b34df5bb7673adaa307d7928f9cab2dc9aefaf8	docs/spikes/s04-evidence/final-checks/compile-32.engine.log.gz
100644 blob 7b34df5bb7673adaa307d7928f9cab2dc9aefaf8	docs/spikes/s04-evidence/final-checks/compile-32.log.gz
100644 blob 7b34df5bb7673adaa307d7928f9cab2dc9aefaf8	docs/spikes/s04-evidence/final-checks/compile-33.engine.log.gz
100644 blob 7b34df5bb7673adaa307d7928f9cab2dc9aefaf8	docs/spikes/s04-evidence/final-checks/compile-33.log.gz
100644 blob 7b34df5bb7673adaa307d7928f9cab2dc9aefaf8	docs/spikes/s04-evidence/final-checks/compile-34.engine.log.gz
100644 blob 7b34df5bb7673adaa307d7928f9cab2dc9aefaf8	docs/spikes/s04-evidence/final-checks/compile-34.log.gz
100644 blob 7b34df5bb7673adaa307d7928f9cab2dc9aefaf8	docs/spikes/s04-evidence/final-checks/compile-35.engine.log.gz
100644 blob 7b34df5bb7673adaa307d7928f9cab2dc9aefaf8	docs/spikes/s04-evidence/final-checks/compile-35.log.gz
100644 blob 7b34df5bb7673adaa307d7928f9cab2dc9aefaf8	docs/spikes/s04-evidence/final-checks/compile-36.engine.log.gz
100644 blob 7b34df5bb7673adaa307d7928f9cab2dc9aefaf8	docs/spikes/s04-evidence/final-checks/compile-36.log.gz
100644 blob 7b34df5bb7673adaa307d7928f9cab2dc9aefaf8	docs/spikes/s04-evidence/final-checks/compile-37.engine.log.gz
100644 blob 7b34df5bb7673adaa307d7928f9cab2dc9aefaf8	docs/spikes/s04-evidence/final-checks/compile-37.log.gz
100644 blob 7b34df5bb7673adaa307d7928f9cab2dc9aefaf8	docs/spikes/s04-evidence/final-checks/compile-4.engine.log.gz
100644 blob 7b34df5bb7673adaa307d7928f9cab2dc9aefaf8	docs/spikes/s04-evidence/final-checks/compile-4.log.gz
100644 blob 7b34df5bb7673adaa307d7928f9cab2dc9aefaf8	docs/spikes/s04-evidence/final-checks/compile-5.engine.log.gz
100644 blob 7b34df5bb7673adaa307d7928f9cab2dc9aefaf8	docs/spikes/s04-evidence/final-checks/compile-5.log.gz
100644 blob 7b34df5bb7673adaa307d7928f9cab2dc9aefaf8	docs/spikes/s04-evidence/final-checks/compile-6.engine.log.gz
100644 blob 7b34df5bb7673adaa307d7928f9cab2dc9aefaf8	docs/spikes/s04-evidence/final-checks/compile-6.log.gz
100644 blob 7b34df5bb7673adaa307d7928f9cab2dc9aefaf8	docs/spikes/s04-evidence/final-checks/compile-7.engine.log.gz
100644 blob 7b34df5bb7673adaa307d7928f9cab2dc9aefaf8	docs/spikes/s04-evidence/final-checks/compile-7.log.gz
100644 blob 7b34df5bb7673adaa307d7928f9cab2dc9aefaf8	docs/spikes/s04-evidence/final-checks/compile-8.engine.log.gz
100644 blob 7b34df5bb7673adaa307d7928f9cab2dc9aefaf8	docs/spikes/s04-evidence/final-checks/compile-8.log.gz
100644 blob 7b34df5bb7673adaa307d7928f9cab2dc9aefaf8	docs/spikes/s04-evidence/final-checks/compile-9.engine.log.gz
100644 blob 7b34df5bb7673adaa307d7928f9cab2dc9aefaf8	docs/spikes/s04-evidence/final-checks/compile-9.log.gz
100644 blob 4be87e53699137390bedae40d7874e32ae9561e2	docs/spikes/s04-evidence/final-checks/compiler-import.engine.log.gz
100644 blob 53d8b0175d48ad1d0618663542faefa7e9bbde70	docs/spikes/s04-evidence/final-checks/compiler-import.log.gz
100644 blob bb663e7083fc264f9465e905e1466f86ec787b76	docs/spikes/s04-evidence/final-checks/compiler-setup.json
100644 blob 53ad36864705481b27a5680060a66e1c0718d9f6	docs/spikes/s04-evidence/final-checks/formatting.log.gz
100644 blob 59f4e313705b30301f7b6370c00277a1dc088945	docs/spikes/s04-evidence/final-checks/scripts.json
100644 blob 5862074d41f1e1e9fd0925d2dd8385390f8e310c	docs/spikes/s04-evidence/final-checks/style.log.gz
100644 blob 4febbed697d060c875ed9eace13632b97650b908	docs/spikes/s04-evidence/fix-api/baseline.log.gz
100644 blob 3177b75f9d4077cc1461d7043c3bc0c41f3fefdf	docs/spikes/s04-evidence/fix-api/body.log.gz
100644 blob 3f1c56b4706daa17988f98bf957377ee9a1b321b	docs/spikes/s04-evidence/fix-api/fence.log.gz
100644 blob 432fe8ad69264bc36890b8fdaef3dfa01ac7244a	docs/spikes/s04-evidence/fix-api/import.log.gz
100644 blob 2d27fc5072a6273d8bac738fef195f63e32d8e3c	docs/spikes/s04-evidence/fix-api/producer.log.gz
100644 blob 8e3ea5118ce3f04746b179a2da75a3a931159241	docs/spikes/s04-evidence/fix-api/result.json
100644 blob bd2cec211c54ba7d44f63d93975f61d7145ef84e	docs/spikes/s04-evidence/fix-checks/compilation.json
100644 blob 7b34df5bb7673adaa307d7928f9cab2dc9aefaf8	docs/spikes/s04-evidence/fix-checks/compile-0.engine.log.gz
100644 blob 7b34df5bb7673adaa307d7928f9cab2dc9aefaf8	docs/spikes/s04-evidence/fix-checks/compile-0.log.gz
100644 blob 7b34df5bb7673adaa307d7928f9cab2dc9aefaf8	docs/spikes/s04-evidence/fix-checks/compile-1.engine.log.gz
100644 blob 7b34df5bb7673adaa307d7928f9cab2dc9aefaf8	docs/spikes/s04-evidence/fix-checks/compile-1.log.gz
100644 blob 7b34df5bb7673adaa307d7928f9cab2dc9aefaf8	docs/spikes/s04-evidence/fix-checks/compile-10.engine.log.gz
100644 blob 7b34df5bb7673adaa307d7928f9cab2dc9aefaf8	docs/spikes/s04-evidence/fix-checks/compile-10.log.gz
100644 blob 7b34df5bb7673adaa307d7928f9cab2dc9aefaf8	docs/spikes/s04-evidence/fix-checks/compile-11.engine.log.gz
100644 blob 7b34df5bb7673adaa307d7928f9cab2dc9aefaf8	docs/spikes/s04-evidence/fix-checks/compile-11.log.gz
100644 blob 7b34df5bb7673adaa307d7928f9cab2dc9aefaf8	docs/spikes/s04-evidence/fix-checks/compile-12.engine.log.gz
100644 blob 7b34df5bb7673adaa307d7928f9cab2dc9aefaf8	docs/spikes/s04-evidence/fix-checks/compile-12.log.gz
100644 blob 7b34df5bb7673adaa307d7928f9cab2dc9aefaf8	docs/spikes/s04-evidence/fix-checks/compile-13.engine.log.gz
100644 blob 7b34df5bb7673adaa307d7928f9cab2dc9aefaf8	docs/spikes/s04-evidence/fix-checks/compile-13.log.gz
100644 blob 7b34df5bb7673adaa307d7928f9cab2dc9aefaf8	docs/spikes/s04-evidence/fix-checks/compile-14.engine.log.gz
100644 blob 7b34df5bb7673adaa307d7928f9cab2dc9aefaf8	docs/spikes/s04-evidence/fix-checks/compile-14.log.gz
100644 blob 7b34df5bb7673adaa307d7928f9cab2dc9aefaf8	docs/spikes/s04-evidence/fix-checks/compile-15.engine.log.gz
100644 blob 7b34df5bb7673adaa307d7928f9cab2dc9aefaf8	docs/spikes/s04-evidence/fix-checks/compile-15.log.gz
100644 blob 7b34df5bb7673adaa307d7928f9cab2dc9aefaf8	docs/spikes/s04-evidence/fix-checks/compile-16.engine.log.gz
100644 blob 7b34df5bb7673adaa307d7928f9cab2dc9aefaf8	docs/spikes/s04-evidence/fix-checks/compile-16.log.gz
100644 blob 7b34df5bb7673adaa307d7928f9cab2dc9aefaf8	docs/spikes/s04-evidence/fix-checks/compile-17.engine.log.gz
100644 blob 7b34df5bb7673adaa307d7928f9cab2dc9aefaf8	docs/spikes/s04-evidence/fix-checks/compile-17.log.gz
100644 blob 7b34df5bb7673adaa307d7928f9cab2dc9aefaf8	docs/spikes/s04-evidence/fix-checks/compile-18.engine.log.gz
100644 blob 7b34df5bb7673adaa307d7928f9cab2dc9aefaf8	docs/spikes/s04-evidence/fix-checks/compile-18.log.gz
100644 blob 7b34df5bb7673adaa307d7928f9cab2dc9aefaf8	docs/spikes/s04-evidence/fix-checks/compile-19.engine.log.gz
100644 blob 7b34df5bb7673adaa307d7928f9cab2dc9aefaf8	docs/spikes/s04-evidence/fix-checks/compile-19.log.gz
100644 blob 7b34df5bb7673adaa307d7928f9cab2dc9aefaf8	docs/spikes/s04-evidence/fix-checks/compile-2.engine.log.gz
100644 blob 7b34df5bb7673adaa307d7928f9cab2dc9aefaf8	docs/spikes/s04-evidence/fix-checks/compile-2.log.gz
100644 blob 7b34df5bb7673adaa307d7928f9cab2dc9aefaf8	docs/spikes/s04-evidence/fix-checks/compile-20.engine.log.gz
100644 blob 7b34df5bb7673adaa307d7928f9cab2dc9aefaf8	docs/spikes/s04-evidence/fix-checks/compile-20.log.gz
100644 blob 7b34df5bb7673adaa307d7928f9cab2dc9aefaf8	docs/spikes/s04-evidence/fix-checks/compile-21.engine.log.gz
100644 blob 7b34df5bb7673adaa307d7928f9cab2dc9aefaf8	docs/spikes/s04-evidence/fix-checks/compile-21.log.gz
100644 blob 7b34df5bb7673adaa307d7928f9cab2dc9aefaf8	docs/spikes/s04-evidence/fix-checks/compile-22.engine.log.gz
100644 blob 7b34df5bb7673adaa307d7928f9cab2dc9aefaf8	docs/spikes/s04-evidence/fix-checks/compile-22.log.gz
100644 blob 7b34df5bb7673adaa307d7928f9cab2dc9aefaf8	docs/spikes/s04-evidence/fix-checks/compile-23.engine.log.gz
100644 blob 7b34df5bb7673adaa307d7928f9cab2dc9aefaf8	docs/spikes/s04-evidence/fix-checks/compile-23.log.gz
100644 blob 7b34df5bb7673adaa307d7928f9cab2dc9aefaf8	docs/spikes/s04-evidence/fix-checks/compile-24.engine.log.gz
100644 blob 7b34df5bb7673adaa307d7928f9cab2dc9aefaf8	docs/spikes/s04-evidence/fix-checks/compile-24.log.gz
100644 blob 7b34df5bb7673adaa307d7928f9cab2dc9aefaf8	docs/spikes/s04-evidence/fix-checks/compile-25.engine.log.gz
100644 blob 7b34df5bb7673adaa307d7928f9cab2dc9aefaf8	docs/spikes/s04-evidence/fix-checks/compile-25.log.gz
100644 blob 7b34df5bb7673adaa307d7928f9cab2dc9aefaf8	docs/spikes/s04-evidence/fix-checks/compile-26.engine.log.gz
100644 blob 7b34df5bb7673adaa307d7928f9cab2dc9aefaf8	docs/spikes/s04-evidence/fix-checks/compile-26.log.gz
100644 blob 7b34df5bb7673adaa307d7928f9cab2dc9aefaf8	docs/spikes/s04-evidence/fix-checks/compile-27.engine.log.gz
100644 blob 7b34df5bb7673adaa307d7928f9cab2dc9aefaf8	docs/spikes/s04-evidence/fix-checks/compile-27.log.gz
100644 blob 7b34df5bb7673adaa307d7928f9cab2dc9aefaf8	docs/spikes/s04-evidence/fix-checks/compile-28.engine.log.gz
100644 blob 7b34df5bb7673adaa307d7928f9cab2dc9aefaf8	docs/spikes/s04-evidence/fix-checks/compile-28.log.gz
100644 blob 7b34df5bb7673adaa307d7928f9cab2dc9aefaf8	docs/spikes/s04-evidence/fix-checks/compile-29.engine.log.gz
100644 blob 7b34df5bb7673adaa307d7928f9cab2dc9aefaf8	docs/spikes/s04-evidence/fix-checks/compile-29.log.gz
100644 blob 7b34df5bb7673adaa307d7928f9cab2dc9aefaf8	docs/spikes/s04-evidence/fix-checks/compile-3.engine.log.gz
100644 blob 7b34df5bb7673adaa307d7928f9cab2dc9aefaf8	docs/spikes/s04-evidence/fix-checks/compile-3.log.gz
100644 blob 7b34df5bb7673adaa307d7928f9cab2dc9aefaf8	docs/spikes/s04-evidence/fix-checks/compile-30.engine.log.gz
100644 blob 7b34df5bb7673adaa307d7928f9cab2dc9aefaf8	docs/spikes/s04-evidence/fix-checks/compile-30.log.gz
100644 blob 7b34df5bb7673adaa307d7928f9cab2dc9aefaf8	docs/spikes/s04-evidence/fix-checks/compile-31.engine.log.gz
100644 blob 7b34df5bb7673adaa307d7928f9cab2dc9aefaf8	docs/spikes/s04-evidence/fix-checks/compile-31.log.gz
100644 blob 7b34df5bb7673adaa307d7928f9cab2dc9aefaf8	docs/spikes/s04-evidence/fix-checks/compile-32.engine.log.gz
100644 blob 7b34df5bb7673adaa307d7928f9cab2dc9aefaf8	docs/spikes/s04-evidence/fix-checks/compile-32.log.gz
100644 blob 7b34df5bb7673adaa307d7928f9cab2dc9aefaf8	docs/spikes/s04-evidence/fix-checks/compile-33.engine.log.gz
100644 blob 7b34df5bb7673adaa307d7928f9cab2dc9aefaf8	docs/spikes/s04-evidence/fix-checks/compile-33.log.gz
100644 blob 7b34df5bb7673adaa307d7928f9cab2dc9aefaf8	docs/spikes/s04-evidence/fix-checks/compile-34.engine.log.gz
100644 blob 7b34df5bb7673adaa307d7928f9cab2dc9aefaf8	docs/spikes/s04-evidence/fix-checks/compile-34.log.gz
100644 blob 7b34df5bb7673adaa307d7928f9cab2dc9aefaf8	docs/spikes/s04-evidence/fix-checks/compile-35.engine.log.gz
100644 blob 7b34df5bb7673adaa307d7928f9cab2dc9aefaf8	docs/spikes/s04-evidence/fix-checks/compile-35.log.gz
100644 blob 7b34df5bb7673adaa307d7928f9cab2dc9aefaf8	docs/spikes/s04-evidence/fix-checks/compile-36.engine.log.gz
100644 blob 7b34df5bb7673adaa307d7928f9cab2dc9aefaf8	docs/spikes/s04-evidence/fix-checks/compile-36.log.gz
100644 blob 7b34df5bb7673adaa307d7928f9cab2dc9aefaf8	docs/spikes/s04-evidence/fix-checks/compile-37.engine.log.gz
100644 blob 7b34df5bb7673adaa307d7928f9cab2dc9aefaf8	docs/spikes/s04-evidence/fix-checks/compile-37.log.gz
100644 blob 7b34df5bb7673adaa307d7928f9cab2dc9aefaf8	docs/spikes/s04-evidence/fix-checks/compile-38.engine.log.gz
100644 blob 7b34df5bb7673adaa307d7928f9cab2dc9aefaf8	docs/spikes/s04-evidence/fix-checks/compile-38.log.gz
100644 blob 7b34df5bb7673adaa307d7928f9cab2dc9aefaf8	docs/spikes/s04-evidence/fix-checks/compile-39.engine.log.gz
100644 blob 7b34df5bb7673adaa307d7928f9cab2dc9aefaf8	docs/spikes/s04-evidence/fix-checks/compile-39.log.gz
100644 blob 7b34df5bb7673adaa307d7928f9cab2dc9aefaf8	docs/spikes/s04-evidence/fix-checks/compile-4.engine.log.gz
100644 blob 7b34df5bb7673adaa307d7928f9cab2dc9aefaf8	docs/spikes/s04-evidence/fix-checks/compile-4.log.gz
100644 blob 7b34df5bb7673adaa307d7928f9cab2dc9aefaf8	docs/spikes/s04-evidence/fix-checks/compile-40.engine.log.gz
100644 blob 7b34df5bb7673adaa307d7928f9cab2dc9aefaf8	docs/spikes/s04-evidence/fix-checks/compile-40.log.gz
100644 blob 7b34df5bb7673adaa307d7928f9cab2dc9aefaf8	docs/spikes/s04-evidence/fix-checks/compile-5.engine.log.gz
100644 blob 7b34df5bb7673adaa307d7928f9cab2dc9aefaf8	docs/spikes/s04-evidence/fix-checks/compile-5.log.gz
100644 blob 7b34df5bb7673adaa307d7928f9cab2dc9aefaf8	docs/spikes/s04-evidence/fix-checks/compile-6.engine.log.gz
100644 blob 7b34df5bb7673adaa307d7928f9cab2dc9aefaf8	docs/spikes/s04-evidence/fix-checks/compile-6.log.gz
100644 blob 7b34df5bb7673adaa307d7928f9cab2dc9aefaf8	docs/spikes/s04-evidence/fix-checks/compile-7.engine.log.gz
100644 blob 7b34df5bb7673adaa307d7928f9cab2dc9aefaf8	docs/spikes/s04-evidence/fix-checks/compile-7.log.gz
100644 blob 7b34df5bb7673adaa307d7928f9cab2dc9aefaf8	docs/spikes/s04-evidence/fix-checks/compile-8.engine.log.gz
100644 blob 7b34df5bb7673adaa307d7928f9cab2dc9aefaf8	docs/spikes/s04-evidence/fix-checks/compile-8.log.gz
100644 blob 7b34df5bb7673adaa307d7928f9cab2dc9aefaf8	docs/spikes/s04-evidence/fix-checks/compile-9.engine.log.gz
100644 blob 7b34df5bb7673adaa307d7928f9cab2dc9aefaf8	docs/spikes/s04-evidence/fix-checks/compile-9.log.gz
100644 blob c879ac0064ce4e06efb3452df85b04de2dcd3b7a	docs/spikes/s04-evidence/fix-checks/compiler-import.engine.log.gz
100644 blob 3d38c5103cdda5ce8434da25d996441b18fcc1e0	docs/spikes/s04-evidence/fix-checks/compiler-import.log.gz
100644 blob bb663e7083fc264f9465e905e1466f86ec787b76	docs/spikes/s04-evidence/fix-checks/compiler-setup.json
100644 blob cb0916c91bcb0f14d5a50f316d7a73a8dacf1f7a	docs/spikes/s04-evidence/fix-checks/formatting.log.gz
100644 blob fb39e4fb16d5fad0e690005b0d05f6493fa37686	docs/spikes/s04-evidence/fix-checks/scripts.json
100644 blob 8816c9403fb67fce1a836b5e8de1cad8f1cacf8f	docs/spikes/s04-evidence/fix-checks/style.log.gz
100644 blob 85e4b3c61c5cf93f81b29f5b6ea2e2c9f01674e7	docs/spikes/s04-evidence/fix-enet/adverse/client/engine.log.gz
100644 blob 85e4b3c61c5cf93f81b29f5b6ea2e2c9f01674e7	docs/spikes/s04-evidence/fix-enet/adverse/client/stdout.log.gz
100644 blob 844db53c36f284ce9c01904ce76c82e74ca88797	docs/spikes/s04-evidence/fix-enet/adverse/host/engine.log.gz
100644 blob 844db53c36f284ce9c01904ce76c82e74ca88797	docs/spikes/s04-evidence/fix-enet/adverse/host/stdout.log.gz
100644 blob 432fe8ad69264bc36890b8fdaef3dfa01ac7244a	docs/spikes/s04-evidence/fix-enet/adverse/import.log.gz
100644 blob 159f82ce12585c6cda5ff4d1931a6281e41b974e	docs/spikes/s04-evidence/fix-enet/adverse/proxy.jsonl.gz
100644 blob 3b9f96802040b2267155eadcbf92a5522acb6f65	docs/spikes/s04-evidence/fix-enet/adverse/result.json
100644 blob 9b782fad904dc410b532270f72e47505f454b862	docs/spikes/s04-evidence/fix-enet/normal/client/engine.log.gz
100644 blob 9b782fad904dc410b532270f72e47505f454b862	docs/spikes/s04-evidence/fix-enet/normal/client/stdout.log.gz
100644 blob 6c0b7a3eb31af100f5b515d73702d62ef0a5e603	docs/spikes/s04-evidence/fix-enet/normal/host/engine.log.gz
100644 blob 6c0b7a3eb31af100f5b515d73702d62ef0a5e603	docs/spikes/s04-evidence/fix-enet/normal/host/stdout.log.gz
100644 blob 432fe8ad69264bc36890b8fdaef3dfa01ac7244a	docs/spikes/s04-evidence/fix-enet/normal/import.log.gz
100644 blob 4ebfebaeca13dfc27ba0a60b369bda50b5b3127e	docs/spikes/s04-evidence/fix-enet/normal/proxy.jsonl.gz
100644 blob 0866e0e8a27fc0e983843a2170328f85fdb3fa78	docs/spikes/s04-evidence/fix-enet/normal/result.json
100644 blob 0afb50397430430b414af2fb73b2c4dbdd7b631a	docs/spikes/s04-evidence/fix-enet/result.json
100644 blob 246d6732d1a41eccf7cb74f4221baabeb164b69d	docs/spikes/s04-evidence/fix-retention.json
100644 blob 432fe8ad69264bc36890b8fdaef3dfa01ac7244a	docs/spikes/s04-evidence/negative-producer/import.log.gz
100644 blob 9e1f71e12eb06f0d3a56a78ef3b01442ef13de6c	docs/spikes/s04-evidence/negative-producer/mutation.diff
100644 blob ee70ed836d3dda3e1b69f9ad6ea1226817e7f0c4	docs/spikes/s04-evidence/negative-producer/probe.log.gz
100644 blob 7a518166f7b813f705395a042d33e7626af22c8f	docs/spikes/s04-evidence/negative-producer/result.json
100644 blob 645b681183cb2f2f69898c56689b75fdc63770bd	docs/spikes/s04-evidence/negative-producer/run.py
100644 blob f734e92b6475463ca14a281cf7c0e4e13e1c77bc	docs/spikes/s04-evidence/protocol-before-measurement.md
100644 blob a9a693b97ceaf7cba0e42893776142c554b3dc9a	docs/spikes/s04-evidence/raw-manifest.json
100644 blob 83c47abd10b66cc2f46c1a332c4bb51d4908737f	docs/spikes/s04-evidence/reexport/blender.log.gz
100644 blob 4159de803f1081d456fa2b187696b72a3266186a	docs/spikes/s04-evidence/reexport/fingerprints.json
100644 blob 568ef39fa71c40e83f94eefab5fb759bd3fab5e8	docs/spikes/s04-evidence/review-initial/accepted-s03-r-note.txt
100644 blob 1e97d2b63a2c5fa46b5bc23f25b76cbb10d60f62	docs/spikes/s04-evidence/review-initial/api-host-run.log.gz
100644 blob 4febbed697d060c875ed9eace13632b97650b908	docs/spikes/s04-evidence/review-initial/api-host/baseline.log.gz
100644 blob 2bd85e5800be2f3d776471cbc47d0b5f358fa848	docs/spikes/s04-evidence/review-initial/api-host/body.log.gz
100644 blob 1b4722ffd7e28ec98544e09e40c39138e01c2b80	docs/spikes/s04-evidence/review-initial/api-host/fence.log.gz
100644 blob 87fd24465403e283ff834b7d3ebba565dc1d98d7	docs/spikes/s04-evidence/review-initial/api-host/import.log.gz
100644 blob 03b85e814a8478d88f9c07a5522de203bdc0dc7b	docs/spikes/s04-evidence/review-initial/api-host/project/review_producer_probe.gd.txt
100644 blob 7c0d841d57f4c32d2a7c6fa452fd8199acda43a5	docs/spikes/s04-evidence/review-initial/api-host/project/review_proof.gd.txt
100644 blob 393ce7a39cac32af796e1e0d5c22609bc4ae67e4	docs/spikes/s04-evidence/review-initial/api-host/project/review_replication.gd.txt
100644 blob 5dde0ed34b64413ad10a2f4ea4358cd9116c527f	docs/spikes/s04-evidence/review-initial/api-host/result.json
100644 blob 1db96debae43b220098383f554bfde9938919969	docs/spikes/s04-evidence/review-initial/api-run.log.gz
100644 blob ceebd7ac2b25f3f55292a80736ec1bcf80185d4e	docs/spikes/s04-evidence/review-initial/api/import.log.gz
100644 blob ff3501508ae78735fbc8bc9880b31cc9980c9270	docs/spikes/s04-evidence/review-initial/api/result.json
100644 blob 2c442503756270b1017831860df9bed7cf9c38d8	docs/spikes/s04-evidence/review-initial/audit.py
100644 blob 67cd7781f005193873696bc678092ab709084296	docs/spikes/s04-evidence/review-initial/boot-normalization.diff
100644 blob 87ae69fed0bb3bcfa45327f1e8641ac5e8461b9c	docs/spikes/s04-evidence/review-initial/doc5-note.txt
100644 blob d98c13cb5d99e641af144ff288118b3bea52aee7	docs/spikes/s04-evidence/review-initial/enet-host-run.log.gz
100644 blob 23e915709c4f697182bf1fa609782a8129823659	docs/spikes/s04-evidence/review-initial/enet-host/adverse/client/engine.log.gz
100644 blob 23e915709c4f697182bf1fa609782a8129823659	docs/spikes/s04-evidence/review-initial/enet-host/adverse/client/stdout.log.gz
100644 blob 3bccb3c8210936ace29a1477f63ad7b86f600a43	docs/spikes/s04-evidence/review-initial/enet-host/adverse/host/engine.log.gz
100644 blob 3bccb3c8210936ace29a1477f63ad7b86f600a43	docs/spikes/s04-evidence/review-initial/enet-host/adverse/host/stdout.log.gz
100644 blob 87fd24465403e283ff834b7d3ebba565dc1d98d7	docs/spikes/s04-evidence/review-initial/enet-host/adverse/import.log.gz
100644 blob e5dd75d9e1f52eeffad2a1ed98a4ac8eee0d30ca	docs/spikes/s04-evidence/review-initial/enet-host/adverse/proxy.jsonl.gz
100644 blob f56e7a63ee4770ac0a34a9d498e56e308281bc15	docs/spikes/s04-evidence/review-initial/enet-host/adverse/result.json
100644 blob dbd1a919a5868cb6985330b84e6d9abd3ca15377	docs/spikes/s04-evidence/review-initial/enet-host/normal/client/engine.log.gz
100644 blob dbd1a919a5868cb6985330b84e6d9abd3ca15377	docs/spikes/s04-evidence/review-initial/enet-host/normal/client/stdout.log.gz
100644 blob b4d77c57c9bfb9d022e648b7901d95f7ab52c739	docs/spikes/s04-evidence/review-initial/enet-host/normal/host/engine.log.gz
100644 blob b4d77c57c9bfb9d022e648b7901d95f7ab52c739	docs/spikes/s04-evidence/review-initial/enet-host/normal/host/stdout.log.gz
100644 blob 87fd24465403e283ff834b7d3ebba565dc1d98d7	docs/spikes/s04-evidence/review-initial/enet-host/normal/import.log.gz
100644 blob e4afc9f7dc68849255b361d5caab2a64534a5ade	docs/spikes/s04-evidence/review-initial/enet-host/normal/proxy.jsonl.gz
100644 blob 1648cc6ffaab142fdce75cfdcd89c3a2cd33614e	docs/spikes/s04-evidence/review-initial/enet-host/normal/result.json
100644 blob b2352f746067a672ae7aaaf4371ae97efd68fcb1	docs/spikes/s04-evidence/review-initial/enet-host/result.json
100644 blob 29d49f7be9f3936faf98bbeec09eee3064ba91d9	docs/spikes/s04-evidence/review-initial/preservation-and-source.log.gz
100644 blob 3bb6868e7c53ed4f6d7637c3acfd5c2d1af52fe5	docs/spikes/s04-evidence/review-initial/producer-probe.log.gz
100644 blob d588542b16b5340d3a1dfcecf9ac4875b99e99a1	docs/spikes/s04-evidence/review-initial/producer-receipt.json
100644 blob 8c986c24889f7f597e539ec7a0b17ba952062ac3	docs/spikes/s04-evidence/review-initial/python-tests.log.gz
100644 blob 3c9e5b5ebaee2fc2984beb9774e86f71b200c15a	docs/spikes/s04-evidence/review-initial/raw-audit.json
100644 blob 4fa82b67d74bb3b4a0ba7a865cdcb3b9d92e5d19	docs/spikes/s04-evidence/review-initial/raw-audit.log.gz
100644 blob fe2b5adaf5036d22c664926669f48638dbe8fb5b	docs/spikes/s04-evidence/review-initial/retention.json
100644 blob 567b06c5a89409d3f612ed2c483fa57accbbb949	docs/spikes/s04-evidence/review-initial/review-10874476.md
100644 blob cc3eeb0c79bb88215ec924f3e685c94e68613b2b	docs/spikes/s04-evidence/review-initial/style-run.log.gz
100644 blob 53ad36864705481b27a5680060a66e1c0718d9f6	docs/spikes/s04-evidence/review-initial/style/formatting.log.gz
100644 blob 5862074d41f1e1e9fd0925d2dd8385390f8e310c	docs/spikes/s04-evidence/review-initial/style/style.log.gz
100644 blob 4febbed697d060c875ed9eace13632b97650b908	docs/spikes/s04-evidence/roundtrip-checks/baseline.log.gz
100644 blob a792f698dbee58804cbe7834cb0b10f2cbead9ac	docs/spikes/s04-evidence/roundtrip-checks/body.log.gz
100644 blob d6dbcba4cdae5d0934ae059787f7d9ffda43b1c4	docs/spikes/s04-evidence/roundtrip-checks/fence.log.gz
100644 blob 87fd24465403e283ff834b7d3ebba565dc1d98d7	docs/spikes/s04-evidence/roundtrip-checks/import.log.gz
100644 blob ae81e764736c8924a6af79c14251d72ea5f344b5	docs/spikes/s04-evidence/roundtrip-checks/result.json
100644 blob 1f4b3cc7f9cbe34ff8da43dd664232705fae3be5	docs/spikes/s04-evidence/window-diagnosis/baseline/client/engine.log.gz
100644 blob 1f4b3cc7f9cbe34ff8da43dd664232705fae3be5	docs/spikes/s04-evidence/window-diagnosis/baseline/client/stdout.log.gz
100644 blob ee00524acab2afd905c59b1d9655336992079580	docs/spikes/s04-evidence/window-diagnosis/baseline/host/engine.log.gz
100644 blob ee00524acab2afd905c59b1d9655336992079580	docs/spikes/s04-evidence/window-diagnosis/baseline/host/stdout.log.gz
100644 blob 87fd24465403e283ff834b7d3ebba565dc1d98d7	docs/spikes/s04-evidence/window-diagnosis/baseline/import.log.gz
100644 blob 2851d05430d8c01431a8212af0bb7f649c6e6c87	docs/spikes/s04-evidence/window-diagnosis/baseline/proxy.jsonl.gz
100644 blob a26fe321191a16bcfe7af280ddb8a401c4d74241	docs/spikes/s04-evidence/window-diagnosis/result.json
100644 blob 4cbe7a5bf1b093b82741f12a3ff26e5cd7610127	docs/spikes/s04-prediction-evidence/README.md
100644 blob 545dcd5a42195ca92d2514fdcf2aba581e40557d	docs/spikes/s04-prediction-evidence/adverse-development-result.json
100644 blob 5736c99978239698fb084895af03b51c3d78d626	docs/spikes/s04-prediction-evidence/adverse-final-command.log
100644 blob 599b871914a10d85bd161ac3fcfe72833014c49c	docs/spikes/s04-prediction-evidence/adverse-final-result.json
100644 blob 04c588200a2fa6d740da7e4260c5f8cdbcefd0f6	docs/spikes/s04-prediction-evidence/baseline-final-command.log
100644 blob e050414b063ba7528b44bef82eecf87486090648	docs/spikes/s04-prediction-evidence/baseline-final-result.json
100644 blob b8e7c482a579dc9f21bc07b9a076dd7899234ccc	docs/spikes/s04-prediction-evidence/focused-result.json
100644 blob 1c1d2e00c3a3eabd137c28c13a3ebe5ac622809d	docs/spikes/s04-prediction-evidence/normal-development-result.json
100644 blob 987d7f23e2b3392cc956da79561b0906ad8aa2cc	docs/spikes/s04-prediction-evidence/normal-final-command.log
100644 blob 64d1dc1c7cca487724f73544720e6c769b604b98	docs/spikes/s04-prediction-evidence/normal-final-result.json
100644 blob 33aa9db239badc3bf19deb6283a6180eb0768038	docs/spikes/s04-prediction-evidence/post-rebase-adverse-command.log
100644 blob b8f1ed131460e262e23762b305452c46f9470e7d	docs/spikes/s04-prediction-evidence/post-rebase-adverse-result.json
100644 blob a548c0846afa2fd1324b143c8d1bb4823341dd35	docs/spikes/s04-prediction-evidence/post-rebase-baseline-command.log
100644 blob b91194bf42998b3cf2ffdbf382627381f24ce577	docs/spikes/s04-prediction-evidence/post-rebase-baseline-result.json
100644 blob 3360887b0156786b50efe8a1d460a842d4696ace	docs/spikes/s04-prediction-evidence/post-rebase-normal-command.log
100644 blob 0cbae69f177cd5c2a7f835804fe3c340c643f17f	docs/spikes/s04-prediction-evidence/post-rebase-normal-result.json
100644 blob 4c1f9871790a216d7382cf9ed6e651e942bd95b5	docs/spikes/s04-prediction-evidence/post-rebase-windowed-after.png
100644 blob de967a96ad2bd49a08febeed0835baa7937c2fa0	docs/spikes/s04-prediction-evidence/post-rebase-windowed-before.png
100644 blob a980e52f9865509b2ae6f4ac24aa4cc922ec0874	docs/spikes/s04-prediction-evidence/post-rebase-windowed-command.log
100644 blob 494a4b44a79da0e78e10e4b8dad8d069465cb457	docs/spikes/s04-prediction-evidence/post-rebase-windowed-result.json
100644 blob 47426f49252ab4963673dbfa14b97926f2668b31	docs/spikes/s04-prediction-evidence/review1-lifecycle-result.json
100644 blob ac447f865d01256b737441d5e3452e5e8dfaabb9	docs/spikes/s04-prediction-evidence/review1-normal-command.log
100644 blob d325c4fb1a453101760b94f824549e7fb4a0005e	docs/spikes/s04-prediction-evidence/review1-normal-result.json
100644 blob bb4439bf8a70bc317d8d8d89c34cc0fd75f172ad	docs/spikes/s04-prediction-evidence/review2-lifecycle-result.json
100644 blob 0d6d605c1573724e2c96a25ede0db6af3b61fcf1	docs/spikes/s04-prediction-evidence/review3-lifecycle-result.json
100644 blob f40775d31c282a9c933a1c5b77e28b753754c775	docs/spikes/s04-prediction-evidence/windowed-baseline-development-result.json
100644 blob 351d493793ec9c1e72335420471a6026dfd79bd3	docs/spikes/s04-prediction-evidence/windowed-client-after.png
100644 blob de967a96ad2bd49a08febeed0835baa7937c2fa0	docs/spikes/s04-prediction-evidence/windowed-client-before.png
100644 blob 3ee14b13d5644d64692c1ba1e2a2a80290b95bd1	docs/spikes/s04-prediction.md
100644 blob 7cc75e1896850f92ec147fa11f9707aae4cfaa55	docs/spikes/s04-t-evidence/adverse-boundary-probe.log
100644 blob fe4f7c956a570036cf6fcdc59e65d6c1d79b1eaa	docs/spikes/s04-t-evidence/adverse-client.jsonl
100644 blob 066f7a99b0d85e5dc5d7c268644c3b93352158a5	docs/spikes/s04-t-evidence/adverse-host.jsonl
100644 blob 21cda7a0f267cc3201f897d885ceff99f22c9d95	docs/spikes/s04-t-evidence/adverse-proxy.jsonl
100644 blob d7a3d38c4a664a40749344bfaf60dbc7451e5f63	docs/spikes/s04-t-evidence/adverse-race-entry.png
100644 blob 4f58054b3e2a331e3106aab460ddf4e876f0e3c4	docs/spikes/s04-t-evidence/adverse-result.json
100644 blob b4a9161a906df0e84d065348b4c1e21e052d08fa	docs/spikes/s04-t-evidence/adverse-traffic-entry.png
100644 blob 6e40d8bf4c2fde715e6c18398a86161a98b174ff	docs/spikes/s04-t-evidence/normal-boundary-probe.log
100644 blob 688ac5a74cb6a879b7e977bd9a4aeb7836302291	docs/spikes/s04-t-evidence/normal-client.jsonl
100644 blob 5f268c3683793c9d3be2a9cd906ee013b6882bd9	docs/spikes/s04-t-evidence/normal-host.jsonl
100644 blob 2455e05a812da767a81ac96bbc324215597d0f56	docs/spikes/s04-t-evidence/normal-proxy.jsonl
100644 blob ceb436fa0a76dd642f70ed2b3b3b79a7602ba746	docs/spikes/s04-t-evidence/normal-race-entry.png
100644 blob d0c85250bb958eb5242532b64e01f0ca8ace4b8c	docs/spikes/s04-t-evidence/normal-result.json
100644 blob 5d3639f10644cd16e7cde44641e63179b2f8e679	docs/spikes/s04-t-evidence/normal-traffic-entry.png
100644 blob 7053ec4ec4ed5ae202d84362005958e41846b888	docs/spikes/s04-t-evidence/result.json
100644 blob 27d1d5fb3da0bdccc86016b181a1944b34ffe39c	docs/spikes/s04-t.md
100644 blob 2bb90ac588c1271b3626942e3209c3eb5160ad7e	docs/spikes/s04.md
100644 blob 69c1183b5cd9582868a9038641da453a3d5c85ba	docs/spikes/s05-contracts.md
100644 blob 177e4ae3c1d256e23b0129f991a3adad5756e24a	docs/spikes/s05-effect-preparation-evidence/README.md
100644 blob 345073caeb4343927b602c336a9a319a99cb88a4	docs/spikes/s05-effect-preparation-evidence/audit_retention.py
100644 blob 3c0ca8f01321dd2fe95fba3dc5a99b89cfcac4c7	docs/spikes/s05-effect-preparation-evidence/author.py
100644 blob 0d4d1a9ce7894c01817022e1d89977f1e9b86b61	docs/spikes/s05-effect-preparation-evidence/author.stderr
100644 blob 8b812daeb7a9fa90d8fae9b2c4ac29766e9ecb40	docs/spikes/s05-effect-preparation-evidence/author.stdout
100644 blob 435679348e30df02bc0cebf8f3e8c027e7c98ead	docs/spikes/s05-effect-preparation-evidence/check-commands.json
100644 blob 766f705a813ab3488574be465f9163236f1674e3	docs/spikes/s05-effect-preparation-evidence/check_glb.py
100644 blob e69de29bb2d1d6434b8b29ae775ad8c2e48c5391	docs/spikes/s05-effect-preparation-evidence/check_glb.stderr
100644 blob 8467ed21860d64bd89ee1360b43adf0c3eefd35d	docs/spikes/s05-effect-preparation-evidence/check_glb.stdout
100644 blob 3245061cec1622681e44877d25ffc1c5c96ba54e	docs/spikes/s05-effect-preparation-evidence/commands.json
100644 blob 6ff739955a345d056317265e6d2bd2b8de6adff5	docs/spikes/s05-effect-preparation-evidence/commission.txt
100644 blob 674893647a1fac1cd020ea91015d540d781ea0e3	docs/spikes/s05-effect-preparation-evidence/export.py
100644 blob e69de29bb2d1d6434b8b29ae775ad8c2e48c5391	docs/spikes/s05-effect-preparation-evidence/export.stderr
100644 blob 2344c7b50b14dab5c378d3c529ef5dc8e0b911df	docs/spikes/s05-effect-preparation-evidence/export.stdout
100644 blob e571b5d1143b6991ee20fef4e9cae02b15e3733c	docs/spikes/s05-effect-preparation-evidence/final-manifest.json
100644 blob 35bd3c4de1c284c3ba0c1aa57fc466400c55d653	docs/spikes/s05-effect-preparation-evidence/final-preservation.json
100644 blob 6452caa164c5997d41ea82c1076c18f3ddc366cf	docs/spikes/s05-effect-preparation-evidence/final_retention.py
100644 blob f601cbf157011e095b9add918be86ba4b6806c59	docs/spikes/s05-effect-preparation-evidence/fingerprints.json
100644 blob 3982cdf6bf5af5bc6b3d19fbdc0099508f99b01a	docs/spikes/s05-effect-preparation-evidence/glb-check.json
100644 blob f778869dd73136e210fb0ff7de58173a1992e0bf	docs/spikes/s05-effect-preparation-evidence/glb-structure.json
100644 blob d4d721d34fe4a0d2c209da687de77d56fc7bdda0	docs/spikes/s05-effect-preparation-evidence/godot-help-command.json
100644 blob e69de29bb2d1d6434b8b29ae775ad8c2e48c5391	docs/spikes/s05-effect-preparation-evidence/godot-help.stderr
100644 blob e5ac0894d6f27a78c52422163d5259c79630e491	docs/spikes/s05-effect-preparation-evidence/godot-help.stdout
100644 blob 394b381dbf542c9a53187d51752927cdd6e50d00	docs/spikes/s05-effect-preparation-evidence/godot-request.md
100644 blob b5b519bad5832e35bc270360e5fa049ead864638	docs/spikes/s05-effect-preparation-evidence/godot_help.py
100644 blob 6c4e2391fe84e02ecb8642035ba2711d8bf102ba	docs/spikes/s05-effect-preparation-evidence/inspect_isolation.py
100644 blob e69de29bb2d1d6434b8b29ae775ad8c2e48c5391	docs/spikes/s05-effect-preparation-evidence/inspect_isolation.stderr
100644 blob 7591411d69db2f4b22b9249fc8c89a38da493943	docs/spikes/s05-effect-preparation-evidence/inspect_isolation.stdout
100644 blob 7591411d69db2f4b22b9249fc8c89a38da493943	docs/spikes/s05-effect-preparation-evidence/isolation-source-receipt.json
100644 blob 373d5f21f1ccdc0d5f263ffdaf45cd4d4f7daeba	docs/spikes/s05-effect-preparation-evidence/manifest.json
100644 blob 834ac9c581222c70b8bc89f0d6cd5a6c0ee2bdca	docs/spikes/s05-effect-preparation-evidence/model-receipt.json
100644 blob 66b5cdd4eda562ca74df628b36171f9e3d4ac2a7	docs/spikes/s05-effect-preparation-evidence/preservation.json
100644 blob 6bb1f94166392706e80c4e5dd4817b9a6cbaf509	docs/spikes/s05-effect-preparation-evidence/private-check.json
100644 blob 21500b81ce0fc405dff384152f2cc45d0e4afda8	docs/spikes/s05-effect-preparation-evidence/private-commands.json
100644 blob e69de29bb2d1d6434b8b29ae775ad8c2e48c5391	docs/spikes/s05-effect-preparation-evidence/private-export.stderr
100644 blob 47a1e9db25104f2bce9b41aa55c2304574a2aa57	docs/spikes/s05-effect-preparation-evidence/private-export.stdout
100644 blob e69de29bb2d1d6434b8b29ae775ad8c2e48c5391	docs/spikes/s05-effect-preparation-evidence/private-help.stderr
100644 blob 860881afdbe57312eae96f810af2531700ba6cc6	docs/spikes/s05-effect-preparation-evidence/private-help.stdout
100644 blob 91777ed09f9da88ae6cf1624b9028311ae554713	docs/spikes/s05-effect-preparation-evidence/private-probe.json
100644 blob e69de29bb2d1d6434b8b29ae775ad8c2e48c5391	docs/spikes/s05-effect-preparation-evidence/private-probe.stderr
100644 blob 6dc0d1b7089250d54f23d8e88185ca09579a6ab1	docs/spikes/s05-effect-preparation-evidence/private-probe.stdout
100644 blob b6b91c2f282f70b883476fe99addcfb58a00ad17	docs/spikes/s05-effect-preparation-evidence/private_check.py
100644 blob 194986f163cf539de6ae468f848c519617af64cb	docs/spikes/s05-effect-preparation-evidence/rebase-receipt.json
100644 blob 06c2e1b2f68ea47a65cada0d61b786a198fe43ab	docs/spikes/s05-effect-preparation-evidence/record_checks.py
100644 blob e69de29bb2d1d6434b8b29ae775ad8c2e48c5391	docs/spikes/s05-effect-preparation-evidence/reopen-export.stderr
100644 blob 51b8a3533af7d4cda22406f0cb9a3dfa564c4e4d	docs/spikes/s05-effect-preparation-evidence/reopen-export.stdout
100644 blob 91777ed09f9da88ae6cf1624b9028311ae554713	docs/spikes/s05-effect-preparation-evidence/reopen-probe.json
100644 blob e69de29bb2d1d6434b8b29ae775ad8c2e48c5391	docs/spikes/s05-effect-preparation-evidence/reopen-probe.stderr
100644 blob 4e6af659efe7bcfe97b5aac380f3d543e0bcae03	docs/spikes/s05-effect-preparation-evidence/reopen-probe.stdout
100644 blob f5641d3e2799c7ae9662fae84903762c1c6f3f27	docs/spikes/s05-effect-preparation-evidence/requirements.json
100644 blob 15a09fb72b1279e8b3403a58ee2bcf0e49c54353	docs/spikes/s05-effect-preparation-evidence/run_blender.py
100644 blob 91777ed09f9da88ae6cf1624b9028311ae554713	docs/spikes/s05-effect-preparation-evidence/source-probe.json
100644 blob e69de29bb2d1d6434b8b29ae775ad8c2e48c5391	docs/spikes/s05-effect-preparation-evidence/source-probe.stderr
100644 blob f17f60bcf00b5b87f9a35dfb9bbdb332f0644898	docs/spikes/s05-effect-preparation-evidence/source-probe.stdout
100644 blob 9a33771b77c1e9e5123a0d7478b98e744d52ce32	docs/spikes/s05-effect-preparation-evidence/source_probe.py
100644 blob e69de29bb2d1d6434b8b29ae775ad8c2e48c5391	docs/spikes/s05-effect-preparation-evidence/version.stderr
100644 blob 3508f87ed345a256158a1160c82e88cc3986b4d7	docs/spikes/s05-effect-preparation-evidence/version.stdout
100644 blob f8b1991e4d033184cda56c25c5fd86aa6a5c11db	docs/spikes/s05-effect-preparation.md
100644 blob ec1a8ce4c507f8277300fdb5cad81a3162db18eb	docs/spikes/s05-evidence/README.md
100644 blob 424174583af2fdd3a39ee981b9af1bd42e32a94c	docs/spikes/s05-evidence/all-owned-checks/compilation.json
100644 blob 7b34df5bb7673adaa307d7928f9cab2dc9aefaf8	docs/spikes/s05-evidence/all-owned-checks/compile-0.engine.log.gz
100644 blob 7b34df5bb7673adaa307d7928f9cab2dc9aefaf8	docs/spikes/s05-evidence/all-owned-checks/compile-0.log.gz
100644 blob 7b34df5bb7673adaa307d7928f9cab2dc9aefaf8	docs/spikes/s05-evidence/all-owned-checks/compile-1.engine.log.gz
100644 blob 7b34df5bb7673adaa307d7928f9cab2dc9aefaf8	docs/spikes/s05-evidence/all-owned-checks/compile-1.log.gz
100644 blob 7b34df5bb7673adaa307d7928f9cab2dc9aefaf8	docs/spikes/s05-evidence/all-owned-checks/compile-10.engine.log.gz
100644 blob 7b34df5bb7673adaa307d7928f9cab2dc9aefaf8	docs/spikes/s05-evidence/all-owned-checks/compile-10.log.gz
100644 blob 7b34df5bb7673adaa307d7928f9cab2dc9aefaf8	docs/spikes/s05-evidence/all-owned-checks/compile-11.engine.log.gz
100644 blob 7b34df5bb7673adaa307d7928f9cab2dc9aefaf8	docs/spikes/s05-evidence/all-owned-checks/compile-11.log.gz
100644 blob 7b34df5bb7673adaa307d7928f9cab2dc9aefaf8	docs/spikes/s05-evidence/all-owned-checks/compile-12.engine.log.gz
100644 blob 7b34df5bb7673adaa307d7928f9cab2dc9aefaf8	docs/spikes/s05-evidence/all-owned-checks/compile-12.log.gz
100644 blob 7b34df5bb7673adaa307d7928f9cab2dc9aefaf8	docs/spikes/s05-evidence/all-owned-checks/compile-13.engine.log.gz
100644 blob 7b34df5bb7673adaa307d7928f9cab2dc9aefaf8	docs/spikes/s05-evidence/all-owned-checks/compile-13.log.gz
100644 blob 7b34df5bb7673adaa307d7928f9cab2dc9aefaf8	docs/spikes/s05-evidence/all-owned-checks/compile-14.engine.log.gz
100644 blob 7b34df5bb7673adaa307d7928f9cab2dc9aefaf8	docs/spikes/s05-evidence/all-owned-checks/compile-14.log.gz
100644 blob 7b34df5bb7673adaa307d7928f9cab2dc9aefaf8	docs/spikes/s05-evidence/all-owned-checks/compile-15.engine.log.gz
100644 blob 7b34df5bb7673adaa307d7928f9cab2dc9aefaf8	docs/spikes/s05-evidence/all-owned-checks/compile-15.log.gz
100644 blob 7b34df5bb7673adaa307d7928f9cab2dc9aefaf8	docs/spikes/s05-evidence/all-owned-checks/compile-16.engine.log.gz
100644 blob 7b34df5bb7673adaa307d7928f9cab2dc9aefaf8	docs/spikes/s05-evidence/all-owned-checks/compile-16.log.gz
100644 blob 7b34df5bb7673adaa307d7928f9cab2dc9aefaf8	docs/spikes/s05-evidence/all-owned-checks/compile-17.engine.log.gz
100644 blob 7b34df5bb7673adaa307d7928f9cab2dc9aefaf8	docs/spikes/s05-evidence/all-owned-checks/compile-17.log.gz
100644 blob 7b34df5bb7673adaa307d7928f9cab2dc9aefaf8	docs/spikes/s05-evidence/all-owned-checks/compile-18.engine.log.gz
100644 blob 7b34df5bb7673adaa307d7928f9cab2dc9aefaf8	docs/spikes/s05-evidence/all-owned-checks/compile-18.log.gz
100644 blob 7b34df5bb7673adaa307d7928f9cab2dc9aefaf8	docs/spikes/s05-evidence/all-owned-checks/compile-19.engine.log.gz
100644 blob 7b34df5bb7673adaa307d7928f9cab2dc9aefaf8	docs/spikes/s05-evidence/all-owned-checks/compile-19.log.gz
100644 blob 7b34df5bb7673adaa307d7928f9cab2dc9aefaf8	docs/spikes/s05-evidence/all-owned-checks/compile-2.engine.log.gz
100644 blob 7b34df5bb7673adaa307d7928f9cab2dc9aefaf8	docs/spikes/s05-evidence/all-owned-checks/compile-2.log.gz
100644 blob 7b34df5bb7673adaa307d7928f9cab2dc9aefaf8	docs/spikes/s05-evidence/all-owned-checks/compile-20.engine.log.gz
100644 blob 7b34df5bb7673adaa307d7928f9cab2dc9aefaf8	docs/spikes/s05-evidence/all-owned-checks/compile-20.log.gz
100644 blob 7b34df5bb7673adaa307d7928f9cab2dc9aefaf8	docs/spikes/s05-evidence/all-owned-checks/compile-21.engine.log.gz
100644 blob 7b34df5bb7673adaa307d7928f9cab2dc9aefaf8	docs/spikes/s05-evidence/all-owned-checks/compile-21.log.gz
100644 blob 7b34df5bb7673adaa307d7928f9cab2dc9aefaf8	docs/spikes/s05-evidence/all-owned-checks/compile-22.engine.log.gz
100644 blob 7b34df5bb7673adaa307d7928f9cab2dc9aefaf8	docs/spikes/s05-evidence/all-owned-checks/compile-22.log.gz
100644 blob 7b34df5bb7673adaa307d7928f9cab2dc9aefaf8	docs/spikes/s05-evidence/all-owned-checks/compile-23.engine.log.gz
100644 blob 7b34df5bb7673adaa307d7928f9cab2dc9aefaf8	docs/spikes/s05-evidence/all-owned-checks/compile-23.log.gz
100644 blob 7b34df5bb7673adaa307d7928f9cab2dc9aefaf8	docs/spikes/s05-evidence/all-owned-checks/compile-24.engine.log.gz
100644 blob 7b34df5bb7673adaa307d7928f9cab2dc9aefaf8	docs/spikes/s05-evidence/all-owned-checks/compile-24.log.gz
100644 blob 7b34df5bb7673adaa307d7928f9cab2dc9aefaf8	docs/spikes/s05-evidence/all-owned-checks/compile-25.engine.log.gz
100644 blob 7b34df5bb7673adaa307d7928f9cab2dc9aefaf8	docs/spikes/s05-evidence/all-owned-checks/compile-25.log.gz
100644 blob 7b34df5bb7673adaa307d7928f9cab2dc9aefaf8	docs/spikes/s05-evidence/all-owned-checks/compile-26.engine.log.gz
100644 blob 7b34df5bb7673adaa307d7928f9cab2dc9aefaf8	docs/spikes/s05-evidence/all-owned-checks/compile-26.log.gz
100644 blob 7b34df5bb7673adaa307d7928f9cab2dc9aefaf8	docs/spikes/s05-evidence/all-owned-checks/compile-27.engine.log.gz
100644 blob 7b34df5bb7673adaa307d7928f9cab2dc9aefaf8	docs/spikes/s05-evidence/all-owned-checks/compile-27.log.gz
100644 blob 7b34df5bb7673adaa307d7928f9cab2dc9aefaf8	docs/spikes/s05-evidence/all-owned-checks/compile-28.engine.log.gz
100644 blob 7b34df5bb7673adaa307d7928f9cab2dc9aefaf8	docs/spikes/s05-evidence/all-owned-checks/compile-28.log.gz
100644 blob 7b34df5bb7673adaa307d7928f9cab2dc9aefaf8	docs/spikes/s05-evidence/all-owned-checks/compile-29.engine.log.gz
100644 blob 7b34df5bb7673adaa307d7928f9cab2dc9aefaf8	docs/spikes/s05-evidence/all-owned-checks/compile-29.log.gz
100644 blob 7b34df5bb7673adaa307d7928f9cab2dc9aefaf8	docs/spikes/s05-evidence/all-owned-checks/compile-3.engine.log.gz
100644 blob 7b34df5bb7673adaa307d7928f9cab2dc9aefaf8	docs/spikes/s05-evidence/all-owned-checks/compile-3.log.gz
100644 blob 7b34df5bb7673adaa307d7928f9cab2dc9aefaf8	docs/spikes/s05-evidence/all-owned-checks/compile-30.engine.log.gz
100644 blob 7b34df5bb7673adaa307d7928f9cab2dc9aefaf8	docs/spikes/s05-evidence/all-owned-checks/compile-30.log.gz
100644 blob 7b34df5bb7673adaa307d7928f9cab2dc9aefaf8	docs/spikes/s05-evidence/all-owned-checks/compile-31.engine.log.gz
100644 blob 7b34df5bb7673adaa307d7928f9cab2dc9aefaf8	docs/spikes/s05-evidence/all-owned-checks/compile-31.log.gz
100644 blob 7b34df5bb7673adaa307d7928f9cab2dc9aefaf8	docs/spikes/s05-evidence/all-owned-checks/compile-32.engine.log.gz
100644 blob 7b34df5bb7673adaa307d7928f9cab2dc9aefaf8	docs/spikes/s05-evidence/all-owned-checks/compile-32.log.gz
100644 blob 7b34df5bb7673adaa307d7928f9cab2dc9aefaf8	docs/spikes/s05-evidence/all-owned-checks/compile-33.engine.log.gz
100644 blob 7b34df5bb7673adaa307d7928f9cab2dc9aefaf8	docs/spikes/s05-evidence/all-owned-checks/compile-33.log.gz
100644 blob 7b34df5bb7673adaa307d7928f9cab2dc9aefaf8	docs/spikes/s05-evidence/all-owned-checks/compile-34.engine.log.gz
100644 blob 7b34df5bb7673adaa307d7928f9cab2dc9aefaf8	docs/spikes/s05-evidence/all-owned-checks/compile-34.log.gz
100644 blob 7b34df5bb7673adaa307d7928f9cab2dc9aefaf8	docs/spikes/s05-evidence/all-owned-checks/compile-35.engine.log.gz
100644 blob 7b34df5bb7673adaa307d7928f9cab2dc9aefaf8	docs/spikes/s05-evidence/all-owned-checks/compile-35.log.gz
100644 blob 7b34df5bb7673adaa307d7928f9cab2dc9aefaf8	docs/spikes/s05-evidence/all-owned-checks/compile-36.engine.log.gz
100644 blob 7b34df5bb7673adaa307d7928f9cab2dc9aefaf8	docs/spikes/s05-evidence/all-owned-checks/compile-36.log.gz
100644 blob 7b34df5bb7673adaa307d7928f9cab2dc9aefaf8	docs/spikes/s05-evidence/all-owned-checks/compile-37.engine.log.gz
100644 blob 7b34df5bb7673adaa307d7928f9cab2dc9aefaf8	docs/spikes/s05-evidence/all-owned-checks/compile-37.log.gz
100644 blob 7b34df5bb7673adaa307d7928f9cab2dc9aefaf8	docs/spikes/s05-evidence/all-owned-checks/compile-38.engine.log.gz
100644 blob 7b34df5bb7673adaa307d7928f9cab2dc9aefaf8	docs/spikes/s05-evidence/all-owned-checks/compile-38.log.gz
100644 blob 7b34df5bb7673adaa307d7928f9cab2dc9aefaf8	docs/spikes/s05-evidence/all-owned-checks/compile-39.engine.log.gz
100644 blob 7b34df5bb7673adaa307d7928f9cab2dc9aefaf8	docs/spikes/s05-evidence/all-owned-checks/compile-39.log.gz
100644 blob 7b34df5bb7673adaa307d7928f9cab2dc9aefaf8	docs/spikes/s05-evidence/all-owned-checks/compile-4.engine.log.gz
100644 blob 7b34df5bb7673adaa307d7928f9cab2dc9aefaf8	docs/spikes/s05-evidence/all-owned-checks/compile-4.log.gz
100644 blob 7b34df5bb7673adaa307d7928f9cab2dc9aefaf8	docs/spikes/s05-evidence/all-owned-checks/compile-40.engine.log.gz
100644 blob 7b34df5bb7673adaa307d7928f9cab2dc9aefaf8	docs/spikes/s05-evidence/all-owned-checks/compile-40.log.gz
100644 blob 7b34df5bb7673adaa307d7928f9cab2dc9aefaf8	docs/spikes/s05-evidence/all-owned-checks/compile-41.engine.log.gz
100644 blob 7b34df5bb7673adaa307d7928f9cab2dc9aefaf8	docs/spikes/s05-evidence/all-owned-checks/compile-41.log.gz
100644 blob 7b34df5bb7673adaa307d7928f9cab2dc9aefaf8	docs/spikes/s05-evidence/all-owned-checks/compile-42.engine.log.gz
100644 blob 7b34df5bb7673adaa307d7928f9cab2dc9aefaf8	docs/spikes/s05-evidence/all-owned-checks/compile-42.log.gz
100644 blob 7b34df5bb7673adaa307d7928f9cab2dc9aefaf8	docs/spikes/s05-evidence/all-owned-checks/compile-43.engine.log.gz
100644 blob 7b34df5bb7673adaa307d7928f9cab2dc9aefaf8	docs/spikes/s05-evidence/all-owned-checks/compile-43.log.gz
100644 blob 7b34df5bb7673adaa307d7928f9cab2dc9aefaf8	docs/spikes/s05-evidence/all-owned-checks/compile-44.engine.log.gz
100644 blob 7b34df5bb7673adaa307d7928f9cab2dc9aefaf8	docs/spikes/s05-evidence/all-owned-checks/compile-44.log.gz
100644 blob 7b34df5bb7673adaa307d7928f9cab2dc9aefaf8	docs/spikes/s05-evidence/all-owned-checks/compile-45.engine.log.gz
100644 blob 7b34df5bb7673adaa307d7928f9cab2dc9aefaf8	docs/spikes/s05-evidence/all-owned-checks/compile-45.log.gz
100644 blob 7b34df5bb7673adaa307d7928f9cab2dc9aefaf8	docs/spikes/s05-evidence/all-owned-checks/compile-46.engine.log.gz
100644 blob 7b34df5bb7673adaa307d7928f9cab2dc9aefaf8	docs/spikes/s05-evidence/all-owned-checks/compile-46.log.gz
100644 blob 7b34df5bb7673adaa307d7928f9cab2dc9aefaf8	docs/spikes/s05-evidence/all-owned-checks/compile-47.engine.log.gz
100644 blob 7b34df5bb7673adaa307d7928f9cab2dc9aefaf8	docs/spikes/s05-evidence/all-owned-checks/compile-47.log.gz
100644 blob 7b34df5bb7673adaa307d7928f9cab2dc9aefaf8	docs/spikes/s05-evidence/all-owned-checks/compile-5.engine.log.gz
100644 blob 7b34df5bb7673adaa307d7928f9cab2dc9aefaf8	docs/spikes/s05-evidence/all-owned-checks/compile-5.log.gz
100644 blob 7b34df5bb7673adaa307d7928f9cab2dc9aefaf8	docs/spikes/s05-evidence/all-owned-checks/compile-6.engine.log.gz
100644 blob 7b34df5bb7673adaa307d7928f9cab2dc9aefaf8	docs/spikes/s05-evidence/all-owned-checks/compile-6.log.gz
100644 blob 7b34df5bb7673adaa307d7928f9cab2dc9aefaf8	docs/spikes/s05-evidence/all-owned-checks/compile-7.engine.log.gz
100644 blob 7b34df5bb7673adaa307d7928f9cab2dc9aefaf8	docs/spikes/s05-evidence/all-owned-checks/compile-7.log.gz
100644 blob 7b34df5bb7673adaa307d7928f9cab2dc9aefaf8	docs/spikes/s05-evidence/all-owned-checks/compile-8.engine.log.gz
100644 blob 7b34df5bb7673adaa307d7928f9cab2dc9aefaf8	docs/spikes/s05-evidence/all-owned-checks/compile-8.log.gz
100644 blob 7b34df5bb7673adaa307d7928f9cab2dc9aefaf8	docs/spikes/s05-evidence/all-owned-checks/compile-9.engine.log.gz
100644 blob 7b34df5bb7673adaa307d7928f9cab2dc9aefaf8	docs/spikes/s05-evidence/all-owned-checks/compile-9.log.gz
100644 blob cad9cb04340aef1119e7d4b522a71f47d126da18	docs/spikes/s05-evidence/all-owned-checks/compiler-import.engine.log.gz
100644 blob 010d7282aded1f9f8ae18a6e253a0c79e7f8b670	docs/spikes/s05-evidence/all-owned-checks/compiler-import.log.gz
100644 blob bb663e7083fc264f9465e905e1466f86ec787b76	docs/spikes/s05-evidence/all-owned-checks/compiler-setup.json
100644 blob 0e565bcfcc9f2ab6225bc5b0c1a1efc71ed0b19b	docs/spikes/s05-evidence/all-owned-checks/formatting.log.gz
100644 blob 0b2ffcb5a9f6de0edeac342cf97565b802dc0605	docs/spikes/s05-evidence/all-owned-checks/scripts.json
100644 blob bf8393b60202d8cd92c672a13ea5bd13226a7fff	docs/spikes/s05-evidence/all-owned-checks/style.log.gz
100644 blob 895ef7f3dcea827437a0b429aaf1de07c78aa479	docs/spikes/s05-evidence/canonical/api-boot/engine.log.gz
100644 blob 895ef7f3dcea827437a0b429aaf1de07c78aa479	docs/spikes/s05-evidence/canonical/api-boot/stdout.log.gz
100644 blob 4ffe051fd668e6f0b5d6e974ef23ef0d56a77f0a	docs/spikes/s05-evidence/canonical/api-burst/engine.log.gz
100644 blob 4ffe051fd668e6f0b5d6e974ef23ef0d56a77f0a	docs/spikes/s05-evidence/canonical/api-burst/stdout.log.gz
100644 blob 7b34df5bb7673adaa307d7928f9cab2dc9aefaf8	docs/spikes/s05-evidence/canonical/compile-car.gd.log.gz
100644 blob 7b34df5bb7673adaa307d7928f9cab2dc9aefaf8	docs/spikes/s05-evidence/canonical/compile-damage.gd.log.gz
100644 blob 7b34df5bb7673adaa307d7928f9cab2dc9aefaf8	docs/spikes/s05-evidence/canonical/compile-match.gd.log.gz
100644 blob 7b34df5bb7673adaa307d7928f9cab2dc9aefaf8	docs/spikes/s05-evidence/canonical/compile-presentation.gd.log.gz
100644 blob 7b34df5bb7673adaa307d7928f9cab2dc9aefaf8	docs/spikes/s05-evidence/canonical/compile-proof.gd.log.gz
100644 blob 7b34df5bb7673adaa307d7928f9cab2dc9aefaf8	docs/spikes/s05-evidence/canonical/compile-replication.gd.log.gz
100644 blob 7b34df5bb7673adaa307d7928f9cab2dc9aefaf8	docs/spikes/s05-evidence/canonical/compile-session.gd.log.gz
100644 blob 89f986de27e425cecada981db94e748c379697e0	docs/spikes/s05-evidence/canonical/enet-boot/client/engine.log.gz
100644 blob 89f986de27e425cecada981db94e748c379697e0	docs/spikes/s05-evidence/canonical/enet-boot/client/stdout.log.gz
100644 blob 4ed90709fa73be0b29c8173def25b5eb6ef16554	docs/spikes/s05-evidence/canonical/enet-boot/host/engine.log.gz
100644 blob 4ed90709fa73be0b29c8173def25b5eb6ef16554	docs/spikes/s05-evidence/canonical/enet-boot/host/stdout.log.gz
100644 blob c2b21d48c816b1560c312cba2bc07c32e3258b93	docs/spikes/s05-evidence/canonical/enet-boot/late/engine.log.gz
100644 blob c2b21d48c816b1560c312cba2bc07c32e3258b93	docs/spikes/s05-evidence/canonical/enet-boot/late/stdout.log.gz
100644 blob a02183f6096bf393db0b4157eec5e53cc9eed520	docs/spikes/s05-evidence/canonical/enet-boot/result.json
100644 blob 5b12b373ab9e4e7eea85486daf91d4fa1a219d2d	docs/spikes/s05-evidence/canonical/enet-burst/client/engine.log.gz
100644 blob 5b12b373ab9e4e7eea85486daf91d4fa1a219d2d	docs/spikes/s05-evidence/canonical/enet-burst/client/stdout.log.gz
100644 blob a040a60b8cea215325c0d9192d3f1a7a79b2c844	docs/spikes/s05-evidence/canonical/enet-burst/host/engine.log.gz
100644 blob a040a60b8cea215325c0d9192d3f1a7a79b2c844	docs/spikes/s05-evidence/canonical/enet-burst/host/stdout.log.gz
100644 blob 4b0ff7973ce797854c628b09e67f2990d4d6d456	docs/spikes/s05-evidence/canonical/enet-burst/late/engine.log.gz
100644 blob 4b0ff7973ce797854c628b09e67f2990d4d6d456	docs/spikes/s05-evidence/canonical/enet-burst/late/stdout.log.gz
100644 blob 8a697f2a94e2f726cb31576bf5a955530483e0bb	docs/spikes/s05-evidence/canonical/enet-burst/result.json
100644 blob 3f7c1e4c499965a4aa8e1a57f8308df535ff1209	docs/spikes/s05-evidence/canonical/formatting.log.gz
100644 blob 207703b10b012cbdd154c4e5a4f9304609e7425d	docs/spikes/s05-evidence/canonical/import.log.gz
100644 blob d3aeb12e162b7d1a35c6021887d2f9a6e6819996	docs/spikes/s05-evidence/canonical/lint.log.gz
100644 blob d680f5f871f7730869193acdd105583f9ae86206	docs/spikes/s05-evidence/canonical/result.json
100644 blob 5430cd652071136d329faf847ca5e193a63e73f2	docs/spikes/s05-evidence/editor/accepted-docs-main.diff.gz
100644 blob c49daaf44811a40ded1490dda99177943dbeac3f	docs/spikes/s05-evidence/editor/base-fingerprints.json
100644 blob e21b781025d4833058f0fa3bdf75df9898b8071d	docs/spikes/s05-evidence/editor/boundary-resources.json
100644 blob 90b5568c6fbdeb9d7af8abbec18a3791598ab026	docs/spikes/s05-evidence/editor/boundary-roundtrip-result.jsonl.gz
100644 blob 8792d12bb5451405f6743f28665b47a4587ba485	docs/spikes/s05-evidence/editor/editor.log.gz
100644 blob b5f6e928eb1ca80ad929849d465aa383f4b1b8d3	docs/spikes/s05-evidence/editor/final-editor.log.gz
100644 blob 86d32f12c28ad918a8e105bcd8368a86264901c3	docs/spikes/s05-evidence/editor/final-host.json
100644 blob 98a168ad38cadd0d14ae9acf360d80f5e6126a4e	docs/spikes/s05-evidence/editor/final-state-result.jsonl.gz
100644 blob 7c41693ee68dd32759c2df76cd7c649ac390ce40	docs/spikes/s05-evidence/editor/final-state.json
100644 blob 9a0107c16df31ec18fe2df25bc09c274fce72bb8	docs/spikes/s05-evidence/editor/host-after-quit.json
100644 blob d8eee9d820223384d33c2249ff9333c4ce0494bc	docs/spikes/s05-evidence/editor/host-before.json
100644 blob 38a950981df0e6aa32d93e3988f7ab256394e7a6	docs/spikes/s05-evidence/editor/inventory.py
100644 blob 142ceb006fd083b7395d231a63d4598ea2140e0d	docs/spikes/s05-evidence/editor/launch.json
100644 blob 13fa283d82a63deccd35702bccef918bc1b8c05f	docs/spikes/s05-evidence/editor/main-state-result.jsonl.gz
100644 blob 7c41693ee68dd32759c2df76cd7c649ac390ce40	docs/spikes/s05-evidence/editor/main-state.json
100644 blob ef33be3898cba0eb0742ffa5115aa5dd2d873f3b	docs/spikes/s05-evidence/editor/positions-burst-result.jsonl.gz
100644 blob 6119d4d7a951b345084443e3dfc118f3d6108591	docs/spikes/s05-evidence/editor/positions-burst.json
100644 blob a7f5cb6a70cd8f0aa559cd58292438cbdd52505d	docs/spikes/s05-evidence/editor/proof-fix-attach-result.jsonl.gz
100644 blob 6cfe277e96b1b3cb64664ae67a4dc8b9419eba11	docs/spikes/s05-evidence/editor/proof-fix-attach.json
100644 blob 57754896dd2bf0489a0ad3ddf27bca599d130638	docs/spikes/s05-evidence/editor/proof-result.jsonl.gz
100644 blob b6a15ae8cfa2e5d3fb65cddd87046bb1644d1449	docs/spikes/s05-evidence/editor/proof.json
100644 blob f5d60a415d12f2250920b4a730d94f0cce2450fa	docs/spikes/s05-evidence/editor/protocol-amended-before-measurement.md
100644 blob d33d712684b415d06732937012ed3977cc5feaa5	docs/spikes/s05-evidence/editor/protocol-before-measurement.md
100644 blob 8ba12c1cf15bef941e7cdd423f81033647855940	docs/spikes/s05-evidence/editor/protocol-queue-before-measurement.md
100644 blob 0cbff2377159a3098b9a07942b057358c13fe378	docs/spikes/s05-evidence/editor/queue-predeclaration-time.json
100644 blob d73b853fb968954b3e5a38818d1247852b608fad	docs/spikes/s05-evidence/editor/queue-proof-result.jsonl.gz
100644 blob 9106bf325a9e9802648df4d5089f2b9089ac53f1	docs/spikes/s05-evidence/editor/queue-proof.json
100644 blob bb0a05d3212a622bbca1f17d413e2c910aedc2d0	docs/spikes/s05-evidence/editor/queue-timing-fix-result.jsonl.gz
100644 blob 7d695e01d83f7e5dcad1689ece1aa6eaf68866ea	docs/spikes/s05-evidence/editor/queue-timing-fix.json
100644 blob e95a95bf39c8aae8da2aace2ad74d7e38d7cb793	docs/spikes/s05-evidence/editor/quit-result.jsonl.gz
100644 blob 28ce4cdfff3220af5d8cdeec2ab6ab84f2ee9066	docs/spikes/s05-evidence/editor/quit.json
100644 blob 18e44ae27940a8c1d04ebd49933cf8dde7332f5f	docs/spikes/s05-evidence/editor/rebased-all-originals.json
100644 blob 95baf8d1af8ac581d9ff92da036e02e26d520794	docs/spikes/s05-evidence/editor/rebased-resources.json
100644 blob 7bfdd5a4edef330337ef33559325a6da137c0f08	docs/spikes/s05-evidence/editor/refresh-result.jsonl.gz
100644 blob 8c9696e2b821f864d1cda0720978897c5ac2a3a9	docs/spikes/s05-evidence/editor/refresh.json
100644 blob fb40a6be4f7756464dc814b1e9d3d0e77514b2d3	docs/spikes/s05-evidence/editor/resources.json
100644 blob cbc559e0289af3c873121d001c474072c9beec11	docs/spikes/s05-evidence/editor/roundtrip-before.json
100644 blob e6ee9f230ef11e2ad5466a6726eb639d2d7520f5	docs/spikes/s05-evidence/editor/roundtrip-final-result.jsonl.gz
100644 blob 43279af6807bb9016f6016cacceb85d83f87e54d	docs/spikes/s05-evidence/editor/roundtrip-result.jsonl.gz
100644 blob d3befac29eb4a3eadaec7660765a8e2223031504	docs/spikes/s05-evidence/editor/roundtrip-summary.json
100644 blob a595169b85d3bd1718e630dca65df4ecf099c27c	docs/spikes/s05-evidence/editor/roundtrip.json
100644 blob eaa20e9e266e5197a3d16994218acbb2a3339fb8	docs/spikes/s05-evidence/editor/scenes-result.jsonl.gz
100644 blob 133d388056f4ddc24be75a0b0bfcf6dac1fdaa6c	docs/spikes/s05-evidence/editor/scenes.json
100644 blob 788e0d82831caceb0d8f4e9e37a9e10f64fbbd69	docs/spikes/s05-evidence/editor/scripts-result.jsonl.gz
100644 blob 447bafc02f8b6c793bd0385bbaead5687a6ea07f	docs/spikes/s05-evidence/editor/scripts.json
100644 blob 62d36dd39fa200ae8a96fff33bb2b9b47d4b90d9	docs/spikes/s05-evidence/editor/session-result.jsonl.gz
100644 blob 97389d612033282e3c3e63dfb552d389a4c8c461	docs/spikes/s05-evidence/editor/session.json
100644 blob ad1a28ac7a8eac0f4db3a96a7a4706f972c7751f	docs/spikes/s05-evidence/editor/style-scripts-result.jsonl.gz
100644 blob 13e7b8721e43bd07a81d141ba8285f0e87a1bcf9	docs/spikes/s05-evidence/editor/style-scripts.json
100644 blob a8210a5e9855cecb3074a930e3ae2e29ff076d75	docs/spikes/s05-evidence/editor/worktree-state-result.jsonl.gz
100644 blob e0752b3d8149d869eff3a4e689cc0fc02a326dc5	docs/spikes/s05-evidence/failed-sandbox-import/import.log.gz
100644 blob e62ed8634c2d70eea3c1e2073a1f896623e5a09d	docs/spikes/s05-evidence/failed-sandbox-import/result.json
100644 blob 99a5c05900bb5f4b705bb663f0082fb4b81b449c	docs/spikes/s05-evidence/initial-host-pass/api-boot/engine.log.gz
100644 blob 99a5c05900bb5f4b705bb663f0082fb4b81b449c	docs/spikes/s05-evidence/initial-host-pass/api-boot/stdout.log.gz
100644 blob 475cc79cf7abadb9da643fe0f8646b5d25294483	docs/spikes/s05-evidence/initial-host-pass/api-burst/engine.log.gz
100644 blob 475cc79cf7abadb9da643fe0f8646b5d25294483	docs/spikes/s05-evidence/initial-host-pass/api-burst/stdout.log.gz
100644 blob 7b34df5bb7673adaa307d7928f9cab2dc9aefaf8	docs/spikes/s05-evidence/initial-host-pass/compile-car.gd.log.gz
100644 blob 7b34df5bb7673adaa307d7928f9cab2dc9aefaf8	docs/spikes/s05-evidence/initial-host-pass/compile-damage.gd.log.gz
100644 blob 7b34df5bb7673adaa307d7928f9cab2dc9aefaf8	docs/spikes/s05-evidence/initial-host-pass/compile-match.gd.log.gz
100644 blob 7b34df5bb7673adaa307d7928f9cab2dc9aefaf8	docs/spikes/s05-evidence/initial-host-pass/compile-presentation.gd.log.gz
100644 blob 7b34df5bb7673adaa307d7928f9cab2dc9aefaf8	docs/spikes/s05-evidence/initial-host-pass/compile-proof.gd.log.gz
100644 blob 7b34df5bb7673adaa307d7928f9cab2dc9aefaf8	docs/spikes/s05-evidence/initial-host-pass/compile-replication.gd.log.gz
100644 blob 41bf8dbe7d6a67167d9960ab99f0efbb1709ab78	docs/spikes/s05-evidence/initial-host-pass/enet-boot/client/engine.log.gz
100644 blob 41bf8dbe7d6a67167d9960ab99f0efbb1709ab78	docs/spikes/s05-evidence/initial-host-pass/enet-boot/client/stdout.log.gz
100644 blob 0b838bf492449358cff12beddedeca5d76419073	docs/spikes/s05-evidence/initial-host-pass/enet-boot/host/engine.log.gz
100644 blob 0b838bf492449358cff12beddedeca5d76419073	docs/spikes/s05-evidence/initial-host-pass/enet-boot/host/stdout.log.gz
100644 blob f926c346daf7057f1e65d7a8ad6823b3cf6d9959	docs/spikes/s05-evidence/initial-host-pass/enet-boot/late/engine.log.gz
100644 blob f926c346daf7057f1e65d7a8ad6823b3cf6d9959	docs/spikes/s05-evidence/initial-host-pass/enet-boot/late/stdout.log.gz
100644 blob 572be418bddb307a404f5a1b6f0ddbbc52d061fe	docs/spikes/s05-evidence/initial-host-pass/enet-boot/result.json
100644 blob 4758547b0f86e460b6682fa07393c6a18e310d7c	docs/spikes/s05-evidence/initial-host-pass/enet-burst/client/engine.log.gz
100644 blob 4758547b0f86e460b6682fa07393c6a18e310d7c	docs/spikes/s05-evidence/initial-host-pass/enet-burst/client/stdout.log.gz
100644 blob 622b9e185b9d97e2461eb2a2f2c1bee4e43224b4	docs/spikes/s05-evidence/initial-host-pass/enet-burst/host/engine.log.gz
100644 blob 622b9e185b9d97e2461eb2a2f2c1bee4e43224b4	docs/spikes/s05-evidence/initial-host-pass/enet-burst/host/stdout.log.gz
100644 blob f727bf9cb8131b0c5c580c670eaee63183891588	docs/spikes/s05-evidence/initial-host-pass/enet-burst/late/engine.log.gz
100644 blob f727bf9cb8131b0c5c580c670eaee63183891588	docs/spikes/s05-evidence/initial-host-pass/enet-burst/late/stdout.log.gz
100644 blob d961d7aed9720e86e703ac2c94502a3a8cf4754a	docs/spikes/s05-evidence/initial-host-pass/enet-burst/result.json
100644 blob cdf684f54b118b0b2d28bd7c7a21179591235685	docs/spikes/s05-evidence/initial-host-pass/formatting.log.gz
100644 blob b346759118af01b6cd1370abee46c59349438126	docs/spikes/s05-evidence/initial-host-pass/import.log.gz
100644 blob 9788bd92beee5fd5a9bbc7670181911b3341f0bb	docs/spikes/s05-evidence/initial-host-pass/lint.log.gz
100644 blob a8d2cbf0430c201896149b3a0160218226eba268	docs/spikes/s05-evidence/initial-host-pass/result.json
100644 blob 15761cd2a10aeacdbaec2ea3474e6d38f0732e95	docs/spikes/s05-evidence/negative-retirement/engine.log.gz
100644 blob 207703b10b012cbdd154c4e5a4f9304609e7425d	docs/spikes/s05-evidence/negative-retirement/import.log.gz
100644 blob 564f2292572ef351a2ccbec1d20a9cc3eab420a4	docs/spikes/s05-evidence/negative-retirement/mutation.diff.gz
100644 blob 06585100530e41cb55c481adc36cd46be23c73ea	docs/spikes/s05-evidence/negative-retirement/result.json
100644 blob 05207366e6dd94fa170cbf334e3f2e468d82c780	docs/spikes/s05-evidence/negative-retirement/run.py
100644 blob 15761cd2a10aeacdbaec2ea3474e6d38f0732e95	docs/spikes/s05-evidence/negative-retirement/stdout.log.gz
100644 blob 7b34df5bb7673adaa307d7928f9cab2dc9aefaf8	docs/spikes/s05-evidence/queue-corrected/compile-car.gd.log.gz
100644 blob 7b34df5bb7673adaa307d7928f9cab2dc9aefaf8	docs/spikes/s05-evidence/queue-corrected/compile-damage.gd.log.gz
100644 blob 7b34df5bb7673adaa307d7928f9cab2dc9aefaf8	docs/spikes/s05-evidence/queue-corrected/compile-match.gd.log.gz
100644 blob 7b34df5bb7673adaa307d7928f9cab2dc9aefaf8	docs/spikes/s05-evidence/queue-corrected/compile-presentation.gd.log.gz
100644 blob 7b34df5bb7673adaa307d7928f9cab2dc9aefaf8	docs/spikes/s05-evidence/queue-corrected/compile-proof.gd.log.gz
100644 blob 7b34df5bb7673adaa307d7928f9cab2dc9aefaf8	docs/spikes/s05-evidence/queue-corrected/compile-replication.gd.log.gz
100644 blob 7b34df5bb7673adaa307d7928f9cab2dc9aefaf8	docs/spikes/s05-evidence/queue-corrected/compile-session.gd.log.gz
100644 blob 3f7c1e4c499965a4aa8e1a57f8308df535ff1209	docs/spikes/s05-evidence/queue-corrected/formatting.log.gz
100644 blob 207703b10b012cbdd154c4e5a4f9304609e7425d	docs/spikes/s05-evidence/queue-corrected/import.log.gz
100644 blob d3aeb12e162b7d1a35c6021887d2f9a6e6819996	docs/spikes/s05-evidence/queue-corrected/lint.log.gz
100644 blob a5dcaeea0ed6c69db98e98d6c8953e589d3c9c83	docs/spikes/s05-evidence/queue-corrected/queue/engine.log.gz
100644 blob a5dcaeea0ed6c69db98e98d6c8953e589d3c9c83	docs/spikes/s05-evidence/queue-corrected/queue/stdout.log.gz
100644 blob c9bed2996bda917b45f545fa55d7454dad8f9849	docs/spikes/s05-evidence/queue-corrected/result.json
100644 blob 7b34df5bb7673adaa307d7928f9cab2dc9aefaf8	docs/spikes/s05-evidence/queue-pressure/compile-car.gd.log.gz
100644 blob 7b34df5bb7673adaa307d7928f9cab2dc9aefaf8	docs/spikes/s05-evidence/queue-pressure/compile-damage.gd.log.gz
100644 blob 7b34df5bb7673adaa307d7928f9cab2dc9aefaf8	docs/spikes/s05-evidence/queue-pressure/compile-match.gd.log.gz
100644 blob 7b34df5bb7673adaa307d7928f9cab2dc9aefaf8	docs/spikes/s05-evidence/queue-pressure/compile-presentation.gd.log.gz
100644 blob 7b34df5bb7673adaa307d7928f9cab2dc9aefaf8	docs/spikes/s05-evidence/queue-pressure/compile-proof.gd.log.gz
100644 blob 7b34df5bb7673adaa307d7928f9cab2dc9aefaf8	docs/spikes/s05-evidence/queue-pressure/compile-replication.gd.log.gz
100644 blob 7b34df5bb7673adaa307d7928f9cab2dc9aefaf8	docs/spikes/s05-evidence/queue-pressure/compile-session.gd.log.gz
100644 blob 3f7c1e4c499965a4aa8e1a57f8308df535ff1209	docs/spikes/s05-evidence/queue-pressure/formatting.log.gz
100644 blob 207703b10b012cbdd154c4e5a4f9304609e7425d	docs/spikes/s05-evidence/queue-pressure/import.log.gz
100644 blob d3aeb12e162b7d1a35c6021887d2f9a6e6819996	docs/spikes/s05-evidence/queue-pressure/lint.log.gz
100644 blob 0843cfcd7f52780a65ecc22fa4380b5566ab0cfd	docs/spikes/s05-evidence/queue-pressure/queue/engine.log.gz
100644 blob 0843cfcd7f52780a65ecc22fa4380b5566ab0cfd	docs/spikes/s05-evidence/queue-pressure/queue/stdout.log.gz
100644 blob e57d1d3f25590e1d3da980e86fdf1140c7ab7c0f	docs/spikes/s05-evidence/queue-pressure/result.json
100644 blob cbcd3390263e0e411c63d004385eb13d898af400	docs/spikes/s05-evidence/raw-s05-todo.md
100644 blob 6ed56ebf94020b0b13d938b1c3d7b602e86baf40	docs/spikes/s05-evidence/retention.json
100644 blob 21db39ddd3a4436b9a4651f82959179184e9b123	docs/spikes/s05-evidence/review/launch-prompt.txt
100644 blob 6435206b8d2680b2dad73266812b83edaff2c7b7	docs/spikes/s05-evidence/review/launch.json
100644 blob c3848b766db2ad8bca4f59b8115e07b0665ba270	docs/spikes/s05-evidence/review/package-verification.json
100644 blob 664d16cefdda7ecd2f13de83752f99c58d04984b	docs/spikes/s05-evidence/review/report.md
100644 blob 80cb23dcfeaf123da1a38425d61094d90ec3541f	docs/spikes/s05-evidence/review/review-artifacts.tar.gz
100644 blob 85154128406fca333c4750626e3adb0845b43542	docs/spikes/s05-evidence/review/review-manifest.json
100644 blob 36ace654e3b770b48fbd24b609eac44d5e23539a	docs/spikes/s05-render-observation-evidence/README.md
100644 blob 6c97e00ca1366650e38c4db813e7e60ab3ecb0bf	docs/spikes/s05-render-observation-evidence/envelope.json
100644 blob df90c39b792434ca453ec0670e8e07db5671fda1	docs/spikes/s05-render-observation-evidence/manifest.json
100644 blob bb5b02cf57a7f39d0d0e7ef0a7118c9439d56340	docs/spikes/s05-render-observation-evidence/payloads/author/call-001.request.json.gz
100644 blob 6a71272ff8b3b340c9bccc433c7a26b7a26e88fd	docs/spikes/s05-render-observation-evidence/payloads/author/call-001.response.json.gz
100644 blob 86d8279257f29c92abba01599eff4a375c997160	docs/spikes/s05-render-observation-evidence/payloads/author/call-002.request.json.gz
100644 blob 8c8e99e81a14de43e9d8bf508598556ee02a4fb0	docs/spikes/s05-render-observation-evidence/payloads/author/call-002.response.json.gz
100644 blob e59abefdd406a1c2391f4813a11c65cb055c7313	docs/spikes/s05-render-observation-evidence/payloads/author/call-003.request.json.gz
100644 blob 7ad4d7279a26fd124263ed3dde3f96b363c5b8a6	docs/spikes/s05-render-observation-evidence/payloads/author/call-003.response.json.gz
100644 blob 34830d5dd450fba7844778a21c9bd6624aa83589	docs/spikes/s05-render-observation-evidence/payloads/author/call-004.request.json.gz
100644 blob 2887a0eb4d324bb076afa5a65bfb13eb3d28292e	docs/spikes/s05-render-observation-evidence/payloads/author/call-004.response.json.gz
100644 blob 6dd78a44ae703a6618988b35cf0099fbb4e2220b	docs/spikes/s05-render-observation-evidence/payloads/author/call-005.request.json.gz
100644 blob 883c99b3fcb7f3f4d1e1b90a020c7e3381def430	docs/spikes/s05-render-observation-evidence/payloads/author/call-005.response.json.gz
100644 blob c32f9d89317491ac67dddbb70ddf71a150125718	docs/spikes/s05-render-observation-evidence/payloads/author/call-006.request.json.gz
100644 blob 4a50e762e771c1366a775e834f1cb354d3105c1b	docs/spikes/s05-render-observation-evidence/payloads/author/call-006.response.json.gz
100644 blob e113265dce99e0e65d000e9ef1f66ff769b48d0d	docs/spikes/s05-render-observation-evidence/payloads/author/call-007.request.json.gz
100644 blob 50cd773c881465e2872738178593f58e24409be6	docs/spikes/s05-render-observation-evidence/payloads/author/call-007.response.json.gz
100644 blob d3c1c72c1032d28a9594c23953e0614d9f22f0ce	docs/spikes/s05-render-observation-evidence/payloads/author/call-008.request.json.gz
100644 blob 57031adc87a55e9a6e2c3e6e9bc11d998a1ca41a	docs/spikes/s05-render-observation-evidence/payloads/author/call-008.response.json.gz
100644 blob 2a175922b5fef74ce29e9eab989b2f92d1f1bd9f	docs/spikes/s05-render-observation-evidence/payloads/author/call-009.request.json.gz
100644 blob 17b50f288f498677b641136b2d1cc383064b5dd5	docs/spikes/s05-render-observation-evidence/payloads/author/call-009.response.json.gz
100644 blob a41f7e38365ca8e90350da2c4d5d289998f30638	docs/spikes/s05-render-observation-evidence/payloads/author/call-010.request.json.gz
100644 blob 3ab8348c1d36ad696963cb7ae997e2cdb76a7e69	docs/spikes/s05-render-observation-evidence/payloads/author/call-010.response.json.gz
100644 blob a3bb2e095471a9d0824d95bd06f398702f264f15	docs/spikes/s05-render-observation-evidence/payloads/author/call-011.request.json.gz
100644 blob 5d1d9e75af4e77b60d446d93e2ab058bb18b0bd1	docs/spikes/s05-render-observation-evidence/payloads/author/call-011.response.json.gz
100644 blob a0c9eac4c8e6d906be6429e8bdc316e25da50e23	docs/spikes/s05-render-observation-evidence/payloads/author/call-012.request.json.gz
100644 blob 1c9c6797023c2619024e523e12738cdcbfc907ac	docs/spikes/s05-render-observation-evidence/payloads/author/call-012.response.json.gz
100644 blob eaf444c68d58ce7148c1a22cc3011b11cae71112	docs/spikes/s05-render-observation-evidence/payloads/author/call-013.request.json.gz
100644 blob 4d2409257883e2b4079938bbbd4e6d84342cd479	docs/spikes/s05-render-observation-evidence/payloads/author/call-013.response.json.gz
100644 blob 54e9afc62f4e05b2d1113561a1d3ab02c954d1c4	docs/spikes/s05-render-observation-evidence/payloads/author/call-014.request.json.gz
100644 blob 41dd875ee8a011daa58023563878655695d08d75	docs/spikes/s05-render-observation-evidence/payloads/author/call-014.response.json.gz
100644 blob eb324cfe2dee477ee68fb39aa35dfdf18d3309fe	docs/spikes/s05-render-observation-evidence/payloads/author/call-015.request.json.gz
100644 blob 148b27155ea0feafbf5840861c361014ef436508	docs/spikes/s05-render-observation-evidence/payloads/author/call-015.response.json.gz
100644 blob 8a16afe46d52d45dabb99a78e1194a494269a5ca	docs/spikes/s05-render-observation-evidence/payloads/author/call-016.request.json.gz
100644 blob 1876e16903657c4981a5874db50ced937e5a74b8	docs/spikes/s05-render-observation-evidence/payloads/author/call-016.response.json.gz
100644 blob 4c4fd64c62f6a59d662a456248053c5cb230fceb	docs/spikes/s05-render-observation-evidence/payloads/author/call-017.request.json.gz
100644 blob 4bd80972c26d27a5d0b87e9758a745e3fa5b9b9e	docs/spikes/s05-render-observation-evidence/payloads/author/call-017.response.json.gz
100644 blob 9eb4ae34f0d92618f001d7d1cde7b323f64713a4	docs/spikes/s05-render-observation-evidence/payloads/author/call-018.request.json.gz
100644 blob 04e334aa06837dbbb9ebb3be9bfcbacc27818bb5	docs/spikes/s05-render-observation-evidence/payloads/author/call-018.response.json.gz
100644 blob a3bb2e095471a9d0824d95bd06f398702f264f15	docs/spikes/s05-render-observation-evidence/payloads/author/call-019.request.json.gz
100644 blob 353b35ab82e71e12dd4f4ae7e519142a897734c0	docs/spikes/s05-render-observation-evidence/payloads/author/call-019.response.json.gz
100644 blob 54e9afc62f4e05b2d1113561a1d3ab02c954d1c4	docs/spikes/s05-render-observation-evidence/payloads/author/call-020.request.json.gz
100644 blob 41dd875ee8a011daa58023563878655695d08d75	docs/spikes/s05-render-observation-evidence/payloads/author/call-020.response.json.gz
100644 blob 0b466383771bcc63843d95936169a9e32c5966ab	docs/spikes/s05-render-observation-evidence/payloads/author/call-021.request.json.gz
100644 blob 8e504a239af0d43c62e30717365345a5ede8b349	docs/spikes/s05-render-observation-evidence/payloads/author/call-021.response.json.gz
100644 blob c32f9d89317491ac67dddbb70ddf71a150125718	docs/spikes/s05-render-observation-evidence/payloads/author/call-022.request.json.gz
100644 blob 4a50e762e771c1366a775e834f1cb354d3105c1b	docs/spikes/s05-render-observation-evidence/payloads/author/call-022.response.json.gz
100644 blob c055f9ea4868d5c5e56d61a9e80c04690a167934	docs/spikes/s05-render-observation-evidence/payloads/author/call-023.request.json.gz
100644 blob 17329bc9f5000898e593c22123d65a8a55fae1a6	docs/spikes/s05-render-observation-evidence/payloads/author/call-023.response.json.gz
100644 blob a3bb2e095471a9d0824d95bd06f398702f264f15	docs/spikes/s05-render-observation-evidence/payloads/author/call-024.request.json.gz
100644 blob 5d1d9e75af4e77b60d446d93e2ab058bb18b0bd1	docs/spikes/s05-render-observation-evidence/payloads/author/call-024.response.json.gz
100644 blob 54e9afc62f4e05b2d1113561a1d3ab02c954d1c4	docs/spikes/s05-render-observation-evidence/payloads/author/call-025.request.json.gz
100644 blob 41dd875ee8a011daa58023563878655695d08d75	docs/spikes/s05-render-observation-evidence/payloads/author/call-025.response.json.gz
100644 blob c32f9d89317491ac67dddbb70ddf71a150125718	docs/spikes/s05-render-observation-evidence/payloads/author/call-026.request.json.gz
100644 blob 4a50e762e771c1366a775e834f1cb354d3105c1b	docs/spikes/s05-render-observation-evidence/payloads/author/call-026.response.json.gz
100644 blob a3bb2e095471a9d0824d95bd06f398702f264f15	docs/spikes/s05-render-observation-evidence/payloads/author/call-027.request.json.gz
100644 blob 5d1d9e75af4e77b60d446d93e2ab058bb18b0bd1	docs/spikes/s05-render-observation-evidence/payloads/author/call-027.response.json.gz
100644 blob e1104fb865d2eaed685f0a768a27026a42415b98	docs/spikes/s05-render-observation-evidence/payloads/author/call-028.request.json.gz
100644 blob 4bc5088bda15779498e0dfdaab2f7ac0bd3f107e	docs/spikes/s05-render-observation-evidence/payloads/author/call-028.response.json.gz
100644 blob c32f9d89317491ac67dddbb70ddf71a150125718	docs/spikes/s05-render-observation-evidence/payloads/author/call-029.request.json.gz
100644 blob 4a50e762e771c1366a775e834f1cb354d3105c1b	docs/spikes/s05-render-observation-evidence/payloads/author/call-029.response.json.gz
100644 blob a3bb2e095471a9d0824d95bd06f398702f264f15	docs/spikes/s05-render-observation-evidence/payloads/author/call-030.request.json.gz
100644 blob 5d1d9e75af4e77b60d446d93e2ab058bb18b0bd1	docs/spikes/s05-render-observation-evidence/payloads/author/call-030.response.json.gz
100644 blob e1104fb865d2eaed685f0a768a27026a42415b98	docs/spikes/s05-render-observation-evidence/payloads/author/call-031.request.json.gz
100644 blob 4bc5088bda15779498e0dfdaab2f7ac0bd3f107e	docs/spikes/s05-render-observation-evidence/payloads/author/call-031.response.json.gz
100644 blob c32f9d89317491ac67dddbb70ddf71a150125718	docs/spikes/s05-render-observation-evidence/payloads/author/call-032.request.json.gz
100644 blob 4a50e762e771c1366a775e834f1cb354d3105c1b	docs/spikes/s05-render-observation-evidence/payloads/author/call-032.response.json.gz
100644 blob 4c4fd64c62f6a59d662a456248053c5cb230fceb	docs/spikes/s05-render-observation-evidence/payloads/author/call-033.request.json.gz
100644 blob 4bd80972c26d27a5d0b87e9758a745e3fa5b9b9e	docs/spikes/s05-render-observation-evidence/payloads/author/call-033.response.json.gz
100644 blob a3bb2e095471a9d0824d95bd06f398702f264f15	docs/spikes/s05-render-observation-evidence/payloads/author/call-034.request.json.gz
100644 blob 353b35ab82e71e12dd4f4ae7e519142a897734c0	docs/spikes/s05-render-observation-evidence/payloads/author/call-034.response.json.gz
100644 blob 3646eb82bc62fd89927e373e7bea393d49449c49	docs/spikes/s05-render-observation-evidence/payloads/author/call-035.request.json.gz
100644 blob 98dd21568a12110f2b149eb6e18d9f06e805c9ef	docs/spikes/s05-render-observation-evidence/payloads/author/call-035.response.json.gz
100644 blob 4c4fd64c62f6a59d662a456248053c5cb230fceb	docs/spikes/s05-render-observation-evidence/payloads/author/call-036.request.json.gz
100644 blob 4bd80972c26d27a5d0b87e9758a745e3fa5b9b9e	docs/spikes/s05-render-observation-evidence/payloads/author/call-036.response.json.gz
100644 blob a3bb2e095471a9d0824d95bd06f398702f264f15	docs/spikes/s05-render-observation-evidence/payloads/author/call-037.request.json.gz
100644 blob 353b35ab82e71e12dd4f4ae7e519142a897734c0	docs/spikes/s05-render-observation-evidence/payloads/author/call-037.response.json.gz
100644 blob 3646eb82bc62fd89927e373e7bea393d49449c49	docs/spikes/s05-render-observation-evidence/payloads/author/call-038.request.json.gz
100644 blob 98dd21568a12110f2b149eb6e18d9f06e805c9ef	docs/spikes/s05-render-observation-evidence/payloads/author/call-038.response.json.gz
100644 blob 4c4fd64c62f6a59d662a456248053c5cb230fceb	docs/spikes/s05-render-observation-evidence/payloads/author/call-039.request.json.gz
100644 blob 4bd80972c26d27a5d0b87e9758a745e3fa5b9b9e	docs/spikes/s05-render-observation-evidence/payloads/author/call-039.response.json.gz
100644 blob 323959273d385a0ac5b18a7d38e79c071d6b3926	docs/spikes/s05-render-observation-evidence/payloads/author/call-040.request.json.gz
100644 blob 1a66f27b51d86428c1003861efe5a83d6189695b	docs/spikes/s05-render-observation-evidence/payloads/author/call-040.response.json.gz
100644 blob b501ffc8f6c57c0a943ec49cae68fe85b2303ba0	docs/spikes/s05-render-observation-evidence/payloads/author/call-041.request.json.gz
100644 blob 583ffc6bb285d984cc3ad48e8986e277342e3c17	docs/spikes/s05-render-observation-evidence/payloads/author/call-041.response.json.gz
100644 blob 36879db41b4e81ed57006315dcb19e2b458e35f6	docs/spikes/s05-render-observation-evidence/payloads/author/call-042.request.json.gz
100644 blob bbb4ade9574c9afd14201145071efb83dbdeaf01	docs/spikes/s05-render-observation-evidence/payloads/author/call-042.response.json.gz
100644 blob 2d30006c09513d2ed40655fd6fba6ebfdc1991d1	docs/spikes/s05-render-observation-evidence/payloads/author/call-043.request.json.gz
100644 blob db3c34febecbdbe371ea03323cc98d03fa38bdfd	docs/spikes/s05-render-observation-evidence/payloads/author/call-043.response.json.gz
100644 blob c5947470232d599f20c1f1f3332f7c49588ae25b	docs/spikes/s05-render-observation-evidence/payloads/author/call-044.request.json.gz
100644 blob a9842ca3a40d1e321f5b5dd7bbec58476e574001	docs/spikes/s05-render-observation-evidence/payloads/author/call-044.response.json.gz
100644 blob 4a43ca14f3f8c858797ba777aa97db443e710bce	docs/spikes/s05-render-observation-evidence/payloads/author/client.mjs.gz
100644 blob 83f8abbc4150f0d06f3ede124a9ee71da8a2257c	docs/spikes/s05-render-observation-evidence/payloads/author/commands-before-engine.json.gz
100644 blob c981d6507af9f7a52c0daf2675d553880d6382a1	docs/spikes/s05-render-observation-evidence/payloads/author/connector.stderr.gz
100644 blob bd84b6488a727d6e6580f42a3b0e5c8f308d8f69	docs/spikes/s05-render-observation-evidence/payloads/author/context.gd.gz
100644 blob e96e567b29033fcb8ff842233fbc22802ffe60d2	docs/spikes/s05-render-observation-evidence/payloads/author/inputs.json.gz
100644 blob 7cca9f5412d824cc09cb7fd73937a664391be5d8	docs/spikes/s05-render-observation-evidence/payloads/author/lifecycle.json.gz
100644 blob 8fdb0454263a56145fcf0147fd3fdd171e4f17b5	docs/spikes/s05-render-observation-evidence/payloads/author/observe.engine.log.gz
100644 blob eb52db25ebf9418adcba892ee664c3f76cc2d981	docs/spikes/s05-render-observation-evidence/payloads/author/observe.stderr.gz
100644 blob bf226d86a3cb2b9f0bbe458e0f4ccc0c48739e4d	docs/spikes/s05-render-observation-evidence/payloads/author/observe.stdout.gz
100644 blob f0099779d67f0f7762907f875c971579d26a4cd3	docs/spikes/s05-render-observation-evidence/payloads/author/requests/001.json.gz
100644 blob 21f51ef1ef357e3588766df66d45acb358c5d4ce	docs/spikes/s05-render-observation-evidence/payloads/author/requests/002.json.gz
100644 blob 5c2777c93628dc232346bc6e6b9399b68ca67ea8	docs/spikes/s05-render-observation-evidence/payloads/author/requests/003.json.gz
100644 blob c71e8bfac357780c50379e63335f0fb95deec109	docs/spikes/s05-render-observation-evidence/payloads/author/requests/004.json.gz
100644 blob 93075ec97766818e92463f9160f1878ded18a6c8	docs/spikes/s05-render-observation-evidence/payloads/author/requests/005.json.gz
100644 blob 5b8b8fd54467262fecce4a60b5dfa1c46de6b48b	docs/spikes/s05-render-observation-evidence/payloads/author/requests/006.json.gz
100644 blob 7473d09be8a948fec414cabd5198f43b1750cda3	docs/spikes/s05-render-observation-evidence/payloads/author/requests/007.json.gz
100644 blob afceef66845b3556f935fbeba9c51b15619e944a	docs/spikes/s05-render-observation-evidence/payloads/author/requests/008.json.gz
100644 blob 8e4616dfe720a18b294938b8bc9f1041947352dc	docs/spikes/s05-render-observation-evidence/payloads/author/requests/009.json.gz
100644 blob 2a7e5963cb8edb9e38df29a0d9a028e8daed2841	docs/spikes/s05-render-observation-evidence/payloads/author/requests/010.json.gz
100644 blob efd8032b1d82280e984000e5f5810a982ff0bbcf	docs/spikes/s05-render-observation-evidence/payloads/author/requests/011.json.gz
100644 blob ddcf4df243ea1efd6247acabf230efee7b498f7e	docs/spikes/s05-render-observation-evidence/payloads/author/requests/012.json.gz
100644 blob 0e17ad5d046380c18500128f78696c48fb3a3d40	docs/spikes/s05-render-observation-evidence/payloads/author/requests/013.json.gz
100644 blob 9d39872c76fcb2d5b70a6c3a9546539c6f26a70a	docs/spikes/s05-render-observation-evidence/payloads/author/requests/014.json.gz
100644 blob 9a0da21fca22076ab12bb751add6a43239563477	docs/spikes/s05-render-observation-evidence/payloads/author/requests/015.json.gz
100644 blob afceef66845b3556f935fbeba9c51b15619e944a	docs/spikes/s05-render-observation-evidence/payloads/author/requests/016.json.gz
100644 blob efd8032b1d82280e984000e5f5810a982ff0bbcf	docs/spikes/s05-render-observation-evidence/payloads/author/requests/017.json.gz
100644 blob 442c313d85c82e9b872529877f65081e82aaf28b	docs/spikes/s05-render-observation-evidence/payloads/author/requests/018.json.gz
100644 blob 5c2777c93628dc232346bc6e6b9399b68ca67ea8	docs/spikes/s05-render-observation-evidence/payloads/author/requests/019.json.gz
100644 blob 50a4368f709b59dc4d4b2042873a02a3294c4f6f	docs/spikes/s05-render-observation-evidence/payloads/author/requests/020.json.gz
100644 blob afceef66845b3556f935fbeba9c51b15619e944a	docs/spikes/s05-render-observation-evidence/payloads/author/requests/021.json.gz
100644 blob efd8032b1d82280e984000e5f5810a982ff0bbcf	docs/spikes/s05-render-observation-evidence/payloads/author/requests/022.json.gz
100644 blob 5c2777c93628dc232346bc6e6b9399b68ca67ea8	docs/spikes/s05-render-observation-evidence/payloads/author/requests/023.json.gz
100644 blob afceef66845b3556f935fbeba9c51b15619e944a	docs/spikes/s05-render-observation-evidence/payloads/author/requests/024.json.gz
100644 blob 5082fea8918d9e17cfd49c8ff3befcf1e11c37ab	docs/spikes/s05-render-observation-evidence/payloads/author/requests/025.json.gz
100644 blob 5c2777c93628dc232346bc6e6b9399b68ca67ea8	docs/spikes/s05-render-observation-evidence/payloads/author/requests/026.json.gz
100644 blob afceef66845b3556f935fbeba9c51b15619e944a	docs/spikes/s05-render-observation-evidence/payloads/author/requests/027.json.gz
100644 blob 5082fea8918d9e17cfd49c8ff3befcf1e11c37ab	docs/spikes/s05-render-observation-evidence/payloads/author/requests/028.json.gz
100644 blob 5c2777c93628dc232346bc6e6b9399b68ca67ea8	docs/spikes/s05-render-observation-evidence/payloads/author/requests/029.json.gz
100644 blob 9d39872c76fcb2d5b70a6c3a9546539c6f26a70a	docs/spikes/s05-render-observation-evidence/payloads/author/requests/030.json.gz
100644 blob afceef66845b3556f935fbeba9c51b15619e944a	docs/spikes/s05-render-observation-evidence/payloads/author/requests/031.json.gz
100644 blob c14df67ad0768bdee8489f16dbf648dc9495de1f	docs/spikes/s05-render-observation-evidence/payloads/author/requests/032.json.gz
100644 blob 9d39872c76fcb2d5b70a6c3a9546539c6f26a70a	docs/spikes/s05-render-observation-evidence/payloads/author/requests/033.json.gz
100644 blob afceef66845b3556f935fbeba9c51b15619e944a	docs/spikes/s05-render-observation-evidence/payloads/author/requests/034.json.gz
100644 blob c14df67ad0768bdee8489f16dbf648dc9495de1f	docs/spikes/s05-render-observation-evidence/payloads/author/requests/035.json.gz
100644 blob 9d39872c76fcb2d5b70a6c3a9546539c6f26a70a	docs/spikes/s05-render-observation-evidence/payloads/author/requests/036.json.gz
100644 blob 6ac002f2a7d66ddd3a135c136371006b53d52b7f	docs/spikes/s05-render-observation-evidence/payloads/author/requests/037.json.gz
100644 blob 2b289c2b81b8c74f030ab3983d0c4263bb4040eb	docs/spikes/s05-render-observation-evidence/payloads/author/requests/038.json.gz
100644 blob c167e6eab7e9389e140e12ddf1da5cfdbd26707b	docs/spikes/s05-render-observation-evidence/payloads/author/requests/039.json.gz
100644 blob 68533191a47f3830264f7075eac54f48dbafcef2	docs/spikes/s05-render-observation-evidence/payloads/author/requests/040.json.gz
100644 blob bf2a9e286a09acb45c2f2865798ce25994b8569e	docs/spikes/s05-render-observation-evidence/payloads/author/requests/041.json.gz
100644 blob 14c64842637249eb4a742569779a28481e88a0f0	docs/spikes/s05-render-observation-evidence/payloads/author/requests/042.json.gz
100644 blob a70198e8aa81b5505ea518be424d2179902822dd	docs/spikes/s05-render-observation-evidence/payloads/author/responses/001.json.gz
100644 blob 80955c0586f31c9bd5d01ea57d2f61236f1adc36	docs/spikes/s05-render-observation-evidence/payloads/author/responses/002.json.gz
100644 blob 7c9ecf7672d8253f95c0fe2bfe6c63a88f62aa3b	docs/spikes/s05-render-observation-evidence/payloads/author/responses/003.json.gz
100644 blob 7a56a034b4f9afd8fa129b7855450a66229def32	docs/spikes/s05-render-observation-evidence/payloads/author/responses/004.json.gz
100644 blob f38411e24a13c5b7d7938ebb9ffba24f4aadc733	docs/spikes/s05-render-observation-evidence/payloads/author/responses/005.json.gz
100644 blob 4a2c8e143acee00854090e6b07f1560c5cde04fb	docs/spikes/s05-render-observation-evidence/payloads/author/responses/006.json.gz
100644 blob 85df3895effca1cd74c6b8a026b945812ec3c74d	docs/spikes/s05-render-observation-evidence/payloads/author/responses/007.json.gz
100644 blob d02e50f69f8b83a42ccf5555eac9583298818a47	docs/spikes/s05-render-observation-evidence/payloads/author/responses/008.json.gz
100644 blob c9e276354d5f9865a1ac4c6caa416b8f864d0dfd	docs/spikes/s05-render-observation-evidence/payloads/author/responses/009.json.gz
100644 blob 8f128116642f12e45653106dc6c7586dbe4112f0	docs/spikes/s05-render-observation-evidence/payloads/author/responses/010.json.gz
100644 blob 6f7f22bd47fbc88654290584fe88459b2fb9c932	docs/spikes/s05-render-observation-evidence/payloads/author/responses/011.json.gz
100644 blob 07cf87b10238286042296b5e7feb41596bf433ed	docs/spikes/s05-render-observation-evidence/payloads/author/responses/012.json.gz
100644 blob 64c8e2db0452a0224b2610510a25f9eaf71d4ce4	docs/spikes/s05-render-observation-evidence/payloads/author/responses/013.json.gz
100644 blob b1c4c7b8996eea7eb9364864e913446254bd7949	docs/spikes/s05-render-observation-evidence/payloads/author/responses/014.json.gz
100644 blob ae0a820b5504d6747189a0783725bfc5bd259ca8	docs/spikes/s05-render-observation-evidence/payloads/author/responses/015.json.gz
100644 blob 917d98294e1ff12fd61bc701b9c73793d8885e7a	docs/spikes/s05-render-observation-evidence/payloads/author/responses/016.json.gz
100644 blob 6f7f22bd47fbc88654290584fe88459b2fb9c932	docs/spikes/s05-render-observation-evidence/payloads/author/responses/017.json.gz
100644 blob fc644168738f155e699ed2613bc45f9c79221d57	docs/spikes/s05-render-observation-evidence/payloads/author/responses/018.json.gz
100644 blob 7c9ecf7672d8253f95c0fe2bfe6c63a88f62aa3b	docs/spikes/s05-render-observation-evidence/payloads/author/responses/019.json.gz
100644 blob bd389150babf5e648284a9e5eb416c276fa0d2d8	docs/spikes/s05-render-observation-evidence/payloads/author/responses/020.json.gz
100644 blob d02e50f69f8b83a42ccf5555eac9583298818a47	docs/spikes/s05-render-observation-evidence/payloads/author/responses/021.json.gz
100644 blob 6f7f22bd47fbc88654290584fe88459b2fb9c932	docs/spikes/s05-render-observation-evidence/payloads/author/responses/022.json.gz
100644 blob 7c9ecf7672d8253f95c0fe2bfe6c63a88f62aa3b	docs/spikes/s05-render-observation-evidence/payloads/author/responses/023.json.gz
100644 blob d02e50f69f8b83a42ccf5555eac9583298818a47	docs/spikes/s05-render-observation-evidence/payloads/author/responses/024.json.gz
100644 blob 81e690cae83db173186d506520b600007f12b189	docs/spikes/s05-render-observation-evidence/payloads/author/responses/025.json.gz
100644 blob 7c9ecf7672d8253f95c0fe2bfe6c63a88f62aa3b	docs/spikes/s05-render-observation-evidence/payloads/author/responses/026.json.gz
100644 blob d02e50f69f8b83a42ccf5555eac9583298818a47	docs/spikes/s05-render-observation-evidence/payloads/author/responses/027.json.gz
100644 blob 81e690cae83db173186d506520b600007f12b189	docs/spikes/s05-render-observation-evidence/payloads/author/responses/028.json.gz
100644 blob 7c9ecf7672d8253f95c0fe2bfe6c63a88f62aa3b	docs/spikes/s05-render-observation-evidence/payloads/author/responses/029.json.gz
100644 blob b1c4c7b8996eea7eb9364864e913446254bd7949	docs/spikes/s05-render-observation-evidence/payloads/author/responses/030.json.gz
100644 blob 917d98294e1ff12fd61bc701b9c73793d8885e7a	docs/spikes/s05-render-observation-evidence/payloads/author/responses/031.json.gz
100644 blob e008f6667c204f739a5b0e8e27957fe3d5909929	docs/spikes/s05-render-observation-evidence/payloads/author/responses/032.json.gz
100644 blob b1c4c7b8996eea7eb9364864e913446254bd7949	docs/spikes/s05-render-observation-evidence/payloads/author/responses/033.json.gz
100644 blob 917d98294e1ff12fd61bc701b9c73793d8885e7a	docs/spikes/s05-render-observation-evidence/payloads/author/responses/034.json.gz
100644 blob e008f6667c204f739a5b0e8e27957fe3d5909929	docs/spikes/s05-render-observation-evidence/payloads/author/responses/035.json.gz
100644 blob b1c4c7b8996eea7eb9364864e913446254bd7949	docs/spikes/s05-render-observation-evidence/payloads/author/responses/036.json.gz
100644 blob 41eefe1262cdee784ab8ffdc9ec5627e0d199a20	docs/spikes/s05-render-observation-evidence/payloads/author/responses/037.json.gz
100644 blob e05fb07e7e741eb1670296fdf47f30c57724bd28	docs/spikes/s05-render-observation-evidence/payloads/author/responses/038.json.gz
100644 blob a504ad8fd5ccc2b21133f09fb106524ed32a717d	docs/spikes/s05-render-observation-evidence/payloads/author/responses/039.json.gz
100644 blob 778374c4890edbf7e63325e89c11616e5cdb47e0	docs/spikes/s05-render-observation-evidence/payloads/author/responses/040.json.gz
100644 blob bc5f8db2ad975da09432d74d4df272151858fc73	docs/spikes/s05-render-observation-evidence/payloads/author/responses/041.json.gz
100644 blob 86e43ea3218b5890302b754bbf8927f94e79f7ee	docs/spikes/s05-render-observation-evidence/payloads/author/supervisor.stderr.gz
100644 blob 9654cb6226356828a60b112ce25df74d17591e6e	docs/spikes/s05-render-observation-evidence/payloads/author/supervisor.stdout.gz
100644 blob d1215755fa97d7f7818ce846063441726b9e206a	docs/spikes/s05-render-observation-evidence/payloads/author/tool-inventory.json.gz
100644 blob 690fa193c969193c4218f4ad8bff0a95fa25b2c9	docs/spikes/s05-render-observation-evidence/payloads/checks/budget-check-initial.py.gz
100644 blob 823dc43f175b78b21a676158e666f39dbe8b514a	docs/spikes/s05-render-observation-evidence/payloads/checks/budget-check-initial.stderr.gz
100644 blob 86e43ea3218b5890302b754bbf8927f94e79f7ee	docs/spikes/s05-render-observation-evidence/payloads/checks/budget-check-initial.stdout.gz
100644 blob 1c940117ec3edcdee68a8cfa2a1e34eb25c05540	docs/spikes/s05-render-observation-evidence/payloads/checks/budget-check.command.json.gz
100644 blob 86e43ea3218b5890302b754bbf8927f94e79f7ee	docs/spikes/s05-render-observation-evidence/payloads/checks/budget-check.stderr.gz
100644 blob f14222127f23e42ec719501f326a29e37a65ae8c	docs/spikes/s05-render-observation-evidence/payloads/checks/budget-check.stdout.gz
100644 blob 86e43ea3218b5890302b754bbf8927f94e79f7ee	docs/spikes/s05-render-observation-evidence/payloads/checks/camera-author.stderr.gz
100644 blob 5483ceeac56b79594b6a272c2bdadddb18692cd0	docs/spikes/s05-render-observation-evidence/payloads/checks/camera-author.stdout.gz
100644 blob 3c4fc1dfb196993bba17f4fa97e1fd94b3c51a21	docs/spikes/s05-render-observation-evidence/payloads/checks/candidate-check.json.gz
100644 blob 3ab5a3bac623f818972d8b741493c420c781d784	docs/spikes/s05-render-observation-evidence/payloads/checks/check-candidate.command.json.gz
100644 blob 86e43ea3218b5890302b754bbf8927f94e79f7ee	docs/spikes/s05-render-observation-evidence/payloads/checks/check-candidate.stderr.gz
100644 blob b715b7e001153ee8275298001e271475c29f8fe8	docs/spikes/s05-render-observation-evidence/payloads/checks/check-candidate.stdout.gz
100644 blob 18f32c6f781d9945c2b7225bf86ed453c367648c	docs/spikes/s05-render-observation-evidence/payloads/checks/diff-check.command.json.gz
100644 blob 86e43ea3218b5890302b754bbf8927f94e79f7ee	docs/spikes/s05-render-observation-evidence/payloads/checks/diff-check.stderr.gz
100644 blob 86e43ea3218b5890302b754bbf8927f94e79f7ee	docs/spikes/s05-render-observation-evidence/payloads/checks/diff-check.stdout.gz
100644 blob 86e43ea3218b5890302b754bbf8927f94e79f7ee	docs/spikes/s05-render-observation-evidence/payloads/checks/engine-help.stderr.gz
100644 blob 3d454c6832ace3ca844eb92e4df2a0fd3cb7e861	docs/spikes/s05-render-observation-evidence/payloads/checks/engine-help.stdout.gz
100644 blob 86e43ea3218b5890302b754bbf8927f94e79f7ee	docs/spikes/s05-render-observation-evidence/payloads/checks/final-static-0.stderr.gz
100644 blob bc209b331948c5818b8778e4b1fa9131068c8487	docs/spikes/s05-render-observation-evidence/payloads/checks/final-static-0.stdout.gz
100644 blob 86e43ea3218b5890302b754bbf8927f94e79f7ee	docs/spikes/s05-render-observation-evidence/payloads/checks/final-static-1.stderr.gz
100644 blob 1cfa0c44b857dc5fb448d27efc2a05aa4877bef2	docs/spikes/s05-render-observation-evidence/payloads/checks/final-static-1.stdout.gz
100644 blob 86e43ea3218b5890302b754bbf8927f94e79f7ee	docs/spikes/s05-render-observation-evidence/payloads/checks/final-static-2.stderr.gz
100644 blob b715b7e001153ee8275298001e271475c29f8fe8	docs/spikes/s05-render-observation-evidence/payloads/checks/final-static-2.stdout.gz
100644 blob 86e43ea3218b5890302b754bbf8927f94e79f7ee	docs/spikes/s05-render-observation-evidence/payloads/checks/final-static-3.stderr.gz
100644 blob 86e43ea3218b5890302b754bbf8927f94e79f7ee	docs/spikes/s05-render-observation-evidence/payloads/checks/final-static-3.stdout.gz
100644 blob 15b6809647604b3bdf73f3f749d568282b66db21	docs/spikes/s05-render-observation-evidence/payloads/checks/final-static-invocation-failed-0.stderr.gz
100644 blob 86e43ea3218b5890302b754bbf8927f94e79f7ee	docs/spikes/s05-render-observation-evidence/payloads/checks/final-static-invocation-failed-0.stdout.gz
100644 blob c82604e2b3aeb7c01155844fb36330778455a409	docs/spikes/s05-render-observation-evidence/payloads/checks/final-static-invocation-failed.py.gz
100644 blob dc77c762dd378f10f506d58f524a1fb9bfde906d	docs/spikes/s05-render-observation-evidence/payloads/checks/final-static-invocation-failed.stderr.gz
100644 blob 86e43ea3218b5890302b754bbf8927f94e79f7ee	docs/spikes/s05-render-observation-evidence/payloads/checks/final-static-invocation-failed.stdout.gz
100644 blob 3c4fc1dfb196993bba17f4fa97e1fd94b3c51a21	docs/spikes/s05-render-observation-evidence/payloads/checks/final-static-observation.json.gz
100644 blob 630e840e266ec00f8c50f81cb1249d40d53c5267	docs/spikes/s05-render-observation-evidence/payloads/checks/final-static.json.gz
100644 blob cd0f836471a702a56cc12d2bf1a0e9d3cfbb0ed3	docs/spikes/s05-render-observation-evidence/payloads/checks/final-static.py.gz
100644 blob 86e43ea3218b5890302b754bbf8927f94e79f7ee	docs/spikes/s05-render-observation-evidence/payloads/checks/final-static.stderr.gz
100644 blob 630e840e266ec00f8c50f81cb1249d40d53c5267	docs/spikes/s05-render-observation-evidence/payloads/checks/final-static.stdout.gz
100644 blob 940148d8bb9f1114105ec72b4ae689dc6e97ad39	docs/spikes/s05-render-observation-evidence/payloads/checks/format-candidate.command.json.gz
100644 blob 86e43ea3218b5890302b754bbf8927f94e79f7ee	docs/spikes/s05-render-observation-evidence/payloads/checks/format-candidate.stderr.gz
100644 blob bc209b331948c5818b8778e4b1fa9131068c8487	docs/spikes/s05-render-observation-evidence/payloads/checks/format-candidate.stdout.gz
100644 blob 07203c6d31c2ca2033ba345f525385f76bcafd10	docs/spikes/s05-render-observation-evidence/payloads/checks/format-final.command.json.gz
100644 blob 86e43ea3218b5890302b754bbf8927f94e79f7ee	docs/spikes/s05-render-observation-evidence/payloads/checks/format-final.stderr.gz
100644 blob bc209b331948c5818b8778e4b1fa9131068c8487	docs/spikes/s05-render-observation-evidence/payloads/checks/format-final.stdout.gz
100644 blob 86e43ea3218b5890302b754bbf8927f94e79f7ee	docs/spikes/s05-render-observation-evidence/payloads/checks/format-initial.stderr.gz
100644 blob b7dc1c20db04aeeb496d37aaa9d7ef37dc8bd91c	docs/spikes/s05-render-observation-evidence/payloads/checks/format-initial.stdout.gz
100644 blob 4f026d08013a88ee47cdeb463be1f977eac57d45	docs/spikes/s05-render-observation-evidence/payloads/checks/lint-candidate.command.json.gz
100644 blob 86e43ea3218b5890302b754bbf8927f94e79f7ee	docs/spikes/s05-render-observation-evidence/payloads/checks/lint-candidate.stderr.gz
100644 blob 1cfa0c44b857dc5fb448d27efc2a05aa4877bef2	docs/spikes/s05-render-observation-evidence/payloads/checks/lint-candidate.stdout.gz
100644 blob e327984949d8cb6d2a6c1f906034e01fa99b6289	docs/spikes/s05-render-observation-evidence/payloads/checks/lint-final.command.json.gz
100644 blob 86e43ea3218b5890302b754bbf8927f94e79f7ee	docs/spikes/s05-render-observation-evidence/payloads/checks/lint-final.stderr.gz
100644 blob 1cfa0c44b857dc5fb448d27efc2a05aa4877bef2	docs/spikes/s05-render-observation-evidence/payloads/checks/lint-final.stdout.gz
100644 blob 8ab95457c8a65c8d28d685d83da91bb013005018	docs/spikes/s05-render-observation-evidence/payloads/checks/lint-initial.stderr.gz
100644 blob 934e8b8e18d33e2dd0728dc3ac092c1053ab3d39	docs/spikes/s05-render-observation-evidence/payloads/checks/lint-initial.stdout.gz
100644 blob eb5cd529c88639b1ac84927e0513cd8cd3f12365	docs/spikes/s05-render-observation-evidence/payloads/checks/observation-check.json.gz
100644 blob 86e43ea3218b5890302b754bbf8927f94e79f7ee	docs/spikes/s05-render-observation-evidence/payloads/checks/observation-check.stderr.gz
100644 blob 79c82bb50921bcdd07e53846c83192502eff5f4b	docs/spikes/s05-render-observation-evidence/payloads/checks/observation-check.stdout.gz
100644 blob a633ee58d3e8d279966be60b68d4a05dcc9b201d	docs/spikes/s05-render-observation-evidence/payloads/checks/observer-script.request.json.gz
100644 blob e8af7ba9d55b6dd5d18caa352a10a741187e4edd	docs/spikes/s05-render-observation-evidence/payloads/checks/old-run04-history.json.gz
100644 blob 29b645009fb0b9ed2743161c649872da6cd3a90a	docs/spikes/s05-render-observation-evidence/payloads/checks/old-run04-history.py.gz
100644 blob 86e43ea3218b5890302b754bbf8927f94e79f7ee	docs/spikes/s05-render-observation-evidence/payloads/checks/old-run04-history.stderr.gz
100644 blob 45fb0d53e9a18c38caf6b49dcb0732ce994fcd4d	docs/spikes/s05-render-observation-evidence/payloads/checks/old-run04-history.stdout.gz
100644 blob 9b04ace48f88097aeb9f206594f9f5e5716fc7bf	docs/spikes/s05-render-observation-evidence/payloads/checks/pre-graphical-check.json.gz
100644 blob 86e43ea3218b5890302b754bbf8927f94e79f7ee	docs/spikes/s05-render-observation-evidence/payloads/checks/pre-graphical-check.stderr.gz
100644 blob c98b7137e7abee60ed23ea2a4024b900ecc19b8f	docs/spikes/s05-render-observation-evidence/payloads/checks/pre-graphical-check.stdout.gz
100644 blob 5b1c27a60592ad98e0b7eaf0431a9782934d696b	docs/spikes/s05-render-observation-evidence/payloads/checks/preparation.json.gz
100644 blob 4f576ebd6e54e54693a558867fbacede4eb3acbd	docs/spikes/s05-render-observation-evidence/payloads/checks/python-static.json.gz
100644 blob 42ec50f5e89d78c25ada6164a179b68cd72517f5	docs/spikes/s05-render-observation-evidence/payloads/checks/roundtrip.json.gz
100644 blob 86e43ea3218b5890302b754bbf8927f94e79f7ee	docs/spikes/s05-render-observation-evidence/payloads/group01-supervisor.stderr.gz
100644 blob dee8ab42c1a39f2a483ffaf25de8b4d6f49decb5	docs/spikes/s05-render-observation-evidence/payloads/group01-supervisor.stdout.gz
100644 blob c9b6aacbdd244401425b77d805ebaa5fc98c8ec2	docs/spikes/s05-render-observation-evidence/payloads/group01/copy-ledger.json.gz
100644 blob 757f7644d39652518e1c4f1da54eb9f7a47758b3	docs/spikes/s05-render-observation-evidence/payloads/group01/host/engine.log.gz
100644 blob 1129471030e53e3596125e2ece1a80a679b2d4b4	docs/spikes/s05-render-observation-evidence/payloads/group01/host/stderr.gz
100644 blob 4e9d8b5350a7863ff4dbae3b28f6649b32e4da07	docs/spikes/s05-render-observation-evidence/payloads/group01/host/stdout.gz
100644 blob dee8ab42c1a39f2a483ffaf25de8b4d6f49decb5	docs/spikes/s05-render-observation-evidence/payloads/group01/lifecycle.json.gz
100644 blob 86e43ea3218b5890302b754bbf8927f94e79f7ee	docs/spikes/s05-render-observation-evidence/payloads/group02-supervisor.stderr.gz
100644 blob 6528f6fead0f5f08e507140a4d4fa517c1cbb00e	docs/spikes/s05-render-observation-evidence/payloads/group02-supervisor.stdout.gz
100644 blob 6078a70c8897b0b7898067e0e6e1575573b1bc7d	docs/spikes/s05-render-observation-evidence/payloads/group02/client/draw.jsonl.gz
100644 blob 89ce537a16464dbd76ecb6f8e0667829b2e548a2	docs/spikes/s05-render-observation-evidence/payloads/group02/client/engine.log.gz
100644 blob 86e43ea3218b5890302b754bbf8927f94e79f7ee	docs/spikes/s05-render-observation-evidence/payloads/group02/client/stderr.gz
100644 blob 89ce537a16464dbd76ecb6f8e0667829b2e548a2	docs/spikes/s05-render-observation-evidence/payloads/group02/client/stdout.gz
100644 blob c9b6aacbdd244401425b77d805ebaa5fc98c8ec2	docs/spikes/s05-render-observation-evidence/payloads/group02/copy-ledger.json.gz
100644 blob e54e719e50696e166238d9511cf5385bd2c94366	docs/spikes/s05-render-observation-evidence/payloads/group02/host/draw.jsonl.gz
100644 blob e09758064abc42f9f290dc34af7d9a3f0df4a597	docs/spikes/s05-render-observation-evidence/payloads/group02/host/engine.log.gz
100644 blob 86e43ea3218b5890302b754bbf8927f94e79f7ee	docs/spikes/s05-render-observation-evidence/payloads/group02/host/stderr.gz
100644 blob e09758064abc42f9f290dc34af7d9a3f0df4a597	docs/spikes/s05-render-observation-evidence/payloads/group02/host/stdout.gz
100644 blob 3a3a76cab1b78f55029896b4713530ebf74918cf	docs/spikes/s05-render-observation-evidence/payloads/group02/late/draw.jsonl.gz
100644 blob 52b82f0fb4ce8efd1318a1e824b2528c068d26a4	docs/spikes/s05-render-observation-evidence/payloads/group02/late/engine.log.gz
100644 blob 86e43ea3218b5890302b754bbf8927f94e79f7ee	docs/spikes/s05-render-observation-evidence/payloads/group02/late/stderr.gz
100644 blob 52b82f0fb4ce8efd1318a1e824b2528c068d26a4	docs/spikes/s05-render-observation-evidence/payloads/group02/late/stdout.gz
100644 blob 6528f6fead0f5f08e507140a4d4fa517c1cbb00e	docs/spikes/s05-render-observation-evidence/payloads/group02/lifecycle.json.gz
100644 blob 41bb97d5ffb2adedcd9391879fa85f74927eff12	docs/spikes/s05-render-observation-evidence/raw-camera-and-review-grant.txt
100644 blob ed2373681994c38c84c8d73e2c3e2a9c4bedc77f	docs/spikes/s05-render-observation-evidence/raw-commission.txt
100644 blob a9bcd919b6c9001335d22db1e0f6f8ae95978f57	docs/spikes/s05-render-observation-evidence/raw-deferred-pause.txt
100644 blob 2612d39b08da1ab346c60f1b0fffdb25028e793c	docs/spikes/s05-render-observation-evidence/raw-main-notification.txt
100644 blob a220597b018d865a4f42e3f0cabc8aa382e1a2e0	docs/spikes/s05-render-observation-evidence/readback.json
100644 blob d115c42ab21e6eca73e953968df8ac54c31070ae	docs/spikes/s05-render-observation.md
100644 blob b08f520e15585c4f5614e7c603d111dba658c621	docs/spikes/s05-saved-presentation-evidence/README.md
100644 blob 4af01e3e621991b68d3dfbe0c4d8d2c864ba3c86	docs/spikes/s05-saved-presentation-evidence/checks/format-final.command.json.gz
100644 blob 86e43ea3218b5890302b754bbf8927f94e79f7ee	docs/spikes/s05-saved-presentation-evidence/checks/format-final.stderr.gz
100644 blob b7a331b8ee64fe435b27b313516ba136a72dbe8f	docs/spikes/s05-saved-presentation-evidence/checks/format-final.stdout.gz
100644 blob 7b9a00a34ea46e59a2c0ea8917f039f6d67e5086	docs/spikes/s05-saved-presentation-evidence/checks/lint-final.command.json.gz
100644 blob 86e43ea3218b5890302b754bbf8927f94e79f7ee	docs/spikes/s05-saved-presentation-evidence/checks/lint-final.stderr.gz
100644 blob 05b503069e1f10e1654bcd6449b42983617f173c	docs/spikes/s05-saved-presentation-evidence/checks/lint-final.stdout.gz
100644 blob bc7634bcba914bfdd154a4dd22a51036de8ae7b8	docs/spikes/s05-saved-presentation-evidence/complete-artifact-set.json
100644 blob bcd599dfc54ba58168a8a6170b5f2479f6a7971a	docs/spikes/s05-saved-presentation-evidence/expected-payload-set.json
100644 blob 11267c49c9e2a1efb186e6bef2c3b82543dba47a	docs/spikes/s05-saved-presentation-evidence/final-mirror-byte-check.json
100644 blob ccfef9e0e38882fd75871927d616b6d0e3d42ab7	docs/spikes/s05-saved-presentation-evidence/network/client/engine.log.gz
100644 blob 86e43ea3218b5890302b754bbf8927f94e79f7ee	docs/spikes/s05-saved-presentation-evidence/network/client/stderr.gz
100644 blob ccfef9e0e38882fd75871927d616b6d0e3d42ab7	docs/spikes/s05-saved-presentation-evidence/network/client/stdout.gz
100644 blob 95066c96a648309c22abc591b237ba710855b3f2	docs/spikes/s05-saved-presentation-evidence/network/host/engine.log.gz
100644 blob 86e43ea3218b5890302b754bbf8927f94e79f7ee	docs/spikes/s05-saved-presentation-evidence/network/host/stderr.gz
100644 blob 95066c96a648309c22abc591b237ba710855b3f2	docs/spikes/s05-saved-presentation-evidence/network/host/stdout.gz
100644 blob 2b97549358b92d0a4dc3f95054b64d1d123e1e01	docs/spikes/s05-saved-presentation-evidence/network/late/engine.log.gz
100644 blob 86e43ea3218b5890302b754bbf8927f94e79f7ee	docs/spikes/s05-saved-presentation-evidence/network/late/stderr.gz
100644 blob 2b97549358b92d0a4dc3f95054b64d1d123e1e01	docs/spikes/s05-saved-presentation-evidence/network/late/stdout.gz
100644 blob 9ebfa07546d16f4b524226654d9d2dc421ac1e1f	docs/spikes/s05-saved-presentation-evidence/network/result.json.gz
100644 blob 052a16e60425e1c3b46fe93411b213944cc58088	docs/spikes/s05-saved-presentation-evidence/normalization-tool-receipt.json
100644 blob a234730a4910066ee663e35487c05fcc646858b6	docs/spikes/s05-saved-presentation-evidence/offline-private-cleanup.json
100644 blob 4d14cc71977a9e818ad688f1b74b9d0abbe02457	docs/spikes/s05-saved-presentation-evidence/offline-registry-gate.json
100644 blob 6ac12db531bcc927584c04088be213bf8940acb2	docs/spikes/s05-saved-presentation-evidence/original-bytes.json
100644 blob 648fa3a3e480ea643012575b0f781dbfa7846974	docs/spikes/s05-saved-presentation-evidence/payload-manifest.json
100644 blob 25c2f0804d547413e49e116c824718c2826509bb	docs/spikes/s05-saved-presentation-evidence/private-aggregate-before-cleanup.json
100644 blob 0773b6e8c4f98aca2e511d6774d08c454bcb83ff	docs/spikes/s05-saved-presentation-evidence/private-cleanup-source.py
100644 blob 2c7c608c5ffe11e7ef0d7ed312db4b28e02d80ed	docs/spikes/s05-saved-presentation-evidence/private-generated-import/s05_explosion_carrier.glb.import
100644 blob 907b401261bfd02bca48672a57faf19aabd7df8a	docs/spikes/s05-saved-presentation-evidence/private-registry-cleanup.json
100644 blob 7d2b4306dee7fee771a9c63ab04e46efa88c5d83	docs/spikes/s05-saved-presentation-evidence/private-saved-root/explosion.tscn
100644 blob 3a9080804f8b37c7be7e74fa05b380ce59fa564f	docs/spikes/s05-saved-presentation-evidence/private-stale-entry-before-cleanup.json
100644 blob ac174428f06e60cd83410f5a8ae7f2f052ff135f	docs/spikes/s05-saved-presentation-evidence/raw-root-requirements-and-grants.json
100644 blob c2f14a496a95cf5e9c1b69dfc5118a4c4555a6b3	docs/spikes/s05-saved-presentation-evidence/recovered-supervisor-tool-results.json
100644 blob 4c7dd51ea92f17b0f71c479a83ef9b2ff02f6f09	docs/spikes/s05-saved-presentation-evidence/retain-run04-source.py
100644 blob 00c459452abcbeef4e2fec15a0ec011b67a746a4	docs/spikes/s05-saved-presentation-evidence/run01/call-001.request.json
100644 blob 895379a503a4ef64eeabf703b9ffce0ca430d1ed	docs/spikes/s05-saved-presentation-evidence/run01/call-001.response.json
100644 blob e8173e970075bde9f8fe67874307c80386bb8eac	docs/spikes/s05-saved-presentation-evidence/run01/call-002.request.json
100644 blob abdf2700144888c18cea9cc066fbe5cfe9b257e8	docs/spikes/s05-saved-presentation-evidence/run01/call-002.response.json
100644 blob fdf231db77a41d53c3ef8799d339d8c29108904c	docs/spikes/s05-saved-presentation-evidence/run01/call-003.request.json
100644 blob efcc05e1366bb697391de796821166892c9f6f9e	docs/spikes/s05-saved-presentation-evidence/run01/call-003.response.json
100644 blob 74274564556f4157cc7b394d1b39ad400d603ea3	docs/spikes/s05-saved-presentation-evidence/run01/call-004.request.json
100644 blob 4bd1297516402ff3a7414cdba3041985c9836129	docs/spikes/s05-saved-presentation-evidence/run01/call-004.response.json
100644 blob 43ec3b0625d64e7495387cc9c9e389a672e87bec	docs/spikes/s05-saved-presentation-evidence/run01/call-005.request.json
100644 blob e073e00f9d1d147dc1dc830a4f37f7d10f4c710a	docs/spikes/s05-saved-presentation-evidence/run01/call-005.response.json
100644 blob 296b41e20eb420339029336e97e1e7a4d1bace9c	docs/spikes/s05-saved-presentation-evidence/run01/call-006.request.json
100644 blob b420557c8edffa81ebb9f29bcf5222a593aeef9e	docs/spikes/s05-saved-presentation-evidence/run01/call-006.response.json
100644 blob d0388c834639c5223c3b1c64bc613ed9f0c16895	docs/spikes/s05-saved-presentation-evidence/run01/call-007.request.json
100644 blob da73b31ee0aab46f05e0598762d776051d228013	docs/spikes/s05-saved-presentation-evidence/run01/call-007.response.json
100644 blob 77b8a0158e17d2946e9ce486a94d90b71de91aaf	docs/spikes/s05-saved-presentation-evidence/run01/call-008.request.json
100644 blob ea3c25deacfd9d163f5f5d6727f2b59f267e41a6	docs/spikes/s05-saved-presentation-evidence/run01/call-008.response.json
100644 blob f8b2e39425668d4d76b4a5f312804cf93cf14c3e	docs/spikes/s05-saved-presentation-evidence/run01/call.py
100644 blob 0422fd09c8dd3d536899e4d52d1068b5a90b202e	docs/spikes/s05-saved-presentation-evidence/run01/client.mjs
100644 blob 7195b213ec4d20441320f5b4ec201a3dd9a6e98b	docs/spikes/s05-saved-presentation-evidence/run01/commands-before-engine.json
100644 blob 9c2caf428da340495ab0c36f1f6fd59c48f495b0	docs/spikes/s05-saved-presentation-evidence/run01/connector.stderr
100644 blob 1fe7b82d71c2df9d5bc4250f29be310867f3e8c7	docs/spikes/s05-saved-presentation-evidence/run01/context.gd
100644 blob 2720fafff913e01a23aa2068a18793c91bf28425	docs/spikes/s05-saved-presentation-evidence/run01/initialize.engine.log
100644 blob cf9b408e380e696dc1709bf53c5ed0131d3ce50c	docs/spikes/s05-saved-presentation-evidence/run01/initialize.stderr
100644 blob 7e42b20ccdf6c1fbb485ba6678025c61c8ba5ead	docs/spikes/s05-saved-presentation-evidence/run01/initialize.stdout
100644 blob 809d4eb465c50eb5ec94d552fb7349f7fbd6a9c0	docs/spikes/s05-saved-presentation-evidence/run01/inputs.json
100644 blob ec35c65e1832df0aa4c884dfd547e8b00d06fdc3	docs/spikes/s05-saved-presentation-evidence/run01/lifecycle.json
100644 blob 1badc0ff74a943d9c4a3c5287d0f8a283e594cd9	docs/spikes/s05-saved-presentation-evidence/run01/observe.engine.log
100644 blob ef013ee1b245e79c59bbbb0c01eaecbbcf1a5319	docs/spikes/s05-saved-presentation-evidence/run01/observe.stderr
100644 blob 5053fc54c5281c09a913f3f6e79946c21593d2ba	docs/spikes/s05-saved-presentation-evidence/run01/observe.stdout
100644 blob 11267c49c9e2a1efb186e6bef2c3b82543dba47a	docs/spikes/s05-saved-presentation-evidence/run01/poststop-inputs.json
100644 blob 24c7b244495fff311c6fa85e4e2b072ee229d234	docs/spikes/s05-saved-presentation-evidence/run01/tool-inventory.json
100644 blob 33cabb6337f6a2169fd4a6e1122f93ca500db696	docs/spikes/s05-saved-presentation-evidence/run02/commands-before-engine.json
100644 blob 1fe7b82d71c2df9d5bc4250f29be310867f3e8c7	docs/spikes/s05-saved-presentation-evidence/run02/context.gd
100644 blob 41d70c05cc560f269040bff6117c3db9c24f6189	docs/spikes/s05-saved-presentation-evidence/run02/lifecycle.json
100644 blob 006dfc874b4e0ffff2953718aa606715a47f42b5	docs/spikes/s05-saved-presentation-evidence/run02/observe.engine.log
100644 blob e69de29bb2d1d6434b8b29ae775ad8c2e48c5391	docs/spikes/s05-saved-presentation-evidence/run02/observe.stderr
100644 blob 244c5470af68f53937b6566febcc84a764f3487b	docs/spikes/s05-saved-presentation-evidence/run02/observe.stdout
100644 blob 00c459452abcbeef4e2fec15a0ec011b67a746a4	docs/spikes/s05-saved-presentation-evidence/run03/call-001.request.json
100644 blob 40c06646139551e436828ee277b1d69647b428a5	docs/spikes/s05-saved-presentation-evidence/run03/call-001.response.json
100644 blob e8173e970075bde9f8fe67874307c80386bb8eac	docs/spikes/s05-saved-presentation-evidence/run03/call-002.request.json
100644 blob e8a22ea91374af8c85ac32d31fb888335189fa9b	docs/spikes/s05-saved-presentation-evidence/run03/call-002.response.json
100644 blob 0422fd09c8dd3d536899e4d52d1068b5a90b202e	docs/spikes/s05-saved-presentation-evidence/run03/client.mjs
100644 blob 4b5817abbdb10b86223030f435f1c4f59be50ab9	docs/spikes/s05-saved-presentation-evidence/run03/commands-before-engine.json
100644 blob 6a70e0713093bc105e21f8f0cae0bba60d8dcedc	docs/spikes/s05-saved-presentation-evidence/run03/connector.stderr
100644 blob 1fe7b82d71c2df9d5bc4250f29be310867f3e8c7	docs/spikes/s05-saved-presentation-evidence/run03/context.gd
100644 blob ab233503f206cfe03bcaf1bdf661be50376e306b	docs/spikes/s05-saved-presentation-evidence/run03/lifecycle.json
100644 blob 7cf3ca028c1dd271d76688999f2a72c169d467b2	docs/spikes/s05-saved-presentation-evidence/run03/observe.engine.log
100644 blob c29cb7752fdd1ef2f77dd8c4f9f28355ea1f22b2	docs/spikes/s05-saved-presentation-evidence/run03/observe.stderr
100644 blob d827a58b5602b22f2d85b4a472bf1c848f21adaa	docs/spikes/s05-saved-presentation-evidence/run03/observe.stdout
100644 blob 26fd07bd1d0e0b0a52dad19132b5ffb44054a384	docs/spikes/s05-saved-presentation-evidence/run04-expected-set.json
100644 blob d8117801fa141c5df2f5e1f71a075e58094cb939	docs/spikes/s05-saved-presentation-evidence/run04-final-mirror-preservation.json
100644 blob 50c77fb86721f19934068ba701ca01e0910093fe	docs/spikes/s05-saved-presentation-evidence/run04-manifest.json
100644 blob 39fd88fbb04237e03671d54e4d06a685d98bdc60	docs/spikes/s05-saved-presentation-evidence/run04-recovered-tool-results.json
100644 blob f9351ec2c0b65b7f4624c8304d286f6ffda03be9	docs/spikes/s05-saved-presentation-evidence/run04-supplemental-root-steering.json
100644 blob e69e4e61312971ddc1dd40fc0a97f43970e9f2e6	docs/spikes/s05-saved-presentation-evidence/run04/author_batch.py.gz
100644 blob bb5b02cf57a7f39d0d0e7ef0a7118c9439d56340	docs/spikes/s05-saved-presentation-evidence/run04/call-001.request.json.gz
100644 blob 44f4d7a17064bd883f58758f1a8a49dc49abbb30	docs/spikes/s05-saved-presentation-evidence/run04/call-001.response.json.gz
100644 blob 86d8279257f29c92abba01599eff4a375c997160	docs/spikes/s05-saved-presentation-evidence/run04/call-002.request.json.gz
100644 blob 7074c52fa1d467771de4c538071fae09f577b7b4	docs/spikes/s05-saved-presentation-evidence/run04/call-002.response.json.gz
100644 blob e59abefdd406a1c2391f4813a11c65cb055c7313	docs/spikes/s05-saved-presentation-evidence/run04/call-003.request.json.gz
100644 blob 7ad4d7279a26fd124263ed3dde3f96b363c5b8a6	docs/spikes/s05-saved-presentation-evidence/run04/call-003.response.json.gz
100644 blob cc499c5bc7d9e197e465a55459907810f0ff7d85	docs/spikes/s05-saved-presentation-evidence/run04/call-004.request.json.gz
100644 blob a3b965ec7e8028568641b3df5125fe515058b583	docs/spikes/s05-saved-presentation-evidence/run04/call-004.response.json.gz
100644 blob 00f7bc5d0414f7af2f3675bc141138ccce8f1106	docs/spikes/s05-saved-presentation-evidence/run04/call-005.request.json.gz
100644 blob efc62dd34afdf98cf9a2996dc5c1125877f5dde4	docs/spikes/s05-saved-presentation-evidence/run04/call-005.response.json.gz
100644 blob e5d31c75774c0a0292189cbda59b1b1eeff6f221	docs/spikes/s05-saved-presentation-evidence/run04/call-006.request.json.gz
100644 blob 4959484906e7a388ff7b8ee9909bc98eb168319a	docs/spikes/s05-saved-presentation-evidence/run04/call-006.response.json.gz
100644 blob a29f485204121f1ffb12e7263138c58095467f8b	docs/spikes/s05-saved-presentation-evidence/run04/call-007.request.json.gz
100644 blob 5c783012d1667f8741fdafe349433831f58a8207	docs/spikes/s05-saved-presentation-evidence/run04/call-007.response.json.gz
100644 blob ff771653566d709f3c0bb39440ee69a8de35b4b6	docs/spikes/s05-saved-presentation-evidence/run04/call-008.request.json.gz
100644 blob 48a327765bd61bb8da5339495d87223b004ae8fc	docs/spikes/s05-saved-presentation-evidence/run04/call-008.response.json.gz
100644 blob 9a45e93acd35fda9aaec67995ad0c9b7bfbec38c	docs/spikes/s05-saved-presentation-evidence/run04/call-009.request.json.gz
100644 blob fe10d571a782c1357f7015bf26a225fa6956ce86	docs/spikes/s05-saved-presentation-evidence/run04/call-009.response.json.gz
100644 blob 3aa0fe36526c6631a448e097b5f43698838af84e	docs/spikes/s05-saved-presentation-evidence/run04/call-010.request.json.gz
100644 blob 21be9d60b5e326877150e6be697642095500d158	docs/spikes/s05-saved-presentation-evidence/run04/call-010.response.json.gz
100644 blob a3bb2e095471a9d0824d95bd06f398702f264f15	docs/spikes/s05-saved-presentation-evidence/run04/call-011.request.json.gz
100644 blob a5fe3c15d5ed7612aebcb1152fea5ae139bde259	docs/spikes/s05-saved-presentation-evidence/run04/call-011.response.json.gz
100644 blob 5fad10a0addc5edf36eb0e2ce2e237c63dd6129d	docs/spikes/s05-saved-presentation-evidence/run04/call-012.request.json.gz
100644 blob bce3bf650bc9e254b93d6425a00b39408ab0a0e9	docs/spikes/s05-saved-presentation-evidence/run04/call-012.response.json.gz
100644 blob a3bb2e095471a9d0824d95bd06f398702f264f15	docs/spikes/s05-saved-presentation-evidence/run04/call-013.request.json.gz
100644 blob a5fe3c15d5ed7612aebcb1152fea5ae139bde259	docs/spikes/s05-saved-presentation-evidence/run04/call-013.response.json.gz
100644 blob 398cca0b48098b7cc3058e3f08751b19d16b95ed	docs/spikes/s05-saved-presentation-evidence/run04/call-014.request.json.gz
100644 blob bb6775e27cffcc5970855caa5c5b77458e07f689	docs/spikes/s05-saved-presentation-evidence/run04/call-014.response.json.gz
100644 blob 9a45e93acd35fda9aaec67995ad0c9b7bfbec38c	docs/spikes/s05-saved-presentation-evidence/run04/call-015.request.json.gz
100644 blob fe10d571a782c1357f7015bf26a225fa6956ce86	docs/spikes/s05-saved-presentation-evidence/run04/call-015.response.json.gz
100644 blob f8cbd167b0a3038237b1178108534acb19c5fbb8	docs/spikes/s05-saved-presentation-evidence/run04/call-016.request.json.gz
100644 blob 47f310e3f4e8cafccf779371ff6f2409b53ac513	docs/spikes/s05-saved-presentation-evidence/run04/call-016.response.json.gz
100644 blob a3bb2e095471a9d0824d95bd06f398702f264f15	docs/spikes/s05-saved-presentation-evidence/run04/call-017.request.json.gz
100644 blob a5fe3c15d5ed7612aebcb1152fea5ae139bde259	docs/spikes/s05-saved-presentation-evidence/run04/call-017.response.json.gz
100644 blob 2eb58a0960d5629cd0205be60088e4b1913bfcf9	docs/spikes/s05-saved-presentation-evidence/run04/call-018.request.json.gz
100644 blob c8934ab4389969b3460c03b89a817c84d7814f38	docs/spikes/s05-saved-presentation-evidence/run04/call-018.response.json.gz
100644 blob ccd38129438f92642def1d0d9ca24285aa27add1	docs/spikes/s05-saved-presentation-evidence/run04/call-019.request.json.gz
100644 blob 17329bc9f5000898e593c22123d65a8a55fae1a6	docs/spikes/s05-saved-presentation-evidence/run04/call-019.response.json.gz
100644 blob a3bb2e095471a9d0824d95bd06f398702f264f15	docs/spikes/s05-saved-presentation-evidence/run04/call-020.request.json.gz
100644 blob a5fe3c15d5ed7612aebcb1152fea5ae139bde259	docs/spikes/s05-saved-presentation-evidence/run04/call-020.response.json.gz
100644 blob 96c4bc650efe0c8ec6e92eb4b2426b62c6e2b3c2	docs/spikes/s05-saved-presentation-evidence/run04/call-021.request.json.gz
100644 blob 0e033a0667cfb1fa56989132781b7b78d1b34898	docs/spikes/s05-saved-presentation-evidence/run04/call-021.response.json.gz
100644 blob 2b5f6853a6e9e95b836cf8e6912acbe893c89237	docs/spikes/s05-saved-presentation-evidence/run04/call-022.request.json.gz
100644 blob e874255422669d02c030cb2d9ee14061391b7f1c	docs/spikes/s05-saved-presentation-evidence/run04/call-022.response.json.gz
100644 blob c1398316e0488df8c4bdd55ce47c6cfe815a52bf	docs/spikes/s05-saved-presentation-evidence/run04/call-023.request.json.gz
100644 blob 051a14b8522d147008959722cf78628bf7875316	docs/spikes/s05-saved-presentation-evidence/run04/call-023.response.json.gz
100644 blob 66724e71746a722f26ab72d357ada7b4c1c74c5f	docs/spikes/s05-saved-presentation-evidence/run04/call-024.request.json.gz
100644 blob e38b2443062d39ea61a9cd0f1f92946d691ce7a3	docs/spikes/s05-saved-presentation-evidence/run04/call-024.response.json.gz
100644 blob dfa04f53556bf51e92b447653d0cd52b6670bfea	docs/spikes/s05-saved-presentation-evidence/run04/call-025.request.json.gz
100644 blob 8e3ec649a0326ffebd4f3cd75a78ae81ffc1234d	docs/spikes/s05-saved-presentation-evidence/run04/call-025.response.json.gz
100644 blob a3bb2e095471a9d0824d95bd06f398702f264f15	docs/spikes/s05-saved-presentation-evidence/run04/call-026.request.json.gz
100644 blob 1b5551d2cde4925a1e3540a3a43e13dc90a7f255	docs/spikes/s05-saved-presentation-evidence/run04/call-026.response.json.gz
100644 blob 2ff66d3469c73c8c9d21bea5c7b33317d528152e	docs/spikes/s05-saved-presentation-evidence/run04/call-027.request.json.gz
100644 blob dfcdf88d5b32e95ea8f93df973786edcba4b7f5f	docs/spikes/s05-saved-presentation-evidence/run04/call-027.response.json.gz
100644 blob a3bb2e095471a9d0824d95bd06f398702f264f15	docs/spikes/s05-saved-presentation-evidence/run04/call-028.request.json.gz
100644 blob 1b5551d2cde4925a1e3540a3a43e13dc90a7f255	docs/spikes/s05-saved-presentation-evidence/run04/call-028.response.json.gz
100644 blob 78e1df8f8e9985485ac3e06932ff32a70c282cef	docs/spikes/s05-saved-presentation-evidence/run04/call-029.request.json.gz
100644 blob 7ee818940a852433d2ed7c33e061e715fec7896b	docs/spikes/s05-saved-presentation-evidence/run04/call-029.response.json.gz
100644 blob a3bb2e095471a9d0824d95bd06f398702f264f15	docs/spikes/s05-saved-presentation-evidence/run04/call-030.request.json.gz
100644 blob 1b5551d2cde4925a1e3540a3a43e13dc90a7f255	docs/spikes/s05-saved-presentation-evidence/run04/call-030.response.json.gz
100644 blob c78830a239c1a340e1909f09046ed186395d5dcf	docs/spikes/s05-saved-presentation-evidence/run04/call-031.request.json.gz
100644 blob 633d39958c81b5aed7215d4f60e1f46718497be5	docs/spikes/s05-saved-presentation-evidence/run04/call-031.response.json.gz
100644 blob 7415e934be73cce1f61729a04dcbd95af8d8efcc	docs/spikes/s05-saved-presentation-evidence/run04/call-032.request.json.gz
100644 blob ed4f0cb83226419c142d98aeceea8b601efa6a07	docs/spikes/s05-saved-presentation-evidence/run04/call-032.response.json.gz
100644 blob c1398316e0488df8c4bdd55ce47c6cfe815a52bf	docs/spikes/s05-saved-presentation-evidence/run04/call-033.request.json.gz
100644 blob 051a14b8522d147008959722cf78628bf7875316	docs/spikes/s05-saved-presentation-evidence/run04/call-033.response.json.gz
100644 blob 66724e71746a722f26ab72d357ada7b4c1c74c5f	docs/spikes/s05-saved-presentation-evidence/run04/call-034.request.json.gz
100644 blob e38b2443062d39ea61a9cd0f1f92946d691ce7a3	docs/spikes/s05-saved-presentation-evidence/run04/call-034.response.json.gz
100644 blob dfa04f53556bf51e92b447653d0cd52b6670bfea	docs/spikes/s05-saved-presentation-evidence/run04/call-035.request.json.gz
100644 blob 8e3ec649a0326ffebd4f3cd75a78ae81ffc1234d	docs/spikes/s05-saved-presentation-evidence/run04/call-035.response.json.gz
100644 blob a3bb2e095471a9d0824d95bd06f398702f264f15	docs/spikes/s05-saved-presentation-evidence/run04/call-036.request.json.gz
100644 blob f45e06bc0306cfea853c6adcb627c4f6d77102b2	docs/spikes/s05-saved-presentation-evidence/run04/call-036.response.json.gz
100644 blob 2ff66d3469c73c8c9d21bea5c7b33317d528152e	docs/spikes/s05-saved-presentation-evidence/run04/call-037.request.json.gz
100644 blob dfcdf88d5b32e95ea8f93df973786edcba4b7f5f	docs/spikes/s05-saved-presentation-evidence/run04/call-037.response.json.gz
100644 blob a3bb2e095471a9d0824d95bd06f398702f264f15	docs/spikes/s05-saved-presentation-evidence/run04/call-038.request.json.gz
100644 blob f45e06bc0306cfea853c6adcb627c4f6d77102b2	docs/spikes/s05-saved-presentation-evidence/run04/call-038.response.json.gz
100644 blob 78e1df8f8e9985485ac3e06932ff32a70c282cef	docs/spikes/s05-saved-presentation-evidence/run04/call-039.request.json.gz
100644 blob 7ee818940a852433d2ed7c33e061e715fec7896b	docs/spikes/s05-saved-presentation-evidence/run04/call-039.response.json.gz
100644 blob a3bb2e095471a9d0824d95bd06f398702f264f15	docs/spikes/s05-saved-presentation-evidence/run04/call-040.request.json.gz
100644 blob f45e06bc0306cfea853c6adcb627c4f6d77102b2	docs/spikes/s05-saved-presentation-evidence/run04/call-040.response.json.gz
100644 blob da162fea9937e498a916ff76a86ef86a4e5fa54f	docs/spikes/s05-saved-presentation-evidence/run04/call-041.request.json.gz
100644 blob d12a28341b4a2d0898eaaef88baff28cbcae4f67	docs/spikes/s05-saved-presentation-evidence/run04/call-041.response.json.gz
100644 blob 323959273d385a0ac5b18a7d38e79c071d6b3926	docs/spikes/s05-saved-presentation-evidence/run04/call-042.request.json.gz
100644 blob 1a66f27b51d86428c1003861efe5a83d6189695b	docs/spikes/s05-saved-presentation-evidence/run04/call-042.response.json.gz
100644 blob 5fad10a0addc5edf36eb0e2ce2e237c63dd6129d	docs/spikes/s05-saved-presentation-evidence/run04/call-043.request.json.gz
100644 blob bce3bf650bc9e254b93d6425a00b39408ab0a0e9	docs/spikes/s05-saved-presentation-evidence/run04/call-043.response.json.gz
100644 blob a3bb2e095471a9d0824d95bd06f398702f264f15	docs/spikes/s05-saved-presentation-evidence/run04/call-044.request.json.gz
100644 blob 8253b0975eead66e1fd06f21dc6fe214869621e8	docs/spikes/s05-saved-presentation-evidence/run04/call-044.response.json.gz
100644 blob 512c6bdaa5f201dbef6fb97c62e79539ddaacbf2	docs/spikes/s05-saved-presentation-evidence/run04/call-045.request.json.gz
100644 blob e6aab2ecc80f6c37485b8bda019855cc8bdb5415	docs/spikes/s05-saved-presentation-evidence/run04/call-045.response.json.gz
100644 blob 34fab91dcfdc000b54efbe1b9ecdf4c464952607	docs/spikes/s05-saved-presentation-evidence/run04/call-046.request.json.gz
100644 blob 11f377dedfd73f5cdd029b49094c790fab723e6f	docs/spikes/s05-saved-presentation-evidence/run04/call-046.response.json.gz
100644 blob 07e6aeafad0d00b8255fa9af5dad6d29b023a4e1	docs/spikes/s05-saved-presentation-evidence/run04/call-047.request.json.gz
100644 blob 343c9513280d4a98108212953e3d1ba9f386e62d	docs/spikes/s05-saved-presentation-evidence/run04/call-047.response.json.gz
100644 blob 5c9a38a39ff70491c614f58fa08da02a712502f5	docs/spikes/s05-saved-presentation-evidence/run04/call-048.request.json.gz
100644 blob d01d153b202f1a9a3cb27db8cdc9599368c08735	docs/spikes/s05-saved-presentation-evidence/run04/call-048.response.json.gz
100644 blob 01024a689e5d87412cacb4edf5d68c6103688f16	docs/spikes/s05-saved-presentation-evidence/run04/call-049.request.json.gz
100644 blob f66df7f8fbf7caea85529dfe1af0537fef658508	docs/spikes/s05-saved-presentation-evidence/run04/call-049.response.json.gz
100644 blob 890d23d7f4fc6e4fa23b06795e40fc270d84ea8a	docs/spikes/s05-saved-presentation-evidence/run04/call-050.request.json.gz
100644 blob f3ee7642107de1078e6639b98cc339de17904d67	docs/spikes/s05-saved-presentation-evidence/run04/call-050.response.json.gz
100644 blob 9a45e93acd35fda9aaec67995ad0c9b7bfbec38c	docs/spikes/s05-saved-presentation-evidence/run04/call-051.request.json.gz
100644 blob fe10d571a782c1357f7015bf26a225fa6956ce86	docs/spikes/s05-saved-presentation-evidence/run04/call-051.response.json.gz
100644 blob a3bb2e095471a9d0824d95bd06f398702f264f15	docs/spikes/s05-saved-presentation-evidence/run04/call-052.request.json.gz
100644 blob a5fe3c15d5ed7612aebcb1152fea5ae139bde259	docs/spikes/s05-saved-presentation-evidence/run04/call-052.response.json.gz
100644 blob 398cca0b48098b7cc3058e3f08751b19d16b95ed	docs/spikes/s05-saved-presentation-evidence/run04/call-053.request.json.gz
100644 blob bb6775e27cffcc5970855caa5c5b77458e07f689	docs/spikes/s05-saved-presentation-evidence/run04/call-053.response.json.gz
100644 blob 9a45e93acd35fda9aaec67995ad0c9b7bfbec38c	docs/spikes/s05-saved-presentation-evidence/run04/call-054.request.json.gz
100644 blob fe10d571a782c1357f7015bf26a225fa6956ce86	docs/spikes/s05-saved-presentation-evidence/run04/call-054.response.json.gz
100644 blob a3bb2e095471a9d0824d95bd06f398702f264f15	docs/spikes/s05-saved-presentation-evidence/run04/call-055.request.json.gz
100644 blob a5fe3c15d5ed7612aebcb1152fea5ae139bde259	docs/spikes/s05-saved-presentation-evidence/run04/call-055.response.json.gz
100644 blob 398cca0b48098b7cc3058e3f08751b19d16b95ed	docs/spikes/s05-saved-presentation-evidence/run04/call-056.request.json.gz
100644 blob bb6775e27cffcc5970855caa5c5b77458e07f689	docs/spikes/s05-saved-presentation-evidence/run04/call-056.response.json.gz
100644 blob 9a45e93acd35fda9aaec67995ad0c9b7bfbec38c	docs/spikes/s05-saved-presentation-evidence/run04/call-057.request.json.gz
100644 blob fe10d571a782c1357f7015bf26a225fa6956ce86	docs/spikes/s05-saved-presentation-evidence/run04/call-057.response.json.gz
100644 blob 2b5f6853a6e9e95b836cf8e6912acbe893c89237	docs/spikes/s05-saved-presentation-evidence/run04/call-058.request.json.gz
100644 blob e874255422669d02c030cb2d9ee14061391b7f1c	docs/spikes/s05-saved-presentation-evidence/run04/call-058.response.json.gz
100644 blob a3bb2e095471a9d0824d95bd06f398702f264f15	docs/spikes/s05-saved-presentation-evidence/run04/call-059.request.json.gz
100644 blob 1b5551d2cde4925a1e3540a3a43e13dc90a7f255	docs/spikes/s05-saved-presentation-evidence/run04/call-059.response.json.gz
100644 blob ee04f59272de375679040fdfe2a0f75db8a017e7	docs/spikes/s05-saved-presentation-evidence/run04/call-060.request.json.gz
100644 blob bc3f533f3b892f3fd6eeafa7dd446a8054079252	docs/spikes/s05-saved-presentation-evidence/run04/call-060.response.json.gz
100644 blob 2b5f6853a6e9e95b836cf8e6912acbe893c89237	docs/spikes/s05-saved-presentation-evidence/run04/call-061.request.json.gz
100644 blob e874255422669d02c030cb2d9ee14061391b7f1c	docs/spikes/s05-saved-presentation-evidence/run04/call-061.response.json.gz
100644 blob a3bb2e095471a9d0824d95bd06f398702f264f15	docs/spikes/s05-saved-presentation-evidence/run04/call-062.request.json.gz
100644 blob 1b5551d2cde4925a1e3540a3a43e13dc90a7f255	docs/spikes/s05-saved-presentation-evidence/run04/call-062.response.json.gz
100644 blob ee04f59272de375679040fdfe2a0f75db8a017e7	docs/spikes/s05-saved-presentation-evidence/run04/call-063.request.json.gz
100644 blob bc3f533f3b892f3fd6eeafa7dd446a8054079252	docs/spikes/s05-saved-presentation-evidence/run04/call-063.response.json.gz
100644 blob 2b5f6853a6e9e95b836cf8e6912acbe893c89237	docs/spikes/s05-saved-presentation-evidence/run04/call-064.request.json.gz
100644 blob e874255422669d02c030cb2d9ee14061391b7f1c	docs/spikes/s05-saved-presentation-evidence/run04/call-064.response.json.gz
100644 blob 512c6bdaa5f201dbef6fb97c62e79539ddaacbf2	docs/spikes/s05-saved-presentation-evidence/run04/call-065.request.json.gz
100644 blob e6aab2ecc80f6c37485b8bda019855cc8bdb5415	docs/spikes/s05-saved-presentation-evidence/run04/call-065.response.json.gz
100644 blob 34fab91dcfdc000b54efbe1b9ecdf4c464952607	docs/spikes/s05-saved-presentation-evidence/run04/call-066.request.json.gz
100644 blob 11f377dedfd73f5cdd029b49094c790fab723e6f	docs/spikes/s05-saved-presentation-evidence/run04/call-066.response.json.gz
100644 blob 07e6aeafad0d00b8255fa9af5dad6d29b023a4e1	docs/spikes/s05-saved-presentation-evidence/run04/call-067.request.json.gz
100644 blob 343c9513280d4a98108212953e3d1ba9f386e62d	docs/spikes/s05-saved-presentation-evidence/run04/call-067.response.json.gz
100644 blob 5c9a38a39ff70491c614f58fa08da02a712502f5	docs/spikes/s05-saved-presentation-evidence/run04/call-068.request.json.gz
100644 blob d01d153b202f1a9a3cb27db8cdc9599368c08735	docs/spikes/s05-saved-presentation-evidence/run04/call-068.response.json.gz
100644 blob 01024a689e5d87412cacb4edf5d68c6103688f16	docs/spikes/s05-saved-presentation-evidence/run04/call-069.request.json.gz
100644 blob 25521b9cfb2bab1595b20c54ca82cac10660af3c	docs/spikes/s05-saved-presentation-evidence/run04/call-069.response.json.gz
100644 blob 890d23d7f4fc6e4fa23b06795e40fc270d84ea8a	docs/spikes/s05-saved-presentation-evidence/run04/call-070.request.json.gz
100644 blob f3ee7642107de1078e6639b98cc339de17904d67	docs/spikes/s05-saved-presentation-evidence/run04/call-070.response.json.gz
100644 blob 9a45e93acd35fda9aaec67995ad0c9b7bfbec38c	docs/spikes/s05-saved-presentation-evidence/run04/call-071.request.json.gz
100644 blob fe10d571a782c1357f7015bf26a225fa6956ce86	docs/spikes/s05-saved-presentation-evidence/run04/call-071.response.json.gz
100644 blob a3bb2e095471a9d0824d95bd06f398702f264f15	docs/spikes/s05-saved-presentation-evidence/run04/call-072.request.json.gz
100644 blob a5fe3c15d5ed7612aebcb1152fea5ae139bde259	docs/spikes/s05-saved-presentation-evidence/run04/call-072.response.json.gz
100644 blob 398cca0b48098b7cc3058e3f08751b19d16b95ed	docs/spikes/s05-saved-presentation-evidence/run04/call-073.request.json.gz
100644 blob bb6775e27cffcc5970855caa5c5b77458e07f689	docs/spikes/s05-saved-presentation-evidence/run04/call-073.response.json.gz
100644 blob 9a45e93acd35fda9aaec67995ad0c9b7bfbec38c	docs/spikes/s05-saved-presentation-evidence/run04/call-074.request.json.gz
100644 blob fe10d571a782c1357f7015bf26a225fa6956ce86	docs/spikes/s05-saved-presentation-evidence/run04/call-074.response.json.gz
100644 blob a3bb2e095471a9d0824d95bd06f398702f264f15	docs/spikes/s05-saved-presentation-evidence/run04/call-075.request.json.gz
100644 blob a5fe3c15d5ed7612aebcb1152fea5ae139bde259	docs/spikes/s05-saved-presentation-evidence/run04/call-075.response.json.gz
100644 blob 398cca0b48098b7cc3058e3f08751b19d16b95ed	docs/spikes/s05-saved-presentation-evidence/run04/call-076.request.json.gz
100644 blob bb6775e27cffcc5970855caa5c5b77458e07f689	docs/spikes/s05-saved-presentation-evidence/run04/call-076.response.json.gz
100644 blob 9a45e93acd35fda9aaec67995ad0c9b7bfbec38c	docs/spikes/s05-saved-presentation-evidence/run04/call-077.request.json.gz
100644 blob fe10d571a782c1357f7015bf26a225fa6956ce86	docs/spikes/s05-saved-presentation-evidence/run04/call-077.response.json.gz
100644 blob 2b5f6853a6e9e95b836cf8e6912acbe893c89237	docs/spikes/s05-saved-presentation-evidence/run04/call-078.request.json.gz
100644 blob e874255422669d02c030cb2d9ee14061391b7f1c	docs/spikes/s05-saved-presentation-evidence/run04/call-078.response.json.gz
100644 blob a3bb2e095471a9d0824d95bd06f398702f264f15	docs/spikes/s05-saved-presentation-evidence/run04/call-079.request.json.gz
100644 blob 1b5551d2cde4925a1e3540a3a43e13dc90a7f255	docs/spikes/s05-saved-presentation-evidence/run04/call-079.response.json.gz
100644 blob ee04f59272de375679040fdfe2a0f75db8a017e7	docs/spikes/s05-saved-presentation-evidence/run04/call-080.request.json.gz
100644 blob bc3f533f3b892f3fd6eeafa7dd446a8054079252	docs/spikes/s05-saved-presentation-evidence/run04/call-080.response.json.gz
100644 blob 2b5f6853a6e9e95b836cf8e6912acbe893c89237	docs/spikes/s05-saved-presentation-evidence/run04/call-081.request.json.gz
100644 blob e874255422669d02c030cb2d9ee14061391b7f1c	docs/spikes/s05-saved-presentation-evidence/run04/call-081.response.json.gz
100644 blob a3bb2e095471a9d0824d95bd06f398702f264f15	docs/spikes/s05-saved-presentation-evidence/run04/call-082.request.json.gz
100644 blob 1b5551d2cde4925a1e3540a3a43e13dc90a7f255	docs/spikes/s05-saved-presentation-evidence/run04/call-082.response.json.gz
100644 blob ee04f59272de375679040fdfe2a0f75db8a017e7	docs/spikes/s05-saved-presentation-evidence/run04/call-083.request.json.gz
100644 blob bc3f533f3b892f3fd6eeafa7dd446a8054079252	docs/spikes/s05-saved-presentation-evidence/run04/call-083.response.json.gz
100644 blob 2b5f6853a6e9e95b836cf8e6912acbe893c89237	docs/spikes/s05-saved-presentation-evidence/run04/call-084.request.json.gz
100644 blob e874255422669d02c030cb2d9ee14061391b7f1c	docs/spikes/s05-saved-presentation-evidence/run04/call-084.response.json.gz
100644 blob 7415e934be73cce1f61729a04dcbd95af8d8efcc	docs/spikes/s05-saved-presentation-evidence/run04/call-085.request.json.gz
100644 blob ed4f0cb83226419c142d98aeceea8b601efa6a07	docs/spikes/s05-saved-presentation-evidence/run04/call-085.response.json.gz
100644 blob a3bb2e095471a9d0824d95bd06f398702f264f15	docs/spikes/s05-saved-presentation-evidence/run04/call-086.request.json.gz
100644 blob f45e06bc0306cfea853c6adcb627c4f6d77102b2	docs/spikes/s05-saved-presentation-evidence/run04/call-086.response.json.gz
100644 blob c6c8418231b682824ba6bd15aea239eb700153b9	docs/spikes/s05-saved-presentation-evidence/run04/call-087.request.json.gz
100644 blob 55966c6a9b7123cfd28e0ca7b4b4307a38355dea	docs/spikes/s05-saved-presentation-evidence/run04/call-087.response.json.gz
100644 blob 7415e934be73cce1f61729a04dcbd95af8d8efcc	docs/spikes/s05-saved-presentation-evidence/run04/call-088.request.json.gz
100644 blob ed4f0cb83226419c142d98aeceea8b601efa6a07	docs/spikes/s05-saved-presentation-evidence/run04/call-088.response.json.gz
100644 blob a3bb2e095471a9d0824d95bd06f398702f264f15	docs/spikes/s05-saved-presentation-evidence/run04/call-089.request.json.gz
100644 blob f45e06bc0306cfea853c6adcb627c4f6d77102b2	docs/spikes/s05-saved-presentation-evidence/run04/call-089.response.json.gz
100644 blob c6c8418231b682824ba6bd15aea239eb700153b9	docs/spikes/s05-saved-presentation-evidence/run04/call-090.request.json.gz
100644 blob 55966c6a9b7123cfd28e0ca7b4b4307a38355dea	docs/spikes/s05-saved-presentation-evidence/run04/call-090.response.json.gz
100644 blob 7415e934be73cce1f61729a04dcbd95af8d8efcc	docs/spikes/s05-saved-presentation-evidence/run04/call-091.request.json.gz
100644 blob ed4f0cb83226419c142d98aeceea8b601efa6a07	docs/spikes/s05-saved-presentation-evidence/run04/call-091.response.json.gz
100644 blob 323959273d385a0ac5b18a7d38e79c071d6b3926	docs/spikes/s05-saved-presentation-evidence/run04/call-092.request.json.gz
100644 blob 1a66f27b51d86428c1003861efe5a83d6189695b	docs/spikes/s05-saved-presentation-evidence/run04/call-092.response.json.gz
100644 blob a3bb2e095471a9d0824d95bd06f398702f264f15	docs/spikes/s05-saved-presentation-evidence/run04/call-093.request.json.gz
100644 blob 8253b0975eead66e1fd06f21dc6fe214869621e8	docs/spikes/s05-saved-presentation-evidence/run04/call-093.response.json.gz
100644 blob 599cd4202c744aab9e129c217f14ed3248729608	docs/spikes/s05-saved-presentation-evidence/run04/call-094.request.json.gz
100644 blob 407aca2f6c6acf63d3bb8a9220524ed058b84430	docs/spikes/s05-saved-presentation-evidence/run04/call-094.response.json.gz
100644 blob 323959273d385a0ac5b18a7d38e79c071d6b3926	docs/spikes/s05-saved-presentation-evidence/run04/call-095.request.json.gz
100644 blob 1a66f27b51d86428c1003861efe5a83d6189695b	docs/spikes/s05-saved-presentation-evidence/run04/call-095.response.json.gz
100644 blob a3bb2e095471a9d0824d95bd06f398702f264f15	docs/spikes/s05-saved-presentation-evidence/run04/call-096.request.json.gz
100644 blob 8253b0975eead66e1fd06f21dc6fe214869621e8	docs/spikes/s05-saved-presentation-evidence/run04/call-096.response.json.gz
100644 blob 599cd4202c744aab9e129c217f14ed3248729608	docs/spikes/s05-saved-presentation-evidence/run04/call-097.request.json.gz
100644 blob 407aca2f6c6acf63d3bb8a9220524ed058b84430	docs/spikes/s05-saved-presentation-evidence/run04/call-097.response.json.gz
100644 blob 323959273d385a0ac5b18a7d38e79c071d6b3926	docs/spikes/s05-saved-presentation-evidence/run04/call-098.request.json.gz
100644 blob 1a66f27b51d86428c1003861efe5a83d6189695b	docs/spikes/s05-saved-presentation-evidence/run04/call-098.response.json.gz
100644 blob 323959273d385a0ac5b18a7d38e79c071d6b3926	docs/spikes/s05-saved-presentation-evidence/run04/call-099.request.json.gz
100644 blob 1a66f27b51d86428c1003861efe5a83d6189695b	docs/spikes/s05-saved-presentation-evidence/run04/call-099.response.json.gz
100644 blob d309b4742a5b2f35c2abeffaa2ccbfd6fb7987ae	docs/spikes/s05-saved-presentation-evidence/run04/call-100.request.json.gz
100644 blob e5fb239d1e03c6a701a0e4eb5f6dc4e596fcb32d	docs/spikes/s05-saved-presentation-evidence/run04/call-100.response.json.gz
100644 blob 8c4db592cf3e37eb12c1ae66fbea33c6872aafac	docs/spikes/s05-saved-presentation-evidence/run04/call-101.request.json.gz
100644 blob 657c0710c9d0ba2b3d2da6125999d9e4317134b2	docs/spikes/s05-saved-presentation-evidence/run04/call-101.response.json.gz
100644 blob 249fc9582919cf39dd72f005570c71c0daf6aaa3	docs/spikes/s05-saved-presentation-evidence/run04/call-102.request.json.gz
100644 blob e74eff3b68504f231ed04e2939432790a2c8ee3a	docs/spikes/s05-saved-presentation-evidence/run04/call-102.response.json.gz
100644 blob 2d30006c09513d2ed40655fd6fba6ebfdc1991d1	docs/spikes/s05-saved-presentation-evidence/run04/call-103.request.json.gz
100644 blob f1de78aed17ac76971839c05245d43a890bc7e49	docs/spikes/s05-saved-presentation-evidence/run04/call-103.response.json.gz
100644 blob 507dc042e6606a14cebe5589ac9c97464dd6517e	docs/spikes/s05-saved-presentation-evidence/run04/call-104.request.json.gz
100644 blob 1fcfb65412e7868f481873e2ce9cda0516d99a6e	docs/spikes/s05-saved-presentation-evidence/run04/call-104.response.json.gz
100644 blob a3bb2e095471a9d0824d95bd06f398702f264f15	docs/spikes/s05-saved-presentation-evidence/run04/call-105.request.json.gz
100644 blob 8253b0975eead66e1fd06f21dc6fe214869621e8	docs/spikes/s05-saved-presentation-evidence/run04/call-105.response.json.gz
100644 blob 599cd4202c744aab9e129c217f14ed3248729608	docs/spikes/s05-saved-presentation-evidence/run04/call-106.request.json.gz
100644 blob 407aca2f6c6acf63d3bb8a9220524ed058b84430	docs/spikes/s05-saved-presentation-evidence/run04/call-106.response.json.gz
100644 blob 323959273d385a0ac5b18a7d38e79c071d6b3926	docs/spikes/s05-saved-presentation-evidence/run04/call-107.request.json.gz
100644 blob 1a66f27b51d86428c1003861efe5a83d6189695b	docs/spikes/s05-saved-presentation-evidence/run04/call-107.response.json.gz
100644 blob d309b4742a5b2f35c2abeffaa2ccbfd6fb7987ae	docs/spikes/s05-saved-presentation-evidence/run04/call-108.request.json.gz
100644 blob e5fb239d1e03c6a701a0e4eb5f6dc4e596fcb32d	docs/spikes/s05-saved-presentation-evidence/run04/call-108.response.json.gz
100644 blob 512c6bdaa5f201dbef6fb97c62e79539ddaacbf2	docs/spikes/s05-saved-presentation-evidence/run04/call-109.request.json.gz
100644 blob e6aab2ecc80f6c37485b8bda019855cc8bdb5415	docs/spikes/s05-saved-presentation-evidence/run04/call-109.response.json.gz
100644 blob 34fab91dcfdc000b54efbe1b9ecdf4c464952607	docs/spikes/s05-saved-presentation-evidence/run04/call-110.request.json.gz
100644 blob 11f377dedfd73f5cdd029b49094c790fab723e6f	docs/spikes/s05-saved-presentation-evidence/run04/call-110.response.json.gz
100644 blob 07e6aeafad0d00b8255fa9af5dad6d29b023a4e1	docs/spikes/s05-saved-presentation-evidence/run04/call-111.request.json.gz
100644 blob 343c9513280d4a98108212953e3d1ba9f386e62d	docs/spikes/s05-saved-presentation-evidence/run04/call-111.response.json.gz
100644 blob 5c9a38a39ff70491c614f58fa08da02a712502f5	docs/spikes/s05-saved-presentation-evidence/run04/call-112.request.json.gz
100644 blob d01d153b202f1a9a3cb27db8cdc9599368c08735	docs/spikes/s05-saved-presentation-evidence/run04/call-112.response.json.gz
100644 blob 01024a689e5d87412cacb4edf5d68c6103688f16	docs/spikes/s05-saved-presentation-evidence/run04/call-113.request.json.gz
100644 blob 179930e3a8f07a0cf6a90d693fe601188d0dd4cc	docs/spikes/s05-saved-presentation-evidence/run04/call-113.response.json.gz
100644 blob 890d23d7f4fc6e4fa23b06795e40fc270d84ea8a	docs/spikes/s05-saved-presentation-evidence/run04/call-114.request.json.gz
100644 blob f3ee7642107de1078e6639b98cc339de17904d67	docs/spikes/s05-saved-presentation-evidence/run04/call-114.response.json.gz
100644 blob 9a45e93acd35fda9aaec67995ad0c9b7bfbec38c	docs/spikes/s05-saved-presentation-evidence/run04/call-115.request.json.gz
100644 blob fe10d571a782c1357f7015bf26a225fa6956ce86	docs/spikes/s05-saved-presentation-evidence/run04/call-115.response.json.gz
100644 blob a3bb2e095471a9d0824d95bd06f398702f264f15	docs/spikes/s05-saved-presentation-evidence/run04/call-116.request.json.gz
100644 blob a5fe3c15d5ed7612aebcb1152fea5ae139bde259	docs/spikes/s05-saved-presentation-evidence/run04/call-116.response.json.gz
100644 blob 398cca0b48098b7cc3058e3f08751b19d16b95ed	docs/spikes/s05-saved-presentation-evidence/run04/call-117.request.json.gz
100644 blob bb6775e27cffcc5970855caa5c5b77458e07f689	docs/spikes/s05-saved-presentation-evidence/run04/call-117.response.json.gz
100644 blob 9a45e93acd35fda9aaec67995ad0c9b7bfbec38c	docs/spikes/s05-saved-presentation-evidence/run04/call-118.request.json.gz
100644 blob fe10d571a782c1357f7015bf26a225fa6956ce86	docs/spikes/s05-saved-presentation-evidence/run04/call-118.response.json.gz
100644 blob a3bb2e095471a9d0824d95bd06f398702f264f15	docs/spikes/s05-saved-presentation-evidence/run04/call-119.request.json.gz
100644 blob a5fe3c15d5ed7612aebcb1152fea5ae139bde259	docs/spikes/s05-saved-presentation-evidence/run04/call-119.response.json.gz
100644 blob 398cca0b48098b7cc3058e3f08751b19d16b95ed	docs/spikes/s05-saved-presentation-evidence/run04/call-120.request.json.gz
100644 blob bb6775e27cffcc5970855caa5c5b77458e07f689	docs/spikes/s05-saved-presentation-evidence/run04/call-120.response.json.gz
100644 blob 9a45e93acd35fda9aaec67995ad0c9b7bfbec38c	docs/spikes/s05-saved-presentation-evidence/run04/call-121.request.json.gz
100644 blob fe10d571a782c1357f7015bf26a225fa6956ce86	docs/spikes/s05-saved-presentation-evidence/run04/call-121.response.json.gz
100644 blob 2b5f6853a6e9e95b836cf8e6912acbe893c89237	docs/spikes/s05-saved-presentation-evidence/run04/call-122.request.json.gz
100644 blob e874255422669d02c030cb2d9ee14061391b7f1c	docs/spikes/s05-saved-presentation-evidence/run04/call-122.response.json.gz
100644 blob a3bb2e095471a9d0824d95bd06f398702f264f15	docs/spikes/s05-saved-presentation-evidence/run04/call-123.request.json.gz
100644 blob 1b5551d2cde4925a1e3540a3a43e13dc90a7f255	docs/spikes/s05-saved-presentation-evidence/run04/call-123.response.json.gz
100644 blob ee04f59272de375679040fdfe2a0f75db8a017e7	docs/spikes/s05-saved-presentation-evidence/run04/call-124.request.json.gz
100644 blob bc3f533f3b892f3fd6eeafa7dd446a8054079252	docs/spikes/s05-saved-presentation-evidence/run04/call-124.response.json.gz
100644 blob 2b5f6853a6e9e95b836cf8e6912acbe893c89237	docs/spikes/s05-saved-presentation-evidence/run04/call-125.request.json.gz
100644 blob e874255422669d02c030cb2d9ee14061391b7f1c	docs/spikes/s05-saved-presentation-evidence/run04/call-125.response.json.gz
100644 blob a3bb2e095471a9d0824d95bd06f398702f264f15	docs/spikes/s05-saved-presentation-evidence/run04/call-126.request.json.gz
100644 blob 1b5551d2cde4925a1e3540a3a43e13dc90a7f255	docs/spikes/s05-saved-presentation-evidence/run04/call-126.response.json.gz
100644 blob ee04f59272de375679040fdfe2a0f75db8a017e7	docs/spikes/s05-saved-presentation-evidence/run04/call-127.request.json.gz
100644 blob bc3f533f3b892f3fd6eeafa7dd446a8054079252	docs/spikes/s05-saved-presentation-evidence/run04/call-127.response.json.gz
100644 blob 2b5f6853a6e9e95b836cf8e6912acbe893c89237	docs/spikes/s05-saved-presentation-evidence/run04/call-128.request.json.gz
100644 blob e874255422669d02c030cb2d9ee14061391b7f1c	docs/spikes/s05-saved-presentation-evidence/run04/call-128.response.json.gz
100644 blob 7415e934be73cce1f61729a04dcbd95af8d8efcc	docs/spikes/s05-saved-presentation-evidence/run04/call-129.request.json.gz
100644 blob ed4f0cb83226419c142d98aeceea8b601efa6a07	docs/spikes/s05-saved-presentation-evidence/run04/call-129.response.json.gz
100644 blob a3bb2e095471a9d0824d95bd06f398702f264f15	docs/spikes/s05-saved-presentation-evidence/run04/call-130.request.json.gz
100644 blob f45e06bc0306cfea853c6adcb627c4f6d77102b2	docs/spikes/s05-saved-presentation-evidence/run04/call-130.response.json.gz
100644 blob c6c8418231b682824ba6bd15aea239eb700153b9	docs/spikes/s05-saved-presentation-evidence/run04/call-131.request.json.gz
100644 blob 55966c6a9b7123cfd28e0ca7b4b4307a38355dea	docs/spikes/s05-saved-presentation-evidence/run04/call-131.response.json.gz
100644 blob 7415e934be73cce1f61729a04dcbd95af8d8efcc	docs/spikes/s05-saved-presentation-evidence/run04/call-132.request.json.gz
100644 blob ed4f0cb83226419c142d98aeceea8b601efa6a07	docs/spikes/s05-saved-presentation-evidence/run04/call-132.response.json.gz
100644 blob a3bb2e095471a9d0824d95bd06f398702f264f15	docs/spikes/s05-saved-presentation-evidence/run04/call-133.request.json.gz
100644 blob f45e06bc0306cfea853c6adcb627c4f6d77102b2	docs/spikes/s05-saved-presentation-evidence/run04/call-133.response.json.gz
100644 blob c6c8418231b682824ba6bd15aea239eb700153b9	docs/spikes/s05-saved-presentation-evidence/run04/call-134.request.json.gz
100644 blob 55966c6a9b7123cfd28e0ca7b4b4307a38355dea	docs/spikes/s05-saved-presentation-evidence/run04/call-134.response.json.gz
100644 blob 7415e934be73cce1f61729a04dcbd95af8d8efcc	docs/spikes/s05-saved-presentation-evidence/run04/call-135.request.json.gz
100644 blob ed4f0cb83226419c142d98aeceea8b601efa6a07	docs/spikes/s05-saved-presentation-evidence/run04/call-135.response.json.gz
100644 blob 323959273d385a0ac5b18a7d38e79c071d6b3926	docs/spikes/s05-saved-presentation-evidence/run04/call-136.request.json.gz
100644 blob 1a66f27b51d86428c1003861efe5a83d6189695b	docs/spikes/s05-saved-presentation-evidence/run04/call-136.response.json.gz
100644 blob a3bb2e095471a9d0824d95bd06f398702f264f15	docs/spikes/s05-saved-presentation-evidence/run04/call-137.request.json.gz
100644 blob 8253b0975eead66e1fd06f21dc6fe214869621e8	docs/spikes/s05-saved-presentation-evidence/run04/call-137.response.json.gz
100644 blob 599cd4202c744aab9e129c217f14ed3248729608	docs/spikes/s05-saved-presentation-evidence/run04/call-138.request.json.gz
100644 blob 407aca2f6c6acf63d3bb8a9220524ed058b84430	docs/spikes/s05-saved-presentation-evidence/run04/call-138.response.json.gz
100644 blob 323959273d385a0ac5b18a7d38e79c071d6b3926	docs/spikes/s05-saved-presentation-evidence/run04/call-139.request.json.gz
100644 blob 1a66f27b51d86428c1003861efe5a83d6189695b	docs/spikes/s05-saved-presentation-evidence/run04/call-139.response.json.gz
100644 blob a3bb2e095471a9d0824d95bd06f398702f264f15	docs/spikes/s05-saved-presentation-evidence/run04/call-140.request.json.gz
100644 blob 8253b0975eead66e1fd06f21dc6fe214869621e8	docs/spikes/s05-saved-presentation-evidence/run04/call-140.response.json.gz
100644 blob 599cd4202c744aab9e129c217f14ed3248729608	docs/spikes/s05-saved-presentation-evidence/run04/call-141.request.json.gz
100644 blob 407aca2f6c6acf63d3bb8a9220524ed058b84430	docs/spikes/s05-saved-presentation-evidence/run04/call-141.response.json.gz
100644 blob 323959273d385a0ac5b18a7d38e79c071d6b3926	docs/spikes/s05-saved-presentation-evidence/run04/call-142.request.json.gz
100644 blob 1a66f27b51d86428c1003861efe5a83d6189695b	docs/spikes/s05-saved-presentation-evidence/run04/call-142.response.json.gz
100644 blob 323959273d385a0ac5b18a7d38e79c071d6b3926	docs/spikes/s05-saved-presentation-evidence/run04/call-143.request.json.gz
100644 blob 1a66f27b51d86428c1003861efe5a83d6189695b	docs/spikes/s05-saved-presentation-evidence/run04/call-143.response.json.gz
100644 blob d309b4742a5b2f35c2abeffaa2ccbfd6fb7987ae	docs/spikes/s05-saved-presentation-evidence/run04/call-144.request.json.gz
100644 blob e5fb239d1e03c6a701a0e4eb5f6dc4e596fcb32d	docs/spikes/s05-saved-presentation-evidence/run04/call-144.response.json.gz
100644 blob 8c4db592cf3e37eb12c1ae66fbea33c6872aafac	docs/spikes/s05-saved-presentation-evidence/run04/call-145.request.json.gz
100644 blob 657c0710c9d0ba2b3d2da6125999d9e4317134b2	docs/spikes/s05-saved-presentation-evidence/run04/call-145.response.json.gz
100644 blob 249fc9582919cf39dd72f005570c71c0daf6aaa3	docs/spikes/s05-saved-presentation-evidence/run04/call-146.request.json.gz
100644 blob e74eff3b68504f231ed04e2939432790a2c8ee3a	docs/spikes/s05-saved-presentation-evidence/run04/call-146.response.json.gz
100644 blob 2d30006c09513d2ed40655fd6fba6ebfdc1991d1	docs/spikes/s05-saved-presentation-evidence/run04/call-147.request.json.gz
100644 blob f1de78aed17ac76971839c05245d43a890bc7e49	docs/spikes/s05-saved-presentation-evidence/run04/call-147.response.json.gz
100644 blob 9a45e93acd35fda9aaec67995ad0c9b7bfbec38c	docs/spikes/s05-saved-presentation-evidence/run04/call-148.request.json.gz
100644 blob fe10d571a782c1357f7015bf26a225fa6956ce86	docs/spikes/s05-saved-presentation-evidence/run04/call-148.response.json.gz
100644 blob 21bd5f6de7f369d3f493e6869e9a7dcc71b3be61	docs/spikes/s05-saved-presentation-evidence/run04/call-149.request.json.gz
100644 blob fd3065b81494953752a89267f859a11818e4ee0c	docs/spikes/s05-saved-presentation-evidence/run04/call-149.response.json.gz
100644 blob 24f7e4ddca76698dacc4b5fe3761696b7d68dcfb	docs/spikes/s05-saved-presentation-evidence/run04/call-150.request.json.gz
100644 blob 8303ca2e204a5577109ea661a15a4273d382fdbd	docs/spikes/s05-saved-presentation-evidence/run04/call-150.response.json.gz
100644 blob 323959273d385a0ac5b18a7d38e79c071d6b3926	docs/spikes/s05-saved-presentation-evidence/run04/call-151.request.json.gz
100644 blob 1a66f27b51d86428c1003861efe5a83d6189695b	docs/spikes/s05-saved-presentation-evidence/run04/call-151.response.json.gz
100644 blob 9e3e0ca4b2ab019b1c4c0ec62a9dad5958912239	docs/spikes/s05-saved-presentation-evidence/run04/call-152.request.json.gz
100644 blob 07e7a1355e643d9cd3c4f8402b8ff6c68abde922	docs/spikes/s05-saved-presentation-evidence/run04/call-152.response.json.gz
100644 blob 5c9a38a39ff70491c614f58fa08da02a712502f5	docs/spikes/s05-saved-presentation-evidence/run04/call-153.request.json.gz
100644 blob d01d153b202f1a9a3cb27db8cdc9599368c08735	docs/spikes/s05-saved-presentation-evidence/run04/call-153.response.json.gz
100644 blob b5e4e60fafc77c1369f099fbb88f32a08ac1b707	docs/spikes/s05-saved-presentation-evidence/run04/call-154.request.json.gz
100644 blob f0acfb7b83b09b19af0061d2ae049b93e8070c17	docs/spikes/s05-saved-presentation-evidence/run04/call-154.response.json.gz
100644 blob 323959273d385a0ac5b18a7d38e79c071d6b3926	docs/spikes/s05-saved-presentation-evidence/run04/call-155.request.json.gz
100644 blob 1a66f27b51d86428c1003861efe5a83d6189695b	docs/spikes/s05-saved-presentation-evidence/run04/call-155.response.json.gz
100644 blob 2d30006c09513d2ed40655fd6fba6ebfdc1991d1	docs/spikes/s05-saved-presentation-evidence/run04/call-156.request.json.gz
100644 blob f1de78aed17ac76971839c05245d43a890bc7e49	docs/spikes/s05-saved-presentation-evidence/run04/call-156.response.json.gz
100644 blob 890d23d7f4fc6e4fa23b06795e40fc270d84ea8a	docs/spikes/s05-saved-presentation-evidence/run04/call-157.request.json.gz
100644 blob f3ee7642107de1078e6639b98cc339de17904d67	docs/spikes/s05-saved-presentation-evidence/run04/call-157.response.json.gz
100644 blob c5947470232d599f20c1f1f3332f7c49588ae25b	docs/spikes/s05-saved-presentation-evidence/run04/call-158.request.json.gz
100644 blob a9842ca3a40d1e321f5b5dd7bbec58476e574001	docs/spikes/s05-saved-presentation-evidence/run04/call-158.response.json.gz
100644 blob ebd66e1fd284782752db06aa384049badaa9bc27	docs/spikes/s05-saved-presentation-evidence/run04/call.py.gz
100644 blob 4a43ca14f3f8c858797ba777aa97db443e710bce	docs/spikes/s05-saved-presentation-evidence/run04/client.mjs.gz
100644 blob 3233cf8bdd5f59152ba033a7227127be8074df9c	docs/spikes/s05-saved-presentation-evidence/run04/commands-before-engine.json.gz
100644 blob 6be4d919fb38afa5d32fbfe0e38fd8e1f4e86dde	docs/spikes/s05-saved-presentation-evidence/run04/connector.stderr.gz
100644 blob bd84b6488a727d6e6580f42a3b0e5c8f308d8f69	docs/spikes/s05-saved-presentation-evidence/run04/context.gd.gz
100644 blob c8c19c8eb19793d3d4accae63a1a453ef9537414	docs/spikes/s05-saved-presentation-evidence/run04/fixtures_batch.py.gz
100644 blob c57b49d56eb9ed297c64e71854cfdcfc842be5fc	docs/spikes/s05-saved-presentation-evidence/run04/import-inspection-execute_code.json.gz
100644 blob cf94bb784b17a9e9a1360d5764d5c27561b0d855	docs/spikes/s05-saved-presentation-evidence/run04/import-inspection-node_call_method.json.gz
100644 blob b343d656c00218ebc2aed7a2d1be3f243284ba4a	docs/spikes/s05-saved-presentation-evidence/run04/lifecycle.json.gz
100644 blob 098e16a03b141ade63a50535f216fe5e55ef30a1	docs/spikes/s05-saved-presentation-evidence/run04/observe.engine.log.gz
100644 blob f3fa801f49e42311cd133ef6c32775da40c83222	docs/spikes/s05-saved-presentation-evidence/run04/observe.stderr.gz
100644 blob 11a2c87c54e4f8e6dc05e1b7c0c170c1ee34bf76	docs/spikes/s05-saved-presentation-evidence/run04/observe.stdout.gz
100644 blob 6345a3c559b111d7032191ddaf3f75bce779ded8	docs/spikes/s05-saved-presentation-evidence/run04/resource-check.json.gz
100644 blob d104b2ee1220c91f922374fb5c94f1c2d08ec724	docs/spikes/s05-saved-presentation-evidence/run04/roundtrip.json.gz
100644 blob b3fedbb722bb846c4e07fe4e6cfc28cb8c6f986d	docs/spikes/s05-saved-presentation-evidence/run04/roundtrip_batch.py.gz
100644 blob 0d3f7d0e1696886c963b79942a4327c8d8da9b1f	docs/spikes/s05-saved-presentation-evidence/run04/roundtrip_stable.py.gz
100644 blob 08dd7d7b39b75dbb1a3ea94066830f3371e568e1	docs/spikes/s05-saved-presentation-evidence/supported-private-cleanup-readback.json
100644 blob b31d4f390ee2839480bddea72915aa1fbefc3d69	docs/spikes/s05-saved-presentation-evidence/unexecuted-drafts/editor_probe.gd.draft
100644 blob 1846a2f52f8a6a4d4cbecebf2db1a338bee47bfc	docs/spikes/s05-saved-presentation-evidence/unexecuted-drafts/match.gd.draft
100644 blob 92ffb2b74d9ab5564189a11b51eda5968aa2b942	docs/spikes/s05-saved-presentation-evidence/unexecuted-drafts/presentation.gd.draft
100644 blob b0579a1db361f3b88ef45e17d5af9fcc8433907f	docs/spikes/s05-saved-presentation-evidence/unexecuted-drafts/proof.gd.draft
100644 blob 2ea76f0c9cca26b277b3cb98c99d3ff78bd502bc	docs/spikes/s05-saved-presentation.md
100644 blob ff22cdd8f32bef28e9c9f37fe06a9278e89642f8	docs/spikes/s05-uncapped-effects-evidence/comparator-headless-summary.json
100644 blob e3c678dedddb2e4660338d58b334f8607673bb48	docs/spikes/s05-uncapped-effects-evidence/comparator-headless-trials.jsonl
100644 blob 92463bea4930b9cab990c83e4a7a1ad463c90d96	docs/spikes/s05-uncapped-effects-evidence/comparator-windowed-summary.json
100644 blob 8498b17f8042ba974b7c3ea043bba9aa2b072f4e	docs/spikes/s05-uncapped-effects-evidence/comparator-windowed-trial-01-burst.png
100644 blob dd8001515349fcf5543b577a2444c5ae7af09e65	docs/spikes/s05-uncapped-effects-evidence/comparator-windowed-trials.jsonl
100644 blob 8a8016f30f4435d0551eab2ac0d7f16f23aeefd3	docs/spikes/s05-uncapped-effects-evidence/headless-old-evaluator-failure.json
100644 blob e838eb5d07ed71f62cbba0bdce65c7f567557fb2	docs/spikes/s05-uncapped-effects-evidence/headless-result.json
100644 blob 63bdae6fb01c9ef32acb2a433f4d166ece01cda8	docs/spikes/s05-uncapped-effects-evidence/validation-receipt.json
100644 blob 31d1090c8027adeaf32dd14dbbc0015b0488a465	docs/spikes/s05-uncapped-effects-evidence/validation-script-checks.log
100644 blob 03fea3a00c4e06696210ed4a6f9d8719c18ef48c	docs/spikes/s05-uncapped-effects-evidence/validation-unittest.log
100644 blob c3cb656d9d7fa6d1e8e3d65925baa4918b79d028	docs/spikes/s05-uncapped-effects-evidence/windows-client-burst.png
100644 blob fb759b876f6b467f8373c8cfd57f0b7ea872154f	docs/spikes/s05-uncapped-effects-evidence/windows-draw-result.json
100644 blob e721c26dddd1c6c49f492a5e15b2e2ae810acb0d	docs/spikes/s05-uncapped-effects-evidence/windows-late-hydrated.png
100644 blob 5c79c1e225d3fcf4dc86bb4b774878e02006a62b	docs/spikes/s05-uncapped-effects.md
100644 blob 68e527df7c98adc6baf27f30e20cb95c62727096	docs/spikes/s05-vsync-image-observation-evidence/README.md
100644 blob 1dec38724687fd6406d4220f9d4acd3a38f42501	docs/spikes/s05-vsync-image-observation-evidence/manifest.json
100644 blob f9a2be90446dc9b6230049ae3152371cc93568b4	docs/spikes/s05-vsync-image-observation-evidence/payloads/attempt/copy-ledger.json.gz
100644 blob 69fbc9055821a0fd9440c9d79042f09290cbfc92	docs/spikes/s05-vsync-image-observation-evidence/payloads/attempt/generated-imports.json.gz
100644 blob bc41bc6c77930cc1ae0602df61228b131115ab93	docs/spikes/s05-vsync-image-observation-evidence/payloads/attempt/host/draw.jsonl.gz
100644 blob c11e29553e3647e77cddd8fb323b0fe887582bc2	docs/spikes/s05-vsync-image-observation-evidence/payloads/attempt/host/engine.log.gz
100644 blob 86e43ea3218b5890302b754bbf8927f94e79f7ee	docs/spikes/s05-vsync-image-observation-evidence/payloads/attempt/host/stderr.gz
100644 blob c11e29553e3647e77cddd8fb323b0fe887582bc2	docs/spikes/s05-vsync-image-observation-evidence/payloads/attempt/host/stdout.gz
100644 blob fdb6d1f48e07de0849b81526c43a7388fe5c367d	docs/spikes/s05-vsync-image-observation-evidence/payloads/attempt/import/engine.log.gz
100644 blob 86e43ea3218b5890302b754bbf8927f94e79f7ee	docs/spikes/s05-vsync-image-observation-evidence/payloads/attempt/import/stderr.gz
100644 blob 89261180ca33aa9c441daa5bccbac16f0335845a	docs/spikes/s05-vsync-image-observation-evidence/payloads/attempt/import/stdout.gz
100644 blob 60adb526efc519816a594f2d7101c66a4ae509f4	docs/spikes/s05-vsync-image-observation-evidence/payloads/attempt/lifecycle.json.gz
100644 blob 4c364695a5a1d9eaf7328127e511e1cf54e03668	docs/spikes/s05-vsync-image-observation-evidence/payloads/attempt/project/art/models/spikes/s04_car.glb.gz
100644 blob 51112b22a6f0e2b0cd63a47111496057b577ae3c	docs/spikes/s05-vsync-image-observation-evidence/payloads/attempt/project/art/models/spikes/s04_car.glb.import.gz
100644 blob 750e548781bbd6f8abb317bcd36fa5d61d49e015	docs/spikes/s05-vsync-image-observation-evidence/payloads/attempt/project/art/models/spikes/s04_track.glb.gz
100644 blob 23027fa493dbc6caa5d110c728291b212048bbd3	docs/spikes/s05-vsync-image-observation-evidence/payloads/attempt/project/art/models/spikes/s04_track.glb.import.gz
100644 blob 8455dd06dc5a0682199a5cfba968602489296546	docs/spikes/s05-vsync-image-observation-evidence/payloads/attempt/project/art/models/spikes/s05_explosion_carrier.glb.gz
100644 blob ea80c83ac35802bee8d29d4653cd8c3515682b30	docs/spikes/s05-vsync-image-observation-evidence/payloads/attempt/project/art/models/spikes/s05_explosion_carrier.glb.import.gz
100644 blob 047cbfa01d5eef85896e7252dc44ce4809a1f2b3	docs/spikes/s05-vsync-image-observation-evidence/payloads/attempt/project/generated-imports/.gdignore.gz
100644 blob 9e96f7b4c3f2936beca3ca5f2688d1557c9f3e7d	docs/spikes/s05-vsync-image-observation-evidence/payloads/attempt/project/generated-imports/editor/filesystem_cache10.gz
100644 blob f2232aa6d118bf25863b12eff156957767866764	docs/spikes/s05-vsync-image-observation-evidence/payloads/attempt/project/generated-imports/editor/project_metadata.cfg.gz
100644 blob 412e2e0c1a930015ea6d4fb11e756932dba99e32	docs/spikes/s05-vsync-image-observation-evidence/payloads/attempt/project/generated-imports/editor/s04_car.glb-3f8890a75faed36a9858b2a8d6064953.scn-folding-9a8f1fb8a7b54b14ce6b2d4683ff5d88.cfg.gz
100644 blob 412e2e0c1a930015ea6d4fb11e756932dba99e32	docs/spikes/s05-vsync-image-observation-evidence/payloads/attempt/project/generated-imports/editor/s04_track.glb-32c105f9ee8a1385e3c0770403441b7b.scn-folding-299f006438793ea17ec4860c35781b7e.cfg.gz
100644 blob 412e2e0c1a930015ea6d4fb11e756932dba99e32	docs/spikes/s05-vsync-image-observation-evidence/payloads/attempt/project/generated-imports/editor/s05_explosion_carrier.glb-e270aed4622d29e5b5f9018c27777acf.scn-folding-0a25c55944ef4bda2fda0e5b5bd822d4.cfg.gz
100644 blob 05d8cf96a51d2ad820a580274a47d1746dbdd439	docs/spikes/s05-vsync-image-observation-evidence/payloads/attempt/project/generated-imports/global_script_class_cache.cfg.gz
100644 blob 257800f9a5559bf99fa3e2d0fbe6f6c994b9d3d8	docs/spikes/s05-vsync-image-observation-evidence/payloads/attempt/project/generated-imports/imported/icon.svg-218a8f2b3041327d8a5756f3a245f83b.ctex.gz
100644 blob 9221b49d7bd996899ff7d5dfd458cc964e0d6abf	docs/spikes/s05-vsync-image-observation-evidence/payloads/attempt/project/generated-imports/imported/icon.svg-218a8f2b3041327d8a5756f3a245f83b.md5.gz
100644 blob 3897c9251830937c4be9f9083c1d752598f5c4bb	docs/spikes/s05-vsync-image-observation-evidence/payloads/attempt/project/generated-imports/imported/s04_car.glb-3f8890a75faed36a9858b2a8d6064953.md5.gz
100644 blob a680645557d9573fd7314a35cb1426c590872075	docs/spikes/s05-vsync-image-observation-evidence/payloads/attempt/project/generated-imports/imported/s04_car.glb-3f8890a75faed36a9858b2a8d6064953.scn.gz
100644 blob 233cb64d92ef7d4aee35e7fc3701ce1f3d88e274	docs/spikes/s05-vsync-image-observation-evidence/payloads/attempt/project/generated-imports/imported/s04_track.glb-32c105f9ee8a1385e3c0770403441b7b.md5.gz
100644 blob e895371e23a623faded9ea12f6a5eedbf5be07f5	docs/spikes/s05-vsync-image-observation-evidence/payloads/attempt/project/generated-imports/imported/s04_track.glb-32c105f9ee8a1385e3c0770403441b7b.scn.gz
100644 blob 70ac024d2f3f6b990f388e91bc27f66a33139b3e	docs/spikes/s05-vsync-image-observation-evidence/payloads/attempt/project/generated-imports/imported/s05_explosion_carrier.glb-e270aed4622d29e5b5f9018c27777acf.md5.gz
100644 blob 9e650b7d88c2d8adca07df1922265f1bb6729916	docs/spikes/s05-vsync-image-observation-evidence/payloads/attempt/project/generated-imports/imported/s05_explosion_carrier.glb-e270aed4622d29e5b5f9018c27777acf.scn.gz
100644 blob 75a387bfba42b1306b606afe18d54b2f79bd8463	docs/spikes/s05-vsync-image-observation-evidence/payloads/attempt/project/generated-imports/uid_cache.bin.gz
100644 blob a03a214ecea0be073881c33fe8d5a479c92c0649	docs/spikes/s05-vsync-image-observation-evidence/payloads/attempt/project/icon.svg.gz
100644 blob 1506a7f8d524db10a4eab24429708e4391be7c52	docs/spikes/s05-vsync-image-observation-evidence/payloads/attempt/project/icon.svg.import.gz
100644 blob 7607ccafcd02a96b2c985fdc4e0eec5bd1d9b8f3	docs/spikes/s05-vsync-image-observation-evidence/payloads/attempt/project/project.godot.gz
100644 blob e084b0a0bf8907b5cc031b30f5d79cffb22bc95d	docs/spikes/s05-vsync-image-observation-evidence/payloads/attempt/project/tests/fixtures/s03/boot.tscn.gz
100644 blob 069f07b161dee45ab7df3464d47dd1c479c89b0f	docs/spikes/s05-vsync-image-observation-evidence/payloads/attempt/project/tests/fixtures/s03/entity.gd.gz
100644 blob 4b644570e65a059a8720166d067c6579db0f8192	docs/spikes/s05-vsync-image-observation-evidence/payloads/attempt/project/tests/fixtures/s03/entity.gd.uid.gz
100644 blob c2594c35834be3602cca88235d806e5f131bb217	docs/spikes/s05-vsync-image-observation-evidence/payloads/attempt/project/tests/fixtures/s03/entity.tscn.gz
100644 blob 8f881ca25912301925877e8a485fc251e878122c	docs/spikes/s05-vsync-image-observation-evidence/payloads/attempt/project/tests/fixtures/s03/fake_transport.gd.gz
100644 blob ac3f557f0fa19e15538b7599158d7e58a91275b5	docs/spikes/s05-vsync-image-observation-evidence/payloads/attempt/project/tests/fixtures/s03/fake_transport.gd.uid.gz
100644 blob 518e904459e857d96294f619be690bec2491c0dc	docs/spikes/s05-vsync-image-observation-evidence/payloads/attempt/project/tests/fixtures/s03/local_rig.tscn.gz
100644 blob 1db318f5a72a5d0a4f6b01a1f9f37f6546062525	docs/spikes/s05-vsync-image-observation-evidence/payloads/attempt/project/tests/fixtures/s03/match.gd.gz
100644 blob 704b8089dc16acb60c3d9fd00b59dcc538664c03	docs/spikes/s05-vsync-image-observation-evidence/payloads/attempt/project/tests/fixtures/s03/match.gd.uid.gz
100644 blob 110cceaee25446605b1b3e9a65103a1760ba86e1	docs/spikes/s05-vsync-image-observation-evidence/payloads/attempt/project/tests/fixtures/s03/proof.gd.gz
100644 blob a0a6b201ec1761aabc2b4e6b160d09893bd204f7	docs/spikes/s05-vsync-image-observation-evidence/payloads/attempt/project/tests/fixtures/s03/proof.gd.uid.gz
100644 blob 5af66c0872892e5c6bea351ac174a3a5bebb181a	docs/spikes/s05-vsync-image-observation-evidence/payloads/attempt/project/tests/fixtures/s03/replication.gd.gz
100644 blob 7f8324665772ef80694811769802cdb2d8062529	docs/spikes/s05-vsync-image-observation-evidence/payloads/attempt/project/tests/fixtures/s03/replication.gd.uid.gz
100644 blob ca32b9e57050e7b10cecfb6be4f7bfdd672d9681	docs/spikes/s05-vsync-image-observation-evidence/payloads/attempt/project/tests/fixtures/s03/session.gd.gz
100644 blob 48ee50e6baf8df2ace27d63b30d2040bb6c3b36e	docs/spikes/s05-vsync-image-observation-evidence/payloads/attempt/project/tests/fixtures/s03/session.gd.uid.gz
100644 blob 134b639f725b39ad20018761a54c5f8c4f40a8c3	docs/spikes/s05-vsync-image-observation-evidence/payloads/attempt/project/tests/fixtures/s03/transport.gd.gz
100644 blob 93aa89872316004f557e90ea0876c8118773803a	docs/spikes/s05-vsync-image-observation-evidence/payloads/attempt/project/tests/fixtures/s03/transport.gd.uid.gz
100644 blob 1808d3585cf370f4b8575315f6a554acb67eef02	docs/spikes/s05-vsync-image-observation-evidence/payloads/attempt/project/tests/fixtures/s04/drive_rules.gd.gz
100644 blob 1d07aba481bf4531e69f35df4721e5d99a726b38	docs/spikes/s05-vsync-image-observation-evidence/payloads/attempt/project/tests/fixtures/s04/drive_rules.gd.uid.gz
100644 blob 299fe88fb98de29c80fdecb87318070610c1dd08	docs/spikes/s05-vsync-image-observation-evidence/payloads/attempt/project/tests/fixtures/s04/kinematic.gd.gz
100644 blob 10b9e363a25547e812fe52dc2d7d687dda44ccc0	docs/spikes/s05-vsync-image-observation-evidence/payloads/attempt/project/tests/fixtures/s04/kinematic.gd.uid.gz
100644 blob 49119e32ace9f9e93eb7c083f2c5aa251d5a6c09	docs/spikes/s05-vsync-image-observation-evidence/payloads/attempt/project/tests/fixtures/s04/kinematic.tscn.gz
100644 blob 261a6e63f7e950d2c7a98a3d510c222ae339984c	docs/spikes/s05-vsync-image-observation-evidence/payloads/attempt/project/tests/fixtures/s04/track.tscn.gz
100644 blob 861324408e22686e257781d6b951ee63794c3d2a	docs/spikes/s05-vsync-image-observation-evidence/payloads/attempt/project/tests/fixtures/s05/boot.tscn.gz
100644 blob 9493df3f5965203d8fd45bb3e4b78a81a6443137	docs/spikes/s05-vsync-image-observation-evidence/payloads/attempt/project/tests/fixtures/s05/burst.tscn.gz
100644 blob 20e8a09fd830fbe985b47d80c1d738905bf308bc	docs/spikes/s05-vsync-image-observation-evidence/payloads/attempt/project/tests/fixtures/s05/car.gd.gz
100644 blob 28b2cda88e605413dcbf97a6a9b8966fec40d0f7	docs/spikes/s05-vsync-image-observation-evidence/payloads/attempt/project/tests/fixtures/s05/car.gd.uid.gz
100644 blob b69defe98deb6aa97065435bc0d9ad7b057ac644	docs/spikes/s05-vsync-image-observation-evidence/payloads/attempt/project/tests/fixtures/s05/car.tscn.gz
100644 blob ace195a23eec34c270d5d65b01ee0e64330e1219	docs/spikes/s05-vsync-image-observation-evidence/payloads/attempt/project/tests/fixtures/s05/damage.gd.gz
100644 blob 979adc19d22fe2114d1f6219d0033c2213a2891c	docs/spikes/s05-vsync-image-observation-evidence/payloads/attempt/project/tests/fixtures/s05/damage.gd.uid.gz
100644 blob e9c4db220ed83380123125d9c699899debb2e71e	docs/spikes/s05-vsync-image-observation-evidence/payloads/attempt/project/tests/fixtures/s05/match.gd.gz
100644 blob 5ca6e2ee226849fb2647ea58de350c95902b705e	docs/spikes/s05-vsync-image-observation-evidence/payloads/attempt/project/tests/fixtures/s05/match.gd.uid.gz
100644 blob 22b237b7236865345e01d2c131f99ec32c6b2ec1	docs/spikes/s05-vsync-image-observation-evidence/payloads/attempt/project/tests/fixtures/s05/presentation.gd.gz
100644 blob c807c4e8837e6683cf448b73eee0358411b54fcd	docs/spikes/s05-vsync-image-observation-evidence/payloads/attempt/project/tests/fixtures/s05/presentation.gd.uid.gz
100644 blob 15f0f6f6a0a902f07787a35160d1eddd7a87c4ed	docs/spikes/s05-vsync-image-observation-evidence/payloads/attempt/project/tests/fixtures/s05/proof.gd.gz
100644 blob 2eacf228d8f785e85f6ffb3ced55bb99b2cca7ea	docs/spikes/s05-vsync-image-observation-evidence/payloads/attempt/project/tests/fixtures/s05/proof.gd.uid.gz
100644 blob 9f9d8165f60025aa1ef2ce364efea6abd1e65360	docs/spikes/s05-vsync-image-observation-evidence/payloads/attempt/project/tests/fixtures/s05/replication.gd.gz
100644 blob 1762731ab78c0e6a194a5eae5e263b847d549a0e	docs/spikes/s05-vsync-image-observation-evidence/payloads/attempt/project/tests/fixtures/s05/replication.gd.uid.gz
100644 blob 9dd71f367e83972ddeb5cea3a74ace54270784be	docs/spikes/s05-vsync-image-observation-evidence/payloads/attempt/project/tests/fixtures/s05/session.gd.gz
100644 blob 3c8d4ac55cce3592e54b1260eb4c731a1536077e	docs/spikes/s05-vsync-image-observation-evidence/payloads/attempt/project/tests/fixtures/s05/session.gd.uid.gz
100644 blob 1c2cd87249d57cba046a03a4e39f1c1d718bfecf	docs/spikes/s05-vsync-image-observation-evidence/payloads/attempt/project/tests/fixtures/s05_draw/burst.tscn.gz
100644 blob f9e8f154da9a5ff9d712dd7fc6ed10bb6e875a11	docs/spikes/s05-vsync-image-observation-evidence/payloads/attempt/project/tests/fixtures/s05_draw/camera.tscn.gz
100644 blob 2645b0dfbbc22aea155b71a5d151d5f8213eb068	docs/spikes/s05-vsync-image-observation-evidence/payloads/attempt/project/tests/fixtures/s05_draw/observer.gd.gz
100644 blob 9df309b5410a4f5f10985c1415c461506dd21315	docs/spikes/s05-vsync-image-observation-evidence/payloads/attempt/project/tests/fixtures/s05_draw/observer.gd.uid.gz
100644 blob 0e23607a228a6515587a804b2e9166f1c405967a	docs/spikes/s05-vsync-image-observation-evidence/payloads/attempt/project/tests/fixtures/s05_effect/burst.tscn.gz
100644 blob 53ad0e6d4279b346efaff851047db37edaf9502c	docs/spikes/s05-vsync-image-observation-evidence/payloads/attempt/project/tests/fixtures/s05_effect/explosion.tscn.gz
100644 blob c2b61751980870f14f84fa72200bfd2ec430ddb0	docs/spikes/s05-vsync-image-observation-evidence/payloads/attempt/project/tests/fixtures/s05_effect/match.gd.gz
100644 blob ff499120471320bf75009802798b5a73909c49dc	docs/spikes/s05-vsync-image-observation-evidence/payloads/attempt/project/tests/fixtures/s05_effect/match.gd.uid.gz
100644 blob 4c50643441e4573504090ce886867adebc337a49	docs/spikes/s05-vsync-image-observation-evidence/payloads/attempt/project/tests/fixtures/s05_effect/presentation.gd.gz
100644 blob 52fe32bee65313812ec62d4a2da7682e5167ee07	docs/spikes/s05-vsync-image-observation-evidence/payloads/attempt/project/tests/fixtures/s05_effect/presentation.gd.uid.gz
100644 blob a3a8e1f2d9d8f8b5193216db3523d649b740a78f	docs/spikes/s05-vsync-image-observation-evidence/payloads/attempt/project/tests/fixtures/s05_effect/proof.gd.gz
100644 blob 47e287f7eebad4a4604ae39e6beb11748190799f	docs/spikes/s05-vsync-image-observation-evidence/payloads/attempt/project/tests/fixtures/s05_effect/proof.gd.uid.gz
100644 blob 59214e42384cfc051fc45ee0bc804d3fa0c89777	docs/spikes/s05-vsync-image-observation-evidence/payloads/checks/attempt01.command.json.gz
100644 blob 86e43ea3218b5890302b754bbf8927f94e79f7ee	docs/spikes/s05-vsync-image-observation-evidence/payloads/checks/attempt01.stderr.gz
100644 blob 60adb526efc519816a594f2d7101c66a4ae509f4	docs/spikes/s05-vsync-image-observation-evidence/payloads/checks/attempt01.stdout.gz
100644 blob 0eed4485d4bd0fd50b462bd6442cf59825fa78cc	docs/spikes/s05-vsync-image-observation-evidence/payloads/checks/evaluation01.command.json.gz
100644 blob 0a952af61f7622c7226a39e71d3c1008b7d0af4f	docs/spikes/s05-vsync-image-observation-evidence/payloads/checks/evaluation01.json.gz
100644 blob 86e43ea3218b5890302b754bbf8927f94e79f7ee	docs/spikes/s05-vsync-image-observation-evidence/payloads/checks/evaluation01.stderr.gz
100644 blob 79c51675e9a11244abee471b490c62c050766fd4	docs/spikes/s05-vsync-image-observation-evidence/payloads/checks/evaluation01.stdout.gz
100644 blob 8ff55b0d1630c65cf7bb984daa06327a4ed027dc	docs/spikes/s05-vsync-image-observation-evidence/payloads/checks/format01.command.json.gz
100644 blob 86e43ea3218b5890302b754bbf8927f94e79f7ee	docs/spikes/s05-vsync-image-observation-evidence/payloads/checks/format01.stderr.gz
100644 blob bc209b331948c5818b8778e4b1fa9131068c8487	docs/spikes/s05-vsync-image-observation-evidence/payloads/checks/format01.stdout.gz
100644 blob 62ff7d5e471e23779e44ba8b1b0fafcbb27ef592	docs/spikes/s05-vsync-image-observation-evidence/payloads/checks/offline01.command.json.gz
100644 blob 86e43ea3218b5890302b754bbf8927f94e79f7ee	docs/spikes/s05-vsync-image-observation-evidence/payloads/checks/offline01.stderr.gz
100644 blob a3162e27ef78c152b91c639be6e1d100bf33755c	docs/spikes/s05-vsync-image-observation-evidence/payloads/checks/offline01.stdout.gz
100644 blob 789b1b7847baf3660b0c53e9dfe3c1fdc6c78610	docs/spikes/s05-vsync-image-observation-evidence/payloads/checks/offline02.command.json.gz
100644 blob 86e43ea3218b5890302b754bbf8927f94e79f7ee	docs/spikes/s05-vsync-image-observation-evidence/payloads/checks/offline02.stderr.gz
100644 blob 7e09f8c1f75ba055d517e593faefa8e8abdad324	docs/spikes/s05-vsync-image-observation-evidence/payloads/checks/offline02.stdout.gz
100644 blob b82a4773a04829a9f586028e0cd52e7fee9d9465	docs/spikes/s05-vsync-image-observation-evidence/payloads/checks/offline03-corrected.command.json.gz
100644 blob 86e43ea3218b5890302b754bbf8927f94e79f7ee	docs/spikes/s05-vsync-image-observation-evidence/payloads/checks/offline03-corrected.stderr.gz
100644 blob e8b8d018ebcc13fddf0324a0c05c34a33047672e	docs/spikes/s05-vsync-image-observation-evidence/payloads/checks/offline03-corrected.stdout.gz
100644 blob 863acf612aa830e45190f0d3c4e56f3f2e3f7710	docs/spikes/s05-vsync-image-observation-evidence/payloads/checks/static01.command.json.gz
100644 blob 1fcae60bdb99a87f1d7c7e7c0dffaa751e861a2a	docs/spikes/s05-vsync-image-observation-evidence/payloads/checks/static01.json.gz
100644 blob 86e43ea3218b5890302b754bbf8927f94e79f7ee	docs/spikes/s05-vsync-image-observation-evidence/payloads/checks/static01.stderr.gz
100644 blob 2395bffe98c4a95da90f3b28af0e95892a6c783b	docs/spikes/s05-vsync-image-observation-evidence/payloads/checks/static01.stdout.gz
100644 blob 69a9da3fa4d5d6864dc0c5b815acf2a1fdf08a09	docs/spikes/s05-vsync-image-observation-evidence/payloads/checks/style01.command.json.gz
100644 blob 86e43ea3218b5890302b754bbf8927f94e79f7ee	docs/spikes/s05-vsync-image-observation-evidence/payloads/checks/style01.stderr.gz
100644 blob 1cfa0c44b857dc5fb448d27efc2a05aa4877bef2	docs/spikes/s05-vsync-image-observation-evidence/payloads/checks/style01.stdout.gz
100644 blob fae7a4d6dd5068794ed2b82f2a3132970f2afce1	docs/spikes/s05-vsync-image-observation-evidence/payloads/source-ancestry/art/source/models/spikes/s04_kit.blend.gz
100644 blob 28cf6e604318effade5c9336dff1fc29236556b5	docs/spikes/s05-vsync-image-observation-evidence/payloads/source-ancestry/art/source/models/spikes/s05_explosion_carrier.blend.gz
100644 blob a976c5187f1096b8f4f2da489536f881115ea1b8	docs/spikes/s05-vsync-image-observation-evidence/payloads/sources/corrected-offline/tools/s05_vsync_image/check.py.gz
100644 blob 3088a737b768ee3bda006379e84abc0030dcce22	docs/spikes/s05-vsync-image-observation-evidence/payloads/sources/corrected-offline/tools/s05_vsync_image/record.py.gz
100644 blob eb4a5b0beb2d6178b92eea9d345e89abe412dbcb	docs/spikes/s05-vsync-image-observation-evidence/payloads/sources/corrected-offline/tools/s05_vsync_image/retain.py.gz
100644 blob a6032673cd9de04d41cd59853d4e4c0fa26441e8	docs/spikes/s05-vsync-image-observation-evidence/payloads/sources/corrected-offline/tools/s05_vsync_image/run.py.gz
100644 blob 89e6aa25dde68951c4225418d419b32eeb0dd720	docs/spikes/s05-vsync-image-observation-evidence/payloads/sources/corrected-offline/tools/s05_vsync_image/test_offline.py.gz
100644 blob a976c5187f1096b8f4f2da489536f881115ea1b8	docs/spikes/s05-vsync-image-observation-evidence/payloads/sources/executed/tools/s05_vsync_image/check.py.gz
100644 blob 3088a737b768ee3bda006379e84abc0030dcce22	docs/spikes/s05-vsync-image-observation-evidence/payloads/sources/executed/tools/s05_vsync_image/record.py.gz
100644 blob f0f793d94d8df7ce46564e41a939a903aafb697c	docs/spikes/s05-vsync-image-observation-evidence/payloads/sources/executed/tools/s05_vsync_image/run.py.gz
100644 blob 1e67b7b5845941a91ed94ea8c3dbbcf5acec2b69	docs/spikes/s05-vsync-image-observation-evidence/payloads/sources/executed/tools/s05_vsync_image/test_offline.py.gz
100644 blob 5ebefd011641b8d1248bf3635a5b4c6192ec09fc	docs/spikes/s05-vsync-image-observation-evidence/payloads/sources/recovered-offline01-test_offline.py.gz
100644 blob 815117ee951f84636ed03dd4fe795a5ab5b3c1b2	docs/spikes/s05-vsync-image-observation-evidence/provenance.md
100644 blob 89e665720feb5fda3eec7189b419eb197d3a6c90	docs/spikes/s05-vsync-image-observation-evidence/raw-commission.txt
100644 blob d154ba431d067bd8d606442280fd687e3e408864	docs/spikes/s05-vsync-image-observation-evidence/raw-main-notification.txt
100644 blob c657dafe611ffacbace6502ba101647620ba4b88	docs/spikes/s05-vsync-image-observation-evidence/raw-stop-confirmation.txt
100644 blob 62ebe7af36c4a029b4c3701dab255d9e3cb0c8e7	docs/spikes/s05-vsync-image-observation-evidence/readback.json
100644 blob 482565bd5d52c8a2d7df893ef253bf79ebcdd0a4	docs/spikes/s05-vsync-image-observation.md
100644 blob e721c26dddd1c6c49f492a5e15b2e2ae810acb0d	docs/spikes/s05-windows-draw-evidence/client/baseline.png
100644 blob 4337fba7072a69965d4684a105c621fc62baa069	docs/spikes/s05-windows-draw-evidence/client/burst.png
100644 blob 924aedb353d779a9d6ad711e0df7b499cb618e25	docs/spikes/s05-windows-draw-evidence/client/draw.jsonl
100644 blob e721c26dddd1c6c49f492a5e15b2e2ae810acb0d	docs/spikes/s05-windows-draw-evidence/client/expired.png
100644 blob e69de29bb2d1d6434b8b29ae775ad8c2e48c5391	docs/spikes/s05-windows-draw-evidence/client/stderr
100644 blob 11a6814cc952568afd5ffcaba218ec4c3694d70c	docs/spikes/s05-windows-draw-evidence/client/stdout
100644 blob 47a7ef3bd20d4a5ee8f881b75d1976bb14c0a0c9	docs/spikes/s05-windows-draw-evidence/copy-ledger.json
100644 blob 7f8a9f0f4db1508f40032a7e54b45ff2e3226b60	docs/spikes/s05-windows-draw-evidence/headless-runner/result.json
100644 blob e721c26dddd1c6c49f492a5e15b2e2ae810acb0d	docs/spikes/s05-windows-draw-evidence/host/baseline.png
100644 blob 4337fba7072a69965d4684a105c621fc62baa069	docs/spikes/s05-windows-draw-evidence/host/burst.png
100644 blob 548d3605cb1f3fb9a4ff6d6fdd64ddf915c5f711	docs/spikes/s05-windows-draw-evidence/host/draw.jsonl
100644 blob e721c26dddd1c6c49f492a5e15b2e2ae810acb0d	docs/spikes/s05-windows-draw-evidence/host/expired.png
100644 blob e69de29bb2d1d6434b8b29ae775ad8c2e48c5391	docs/spikes/s05-windows-draw-evidence/host/stderr
100644 blob 2dce0d1b0f356dbc416c4f9adaa09d64b6cafb3b	docs/spikes/s05-windows-draw-evidence/host/stdout
100644 blob e9864daf346ca2f6139a3ff8a55899164642ea9b	docs/spikes/s05-windows-draw-evidence/import.log
100644 blob e721c26dddd1c6c49f492a5e15b2e2ae810acb0d	docs/spikes/s05-windows-draw-evidence/late/baseline.png
100644 blob 637d6edffa05f491401ef04b15e10cdfcfa15a8e	docs/spikes/s05-windows-draw-evidence/late/draw.jsonl
100644 blob e721c26dddd1c6c49f492a5e15b2e2ae810acb0d	docs/spikes/s05-windows-draw-evidence/late/hydrated.png
100644 blob e69de29bb2d1d6434b8b29ae775ad8c2e48c5391	docs/spikes/s05-windows-draw-evidence/late/stderr
100644 blob 36a054a344661d326077467be26f31c7095010e6	docs/spikes/s05-windows-draw-evidence/late/stdout
100644 blob 3f49c1e0c49ffc1fc4c3fa6b1f7f4ba957e9ffde	docs/spikes/s05-windows-draw-evidence/queue-base-failure/result.json
100644 blob 372af8db9e5e916be790645cb8be3fc9b5ffff20	docs/spikes/s05-windows-draw-evidence/queue-base-failure/stdout.log
100644 blob 09b6f10edb198bdb15a76f1e5eb10b3772ad67ad	docs/spikes/s05-windows-draw-evidence/result.json
100644 blob 4337fba7072a69965d4684a105c621fc62baa069	docs/spikes/s05-windows-draw-evidence/run-01-absolute-allowance/client-burst.png
100644 blob 05c539a4d0b9d359d1206f5b47918ec8143768f3	docs/spikes/s05-windows-draw-evidence/run-01-absolute-allowance/result.json
100644 blob 05f9bc4934e2e95c60001c496549f9b7378b83ec	docs/spikes/s05-windows-draw.md
100644 blob eb3562f989f10b1008af1c5bffbae40dfec05af8	docs/spikes/s05.md
100644 blob 643686b8fe49fd6d17e56dcbbcf0b7cdf7d5c830	docs/spikes/s06-contracts.md
100644 blob e69de29bb2d1d6434b8b29ae775ad8c2e48c5391	docs/spikes/s06-evidence/.gdignore
100644 blob 598d7d7f47a617ba4e23c50f19d2492041fc79a5	docs/spikes/s06-evidence/README.md
100644 blob bd863fee61305ac066ac8f93a25aa5536f23c29a	docs/spikes/s06-evidence/accepted-docs-delta.patch
100644 blob f86e5dfbfae47d7c92b98c589fbb2c58f215e249	docs/spikes/s06-evidence/final-source-fingerprints.json
100644 blob d318cac0161dd295d94e0aa947ca051e23b032f5	docs/spikes/s06-evidence/manifest.json
100644 blob 2322e3150773dbea835d4a7f61c746214f7eabd6	docs/spikes/s06-evidence/operations/all-checks.exit.json
100644 blob e69de29bb2d1d6434b8b29ae775ad8c2e48c5391	docs/spikes/s06-evidence/operations/all-checks.stderr
100644 blob 8fafbbfc5386e8ec286e8efaca925cdfeeeb1059	docs/spikes/s06-evidence/operations/all-checks.stdout
100644 blob a5f421687e56224f748a94c6fb7575990e666b03	docs/spikes/s06-evidence/operations/api-prepared.json
100644 blob b38e2c5127da83232cc4ecf08a026f7c715d0b3b	docs/spikes/s06-evidence/operations/base-fingerprints.json
100644 blob 064f79bc6a228f15f9a5e254f30d18aced95b6b2	docs/spikes/s06-evidence/operations/blender-bootstrap.log
100644 blob c40fcfe2438b7011febb24d4a8dd0b6a6b04a5d9	docs/spikes/s06-evidence/operations/blender-export.log
100644 blob d5bb5b80d0e2863b28a32448a6133f7c7a85899b	docs/spikes/s06-evidence/operations/blender-owned-stop.json
100644 blob 4c996154d9ed581a6fcf0f9c903a31da04156ec9	docs/spikes/s06-evidence/operations/blender-reexport-stop.json
100644 blob 96522bb33994780f69e43d504e479cdf591fc4f7	docs/spikes/s06-evidence/operations/capture.sh
100644 blob df0a41f29516f30d1ac408abf731b290c6cc639e	docs/spikes/s06-evidence/operations/client.mjs
100644 blob 2322e3150773dbea835d4a7f61c746214f7eabd6	docs/spikes/s06-evidence/operations/content-final.exit.json
100644 blob e69de29bb2d1d6434b8b29ae775ad8c2e48c5391	docs/spikes/s06-evidence/operations/content-final.stderr
100644 blob 71a65f8290f049484aa81ef60a5e7da26c0603f1	docs/spikes/s06-evidence/operations/content-final.stdout
100644 blob 4670beeccf48b162a37945b4d958564a33ef027d	docs/spikes/s06-evidence/operations/content-prepared.json
100644 blob e0c67b0be3c7007b640c647b71ef1ff85e0cb21b	docs/spikes/s06-evidence/operations/content_prepare.py
100644 blob c3d0f07c9b759c1c9d83fd4f92e5729d83e4bf8a	docs/spikes/s06-evidence/operations/editor-first-crash.log
100644 blob 9aa49354df28a347a5a8135bf9a0a523fcbbb1b1	docs/spikes/s06-evidence/operations/editor-first-launch.json
100644 blob 27a8b0b699963682926ad9b9c91ba07da30f77b1	docs/spikes/s06-evidence/operations/editor-launch.json
100644 blob a771818e6367698793ad64a367c05559453172d4	docs/spikes/s06-evidence/operations/editor.log
100644 blob 2322e3150773dbea835d4a7f61c746214f7eabd6	docs/spikes/s06-evidence/operations/final-checks.exit.json
100644 blob e69de29bb2d1d6434b8b29ae775ad8c2e48c5391	docs/spikes/s06-evidence/operations/final-checks.stderr
100644 blob a5556eb7e0eb4b792ade693ce13706cd676aea0b	docs/spikes/s06-evidence/operations/final-checks.stdout
100644 blob 263eacc041756975e1cbf81fe9163485ab4dd151	docs/spikes/s06-evidence/operations/final_checks.sh
100644 blob e69de29bb2d1d6434b8b29ae775ad8c2e48c5391	docs/spikes/s06-evidence/operations/first-run.stderr
100644 blob b6844c62d097f0a914d58d30df877ee563267018	docs/spikes/s06-evidence/operations/first-run.stdout
100644 blob 095d02d7b9554762821967c18d5c4e37b0133575	docs/spikes/s06-evidence/operations/fresh-main-state.jsonl
100644 blob e69de29bb2d1d6434b8b29ae775ad8c2e48c5391	docs/spikes/s06-evidence/operations/fresh-main-state.stderr
100644 blob 38e040bb697defe2ccc6cf8176ad6756bdb1b1c0	docs/spikes/s06-evidence/operations/host-after-quit.json
100644 blob adf7798b029127776539c95460beb7b3b39d500c	docs/spikes/s06-evidence/operations/host-before-worktree-launch.json
100644 blob 740ac3a1cc01d152700d5e71ca2880c0f0626915	docs/spikes/s06-evidence/operations/host-before.json
100644 blob 2322e3150773dbea835d4a7f61c746214f7eabd6	docs/spikes/s06-evidence/operations/host-final.exit.json
100644 blob e69de29bb2d1d6434b8b29ae775ad8c2e48c5391	docs/spikes/s06-evidence/operations/host-final.stderr
100644 blob 4a679abc2f1672b4df1ecee7b15ee8cd90742920	docs/spikes/s06-evidence/operations/host-final.stdout
100644 blob 2322e3150773dbea835d4a7f61c746214f7eabd6	docs/spikes/s06-evidence/operations/host-first.exit.json
100644 blob e69de29bb2d1d6434b8b29ae775ad8c2e48c5391	docs/spikes/s06-evidence/operations/host-first.stderr
100644 blob d20a5077a1a629edba007e557d9f03f2ddf02df8	docs/spikes/s06-evidence/operations/host-first.stdout
100644 blob 7c7b5577ffb9949fd26da64332ce1a807bb28b5a	docs/spikes/s06-evidence/operations/host_inventory.py
100644 blob 38a950981df0e6aa32d93e3988f7ab256394e7a6	docs/spikes/s06-evidence/operations/inventory.py
100644 blob a1fd0a1f129ada5b84f9701a30245ad0820c77fa	docs/spikes/s06-evidence/operations/launch_editor.py
100644 blob 095d02d7b9554762821967c18d5c4e37b0133575	docs/spikes/s06-evidence/operations/main-state-result.jsonl
100644 blob e69de29bb2d1d6434b8b29ae775ad8c2e48c5391	docs/spikes/s06-evidence/operations/main-state-stderr.log
100644 blob 7c41693ee68dd32759c2df76cd7c649ac390ce40	docs/spikes/s06-evidence/operations/main-state.json
100644 blob 9577427bea66fa9c62c381608eabe63d534a77f3	docs/spikes/s06-evidence/operations/quit-result.jsonl
100644 blob 28ce4cdfff3220af5d8cdeec2ab6ab84f2ee9066	docs/spikes/s06-evidence/operations/quit.json
100644 blob e69de29bb2d1d6434b8b29ae775ad8c2e48c5391	docs/spikes/s06-evidence/operations/quit.stderr
100644 blob 221a6ddd499e989e227169921a27e96bb80207d7	docs/spikes/s06-evidence/operations/quit_main.py
100644 blob 2322e3150773dbea835d4a7f61c746214f7eabd6	docs/spikes/s06-evidence/operations/r1-checks.exit.json
100644 blob e69de29bb2d1d6434b8b29ae775ad8c2e48c5391	docs/spikes/s06-evidence/operations/r1-checks.stderr
100644 blob 58ae75a3396a22e6fe9e2d6d04c75b6f4b9ec2ec	docs/spikes/s06-evidence/operations/r1-checks.stdout
100644 blob 2322e3150773dbea835d4a7f61c746214f7eabd6	docs/spikes/s06-evidence/operations/r1-content.exit.json
100644 blob e69de29bb2d1d6434b8b29ae775ad8c2e48c5391	docs/spikes/s06-evidence/operations/r1-content.stderr
100644 blob e55a757c198521e9b481160f20c24d354c474772	docs/spikes/s06-evidence/operations/r1-content.stdout
100644 blob 1dbb784da0bc9de078731f349625ea45d983b444	docs/spikes/s06-evidence/operations/r1-saved-editor-state.json
100644 blob 61dbbe12a100343ad216b02e9b6e73d5f7e7768c	docs/spikes/s06-evidence/operations/r1-saved-roundtrip-identity.json
100644 blob 3bcb10cc902c568c891096bccb5599a597663cc2	docs/spikes/s06-evidence/operations/read_main.sh
100644 blob 1dbb784da0bc9de078731f349625ea45d983b444	docs/spikes/s06-evidence/operations/rebased-editor-state.json
100644 blob 5852e68de0918db00fb7f6864894c12bada406b6	docs/spikes/s06-evidence/operations/reexport-comparison.json
100644 blob 0bfc1c52ef0b0aaba8df7c5b27466c561adb778f	docs/spikes/s06-evidence/operations/resources-final.json
100644 blob edcf214d47630789b4eb3454e5ec366abf9733d4	docs/spikes/s06-evidence/operations/resources-r1.json
100644 blob 2f5fb13039cbbf3e37a82e616b86d59c2ef4e06b	docs/spikes/s06-evidence/operations/resources-rebased.json
100644 blob 318c3e2eb0fc90b69526329c954b2045b75e639f	docs/spikes/s06-evidence/operations/resources.json
100644 blob e69de29bb2d1d6434b8b29ae775ad8c2e48c5391	docs/spikes/s06-evidence/operations/resources.stderr
100644 blob 318c3e2eb0fc90b69526329c954b2045b75e639f	docs/spikes/s06-evidence/operations/resources.stdout
100644 blob 271f5ae48283b0af8ce36d27bc8f16eb99d8f41b	docs/spikes/s06-evidence/operations/root-authorization-history.json
100644 blob ce1f6b977b319ffd481f923f888e181a6381f42e	docs/spikes/s06-evidence/operations/roundtrip-after.json
100644 blob 978b2f9cf351fa6ddf7d13a28975ec393bbf2ee3	docs/spikes/s06-evidence/operations/roundtrip-before.json
100644 blob 2a5a392c3ad304beb9a75d6eea760d44e1f08320	docs/spikes/s06-evidence/operations/roundtrip-editor-state.json
100644 blob 4d61594fe1da95b6c36960c14f36efc56f593d0f	docs/spikes/s06-evidence/operations/roundtrip-final-after.json
100644 blob ec39141670bb6a5ad92c349a6bd8d175b34ca618	docs/spikes/s06-evidence/operations/roundtrip-final-before.json
100644 blob a26b5ba7cf09970d86eea6645ca7b62959c1b7bf	docs/spikes/s06-evidence/operations/run_content.sh
100644 blob 1fff7d7165f4e27285b9ef80b22d3aa2864d9563	docs/spikes/s06-evidence/operations/run_host.sh
100644 blob 2b6ca82d9a475ae707b6d02d59da6532ef518b94	docs/spikes/s06-evidence/operations/run_host_final.sh
100644 blob dec07d2ae821be742d823557da853bbdc789273a	docs/spikes/s06-evidence/operations/run_r1.sh
100644 blob 90da52d397a02e30352dc2e1f9af236327f68b7c	docs/spikes/s06-evidence/operations/saved-tabs.json
100644 blob fc6d20c7459dd1e253398c57aaff72a5f7de74a5	docs/spikes/s06-evidence/operations/stop_completed_blender.py
100644 blob 4f81bbbd24dcdaf85bef429f1ecf866bd1625cb6	docs/spikes/s06-evidence/operations/stop_reexport.py
100644 blob 481d57497464d77be73a2eacaad46ac9b9d2e7cd	docs/spikes/s06-evidence/operations/style-prepared.json
100644 blob 11c7cc771b3d43588ed063aab3abd244f08c3997	docs/spikes/s06-evidence/operations/style_prepare.py
100644 blob 240c4f6c253e760e3e4eaee757651182c2418e60	docs/spikes/s06-evidence/raw-s06-todo.md
100644 blob c93829764948f454ec6a763024a99c8fe98df658	docs/spikes/s06-evidence/raw-task.txt
100644 blob 5b6158caa9d948b40b03192dc22114866983930d	docs/spikes/s06-evidence/rebase-inspection.json
100644 blob f382ae99d7ac7471e8207b2eba962823e23be872	docs/spikes/s06-evidence/review/README-before-r2.md
100644 blob 5c58769f3a4ed1ea6134fbed308575349d6ac9f8	docs/spikes/s06-evidence/review/retention.json
100644 blob 3d3f213330754eeba59f74a0ca796ad9dfc63f30	docs/spikes/s06-evidence/review/source-fingerprints-before-r1.json
100644 blob 7201780dc66a758f0dce183c95d2f52e0dd4f463	docs/spikes/s06-evidence/review/substantive-artifacts.tar.gz
100644 blob 24786fee5c254deb70cc5d4e069e6d96a64a67e5	docs/spikes/s06-evidence/review/substantive-handoff-hashes.json
100644 blob 672b41bcd3e0141824f929f0e3cd955a5a7a8350	docs/spikes/s06-evidence/review/substantive-manifest.json
100644 blob 09f247a80ba17658da661026e1e2800a4bbc0b16	docs/spikes/s06-evidence/review/substantive-report.md
100644 blob 6798135baec9888eee95e0e4a3c3f6bac9c9bf90	docs/spikes/s06-evidence/s06-all-checks/compilation.json
100644 blob ea2f89dbfac2ecd7da7760baa5bc2a447dfbcf96	docs/spikes/s06-evidence/s06-all-checks/compile-0.engine.log
100644 blob ea2f89dbfac2ecd7da7760baa5bc2a447dfbcf96	docs/spikes/s06-evidence/s06-all-checks/compile-0.log
100644 blob ea2f89dbfac2ecd7da7760baa5bc2a447dfbcf96	docs/spikes/s06-evidence/s06-all-checks/compile-1.engine.log
100644 blob ea2f89dbfac2ecd7da7760baa5bc2a447dfbcf96	docs/spikes/s06-evidence/s06-all-checks/compile-1.log
100644 blob ea2f89dbfac2ecd7da7760baa5bc2a447dfbcf96	docs/spikes/s06-evidence/s06-all-checks/compile-10.engine.log
100644 blob ea2f89dbfac2ecd7da7760baa5bc2a447dfbcf96	docs/spikes/s06-evidence/s06-all-checks/compile-10.log
100644 blob ea2f89dbfac2ecd7da7760baa5bc2a447dfbcf96	docs/spikes/s06-evidence/s06-all-checks/compile-11.engine.log
100644 blob ea2f89dbfac2ecd7da7760baa5bc2a447dfbcf96	docs/spikes/s06-evidence/s06-all-checks/compile-11.log
100644 blob ea2f89dbfac2ecd7da7760baa5bc2a447dfbcf96	docs/spikes/s06-evidence/s06-all-checks/compile-12.engine.log
100644 blob ea2f89dbfac2ecd7da7760baa5bc2a447dfbcf96	docs/spikes/s06-evidence/s06-all-checks/compile-12.log
100644 blob ea2f89dbfac2ecd7da7760baa5bc2a447dfbcf96	docs/spikes/s06-evidence/s06-all-checks/compile-13.engine.log
100644 blob ea2f89dbfac2ecd7da7760baa5bc2a447dfbcf96	docs/spikes/s06-evidence/s06-all-checks/compile-13.log
100644 blob ea2f89dbfac2ecd7da7760baa5bc2a447dfbcf96	docs/spikes/s06-evidence/s06-all-checks/compile-14.engine.log
100644 blob ea2f89dbfac2ecd7da7760baa5bc2a447dfbcf96	docs/spikes/s06-evidence/s06-all-checks/compile-14.log
100644 blob ea2f89dbfac2ecd7da7760baa5bc2a447dfbcf96	docs/spikes/s06-evidence/s06-all-checks/compile-15.engine.log
100644 blob ea2f89dbfac2ecd7da7760baa5bc2a447dfbcf96	docs/spikes/s06-evidence/s06-all-checks/compile-15.log
100644 blob ea2f89dbfac2ecd7da7760baa5bc2a447dfbcf96	docs/spikes/s06-evidence/s06-all-checks/compile-16.engine.log
100644 blob ea2f89dbfac2ecd7da7760baa5bc2a447dfbcf96	docs/spikes/s06-evidence/s06-all-checks/compile-16.log
100644 blob ea2f89dbfac2ecd7da7760baa5bc2a447dfbcf96	docs/spikes/s06-evidence/s06-all-checks/compile-17.engine.log
100644 blob ea2f89dbfac2ecd7da7760baa5bc2a447dfbcf96	docs/spikes/s06-evidence/s06-all-checks/compile-17.log
100644 blob ea2f89dbfac2ecd7da7760baa5bc2a447dfbcf96	docs/spikes/s06-evidence/s06-all-checks/compile-18.engine.log
100644 blob ea2f89dbfac2ecd7da7760baa5bc2a447dfbcf96	docs/spikes/s06-evidence/s06-all-checks/compile-18.log
100644 blob ea2f89dbfac2ecd7da7760baa5bc2a447dfbcf96	docs/spikes/s06-evidence/s06-all-checks/compile-19.engine.log
100644 blob ea2f89dbfac2ecd7da7760baa5bc2a447dfbcf96	docs/spikes/s06-evidence/s06-all-checks/compile-19.log
100644 blob ea2f89dbfac2ecd7da7760baa5bc2a447dfbcf96	docs/spikes/s06-evidence/s06-all-checks/compile-2.engine.log
100644 blob ea2f89dbfac2ecd7da7760baa5bc2a447dfbcf96	docs/spikes/s06-evidence/s06-all-checks/compile-2.log
100644 blob ea2f89dbfac2ecd7da7760baa5bc2a447dfbcf96	docs/spikes/s06-evidence/s06-all-checks/compile-20.engine.log
100644 blob ea2f89dbfac2ecd7da7760baa5bc2a447dfbcf96	docs/spikes/s06-evidence/s06-all-checks/compile-20.log
100644 blob ea2f89dbfac2ecd7da7760baa5bc2a447dfbcf96	docs/spikes/s06-evidence/s06-all-checks/compile-21.engine.log
100644 blob ea2f89dbfac2ecd7da7760baa5bc2a447dfbcf96	docs/spikes/s06-evidence/s06-all-checks/compile-21.log
100644 blob ea2f89dbfac2ecd7da7760baa5bc2a447dfbcf96	docs/spikes/s06-evidence/s06-all-checks/compile-22.engine.log
100644 blob ea2f89dbfac2ecd7da7760baa5bc2a447dfbcf96	docs/spikes/s06-evidence/s06-all-checks/compile-22.log
100644 blob ea2f89dbfac2ecd7da7760baa5bc2a447dfbcf96	docs/spikes/s06-evidence/s06-all-checks/compile-23.engine.log
100644 blob ea2f89dbfac2ecd7da7760baa5bc2a447dfbcf96	docs/spikes/s06-evidence/s06-all-checks/compile-23.log
100644 blob ea2f89dbfac2ecd7da7760baa5bc2a447dfbcf96	docs/spikes/s06-evidence/s06-all-checks/compile-24.engine.log
100644 blob ea2f89dbfac2ecd7da7760baa5bc2a447dfbcf96	docs/spikes/s06-evidence/s06-all-checks/compile-24.log
100644 blob ea2f89dbfac2ecd7da7760baa5bc2a447dfbcf96	docs/spikes/s06-evidence/s06-all-checks/compile-25.engine.log
100644 blob ea2f89dbfac2ecd7da7760baa5bc2a447dfbcf96	docs/spikes/s06-evidence/s06-all-checks/compile-25.log
100644 blob ea2f89dbfac2ecd7da7760baa5bc2a447dfbcf96	docs/spikes/s06-evidence/s06-all-checks/compile-26.engine.log
100644 blob ea2f89dbfac2ecd7da7760baa5bc2a447dfbcf96	docs/spikes/s06-evidence/s06-all-checks/compile-26.log
100644 blob ea2f89dbfac2ecd7da7760baa5bc2a447dfbcf96	docs/spikes/s06-evidence/s06-all-checks/compile-27.engine.log
100644 blob ea2f89dbfac2ecd7da7760baa5bc2a447dfbcf96	docs/spikes/s06-evidence/s06-all-checks/compile-27.log
100644 blob ea2f89dbfac2ecd7da7760baa5bc2a447dfbcf96	docs/spikes/s06-evidence/s06-all-checks/compile-28.engine.log
100644 blob ea2f89dbfac2ecd7da7760baa5bc2a447dfbcf96	docs/spikes/s06-evidence/s06-all-checks/compile-28.log
100644 blob ea2f89dbfac2ecd7da7760baa5bc2a447dfbcf96	docs/spikes/s06-evidence/s06-all-checks/compile-29.engine.log
100644 blob ea2f89dbfac2ecd7da7760baa5bc2a447dfbcf96	docs/spikes/s06-evidence/s06-all-checks/compile-29.log
100644 blob ea2f89dbfac2ecd7da7760baa5bc2a447dfbcf96	docs/spikes/s06-evidence/s06-all-checks/compile-3.engine.log
100644 blob ea2f89dbfac2ecd7da7760baa5bc2a447dfbcf96	docs/spikes/s06-evidence/s06-all-checks/compile-3.log
100644 blob ea2f89dbfac2ecd7da7760baa5bc2a447dfbcf96	docs/spikes/s06-evidence/s06-all-checks/compile-30.engine.log
100644 blob ea2f89dbfac2ecd7da7760baa5bc2a447dfbcf96	docs/spikes/s06-evidence/s06-all-checks/compile-30.log
100644 blob ea2f89dbfac2ecd7da7760baa5bc2a447dfbcf96	docs/spikes/s06-evidence/s06-all-checks/compile-31.engine.log
100644 blob ea2f89dbfac2ecd7da7760baa5bc2a447dfbcf96	docs/spikes/s06-evidence/s06-all-checks/compile-31.log
100644 blob ea2f89dbfac2ecd7da7760baa5bc2a447dfbcf96	docs/spikes/s06-evidence/s06-all-checks/compile-32.engine.log
100644 blob ea2f89dbfac2ecd7da7760baa5bc2a447dfbcf96	docs/spikes/s06-evidence/s06-all-checks/compile-32.log
100644 blob ea2f89dbfac2ecd7da7760baa5bc2a447dfbcf96	docs/spikes/s06-evidence/s06-all-checks/compile-33.engine.log
100644 blob ea2f89dbfac2ecd7da7760baa5bc2a447dfbcf96	docs/spikes/s06-evidence/s06-all-checks/compile-33.log
100644 blob ea2f89dbfac2ecd7da7760baa5bc2a447dfbcf96	docs/spikes/s06-evidence/s06-all-checks/compile-34.engine.log
100644 blob ea2f89dbfac2ecd7da7760baa5bc2a447dfbcf96	docs/spikes/s06-evidence/s06-all-checks/compile-34.log
100644 blob ea2f89dbfac2ecd7da7760baa5bc2a447dfbcf96	docs/spikes/s06-evidence/s06-all-checks/compile-35.engine.log
100644 blob ea2f89dbfac2ecd7da7760baa5bc2a447dfbcf96	docs/spikes/s06-evidence/s06-all-checks/compile-35.log
100644 blob ea2f89dbfac2ecd7da7760baa5bc2a447dfbcf96	docs/spikes/s06-evidence/s06-all-checks/compile-36.engine.log
100644 blob ea2f89dbfac2ecd7da7760baa5bc2a447dfbcf96	docs/spikes/s06-evidence/s06-all-checks/compile-36.log
100644 blob ea2f89dbfac2ecd7da7760baa5bc2a447dfbcf96	docs/spikes/s06-evidence/s06-all-checks/compile-37.engine.log
100644 blob ea2f89dbfac2ecd7da7760baa5bc2a447dfbcf96	docs/spikes/s06-evidence/s06-all-checks/compile-37.log
100644 blob ea2f89dbfac2ecd7da7760baa5bc2a447dfbcf96	docs/spikes/s06-evidence/s06-all-checks/compile-38.engine.log
100644 blob ea2f89dbfac2ecd7da7760baa5bc2a447dfbcf96	docs/spikes/s06-evidence/s06-all-checks/compile-38.log
100644 blob ea2f89dbfac2ecd7da7760baa5bc2a447dfbcf96	docs/spikes/s06-evidence/s06-all-checks/compile-39.engine.log
100644 blob ea2f89dbfac2ecd7da7760baa5bc2a447dfbcf96	docs/spikes/s06-evidence/s06-all-checks/compile-39.log
100644 blob ea2f89dbfac2ecd7da7760baa5bc2a447dfbcf96	docs/spikes/s06-evidence/s06-all-checks/compile-4.engine.log
100644 blob ea2f89dbfac2ecd7da7760baa5bc2a447dfbcf96	docs/spikes/s06-evidence/s06-all-checks/compile-4.log
100644 blob ea2f89dbfac2ecd7da7760baa5bc2a447dfbcf96	docs/spikes/s06-evidence/s06-all-checks/compile-40.engine.log
100644 blob ea2f89dbfac2ecd7da7760baa5bc2a447dfbcf96	docs/spikes/s06-evidence/s06-all-checks/compile-40.log
100644 blob ea2f89dbfac2ecd7da7760baa5bc2a447dfbcf96	docs/spikes/s06-evidence/s06-all-checks/compile-41.engine.log
100644 blob ea2f89dbfac2ecd7da7760baa5bc2a447dfbcf96	docs/spikes/s06-evidence/s06-all-checks/compile-41.log
100644 blob ea2f89dbfac2ecd7da7760baa5bc2a447dfbcf96	docs/spikes/s06-evidence/s06-all-checks/compile-42.engine.log
100644 blob ea2f89dbfac2ecd7da7760baa5bc2a447dfbcf96	docs/spikes/s06-evidence/s06-all-checks/compile-42.log
100644 blob ea2f89dbfac2ecd7da7760baa5bc2a447dfbcf96	docs/spikes/s06-evidence/s06-all-checks/compile-43.engine.log
100644 blob ea2f89dbfac2ecd7da7760baa5bc2a447dfbcf96	docs/spikes/s06-evidence/s06-all-checks/compile-43.log
100644 blob ea2f89dbfac2ecd7da7760baa5bc2a447dfbcf96	docs/spikes/s06-evidence/s06-all-checks/compile-44.engine.log
100644 blob ea2f89dbfac2ecd7da7760baa5bc2a447dfbcf96	docs/spikes/s06-evidence/s06-all-checks/compile-44.log
100644 blob ea2f89dbfac2ecd7da7760baa5bc2a447dfbcf96	docs/spikes/s06-evidence/s06-all-checks/compile-45.engine.log
100644 blob ea2f89dbfac2ecd7da7760baa5bc2a447dfbcf96	docs/spikes/s06-evidence/s06-all-checks/compile-45.log
100644 blob ea2f89dbfac2ecd7da7760baa5bc2a447dfbcf96	docs/spikes/s06-evidence/s06-all-checks/compile-46.engine.log
100644 blob ea2f89dbfac2ecd7da7760baa5bc2a447dfbcf96	docs/spikes/s06-evidence/s06-all-checks/compile-46.log
100644 blob ea2f89dbfac2ecd7da7760baa5bc2a447dfbcf96	docs/spikes/s06-evidence/s06-all-checks/compile-47.engine.log
100644 blob ea2f89dbfac2ecd7da7760baa5bc2a447dfbcf96	docs/spikes/s06-evidence/s06-all-checks/compile-47.log
100644 blob ea2f89dbfac2ecd7da7760baa5bc2a447dfbcf96	docs/spikes/s06-evidence/s06-all-checks/compile-48.engine.log
100644 blob ea2f89dbfac2ecd7da7760baa5bc2a447dfbcf96	docs/spikes/s06-evidence/s06-all-checks/compile-48.log
100644 blob ea2f89dbfac2ecd7da7760baa5bc2a447dfbcf96	docs/spikes/s06-evidence/s06-all-checks/compile-49.engine.log
100644 blob ea2f89dbfac2ecd7da7760baa5bc2a447dfbcf96	docs/spikes/s06-evidence/s06-all-checks/compile-49.log
100644 blob ea2f89dbfac2ecd7da7760baa5bc2a447dfbcf96	docs/spikes/s06-evidence/s06-all-checks/compile-5.engine.log
100644 blob ea2f89dbfac2ecd7da7760baa5bc2a447dfbcf96	docs/spikes/s06-evidence/s06-all-checks/compile-5.log
100644 blob ea2f89dbfac2ecd7da7760baa5bc2a447dfbcf96	docs/spikes/s06-evidence/s06-all-checks/compile-50.engine.log
100644 blob ea2f89dbfac2ecd7da7760baa5bc2a447dfbcf96	docs/spikes/s06-evidence/s06-all-checks/compile-50.log
100644 blob ea2f89dbfac2ecd7da7760baa5bc2a447dfbcf96	docs/spikes/s06-evidence/s06-all-checks/compile-51.engine.log
100644 blob ea2f89dbfac2ecd7da7760baa5bc2a447dfbcf96	docs/spikes/s06-evidence/s06-all-checks/compile-51.log
100644 blob ea2f89dbfac2ecd7da7760baa5bc2a447dfbcf96	docs/spikes/s06-evidence/s06-all-checks/compile-52.engine.log
100644 blob ea2f89dbfac2ecd7da7760baa5bc2a447dfbcf96	docs/spikes/s06-evidence/s06-all-checks/compile-52.log
100644 blob ea2f89dbfac2ecd7da7760baa5bc2a447dfbcf96	docs/spikes/s06-evidence/s06-all-checks/compile-53.engine.log
100644 blob ea2f89dbfac2ecd7da7760baa5bc2a447dfbcf96	docs/spikes/s06-evidence/s06-all-checks/compile-53.log
100644 blob ea2f89dbfac2ecd7da7760baa5bc2a447dfbcf96	docs/spikes/s06-evidence/s06-all-checks/compile-54.engine.log
100644 blob ea2f89dbfac2ecd7da7760baa5bc2a447dfbcf96	docs/spikes/s06-evidence/s06-all-checks/compile-54.log
100644 blob ea2f89dbfac2ecd7da7760baa5bc2a447dfbcf96	docs/spikes/s06-evidence/s06-all-checks/compile-55.engine.log
100644 blob ea2f89dbfac2ecd7da7760baa5bc2a447dfbcf96	docs/spikes/s06-evidence/s06-all-checks/compile-55.log
100644 blob ea2f89dbfac2ecd7da7760baa5bc2a447dfbcf96	docs/spikes/s06-evidence/s06-all-checks/compile-56.engine.log
100644 blob ea2f89dbfac2ecd7da7760baa5bc2a447dfbcf96	docs/spikes/s06-evidence/s06-all-checks/compile-56.log
100644 blob ea2f89dbfac2ecd7da7760baa5bc2a447dfbcf96	docs/spikes/s06-evidence/s06-all-checks/compile-57.engine.log
100644 blob ea2f89dbfac2ecd7da7760baa5bc2a447dfbcf96	docs/spikes/s06-evidence/s06-all-checks/compile-57.log
100644 blob ea2f89dbfac2ecd7da7760baa5bc2a447dfbcf96	docs/spikes/s06-evidence/s06-all-checks/compile-6.engine.log
100644 blob ea2f89dbfac2ecd7da7760baa5bc2a447dfbcf96	docs/spikes/s06-evidence/s06-all-checks/compile-6.log
100644 blob ea2f89dbfac2ecd7da7760baa5bc2a447dfbcf96	docs/spikes/s06-evidence/s06-all-checks/compile-7.engine.log
100644 blob ea2f89dbfac2ecd7da7760baa5bc2a447dfbcf96	docs/spikes/s06-evidence/s06-all-checks/compile-7.log
100644 blob ea2f89dbfac2ecd7da7760baa5bc2a447dfbcf96	docs/spikes/s06-evidence/s06-all-checks/compile-8.engine.log
100644 blob ea2f89dbfac2ecd7da7760baa5bc2a447dfbcf96	docs/spikes/s06-evidence/s06-all-checks/compile-8.log
100644 blob ea2f89dbfac2ecd7da7760baa5bc2a447dfbcf96	docs/spikes/s06-evidence/s06-all-checks/compile-9.engine.log
100644 blob ea2f89dbfac2ecd7da7760baa5bc2a447dfbcf96	docs/spikes/s06-evidence/s06-all-checks/compile-9.log
100644 blob 6906308ce5d4846dce798063aa8100b667dd973a	docs/spikes/s06-evidence/s06-all-checks/compiler-import.engine.log
100644 blob f9d920d0c083122a725e00f2e8b140b4b811c1c5	docs/spikes/s06-evidence/s06-all-checks/compiler-import.log
100644 blob bb663e7083fc264f9465e905e1466f86ec787b76	docs/spikes/s06-evidence/s06-all-checks/compiler-setup.json
100644 blob 9ce789652a4f7757ab2f4f968b265afcc5b6a09e	docs/spikes/s06-evidence/s06-all-checks/formatting.log
100644 blob cf094b548f4c17a8a232bfab33c85cee0fbb6d1f	docs/spikes/s06-evidence/s06-all-checks/scripts.json
100644 blob d44debaf2cb1977280d4df49dd8307b7caa38cc7	docs/spikes/s06-evidence/s06-all-checks/style.log
100644 blob b189602b267e54684e54edc61e2117ecce3e8a10	docs/spikes/s06-evidence/s06-content-final/import.engine.log
100644 blob 866f7eeb14de9988a8e6c227cca03b784663f540	docs/spikes/s06-evidence/s06-content-final/import.log
100644 blob 136f165d9ec9f107ed24ea60f21d0b207c109139	docs/spikes/s06-evidence/s06-content-final/proof.engine.log
100644 blob 136f165d9ec9f107ed24ea60f21d0b207c109139	docs/spikes/s06-evidence/s06-content-final/proof.log
100644 blob 9cc3646e69638c1de7629caebb041036db54d954	docs/spikes/s06-evidence/s06-content-final/s06-changed.tscn
100644 blob 4d854f31664141e835b3364b3629f14277b5a8e5	docs/spikes/s06-evidence/s06-content-final/s06-rebaked.tres
100644 blob 491eb400fcbca64dce8eb06f26c0cd926abeade1	docs/spikes/s06-evidence/s06-content-final/s06-result.json
100644 blob 3af9c73db85eca71fc8935a27ba2229336dbf6e1	docs/spikes/s06-evidence/s06-content-final/summary.json
100644 blob 6798135baec9888eee95e0e4a3c3f6bac9c9bf90	docs/spikes/s06-evidence/s06-final-checks/compilation.json
100644 blob ea2f89dbfac2ecd7da7760baa5bc2a447dfbcf96	docs/spikes/s06-evidence/s06-final-checks/compile-0.engine.log
100644 blob ea2f89dbfac2ecd7da7760baa5bc2a447dfbcf96	docs/spikes/s06-evidence/s06-final-checks/compile-0.log
100644 blob ea2f89dbfac2ecd7da7760baa5bc2a447dfbcf96	docs/spikes/s06-evidence/s06-final-checks/compile-1.engine.log
100644 blob ea2f89dbfac2ecd7da7760baa5bc2a447dfbcf96	docs/spikes/s06-evidence/s06-final-checks/compile-1.log
100644 blob ea2f89dbfac2ecd7da7760baa5bc2a447dfbcf96	docs/spikes/s06-evidence/s06-final-checks/compile-10.engine.log
100644 blob ea2f89dbfac2ecd7da7760baa5bc2a447dfbcf96	docs/spikes/s06-evidence/s06-final-checks/compile-10.log
100644 blob ea2f89dbfac2ecd7da7760baa5bc2a447dfbcf96	docs/spikes/s06-evidence/s06-final-checks/compile-11.engine.log
100644 blob ea2f89dbfac2ecd7da7760baa5bc2a447dfbcf96	docs/spikes/s06-evidence/s06-final-checks/compile-11.log
100644 blob ea2f89dbfac2ecd7da7760baa5bc2a447dfbcf96	docs/spikes/s06-evidence/s06-final-checks/compile-12.engine.log
100644 blob ea2f89dbfac2ecd7da7760baa5bc2a447dfbcf96	docs/spikes/s06-evidence/s06-final-checks/compile-12.log
100644 blob ea2f89dbfac2ecd7da7760baa5bc2a447dfbcf96	docs/spikes/s06-evidence/s06-final-checks/compile-13.engine.log
100644 blob ea2f89dbfac2ecd7da7760baa5bc2a447dfbcf96	docs/spikes/s06-evidence/s06-final-checks/compile-13.log
100644 blob ea2f89dbfac2ecd7da7760baa5bc2a447dfbcf96	docs/spikes/s06-evidence/s06-final-checks/compile-14.engine.log
100644 blob ea2f89dbfac2ecd7da7760baa5bc2a447dfbcf96	docs/spikes/s06-evidence/s06-final-checks/compile-14.log
100644 blob ea2f89dbfac2ecd7da7760baa5bc2a447dfbcf96	docs/spikes/s06-evidence/s06-final-checks/compile-15.engine.log
100644 blob ea2f89dbfac2ecd7da7760baa5bc2a447dfbcf96	docs/spikes/s06-evidence/s06-final-checks/compile-15.log
100644 blob ea2f89dbfac2ecd7da7760baa5bc2a447dfbcf96	docs/spikes/s06-evidence/s06-final-checks/compile-16.engine.log
100644 blob ea2f89dbfac2ecd7da7760baa5bc2a447dfbcf96	docs/spikes/s06-evidence/s06-final-checks/compile-16.log
100644 blob ea2f89dbfac2ecd7da7760baa5bc2a447dfbcf96	docs/spikes/s06-evidence/s06-final-checks/compile-17.engine.log
100644 blob ea2f89dbfac2ecd7da7760baa5bc2a447dfbcf96	docs/spikes/s06-evidence/s06-final-checks/compile-17.log
100644 blob ea2f89dbfac2ecd7da7760baa5bc2a447dfbcf96	docs/spikes/s06-evidence/s06-final-checks/compile-18.engine.log
100644 blob ea2f89dbfac2ecd7da7760baa5bc2a447dfbcf96	docs/spikes/s06-evidence/s06-final-checks/compile-18.log
100644 blob ea2f89dbfac2ecd7da7760baa5bc2a447dfbcf96	docs/spikes/s06-evidence/s06-final-checks/compile-19.engine.log
100644 blob ea2f89dbfac2ecd7da7760baa5bc2a447dfbcf96	docs/spikes/s06-evidence/s06-final-checks/compile-19.log
100644 blob ea2f89dbfac2ecd7da7760baa5bc2a447dfbcf96	docs/spikes/s06-evidence/s06-final-checks/compile-2.engine.log
100644 blob ea2f89dbfac2ecd7da7760baa5bc2a447dfbcf96	docs/spikes/s06-evidence/s06-final-checks/compile-2.log
100644 blob ea2f89dbfac2ecd7da7760baa5bc2a447dfbcf96	docs/spikes/s06-evidence/s06-final-checks/compile-20.engine.log
100644 blob ea2f89dbfac2ecd7da7760baa5bc2a447dfbcf96	docs/spikes/s06-evidence/s06-final-checks/compile-20.log
100644 blob ea2f89dbfac2ecd7da7760baa5bc2a447dfbcf96	docs/spikes/s06-evidence/s06-final-checks/compile-21.engine.log
100644 blob ea2f89dbfac2ecd7da7760baa5bc2a447dfbcf96	docs/spikes/s06-evidence/s06-final-checks/compile-21.log
100644 blob ea2f89dbfac2ecd7da7760baa5bc2a447dfbcf96	docs/spikes/s06-evidence/s06-final-checks/compile-22.engine.log
100644 blob ea2f89dbfac2ecd7da7760baa5bc2a447dfbcf96	docs/spikes/s06-evidence/s06-final-checks/compile-22.log
100644 blob ea2f89dbfac2ecd7da7760baa5bc2a447dfbcf96	docs/spikes/s06-evidence/s06-final-checks/compile-23.engine.log
100644 blob ea2f89dbfac2ecd7da7760baa5bc2a447dfbcf96	docs/spikes/s06-evidence/s06-final-checks/compile-23.log
100644 blob ea2f89dbfac2ecd7da7760baa5bc2a447dfbcf96	docs/spikes/s06-evidence/s06-final-checks/compile-24.engine.log
100644 blob ea2f89dbfac2ecd7da7760baa5bc2a447dfbcf96	docs/spikes/s06-evidence/s06-final-checks/compile-24.log
100644 blob ea2f89dbfac2ecd7da7760baa5bc2a447dfbcf96	docs/spikes/s06-evidence/s06-final-checks/compile-25.engine.log
100644 blob ea2f89dbfac2ecd7da7760baa5bc2a447dfbcf96	docs/spikes/s06-evidence/s06-final-checks/compile-25.log
100644 blob ea2f89dbfac2ecd7da7760baa5bc2a447dfbcf96	docs/spikes/s06-evidence/s06-final-checks/compile-26.engine.log
100644 blob ea2f89dbfac2ecd7da7760baa5bc2a447dfbcf96	docs/spikes/s06-evidence/s06-final-checks/compile-26.log
100644 blob ea2f89dbfac2ecd7da7760baa5bc2a447dfbcf96	docs/spikes/s06-evidence/s06-final-checks/compile-27.engine.log
100644 blob ea2f89dbfac2ecd7da7760baa5bc2a447dfbcf96	docs/spikes/s06-evidence/s06-final-checks/compile-27.log
100644 blob ea2f89dbfac2ecd7da7760baa5bc2a447dfbcf96	docs/spikes/s06-evidence/s06-final-checks/compile-28.engine.log
100644 blob ea2f89dbfac2ecd7da7760baa5bc2a447dfbcf96	docs/spikes/s06-evidence/s06-final-checks/compile-28.log
100644 blob ea2f89dbfac2ecd7da7760baa5bc2a447dfbcf96	docs/spikes/s06-evidence/s06-final-checks/compile-29.engine.log
100644 blob ea2f89dbfac2ecd7da7760baa5bc2a447dfbcf96	docs/spikes/s06-evidence/s06-final-checks/compile-29.log
100644 blob ea2f89dbfac2ecd7da7760baa5bc2a447dfbcf96	docs/spikes/s06-evidence/s06-final-checks/compile-3.engine.log
100644 blob ea2f89dbfac2ecd7da7760baa5bc2a447dfbcf96	docs/spikes/s06-evidence/s06-final-checks/compile-3.log
100644 blob ea2f89dbfac2ecd7da7760baa5bc2a447dfbcf96	docs/spikes/s06-evidence/s06-final-checks/compile-30.engine.log
100644 blob ea2f89dbfac2ecd7da7760baa5bc2a447dfbcf96	docs/spikes/s06-evidence/s06-final-checks/compile-30.log
100644 blob ea2f89dbfac2ecd7da7760baa5bc2a447dfbcf96	docs/spikes/s06-evidence/s06-final-checks/compile-31.engine.log
100644 blob ea2f89dbfac2ecd7da7760baa5bc2a447dfbcf96	docs/spikes/s06-evidence/s06-final-checks/compile-31.log
100644 blob ea2f89dbfac2ecd7da7760baa5bc2a447dfbcf96	docs/spikes/s06-evidence/s06-final-checks/compile-32.engine.log
100644 blob ea2f89dbfac2ecd7da7760baa5bc2a447dfbcf96	docs/spikes/s06-evidence/s06-final-checks/compile-32.log
100644 blob ea2f89dbfac2ecd7da7760baa5bc2a447dfbcf96	docs/spikes/s06-evidence/s06-final-checks/compile-33.engine.log
100644 blob ea2f89dbfac2ecd7da7760baa5bc2a447dfbcf96	docs/spikes/s06-evidence/s06-final-checks/compile-33.log
100644 blob ea2f89dbfac2ecd7da7760baa5bc2a447dfbcf96	docs/spikes/s06-evidence/s06-final-checks/compile-34.engine.log
100644 blob ea2f89dbfac2ecd7da7760baa5bc2a447dfbcf96	docs/spikes/s06-evidence/s06-final-checks/compile-34.log
100644 blob ea2f89dbfac2ecd7da7760baa5bc2a447dfbcf96	docs/spikes/s06-evidence/s06-final-checks/compile-35.engine.log
100644 blob ea2f89dbfac2ecd7da7760baa5bc2a447dfbcf96	docs/spikes/s06-evidence/s06-final-checks/compile-35.log
100644 blob ea2f89dbfac2ecd7da7760baa5bc2a447dfbcf96	docs/spikes/s06-evidence/s06-final-checks/compile-36.engine.log
100644 blob ea2f89dbfac2ecd7da7760baa5bc2a447dfbcf96	docs/spikes/s06-evidence/s06-final-checks/compile-36.log
100644 blob ea2f89dbfac2ecd7da7760baa5bc2a447dfbcf96	docs/spikes/s06-evidence/s06-final-checks/compile-37.engine.log
100644 blob ea2f89dbfac2ecd7da7760baa5bc2a447dfbcf96	docs/spikes/s06-evidence/s06-final-checks/compile-37.log
100644 blob ea2f89dbfac2ecd7da7760baa5bc2a447dfbcf96	docs/spikes/s06-evidence/s06-final-checks/compile-38.engine.log
100644 blob ea2f89dbfac2ecd7da7760baa5bc2a447dfbcf96	docs/spikes/s06-evidence/s06-final-checks/compile-38.log
100644 blob ea2f89dbfac2ecd7da7760baa5bc2a447dfbcf96	docs/spikes/s06-evidence/s06-final-checks/compile-39.engine.log
100644 blob ea2f89dbfac2ecd7da7760baa5bc2a447dfbcf96	docs/spikes/s06-evidence/s06-final-checks/compile-39.log
100644 blob ea2f89dbfac2ecd7da7760baa5bc2a447dfbcf96	docs/spikes/s06-evidence/s06-final-checks/compile-4.engine.log
100644 blob ea2f89dbfac2ecd7da7760baa5bc2a447dfbcf96	docs/spikes/s06-evidence/s06-final-checks/compile-4.log
100644 blob ea2f89dbfac2ecd7da7760baa5bc2a447dfbcf96	docs/spikes/s06-evidence/s06-final-checks/compile-40.engine.log
100644 blob ea2f89dbfac2ecd7da7760baa5bc2a447dfbcf96	docs/spikes/s06-evidence/s06-final-checks/compile-40.log
100644 blob ea2f89dbfac2ecd7da7760baa5bc2a447dfbcf96	docs/spikes/s06-evidence/s06-final-checks/compile-41.engine.log
100644 blob ea2f89dbfac2ecd7da7760baa5bc2a447dfbcf96	docs/spikes/s06-evidence/s06-final-checks/compile-41.log
100644 blob ea2f89dbfac2ecd7da7760baa5bc2a447dfbcf96	docs/spikes/s06-evidence/s06-final-checks/compile-42.engine.log
100644 blob ea2f89dbfac2ecd7da7760baa5bc2a447dfbcf96	docs/spikes/s06-evidence/s06-final-checks/compile-42.log
100644 blob ea2f89dbfac2ecd7da7760baa5bc2a447dfbcf96	docs/spikes/s06-evidence/s06-final-checks/compile-43.engine.log
100644 blob ea2f89dbfac2ecd7da7760baa5bc2a447dfbcf96	docs/spikes/s06-evidence/s06-final-checks/compile-43.log
100644 blob ea2f89dbfac2ecd7da7760baa5bc2a447dfbcf96	docs/spikes/s06-evidence/s06-final-checks/compile-44.engine.log
100644 blob ea2f89dbfac2ecd7da7760baa5bc2a447dfbcf96	docs/spikes/s06-evidence/s06-final-checks/compile-44.log
100644 blob ea2f89dbfac2ecd7da7760baa5bc2a447dfbcf96	docs/spikes/s06-evidence/s06-final-checks/compile-45.engine.log
100644 blob ea2f89dbfac2ecd7da7760baa5bc2a447dfbcf96	docs/spikes/s06-evidence/s06-final-checks/compile-45.log
100644 blob ea2f89dbfac2ecd7da7760baa5bc2a447dfbcf96	docs/spikes/s06-evidence/s06-final-checks/compile-46.engine.log
100644 blob ea2f89dbfac2ecd7da7760baa5bc2a447dfbcf96	docs/spikes/s06-evidence/s06-final-checks/compile-46.log
100644 blob ea2f89dbfac2ecd7da7760baa5bc2a447dfbcf96	docs/spikes/s06-evidence/s06-final-checks/compile-47.engine.log
100644 blob ea2f89dbfac2ecd7da7760baa5bc2a447dfbcf96	docs/spikes/s06-evidence/s06-final-checks/compile-47.log
100644 blob ea2f89dbfac2ecd7da7760baa5bc2a447dfbcf96	docs/spikes/s06-evidence/s06-final-checks/compile-48.engine.log
100644 blob ea2f89dbfac2ecd7da7760baa5bc2a447dfbcf96	docs/spikes/s06-evidence/s06-final-checks/compile-48.log
100644 blob ea2f89dbfac2ecd7da7760baa5bc2a447dfbcf96	docs/spikes/s06-evidence/s06-final-checks/compile-49.engine.log
100644 blob ea2f89dbfac2ecd7da7760baa5bc2a447dfbcf96	docs/spikes/s06-evidence/s06-final-checks/compile-49.log
100644 blob ea2f89dbfac2ecd7da7760baa5bc2a447dfbcf96	docs/spikes/s06-evidence/s06-final-checks/compile-5.engine.log
100644 blob ea2f89dbfac2ecd7da7760baa5bc2a447dfbcf96	docs/spikes/s06-evidence/s06-final-checks/compile-5.log
100644 blob ea2f89dbfac2ecd7da7760baa5bc2a447dfbcf96	docs/spikes/s06-evidence/s06-final-checks/compile-50.engine.log
100644 blob ea2f89dbfac2ecd7da7760baa5bc2a447dfbcf96	docs/spikes/s06-evidence/s06-final-checks/compile-50.log
100644 blob ea2f89dbfac2ecd7da7760baa5bc2a447dfbcf96	docs/spikes/s06-evidence/s06-final-checks/compile-51.engine.log
100644 blob ea2f89dbfac2ecd7da7760baa5bc2a447dfbcf96	docs/spikes/s06-evidence/s06-final-checks/compile-51.log
100644 blob ea2f89dbfac2ecd7da7760baa5bc2a447dfbcf96	docs/spikes/s06-evidence/s06-final-checks/compile-52.engine.log
100644 blob ea2f89dbfac2ecd7da7760baa5bc2a447dfbcf96	docs/spikes/s06-evidence/s06-final-checks/compile-52.log
100644 blob ea2f89dbfac2ecd7da7760baa5bc2a447dfbcf96	docs/spikes/s06-evidence/s06-final-checks/compile-53.engine.log
100644 blob ea2f89dbfac2ecd7da7760baa5bc2a447dfbcf96	docs/spikes/s06-evidence/s06-final-checks/compile-53.log
100644 blob ea2f89dbfac2ecd7da7760baa5bc2a447dfbcf96	docs/spikes/s06-evidence/s06-final-checks/compile-54.engine.log
100644 blob ea2f89dbfac2ecd7da7760baa5bc2a447dfbcf96	docs/spikes/s06-evidence/s06-final-checks/compile-54.log
100644 blob ea2f89dbfac2ecd7da7760baa5bc2a447dfbcf96	docs/spikes/s06-evidence/s06-final-checks/compile-55.engine.log
100644 blob ea2f89dbfac2ecd7da7760baa5bc2a447dfbcf96	docs/spikes/s06-evidence/s06-final-checks/compile-55.log
100644 blob ea2f89dbfac2ecd7da7760baa5bc2a447dfbcf96	docs/spikes/s06-evidence/s06-final-checks/compile-56.engine.log
100644 blob ea2f89dbfac2ecd7da7760baa5bc2a447dfbcf96	docs/spikes/s06-evidence/s06-final-checks/compile-56.log
100644 blob ea2f89dbfac2ecd7da7760baa5bc2a447dfbcf96	docs/spikes/s06-evidence/s06-final-checks/compile-57.engine.log
100644 blob ea2f89dbfac2ecd7da7760baa5bc2a447dfbcf96	docs/spikes/s06-evidence/s06-final-checks/compile-57.log
100644 blob ea2f89dbfac2ecd7da7760baa5bc2a447dfbcf96	docs/spikes/s06-evidence/s06-final-checks/compile-6.engine.log
100644 blob ea2f89dbfac2ecd7da7760baa5bc2a447dfbcf96	docs/spikes/s06-evidence/s06-final-checks/compile-6.log
100644 blob ea2f89dbfac2ecd7da7760baa5bc2a447dfbcf96	docs/spikes/s06-evidence/s06-final-checks/compile-7.engine.log
100644 blob ea2f89dbfac2ecd7da7760baa5bc2a447dfbcf96	docs/spikes/s06-evidence/s06-final-checks/compile-7.log
100644 blob ea2f89dbfac2ecd7da7760baa5bc2a447dfbcf96	docs/spikes/s06-evidence/s06-final-checks/compile-8.engine.log
100644 blob ea2f89dbfac2ecd7da7760baa5bc2a447dfbcf96	docs/spikes/s06-evidence/s06-final-checks/compile-8.log
100644 blob ea2f89dbfac2ecd7da7760baa5bc2a447dfbcf96	docs/spikes/s06-evidence/s06-final-checks/compile-9.engine.log
100644 blob ea2f89dbfac2ecd7da7760baa5bc2a447dfbcf96	docs/spikes/s06-evidence/s06-final-checks/compile-9.log
100644 blob 6906308ce5d4846dce798063aa8100b667dd973a	docs/spikes/s06-evidence/s06-final-checks/compiler-import.engine.log
100644 blob f9d920d0c083122a725e00f2e8b140b4b811c1c5	docs/spikes/s06-evidence/s06-final-checks/compiler-import.log
100644 blob bb663e7083fc264f9465e905e1466f86ec787b76	docs/spikes/s06-evidence/s06-final-checks/compiler-setup.json
100644 blob 9ce789652a4f7757ab2f4f968b265afcc5b6a09e	docs/spikes/s06-evidence/s06-final-checks/formatting.log
100644 blob cf094b548f4c17a8a232bfab33c85cee0fbb6d1f	docs/spikes/s06-evidence/s06-final-checks/scripts.json
100644 blob d44debaf2cb1977280d4df49dd8307b7caa38cc7	docs/spikes/s06-evidence/s06-final-checks/style.log
100644 blob ff2ec52579a63856c69685162b6821c2def3a229	docs/spikes/s06-evidence/s06-first/import.engine.log
100644 blob dddb1d183f296d2377771dd4ac00bfcbb0a0ce68	docs/spikes/s06-evidence/s06-first/import.log
100644 blob 2bc1e4a8b25811e911c64d38509d33b1f41f7567	docs/spikes/s06-evidence/s06-first/summary.json
100644 blob e69de29bb2d1d6434b8b29ae775ad8c2e48c5391	docs/spikes/s06-evidence/s06-host-final/analysis.stderr
100644 blob 326f1b055f51781497ce8750fbec72b2fb088ac9	docs/spikes/s06-evidence/s06-host-final/analysis.stdout
100644 blob 326f1b055f51781497ce8750fbec72b2fb088ac9	docs/spikes/s06-evidence/s06-host-final/geometry-analysis.json
100644 blob b189602b267e54684e54edc61e2117ecce3e8a10	docs/spikes/s06-evidence/s06-host-final/import.engine.log
100644 blob 866f7eeb14de9988a8e6c227cca03b784663f540	docs/spikes/s06-evidence/s06-host-final/import.log
100644 blob 8219dbccbb4fd5040441db553a9059dfb2cc1bf1	docs/spikes/s06-evidence/s06-host-final/proof.engine.log
100644 blob 8219dbccbb4fd5040441db553a9059dfb2cc1bf1	docs/spikes/s06-evidence/s06-host-final/proof.log
100644 blob 9cc3646e69638c1de7629caebb041036db54d954	docs/spikes/s06-evidence/s06-host-final/s06-changed.tscn
100644 blob abde86cf3b6e1e53729642fbba414007e3bf4890	docs/spikes/s06-evidence/s06-host-final/s06-rebaked.tres
100644 blob f06347c702f7fec8643161d6e00e7daa3a6e0418	docs/spikes/s06-evidence/s06-host-final/s06-result.json
100644 blob 30bdc97acfb37db2dc4dfa9f45da27a43b3c62a8	docs/spikes/s06-evidence/s06-host-final/summary.json
100644 blob 326f1b055f51781497ce8750fbec72b2fb088ac9	docs/spikes/s06-evidence/s06-host-first/geometry-analysis.json
100644 blob d3eea4c74f126cfe7e4fb5f5a728f01e2cd867f5	docs/spikes/s06-evidence/s06-host-first/import.engine.log
100644 blob f91e4ffcc557b9e1d81faf4cd33cd96c1a3e52a2	docs/spikes/s06-evidence/s06-host-first/import.log
100644 blob b43d3312c0d6d34f26bde6ac26d5006802f418e9	docs/spikes/s06-evidence/s06-host-first/proof.engine.log
100644 blob b43d3312c0d6d34f26bde6ac26d5006802f418e9	docs/spikes/s06-evidence/s06-host-first/proof.log
100644 blob 1d943da5af7bed5519af6d3195ce06a27e5e639c	docs/spikes/s06-evidence/s06-host-first/s06-changed.tscn
100644 blob a4e762b20cfe6f5ce86c315457153c107dc938d1	docs/spikes/s06-evidence/s06-host-first/s06-rebaked.tres
100644 blob 2665debb6be3ae42f51fe4a93b4e765031c49b8b	docs/spikes/s06-evidence/s06-host-first/s06-result.json
100644 blob 57f61c3a15e2965614d0609369ea68eeca0ebdd5	docs/spikes/s06-evidence/s06-host-first/summary.json
100644 blob 1f97dc851bf72ea75a5283e7e1f67b19a19fb513	docs/spikes/s06-evidence/s06-host-reexport/blender.log
100644 blob 2322e3150773dbea835d4a7f61c746214f7eabd6	docs/spikes/s06-evidence/s06-host-reexport/exit.json
100644 blob c730e1eaebd059bc09ca8c453a39e206b2942307	docs/spikes/s06-evidence/s06-host-reexport/s06_east.glb
100644 blob 0dace373fe922661de3c8e828597eafa6a36ace0	docs/spikes/s06-evidence/s06-host-reexport/s06_west.glb
100644 blob 6798135baec9888eee95e0e4a3c3f6bac9c9bf90	docs/spikes/s06-evidence/s06-r1-checks/compilation.json
100644 blob ea2f89dbfac2ecd7da7760baa5bc2a447dfbcf96	docs/spikes/s06-evidence/s06-r1-checks/compile-0.engine.log
100644 blob ea2f89dbfac2ecd7da7760baa5bc2a447dfbcf96	docs/spikes/s06-evidence/s06-r1-checks/compile-0.log
100644 blob ea2f89dbfac2ecd7da7760baa5bc2a447dfbcf96	docs/spikes/s06-evidence/s06-r1-checks/compile-1.engine.log
100644 blob ea2f89dbfac2ecd7da7760baa5bc2a447dfbcf96	docs/spikes/s06-evidence/s06-r1-checks/compile-1.log
100644 blob ea2f89dbfac2ecd7da7760baa5bc2a447dfbcf96	docs/spikes/s06-evidence/s06-r1-checks/compile-10.engine.log
100644 blob ea2f89dbfac2ecd7da7760baa5bc2a447dfbcf96	docs/spikes/s06-evidence/s06-r1-checks/compile-10.log
100644 blob ea2f89dbfac2ecd7da7760baa5bc2a447dfbcf96	docs/spikes/s06-evidence/s06-r1-checks/compile-11.engine.log
100644 blob ea2f89dbfac2ecd7da7760baa5bc2a447dfbcf96	docs/spikes/s06-evidence/s06-r1-checks/compile-11.log
100644 blob ea2f89dbfac2ecd7da7760baa5bc2a447dfbcf96	docs/spikes/s06-evidence/s06-r1-checks/compile-12.engine.log
100644 blob ea2f89dbfac2ecd7da7760baa5bc2a447dfbcf96	docs/spikes/s06-evidence/s06-r1-checks/compile-12.log
100644 blob ea2f89dbfac2ecd7da7760baa5bc2a447dfbcf96	docs/spikes/s06-evidence/s06-r1-checks/compile-13.engine.log
100644 blob ea2f89dbfac2ecd7da7760baa5bc2a447dfbcf96	docs/spikes/s06-evidence/s06-r1-checks/compile-13.log
100644 blob ea2f89dbfac2ecd7da7760baa5bc2a447dfbcf96	docs/spikes/s06-evidence/s06-r1-checks/compile-14.engine.log
100644 blob ea2f89dbfac2ecd7da7760baa5bc2a447dfbcf96	docs/spikes/s06-evidence/s06-r1-checks/compile-14.log
100644 blob ea2f89dbfac2ecd7da7760baa5bc2a447dfbcf96	docs/spikes/s06-evidence/s06-r1-checks/compile-15.engine.log
100644 blob ea2f89dbfac2ecd7da7760baa5bc2a447dfbcf96	docs/spikes/s06-evidence/s06-r1-checks/compile-15.log
100644 blob ea2f89dbfac2ecd7da7760baa5bc2a447dfbcf96	docs/spikes/s06-evidence/s06-r1-checks/compile-16.engine.log
100644 blob ea2f89dbfac2ecd7da7760baa5bc2a447dfbcf96	docs/spikes/s06-evidence/s06-r1-checks/compile-16.log
100644 blob ea2f89dbfac2ecd7da7760baa5bc2a447dfbcf96	docs/spikes/s06-evidence/s06-r1-checks/compile-17.engine.log
100644 blob ea2f89dbfac2ecd7da7760baa5bc2a447dfbcf96	docs/spikes/s06-evidence/s06-r1-checks/compile-17.log
100644 blob ea2f89dbfac2ecd7da7760baa5bc2a447dfbcf96	docs/spikes/s06-evidence/s06-r1-checks/compile-18.engine.log
100644 blob ea2f89dbfac2ecd7da7760baa5bc2a447dfbcf96	docs/spikes/s06-evidence/s06-r1-checks/compile-18.log
100644 blob ea2f89dbfac2ecd7da7760baa5bc2a447dfbcf96	docs/spikes/s06-evidence/s06-r1-checks/compile-19.engine.log
100644 blob ea2f89dbfac2ecd7da7760baa5bc2a447dfbcf96	docs/spikes/s06-evidence/s06-r1-checks/compile-19.log
100644 blob ea2f89dbfac2ecd7da7760baa5bc2a447dfbcf96	docs/spikes/s06-evidence/s06-r1-checks/compile-2.engine.log
100644 blob ea2f89dbfac2ecd7da7760baa5bc2a447dfbcf96	docs/spikes/s06-evidence/s06-r1-checks/compile-2.log
100644 blob ea2f89dbfac2ecd7da7760baa5bc2a447dfbcf96	docs/spikes/s06-evidence/s06-r1-checks/compile-20.engine.log
100644 blob ea2f89dbfac2ecd7da7760baa5bc2a447dfbcf96	docs/spikes/s06-evidence/s06-r1-checks/compile-20.log
100644 blob ea2f89dbfac2ecd7da7760baa5bc2a447dfbcf96	docs/spikes/s06-evidence/s06-r1-checks/compile-21.engine.log
100644 blob ea2f89dbfac2ecd7da7760baa5bc2a447dfbcf96	docs/spikes/s06-evidence/s06-r1-checks/compile-21.log
100644 blob ea2f89dbfac2ecd7da7760baa5bc2a447dfbcf96	docs/spikes/s06-evidence/s06-r1-checks/compile-22.engine.log
100644 blob ea2f89dbfac2ecd7da7760baa5bc2a447dfbcf96	docs/spikes/s06-evidence/s06-r1-checks/compile-22.log
100644 blob ea2f89dbfac2ecd7da7760baa5bc2a447dfbcf96	docs/spikes/s06-evidence/s06-r1-checks/compile-23.engine.log
100644 blob ea2f89dbfac2ecd7da7760baa5bc2a447dfbcf96	docs/spikes/s06-evidence/s06-r1-checks/compile-23.log
100644 blob ea2f89dbfac2ecd7da7760baa5bc2a447dfbcf96	docs/spikes/s06-evidence/s06-r1-checks/compile-24.engine.log
100644 blob ea2f89dbfac2ecd7da7760baa5bc2a447dfbcf96	docs/spikes/s06-evidence/s06-r1-checks/compile-24.log
100644 blob ea2f89dbfac2ecd7da7760baa5bc2a447dfbcf96	docs/spikes/s06-evidence/s06-r1-checks/compile-25.engine.log
100644 blob ea2f89dbfac2ecd7da7760baa5bc2a447dfbcf96	docs/spikes/s06-evidence/s06-r1-checks/compile-25.log
100644 blob ea2f89dbfac2ecd7da7760baa5bc2a447dfbcf96	docs/spikes/s06-evidence/s06-r1-checks/compile-26.engine.log
100644 blob ea2f89dbfac2ecd7da7760baa5bc2a447dfbcf96	docs/spikes/s06-evidence/s06-r1-checks/compile-26.log
100644 blob ea2f89dbfac2ecd7da7760baa5bc2a447dfbcf96	docs/spikes/s06-evidence/s06-r1-checks/compile-27.engine.log
100644 blob ea2f89dbfac2ecd7da7760baa5bc2a447dfbcf96	docs/spikes/s06-evidence/s06-r1-checks/compile-27.log
100644 blob ea2f89dbfac2ecd7da7760baa5bc2a447dfbcf96	docs/spikes/s06-evidence/s06-r1-checks/compile-28.engine.log
100644 blob ea2f89dbfac2ecd7da7760baa5bc2a447dfbcf96	docs/spikes/s06-evidence/s06-r1-checks/compile-28.log
100644 blob ea2f89dbfac2ecd7da7760baa5bc2a447dfbcf96	docs/spikes/s06-evidence/s06-r1-checks/compile-29.engine.log
100644 blob ea2f89dbfac2ecd7da7760baa5bc2a447dfbcf96	docs/spikes/s06-evidence/s06-r1-checks/compile-29.log
100644 blob ea2f89dbfac2ecd7da7760baa5bc2a447dfbcf96	docs/spikes/s06-evidence/s06-r1-checks/compile-3.engine.log
100644 blob ea2f89dbfac2ecd7da7760baa5bc2a447dfbcf96	docs/spikes/s06-evidence/s06-r1-checks/compile-3.log
100644 blob ea2f89dbfac2ecd7da7760baa5bc2a447dfbcf96	docs/spikes/s06-evidence/s06-r1-checks/compile-30.engine.log
100644 blob ea2f89dbfac2ecd7da7760baa5bc2a447dfbcf96	docs/spikes/s06-evidence/s06-r1-checks/compile-30.log
100644 blob ea2f89dbfac2ecd7da7760baa5bc2a447dfbcf96	docs/spikes/s06-evidence/s06-r1-checks/compile-31.engine.log
100644 blob ea2f89dbfac2ecd7da7760baa5bc2a447dfbcf96	docs/spikes/s06-evidence/s06-r1-checks/compile-31.log
100644 blob ea2f89dbfac2ecd7da7760baa5bc2a447dfbcf96	docs/spikes/s06-evidence/s06-r1-checks/compile-32.engine.log
100644 blob ea2f89dbfac2ecd7da7760baa5bc2a447dfbcf96	docs/spikes/s06-evidence/s06-r1-checks/compile-32.log
100644 blob ea2f89dbfac2ecd7da7760baa5bc2a447dfbcf96	docs/spikes/s06-evidence/s06-r1-checks/compile-33.engine.log
100644 blob ea2f89dbfac2ecd7da7760baa5bc2a447dfbcf96	docs/spikes/s06-evidence/s06-r1-checks/compile-33.log
100644 blob ea2f89dbfac2ecd7da7760baa5bc2a447dfbcf96	docs/spikes/s06-evidence/s06-r1-checks/compile-34.engine.log
100644 blob ea2f89dbfac2ecd7da7760baa5bc2a447dfbcf96	docs/spikes/s06-evidence/s06-r1-checks/compile-34.log
100644 blob ea2f89dbfac2ecd7da7760baa5bc2a447dfbcf96	docs/spikes/s06-evidence/s06-r1-checks/compile-35.engine.log
100644 blob ea2f89dbfac2ecd7da7760baa5bc2a447dfbcf96	docs/spikes/s06-evidence/s06-r1-checks/compile-35.log
100644 blob ea2f89dbfac2ecd7da7760baa5bc2a447dfbcf96	docs/spikes/s06-evidence/s06-r1-checks/compile-36.engine.log
100644 blob ea2f89dbfac2ecd7da7760baa5bc2a447dfbcf96	docs/spikes/s06-evidence/s06-r1-checks/compile-36.log
100644 blob ea2f89dbfac2ecd7da7760baa5bc2a447dfbcf96	docs/spikes/s06-evidence/s06-r1-checks/compile-37.engine.log
100644 blob ea2f89dbfac2ecd7da7760baa5bc2a447dfbcf96	docs/spikes/s06-evidence/s06-r1-checks/compile-37.log
100644 blob ea2f89dbfac2ecd7da7760baa5bc2a447dfbcf96	docs/spikes/s06-evidence/s06-r1-checks/compile-38.engine.log
100644 blob ea2f89dbfac2ecd7da7760baa5bc2a447dfbcf96	docs/spikes/s06-evidence/s06-r1-checks/compile-38.log
100644 blob ea2f89dbfac2ecd7da7760baa5bc2a447dfbcf96	docs/spikes/s06-evidence/s06-r1-checks/compile-39.engine.log
100644 blob ea2f89dbfac2ecd7da7760baa5bc2a447dfbcf96	docs/spikes/s06-evidence/s06-r1-checks/compile-39.log
100644 blob ea2f89dbfac2ecd7da7760baa5bc2a447dfbcf96	docs/spikes/s06-evidence/s06-r1-checks/compile-4.engine.log
100644 blob ea2f89dbfac2ecd7da7760baa5bc2a447dfbcf96	docs/spikes/s06-evidence/s06-r1-checks/compile-4.log
100644 blob ea2f89dbfac2ecd7da7760baa5bc2a447dfbcf96	docs/spikes/s06-evidence/s06-r1-checks/compile-40.engine.log
100644 blob ea2f89dbfac2ecd7da7760baa5bc2a447dfbcf96	docs/spikes/s06-evidence/s06-r1-checks/compile-40.log
100644 blob ea2f89dbfac2ecd7da7760baa5bc2a447dfbcf96	docs/spikes/s06-evidence/s06-r1-checks/compile-41.engine.log
100644 blob ea2f89dbfac2ecd7da7760baa5bc2a447dfbcf96	docs/spikes/s06-evidence/s06-r1-checks/compile-41.log
100644 blob ea2f89dbfac2ecd7da7760baa5bc2a447dfbcf96	docs/spikes/s06-evidence/s06-r1-checks/compile-42.engine.log
100644 blob ea2f89dbfac2ecd7da7760baa5bc2a447dfbcf96	docs/spikes/s06-evidence/s06-r1-checks/compile-42.log
100644 blob ea2f89dbfac2ecd7da7760baa5bc2a447dfbcf96	docs/spikes/s06-evidence/s06-r1-checks/compile-43.engine.log
100644 blob ea2f89dbfac2ecd7da7760baa5bc2a447dfbcf96	docs/spikes/s06-evidence/s06-r1-checks/compile-43.log
100644 blob ea2f89dbfac2ecd7da7760baa5bc2a447dfbcf96	docs/spikes/s06-evidence/s06-r1-checks/compile-44.engine.log
100644 blob ea2f89dbfac2ecd7da7760baa5bc2a447dfbcf96	docs/spikes/s06-evidence/s06-r1-checks/compile-44.log
100644 blob ea2f89dbfac2ecd7da7760baa5bc2a447dfbcf96	docs/spikes/s06-evidence/s06-r1-checks/compile-45.engine.log
100644 blob ea2f89dbfac2ecd7da7760baa5bc2a447dfbcf96	docs/spikes/s06-evidence/s06-r1-checks/compile-45.log
100644 blob ea2f89dbfac2ecd7da7760baa5bc2a447dfbcf96	docs/spikes/s06-evidence/s06-r1-checks/compile-46.engine.log
100644 blob ea2f89dbfac2ecd7da7760baa5bc2a447dfbcf96	docs/spikes/s06-evidence/s06-r1-checks/compile-46.log
100644 blob ea2f89dbfac2ecd7da7760baa5bc2a447dfbcf96	docs/spikes/s06-evidence/s06-r1-checks/compile-47.engine.log
100644 blob ea2f89dbfac2ecd7da7760baa5bc2a447dfbcf96	docs/spikes/s06-evidence/s06-r1-checks/compile-47.log
100644 blob ea2f89dbfac2ecd7da7760baa5bc2a447dfbcf96	docs/spikes/s06-evidence/s06-r1-checks/compile-48.engine.log
100644 blob ea2f89dbfac2ecd7da7760baa5bc2a447dfbcf96	docs/spikes/s06-evidence/s06-r1-checks/compile-48.log
100644 blob ea2f89dbfac2ecd7da7760baa5bc2a447dfbcf96	docs/spikes/s06-evidence/s06-r1-checks/compile-49.engine.log
100644 blob ea2f89dbfac2ecd7da7760baa5bc2a447dfbcf96	docs/spikes/s06-evidence/s06-r1-checks/compile-49.log
100644 blob ea2f89dbfac2ecd7da7760baa5bc2a447dfbcf96	docs/spikes/s06-evidence/s06-r1-checks/compile-5.engine.log
100644 blob ea2f89dbfac2ecd7da7760baa5bc2a447dfbcf96	docs/spikes/s06-evidence/s06-r1-checks/compile-5.log
100644 blob ea2f89dbfac2ecd7da7760baa5bc2a447dfbcf96	docs/spikes/s06-evidence/s06-r1-checks/compile-50.engine.log
100644 blob ea2f89dbfac2ecd7da7760baa5bc2a447dfbcf96	docs/spikes/s06-evidence/s06-r1-checks/compile-50.log
100644 blob ea2f89dbfac2ecd7da7760baa5bc2a447dfbcf96	docs/spikes/s06-evidence/s06-r1-checks/compile-51.engine.log
100644 blob ea2f89dbfac2ecd7da7760baa5bc2a447dfbcf96	docs/spikes/s06-evidence/s06-r1-checks/compile-51.log
100644 blob ea2f89dbfac2ecd7da7760baa5bc2a447dfbcf96	docs/spikes/s06-evidence/s06-r1-checks/compile-52.engine.log
100644 blob ea2f89dbfac2ecd7da7760baa5bc2a447dfbcf96	docs/spikes/s06-evidence/s06-r1-checks/compile-52.log
100644 blob ea2f89dbfac2ecd7da7760baa5bc2a447dfbcf96	docs/spikes/s06-evidence/s06-r1-checks/compile-53.engine.log
100644 blob ea2f89dbfac2ecd7da7760baa5bc2a447dfbcf96	docs/spikes/s06-evidence/s06-r1-checks/compile-53.log
100644 blob ea2f89dbfac2ecd7da7760baa5bc2a447dfbcf96	docs/spikes/s06-evidence/s06-r1-checks/compile-54.engine.log
100644 blob ea2f89dbfac2ecd7da7760baa5bc2a447dfbcf96	docs/spikes/s06-evidence/s06-r1-checks/compile-54.log
100644 blob ea2f89dbfac2ecd7da7760baa5bc2a447dfbcf96	docs/spikes/s06-evidence/s06-r1-checks/compile-55.engine.log
100644 blob ea2f89dbfac2ecd7da7760baa5bc2a447dfbcf96	docs/spikes/s06-evidence/s06-r1-checks/compile-55.log
100644 blob ea2f89dbfac2ecd7da7760baa5bc2a447dfbcf96	docs/spikes/s06-evidence/s06-r1-checks/compile-56.engine.log
100644 blob ea2f89dbfac2ecd7da7760baa5bc2a447dfbcf96	docs/spikes/s06-evidence/s06-r1-checks/compile-56.log
100644 blob ea2f89dbfac2ecd7da7760baa5bc2a447dfbcf96	docs/spikes/s06-evidence/s06-r1-checks/compile-57.engine.log
100644 blob ea2f89dbfac2ecd7da7760baa5bc2a447dfbcf96	docs/spikes/s06-evidence/s06-r1-checks/compile-57.log
100644 blob ea2f89dbfac2ecd7da7760baa5bc2a447dfbcf96	docs/spikes/s06-evidence/s06-r1-checks/compile-6.engine.log
100644 blob ea2f89dbfac2ecd7da7760baa5bc2a447dfbcf96	docs/spikes/s06-evidence/s06-r1-checks/compile-6.log
100644 blob ea2f89dbfac2ecd7da7760baa5bc2a447dfbcf96	docs/spikes/s06-evidence/s06-r1-checks/compile-7.engine.log
100644 blob ea2f89dbfac2ecd7da7760baa5bc2a447dfbcf96	docs/spikes/s06-evidence/s06-r1-checks/compile-7.log
100644 blob ea2f89dbfac2ecd7da7760baa5bc2a447dfbcf96	docs/spikes/s06-evidence/s06-r1-checks/compile-8.engine.log
100644 blob ea2f89dbfac2ecd7da7760baa5bc2a447dfbcf96	docs/spikes/s06-evidence/s06-r1-checks/compile-8.log
100644 blob ea2f89dbfac2ecd7da7760baa5bc2a447dfbcf96	docs/spikes/s06-evidence/s06-r1-checks/compile-9.engine.log
100644 blob ea2f89dbfac2ecd7da7760baa5bc2a447dfbcf96	docs/spikes/s06-evidence/s06-r1-checks/compile-9.log
100644 blob 6906308ce5d4846dce798063aa8100b667dd973a	docs/spikes/s06-evidence/s06-r1-checks/compiler-import.engine.log
100644 blob f9d920d0c083122a725e00f2e8b140b4b811c1c5	docs/spikes/s06-evidence/s06-r1-checks/compiler-import.log
100644 blob bb663e7083fc264f9465e905e1466f86ec787b76	docs/spikes/s06-evidence/s06-r1-checks/compiler-setup.json
100644 blob 9ce789652a4f7757ab2f4f968b265afcc5b6a09e	docs/spikes/s06-evidence/s06-r1-checks/formatting.log
100644 blob cf094b548f4c17a8a232bfab33c85cee0fbb6d1f	docs/spikes/s06-evidence/s06-r1-checks/scripts.json
100644 blob d44debaf2cb1977280d4df49dd8307b7caa38cc7	docs/spikes/s06-evidence/s06-r1-checks/style.log
100644 blob b189602b267e54684e54edc61e2117ecce3e8a10	docs/spikes/s06-evidence/s06-r1-content/import.engine.log
100644 blob 866f7eeb14de9988a8e6c227cca03b784663f540	docs/spikes/s06-evidence/s06-r1-content/import.log
100644 blob c1495e62fe567d8c9c5faa932e8be6309dcb3864	docs/spikes/s06-evidence/s06-r1-content/proof.engine.log
100644 blob c1495e62fe567d8c9c5faa932e8be6309dcb3864	docs/spikes/s06-evidence/s06-r1-content/proof.log
100644 blob 9cc3646e69638c1de7629caebb041036db54d954	docs/spikes/s06-evidence/s06-r1-content/s06-changed.tscn
100644 blob 4d854f31664141e835b3364b3629f14277b5a8e5	docs/spikes/s06-evidence/s06-r1-content/s06-rebaked.tres
100644 blob aedb2edf9676dc1549f7c897ac0ebc4c9dfdde86	docs/spikes/s06-evidence/s06-r1-content/s06-result.json
100644 blob 839c8b70badccb5caba1ce23d2e07dac621dff81	docs/spikes/s06-evidence/s06-r1-content/summary.json
100644 blob 21913aa0b6bafbca49334ad7ca05a905178fcb83	docs/spikes/s06-evidence/s06-source-capture/blender.log
100644 blob 2322e3150773dbea835d4a7f61c746214f7eabd6	docs/spikes/s06-evidence/s06-source-capture/exit.json
100644 blob 5a7ebced4817a8a0b110069aef588d05765e715b	docs/spikes/s06-evidence/s06-source-capture/top.png
100644 blob 33b86d0d808d367a15929d4b03ce3b072f602c23	docs/spikes/s06-evidence/tool-diagnostic-history.json
100644 blob 113a111fec8c5844724ae6dd9c64574d38fda3a0	docs/spikes/s06-source-handoff.md
100644 blob a3aede6b3e182520a400f124f1c8bfc0c418efee	docs/spikes/s06-windows-evidence/captures/camera-42/east_to_north-180.png
100644 blob c35e9d6e84456e2ba4bfe320300949d04c335070	docs/spikes/s06-windows-evidence/captures/camera-42/east_to_north-360.png
100644 blob cf8cdfa5f1c45f54b56fd43cf195ec45761f6ec8	docs/spikes/s06-windows-evidence/captures/camera-42/east_to_north-540.png
100644 blob 729464f264af1bb5aeddf1037b00e894ba926721	docs/spikes/s06-windows-evidence/captures/camera-42/engine.log
100644 blob 7787e8649c2c06cc712ba725e445e9baf7c3d605	docs/spikes/s06-windows-evidence/captures/camera-42/foot-120.png
100644 blob 5e62a8d58d489309437a5b171b1c8af159f75276	docs/spikes/s06-windows-evidence/captures/camera-42/foot-240.png
100644 blob 06ce0c94442be6c61b0f9e67b69b2f6453434665	docs/spikes/s06-windows-evidence/captures/camera-42/foot-360.png
100644 blob 158ee6c9f45cd75ed1b82936797f99059df9dec7	docs/spikes/s06-windows-evidence/captures/camera-42/observation.json
100644 blob 285b7117a8779cca0b06da394c9f18909f91ad4d	docs/spikes/s06-windows-evidence/captures/camera-42/static.png
100644 blob e69de29bb2d1d6434b8b29ae775ad8c2e48c5391	docs/spikes/s06-windows-evidence/captures/camera-42/stderr.log
100644 blob 729464f264af1bb5aeddf1037b00e894ba926721	docs/spikes/s06-windows-evidence/captures/camera-42/stdout.log
100644 blob 88c0daad9f27239613a3bfec7bf1e9a4c9ccad3a	docs/spikes/s06-windows-evidence/captures/camera-42/west_to_south-180.png
100644 blob fac9caed9e2283431bd11a57d8dc5b8f626de41a	docs/spikes/s06-windows-evidence/captures/camera-42/west_to_south-360.png
100644 blob bd2cb8bc348f4e2f1fa97c405a98e6b5c00f2c7b	docs/spikes/s06-windows-evidence/captures/camera-42/west_to_south-540.png
100644 blob 673c566ca56a6fe6f504d24ab4ac5aaa7093eaf3	docs/spikes/s06-windows-evidence/captures/camera-50/east_to_north-180.png
100644 blob dc87282f6f111f89a35c466fb1edc826fa24682b	docs/spikes/s06-windows-evidence/captures/camera-50/east_to_north-360.png
100644 blob dc9e187be17ee77af1427942cca170ecb8bf05a4	docs/spikes/s06-windows-evidence/captures/camera-50/east_to_north-540.png
100644 blob 821e1ba5e31202570e3374ce280d0cc158870577	docs/spikes/s06-windows-evidence/captures/camera-50/engine.log
100644 blob d1bf5b6d973473250e5304006e97007b27b8fa2e	docs/spikes/s06-windows-evidence/captures/camera-50/foot-120.png
100644 blob a89b4b75c137832e2598c5b237a8f9c4519227a0	docs/spikes/s06-windows-evidence/captures/camera-50/foot-240.png
100644 blob fb676bff9fd20577b9a7328801886d8e3f862d1e	docs/spikes/s06-windows-evidence/captures/camera-50/foot-360.png
100644 blob dfc61310ed0059a398a72c140114bf9d7b0cd03a	docs/spikes/s06-windows-evidence/captures/camera-50/observation.json
100644 blob 2cbdb1c938a1117c16e0b8d69e2408b7ad2edd57	docs/spikes/s06-windows-evidence/captures/camera-50/static.png
100644 blob e69de29bb2d1d6434b8b29ae775ad8c2e48c5391	docs/spikes/s06-windows-evidence/captures/camera-50/stderr.log
100644 blob 821e1ba5e31202570e3374ce280d0cc158870577	docs/spikes/s06-windows-evidence/captures/camera-50/stdout.log
100644 blob 8666cd9a090af1befd9fddb9739e5c5cc895de04	docs/spikes/s06-windows-evidence/captures/camera-50/west_to_south-180.png
100644 blob 53f2fee8497f08979aef6c7eb6cd70a3db5d4f1b	docs/spikes/s06-windows-evidence/captures/camera-50/west_to_south-360.png
100644 blob 669620a14fcd8d97b558b87228d2ff14f03cd3c3	docs/spikes/s06-windows-evidence/captures/camera-50/west_to_south-540.png
100644 blob 9a6b8b8267a70f418ccc9f1a2c1edd38e2318d8e	docs/spikes/s06-windows-evidence/captures/copy-ledger.json
100644 blob 2b84bd3be2f6ada81ab977eefb8eee85e4664067	docs/spikes/s06-windows-evidence/captures/import.log
100644 blob 0d9a172b51461d1de368ef98d22f3f02213e08ef	docs/spikes/s06-windows-evidence/captures/result.json
100644 blob 866f7eeb14de9988a8e6c227cca03b784663f540	docs/spikes/s06-windows-evidence/proof-content-only/import.log
100644 blob c1495e62fe567d8c9c5faa932e8be6309dcb3864	docs/spikes/s06-windows-evidence/proof-content-only/proof.engine.log
100644 blob c1495e62fe567d8c9c5faa932e8be6309dcb3864	docs/spikes/s06-windows-evidence/proof-content-only/proof.log
100644 blob 6b4d8d49dcfa9d0aac5b12969cb34285487b337c	docs/spikes/s06-windows-evidence/proof-content-only/s06-result.json
100644 blob 02ffd3f0800941681bdde45da3c7be6faa6db0ae	docs/spikes/s06-windows-evidence/proof-content-only/summary.json
100644 blob 866f7eeb14de9988a8e6c227cca03b784663f540	docs/spikes/s06-windows-evidence/proof-full/import.log
100644 blob f3b385cbc6f6d549e956d784cf4ee0074b42a4a6	docs/spikes/s06-windows-evidence/proof-full/proof.engine.log
100644 blob f3b385cbc6f6d549e956d784cf4ee0074b42a4a6	docs/spikes/s06-windows-evidence/proof-full/proof.log
100644 blob fbd044d9d6fe6a1293bddcc289b932e4dc865958	docs/spikes/s06-windows-evidence/proof-full/s06-result.json
100644 blob b43d9ae3d06c217b16520a319e01c869434af344	docs/spikes/s06-windows-evidence/proof-full/summary.json
100644 blob f45a2956b7137a71d6157d375989783ec3082f54	docs/spikes/s06-windows-evidence/validation/compilation.json
100644 blob bb663e7083fc264f9465e905e1466f86ec787b76	docs/spikes/s06-windows-evidence/validation/compiler-setup.json
100644 blob 7472ef8721c40ecbc2d30f67987ee913ca6df3ba	docs/spikes/s06-windows-evidence/validation/formatting.log
100644 blob e6e9ad88826db39b453b81481d52066ddeff80ed	docs/spikes/s06-windows-evidence/validation/script-checks-console.log
100644 blob a07893ec60c048aad9ac4c8e1ececf3b1b1b0e01	docs/spikes/s06-windows-evidence/validation/style.log
100644 blob 480b0e7ff8cb025cafa0b92f8f9fb3508f541124	docs/spikes/s06-windows-evidence/validation/unittest.log
100644 blob 4d8ab3f4207d5073b4572590a9bfa7ae209b7832	docs/spikes/s06-windows-observation.md
100644 blob 685180fb701e8767be29d6fa12c96a1decc8dbdc	docs/spikes/s06.md
100644 blob 1a4bea2e1b3619b4f90d36b88abe0583439a26ef	docs/spikes/s07-comparator-driver-evidence/README.md
100644 blob 44d1eff44515fea695018a99ef78833c528711c6	docs/spikes/s07-comparator-driver-evidence/headless-20/copy-ledger.json
100644 blob a4dc4d84c0c2ced96a2b70169bfe51f7549f876e	docs/spikes/s07-comparator-driver-evidence/headless-20/engine.log
100644 blob 37a63e4faca077595a069778ca3eb85a2b62c453	docs/spikes/s07-comparator-driver-evidence/headless-20/import.log
100644 blob 7865dea9d94a6fd9b3fce1a605fe649be981e1d7	docs/spikes/s07-comparator-driver-evidence/headless-20/result.json
100644 blob e69de29bb2d1d6434b8b29ae775ad8c2e48c5391	docs/spikes/s07-comparator-driver-evidence/headless-20/stderr.log
100644 blob a4dc4d84c0c2ced96a2b70169bfe51f7549f876e	docs/spikes/s07-comparator-driver-evidence/headless-20/stdout.log
100644 blob 33f6197d6a3af18d6d6f93c4e6df3b0f3c8a4c1b	docs/spikes/s07-comparator-driver-evidence/headless-20/summary.json
100644 blob 56d7883455fd2a4f04d42aef1e61dfaf4668b599	docs/spikes/s07-comparator-driver-evidence/headless-20/trials.jsonl
100644 blob 44d1eff44515fea695018a99ef78833c528711c6	docs/spikes/s07-comparator-driver-evidence/windowed-3/copy-ledger.json
100644 blob 5131a9f54b10dfd1d0b764b4bb2c40c5f4ac3402	docs/spikes/s07-comparator-driver-evidence/windowed-3/engine.log
100644 blob 37a63e4faca077595a069778ca3eb85a2b62c453	docs/spikes/s07-comparator-driver-evidence/windowed-3/import.log
100644 blob f04c17a8b1513dea9ef74a7c2485ecd0216347cb	docs/spikes/s07-comparator-driver-evidence/windowed-3/result.json
100644 blob e69de29bb2d1d6434b8b29ae775ad8c2e48c5391	docs/spikes/s07-comparator-driver-evidence/windowed-3/stderr.log
100644 blob 5131a9f54b10dfd1d0b764b4bb2c40c5f4ac3402	docs/spikes/s07-comparator-driver-evidence/windowed-3/stdout.log
100644 blob 2437119b8bb217cf37872a19a49af6e01a253877	docs/spikes/s07-comparator-driver-evidence/windowed-3/summary.json
100644 blob 5da9d9737f741679efdef7cc25a97993dabedbab	docs/spikes/s07-comparator-driver-evidence/windowed-3/trial-01-burst.png
100644 blob 5da9d9737f741679efdef7cc25a97993dabedbab	docs/spikes/s07-comparator-driver-evidence/windowed-3/trial-02-burst.png
100644 blob 5da9d9737f741679efdef7cc25a97993dabedbab	docs/spikes/s07-comparator-driver-evidence/windowed-3/trial-03-burst.png
100644 blob 30de0e1c222ea6d3a248f6e5f2f0b264b3ce544a	docs/spikes/s07-comparator-driver-evidence/windowed-3/trials.jsonl
100644 blob 81d166d9dd59b87539b8f629f2256b6a5a621216	docs/spikes/s07-comparator-driver.md
100644 blob 26643cd8222959c977e10558ede83ec0aecfa9fb	docs/spikes/s07-environment-scale-evidence/README.md
100644 blob 8d8637da596bfaf32729a5a2260ebe67e319f72c	docs/spikes/s07-environment-scale-evidence/SHA256SUMS
100644 blob e7290cf50e1dfecc4950cf4fa4fb53ebcb04b63b	docs/spikes/s07-environment-scale-evidence/captures/city_6_capture.log
100644 blob 5dc4864eeec8f58f945b63e3fad9428ae242d19d	docs/spikes/s07-environment-scale-evidence/captures/city_6_start.png
100644 blob 613c5f63085249bc110a11c2441eade7c67649c2	docs/spikes/s07-environment-scale-evidence/captures/city_96_capture.log
100644 blob 455c118c0d72e5e97acccbd0a8407d733f877278	docs/spikes/s07-environment-scale-evidence/captures/city_96_start.png
100644 blob 18b8c2a394c0671ace4b4a7c54c896e6a4f701ec	docs/spikes/s07-environment-scale-evidence/city-24/city-24-repeat-1/case.json
100644 blob cc3c534aedfad59de6d906f70071782d6ec16146	docs/spikes/s07-environment-scale-evidence/city-24/city-24-repeat-1/engine.log
100644 blob 93e0ccc0cb0b2b00dbe2bd65b01356e6c8cadba8	docs/spikes/s07-environment-scale-evidence/city-24/city-24-repeat-1/frames.f64
100644 blob 81b9cf1e653ea45f7a19c2c17bab5c01a3800015	docs/spikes/s07-environment-scale-evidence/city-24/city-24-repeat-1/memory.json
100644 blob 6afe3876bfb4f9910dd728f101173d467b476aac	docs/spikes/s07-environment-scale-evidence/city-24/city-24-repeat-1/result.json
100644 blob e69de29bb2d1d6434b8b29ae775ad8c2e48c5391	docs/spikes/s07-environment-scale-evidence/city-24/city-24-repeat-1/stderr.log
100644 blob cc3c534aedfad59de6d906f70071782d6ec16146	docs/spikes/s07-environment-scale-evidence/city-24/city-24-repeat-1/stdout.log
100644 blob 77ff5a029e1ad6f82c4a38625276489addd6ca1a	docs/spikes/s07-environment-scale-evidence/city-24/city-24-repeat-2/case.json
100644 blob cc3c534aedfad59de6d906f70071782d6ec16146	docs/spikes/s07-environment-scale-evidence/city-24/city-24-repeat-2/engine.log
100644 blob 47b8366f49b973079481875e3ce908e10967f0ed	docs/spikes/s07-environment-scale-evidence/city-24/city-24-repeat-2/frames.f64
100644 blob b9a1d8aabb54ac16c80f92452e0a8819967e9608	docs/spikes/s07-environment-scale-evidence/city-24/city-24-repeat-2/memory.json
100644 blob f381f4884f952153b37499cbb1c652e63d41c3df	docs/spikes/s07-environment-scale-evidence/city-24/city-24-repeat-2/result.json
100644 blob e69de29bb2d1d6434b8b29ae775ad8c2e48c5391	docs/spikes/s07-environment-scale-evidence/city-24/city-24-repeat-2/stderr.log
100644 blob cc3c534aedfad59de6d906f70071782d6ec16146	docs/spikes/s07-environment-scale-evidence/city-24/city-24-repeat-2/stdout.log
100644 blob 4553fc9514d1ed454f47d894c1287475a1e413d2	docs/spikes/s07-environment-scale-evidence/city-24/import.log
100644 blob 9e6031f1e74d4ece041058d42e967349dfb9d814	docs/spikes/s07-environment-scale-evidence/city-24/summary.json
100644 blob e5f3d8268ca0169b42a2e91bb96816df4477d39e	docs/spikes/s07-environment-scale-evidence/city-384/city-384-repeat-1/case.json
100644 blob cc3c534aedfad59de6d906f70071782d6ec16146	docs/spikes/s07-environment-scale-evidence/city-384/city-384-repeat-1/engine.log
100644 blob 83b198e6091afc898868aa018a6681104cf64b74	docs/spikes/s07-environment-scale-evidence/city-384/city-384-repeat-1/memory.json
100644 blob e69de29bb2d1d6434b8b29ae775ad8c2e48c5391	docs/spikes/s07-environment-scale-evidence/city-384/city-384-repeat-1/stderr.log
100644 blob cc3c534aedfad59de6d906f70071782d6ec16146	docs/spikes/s07-environment-scale-evidence/city-384/city-384-repeat-1/stdout.log
100644 blob 4553fc9514d1ed454f47d894c1287475a1e413d2	docs/spikes/s07-environment-scale-evidence/city-384/import.log
100644 blob 510e4738c9e08991e07772b44f2f03f7b7dbd48a	docs/spikes/s07-environment-scale-evidence/city-384/summary.json
100644 blob 6c2b0d59441da3594e8d1a2fa815c907cc576036	docs/spikes/s07-environment-scale-evidence/city-6/city-6-repeat-1/case.json
100644 blob cc3c534aedfad59de6d906f70071782d6ec16146	docs/spikes/s07-environment-scale-evidence/city-6/city-6-repeat-1/engine.log
100644 blob 536c1d544177a2be2debdcda77f68cfaa6e7ca73	docs/spikes/s07-environment-scale-evidence/city-6/city-6-repeat-1/frames.f64
100644 blob 42baf71352a3031b34942adbeb95ce0aa28c5701	docs/spikes/s07-environment-scale-evidence/city-6/city-6-repeat-1/memory.json
100644 blob d63a6b4bd9b84fb397ff269f2d67ddeeabc2cb32	docs/spikes/s07-environment-scale-evidence/city-6/city-6-repeat-1/result.json
100644 blob e69de29bb2d1d6434b8b29ae775ad8c2e48c5391	docs/spikes/s07-environment-scale-evidence/city-6/city-6-repeat-1/stderr.log
100644 blob cc3c534aedfad59de6d906f70071782d6ec16146	docs/spikes/s07-environment-scale-evidence/city-6/city-6-repeat-1/stdout.log
100644 blob b18c465b66bbfc5c4e0532f07346b2152c7f581a	docs/spikes/s07-environment-scale-evidence/city-6/city-6-repeat-2/case.json
100644 blob cc3c534aedfad59de6d906f70071782d6ec16146	docs/spikes/s07-environment-scale-evidence/city-6/city-6-repeat-2/engine.log
100644 blob fa0fdc205cd0b1cfa100aaa7713e3a83db82047f	docs/spikes/s07-environment-scale-evidence/city-6/city-6-repeat-2/frames.f64
100644 blob 3449ab5e28fdab04fc2723eb6c876eb66601b6d9	docs/spikes/s07-environment-scale-evidence/city-6/city-6-repeat-2/memory.json
100644 blob 09405b5f77f7f9b003d452e08771b4d605d01f87	docs/spikes/s07-environment-scale-evidence/city-6/city-6-repeat-2/result.json
100644 blob e69de29bb2d1d6434b8b29ae775ad8c2e48c5391	docs/spikes/s07-environment-scale-evidence/city-6/city-6-repeat-2/stderr.log
100644 blob cc3c534aedfad59de6d906f70071782d6ec16146	docs/spikes/s07-environment-scale-evidence/city-6/city-6-repeat-2/stdout.log
100644 blob 4553fc9514d1ed454f47d894c1287475a1e413d2	docs/spikes/s07-environment-scale-evidence/city-6/import.log
100644 blob a52eb03b8b24093f71a70b7c71f1ff21c9c20926	docs/spikes/s07-environment-scale-evidence/city-6/summary.json
100644 blob 877da77b2a5d4c74e051488744cd464558871b1f	docs/spikes/s07-environment-scale-evidence/city-96/city-96-repeat-1/case.json
100644 blob cc3c534aedfad59de6d906f70071782d6ec16146	docs/spikes/s07-environment-scale-evidence/city-96/city-96-repeat-1/engine.log
100644 blob 5d519da10dd124d2567ea9ca4f0419b639d267d4	docs/spikes/s07-environment-scale-evidence/city-96/city-96-repeat-1/frames.f64
100644 blob 9867bfdaf74a04a525b1dba4d9b158b97b06260b	docs/spikes/s07-environment-scale-evidence/city-96/city-96-repeat-1/memory.json
100644 blob ed466a5267f013f3e8185d43c194a15acc3b93d9	docs/spikes/s07-environment-scale-evidence/city-96/city-96-repeat-1/result.json
100644 blob e69de29bb2d1d6434b8b29ae775ad8c2e48c5391	docs/spikes/s07-environment-scale-evidence/city-96/city-96-repeat-1/stderr.log
100644 blob cc3c534aedfad59de6d906f70071782d6ec16146	docs/spikes/s07-environment-scale-evidence/city-96/city-96-repeat-1/stdout.log
100644 blob c58059972f1d0e6b107e700df52fa8a9ee6c7e46	docs/spikes/s07-environment-scale-evidence/city-96/city-96-repeat-2/case.json
100644 blob cc3c534aedfad59de6d906f70071782d6ec16146	docs/spikes/s07-environment-scale-evidence/city-96/city-96-repeat-2/engine.log
100644 blob 65a7f3f5563d22234751c8f39f2096675c057dbf	docs/spikes/s07-environment-scale-evidence/city-96/city-96-repeat-2/frames.f64
100644 blob 73bf762bb2f537133772977cfea2e37c60ce6dea	docs/spikes/s07-environment-scale-evidence/city-96/city-96-repeat-2/memory.json
100644 blob 4b548b8c493dbdb5918d4909e10b1e1cb73d60e6	docs/spikes/s07-environment-scale-evidence/city-96/city-96-repeat-2/result.json
100644 blob e69de29bb2d1d6434b8b29ae775ad8c2e48c5391	docs/spikes/s07-environment-scale-evidence/city-96/city-96-repeat-2/stderr.log
100644 blob cc3c534aedfad59de6d906f70071782d6ec16146	docs/spikes/s07-environment-scale-evidence/city-96/city-96-repeat-2/stdout.log
100644 blob 4553fc9514d1ed454f47d894c1287475a1e413d2	docs/spikes/s07-environment-scale-evidence/city-96/import.log
100644 blob 69e33a51a628c2207ee17b2c46884e9f4a79216b	docs/spikes/s07-environment-scale-evidence/city-96/summary.json
100644 blob c8d57b855296daaeba50628927184fc1cc76afc2	docs/spikes/s07-environment-scale-evidence/initial-missing-shader/city-6-repeat-1/case.json
100644 blob 357169b55c32ee97121ebc1f5dc973bbe6b465b6	docs/spikes/s07-environment-scale-evidence/initial-missing-shader/city-6-repeat-1/engine.log
100644 blob a71298065f777fc775dcdac05624e31aeb19628b	docs/spikes/s07-environment-scale-evidence/initial-missing-shader/city-6-repeat-1/stderr.log
100644 blob cc3c534aedfad59de6d906f70071782d6ec16146	docs/spikes/s07-environment-scale-evidence/initial-missing-shader/city-6-repeat-1/stdout.log
100644 blob 4553fc9514d1ed454f47d894c1287475a1e413d2	docs/spikes/s07-environment-scale-evidence/initial-missing-shader/import.log
100644 blob 02d54ef89a85ac50389a37bbc729e577aa0a1d0e	docs/spikes/s07-environment-scale-evidence/initial-missing-shader/summary.json
100644 blob a578a642f3cff027e457dc1cd581d13c58e9b307	docs/spikes/s07-environment-scale-evidence/manifest.json
100644 blob 5625ae81b746650eb6179ff5a78330a2b59a92f9	docs/spikes/s07-environment-scale.md
100644 blob 3e9f71865a853872809fcc45b8c9e9104829b3a9	docs/spikes/s07-evidence/document-checks.txt
100644 blob 767492cc5c090fbc9dcc917db90c38c98876ff7c	docs/spikes/s07-evidence/research.json
100644 blob e5c25e8fc94e52c77a45e2fce81b9a3c4f653265	docs/spikes/s07-graphical-t-evidence/analyze_hitches.py
100644 blob 8467295f959cfb93c8f112b688e7d5d73efe202e	docs/spikes/s07-graphical-t-evidence/hitch-analysis.json
100644 blob e674b39aba8fd05f209a96e04ca7d65ca4b42f1e	docs/spikes/s07-graphical-t-evidence/s07g-capped/capped60-1/case.json
100644 blob 2b1c323614f7335a2f20f9e92e02563834a6c083	docs/spikes/s07-graphical-t-evidence/s07g-capped/capped60-1/frames.f64.gz
100644 blob ca2c06d1e1c6d78da1fcd5be2b830efd5db8ae6d	docs/spikes/s07-graphical-t-evidence/s07g-capped/capped60-1/frames.json
100644 blob fece7f04bb3084c664abdb0e29d8c9aefa8d95d6	docs/spikes/s07-graphical-t-evidence/s07g-capped/capped60-1/memory.json
100644 blob 3d0881be0efd5e2ee161be282a12e03ea48f8a8c	docs/spikes/s07-graphical-t-evidence/s07g-capped/capped60-1/result.json
100644 blob e69de29bb2d1d6434b8b29ae775ad8c2e48c5391	docs/spikes/s07-graphical-t-evidence/s07g-capped/capped60-1/stderr-head.log
100644 blob cbcc5bac007ff8d9adc8255df6da5ef0081eebc4	docs/spikes/s07-graphical-t-evidence/s07g-capped/capped60-1/traversals.jsonl.gz
100644 blob 92e951b24955467e983f3ba8ab7768008499bcfa	docs/spikes/s07-graphical-t-evidence/s07g-capped/capped60-2/case.json
100644 blob 2655a5ab853a2f66833b8b80c15d14845ef1520e	docs/spikes/s07-graphical-t-evidence/s07g-capped/capped60-2/frames.f64.gz
100644 blob 1cd4965cdbb3f9dd3237a6cfa0e85c2c7a65c9de	docs/spikes/s07-graphical-t-evidence/s07g-capped/capped60-2/frames.json
100644 blob c8c8604db6cb1c165c15ec3ea892b5c562bd2662	docs/spikes/s07-graphical-t-evidence/s07g-capped/capped60-2/memory.json
100644 blob 86ac2d70b966dc7ecb629c6330846223597c89f7	docs/spikes/s07-graphical-t-evidence/s07g-capped/capped60-2/result.json
100644 blob e69de29bb2d1d6434b8b29ae775ad8c2e48c5391	docs/spikes/s07-graphical-t-evidence/s07g-capped/capped60-2/stderr-head.log
100644 blob d176a8e2c86da5a27fb43e7e6c37bed64b3ffd83	docs/spikes/s07-graphical-t-evidence/s07g-capped/capped60-2/traversals.jsonl.gz
100644 blob 4c416e3917fdf994dedb219092b98d22b1aa58a8	docs/spikes/s07-graphical-t-evidence/s07g-capped/capped60-3/case.json
100644 blob 6b54f70eb33e06ee28222569166b403a186a497d	docs/spikes/s07-graphical-t-evidence/s07g-capped/capped60-3/frames.f64.gz
100644 blob 619f3e154f3d5091fb72cf8fbc89d76299dc67a6	docs/spikes/s07-graphical-t-evidence/s07g-capped/capped60-3/frames.json
100644 blob 8517bfd35ae40e9363710bfd0cb38319cb9ea546	docs/spikes/s07-graphical-t-evidence/s07g-capped/capped60-3/memory.json
100644 blob a87b6cfe0ecc57aaedfe0348ae153110a04fed87	docs/spikes/s07-graphical-t-evidence/s07g-capped/capped60-3/result.json
100644 blob e69de29bb2d1d6434b8b29ae775ad8c2e48c5391	docs/spikes/s07-graphical-t-evidence/s07g-capped/capped60-3/stderr-head.log
100644 blob 2c44ccff90ddf0d9692c4f4930eb7edffa4b8f60	docs/spikes/s07-graphical-t-evidence/s07g-capped/capped60-3/traversals.jsonl.gz
100644 blob fa7e572669eb2f95724df8868b2a030311291d29	docs/spikes/s07-graphical-t-evidence/s07g-capped/raw-manifest.json
100644 blob 3d5cbd6005a6b818dafb6c5be8a95f56af13f280	docs/spikes/s07-graphical-t-evidence/s07g-capped/summary.json
100644 blob d050aac089cf77b55d3277b5c87101e4d87e49c0	docs/spikes/s07-graphical-t-evidence/s07g-full/summary.json
100644 blob 4e0c04803a6e43846527a694613a4ac246452506	docs/spikes/s07-graphical-t-evidence/s07g-full/uncapped-1/case.json
100644 blob b9c5fecc38cb664266e784fa0ec1e0aa11bb4168	docs/spikes/s07-graphical-t-evidence/s07g-full/uncapped-1/failure-summary.json
100644 blob 06f7d3f3a1d39759a2c2e37d51aef1a7e4d75eb7	docs/spikes/s07-graphical-t-evidence/s07g-full/uncapped-1/memory.json
100644 blob 261fe347435f2d0cd28c2c081808674c8dd7a54d	docs/spikes/s07-graphical-t-evidence/s07g-full/uncapped-1/stderr-head.log
100644 blob 54fca68f4b7fe09deca721be3289e48e728dd12a	docs/spikes/s07-graphical-t-evidence/s07g-full/uncapped-1/traversals.jsonl.gz
100644 blob d7b6d88880fa0991c927f189dce7b0c35124472a	docs/spikes/s07-graphical-t-evidence/s07g-smoke/capped60-1/case.json
100644 blob e67161d0211b64b3f052aaced7e137343f03ac68	docs/spikes/s07-graphical-t-evidence/s07g-smoke/capped60-1/frames.json
100644 blob 8fdb7511cf55874f44ce0a64a4d6fe306ee9f640	docs/spikes/s07-graphical-t-evidence/s07g-smoke/capped60-1/memory.json
100644 blob 5ccb270c9e63f4189e922c0871ff37a7fec3f694	docs/spikes/s07-graphical-t-evidence/s07g-smoke/capped60-1/result.json
100644 blob e69de29bb2d1d6434b8b29ae775ad8c2e48c5391	docs/spikes/s07-graphical-t-evidence/s07g-smoke/capped60-1/stderr-head.log
100644 blob d72d7e33f900cee8d05952badc31f8cbe9a6d2cc	docs/spikes/s07-graphical-t-evidence/s07g-smoke/summary.json
100644 blob 68cc176ae54c102d591e8ecca967ced7568290ed	docs/spikes/s07-graphical-t-evidence/s07g-smoke/uncapped-1/case.json
100644 blob 6f3f309ac77fa47794dbbdae49b38c740fe42183	docs/spikes/s07-graphical-t-evidence/s07g-smoke/uncapped-1/frames.json
100644 blob c25914cf39dabd72968bf39355ebed520d15a309	docs/spikes/s07-graphical-t-evidence/s07g-smoke/uncapped-1/memory.json
100644 blob 77af1e873c7734c13e1051be2a50b34fc8351c45	docs/spikes/s07-graphical-t-evidence/s07g-smoke/uncapped-1/result.json
100644 blob e69de29bb2d1d6434b8b29ae775ad8c2e48c5391	docs/spikes/s07-graphical-t-evidence/s07g-smoke/uncapped-1/stderr-head.log
100644 blob d7a75a855ffd4f4bae6ef1a8f07dc5b9488aa3b6	docs/spikes/s07-graphical-t-evidence/s07g-uncapped-rerun/summary.json
100644 blob 55e47836fa558bf0aa3914ed88e1172a2da7df4a	docs/spikes/s07-graphical-t-evidence/s07g-uncapped-rerun/uncapped-1/case.json
100644 blob a4b6b54983c85138b23c517fae676302c18fffab	docs/spikes/s07-graphical-t-evidence/s07g-uncapped-rerun/uncapped-1/failure-summary.json
100644 blob 1bf77a269feaf40c547d9505668ceeb28fff8032	docs/spikes/s07-graphical-t-evidence/s07g-uncapped-rerun/uncapped-1/memory.json
100644 blob 261fe347435f2d0cd28c2c081808674c8dd7a54d	docs/spikes/s07-graphical-t-evidence/s07g-uncapped-rerun/uncapped-1/stderr-head.log
100644 blob 8f9da544a880e07ee5b30eb0d3bb95de5b160424	docs/spikes/s07-graphical-t-evidence/s07g-uncapped-rerun/uncapped-1/traversals.jsonl.gz
100644 blob 5bc9ddc1df5ab1e4ed5be259ffde4e30a80cc0d1	docs/spikes/s07-graphical-t-evidence/windows-system-events.json
100644 blob 40b71c4fc1f7b57c1d8ba8f01eecc06925919523	docs/spikes/s07-graphical-t.md
100644 blob e69de29bb2d1d6434b8b29ae775ad8c2e48c5391	docs/spikes/s07-representative-evidence/.gdignore
100644 blob 32ce703311c74907c2a269906826eb577e8ca92d	docs/spikes/s07-representative-evidence/README.md
100644 blob 71f30c5ca9b001c0f54664d4019d8f973339edb7	docs/spikes/s07-representative-evidence/check.py
100644 blob 5731579d45de263b40ec213146efe15a4b4a42aa	docs/spikes/s07-representative-evidence/launch.json
100644 blob 9b9ecc845cb2e91ad48aa54394fdeaf6b7d3aca2	docs/spikes/s07-representative-evidence/raw-requirements.md
100644 blob 8e195e5e0800bcbf393f1300c327aafe1a197d69	docs/spikes/s07-representative-evidence/references.json
100644 blob 6ed9900de6fdb5563a7c991568526f20e5029e4b	docs/spikes/s07-representative-evidence/retain.py
100644 blob fbfccfd5f85ec3dc11fadb383c82ea1ec067c517	docs/spikes/s07-representative-preparation.md
100644 blob 734d2c215f92b17b05ae503b6cc222ee0c6cf647	docs/spikes/s07-run-card-evidence/README.md
100644 blob 584cd7368162f751de35d15499d6723604df8a29	docs/spikes/s07-run-card-evidence/commands.json
100644 blob 6f1dc2b8ba8dfcdee6fe93945606caac3f2f4bad	docs/spikes/s07-run-card-evidence/expected-set.json
100644 blob e69de29bb2d1d6434b8b29ae775ad8c2e48c5391	docs/spikes/s07-run-card-evidence/final.stderr
100644 blob 6947cda0cf81f86b9e6c81cf6820ea257c7c2fb6	docs/spikes/s07-run-card-evidence/final.stdout
100644 blob e69de29bb2d1d6434b8b29ae775ad8c2e48c5391	docs/spikes/s07-run-card-evidence/fix-retention.stderr
100644 blob a5ad70d3dcb8c134d4cb9c539875c95244119c1e	docs/spikes/s07-run-card-evidence/fix-retention.stdout
100644 blob 5bd4edffa88094f6dc6198c40d2b7133e19a26a4	docs/spikes/s07-run-card-evidence/inventory.json
100644 blob 5f672ba0931a2e4fe1db852f53d9d96feca58633	docs/spikes/s07-run-card-evidence/launch.json
100644 blob a8f21b474e24b204083434ed2fea938772a7c54c	docs/spikes/s07-run-card-evidence/manifest.json
100644 blob 8c6275ec0fc45a58a6c81fcd85c31f333ec34af0	docs/spikes/s07-run-card-evidence/package.py
100644 blob e69de29bb2d1d6434b8b29ae775ad8c2e48c5391	docs/spikes/s07-run-card-evidence/post-fix.stderr
100644 blob 6947cda0cf81f86b9e6c81cf6820ea257c7c2fb6	docs/spikes/s07-run-card-evidence/post-fix.stdout
100644 blob e69de29bb2d1d6434b8b29ae775ad8c2e48c5391	docs/spikes/s07-run-card-evidence/pre-rebase.stderr
100644 blob 14780a65ad07f9b7970f62c221cb98b234899e93	docs/spikes/s07-run-card-evidence/pre-rebase.stdout
100644 blob 6754aa138a93ab280a603cc034cac175180804dd	docs/spikes/s07-run-card-evidence/raw-commission.md
100644 blob 70c80ef7929dc3cacc409747324afcc0c41fceb1	docs/spikes/s07-run-card-evidence/retain_review.py
100644 blob 371fb4f5e110c8731516a961bde3d415a78ea025	docs/spikes/s07-run-card-evidence/review-brief.md
100644 blob 156fb1204c1c94dc254ee3e6ac973d7236e94d78	docs/spikes/s07-run-card-evidence/review-initial-package.json
100644 blob 5cafffa385c1b7734ec78f28ef2a894eaf54b947	docs/spikes/s07-run-card-evidence/review-initial.tar.gz
100644 blob 6231acfd9ca119ee44039e472e479ee7504bf5f6	docs/spikes/s07-run-card-evidence/validate.py
100644 blob d1f150ca8b4c032213b137a0a0c5a78c6e50adcd	docs/spikes/s07-run-cards.md
100644 blob ada994d16d590d0f5882552f042a4246bd60080f	docs/spikes/s07-sustained-driver-evidence/.gdignore
100644 blob 175919ee1b9a08dda7d4b1aede05670b114a33c8	docs/spikes/s07-sustained-driver-evidence/README.md
100644 blob 161988428cd690cb3cdc7869e8010c40d31bba77	docs/spikes/s07-sustained-driver-evidence/author/artifact-ledger.json
100644 blob e69de29bb2d1d6434b8b29ae775ad8c2e48c5391	docs/spikes/s07-sustained-driver-evidence/author/author-supervisor.stderr
100644 blob 48e9178bcb66a17969c926334fd31b5ebcf46cc6	docs/spikes/s07-sustained-driver-evidence/author/author-supervisor.stdout
100644 blob 0df2cb18876d75819551a253f306bbd86152bad4	docs/spikes/s07-sustained-driver-evidence/author/author.py
100644 blob 7bf73003c083fab7a545b0321e5e21881e1c063f	docs/spikes/s07-sustained-driver-evidence/author/call-001.json
100644 blob b88d187ca092d49265d0a5aa16711c92af4fd8b4	docs/spikes/s07-sustained-driver-evidence/author/call-002.json
100644 blob d15dec5c45b9b7ad076173dbf06d71e29fb0dee8	docs/spikes/s07-sustained-driver-evidence/author/call-003.json
100644 blob e567b7abd9b45f81f317df91fee46439ad25ae64	docs/spikes/s07-sustained-driver-evidence/author/call-004.json
100644 blob 998682d2adf45d39b18a5d4a3722346b09fed8ca	docs/spikes/s07-sustained-driver-evidence/author/call-005.json
100644 blob 9dd61cdf50f98edf69d2ec1c70442945791d9412	docs/spikes/s07-sustained-driver-evidence/author/call-006.json
100644 blob 54a8e24b30d232f7f0d49ac6b2702f104cf2a599	docs/spikes/s07-sustained-driver-evidence/author/call-007.json
100644 blob b34367ef03a6d5ec65d5d50dcbc9e8e4f456c485	docs/spikes/s07-sustained-driver-evidence/author/call-008.json
100644 blob 496e36e221c107990e761999b7ae0eb148a175cd	docs/spikes/s07-sustained-driver-evidence/author/call-009.json
100644 blob 900e15f1d99830f680bda8c30e0ba7ec3319727f	docs/spikes/s07-sustained-driver-evidence/author/call-010.json
100644 blob 5e29d210598b56f8ae6f625f20dea985a0dce40c	docs/spikes/s07-sustained-driver-evidence/author/call-011.json
100644 blob d15dec5c45b9b7ad076173dbf06d71e29fb0dee8	docs/spikes/s07-sustained-driver-evidence/author/call-012.json
100644 blob 0a3f8f5713a61272818aca212fdd4b3465b99461	docs/spikes/s07-sustained-driver-evidence/author/call-013.json
100644 blob 496e36e221c107990e761999b7ae0eb148a175cd	docs/spikes/s07-sustained-driver-evidence/author/call-014.json
100644 blob d363708ffcf115bf916156be32efcba7d1c86c64	docs/spikes/s07-sustained-driver-evidence/author/call-015.json
100644 blob 5e29d210598b56f8ae6f625f20dea985a0dce40c	docs/spikes/s07-sustained-driver-evidence/author/call-016.json
100644 blob 083b6b9d2f817036c082902f714d35c2ee26b10f	docs/spikes/s07-sustained-driver-evidence/author/call-017.json
100644 blob 1a4817eb34d30c2181f59873ef1a9c7ba3f21a2e	docs/spikes/s07-sustained-driver-evidence/author/connector.stderr.log
100644 blob 44feab9663048f1e23bc47ca9939417c09194e1b	docs/spikes/s07-sustained-driver-evidence/author/connector.stdout.log
100644 blob fcb67844baf644f7342640a472a20d310a7c476d	docs/spikes/s07-sustained-driver-evidence/author/editor.engine.log
100644 blob fee0188bc60f5417677a33b66dfc1df4d16fdfa7	docs/spikes/s07-sustained-driver-evidence/author/editor.stderr.log
100644 blob 8858ccc02e14b1f84f53d56edc450c84a8f03866	docs/spikes/s07-sustained-driver-evidence/author/editor.stdout.log
100644 blob 425680fcf1f0d4c526fa92b625d8828b494b81be	docs/spikes/s07-sustained-driver-evidence/author/fixture.gd.saved
100644 blob 425680fcf1f0d4c526fa92b625d8828b494b81be	docs/spikes/s07-sustained-driver-evidence/author/fixture.gd.txt
100644 blob c2c2c925bb79cc59d55a6c05af73914319d51ec4	docs/spikes/s07-sustained-driver-evidence/author/fixture.gd.uid.saved
100644 blob 1fef950c0a744f9c08b082a5b1aadda948122218	docs/spikes/s07-sustained-driver-evidence/author/guards.gd.formatting.patch
100644 blob 6dfcfca395d482ea1249706114fa1eed16638a52	docs/spikes/s07-sustained-driver-evidence/author/guards.gd.saved
100644 blob 6dfcfca395d482ea1249706114fa1eed16638a52	docs/spikes/s07-sustained-driver-evidence/author/guards.gd.txt
100644 blob 3fc8031118fde991c5668989918b789b48a229f7	docs/spikes/s07-sustained-driver-evidence/author/guards.gd.uid.saved
100644 blob 7978d15d3b6fe28684479d7a713f0d240c0a9d04	docs/spikes/s07-sustained-driver-evidence/author/intersection.tscn.saved
100644 blob 9e899a5a42525e2b8b03fc53047cefdba3527d87	docs/spikes/s07-sustained-driver-evidence/author/lifecycle.json
100644 blob b1ed7c8b438da466779079aa3fd37967945df64f	docs/spikes/s07-sustained-driver-evidence/author/project-after.godot
100644 blob 90cf51638bfd404349632ac772813038434bbd05	docs/spikes/s07-sustained-driver-evidence/author/project-before.godot
100644 blob be4fad7ada9762d33491f071b8a831d72aa03377	docs/spikes/s07-sustained-driver-evidence/author/project-settings-identities.json
100644 blob d7f67a39a36a85013296f9bf8473610971529bd7	docs/spikes/s07-sustained-driver-evidence/author/project-settings.patch
100644 blob 382ef76c05ae84a2557d219f407d69bb38a43fc3	docs/spikes/s07-sustained-driver-evidence/author/quiescence.json
100644 blob 8fc00e1c8b0e4b11b60b2c789529906b14237390	docs/spikes/s07-sustained-driver-evidence/author/registry-binding.json
100644 blob 2ffb676b657ee65a68922216ecd60c91934aa1a9	docs/spikes/s07-sustained-driver-evidence/author/run.gd.formatting.patch
100644 blob ab20938b2f8025d3070c10f48455b14f3f2eb334	docs/spikes/s07-sustained-driver-evidence/author/run.gd.saved
100644 blob ab20938b2f8025d3070c10f48455b14f3f2eb334	docs/spikes/s07-sustained-driver-evidence/author/run.gd.txt
100644 blob a137f0244ab1c1fadc909334d9f12a0dea8ff2e3	docs/spikes/s07-sustained-driver-evidence/author/run.gd.uid.saved
100644 blob 47e3ff6aa96bcd37ff722e38c6602adb54835d9a	docs/spikes/s07-sustained-driver-evidence/author/saved-artifact-recovery.json
100644 blob 1c2c2a768bdbdaa6371438422876636d4fd266ce	docs/spikes/s07-sustained-driver-evidence/author/settings-seed.json
100644 blob 7faece0ecbaf03fbf1be1f6ea99ae2a4813669a3	docs/spikes/s07-sustained-driver-evidence/author/staged-inputs.json
100644 blob 8106d2a4a43b67db64385007564f84458e4533cc	docs/spikes/s07-sustained-driver-evidence/author/support-at-author.py
100644 blob 54280d3c6a9d46e0acb9195b125c87a87341d5a2	docs/spikes/s07-sustained-driver-evidence/base-advance-final.json
100644 blob d28195362edaf97364279edf0e09940d74e387d9	docs/spikes/s07-sustained-driver-evidence/base-advance.json
100644 blob b617ea7e3e0f1d636c48f4152b96c86234c166ba	docs/spikes/s07-sustained-driver-evidence/budget.json
100644 blob e69de29bb2d1d6434b8b29ae775ad8c2e48c5391	docs/spikes/s07-sustained-driver-evidence/dev01-analysis.stderr
100644 blob 44f423d70412b2b53d158812ce390c90ecf768a2	docs/spikes/s07-sustained-driver-evidence/dev01-analysis.stdout
100644 blob e69de29bb2d1d6434b8b29ae775ad8c2e48c5391	docs/spikes/s07-sustained-driver-evidence/dev01-supervisor.stderr
100644 blob dd86f88093d11d45cf8538a4aab7925485bb1e97	docs/spikes/s07-sustained-driver-evidence/dev01-supervisor.stdout
100644 blob 928ab0766899832bd4cd03835f2d67102da33298	docs/spikes/s07-sustained-driver-evidence/development/analysis.json
100644 blob 2d17cc4a3e1b92a4ca19de81dbafde18dcee2c84	docs/spikes/s07-sustained-driver-evidence/development/compile-fixture/command.json
100644 blob fe51488c7066f6687ef680d6bfaa4f7768ef205c	docs/spikes/s07-sustained-driver-evidence/development/compile-fixture/diagnostics.json
100644 blob ea2f89dbfac2ecd7da7760baa5bc2a447dfbcf96	docs/spikes/s07-sustained-driver-evidence/development/compile-fixture/engine.log
100644 blob e69de29bb2d1d6434b8b29ae775ad8c2e48c5391	docs/spikes/s07-sustained-driver-evidence/development/compile-fixture/stderr.log
100644 blob ea2f89dbfac2ecd7da7760baa5bc2a447dfbcf96	docs/spikes/s07-sustained-driver-evidence/development/compile-fixture/stdout.log
100644 blob ca4daf862cb9c3528322976a585f85e27d65dc02	docs/spikes/s07-sustained-driver-evidence/development/compile-guards/command.json
100644 blob fe51488c7066f6687ef680d6bfaa4f7768ef205c	docs/spikes/s07-sustained-driver-evidence/development/compile-guards/diagnostics.json
100644 blob ea2f89dbfac2ecd7da7760baa5bc2a447dfbcf96	docs/spikes/s07-sustained-driver-evidence/development/compile-guards/engine.log
100644 blob e69de29bb2d1d6434b8b29ae775ad8c2e48c5391	docs/spikes/s07-sustained-driver-evidence/development/compile-guards/stderr.log
100644 blob ea2f89dbfac2ecd7da7760baa5bc2a447dfbcf96	docs/spikes/s07-sustained-driver-evidence/development/compile-guards/stdout.log
100644 blob f316ff1e5124134ef13b8d9b45c5aaa5f1e982f4	docs/spikes/s07-sustained-driver-evidence/development/compile-run/command.json
100644 blob fe51488c7066f6687ef680d6bfaa4f7768ef205c	docs/spikes/s07-sustained-driver-evidence/development/compile-run/diagnostics.json
100644 blob ea2f89dbfac2ecd7da7760baa5bc2a447dfbcf96	docs/spikes/s07-sustained-driver-evidence/development/compile-run/engine.log
100644 blob e69de29bb2d1d6434b8b29ae775ad8c2e48c5391	docs/spikes/s07-sustained-driver-evidence/development/compile-run/stderr.log
100644 blob ea2f89dbfac2ecd7da7760baa5bc2a447dfbcf96	docs/spikes/s07-sustained-driver-evidence/development/compile-run/stdout.log
100644 blob 45504c55c4e523049e855c9113c1c4b73453f0dc	docs/spikes/s07-sustained-driver-evidence/development/guards.json
100644 blob 2a86c68f00baaf1bb13905312297d628545f63e9	docs/spikes/s07-sustained-driver-evidence/development/guards/command.json
100644 blob fe51488c7066f6687ef680d6bfaa4f7768ef205c	docs/spikes/s07-sustained-driver-evidence/development/guards/diagnostics.json
100644 blob ea2f89dbfac2ecd7da7760baa5bc2a447dfbcf96	docs/spikes/s07-sustained-driver-evidence/development/guards/engine.log
100644 blob e69de29bb2d1d6434b8b29ae775ad8c2e48c5391	docs/spikes/s07-sustained-driver-evidence/development/guards/stderr.log
100644 blob ea2f89dbfac2ecd7da7760baa5bc2a447dfbcf96	docs/spikes/s07-sustained-driver-evidence/development/guards/stdout.log
100644 blob 2e9faa827b57616ce78c28f6e7f5af3e9a7a24d9	docs/spikes/s07-sustained-driver-evidence/development/phase.json
100644 blob 0f46cb38425027274b43d9b457023e8a7e96a001	docs/spikes/s07-sustained-driver-evidence/development/result.json
100644 blob e54db3235ef5d0a51161eb22146bc43e865af31c	docs/spikes/s07-sustained-driver-evidence/development/routes/command.json
100644 blob fe51488c7066f6687ef680d6bfaa4f7768ef205c	docs/spikes/s07-sustained-driver-evidence/development/routes/diagnostics.json
100644 blob 3660ed2ed0f438eb968549a98b3aa1b8b7f5903c	docs/spikes/s07-sustained-driver-evidence/development/routes/engine.log
100644 blob e69de29bb2d1d6434b8b29ae775ad8c2e48c5391	docs/spikes/s07-sustained-driver-evidence/development/routes/stderr.log
100644 blob 3660ed2ed0f438eb968549a98b3aa1b8b7f5903c	docs/spikes/s07-sustained-driver-evidence/development/routes/stdout.log
100644 blob bb39bf4c6ab9ce4b0309403bb80567ba8bdbb9ac	docs/spikes/s07-sustained-driver-evidence/development/traversals.jsonl.gz
100644 blob d44114638bd5956d300d6370fbf4b1ea3e92e6f1	docs/spikes/s07-sustained-driver-evidence/draft-lint.stderr
100644 blob e69de29bb2d1d6434b8b29ae775ad8c2e48c5391	docs/spikes/s07-sustained-driver-evidence/draft-lint.stdout
100644 blob e69de29bb2d1d6434b8b29ae775ad8c2e48c5391	docs/spikes/s07-sustained-driver-evidence/format01.stderr
100644 blob 54f2c8df9150359706c00e62cfb0f99e67b154cc	docs/spikes/s07-sustained-driver-evidence/format01.stdout
100644 blob e69de29bb2d1d6434b8b29ae775ad8c2e48c5391	docs/spikes/s07-sustained-driver-evidence/format02.stderr
100644 blob 69bf43a2a3abb2d838ba58fcd490126c3f5b6ecf	docs/spikes/s07-sustained-driver-evidence/format02.stdout
100644 blob e69de29bb2d1d6434b8b29ae775ad8c2e48c5391	docs/spikes/s07-sustained-driver-evidence/import-supervisor.stderr
100644 blob 119dc328c4223b039f16c2ac2f73d0d6272b13fa	docs/spikes/s07-sustained-driver-evidence/import-supervisor.stdout
100644 blob 26aa8e54fcaf6e47e713c0b3b206161fb629483d	docs/spikes/s07-sustained-driver-evidence/import/import/command.json
100644 blob fe51488c7066f6687ef680d6bfaa4f7768ef205c	docs/spikes/s07-sustained-driver-evidence/import/import/diagnostics.json
100644 blob 88dfe0a7503177a1671a387f1cd5484529c60cf3	docs/spikes/s07-sustained-driver-evidence/import/import/engine.log
100644 blob e69de29bb2d1d6434b8b29ae775ad8c2e48c5391	docs/spikes/s07-sustained-driver-evidence/import/import/stderr.log
100644 blob 13ae5a8ac0753b3755a1804058a0e8713169c50a	docs/spikes/s07-sustained-driver-evidence/import/import/stdout.log
100644 blob bb2088a9c2388e6ccfdfb387cbdb444b85c85677	docs/spikes/s07-sustained-driver-evidence/import/phase.json
100644 blob 0a0ce7abf8d93c63264d7bf5e5f4cb0fee7c131c	docs/spikes/s07-sustained-driver-evidence/launch-receipt.json
100644 blob e69de29bb2d1d6434b8b29ae775ad8c2e48c5391	docs/spikes/s07-sustained-driver-evidence/lint01.stderr
100644 blob 78834b36351d118d8bbd705d2ab03bf56cb8be28	docs/spikes/s07-sustained-driver-evidence/lint01.stdout
100644 blob e69de29bb2d1d6434b8b29ae775ad8c2e48c5391	docs/spikes/s07-sustained-driver-evidence/lint02.stderr
100644 blob 97d1aff9d2b86b30dc979b593cb87852e0b4f3a5	docs/spikes/s07-sustained-driver-evidence/lint02.stdout
100644 blob 361e2bfe310d05dbcf7acdf15bc6823ce7bab680	docs/spikes/s07-sustained-driver-evidence/manifest.json
100644 blob 315b6cecfbf42aba0701b3360ae39e7f4c0d169b	docs/spikes/s07-sustained-driver-evidence/offline-tests.stderr
100644 blob e69de29bb2d1d6434b8b29ae775ad8c2e48c5391	docs/spikes/s07-sustained-driver-evidence/offline-tests.stdout
100644 blob f323e9a9a681c891c8f9c437cad99e06020da5ea	docs/spikes/s07-sustained-driver-evidence/predeclaration.md
100644 blob 9b44c16ce1c75ead58c8388957340ab8e5942331	docs/spikes/s07-sustained-driver-evidence/preservation-before-simulation.json
100644 blob 436e63143f4cf8ebcaa18295d5f600f7a171f90a	docs/spikes/s07-sustained-driver-evidence/preservation-final.json
100644 blob 66c028d9c2a00bb5069908c08b97b92f63c1471d	docs/spikes/s07-sustained-driver-evidence/raw-requirements.md
100644 blob 92d39f013dbb56679f7c49cbaeb2bb0491b3b3d6	docs/spikes/s07-sustained-driver-evidence/simulation-declaration.md
100644 blob c9660c10210ffa8e4cdfc46a08eb5941123156d4	docs/spikes/s07-sustained-driver-evidence/staged-inputs.json
100644 blob 622566c665c69633ed7ca16ed73ef3d44b6481e6	docs/spikes/s07-sustained-driver-evidence/static-checks.json
100644 blob e69de29bb2d1d6434b8b29ae775ad8c2e48c5391	docs/spikes/s07-sustained-driver-evidence/sustained-analysis.stderr
100644 blob f7c405cf9c033cdde8bccc305b379ccf7f1c1ae1	docs/spikes/s07-sustained-driver-evidence/sustained-analysis.stdout
100644 blob e69de29bb2d1d6434b8b29ae775ad8c2e48c5391	docs/spikes/s07-sustained-driver-evidence/sustained-supervisor.stderr
100644 blob ecaed1dece185b9c010e29eebee49a9c4b27b730	docs/spikes/s07-sustained-driver-evidence/sustained-supervisor.stdout
100644 blob 7bc761096efb866516d15f3f8bef403b59f37355	docs/spikes/s07-sustained-driver-evidence/sustained/analysis.json
100644 blob 6c53de651af19ef4f37d73fcd058d0637ef52d70	docs/spikes/s07-sustained-driver-evidence/sustained/phase.json
100644 blob 5d185d01d6ea013174b48ab1192e45f8dfacd6a3	docs/spikes/s07-sustained-driver-evidence/sustained/result.json
100644 blob c87724a16cb34f94849af9a54244e8e308e34ec4	docs/spikes/s07-sustained-driver-evidence/sustained/routes/command.json
100644 blob fe51488c7066f6687ef680d6bfaa4f7768ef205c	docs/spikes/s07-sustained-driver-evidence/sustained/routes/diagnostics.json
100644 blob ec6012ee9a1ca20d7ce724e48c119fa7b0590834	docs/spikes/s07-sustained-driver-evidence/sustained/routes/engine.log
100644 blob e69de29bb2d1d6434b8b29ae775ad8c2e48c5391	docs/spikes/s07-sustained-driver-evidence/sustained/routes/stderr.log
100644 blob ec6012ee9a1ca20d7ce724e48c119fa7b0590834	docs/spikes/s07-sustained-driver-evidence/sustained/routes/stdout.log
100644 blob a2b73b27cbe017b9e4295550b41c9bea58fb6d8d	docs/spikes/s07-sustained-driver-evidence/sustained/traversals.jsonl.gz
100644 blob 458d49f0a7618908fcceb6b12fa1c00b58f7f91e	docs/spikes/s07-sustained-driver.md
100644 blob ce2a8f785f463b20db694ab1e6220404b5aa5fe4	docs/spikes/s07.md
100644 blob 32abef01befc27ec61a859decd362c7841297379	docs/spikes/s08-c-stability-evidence/README.md
100644 blob 0f23f791df4be9aafd77d4705a4bc4f8562a862b	docs/spikes/s08-c-stability-evidence/SHA256SUMS
100644 blob 982d6e641b5e31b982f9880adc93743869abf0eb	docs/spikes/s08-c-stability-evidence/author/city-192.stdout
100644 blob dbf833f5b4fc48ee30c4cd803f502ebf555ab2d6	docs/spikes/s08-c-stability-evidence/author/city-288.stdout
100644 blob e16bf60bc88ee0262b78d018c40ff802a31abe7f	docs/spikes/s08-c-stability-evidence/bisect-192/city-192-repeat-1/case.json
100644 blob cc3c534aedfad59de6d906f70071782d6ec16146	docs/spikes/s08-c-stability-evidence/bisect-192/city-192-repeat-1/engine.log
100644 blob 91dd5b068e3a006183d23f0511ef7f0f39b9be6f	docs/spikes/s08-c-stability-evidence/bisect-192/city-192-repeat-1/frames.f64
100644 blob d8997356e2fbfb59b02373934f6c1be9b3d2a4e4	docs/spikes/s08-c-stability-evidence/bisect-192/city-192-repeat-1/memory.json
100644 blob 76055459fc5bd5c7e4889008e5f2e310cce54cea	docs/spikes/s08-c-stability-evidence/bisect-192/city-192-repeat-1/result.json
100644 blob e69de29bb2d1d6434b8b29ae775ad8c2e48c5391	docs/spikes/s08-c-stability-evidence/bisect-192/city-192-repeat-1/stderr.log
100644 blob cc3c534aedfad59de6d906f70071782d6ec16146	docs/spikes/s08-c-stability-evidence/bisect-192/city-192-repeat-1/stdout.log
100644 blob f523df23597e417be92cb424c2144b2947b07a09	docs/spikes/s08-c-stability-evidence/bisect-192/import.log
100644 blob 7dabeed8272a42f1888cf15e58a3f7c0c8c0c2b0	docs/spikes/s08-c-stability-evidence/bisect-192/summary.json
100644 blob 50bd6020acc129b4fab1daeb5b843819f978f14b	docs/spikes/s08-c-stability-evidence/bisect-288/city-288-repeat-1/case.json
100644 blob cc3c534aedfad59de6d906f70071782d6ec16146	docs/spikes/s08-c-stability-evidence/bisect-288/city-288-repeat-1/engine.log
100644 blob 632c83fe57c5df3a8f4e6ed07725ab712df50f02	docs/spikes/s08-c-stability-evidence/bisect-288/city-288-repeat-1/frames.f64
100644 blob 687ae013a9befda293478a8772623372778e0ec3	docs/spikes/s08-c-stability-evidence/bisect-288/city-288-repeat-1/memory.json
100644 blob db183885dd8fe436f4c64bce0efd2736f2a859ba	docs/spikes/s08-c-stability-evidence/bisect-288/city-288-repeat-1/result.json
100644 blob e69de29bb2d1d6434b8b29ae775ad8c2e48c5391	docs/spikes/s08-c-stability-evidence/bisect-288/city-288-repeat-1/stderr.log
100644 blob cc3c534aedfad59de6d906f70071782d6ec16146	docs/spikes/s08-c-stability-evidence/bisect-288/city-288-repeat-1/stdout.log
100644 blob f523df23597e417be92cb424c2144b2947b07a09	docs/spikes/s08-c-stability-evidence/bisect-288/import.log
100644 blob 06cee9fd9cf85f4614125cc2c685c5b60cd8ae61	docs/spikes/s08-c-stability-evidence/bisect-288/summary.json
100644 blob b74e43a1acfd857cd5d16c8876b5f5b9b9610dbc	docs/spikes/s08-c-stability-evidence/bisect-process-counts.txt
100644 blob 435d85c334e54250f0c046c6d2cdb85290b8ba30	docs/spikes/s08-c-stability-evidence/commands.txt
100644 blob e55b2ae7c0ba07153c14a6a6110f2f18f5f405a7	docs/spikes/s08-c-stability-evidence/files.txt
100644 blob e69de29bb2d1d6434b8b29ae775ad8c2e48c5391	docs/spikes/s08-c-stability-evidence/quiet-384-dumps.txt
100644 blob 283cda96121a0ffada2231373f35a810a6347261	docs/spikes/s08-c-stability-evidence/quiet-384-process-count.txt
100644 blob 475971c4f85731fe0b7afe5981a675b4ffb60e94	docs/spikes/s08-c-stability-evidence/quiet-384/city-384-repeat-1/case.json
100644 blob cc3c534aedfad59de6d906f70071782d6ec16146	docs/spikes/s08-c-stability-evidence/quiet-384/city-384-repeat-1/engine.log
100644 blob 91dedb881324ff29cafae1566afc09431cc40e6c	docs/spikes/s08-c-stability-evidence/quiet-384/city-384-repeat-1/frames.f64
100644 blob 3ad79ba0d0fcd5c972ba8b6b6d66a6d9a570fe0c	docs/spikes/s08-c-stability-evidence/quiet-384/city-384-repeat-1/memory.json
100644 blob 99460a18921f69e4ed6134fbe72cf0002b0449cc	docs/spikes/s08-c-stability-evidence/quiet-384/city-384-repeat-1/result.json
100644 blob e69de29bb2d1d6434b8b29ae775ad8c2e48c5391	docs/spikes/s08-c-stability-evidence/quiet-384/city-384-repeat-1/stderr.log
100644 blob cc3c534aedfad59de6d906f70071782d6ec16146	docs/spikes/s08-c-stability-evidence/quiet-384/city-384-repeat-1/stdout.log
100644 blob 4fb4fe9a7127efffa9b306c05ee222e9a1654528	docs/spikes/s08-c-stability-evidence/quiet-384/city-384-repeat-2/case.json
100644 blob cc3c534aedfad59de6d906f70071782d6ec16146	docs/spikes/s08-c-stability-evidence/quiet-384/city-384-repeat-2/engine.log
100644 blob e28d79aa5529b89c9523a4a0ccff657b7a8cd490	docs/spikes/s08-c-stability-evidence/quiet-384/city-384-repeat-2/frames.f64
100644 blob 83d1c0f2501ab934792e0b1739b045dccc8982b5	docs/spikes/s08-c-stability-evidence/quiet-384/city-384-repeat-2/memory.json
100644 blob d1ccf5cce088736d2df53c1dd384d54260c888f8	docs/spikes/s08-c-stability-evidence/quiet-384/city-384-repeat-2/result.json
100644 blob e69de29bb2d1d6434b8b29ae775ad8c2e48c5391	docs/spikes/s08-c-stability-evidence/quiet-384/city-384-repeat-2/stderr.log
100644 blob cc3c534aedfad59de6d906f70071782d6ec16146	docs/spikes/s08-c-stability-evidence/quiet-384/city-384-repeat-2/stdout.log
100644 blob f523df23597e417be92cb424c2144b2947b07a09	docs/spikes/s08-c-stability-evidence/quiet-384/import.log
100644 blob 2bb9f63b1bb743e6120cdfad677686c55480ef05	docs/spikes/s08-c-stability-evidence/quiet-384/summary.json
100644 blob df5cbef1c47046c75059d7c96239327299a0a95b	docs/spikes/s08-c-stability-evidence/source-manifest.json
100644 blob 6a0a87970aa72388eb9bfa6f666a3d91b7a5a8d5	docs/spikes/s08-c-stability-evidence/wer-localdumps.json
100644 blob f562050a60389050a928332d101095b999abe8d9	docs/spikes/s08-c-stability-evidence/wer-procedure-check/add-dump-count.txt
100644 blob f562050a60389050a928332d101095b999abe8d9	docs/spikes/s08-c-stability-evidence/wer-procedure-check/add-dump-folder.txt
100644 blob f562050a60389050a928332d101095b999abe8d9	docs/spikes/s08-c-stability-evidence/wer-procedure-check/add-dump-type.txt
100644 blob 573541ac9702dd3969c9bc859d2b91ec1f7e6e56	docs/spikes/s08-c-stability-evidence/wer-procedure-check/configured-query-exit.txt
100644 blob bec92d3b89ab09206cf848a20c463c9c14706c07	docs/spikes/s08-c-stability-evidence/wer-procedure-check/configured-query.txt
100644 blob f562050a60389050a928332d101095b999abe8d9	docs/spikes/s08-c-stability-evidence/wer-procedure-check/delete.txt
100644 blob d00491fd7e5bb6fa28c517a0bb32b8b506539d4d	docs/spikes/s08-c-stability-evidence/wer-procedure-check/post-query-exit.txt
100644 blob 5b818fc418af0e6f609198b99990e38686c6a274	docs/spikes/s08-c-stability-evidence/wer-procedure-check/post-query.txt
100644 blob d00491fd7e5bb6fa28c517a0bb32b8b506539d4d	docs/spikes/s08-c-stability-evidence/wer-procedure-check/pre-query-exit.txt
100644 blob 5b818fc418af0e6f609198b99990e38686c6a274	docs/spikes/s08-c-stability-evidence/wer-procedure-check/pre-query.txt
100644 blob 445a2efe4acec622c476b9f4dc6915948e678da4	docs/spikes/s08-c-stability.md
100644 blob 0242cff0324401ee110abce5683e67ed3faa5dc9	docs/spikes/s08-exported-enet-handoff-evidence/README.md
100644 blob e69de29bb2d1d6434b8b29ae775ad8c2e48c5391	docs/spikes/s08-exported-enet-handoff-evidence/bind.stderr
100644 blob 58b11a971cdf617491efd6e6556bb69eb6626fc3	docs/spikes/s08-exported-enet-handoff-evidence/bind.stdout
100644 blob ef768d116168ce19c3dfc0003d273e26b9b3894c	docs/spikes/s08-exported-enet-handoff-evidence/commands.json
100644 blob 5bb8a826eb48a6575dd87a52f59033204468ef6c	docs/spikes/s08-exported-enet-handoff-evidence/index.json
100644 blob ed16067a5c4c3135a2b261d27acc2ae784bcca7d	docs/spikes/s08-exported-enet-handoff-evidence/launch-receipt.json
100644 blob 4670f4db26cb94b51f0a71f29de103859fed0ad9	docs/spikes/s08-exported-enet-handoff-evidence/network-expected.json
100644 blob e69de29bb2d1d6434b8b29ae775ad8c2e48c5391	docs/spikes/s08-exported-enet-handoff-evidence/offline.stderr
100644 blob d95ee3ba83a97ff2813893164e196a2ad0ccf6d1	docs/spikes/s08-exported-enet-handoff-evidence/offline.stdout
100644 blob 6b481029a7d4768757959519691e35bb9078be2c	docs/spikes/s08-exported-enet-handoff-evidence/offline/coalesced-failure/enet/host/command.json
100644 blob e69de29bb2d1d6434b8b29ae775ad8c2e48c5391	docs/spikes/s08-exported-enet-handoff-evidence/offline/coalesced-failure/enet/host/engine.log
100644 blob e69de29bb2d1d6434b8b29ae775ad8c2e48c5391	docs/spikes/s08-exported-enet-handoff-evidence/offline/coalesced-failure/enet/host/stderr.log
100644 blob 57ba69b70e3c7abd9dd93300713a8907fb33646b	docs/spikes/s08-exported-enet-handoff-evidence/offline/coalesced-failure/enet/host/stdout.log
100644 blob e69de29bb2d1d6434b8b29ae775ad8c2e48c5391	docs/spikes/s08-exported-enet-handoff-evidence/offline/coalesced-failure/enet/proxy.jsonl
100644 blob 920fee9a7cbf0247e79d6687e6aba0b5ff274f1c	docs/spikes/s08-exported-enet-handoff-evidence/offline/coalesced-failure/enet/result.json
100644 blob e69de29bb2d1d6434b8b29ae775ad8c2e48c5391	docs/spikes/s08-exported-enet-handoff-evidence/offline/compile.stderr
100644 blob e69de29bb2d1d6434b8b29ae775ad8c2e48c5391	docs/spikes/s08-exported-enet-handoff-evidence/offline/compile.stdout
100644 blob e69de29bb2d1d6434b8b29ae775ad8c2e48c5391	docs/spikes/s08-exported-enet-handoff-evidence/offline/line-buffered.stderr
100644 blob 6d14c730b99cf3766af311c073a9675efcf7047e	docs/spikes/s08-exported-enet-handoff-evidence/offline/line-buffered.stdout
100644 blob 64208967422859796de53677ba908e0101f6e240	docs/spikes/s08-exported-enet-handoff-evidence/offline/logger.c
100644 blob 658794096ab19bff730a8fe15e662c84fd5e88ce	docs/spikes/s08-exported-enet-handoff-evidence/offline/observe-executed.py
100644 blob 19636f0e714c28411acd02f8c647b0b2a8ec148c	docs/spikes/s08-exported-enet-handoff-evidence/offline/partial/enet/host/command.json
100644 blob e69de29bb2d1d6434b8b29ae775ad8c2e48c5391	docs/spikes/s08-exported-enet-handoff-evidence/offline/partial/enet/host/engine.log
100644 blob e69de29bb2d1d6434b8b29ae775ad8c2e48c5391	docs/spikes/s08-exported-enet-handoff-evidence/offline/partial/enet/host/stderr.log
100644 blob 57ba69b70e3c7abd9dd93300713a8907fb33646b	docs/spikes/s08-exported-enet-handoff-evidence/offline/partial/enet/host/stdout.log
100644 blob e69de29bb2d1d6434b8b29ae775ad8c2e48c5391	docs/spikes/s08-exported-enet-handoff-evidence/offline/partial/enet/proxy.jsonl
100644 blob d22c704f20b0a0b61761e23be946d2164cd32941	docs/spikes/s08-exported-enet-handoff-evidence/offline/partial/enet/result.json
100644 blob e69de29bb2d1d6434b8b29ae775ad8c2e48c5391	docs/spikes/s08-exported-enet-handoff-evidence/offline/regular.stderr
100644 blob 6d14c730b99cf3766af311c073a9675efcf7047e	docs/spikes/s08-exported-enet-handoff-evidence/offline/regular.stdout
100644 blob ce071276494e274ac1113e91107ac249e3968d47	docs/spikes/s08-exported-enet-handoff-evidence/offline/result.json
100644 blob 0ea72ab704ef082d9424d24a2f50504b1f32b16a	docs/spikes/s08-exported-enet-handoff-evidence/offline/silent-deadline/enet/host/command.json
100644 blob e69de29bb2d1d6434b8b29ae775ad8c2e48c5391	docs/spikes/s08-exported-enet-handoff-evidence/offline/silent-deadline/enet/host/engine.log
100644 blob e69de29bb2d1d6434b8b29ae775ad8c2e48c5391	docs/spikes/s08-exported-enet-handoff-evidence/offline/silent-deadline/enet/host/stderr.log
100644 blob e69de29bb2d1d6434b8b29ae775ad8c2e48c5391	docs/spikes/s08-exported-enet-handoff-evidence/offline/silent-deadline/enet/host/stdout.log
100644 blob e69de29bb2d1d6434b8b29ae775ad8c2e48c5391	docs/spikes/s08-exported-enet-handoff-evidence/offline/silent-deadline/enet/proxy.jsonl
100644 blob 432343add92b52331246da840c97212120cbfa66	docs/spikes/s08-exported-enet-handoff-evidence/offline/silent-deadline/enet/result.json
100644 blob f704079b2a312ce4eb62b90acf870ab4ff3c085b	docs/spikes/s08-exported-enet-handoff-evidence/preflight-expected.json
100644 blob 7b95c70b8408ab863af3eb7c6827e317374e5822	docs/spikes/s08-exported-enet-handoff-evidence/raw-requirements.md
100644 blob db77dcd4bb80420042d23211dce870df8ff034d6	docs/spikes/s08-exported-enet-handoff-evidence/review-fix/accepted-cleanup-TODO.md
100644 blob 9aa6e35c8b71e7972ef335f8dc8753122a352c84	docs/spikes/s08-exported-enet-handoff-evidence/review-fix/commands.json
100644 blob 19f4e43991e71f8e636dc7c7990cac367f8d2a73	docs/spikes/s08-exported-enet-handoff-evidence/review-fix/expected.json
100644 blob 4734ec7a2ace5d6bde1efd9f7cd7e0ce7e6fa3f9	docs/spikes/s08-exported-enet-handoff-evidence/review-fix/fix-boundaries01.stderr
100644 blob e69de29bb2d1d6434b8b29ae775ad8c2e48c5391	docs/spikes/s08-exported-enet-handoff-evidence/review-fix/fix-boundaries01.stdout
100644 blob d5624b49332cd8f752c93a1a5b57f680228b4ff2	docs/spikes/s08-exported-enet-handoff-evidence/review-fix/fix-boundaries01/after/enet/host/command.json
100644 blob e69de29bb2d1d6434b8b29ae775ad8c2e48c5391	docs/spikes/s08-exported-enet-handoff-evidence/review-fix/fix-boundaries01/after/enet/host/engine.log
100644 blob e69de29bb2d1d6434b8b29ae775ad8c2e48c5391	docs/spikes/s08-exported-enet-handoff-evidence/review-fix/fix-boundaries01/after/enet/host/stderr.log
100644 blob f155d92893c9839c928b36a855d8c406b83c9ac4	docs/spikes/s08-exported-enet-handoff-evidence/review-fix/fix-boundaries01/after/enet/host/stdout.log
100644 blob e69de29bb2d1d6434b8b29ae775ad8c2e48c5391	docs/spikes/s08-exported-enet-handoff-evidence/review-fix/fix-boundaries01/after/enet/proxy.jsonl
100644 blob 4e04540a36bef7cdb7b4f16573bfbb543e332602	docs/spikes/s08-exported-enet-handoff-evidence/review-fix/fix-boundaries01/after/enet/result.json
100644 blob 459701d936989962104b2b7c95dd05f427927ad2	docs/spikes/s08-exported-enet-handoff-evidence/review-fix/fix-boundaries01/at/enet/host/command.json
100644 blob e69de29bb2d1d6434b8b29ae775ad8c2e48c5391	docs/spikes/s08-exported-enet-handoff-evidence/review-fix/fix-boundaries01/at/enet/host/engine.log
100644 blob e69de29bb2d1d6434b8b29ae775ad8c2e48c5391	docs/spikes/s08-exported-enet-handoff-evidence/review-fix/fix-boundaries01/at/enet/host/stderr.log
100644 blob f155d92893c9839c928b36a855d8c406b83c9ac4	docs/spikes/s08-exported-enet-handoff-evidence/review-fix/fix-boundaries01/at/enet/host/stdout.log
100644 blob e69de29bb2d1d6434b8b29ae775ad8c2e48c5391	docs/spikes/s08-exported-enet-handoff-evidence/review-fix/fix-boundaries01/at/enet/proxy.jsonl
100644 blob d233550048299aa2896b4c5a3f1bc6fe9a879a23	docs/spikes/s08-exported-enet-handoff-evidence/review-fix/fix-boundaries01/at/enet/result.json
100644 blob 1e540d2e01c75afa9675ec06c4ff5b738a280693	docs/spikes/s08-exported-enet-handoff-evidence/review-fix/fix-boundaries01/before/enet/client/command.json
100644 blob e69de29bb2d1d6434b8b29ae775ad8c2e48c5391	docs/spikes/s08-exported-enet-handoff-evidence/review-fix/fix-boundaries01/before/enet/client/engine.log
100644 blob e69de29bb2d1d6434b8b29ae775ad8c2e48c5391	docs/spikes/s08-exported-enet-handoff-evidence/review-fix/fix-boundaries01/before/enet/client/stderr.log
100644 blob e69de29bb2d1d6434b8b29ae775ad8c2e48c5391	docs/spikes/s08-exported-enet-handoff-evidence/review-fix/fix-boundaries01/before/enet/client/stdout.log
100644 blob c8eeb1d6ad062054ad22a5f386f5578520e53e3f	docs/spikes/s08-exported-enet-handoff-evidence/review-fix/fix-boundaries01/before/enet/host/command.json
100644 blob e69de29bb2d1d6434b8b29ae775ad8c2e48c5391	docs/spikes/s08-exported-enet-handoff-evidence/review-fix/fix-boundaries01/before/enet/host/engine.log
100644 blob e69de29bb2d1d6434b8b29ae775ad8c2e48c5391	docs/spikes/s08-exported-enet-handoff-evidence/review-fix/fix-boundaries01/before/enet/host/stderr.log
100644 blob f155d92893c9839c928b36a855d8c406b83c9ac4	docs/spikes/s08-exported-enet-handoff-evidence/review-fix/fix-boundaries01/before/enet/host/stdout.log
100644 blob e69de29bb2d1d6434b8b29ae775ad8c2e48c5391	docs/spikes/s08-exported-enet-handoff-evidence/review-fix/fix-boundaries01/before/enet/proxy.jsonl
100644 blob b98e48b66296b49cafb8bf347f71bf3f007e57f8	docs/spikes/s08-exported-enet-handoff-evidence/review-fix/fix-boundaries01/before/enet/result.json
100644 blob 953e1e95b3e8534e113c1de2db9f9deba5093eba	docs/spikes/s08-exported-enet-handoff-evidence/review-fix/fix-boundaries01/coalesced-after/enet/host/command.json
100644 blob e69de29bb2d1d6434b8b29ae775ad8c2e48c5391	docs/spikes/s08-exported-enet-handoff-evidence/review-fix/fix-boundaries01/coalesced-after/enet/host/engine.log
100644 blob e69de29bb2d1d6434b8b29ae775ad8c2e48c5391	docs/spikes/s08-exported-enet-handoff-evidence/review-fix/fix-boundaries01/coalesced-after/enet/host/stderr.log
100644 blob 2b072fa0a89db80e85a83703b485d5285710f576	docs/spikes/s08-exported-enet-handoff-evidence/review-fix/fix-boundaries01/coalesced-after/enet/host/stdout.log
100644 blob e69de29bb2d1d6434b8b29ae775ad8c2e48c5391	docs/spikes/s08-exported-enet-handoff-evidence/review-fix/fix-boundaries01/coalesced-after/enet/proxy.jsonl
100644 blob 6c421817ecb4b11eb15ff1b97f8754da8551fbf2	docs/spikes/s08-exported-enet-handoff-evidence/review-fix/fix-boundaries01/coalesced-after/enet/result.json
100644 blob c654d3a622b61e747aec6a05f7e4ddf68b7c855e	docs/spikes/s08-exported-enet-handoff-evidence/review-fix/fix-boundaries01/coalesced-before/enet/host/command.json
100644 blob e69de29bb2d1d6434b8b29ae775ad8c2e48c5391	docs/spikes/s08-exported-enet-handoff-evidence/review-fix/fix-boundaries01/coalesced-before/enet/host/engine.log
100644 blob e69de29bb2d1d6434b8b29ae775ad8c2e48c5391	docs/spikes/s08-exported-enet-handoff-evidence/review-fix/fix-boundaries01/coalesced-before/enet/host/stderr.log
100644 blob 2b072fa0a89db80e85a83703b485d5285710f576	docs/spikes/s08-exported-enet-handoff-evidence/review-fix/fix-boundaries01/coalesced-before/enet/host/stdout.log
100644 blob e69de29bb2d1d6434b8b29ae775ad8c2e48c5391	docs/spikes/s08-exported-enet-handoff-evidence/review-fix/fix-boundaries01/coalesced-before/enet/proxy.jsonl
100644 blob 97367e99cb1276bf6bb3c168dfc418e6d2a1aba7	docs/spikes/s08-exported-enet-handoff-evidence/review-fix/fix-boundaries01/coalesced-before/enet/result.json
100644 blob 0c46b6ed492ec9d7b02de5981c89f1d43c8db3ba	docs/spikes/s08-exported-enet-handoff-evidence/review-fix/fix-boundaries01/fragment-late/enet/host/command.json
100644 blob e69de29bb2d1d6434b8b29ae775ad8c2e48c5391	docs/spikes/s08-exported-enet-handoff-evidence/review-fix/fix-boundaries01/fragment-late/enet/host/engine.log
100644 blob e69de29bb2d1d6434b8b29ae775ad8c2e48c5391	docs/spikes/s08-exported-enet-handoff-evidence/review-fix/fix-boundaries01/fragment-late/enet/host/stderr.log
100644 blob f155d92893c9839c928b36a855d8c406b83c9ac4	docs/spikes/s08-exported-enet-handoff-evidence/review-fix/fix-boundaries01/fragment-late/enet/host/stdout.log
100644 blob e69de29bb2d1d6434b8b29ae775ad8c2e48c5391	docs/spikes/s08-exported-enet-handoff-evidence/review-fix/fix-boundaries01/fragment-late/enet/proxy.jsonl
100644 blob b0cb5ed4a31ae5b0731e9d507a90ed2cab343537	docs/spikes/s08-exported-enet-handoff-evidence/review-fix/fix-boundaries01/fragment-late/enet/result.json
100644 blob e69de29bb2d1d6434b8b29ae775ad8c2e48c5391	docs/spikes/s08-exported-enet-handoff-evidence/review-fix/fix-boundaries01/setup-expiry/enet/client/engine.log
100644 blob e69de29bb2d1d6434b8b29ae775ad8c2e48c5391	docs/spikes/s08-exported-enet-handoff-evidence/review-fix/fix-boundaries01/setup-expiry/enet/client/stderr.log
100644 blob e69de29bb2d1d6434b8b29ae775ad8c2e48c5391	docs/spikes/s08-exported-enet-handoff-evidence/review-fix/fix-boundaries01/setup-expiry/enet/client/stdout.log
100644 blob 851dac0ca4343d1597684247b61e8be82151094e	docs/spikes/s08-exported-enet-handoff-evidence/review-fix/fix-boundaries01/setup-expiry/enet/host/command.json
100644 blob e69de29bb2d1d6434b8b29ae775ad8c2e48c5391	docs/spikes/s08-exported-enet-handoff-evidence/review-fix/fix-boundaries01/setup-expiry/enet/host/engine.log
100644 blob e69de29bb2d1d6434b8b29ae775ad8c2e48c5391	docs/spikes/s08-exported-enet-handoff-evidence/review-fix/fix-boundaries01/setup-expiry/enet/host/stderr.log
100644 blob f155d92893c9839c928b36a855d8c406b83c9ac4	docs/spikes/s08-exported-enet-handoff-evidence/review-fix/fix-boundaries01/setup-expiry/enet/host/stdout.log
100644 blob e69de29bb2d1d6434b8b29ae775ad8c2e48c5391	docs/spikes/s08-exported-enet-handoff-evidence/review-fix/fix-boundaries01/setup-expiry/enet/proxy.jsonl
100644 blob a498641334a4e26ebda8a8267f2191984be4d9df	docs/spikes/s08-exported-enet-handoff-evidence/review-fix/fix-boundaries01/setup-expiry/enet/result.json
100644 blob 0b3c2fbe48a811ac65d1be80c6aa9035f6c65379	docs/spikes/s08-exported-enet-handoff-evidence/review-fix/fix-boundaries01/sources/handoff_boundaries.py
100644 blob 5a32cbf77cae12d508e5b418d5b0c19a76a25556	docs/spikes/s08-exported-enet-handoff-evidence/review-fix/fix-boundaries01/sources/handoff_cleanup.py
100644 blob 3213cdf443dfc23e4560184dae61b0a3892fa9f9	docs/spikes/s08-exported-enet-handoff-evidence/review-fix/fix-boundaries01/sources/observe.py
100644 blob e69de29bb2d1d6434b8b29ae775ad8c2e48c5391	docs/spikes/s08-exported-enet-handoff-evidence/review-fix/fix-boundaries02.stderr
100644 blob 847643f378c96054ca57561e24202b0c01e655bf	docs/spikes/s08-exported-enet-handoff-evidence/review-fix/fix-boundaries02.stdout
100644 blob cef163c38298c4d45ce74374e2f45515979f2f5f	docs/spikes/s08-exported-enet-handoff-evidence/review-fix/fix-boundaries02/after/enet/host/command.json
100644 blob e69de29bb2d1d6434b8b29ae775ad8c2e48c5391	docs/spikes/s08-exported-enet-handoff-evidence/review-fix/fix-boundaries02/after/enet/host/engine.log
100644 blob e69de29bb2d1d6434b8b29ae775ad8c2e48c5391	docs/spikes/s08-exported-enet-handoff-evidence/review-fix/fix-boundaries02/after/enet/host/stderr.log
100644 blob f155d92893c9839c928b36a855d8c406b83c9ac4	docs/spikes/s08-exported-enet-handoff-evidence/review-fix/fix-boundaries02/after/enet/host/stdout.log
100644 blob e69de29bb2d1d6434b8b29ae775ad8c2e48c5391	docs/spikes/s08-exported-enet-handoff-evidence/review-fix/fix-boundaries02/after/enet/proxy.jsonl
100644 blob d8cb13a40de2d0ef7b1c426d2535a52ae5151035	docs/spikes/s08-exported-enet-handoff-evidence/review-fix/fix-boundaries02/after/enet/result.json
100644 blob 9a3e9a494908bea881d18a0a624095c8c96f54ee	docs/spikes/s08-exported-enet-handoff-evidence/review-fix/fix-boundaries02/at/enet/host/command.json
100644 blob e69de29bb2d1d6434b8b29ae775ad8c2e48c5391	docs/spikes/s08-exported-enet-handoff-evidence/review-fix/fix-boundaries02/at/enet/host/engine.log
100644 blob e69de29bb2d1d6434b8b29ae775ad8c2e48c5391	docs/spikes/s08-exported-enet-handoff-evidence/review-fix/fix-boundaries02/at/enet/host/stderr.log
100644 blob f155d92893c9839c928b36a855d8c406b83c9ac4	docs/spikes/s08-exported-enet-handoff-evidence/review-fix/fix-boundaries02/at/enet/host/stdout.log
100644 blob e69de29bb2d1d6434b8b29ae775ad8c2e48c5391	docs/spikes/s08-exported-enet-handoff-evidence/review-fix/fix-boundaries02/at/enet/proxy.jsonl
100644 blob 29ce5438be461de169f51d313af154b3bb237230	docs/spikes/s08-exported-enet-handoff-evidence/review-fix/fix-boundaries02/at/enet/result.json
100644 blob 4786b393594313222b84f12a3e4dac2c460a3028	docs/spikes/s08-exported-enet-handoff-evidence/review-fix/fix-boundaries02/before/enet/client/command.json
100644 blob e69de29bb2d1d6434b8b29ae775ad8c2e48c5391	docs/spikes/s08-exported-enet-handoff-evidence/review-fix/fix-boundaries02/before/enet/client/engine.log
100644 blob e69de29bb2d1d6434b8b29ae775ad8c2e48c5391	docs/spikes/s08-exported-enet-handoff-evidence/review-fix/fix-boundaries02/before/enet/client/stderr.log
100644 blob e69de29bb2d1d6434b8b29ae775ad8c2e48c5391	docs/spikes/s08-exported-enet-handoff-evidence/review-fix/fix-boundaries02/before/enet/client/stdout.log
100644 blob 334e52a9dcc12be7ae212992a411a2351d992052	docs/spikes/s08-exported-enet-handoff-evidence/review-fix/fix-boundaries02/before/enet/host/command.json
100644 blob e69de29bb2d1d6434b8b29ae775ad8c2e48c5391	docs/spikes/s08-exported-enet-handoff-evidence/review-fix/fix-boundaries02/before/enet/host/engine.log
100644 blob e69de29bb2d1d6434b8b29ae775ad8c2e48c5391	docs/spikes/s08-exported-enet-handoff-evidence/review-fix/fix-boundaries02/before/enet/host/stderr.log
100644 blob f155d92893c9839c928b36a855d8c406b83c9ac4	docs/spikes/s08-exported-enet-handoff-evidence/review-fix/fix-boundaries02/before/enet/host/stdout.log
100644 blob e69de29bb2d1d6434b8b29ae775ad8c2e48c5391	docs/spikes/s08-exported-enet-handoff-evidence/review-fix/fix-boundaries02/before/enet/proxy.jsonl
100644 blob 8138ded78b9cc5ad3e754cdff8c8ef72ebbf45a7	docs/spikes/s08-exported-enet-handoff-evidence/review-fix/fix-boundaries02/before/enet/result.json
100644 blob c901e46a03a5dc0d6724e1a80982b2ee3e0b816e	docs/spikes/s08-exported-enet-handoff-evidence/review-fix/fix-boundaries02/coalesced-after/enet/host/command.json
100644 blob e69de29bb2d1d6434b8b29ae775ad8c2e48c5391	docs/spikes/s08-exported-enet-handoff-evidence/review-fix/fix-boundaries02/coalesced-after/enet/host/engine.log
100644 blob e69de29bb2d1d6434b8b29ae775ad8c2e48c5391	docs/spikes/s08-exported-enet-handoff-evidence/review-fix/fix-boundaries02/coalesced-after/enet/host/stderr.log
100644 blob 2b072fa0a89db80e85a83703b485d5285710f576	docs/spikes/s08-exported-enet-handoff-evidence/review-fix/fix-boundaries02/coalesced-after/enet/host/stdout.log
100644 blob e69de29bb2d1d6434b8b29ae775ad8c2e48c5391	docs/spikes/s08-exported-enet-handoff-evidence/review-fix/fix-boundaries02/coalesced-after/enet/proxy.jsonl
100644 blob 9f18039c7ae198b9301101663f653bccf13d4444	docs/spikes/s08-exported-enet-handoff-evidence/review-fix/fix-boundaries02/coalesced-after/enet/result.json
100644 blob e956b53b13e3d0819ec1fa578d9051a956b53552	docs/spikes/s08-exported-enet-handoff-evidence/review-fix/fix-boundaries02/coalesced-before/enet/host/command.json
100644 blob e69de29bb2d1d6434b8b29ae775ad8c2e48c5391	docs/spikes/s08-exported-enet-handoff-evidence/review-fix/fix-boundaries02/coalesced-before/enet/host/engine.log
100644 blob e69de29bb2d1d6434b8b29ae775ad8c2e48c5391	docs/spikes/s08-exported-enet-handoff-evidence/review-fix/fix-boundaries02/coalesced-before/enet/host/stderr.log
100644 blob 2b072fa0a89db80e85a83703b485d5285710f576	docs/spikes/s08-exported-enet-handoff-evidence/review-fix/fix-boundaries02/coalesced-before/enet/host/stdout.log
100644 blob e69de29bb2d1d6434b8b29ae775ad8c2e48c5391	docs/spikes/s08-exported-enet-handoff-evidence/review-fix/fix-boundaries02/coalesced-before/enet/proxy.jsonl
100644 blob 5b4aac614d65a6fb058e8839c8356328b33e5ef4	docs/spikes/s08-exported-enet-handoff-evidence/review-fix/fix-boundaries02/coalesced-before/enet/result.json
100644 blob cd4f389504f434ebdcb1a6aee357a33380506e8a	docs/spikes/s08-exported-enet-handoff-evidence/review-fix/fix-boundaries02/errors/enet/client/command.json
100644 blob e69de29bb2d1d6434b8b29ae775ad8c2e48c5391	docs/spikes/s08-exported-enet-handoff-evidence/review-fix/fix-boundaries02/errors/enet/client/engine.log
100644 blob e69de29bb2d1d6434b8b29ae775ad8c2e48c5391	docs/spikes/s08-exported-enet-handoff-evidence/review-fix/fix-boundaries02/errors/enet/client/stderr.log
100644 blob e69de29bb2d1d6434b8b29ae775ad8c2e48c5391	docs/spikes/s08-exported-enet-handoff-evidence/review-fix/fix-boundaries02/errors/enet/client/stdout.log
100644 blob 51bf62800c9fe0299c992e293c53a23ffdb244f5	docs/spikes/s08-exported-enet-handoff-evidence/review-fix/fix-boundaries02/errors/enet/host/command.json
100644 blob e69de29bb2d1d6434b8b29ae775ad8c2e48c5391	docs/spikes/s08-exported-enet-handoff-evidence/review-fix/fix-boundaries02/errors/enet/host/engine.log
100644 blob e69de29bb2d1d6434b8b29ae775ad8c2e48c5391	docs/spikes/s08-exported-enet-handoff-evidence/review-fix/fix-boundaries02/errors/enet/host/stderr.log
100644 blob f155d92893c9839c928b36a855d8c406b83c9ac4	docs/spikes/s08-exported-enet-handoff-evidence/review-fix/fix-boundaries02/errors/enet/host/stdout.log
100644 blob e69de29bb2d1d6434b8b29ae775ad8c2e48c5391	docs/spikes/s08-exported-enet-handoff-evidence/review-fix/fix-boundaries02/errors/enet/proxy.jsonl
100644 blob c989dac6ee5b3fb205c046cbca1b80a4a30ce783	docs/spikes/s08-exported-enet-handoff-evidence/review-fix/fix-boundaries02/errors/enet/result.json
100644 blob b883d4c50e593dfd46afb774fa853042ba28b985	docs/spikes/s08-exported-enet-handoff-evidence/review-fix/fix-boundaries02/fragment-late/enet/host/command.json
100644 blob e69de29bb2d1d6434b8b29ae775ad8c2e48c5391	docs/spikes/s08-exported-enet-handoff-evidence/review-fix/fix-boundaries02/fragment-late/enet/host/engine.log
100644 blob e69de29bb2d1d6434b8b29ae775ad8c2e48c5391	docs/spikes/s08-exported-enet-handoff-evidence/review-fix/fix-boundaries02/fragment-late/enet/host/stderr.log
100644 blob f155d92893c9839c928b36a855d8c406b83c9ac4	docs/spikes/s08-exported-enet-handoff-evidence/review-fix/fix-boundaries02/fragment-late/enet/host/stdout.log
100644 blob e69de29bb2d1d6434b8b29ae775ad8c2e48c5391	docs/spikes/s08-exported-enet-handoff-evidence/review-fix/fix-boundaries02/fragment-late/enet/proxy.jsonl
100644 blob 17eacd20e047f3b043600cdad6861d2eb15c6533	docs/spikes/s08-exported-enet-handoff-evidence/review-fix/fix-boundaries02/fragment-late/enet/result.json
100644 blob 89b058b7b69e18a85c2be9641ceb56401063ecaf	docs/spikes/s08-exported-enet-handoff-evidence/review-fix/fix-boundaries02/result.json
100644 blob e69de29bb2d1d6434b8b29ae775ad8c2e48c5391	docs/spikes/s08-exported-enet-handoff-evidence/review-fix/fix-boundaries02/setup-expiry/enet/client/engine.log
100644 blob e69de29bb2d1d6434b8b29ae775ad8c2e48c5391	docs/spikes/s08-exported-enet-handoff-evidence/review-fix/fix-boundaries02/setup-expiry/enet/client/stderr.log
100644 blob e69de29bb2d1d6434b8b29ae775ad8c2e48c5391	docs/spikes/s08-exported-enet-handoff-evidence/review-fix/fix-boundaries02/setup-expiry/enet/client/stdout.log
100644 blob 4e372f86a4963a7467faa74e033a8908c608a3bd	docs/spikes/s08-exported-enet-handoff-evidence/review-fix/fix-boundaries02/setup-expiry/enet/host/command.json
100644 blob e69de29bb2d1d6434b8b29ae775ad8c2e48c5391	docs/spikes/s08-exported-enet-handoff-evidence/review-fix/fix-boundaries02/setup-expiry/enet/host/engine.log
100644 blob e69de29bb2d1d6434b8b29ae775ad8c2e48c5391	docs/spikes/s08-exported-enet-handoff-evidence/review-fix/fix-boundaries02/setup-expiry/enet/host/stderr.log
100644 blob f155d92893c9839c928b36a855d8c406b83c9ac4	docs/spikes/s08-exported-enet-handoff-evidence/review-fix/fix-boundaries02/setup-expiry/enet/host/stdout.log
100644 blob e69de29bb2d1d6434b8b29ae775ad8c2e48c5391	docs/spikes/s08-exported-enet-handoff-evidence/review-fix/fix-boundaries02/setup-expiry/enet/proxy.jsonl
100644 blob 3c507460a071afd82359f9dd629fa60f0e87e0ae	docs/spikes/s08-exported-enet-handoff-evidence/review-fix/fix-boundaries02/setup-expiry/enet/result.json
100644 blob 86dcb33ecdef28dac617ab20214f7bd12f7d567a	docs/spikes/s08-exported-enet-handoff-evidence/review-fix/fix-boundaries02/sources/handoff_boundaries.py
100644 blob 5a32cbf77cae12d508e5b418d5b0c19a76a25556	docs/spikes/s08-exported-enet-handoff-evidence/review-fix/fix-boundaries02/sources/handoff_cleanup.py
100644 blob 947636326377973af3b4d5dea6c675d3a9632705	docs/spikes/s08-exported-enet-handoff-evidence/review-fix/fix-boundaries02/sources/observe.py
100644 blob 2cc2152db31e994b354ed883c5e407c3e6aef591	docs/spikes/s08-exported-enet-handoff-evidence/review-fix/rebase-continue.stderr
100644 blob 9d605a1eec6e72cfe3a8d2ab08d65424a0d984c8	docs/spikes/s08-exported-enet-handoff-evidence/review-fix/rebase-continue.stdout
100644 blob aad6c633a34f3c672426a7d688a80abbf618465d	docs/spikes/s08-exported-enet-handoff-evidence/review-fix/rebase.stderr
100644 blob 8f78b9620491466db3644939f08195f833203ac9	docs/spikes/s08-exported-enet-handoff-evidence/review-fix/rebase.stdout
100644 blob 42c335fa2fa58c9de278591b28effb5fdd282410	docs/spikes/s08-exported-enet-handoff-evidence/set01.stderr
100644 blob e69de29bb2d1d6434b8b29ae775ad8c2e48c5391	docs/spikes/s08-exported-enet-handoff-evidence/set01.stdout
100644 blob 190345e4cae1d18ae2f5aec762de56329e231e73	docs/spikes/s08-exported-enet-handoff-evidence/set01/binding.json
100644 blob 946706a29723db7cd9fd92feeeb8b2eeec20d625	docs/spikes/s08-exported-enet-handoff-evidence/set01/cache-inspection.json
100644 blob 824331f52f2e0bf13ff47c2b5216b4094c61792d	docs/spikes/s08-exported-enet-handoff-evidence/set01/enet/client/command.json
100644 blob 8e8e96c6ef3ed3512fac17fedb8350e5ff705ba9	docs/spikes/s08-exported-enet-handoff-evidence/set01/enet/client/engine.log
100644 blob b679786f7efefc894b561e2f2a3f2bd8929717e0	docs/spikes/s08-exported-enet-handoff-evidence/set01/enet/client/stderr.log
100644 blob 5dd3b02f452a1992bc5168f694f02f9efe8b0cb0	docs/spikes/s08-exported-enet-handoff-evidence/set01/enet/client/stdout.log
100644 blob 379ff5952da0f6c242470d18735babbeb6c751a7	docs/spikes/s08-exported-enet-handoff-evidence/set01/enet/host/command.json
100644 blob 42167a2dfc2f715f7cfb8c4d5c42c686c1c48902	docs/spikes/s08-exported-enet-handoff-evidence/set01/enet/host/engine.log
100644 blob e69de29bb2d1d6434b8b29ae775ad8c2e48c5391	docs/spikes/s08-exported-enet-handoff-evidence/set01/enet/host/stderr.log
100644 blob 42167a2dfc2f715f7cfb8c4d5c42c686c1c48902	docs/spikes/s08-exported-enet-handoff-evidence/set01/enet/host/stdout.log
100644 blob e69de29bb2d1d6434b8b29ae775ad8c2e48c5391	docs/spikes/s08-exported-enet-handoff-evidence/set01/enet/proxy.jsonl
100644 blob 504cc5b4ba5ed701a36fda9b1f229b72a7a16521	docs/spikes/s08-exported-enet-handoff-evidence/set01/enet/result.json
100644 blob 23941fdc373ffa443c2b9566d2c08972da6c575e	docs/spikes/s08-exported-enet-handoff-evidence/set01/exclusions.json
100644 blob 4e3ec69e9f8594a8ce38e26798191211acd10fc9	docs/spikes/s08-exported-enet-handoff-evidence/set01/executable-template.json
100644 blob 8f135777506774173750d128df4bc30052eb3666	docs/spikes/s08-exported-enet-handoff-evidence/set01/logical-export-map.json
100644 blob 6d17720df24defa852ef51481f9143c7e25a33f1	docs/spikes/s08-exported-enet-handoff-evidence/set01/output-folder.json
100644 blob 4df90a72ba25c8b3aec6adaace7244553395fa58	docs/spikes/s08-exported-enet-handoff-evidence/set01/pck-members.json
100644 blob 78b66086c483c4e60ec1fcd70841cf73d272ad45	docs/spikes/s08-exported-enet-handoff-evidence/set01/staged-input.json
100644 blob 73ee964ce1132fdd0cf70e1555093fd7c2dfd832	docs/spikes/s08-exported-enet-handoff-evidence/set01/stream-readback.json
100644 blob 91ae3ac09dc8f364502ba840dcdba7c8e4f9ab2e	docs/spikes/s08-exported-enet-handoff-evidence/uid-preservation.json
100644 blob ea40b7cf46b043b33a5bd9e84c2edbbabfa8dfa5	docs/spikes/s08-exported-enet-handoff-evidence/verify.py
100644 blob 04270f3f360694138abeebef856003a4b5cdf606	docs/spikes/s08-exported-enet-handoff.md
100644 blob cb13e98de86804e6eb89ca63391a7db54dc861b4	docs/spikes/s08-linux-evidence/README.md
100644 blob ecb599cd44d9bb4cbf3060270900ca5a8deca4b4	docs/spikes/s08-linux-evidence/accepted-source-refs.json
100644 blob 77608f76b860f27f341e4e9a3e4171a3a0370c90	docs/spikes/s08-linux-evidence/acquire.py
100644 blob 295c9e8381c5a181122ccb80b84872e0322db558	docs/spikes/s08-linux-evidence/acquisition/archive.json
100644 blob 451d475cd58e236fa18170d4786e9a135f5fb1ac	docs/spikes/s08-linux-evidence/acquisition/download.json
100644 blob 2d0bf5b987dec5d10b56508b03763989b62f5239	docs/spikes/s08-linux-evidence/acquisition/space.json
100644 blob aedf318f3b6abe5b4d210db9f1ab08e9514dc667	docs/spikes/s08-linux-evidence/acquisition/stderr.log
100644 blob 0e71df96c44c8b08cb6a410c1370abc0a789afb7	docs/spikes/s08-linux-evidence/acquisition/stdout.log
100644 blob e69de29bb2d1d6434b8b29ae775ad8c2e48c5391	docs/spikes/s08-linux-evidence/analyzer-corrected.stderr
100644 blob 4e07f0769fa0367a13a6ab727d17a0ecac47c70f	docs/spikes/s08-linux-evidence/analyzer-corrected.stdout
100644 blob cdd0c5dd526c7b9fe482f70725d8de4691a9b15f	docs/spikes/s08-linux-evidence/analyzer-initial-failure.json
100644 blob eb92086b8d62da58229f808643e94e77a403b41d	docs/spikes/s08-linux-evidence/asset/command.json
100644 blob 59e00eb1caa5dde3e9c717df03f133167e658012	docs/spikes/s08-linux-evidence/asset/engine.log
100644 blob df7bd782c5f5f0f029b5105c4c709e7146d61a96	docs/spikes/s08-linux-evidence/asset/result.json
100644 blob e69de29bb2d1d6434b8b29ae775ad8c2e48c5391	docs/spikes/s08-linux-evidence/asset/stderr.log
100644 blob 59e00eb1caa5dde3e9c717df03f133167e658012	docs/spikes/s08-linux-evidence/asset/stdout.log
100644 blob 97555e0c76573b2e14bafdcdf22fb371b39c33d5	docs/spikes/s08-linux-evidence/cache-inspection.json
100644 blob 8bb5f067b496f605e3f25abd5720b948054b6ef8	docs/spikes/s08-linux-evidence/cleanup.json
100644 blob 47b44686d46e095311e7d09e715292dd6cc71a07	docs/spikes/s08-linux-evidence/commission.txt
100644 blob 337e2c305d8c9e604b00bf3fdb67f2c31964ed70	docs/spikes/s08-linux-evidence/continue.py
100644 blob 23941fdc373ffa443c2b9566d2c08972da6c575e	docs/spikes/s08-linux-evidence/exclusions.json
100644 blob 4e3ec69e9f8594a8ce38e26798191211acd10fc9	docs/spikes/s08-linux-evidence/executable-template.json
100644 blob 33468a3a39fc28f7884a4dbd638f20805c782417	docs/spikes/s08-linux-evidence/export/command.json
100644 blob e33b2409d8b1e883621df8d1539413a32436a6ee	docs/spikes/s08-linux-evidence/export/engine.log
100644 blob e69de29bb2d1d6434b8b29ae775ad8c2e48c5391	docs/spikes/s08-linux-evidence/export/stderr.log
100644 blob bd31df73c3833a61dfc44c2b392ea161eb913df1	docs/spikes/s08-linux-evidence/export/stdout.log
100644 blob 19ed8a07891603b8ef5bb9a28d64f26f673bef0a	docs/spikes/s08-linux-evidence/failures.json
100644 blob d8e6dc842a233adba22f77a8f72e516a0470c799	docs/spikes/s08-linux-evidence/import/command.json
100644 blob fdd5c42511e2b0aa4b5ab99c71b55bd75590368b	docs/spikes/s08-linux-evidence/import/engine.log
100644 blob e69de29bb2d1d6434b8b29ae775ad8c2e48c5391	docs/spikes/s08-linux-evidence/import/stderr.log
100644 blob 331218ac0e26d996a5f80b726f75a1a161594a88	docs/spikes/s08-linux-evidence/import/stdout.log
100644 blob b215c45ae6c964781a8f046c6e7151eab5e5240a	docs/spikes/s08-linux-evidence/index.json
100644 blob 1dd2d7a04ef8d869fdd200f27a862eb46a110616	docs/spikes/s08-linux-evidence/log-inspection.json
100644 blob 3753561b6463384c15388a91ae49b816cf8dbc2a	docs/spikes/s08-linux-evidence/logical-export-map.json
100644 blob b592fd40c6dd6174b2336498342a3a0264b61e4e	docs/spikes/s08-linux-evidence/observation.json
100644 blob eed5afc223c1502f3fceefadcf0d04e30a71ba24	docs/spikes/s08-linux-evidence/output-folder.json
100644 blob 613d498a96d27fbf106c6cac1f943dcffadb9d10	docs/spikes/s08-linux-evidence/pck-members.json
100644 blob 99d4c68dce899c651fc5c7672e1c06d246492ae5	docs/spikes/s08-linux-evidence/post-import-source-manifest.json
100644 blob 490778f203c39468a3970aa09df897b7e99e1ff3	docs/spikes/s08-linux-evidence/preflight/file_access_pack.h
100644 blob e69de29bb2d1d6434b8b29ae775ad8c2e48c5391	docs/spikes/s08-linux-evidence/preflight/format.stderr
100644 blob fd3005c59a222d4b10d9aac07f6294c222dd5224	docs/spikes/s08-linux-evidence/preflight/format.stdout
100644 blob 1c25d31c86793b34fc4350542f61417181f259ea	docs/spikes/s08-linux-evidence/preflight/main-source.stderr
100644 blob e69de29bb2d1d6434b8b29ae775ad8c2e48c5391	docs/spikes/s08-linux-evidence/preflight/main-source.stdout
100644 blob 88f33af9f5f28444e3473a19d2fd125f168f3f09	docs/spikes/s08-linux-evidence/preflight/pack-source.stderr
100644 blob e69de29bb2d1d6434b8b29ae775ad8c2e48c5391	docs/spikes/s08-linux-evidence/preflight/pack-source.stdout
100644 blob d09c41cd4b8d7245262ea835ca0a3b63eb8a7615	docs/spikes/s08-linux-evidence/preflight/source.json
100644 blob e69de29bb2d1d6434b8b29ae775ad8c2e48c5391	docs/spikes/s08-linux-evidence/preflight/style.stderr
100644 blob 5a3b2dcad94288d4a5d9d70ead0b26ad3acc9acc	docs/spikes/s08-linux-evidence/preflight/style.stdout
100644 blob 6f25a93e00f9741e7ea04eeac506802cddfcfad3	docs/spikes/s08-linux-evidence/project/export_presets.cfg
100644 blob 373cec1f87484ca60f900e2c388de2118e3323d6	docs/spikes/s08-linux-evidence/project/project.godot
100644 blob d7041e622fb0c3b0982e7bbdfd45b91683129702	docs/spikes/s08-linux-evidence/root-final-grant.txt
100644 blob 4270b4f2cdfa8dc025ced2a9969273bcd787b5e2	docs/spikes/s08-linux-evidence/scratch-config.json
100644 blob 297f978028aea266b43f2da8f3cdd74e87edefe0	docs/spikes/s08-linux-evidence/source-links.json
100644 blob eeabb7e783770d7c158f746985863b91ec4597e0	docs/spikes/s08-linux-evidence/staged-input.json
100644 blob 8bcdfdd3fdaebb0ac2ef5375fb9cf023d78c9498	docs/spikes/s08-linux-evidence/static-checks.json
100644 blob 7a8c194b7f55e40590efbd8ba423d9ab13bef007	docs/spikes/s08-linux-evidence/static-source-fetch.json
100644 blob aadb7494dd3a08498a6f78e2cc5eb733374ec944	docs/spikes/s08-linux-evidence/verify.py
100644 blob f5844aa33055df571927837684b296ddd696c013	docs/spikes/s08-linux-observation.md
100644 blob ebfd924219b8d74f5a5d0e25b5167c726b9b6a77	docs/spikes/s08-release-entrypoint.md
100644 blob fcf51a084436855fba799abd3a463a9be57c9e74	docs/spikes/s08-release-lifecycle-evidence/README.md
100644 blob c7e47783dbc4952b8d7ca403338602f22e4eb4a7	docs/spikes/s08-release-lifecycle-evidence/analysis01.command.json
100644 blob e69de29bb2d1d6434b8b29ae775ad8c2e48c5391	docs/spikes/s08-release-lifecycle-evidence/analysis01.stderr
100644 blob f1cabdf7122bf86eb4e390f77f0f1eb0ebb3e0a5	docs/spikes/s08-release-lifecycle-evidence/analysis01.stdout
100644 blob 00c459452abcbeef4e2fec15a0ec011b67a746a4	docs/spikes/s08-release-lifecycle-evidence/author/call-001.request.json
100644 blob cefdf28825fd9345fbdb0cf93ad95cb99802bebb	docs/spikes/s08-release-lifecycle-evidence/author/call-001.response.json
100644 blob e8173e970075bde9f8fe67874307c80386bb8eac	docs/spikes/s08-release-lifecycle-evidence/author/call-002.request.json
100644 blob 72628ef82e4e98b1bb4f21b6af9f14daf10ea7d2	docs/spikes/s08-release-lifecycle-evidence/author/call-002.response.json
100644 blob fdf231db77a41d53c3ef8799d339d8c29108904c	docs/spikes/s08-release-lifecycle-evidence/author/call-003.request.json
100644 blob efcc05e1366bb697391de796821166892c9f6f9e	docs/spikes/s08-release-lifecycle-evidence/author/call-003.response.json
100644 blob c32b1b6548eefe673ea3bc1c0310a34a87beba85	docs/spikes/s08-release-lifecycle-evidence/author/call-004.request.json
100644 blob dabdeb2130e9390ed65f720085cad52c57516b05	docs/spikes/s08-release-lifecycle-evidence/author/call-004.response.json
100644 blob 55995e555c128cc7605fb75bf622ed673105ba50	docs/spikes/s08-release-lifecycle-evidence/author/call-005.request.json
100644 blob 524eea5acbf4dd0121e39a23d3dbab23a13718f9	docs/spikes/s08-release-lifecycle-evidence/author/call-005.response.json
100644 blob a2e09f61dee89681e04723b5202657157ae4fe23	docs/spikes/s08-release-lifecycle-evidence/author/call-006.request.json
100644 blob 14ce99456f713f3184ffa14269e34b74be6598da	docs/spikes/s08-release-lifecycle-evidence/author/call-006.response.json
100644 blob 692715042f4aec745bc30db20045b3c37a28809d	docs/spikes/s08-release-lifecycle-evidence/author/call-007.request.json
100644 blob 08bdbbab9189d716643cb76541e775ee9b56d17f	docs/spikes/s08-release-lifecycle-evidence/author/call-007.response.json
100644 blob 94b49dd14c1c1afc0f0bf693b03cda815c2c4567	docs/spikes/s08-release-lifecycle-evidence/author/call-008.request.json
100644 blob e1d5b3892a69dcbc336ff3fa55d4775a7517e772	docs/spikes/s08-release-lifecycle-evidence/author/call-008.response.json
100644 blob be37d58a872b9122e724e27b98c23162a602ef5b	docs/spikes/s08-release-lifecycle-evidence/author/call-009.request.json
100644 blob b63075475d444eb7107d9cef34974116679d3277	docs/spikes/s08-release-lifecycle-evidence/author/call-009.response.json
100644 blob 71b12c0369125c88562ca853333f5b1e1d1228da	docs/spikes/s08-release-lifecycle-evidence/author/call-010.request.json
100644 blob 2397c8b44262880be68dc1ccecf5b86f37af2ec6	docs/spikes/s08-release-lifecycle-evidence/author/call-010.response.json
100644 blob c6ff2ba9b7c249523aca59aa68ff188b01344fd8	docs/spikes/s08-release-lifecycle-evidence/author/call-011.request.json
100644 blob 9fce2ef21d4eb9373a2e2bc6938cbd74967ced6e	docs/spikes/s08-release-lifecycle-evidence/author/call-011.response.json
100644 blob b1337b8809259c34fcfe1b9df907662de3571853	docs/spikes/s08-release-lifecycle-evidence/author/call-012.request.json
100644 blob bfad0f6f2c10f4dea5bb646649add61c3b5c3bc6	docs/spikes/s08-release-lifecycle-evidence/author/call-012.response.json
100644 blob f56bdcea7b908e35c2d7516aa56117f3da3f9a2f	docs/spikes/s08-release-lifecycle-evidence/author/call-013.request.json
100644 blob 416c0383c05fbdea7f3875c645677c2a7e9e65fd	docs/spikes/s08-release-lifecycle-evidence/author/call-013.response.json
100644 blob cf7b71ba773629c79df92efbf711f2218db76b95	docs/spikes/s08-release-lifecycle-evidence/author/call-014.request.json
100644 blob 33534ad2a9907604281dddd440b135b3dc487c60	docs/spikes/s08-release-lifecycle-evidence/author/call-014.response.json
100644 blob b2d501b96202c695566da86132089a21e26cd0e5	docs/spikes/s08-release-lifecycle-evidence/author/call-015.request.json
100644 blob f6e03d51438d9cb5bfbc75c5bddf93e605cca239	docs/spikes/s08-release-lifecycle-evidence/author/call-015.response.json
100644 blob c32b1b6548eefe673ea3bc1c0310a34a87beba85	docs/spikes/s08-release-lifecycle-evidence/author/call-016.request.json
100644 blob dabdeb2130e9390ed65f720085cad52c57516b05	docs/spikes/s08-release-lifecycle-evidence/author/call-016.response.json
100644 blob c6ff2ba9b7c249523aca59aa68ff188b01344fd8	docs/spikes/s08-release-lifecycle-evidence/author/call-017.request.json
100644 blob 9fce2ef21d4eb9373a2e2bc6938cbd74967ced6e	docs/spikes/s08-release-lifecycle-evidence/author/call-017.response.json
100644 blob 55995e555c128cc7605fb75bf622ed673105ba50	docs/spikes/s08-release-lifecycle-evidence/author/call-018.request.json
100644 blob d66efee62f542a0923315241a70e739dd8e8b18d	docs/spikes/s08-release-lifecycle-evidence/author/call-018.response.json
100644 blob e8173e970075bde9f8fe67874307c80386bb8eac	docs/spikes/s08-release-lifecycle-evidence/author/call-019.request.json
100644 blob 883ae166baa7a7490fe9cb9461ca3af63192cb5b	docs/spikes/s08-release-lifecycle-evidence/author/call-019.response.json
100644 blob 04bdf1e627385815a9652d85b9baae858e1ce992	docs/spikes/s08-release-lifecycle-evidence/author/call-020.request.json
100644 blob a68fca3f80731cc125a0e41eacbbdd49f90f1c5d	docs/spikes/s08-release-lifecycle-evidence/author/call-020.response.json
100644 blob 0422fd09c8dd3d536899e4d52d1068b5a90b202e	docs/spikes/s08-release-lifecycle-evidence/author/client.mjs
100644 blob 6b84efca71d7d419d3a2016581b74d4458a794fe	docs/spikes/s08-release-lifecycle-evidence/author/commands-before-engine.json
100644 blob 63b642a004338edc89a80fd7b46487f5ea8f3541	docs/spikes/s08-release-lifecycle-evidence/author/connector.stderr
100644 blob 1fe7b82d71c2df9d5bc4250f29be310867f3e8c7	docs/spikes/s08-release-lifecycle-evidence/author/context.gd
100644 blob a11d8eebe739877c63b6097d1223d0d242ef38b3	docs/spikes/s08-release-lifecycle-evidence/author/inputs.json
100644 blob f2078a6edf139a202add2184aa78cb54cbcb352c	docs/spikes/s08-release-lifecycle-evidence/author/lifecycle.json
100644 blob 713e532af7d7b729ab94ef32cb7df68efc8b1f06	docs/spikes/s08-release-lifecycle-evidence/author/observe.engine.log
100644 blob e37f4494c406fb849ea2c4aeeaf404e60b50e0e6	docs/spikes/s08-release-lifecycle-evidence/author/observe.stderr
100644 blob 687465360c914f25f8cbe9ac8039d891fcab9448	docs/spikes/s08-release-lifecycle-evidence/author/observe.stdout
100644 blob a90436599764b18597a612ac8c014e885815f930	docs/spikes/s08-release-lifecycle-evidence/author/preparation.json
100644 blob 45509c68f11e7d040588bb354d6aa852d1d4e6a2	docs/spikes/s08-release-lifecycle-evidence/author/requests/001.json
100644 blob de86f4768ccdf18877a379a509f26da759b1e1e8	docs/spikes/s08-release-lifecycle-evidence/author/requests/002.json
100644 blob 34ff5770181120c0f793dc5cfc46b42ac337f11c	docs/spikes/s08-release-lifecycle-evidence/author/requests/003.json
100644 blob 3d3bd06c1f59cf945e6f39ea09db5103f5978e7d	docs/spikes/s08-release-lifecycle-evidence/author/requests/004.json
100644 blob fc18ba9e4cb1dd49d9e12b19b74c8caa13a0da42	docs/spikes/s08-release-lifecycle-evidence/author/requests/005.json
100644 blob e2b87bbcabf4de909866e70355e534509a40bdb3	docs/spikes/s08-release-lifecycle-evidence/author/requests/006.json
100644 blob 6dcb1848758be996d56f721ea2ee8c3a22997fff	docs/spikes/s08-release-lifecycle-evidence/author/requests/007.json
100644 blob da5da8667cdf471f3842492de7e87bc7fe35b770	docs/spikes/s08-release-lifecycle-evidence/author/requests/008.json
100644 blob 3dda4e50fe729d2efb271c171f2378e4617bc5e0	docs/spikes/s08-release-lifecycle-evidence/author/requests/009.json
100644 blob af112cb9e6265c27ac16848eafc8963e89acce56	docs/spikes/s08-release-lifecycle-evidence/author/requests/010.json
100644 blob d0ea28bd3bbfba05fb00cc1e3ef48c331a186fab	docs/spikes/s08-release-lifecycle-evidence/author/requests/011.json
100644 blob e45fb2021477b34087387ce888a9b2152f8f5a3a	docs/spikes/s08-release-lifecycle-evidence/author/requests/012.json
100644 blob 45509c68f11e7d040588bb354d6aa852d1d4e6a2	docs/spikes/s08-release-lifecycle-evidence/author/requests/013.json
100644 blob da5da8667cdf471f3842492de7e87bc7fe35b770	docs/spikes/s08-release-lifecycle-evidence/author/requests/014.json
100644 blob de86f4768ccdf18877a379a509f26da759b1e1e8	docs/spikes/s08-release-lifecycle-evidence/author/requests/015.json
100644 blob 9c6214cefbff6fdf4dcf0e2525ce5ea0ed127ace	docs/spikes/s08-release-lifecycle-evidence/author/requests/016.json
100644 blob 0b475f5a62fcc39b0987fc9d01c4a84070f26bf1	docs/spikes/s08-release-lifecycle-evidence/author/requests/017.json
100644 blob b8983626ba924b2965a13e6398baf82839c4d782	docs/spikes/s08-release-lifecycle-evidence/author/requests/018.json
100644 blob d4fa7bbd13202b10340af066d9541567e987af60	docs/spikes/s08-release-lifecycle-evidence/author/responses/001.json
100644 blob f9101ff05943315300907e92cc7360e12b56fb07	docs/spikes/s08-release-lifecycle-evidence/author/responses/002.json
100644 blob 5a46cdbd1d0a30969903443c3c39101621548058	docs/spikes/s08-release-lifecycle-evidence/author/responses/003.json
100644 blob 7a3e21bdc3cbdbe8926eb0acb9d462d74e4e4df8	docs/spikes/s08-release-lifecycle-evidence/author/responses/004.json
100644 blob 2e1d170cdfef91e3292ada4d85851c96ac62b62c	docs/spikes/s08-release-lifecycle-evidence/author/responses/005.json
100644 blob 7dda8cc8c80352150b0034d6de7bc534b9f0a38f	docs/spikes/s08-release-lifecycle-evidence/author/responses/006.json
100644 blob cf5121d52daad24625278aec559bec734b2c3156	docs/spikes/s08-release-lifecycle-evidence/author/responses/007.json
100644 blob 4cfba5bb961af93a4f083cd5a89e82756d99edef	docs/spikes/s08-release-lifecycle-evidence/author/responses/008.json
100644 blob 27768a0abc29b3a5c4cb4be5aa125f13e7c78e04	docs/spikes/s08-release-lifecycle-evidence/author/responses/009.json
100644 blob 85aa92763cdd31ae90a21a903335b927227c3136	docs/spikes/s08-release-lifecycle-evidence/author/responses/010.json
100644 blob d8cea1d789bb15b70ddb6754139e2ecee5ca4301	docs/spikes/s08-release-lifecycle-evidence/author/responses/011.json
100644 blob 8c5c1419c5227eb192f9a983312ef70aadba509a	docs/spikes/s08-release-lifecycle-evidence/author/responses/012.json
100644 blob d4fa7bbd13202b10340af066d9541567e987af60	docs/spikes/s08-release-lifecycle-evidence/author/responses/013.json
100644 blob 4cfba5bb961af93a4f083cd5a89e82756d99edef	docs/spikes/s08-release-lifecycle-evidence/author/responses/014.json
100644 blob 6ec1e74eae9766865cbfc267480abf6f5b05b366	docs/spikes/s08-release-lifecycle-evidence/author/responses/015.json
100644 blob 84774bda873c95c0a8b65fee144669f4573932ac	docs/spikes/s08-release-lifecycle-evidence/author/responses/016.json
100644 blob 6ba3181bad364610ba076c5908b69ac02dc10a66	docs/spikes/s08-release-lifecycle-evidence/author/responses/017.json
100644 blob 24c7b244495fff311c6fa85e4e2b072ee229d234	docs/spikes/s08-release-lifecycle-evidence/author/tool-inventory.json
100644 blob f86377ed96755620b48c3bf043d8f298464df5a7	docs/spikes/s08-release-lifecycle-evidence/base-and-ref-commands.json
100644 blob e69de29bb2d1d6434b8b29ae775ad8c2e48c5391	docs/spikes/s08-release-lifecycle-evidence/base43-paths.stderr
100644 blob 716f173500725dce62c335992e8bb03176d272cf	docs/spikes/s08-release-lifecycle-evidence/base43-paths.stdout
100644 blob e69de29bb2d1d6434b8b29ae775ad8c2e48c5391	docs/spikes/s08-release-lifecycle-evidence/base65-TODO.stderr
100644 blob b08e095c92888f264e66298044603b2c7e154052	docs/spikes/s08-release-lifecycle-evidence/base65-TODO.stdout
100644 blob e69de29bb2d1d6434b8b29ae775ad8c2e48c5391	docs/spikes/s08-release-lifecycle-evidence/base65-paths.stderr
100644 blob f574a5aecb2db232d05c3eba4a81142fa19bb822	docs/spikes/s08-release-lifecycle-evidence/base65-paths.stdout
100644 blob 72b45dffa9a473bdcb8db5271277a6b66ced1f85	docs/spikes/s08-release-lifecycle-evidence/cleanup-bind.json
100644 blob 715442185a087f3c10e4465afac4e05c10e3cc17	docs/spikes/s08-release-lifecycle-evidence/control/author.pid
100644 blob e69de29bb2d1d6434b8b29ae775ad8c2e48c5391	docs/spikes/s08-release-lifecycle-evidence/control/author.stderr
100644 blob 6218142d785a27524c4b83d22f44de6366b94564	docs/spikes/s08-release-lifecycle-evidence/control/author.stdout
100644 blob e69de29bb2d1d6434b8b29ae775ad8c2e48c5391	docs/spikes/s08-release-lifecycle-evidence/control/edits-corrected.stderr
100644 blob 1c5c1e1c148a602bd8788a82c6d3b3630b5082df	docs/spikes/s08-release-lifecycle-evidence/control/edits-corrected.stdout
100644 blob 9c1ef0021e330ced0862a1b6461bbb77757376f2	docs/spikes/s08-release-lifecycle-evidence/control/edits-syntax-failure.py
100644 blob 5d1350fcc81325030952a5d2b0a85720c06060bb	docs/spikes/s08-release-lifecycle-evidence/control/format02.command.json
100644 blob e69de29bb2d1d6434b8b29ae775ad8c2e48c5391	docs/spikes/s08-release-lifecycle-evidence/control/format02.stderr
100644 blob c4879cb08dfcb29d422e0d12cd77e225d5b751f1	docs/spikes/s08-release-lifecycle-evidence/control/format02.stdout
100644 blob 61b87fa1dee22963c70b9ea1c66acbc72599f7d6	docs/spikes/s08-release-lifecycle-evidence/control/lint02.command.json
100644 blob e69de29bb2d1d6434b8b29ae775ad8c2e48c5391	docs/spikes/s08-release-lifecycle-evidence/control/lint02.stderr
100644 blob f10d09e64c5b7252dc92b9c7dd7895e3c864a7c5	docs/spikes/s08-release-lifecycle-evidence/control/lint02.stdout
100644 blob ff00fb42a0a7b6f92871d85a29fdfbd0b7bb4aab	docs/spikes/s08-release-lifecycle-evidence/control/saved-readback.json
100644 blob 3bfdcae59573fef234328612b722cc91559d48c6	docs/spikes/s08-release-lifecycle-evidence/control/style01.command.json
100644 blob e69de29bb2d1d6434b8b29ae775ad8c2e48c5391	docs/spikes/s08-release-lifecycle-evidence/control/style01.stderr
100644 blob 422861903958e8047ee8472af2e8be88ca4c6cd1	docs/spikes/s08-release-lifecycle-evidence/control/style01.stdout
100644 blob d00491fd7e5bb6fa28c517a0bb32b8b506539d4d	docs/spikes/s08-release-lifecycle-evidence/control/syntax-failure.exit
100644 blob 0221d9770fad623c61066ebc5424eb4c91af1de3	docs/spikes/s08-release-lifecycle-evidence/control/syntax-failure.stderr
100644 blob e69de29bb2d1d6434b8b29ae775ad8c2e48c5391	docs/spikes/s08-release-lifecycle-evidence/control/syntax-failure.stdout
100644 blob 2012481c5e3959d4c9fe0391c60fd3edf0a32f80	docs/spikes/s08-release-lifecycle-evidence/debug-launch.py
100644 blob 8eacb6d589432ebde2f0ce49eae91ee129d12d56	docs/spikes/s08-release-lifecycle-evidence/debug01/cache-config-readback.json
100644 blob 1c754e2501fb472d3465c143260019458aa06e45	docs/spikes/s08-release-lifecycle-evidence/debug01/client/command.json
100644 blob cd31acb4b3a452a679879248801d290edd7f9c85	docs/spikes/s08-release-lifecycle-evidence/debug01/client/engine.log
100644 blob e69de29bb2d1d6434b8b29ae775ad8c2e48c5391	docs/spikes/s08-release-lifecycle-evidence/debug01/client/stderr.log
100644 blob cd31acb4b3a452a679879248801d290edd7f9c85	docs/spikes/s08-release-lifecycle-evidence/debug01/client/stdout.log
100644 blob 3ab5accbfa525ee14faa198f6167283e5fd3a805	docs/spikes/s08-release-lifecycle-evidence/debug01/debug-supervisor.command.json
100644 blob e69de29bb2d1d6434b8b29ae775ad8c2e48c5391	docs/spikes/s08-release-lifecycle-evidence/debug01/debug-supervisor.stderr
100644 blob 53d78f3ad3f66e70d3efe983b2c892cd8a941936	docs/spikes/s08-release-lifecycle-evidence/debug01/debug-supervisor.stdout
100644 blob 2e3dea62bb9b9bd2c4d22336a559d21556d36f81	docs/spikes/s08-release-lifecycle-evidence/debug01/expected.json
100644 blob 3ce73b5beacde379f097c8d6b5c8c7f8c7de3170	docs/spikes/s08-release-lifecycle-evidence/debug01/host/command.json
100644 blob 336a17ef11de352ca950c6b536b33556fdb56dd1	docs/spikes/s08-release-lifecycle-evidence/debug01/host/engine.log
100644 blob e69de29bb2d1d6434b8b29ae775ad8c2e48c5391	docs/spikes/s08-release-lifecycle-evidence/debug01/host/stderr.log
100644 blob 336a17ef11de352ca950c6b536b33556fdb56dd1	docs/spikes/s08-release-lifecycle-evidence/debug01/host/stdout.log
100644 blob 17672e95c64a4c0647752e75cd13d95cc5860d61	docs/spikes/s08-release-lifecycle-evidence/debug01/proxy.jsonl
100644 blob 7e371283ad35c466566f9a4c58691c061e1af40a	docs/spikes/s08-release-lifecycle-evidence/debug01/result.json
100644 blob 1891e99b0eaf142770c7355d0e071c038a71fcd4	docs/spikes/s08-release-lifecycle-evidence/debug01/staged-input.json
100644 blob 6df0f3ab01de44764ee790ee2f3b217d7e46660f	docs/spikes/s08-release-lifecycle-evidence/debug01/traffic.jsonl
100644 blob e69de29bb2d1d6434b8b29ae775ad8c2e48c5391	docs/spikes/s08-release-lifecycle-evidence/final-inverse.stderr
100644 blob 1c5c1e1c148a602bd8788a82c6d3b3630b5082df	docs/spikes/s08-release-lifecycle-evidence/final-inverse.stdout
100644 blob e69de29bb2d1d6434b8b29ae775ad8c2e48c5391	docs/spikes/s08-release-lifecycle-evidence/final-python.stderr
100644 blob e69de29bb2d1d6434b8b29ae775ad8c2e48c5391	docs/spikes/s08-release-lifecycle-evidence/final-python.stdout
100644 blob 9622a522ce38bc618b2dc012ba3f83a60de6d94e	docs/spikes/s08-release-lifecycle-evidence/final-static-checks.json
100644 blob 8492d653044c6ac4596a2eb9b0763196352fa446	docs/spikes/s08-release-lifecycle-evidence/historical-reference.json
100644 blob 652fe75d95fe0bdd0a08c17b3bcfee5327bb7c06	docs/spikes/s08-release-lifecycle-evidence/index.json
100644 blob e69de29bb2d1d6434b8b29ae775ad8c2e48c5391	docs/spikes/s08-release-lifecycle-evidence/inverse.stderr
100644 blob 7a3c6dba13fa9c4129fee61a58b31fbabbe0ec98	docs/spikes/s08-release-lifecycle-evidence/inverse.stdout
100644 blob f859ca2904dbc3bd651ef7dbbed4981bfb23c839	docs/spikes/s08-release-lifecycle-evidence/launch-receipt.json
100644 blob 53e9a5c16ec290ceb33fd25ba1a04aeaaa8481b4	docs/spikes/s08-release-lifecycle-evidence/original-operation-receipts.jsonl
100644 blob 4595afba615fca08b154d50171d941d221535300	docs/spikes/s08-release-lifecycle-evidence/phase-a-checks.json
100644 blob e69de29bb2d1d6434b8b29ae775ad8c2e48c5391	docs/spikes/s08-release-lifecycle-evidence/python-compile.stderr
100644 blob e69de29bb2d1d6434b8b29ae775ad8c2e48c5391	docs/spikes/s08-release-lifecycle-evidence/python-compile.stdout
100644 blob e69de29bb2d1d6434b8b29ae775ad8c2e48c5391	docs/spikes/s08-release-lifecycle-evidence/python-final.stderr
100644 blob e69de29bb2d1d6434b8b29ae775ad8c2e48c5391	docs/spikes/s08-release-lifecycle-evidence/python-final.stdout
100644 blob 359ed0c841a2e3d4d6022133d749f7a09079ef10	docs/spikes/s08-release-lifecycle-evidence/r1-static/commands.json
100644 blob e69de29bb2d1d6434b8b29ae775ad8c2e48c5391	docs/spikes/s08-release-lifecycle-evidence/r1-static/compile.stderr
100644 blob e69de29bb2d1d6434b8b29ae775ad8c2e48c5391	docs/spikes/s08-release-lifecycle-evidence/r1-static/compile.stdout
100644 blob 3233b53eaae43aa34dea323ae7a91045a163247e	docs/spikes/s08-release-lifecycle-evidence/r1-static/initial-ref.command.json
100644 blob e69de29bb2d1d6434b8b29ae775ad8c2e48c5391	docs/spikes/s08-release-lifecycle-evidence/r1-static/initial-ref.stderr
100644 blob e69de29bb2d1d6434b8b29ae775ad8c2e48c5391	docs/spikes/s08-release-lifecycle-evidence/r1-static/initial-ref.stdout
100644 blob e69de29bb2d1d6434b8b29ae775ad8c2e48c5391	docs/spikes/s08-release-lifecycle-evidence/r1-static/inverse.stderr
100644 blob 1c5c1e1c148a602bd8788a82c6d3b3630b5082df	docs/spikes/s08-release-lifecycle-evidence/r1-static/inverse.stdout
100644 blob e69de29bb2d1d6434b8b29ae775ad8c2e48c5391	docs/spikes/s08-release-lifecycle-evidence/r1-static/literal-cadence.stderr
100644 blob ec92a9d9f915c8f6496ca1ba32cd8fbb423c427f	docs/spikes/s08-release-lifecycle-evidence/r1-static/literal-cadence.stdout
100644 blob e0a7f2074a87104bca7126be3fbda4d6b0955988	docs/spikes/s08-release-lifecycle-evidence/raw-requirements.md
100644 blob 85a78de2f80427cf45c4d18f2e0457fbb74f1857	docs/spikes/s08-release-lifecycle-evidence/raw-user-messages.json
100644 blob 05c0b706f961ef5b7b16ff233696446cfe14879b	docs/spikes/s08-release-lifecycle-evidence/rebase-commands.json
100644 blob 573541ac9702dd3969c9bc859d2b91ec1f7e6e56	docs/spikes/s08-release-lifecycle-evidence/rebase-continue.exit
100644 blob a07550d11e7dc17d4a0da798bc4d6c13ead1aa55	docs/spikes/s08-release-lifecycle-evidence/rebase-continue.stderr
100644 blob d378162011ec788318bd753b7daeac11a31e0372	docs/spikes/s08-release-lifecycle-evidence/rebase-continue.stdout
100644 blob d00491fd7e5bb6fa28c517a0bb32b8b506539d4d	docs/spikes/s08-release-lifecycle-evidence/rebase.exit
100644 blob 45b7bca84036f68ae07c42d1fb403758f313bd66	docs/spikes/s08-release-lifecycle-evidence/rebase.stderr
100644 blob 8f78b9620491466db3644939f08195f833203ac9	docs/spikes/s08-release-lifecycle-evidence/rebase.stdout
100644 blob e69de29bb2d1d6434b8b29ae775ad8c2e48c5391	docs/spikes/s08-release-lifecycle-evidence/release-inverse.stderr
100644 blob 1c5c1e1c148a602bd8788a82c6d3b3630b5082df	docs/spikes/s08-release-lifecycle-evidence/release-inverse.stdout
100644 blob 215f36faec27fb245b8b7b2f1612e5cd75e73456	docs/spikes/s08-release-lifecycle-evidence/release-launch.py
100644 blob cc9caa41d1a8e785641c59694630c38a369ec378	docs/spikes/s08-release-lifecycle-evidence/release-preparation/expected.json
100644 blob fc2b25c1f62d19fa94ee119b828d9fe7478aa51f	docs/spikes/s08-release-lifecycle-evidence/release-preparation/export/command.json
100644 blob d80f33e5d446b5f8283f6f77582e044bc850bd9b	docs/spikes/s08-release-lifecycle-evidence/release-preparation/export/engine.log
100644 blob e69de29bb2d1d6434b8b29ae775ad8c2e48c5391	docs/spikes/s08-release-lifecycle-evidence/release-preparation/export/stderr.log
100644 blob 3fb0ec46915aaefe2b115a528ee23a158dfadc1e	docs/spikes/s08-release-lifecycle-evidence/release-preparation/export/stdout.log
100644 blob 258db66561c86b5ff6183a80eb49774f590fd6ce	docs/spikes/s08-release-lifecycle-evidence/release-preparation/package-binding.json
100644 blob 8b8ad9260daaffd59ff1a73e462d82c1a3dc9d13	docs/spikes/s08-release-lifecycle-evidence/release-preparation/preparation.json
100644 blob bf3ca48fa7c607e35b9f54b1ba9e48b260399657	docs/spikes/s08-release-lifecycle-evidence/release-preparation/release-preparation.command.json
100644 blob e69de29bb2d1d6434b8b29ae775ad8c2e48c5391	docs/spikes/s08-release-lifecycle-evidence/release-preparation/release-preparation.stderr
100644 blob e69de29bb2d1d6434b8b29ae775ad8c2e48c5391	docs/spikes/s08-release-lifecycle-evidence/release-preparation/release-preparation.stdout
100644 blob 69c0f2b8be3282fc00dd7af71de77417e74b7a6a	docs/spikes/s08-release-lifecycle-evidence/release-preparation/scratch-config.json
100644 blob 1891e99b0eaf142770c7355d0e071c038a71fcd4	docs/spikes/s08-release-lifecycle-evidence/release-preparation/staged-input.json
100644 blob eab8a5c8621b26d6a6da81ba873e5719aa2164d8	docs/spikes/s08-release-lifecycle-evidence/release-preparation/template-binding.json
100644 blob ede1abf07482c5cca9fbd990c6821528f438c570	docs/spikes/s08-release-lifecycle-evidence/release-prerequisite-checks.json
100644 blob e69de29bb2d1d6434b8b29ae775ad8c2e48c5391	docs/spikes/s08-release-lifecycle-evidence/release-python.stderr
100644 blob e69de29bb2d1d6434b8b29ae775ad8c2e48c5391	docs/spikes/s08-release-lifecycle-evidence/release-python.stdout
100644 blob 8eacb6d589432ebde2f0ce49eae91ee129d12d56	docs/spikes/s08-release-lifecycle-evidence/release02/cache-config-readback.json
100644 blob 67fe9cc3a6ffb03fd056ab966dd42f9e79cd202a	docs/spikes/s08-release-lifecycle-evidence/release02/client/command.json
100644 blob ab0569c0023addf161ffd1d600f64c92e173bd41	docs/spikes/s08-release-lifecycle-evidence/release02/client/engine.log
100644 blob 9bef44ad7f3b8ace9e8a9223accc06133ec5b710	docs/spikes/s08-release-lifecycle-evidence/release02/client/stderr.log
100644 blob 19088b1c168b297b1c90afbf437fa4da27e869d8	docs/spikes/s08-release-lifecycle-evidence/release02/client/stdout.log
100644 blob 935ed76b4bda05e05ec6895bf6bc7fc6dbf4c8cf	docs/spikes/s08-release-lifecycle-evidence/release02/expected.json
100644 blob 5c47418a8ac127f4877f2e4a0ebe0733671445e5	docs/spikes/s08-release-lifecycle-evidence/release02/host/command.json
100644 blob 87ec0fbc703ef1a25185a813ba92d8f008771b01	docs/spikes/s08-release-lifecycle-evidence/release02/host/engine.log
100644 blob 6d1e53355f87ceaf8fb3092887fb7127f0e71a59	docs/spikes/s08-release-lifecycle-evidence/release02/host/stderr.log
100644 blob b485a503ab1df79a51d9d2b7154ada5a21dea189	docs/spikes/s08-release-lifecycle-evidence/release02/host/stdout.log
100644 blob 00c718da4989cc1a29fb171b5d7de1f34c6f58e3	docs/spikes/s08-release-lifecycle-evidence/release02/proxy.jsonl
100644 blob 7ebbad777e393798a8f25b48c25f875fec5e9184	docs/spikes/s08-release-lifecycle-evidence/release02/release-supervisor.command.json
100644 blob e69de29bb2d1d6434b8b29ae775ad8c2e48c5391	docs/spikes/s08-release-lifecycle-evidence/release02/release-supervisor.stderr
100644 blob 5ab7199a79870507e3bd172c2da6adf5035b58d1	docs/spikes/s08-release-lifecycle-evidence/release02/release-supervisor.stdout
100644 blob 1e8d160621bf60ee576979634ddfe6d16bd46d53	docs/spikes/s08-release-lifecycle-evidence/release02/result.json
100644 blob 1891e99b0eaf142770c7355d0e071c038a71fcd4	docs/spikes/s08-release-lifecycle-evidence/release02/staged-input.json
100644 blob ab513e4c243f9e36365a90831b8e8794cfcdff6a	docs/spikes/s08-release-lifecycle-evidence/release02/traffic.jsonl
100644 blob e69de29bb2d1d6434b8b29ae775ad8c2e48c5391	docs/spikes/s08-release-lifecycle-evidence/retained-traces.stderr
100644 blob f1cabdf7122bf86eb4e390f77f0f1eb0ebb3e0a5	docs/spikes/s08-release-lifecycle-evidence/retained-traces.stdout
100644 blob e69de29bb2d1d6434b8b29ae775ad8c2e48c5391	docs/spikes/s08-release-lifecycle-evidence/runtime-ref.stderr
100644 blob e69de29bb2d1d6434b8b29ae775ad8c2e48c5391	docs/spikes/s08-release-lifecycle-evidence/runtime-ref.stdout
100644 blob 5e619b32a75d10349437bf9a0396d210a5e7875f	docs/spikes/s08-release-lifecycle-evidence/saved-checks.json
100644 blob e69de29bb2d1d6434b8b29ae775ad8c2e48c5391	docs/spikes/s08-release-lifecycle-evidence/saved-inverse.stderr
100644 blob 1c5c1e1c148a602bd8788a82c6d3b3630b5082df	docs/spikes/s08-release-lifecycle-evidence/saved-inverse.stdout
100644 blob e69de29bb2d1d6434b8b29ae775ad8c2e48c5391	docs/spikes/s08-release-lifecycle-evidence/saved-whitespace.stderr
100644 blob e69de29bb2d1d6434b8b29ae775ad8c2e48c5391	docs/spikes/s08-release-lifecycle-evidence/saved-whitespace.stdout
100644 blob 20037583bce3d0357e8f9697906afc3de0114e2c	docs/spikes/s08-release-lifecycle-evidence/settled-base/expected.json
100644 blob 3441dd3e61fcdecb3d71a2f30fcebe913d4523a2	docs/spikes/s08-release-lifecycle-evidence/settled-base/pre-settled-ref.command.json
100644 blob e69de29bb2d1d6434b8b29ae775ad8c2e48c5391	docs/spikes/s08-release-lifecycle-evidence/settled-base/pre-settled-ref.stderr
100644 blob e69de29bb2d1d6434b8b29ae775ad8c2e48c5391	docs/spikes/s08-release-lifecycle-evidence/settled-base/pre-settled-ref.stdout
100644 blob 00b7ef09a4b5b81b4151b76c3db1890a6e87fe34	docs/spikes/s08-release-lifecycle-evidence/settled-base/settled-inspection.json
100644 blob e69de29bb2d1d6434b8b29ae775ad8c2e48c5391	docs/spikes/s08-release-lifecycle-evidence/settled-base/settled-modified.stderr
100644 blob 156b4886dd51bd8f18898908c5900bbe38e6a4eb	docs/spikes/s08-release-lifecycle-evidence/settled-base/settled-modified.stdout
100644 blob e69de29bb2d1d6434b8b29ae775ad8c2e48c5391	docs/spikes/s08-release-lifecycle-evidence/settled-base/settled-paths.stderr
100644 blob 373becbe68e1c7f38c1b03eac1ee720fac4e19c0	docs/spikes/s08-release-lifecycle-evidence/settled-base/settled-paths.stdout
100644 blob b4c37f8087472686bee45e58f3ac9e525d6b7b75	docs/spikes/s08-release-lifecycle-evidence/settled-base/settled-rebase-continue.command.json
100644 blob be6cf7883095f6eaefb4343926e628a43c176b88	docs/spikes/s08-release-lifecycle-evidence/settled-base/settled-rebase-continue.stderr
100644 blob 49dccaa548840004c95f7f916e4d304967701e4d	docs/spikes/s08-release-lifecycle-evidence/settled-base/settled-rebase-continue.stdout
100644 blob c9b9a30f985b3c2f50a3d8871d5cad3958f6582b	docs/spikes/s08-release-lifecycle-evidence/settled-base/settled-rebase.command.json
100644 blob d40f2e07558170c83e7436a5f6c62e25496367d0	docs/spikes/s08-release-lifecycle-evidence/settled-base/settled-rebase.stderr
100644 blob 8f78b9620491466db3644939f08195f833203ac9	docs/spikes/s08-release-lifecycle-evidence/settled-base/settled-rebase.stdout
100644 blob 8a58d5aed9305c8541b13a5fadfd1bb5f90e7c0e	docs/spikes/s08-release-lifecycle-evidence/settled-base/settled-s03.command.json
100644 blob e69de29bb2d1d6434b8b29ae775ad8c2e48c5391	docs/spikes/s08-release-lifecycle-evidence/settled-base/settled-s03.stderr
100644 blob e69de29bb2d1d6434b8b29ae775ad8c2e48c5391	docs/spikes/s08-release-lifecycle-evidence/settled-base/settled-s03.stdout
100644 blob 322c2cfdb7ad10dac5a85a4dc86622e66ca46bcc	docs/spikes/s08-release-lifecycle-evidence/source-provenance.json
100644 blob e69de29bb2d1d6434b8b29ae775ad8c2e48c5391	docs/spikes/s08-release-lifecycle-evidence/source/callable.cpp
100644 blob 56f08ee819d5815904b05dd4058115a68e68daa9	docs/spikes/s08-release-lifecycle-evidence/source/callable.cpp.command.json
100644 blob f5c4df6cb04fe9727357c8471215448006879eaa	docs/spikes/s08-release-lifecycle-evidence/source/callable.cpp.stderr
100644 blob a2448696d437bbb2f836cebcdd011e496973b5a8	docs/spikes/s08-release-lifecycle-evidence/source/callable_bind.cpp
100644 blob 6fa7d13dfcdcd3ddb17cf4533097178aa0864aaa	docs/spikes/s08-release-lifecycle-evidence/source/callable_bind.cpp.command.json
100644 blob e69de29bb2d1d6434b8b29ae775ad8c2e48c5391	docs/spikes/s08-release-lifecycle-evidence/source/callable_bind.cpp.stderr
100644 blob 6506643f1ffbd5f751ac6794e53831e55b4f44d8	docs/spikes/s08-release-lifecycle-evidence/source/callable_mp.cpp
100644 blob f714048aff1b0f88008cb4d3758d8812b5b5c477	docs/spikes/s08-release-lifecycle-evidence/source/callable_mp.cpp.command.json
100644 blob e69de29bb2d1d6434b8b29ae775ad8c2e48c5391	docs/spikes/s08-release-lifecycle-evidence/source/callable_mp.cpp.stderr
100644 blob aad45a0048b89efd9ba09043804350ff09041742	docs/spikes/s08-release-lifecycle-evidence/source/callable_mp.h
100644 blob 0699d9c07cbcea04123d7d874e8e5c57aa4a7dd1	docs/spikes/s08-release-lifecycle-evidence/source/gdscript_vm.cpp
100644 blob ff42d310d338e91346170153b03f6cddaf6f5704	docs/spikes/s08-release-lifecycle-evidence/source/marshalls.cpp
100644 blob 98bf0a17f37e1ccd919bc60f894be134807b8b3e	docs/spikes/s08-release-lifecycle-evidence/source/object.cpp
100644 blob 6eae250aac9deff609cb88fbb38c69b7e5fdd684	docs/spikes/s08-release-lifecycle-evidence/source/object.cpp.command.json
100644 blob e69de29bb2d1d6434b8b29ae775ad8c2e48c5391	docs/spikes/s08-release-lifecycle-evidence/source/object.cpp.stderr
100644 blob 6e5575bc2c0936f0e4f4eba6abffcb1b0230070f	docs/spikes/s08-release-lifecycle-evidence/source/scene_cache_interface.cpp
100644 blob 80d188d8b4cc04264cc2cef458ee6b973750ba8b	docs/spikes/s08-release-lifecycle-evidence/source/scene_multiplayer.cpp
100644 blob 0938e34ee4bd71ad14ac36f2873401cf7d69946c	docs/spikes/s08-release-lifecycle-evidence/source/scene_rpc_interface.cpp
100644 blob 50c67c56a7fddeb4f407789293c6f97a9f47469a	docs/spikes/s08-release-lifecycle-evidence/source/variant-callable.command.json
100644 blob b918729cb0df528d2ee56fb0d487274001d6271e	docs/spikes/s08-release-lifecycle-evidence/source/variant-callable.cpp
100644 blob e69de29bb2d1d6434b8b29ae775ad8c2e48c5391	docs/spikes/s08-release-lifecycle-evidence/source/variant-callable.stderr
100644 blob f92b87bb84268df6cab8067fd3e137c6faffbe5f	docs/spikes/s08-release-lifecycle-evidence/verify.py
100644 blob 7059cd0e8f95eded42294accf577b711830f7335	docs/spikes/s08-release-lifecycle.md
100644 blob e5f3198a5bf36f62b05efb01c04d6ff06e469ac7	docs/spikes/s08-source-diagnosis-evidence/README.md
100644 blob 06949d37ac8bb0939b9664fbdabe9148c3203a01	docs/spikes/s08-source-diagnosis-evidence/check.py
100644 blob 340595e44d319f826e5dd0d11c885d1c967bf18e	docs/spikes/s08-source-diagnosis-evidence/raw-requirements.md
100644 blob 7f37fa49b760af14da5f38e3aab2feea4250d940	docs/spikes/s08-source-diagnosis-evidence/references.json
100644 blob 8a150cb856b10d074904369305df0685609859b8	docs/spikes/s08-source-diagnosis.md
100644 blob 12f9c258b28667e25253e4eee3204b5bdbb71a66	docs/spikes/s08-standard-editor-evidence/README.md
100644 blob f6a536badfcb2ee08fd1dbbe2304bee7d4f415f3	docs/spikes/s08-standard-editor-evidence/actual-run01/editor/command.json
100644 blob ffc44df2ab5cfdb8920045dfbd1a097f8362dfe4	docs/spikes/s08-standard-editor-evidence/actual-run01/editor/connector.stderr.log
100644 blob e69de29bb2d1d6434b8b29ae775ad8c2e48c5391	docs/spikes/s08-standard-editor-evidence/actual-run01/editor/connector.stdout.log
100644 blob 13b274b8075390d767040f9ddf2013c8bf6570ff	docs/spikes/s08-standard-editor-evidence/actual-run01/editor/engine.log
100644 blob 17bebeab0b1dda3cf689f8bf3154d4dc6a05af0e	docs/spikes/s08-standard-editor-evidence/actual-run01/editor/stderr.log
100644 blob b2a79cb53fbf560f07f56be9167561d5775c1658	docs/spikes/s08-standard-editor-evidence/actual-run01/editor/stdout.log
100644 blob 0382821e5d934d8572c849108e3f7ee803109a3b	docs/spikes/s08-standard-editor-evidence/actual-run01/lifecycle.json
100644 blob 17a6e9656e73c806be5d4d0205330f98fa65c0ed	docs/spikes/s08-standard-editor-evidence/actual-run01/registry-binding.json
100644 blob e69de29bb2d1d6434b8b29ae775ad8c2e48c5391	docs/spikes/s08-standard-editor-evidence/actual-run01/supervisor.stderr
100644 blob da709652920a570e9b1e4e1960b8092d89b41dd7	docs/spikes/s08-standard-editor-evidence/actual-run01/supervisor.stdout
100644 blob 0756641d13f25c17089f5f04fa64a8d818c583e3	docs/spikes/s08-standard-editor-evidence/actual-run02/call-001.json
100644 blob 3d460ecbe0f0c5f53d806e38bd768dddc126e61e	docs/spikes/s08-standard-editor-evidence/actual-run02/call-002.json
100644 blob 72401b597b5fb76d61179c170c3f3d0f221ff03b	docs/spikes/s08-standard-editor-evidence/actual-run02/call-003.json
100644 blob 472adc72414536014ca1db165d51f2fbbd0b7969	docs/spikes/s08-standard-editor-evidence/actual-run02/call-004.json
100644 blob b88eb88ce3bdee553e1b0bc99fcd3b74352998c6	docs/spikes/s08-standard-editor-evidence/actual-run02/call-005.json
100644 blob 7e03ea53c2b4b46de3a27c19dc9dd62dbee37675	docs/spikes/s08-standard-editor-evidence/actual-run02/call-006.json
100644 blob 0ead5780dc8627e9a2785fc8b216be514d94de88	docs/spikes/s08-standard-editor-evidence/actual-run02/editor/command.json
100644 blob 20da755f511af0663adac1900367886e89d8143f	docs/spikes/s08-standard-editor-evidence/actual-run02/editor/connector.stderr.log
100644 blob e62601a5321843bd51425c61309345977f1028f8	docs/spikes/s08-standard-editor-evidence/actual-run02/editor/connector.stdout.log
100644 blob 4d3046327a2f3c73058833929a938f2e5d76360e	docs/spikes/s08-standard-editor-evidence/actual-run02/editor/engine.log
100644 blob deb3b43d41dc22f8ae295c21bd385e695d414bd2	docs/spikes/s08-standard-editor-evidence/actual-run02/editor/stderr.log
100644 blob 0d320a718171c342d8da4bb3007791a806c8513b	docs/spikes/s08-standard-editor-evidence/actual-run02/editor/stdout.log
100644 blob b743032106393bf3d54a25d6bbeaa31a85d96bb6	docs/spikes/s08-standard-editor-evidence/actual-run02/lifecycle.json
100644 blob 9ef0e98b6d74d7abf47e9899a596848e4c6a987d	docs/spikes/s08-standard-editor-evidence/actual-run02/projection-binding.json
100644 blob 935351a83237d6995b219fef2e4d0315aab30067	docs/spikes/s08-standard-editor-evidence/actual-run02/registry-binding.json
100644 blob e69de29bb2d1d6434b8b29ae775ad8c2e48c5391	docs/spikes/s08-standard-editor-evidence/actual-run02/supervisor.stderr
100644 blob e509f6bd3f5086e6212f4cc50266e9568a3769af	docs/spikes/s08-standard-editor-evidence/actual-run02/supervisor.stdout
100644 blob 9268798a3afa4419ead44fc889dd4e84660e22bb	docs/spikes/s08-standard-editor-evidence/actual-run03/call-001.json
100644 blob 35cf85dd1b9ae05079075888c2ddf8af1ba79008	docs/spikes/s08-standard-editor-evidence/actual-run03/call-002.json
100644 blob 1640b9212f33e281e92679e8ca1aa8c4aacb385e	docs/spikes/s08-standard-editor-evidence/actual-run03/call-003.json
100644 blob d2afd587aea2c63a372579d658084d4fed6c34ec	docs/spikes/s08-standard-editor-evidence/actual-run03/call-004.json
100644 blob 5076d9d50952f0bd2a946a6d488469d7007efe68	docs/spikes/s08-standard-editor-evidence/actual-run03/call-005.json
100644 blob 6ecfeb647e0a3d0db7f0e14026ebfefb35413b2b	docs/spikes/s08-standard-editor-evidence/actual-run03/call-006.json
100644 blob b22090d95a51e612f8c71004365e46fb79fc1051	docs/spikes/s08-standard-editor-evidence/actual-run03/call-007.json
100644 blob 10ecb9bd9102b5089d43a3dbcb849c46a07d12aa	docs/spikes/s08-standard-editor-evidence/actual-run03/command.json
100644 blob 20da755f511af0663adac1900367886e89d8143f	docs/spikes/s08-standard-editor-evidence/actual-run03/connector.stderr.log
100644 blob 996a818490086462d6083209c68a0cc759fd6526	docs/spikes/s08-standard-editor-evidence/actual-run03/connector.stdout.log
100644 blob b8cd538835eb0c23687ef8ad16b1db2dccc5937f	docs/spikes/s08-standard-editor-evidence/actual-run03/editor-engine.log
100644 blob 17bebeab0b1dda3cf689f8bf3154d4dc6a05af0e	docs/spikes/s08-standard-editor-evidence/actual-run03/editor-stderr.log
100644 blob f6e66456e8f3d3bd91021b3bec0d421210a837d3	docs/spikes/s08-standard-editor-evidence/actual-run03/editor-stdout.log
100644 blob 414e2243750ceaf9a4160ddb339c14ba93eb4c8f	docs/spikes/s08-standard-editor-evidence/actual-run03/lifecycle.json
100644 blob edf410d36f279593f4a89a6fa797c4134daa6db4	docs/spikes/s08-standard-editor-evidence/actual-run03/projection-binding.json
100644 blob 515653c480ea2adf1f6f1881317fd8314bca85cf	docs/spikes/s08-standard-editor-evidence/actual-run03/registry-binding.json
100644 blob c29219419d566d921507b2f435c405307dcf02d3	docs/spikes/s08-standard-editor-evidence/actual-run03/requested-undelivered.json
100644 blob e69de29bb2d1d6434b8b29ae775ad8c2e48c5391	docs/spikes/s08-standard-editor-evidence/actual-run03/supervisor.stderr
100644 blob 4d80628f8b3f2b0deee653361eaf149c93888d7f	docs/spikes/s08-standard-editor-evidence/actual-run03/supervisor.stdout
100644 blob 1a489a102735ce294bfc72162f771fa801531168	docs/spikes/s08-standard-editor-evidence/actual-run03/transport-limit.json
100644 blob e5cf0ee771e73ecf4cac1c6c6cb85dcd4951f3fa	docs/spikes/s08-standard-editor-evidence/actual-run04/call-001.json
100644 blob c69713dd35754b93bf0b5f5146ace12787d31055	docs/spikes/s08-standard-editor-evidence/actual-run04/call-002.json
100644 blob c4fd65a39440b65cbedb01f36f101c31967c00a8	docs/spikes/s08-standard-editor-evidence/actual-run04/call-003.json
100644 blob 367e09074cb698d0b2413c28df8f97f35cf6eac5	docs/spikes/s08-standard-editor-evidence/actual-run04/call-004.json
100644 blob 131551f4c8122e85b7ba25519d9ec35d96c19e74	docs/spikes/s08-standard-editor-evidence/actual-run04/call-005.json
100644 blob 8d2bfc114bbcc683309ee71fb881fd86b85a9847	docs/spikes/s08-standard-editor-evidence/actual-run04/call-006.json
100644 blob 1bf4ee1583c7c5ec7dfbd2d39d3174e94a988dd2	docs/spikes/s08-standard-editor-evidence/actual-run04/call-007.json
100644 blob e782e19b3d148d292b88dc3f16cd9fcc25a8f762	docs/spikes/s08-standard-editor-evidence/actual-run04/call-008.json
100644 blob 3f0bdac2c074f0ec1caebe8190ab0a1ee4bbb651	docs/spikes/s08-standard-editor-evidence/actual-run04/call-009.json
100644 blob 2aa4c92655269b478c1d9eb7058df0064722eb63	docs/spikes/s08-standard-editor-evidence/actual-run04/call-010.json
100644 blob 34a2674cf3d8bb41fc91a78daf8fe6c9076a9b88	docs/spikes/s08-standard-editor-evidence/actual-run04/call-011.json
100644 blob be3bd6258dbede8ab8ea820b4511745345b7589d	docs/spikes/s08-standard-editor-evidence/actual-run04/call-012.json
100644 blob c7d971bd66b644d47030919b2b05bfc0e790e7d5	docs/spikes/s08-standard-editor-evidence/actual-run04/call-013.json
100644 blob 22a2855bee5068780aa972ab4d3f6bd8fa9865be	docs/spikes/s08-standard-editor-evidence/actual-run04/call-014.json
100644 blob 6908c7a32d3d9a16b4bd8940f31ccc5f7e96b28e	docs/spikes/s08-standard-editor-evidence/actual-run04/call-015.json
100644 blob 9a58245753bb28d64eb8d7f1410aa88a0d6bdb99	docs/spikes/s08-standard-editor-evidence/actual-run04/call-016.json
100644 blob 9a241059677f358893e64b122651ac766ca3cade	docs/spikes/s08-standard-editor-evidence/actual-run04/call-017.json
100644 blob 9bac417628f6725dd0e9f2d4e3becddf9d0e6513	docs/spikes/s08-standard-editor-evidence/actual-run04/call-018.json
100644 blob f1a50ffd1c18079a20d228f38d7360bd09de5b04	docs/spikes/s08-standard-editor-evidence/actual-run04/call-019.json
100644 blob b4af5c28bca4b686cefba5e1f9c8408c692e7b8e	docs/spikes/s08-standard-editor-evidence/actual-run04/call-020.json
100644 blob 9db626396f805e7ef81a9c2793dbf4b760870be7	docs/spikes/s08-standard-editor-evidence/actual-run04/call-021.json
100644 blob 5da13a2e035aa37a04625b412706cb9b115f3f4b	docs/spikes/s08-standard-editor-evidence/actual-run04/call-022.json
100644 blob 2a6d12a7ba6dc2cc168051c84dee803654a8797f	docs/spikes/s08-standard-editor-evidence/actual-run04/call-023.json
100644 blob b9fa5bb78212f784e78e5f9815f559d00bb0416d	docs/spikes/s08-standard-editor-evidence/actual-run04/call-024.json
100644 blob 8b10a1f4c7e8b98af6b938a56c00a9ad1cceed1c	docs/spikes/s08-standard-editor-evidence/actual-run04/call-025.json
100644 blob b9fe1eb84afcc6b7e6a6f05649b11923124e926d	docs/spikes/s08-standard-editor-evidence/actual-run04/call-026.json
100644 blob fc3270411544b588cccbd72584e23fe06b15c792	docs/spikes/s08-standard-editor-evidence/actual-run04/call-027.json
100644 blob af396434138b1bd54f247db196a7906eaf2f3c75	docs/spikes/s08-standard-editor-evidence/actual-run04/call-028.json
100644 blob 7d475649826989257dbea99fb0c74291fca2387a	docs/spikes/s08-standard-editor-evidence/actual-run04/call-029.json
100644 blob 1fe3db912a2c9db2147848c7e7d6954559ad8ae4	docs/spikes/s08-standard-editor-evidence/actual-run04/call-030.json
100644 blob e438ee2e507ea39a10fe4a67be3546d2d2ac551e	docs/spikes/s08-standard-editor-evidence/actual-run04/call-031.json
100644 blob 966bf4e7df828fa1dd0432559a2ade2e98af6242	docs/spikes/s08-standard-editor-evidence/actual-run04/call-032.json
100644 blob b56ff00324f53abb39232dc8471ed39069b91e86	docs/spikes/s08-standard-editor-evidence/actual-run04/call-033.json
100644 blob 2994508e1826e0d24337856cef7843d959066405	docs/spikes/s08-standard-editor-evidence/actual-run04/call-034.json
100644 blob fc3788b07ab5c5aaa8d21e89ae99e8ab07570639	docs/spikes/s08-standard-editor-evidence/actual-run04/call-035.json
100644 blob 939c2c20228ca986396c86f209d72bb52b51c3b8	docs/spikes/s08-standard-editor-evidence/actual-run04/call-036.json
100644 blob a46510872a6b6dec3fb79fc34554b14ccbceeb02	docs/spikes/s08-standard-editor-evidence/actual-run04/call-037.json
100644 blob 594ccc09e43e75d1b6d2ca1b4372beb4b3877584	docs/spikes/s08-standard-editor-evidence/actual-run04/call-038.json
100644 blob e4aedca78ef3a262486b8f8ef9346f26fa8eb298	docs/spikes/s08-standard-editor-evidence/actual-run04/call-039.json
100644 blob 88543010320fe5c87d2dc8b2e8480ce95c803a92	docs/spikes/s08-standard-editor-evidence/actual-run04/call-040.json
100644 blob c1c2d7521e4eb2fa9207c95367154d7643cf11d5	docs/spikes/s08-standard-editor-evidence/actual-run04/call-041.json
100644 blob 4d6103900331306fa5c7b35faadd8ee4df572d66	docs/spikes/s08-standard-editor-evidence/actual-run04/command.json
100644 blob 5aca7d4e71f94768feddef2493f2d1fd81f3e34b	docs/spikes/s08-standard-editor-evidence/actual-run04/connector.stderr.log
100644 blob 9a632018c063e2dc6540c5bd355ea09a5a53bf12	docs/spikes/s08-standard-editor-evidence/actual-run04/connector.stdout.log
100644 blob 974e1d202b180c54af67a73bb3f6fcc7607277a0	docs/spikes/s08-standard-editor-evidence/actual-run04/engine.log
100644 blob 55b37189862e941b767e943247f6b7c46e3ffc7c	docs/spikes/s08-standard-editor-evidence/actual-run04/lifecycle.json
100644 blob 5f28502ab9f101842fc327592356d704652e9412	docs/spikes/s08-standard-editor-evidence/actual-run04/projection-binding.json
100644 blob 1f9a2528f747a650280e9c13c5eac9966e712bde	docs/spikes/s08-standard-editor-evidence/actual-run04/registry-after.json
100644 blob 42bdbf66c64a703023e3bf6da82fc6149214890e	docs/spikes/s08-standard-editor-evidence/actual-run04/registry-binding.json
100644 blob 7a0d3b8a84ce7a4c449dc8accedcd3d6401f6b36	docs/spikes/s08-standard-editor-evidence/actual-run04/request-007.json
100644 blob 0f6d68d9d046e8fb09a59eda8fcd90c9c1cf6f71	docs/spikes/s08-standard-editor-evidence/actual-run04/stderr.log
100644 blob 14d0f90429c585009056ac20e93941d3c9408882	docs/spikes/s08-standard-editor-evidence/actual-run04/stdout.log
100644 blob dd22299824236cd878a53a1ae73df54aed3eb1e9	docs/spikes/s08-standard-editor-evidence/actual-run04/strict-outcome.json
100644 blob e69de29bb2d1d6434b8b29ae775ad8c2e48c5391	docs/spikes/s08-standard-editor-evidence/actual-run04/supervisor.stderr
100644 blob 731787935604eae44713b1487809493294e3ee54	docs/spikes/s08-standard-editor-evidence/actual-run04/supervisor.stdout
100644 blob 70d401fef913efe8446305f3e2217b814610a551	docs/spikes/s08-standard-editor-evidence/addon-free-probe/api/command.json
100644 blob 6ef3238661a1be5bffdd3b8324e6aa69a3b27ab4	docs/spikes/s08-standard-editor-evidence/addon-free-probe/api/engine.log
100644 blob b114ca1f9e7564d56723ea9509dc3ca980b729bd	docs/spikes/s08-standard-editor-evidence/addon-free-probe/api/result.json
100644 blob e69de29bb2d1d6434b8b29ae775ad8c2e48c5391	docs/spikes/s08-standard-editor-evidence/addon-free-probe/api/stderr.log
100644 blob 6ef3238661a1be5bffdd3b8324e6aa69a3b27ab4	docs/spikes/s08-standard-editor-evidence/addon-free-probe/api/stdout.log
100644 blob 116f5ff2ace6e9d900d07a4f263736e373c7d162	docs/spikes/s08-standard-editor-evidence/addon-free-probe/api_probe.gd
100644 blob e0fcf546698da4c697177db47da965303ce25399	docs/spikes/s08-standard-editor-evidence/addon-free-probe/observation.json
100644 blob 23babdc47ee53889fb54208f5e426631a1c6deb4	docs/spikes/s08-standard-editor-evidence/addon-free-probe/probe-cache.json
100644 blob e01bed895c26570b6bd3735c7bd05b3155b3a925	docs/spikes/s08-standard-editor-evidence/addon-free-probe/scratch-config.json
100644 blob d5f0e09ec69409e86236e740f9c516fccb306e96	docs/spikes/s08-standard-editor-evidence/addon-free-probe/source-links.json
100644 blob 78b66086c483c4e60ec1fcd70841cf73d272ad45	docs/spikes/s08-standard-editor-evidence/addon-free-probe/staged-input.json
100644 blob e69de29bb2d1d6434b8b29ae775ad8c2e48c5391	docs/spikes/s08-standard-editor-evidence/addon-free-probe/supervisor.stderr
100644 blob e43db3846961ac6360d739f42c396d36377c8455	docs/spikes/s08-standard-editor-evidence/addon-free-probe/supervisor.stdout
100644 blob 3a37f192667851920ca6331e92fd67cfa601a478	docs/spikes/s08-standard-editor-evidence/addon-free-release/asset-PCK-readback.json
100644 blob 3272a012b022f11627d9ed35d19f17db78165ebb	docs/spikes/s08-standard-editor-evidence/addon-free-release/asset/command.json
100644 blob 9551f2574f10cc7375fba0e0ea86bfc4f04afb9e	docs/spikes/s08-standard-editor-evidence/addon-free-release/asset/engine.log
100644 blob 112dd82a256539cdd1f3d4c35805fc8845c0820f	docs/spikes/s08-standard-editor-evidence/addon-free-release/asset/result.json
100644 blob e69de29bb2d1d6434b8b29ae775ad8c2e48c5391	docs/spikes/s08-standard-editor-evidence/addon-free-release/asset/stderr.log
100644 blob 9551f2574f10cc7375fba0e0ea86bfc4f04afb9e	docs/spikes/s08-standard-editor-evidence/addon-free-release/asset/stdout.log
100644 blob 946706a29723db7cd9fd92feeeb8b2eeec20d625	docs/spikes/s08-standard-editor-evidence/addon-free-release/cache-inspection.json
100644 blob 3edf9b9e90698a045e45bf619e86ef275c038144	docs/spikes/s08-standard-editor-evidence/addon-free-release/enet/host/command.json
100644 blob 6c979a9de799aa1d1c4f151a3705694473bf86a8	docs/spikes/s08-standard-editor-evidence/addon-free-release/enet/host/engine.log
100644 blob e69de29bb2d1d6434b8b29ae775ad8c2e48c5391	docs/spikes/s08-standard-editor-evidence/addon-free-release/enet/host/stderr.log
100644 blob 6c979a9de799aa1d1c4f151a3705694473bf86a8	docs/spikes/s08-standard-editor-evidence/addon-free-release/enet/host/stdout.log
100644 blob e69de29bb2d1d6434b8b29ae775ad8c2e48c5391	docs/spikes/s08-standard-editor-evidence/addon-free-release/enet/proxy.jsonl
100644 blob df1408e45073b99c73a7f5087bef519aab660f6e	docs/spikes/s08-standard-editor-evidence/addon-free-release/enet/result.json
100644 blob 23941fdc373ffa443c2b9566d2c08972da6c575e	docs/spikes/s08-standard-editor-evidence/addon-free-release/exclusions.json
100644 blob 4e3ec69e9f8594a8ce38e26798191211acd10fc9	docs/spikes/s08-standard-editor-evidence/addon-free-release/executable-template.json
100644 blob c599a5cec88d1e9ac714e6b79830852b6d0466f2	docs/spikes/s08-standard-editor-evidence/addon-free-release/export/command.json
100644 blob d3c5e794cfadb883f281b314c87fb588fe819949	docs/spikes/s08-standard-editor-evidence/addon-free-release/export/engine.log
100644 blob e69de29bb2d1d6434b8b29ae775ad8c2e48c5391	docs/spikes/s08-standard-editor-evidence/addon-free-release/export/stderr.log
100644 blob 161da50f779aebb625786612e6f915a109405414	docs/spikes/s08-standard-editor-evidence/addon-free-release/export/stdout.log
100644 blob c7e14f3d4034e9806fc2fadff54392bbb49b209e	docs/spikes/s08-standard-editor-evidence/addon-free-release/import/command.json
100644 blob e4abe297c714e9fbb81a47db9193b821b94b6844	docs/spikes/s08-standard-editor-evidence/addon-free-release/import/engine.log
100644 blob e69de29bb2d1d6434b8b29ae775ad8c2e48c5391	docs/spikes/s08-standard-editor-evidence/addon-free-release/import/stderr.log
100644 blob 8bf4009d3aa1b4c392c3f5b5a86009c824bfebc4	docs/spikes/s08-standard-editor-evidence/addon-free-release/import/stdout.log
100644 blob 8f135777506774173750d128df4bc30052eb3666	docs/spikes/s08-standard-editor-evidence/addon-free-release/logical-export-map.json
100644 blob 65f52394f305107454a32b9190cd058d0489e6ec	docs/spikes/s08-standard-editor-evidence/addon-free-release/observation.json
100644 blob e70aac27ff7a471379a41ec012d0bd14adecd4d4	docs/spikes/s08-standard-editor-evidence/addon-free-release/offline-UID-retention.py
100644 blob 6d17720df24defa852ef51481f9143c7e25a33f1	docs/spikes/s08-standard-editor-evidence/addon-free-release/output-folder.json
100644 blob 4df90a72ba25c8b3aec6adaace7244553395fa58	docs/spikes/s08-standard-editor-evidence/addon-free-release/pck-members.json
100644 blob 233061420d621f83611d3c0135b1fc4b7f045ced	docs/spikes/s08-standard-editor-evidence/addon-free-release/post-import-inputs.json
100644 blob 42bb74a921aec72db3bfc5ae6191a035f4ef16ee	docs/spikes/s08-standard-editor-evidence/addon-free-release/scratch-config.json
100644 blob d5f0e09ec69409e86236e740f9c516fccb306e96	docs/spikes/s08-standard-editor-evidence/addon-free-release/source-links.json
100644 blob 78b66086c483c4e60ec1fcd70841cf73d272ad45	docs/spikes/s08-standard-editor-evidence/addon-free-release/staged-input.json
100644 blob e69de29bb2d1d6434b8b29ae775ad8c2e48c5391	docs/spikes/s08-standard-editor-evidence/addon-free-release/supervisor.stderr
100644 blob 027ccf7a6223700e60f20d17fa30539514e224d7	docs/spikes/s08-standard-editor-evidence/addon-free-release/supervisor.stdout
100644 blob 407f3450095e9c0757e770a404b6a40154327e3d	docs/spikes/s08-standard-editor-evidence/addon-free-release/template-rebind.json
100644 blob eccd00c12502a75b11eb1707f54fab7dd9de5800	docs/spikes/s08-standard-editor-evidence/addon-free-release/uid-cache-decoded.json
100644 blob e69de29bb2d1d6434b8b29ae775ad8c2e48c5391	docs/spikes/s08-standard-editor-evidence/affected-checks/format.stderr
100644 blob c4879cb08dfcb29d422e0d12cd77e225d5b751f1	docs/spikes/s08-standard-editor-evidence/affected-checks/format.stdout
100644 blob e69de29bb2d1d6434b8b29ae775ad8c2e48c5391	docs/spikes/s08-standard-editor-evidence/affected-checks/lint.stderr
100644 blob f10d09e64c5b7252dc92b9c7dd7895e3c864a7c5	docs/spikes/s08-standard-editor-evidence/affected-checks/lint.stdout
100644 blob d7e531c03041f20f6ffc7d4b7459a88694cd0030	docs/spikes/s08-standard-editor-evidence/affected-checks/results.json
100644 blob d29ea6a0b02c6f01508097d727f294a819d2cbc7	docs/spikes/s08-standard-editor-evidence/affected-checks/saved-identities.json
100644 blob ca70d5d0cfd3b12332ea176b3dac7a6356c6a3d0	docs/spikes/s08-standard-editor-evidence/bounded-outcomes.json
100644 blob 101df384e95081039e7197441664d41774185f54	docs/spikes/s08-standard-editor-evidence/cleanup-before-run04/after.json
100644 blob e69de29bb2d1d6434b8b29ae775ad8c2e48c5391	docs/spikes/s08-standard-editor-evidence/cleanup-before-run04/cleanup.stderr
100644 blob 68e831c45238cc6ee7817152406a08032662a3ca	docs/spikes/s08-standard-editor-evidence/cleanup-before-run04/cleanup.stdout
100644 blob a0051bd40791221a5e0c02cc83ce361308dbb654	docs/spikes/s08-standard-editor-evidence/cleanup-before-run04/correct-lock-original-command.json
100644 blob e69de29bb2d1d6434b8b29ae775ad8c2e48c5391	docs/spikes/s08-standard-editor-evidence/cleanup-before-run04/correct-lock-original.stderr
100644 blob b482e746d733aabd7f84447c7c7e51cd9133b6d4	docs/spikes/s08-standard-editor-evidence/cleanup-before-run04/correct-lock-original.stdout
100644 blob d83876a6ee60c5710cf837e8d50fa462c89b04ca	docs/spikes/s08-standard-editor-evidence/cleanup-before-run04/correct-lock-provenance.json
100644 blob 4a6a9588572d93fa944214bd94020b72647538a2	docs/spikes/s08-standard-editor-evidence/cleanup-before-run04/e9fb882bfd3c.json
100644 blob ce072a56348b7a7b3020b97f1ec6f1135ffb6c33	docs/spikes/s08-standard-editor-evidence/cleanup-before-run04/executed-cleanup.py
100644 blob 073a3c74e8125ad4e4ddcb091aa170803f563200	docs/spikes/s08-standard-editor-evidence/cleanup-before-run04/projects.json
100644 blob 290f3028fa56aed00abe3402255f4f828570c433	docs/spikes/s08-standard-editor-evidence/cleanup-before-run04/result.json
100644 blob 3ea8b1ce08b49e562ec2a45a1868594b441b73e4	docs/spikes/s08-standard-editor-evidence/file-delivery/boot-write-control.json
100644 blob 7a0d3b8a84ce7a4c449dc8accedcd3d6401f6b36	docs/spikes/s08-standard-editor-evidence/file-delivery/boot-write.json
100644 blob f3557a16abe28dd18aa7beaddd8ad307651ba2b5	docs/spikes/s08-standard-editor-evidence/file-delivery/file-check.py
100644 blob e69de29bb2d1d6434b8b29ae775ad8c2e48c5391	docs/spikes/s08-standard-editor-evidence/file-delivery/file-check.stderr
100644 blob 63352ba9f0990000262e917dfb450cbd6880a1e7	docs/spikes/s08-standard-editor-evidence/file-delivery/file-check.stdout
100644 blob 6e84586f20e681ab7fdf441658b24ef3b7a9c596	docs/spikes/s08-standard-editor-evidence/historical-report-refs.json
100644 blob dcba3f57100ae13f90410cb9eca6b3e081b96e36	docs/spikes/s08-standard-editor-evidence/index.json
100644 blob 82b5ab8ac4773645430a5f0f85f6ec2e03b0d1ab	docs/spikes/s08-standard-editor-evidence/installed-route-source/dist/registry.js
100644 blob 9f217234bc6003804fc4b8d632dda2c6979d8b7a	docs/spikes/s08-standard-editor-evidence/installed-route-source/dist/startup/portConfig.js
100644 blob 267a00c1de7f2718c7980c03ca805a7755a1dd0e	docs/spikes/s08-standard-editor-evidence/installed-route-source/dist/transport/bridge.js
100644 blob 34189cb1ad8aedd9404616428b2791ea0d06102b	docs/spikes/s08-standard-editor-evidence/installed-route-source/dist/transport/tokenPath.js
100644 blob aba9c5a81bf16f4cebacbe625b35a187daf3a02f	docs/spikes/s08-standard-editor-evidence/installed-route-source/manifest.json
100644 blob e99da7dfaa571db2016b7becbb0c0238e859f911	docs/spikes/s08-standard-editor-evidence/installed-route-source/package.json
100644 blob f1f5172d05b61478f4190a677add10ecaef69304	docs/spikes/s08-standard-editor-evidence/mirror-inputs.json
100644 blob f286baa0c2d60d964dee000f037a227f9d1c82a0	docs/spikes/s08-standard-editor-evidence/offline-route/actual-projection.json
100644 blob a7ed43de3832ddcea1e61fdc489623f4ce725b60	docs/spikes/s08-standard-editor-evidence/offline-route/check.mjs
100644 blob e69de29bb2d1d6434b8b29ae775ad8c2e48c5391	docs/spikes/s08-standard-editor-evidence/offline-route/check.stderr
100644 blob 7e4a8ea71cd53b15c28bf87ef4c9ab7daba2f976	docs/spikes/s08-standard-editor-evidence/offline-route/check.stdout
100644 blob e2ae4966568b88340b240ed85a6ec363c3fe3b92	docs/spikes/s08-standard-editor-evidence/own-launch-identity.json
100644 blob c33ca1533b880b3b3925878cb9c57cab77b65739	docs/spikes/s08-standard-editor-evidence/owned-cleanup/cleanup-check.py
100644 blob e69de29bb2d1d6434b8b29ae775ad8c2e48c5391	docs/spikes/s08-standard-editor-evidence/owned-cleanup/cleanup-check.stderr
100644 blob f7c3a933227b1020a1e7ed398b63aa28936584f5	docs/spikes/s08-standard-editor-evidence/owned-cleanup/cleanup-check.stdout
100644 blob 167556051f1ac3c5205b550c01f62406793067d5	docs/spikes/s08-standard-editor-evidence/owned-cleanup/last-entry.json
100644 blob 86beee9e8e6a042f7643a0f7b7961fb878203fab	docs/spikes/s08-standard-editor-evidence/owned-cleanup/last-projection.json
100644 blob 62d11d7f30f16ea6402073913460e3d04759b55f	docs/spikes/s08-standard-editor-evidence/owned-cleanup/result.json
100644 blob acd666735bceabdb8915f75cb8dc64e5725f3889	docs/spikes/s08-standard-editor-evidence/pinned-help/command.json
100644 blob e69de29bb2d1d6434b8b29ae775ad8c2e48c5391	docs/spikes/s08-standard-editor-evidence/pinned-help/stderr
100644 blob e5ac0894d6f27a78c52422163d5259c79630e491	docs/spikes/s08-standard-editor-evidence/pinned-help/stdout
100644 blob 563d2ff7d690145bdfe77255ba495e14db0d3dea	docs/spikes/s08-standard-editor-evidence/prep-original/lifecycle.json
100644 blob 227fe13c286dd7c5f2ed861d6b741635b5eba753	docs/spikes/s08-standard-editor-evidence/prep-original/prepare/command.json
100644 blob b3a9e18ed0de3d15e09752f22c130d9f07231f6b	docs/spikes/s08-standard-editor-evidence/prep-original/prepare/engine.log
100644 blob cf9b408e380e696dc1709bf53c5ed0131d3ce50c	docs/spikes/s08-standard-editor-evidence/prep-original/prepare/stderr.log
100644 blob b818d06aa4a336a557c09386ea3893c24b41e159	docs/spikes/s08-standard-editor-evidence/prep-original/prepare/stdout.log
100644 blob e69de29bb2d1d6434b8b29ae775ad8c2e48c5391	docs/spikes/s08-standard-editor-evidence/prep-original/supervisor.stderr
100644 blob 7c92e40afa3502f6e1b2a43d4adb265dfc6c38d5	docs/spikes/s08-standard-editor-evidence/prep-original/supervisor.stdout
100644 blob a59b2ec3cca7e19a9e13334585899beb87697309	docs/spikes/s08-standard-editor-evidence/prep-scan/lifecycle.json
100644 blob 3f1d4aa76892c4c1bdce3ce474051e3132f2d98a	docs/spikes/s08-standard-editor-evidence/prep-scan/prepare/command.json
100644 blob ea6f95666c292d24944f37668ffe77ab49d9f2bb	docs/spikes/s08-standard-editor-evidence/prep-scan/prepare/engine.log
100644 blob 5a60e7a3cfd7975e8372eaa9254720c0ec896c2d	docs/spikes/s08-standard-editor-evidence/prep-scan/prepare/stderr.log
100644 blob 055fdd200e40c60a2bb0a1a4f7e2813bf8026f00	docs/spikes/s08-standard-editor-evidence/prep-scan/prepare/stdout.log
100644 blob e69de29bb2d1d6434b8b29ae775ad8c2e48c5391	docs/spikes/s08-standard-editor-evidence/prep-scan/supervisor.stderr
100644 blob cdd74988280ae4dec52fca8093523fb6f5fc4a0d	docs/spikes/s08-standard-editor-evidence/prep-scan/supervisor.stdout
100644 blob 9809225aa77784fc367772d02831678116215feb	docs/spikes/s08-standard-editor-evidence/probe-source-gap/observation.json
100644 blob ece677e141cc08284a577d409d4f1533b68b610c	docs/spikes/s08-standard-editor-evidence/probe-source-gap/offline-signature.json
100644 blob 23babdc47ee53889fb54208f5e426631a1c6deb4	docs/spikes/s08-standard-editor-evidence/probe-source-gap/probe-cache.json
100644 blob 928db85b3d197c9fdfac5ecb311b9341c888ee33	docs/spikes/s08-standard-editor-evidence/probe-source-gap/scratch-config.json
100644 blob 0b0583fa72aa343d9c8cc69aff77881a5664eafc	docs/spikes/s08-standard-editor-evidence/probe-source-gap/source-links.json
100644 blob b3f6c0852ff597d072ba7a08865a7dc60ecd69ff	docs/spikes/s08-standard-editor-evidence/probe-source-gap/staged-input.json
100644 blob e69de29bb2d1d6434b8b29ae775ad8c2e48c5391	docs/spikes/s08-standard-editor-evidence/probe-source-gap/supervisor.stderr
100644 blob 7da1cf7c0a80855bb4585b5bfa37c6855d0ca8c1	docs/spikes/s08-standard-editor-evidence/probe-source-gap/supervisor.stdout
100644 blob 498922f6c59f6e0f1b5b5bca54051f562baf3050	docs/spikes/s08-standard-editor-evidence/quiescent-owned-lifecycle.json
100644 blob 6c96b3fee135671e27cca38e7d9fb3d0273f34bd	docs/spikes/s08-standard-editor-evidence/raw-addon-free-grant.json
100644 blob fe617b953255d8c90e39f19a50f630806e68f1f8	docs/spikes/s08-standard-editor-evidence/raw-final-steering.json
100644 blob 76bc87341bd9a8d09b5ad64f9bcd616994c208c8	docs/spikes/s08-standard-editor-evidence/raw-run03-run04-grants.json
100644 blob 1be57b594e3236002e352bc59a2a81173630e0d2	docs/spikes/s08-standard-editor-evidence/raw-user-grants.json
100644 blob edce36b4b3a521f8cae3c32850d1f75d744287e1	docs/spikes/s08-standard-editor-evidence/readiness-handoff/assessment.json
100644 blob bd46fbcad0712d2dcfc0c2465902b505653d3e80	docs/spikes/s08-standard-editor-evidence/readiness-handoff/assessment.py
100644 blob 10c02a9c15c7b106d940ffb0f50484b251ea3353	docs/spikes/s08-standard-editor-evidence/readiness-handoff/logger.cpp.command.json
100644 blob e69de29bb2d1d6434b8b29ae775ad8c2e48c5391	docs/spikes/s08-standard-editor-evidence/readiness-handoff/logger.cpp.stderr
100644 blob 19c820b051740a08349d0d9ec0ed266c184a721e	docs/spikes/s08-standard-editor-evidence/readiness-handoff/logger.cpp.stdout
100644 blob fab5b65476c08cbde6ecd031e34d05eae783ae4f	docs/spikes/s08-standard-editor-evidence/readiness-handoff/logger.h.command.json
100644 blob e69de29bb2d1d6434b8b29ae775ad8c2e48c5391	docs/spikes/s08-standard-editor-evidence/readiness-handoff/logger.h.stderr
100644 blob 79ef5c2967a65b6e1a873c8565ab26880126004c	docs/spikes/s08-standard-editor-evidence/readiness-handoff/logger.h.stdout
100644 blob 8f7d95da9b92c974028bd4664920530517d041e6	docs/spikes/s08-standard-editor-evidence/readiness-handoff/pinned-main-property.json
100644 blob 9f02b18f0d6203f6fbd3acb5f0c0474d681bc2cf	docs/spikes/s08-standard-editor-evidence/saved-s03-identity.json
100644 blob f1014f95b4ac1eb099a44c19b7dfeb92e0a55460	docs/spikes/s08-standard-editor-evidence/settings-before-actual-editor.json
100644 blob 984ce2a9ad4900a00ff9e90639d61fd115cdf757	docs/spikes/s08-standard-editor-evidence/settings-before-run04.json
100644 blob cc6a022da5e1e7f5e46de0b2c2e75d41af6a377c	docs/spikes/s08-standard-editor-evidence/settings-source/engine-editor-settings.cpp
100644 blob 0edcb138ab6148afa2e86b5b78022ee1953bcb3b	docs/spikes/s08-standard-editor-evidence/settings-source/engine-path-source-fetch-resolved.json
100644 blob f51931c2a9efa876bab9850eec726fdda5ca4242	docs/spikes/s08-standard-editor-evidence/settings-source/engine-path-source-fetch.json
100644 blob 33897c623797657a3d62680d9dc0a98b5f0b0eb7	docs/spikes/s08-standard-editor-evidence/settings-source/engine-source-fetch-authorized.json
100644 blob 82337e782aad8bb6886222abd453a445dd1fd08e	docs/spikes/s08-standard-editor-evidence/settings-source/engine-source-fetch.json
100644 blob c80bbffeac5fb69d9aa8b6462bcb01d4c5c78701	docs/spikes/s08-standard-editor-evidence/source-scan-condition/filesystem.command.json
100644 blob e69de29bb2d1d6434b8b29ae775ad8c2e48c5391	docs/spikes/s08-standard-editor-evidence/source-scan-condition/filesystem.stderr
100644 blob f4045a9769baa246234dd295d1c41d77f68db7cf	docs/spikes/s08-standard-editor-evidence/source-scan-condition/filesystem.stdout
100644 blob a506011c91554de22ef0383907107ab9c6b8e0be	docs/spikes/s08-standard-editor-evidence/source-scan-condition/scene_tree.command.json
100644 blob e69de29bb2d1d6434b8b29ae775ad8c2e48c5391	docs/spikes/s08-standard-editor-evidence/source-scan-condition/scene_tree.stderr
100644 blob 280a41b4d29a4d78317eaa8cf1166222f46d23a6	docs/spikes/s08-standard-editor-evidence/source-scan-condition/scene_tree.stdout
100644 blob e69de29bb2d1d6434b8b29ae775ad8c2e48c5391	docs/spikes/s08-standard-editor-evidence/static-checks/0.stderr
100644 blob fd3005c59a222d4b10d9aac07f6294c222dd5224	docs/spikes/s08-standard-editor-evidence/static-checks/0.stdout
100644 blob e69de29bb2d1d6434b8b29ae775ad8c2e48c5391	docs/spikes/s08-standard-editor-evidence/static-checks/1.stderr
100644 blob 5a3b2dcad94288d4a5d9d70ead0b26ad3acc9acc	docs/spikes/s08-standard-editor-evidence/static-checks/1.stdout
100644 blob f269389e7a39d7a3275e3da26681daa85d8634e1	docs/spikes/s08-standard-editor-evidence/static-checks/results.json
100644 blob 6792e1929bb98e29a767578e60024566891b6068	docs/spikes/s08-standard-editor-evidence/supervisor-original-CLI-receipts.json
100644 blob 5cefcdfcbeabc496280750027badbd59e6a61180	docs/spikes/s08-standard-editor-release.md
100644 blob 70c124bf3aa6ccac332f1c7e01e2f0e87cb64794	docs/spikes/s08-windows-evidence/README.md
100644 blob 7b45940aba6fdb889c29bc299f44756bff615519	docs/spikes/s08-windows-evidence/bandwidth-fix-scratch-reset/client/logs/stdout.log
100644 blob cf8c64e40c71b937371bf73ac4d35d233625119b	docs/spikes/s08-windows-evidence/bandwidth-fix-scratch-reset/host/logs/stdout.log
100644 blob e69de29bb2d1d6434b8b29ae775ad8c2e48c5391	docs/spikes/s08-windows-evidence/bandwidth-fix-scratch-reset/proxy.jsonl
100644 blob c89c9f307e9403064f945598d8a3eb49542d9fe6	docs/spikes/s08-windows-evidence/bandwidth-fix-scratch-reset/result.json
100644 blob 2c573301074e953117fee1d42103a023074a5c9e	docs/spikes/s08-windows-evidence/fixed-observation/export-debug-log/command.json
100644 blob 16eefa00b9c1cd5e2194c6fe9c7dc7975d434b8b	docs/spikes/s08-windows-evidence/fixed-observation/export-debug-log/engine.log
100644 blob e69de29bb2d1d6434b8b29ae775ad8c2e48c5391	docs/spikes/s08-windows-evidence/fixed-observation/export-debug-log/stderr.log
100644 blob 341729e3a5a3f1c5f812a278cc22893675e70e96	docs/spikes/s08-windows-evidence/fixed-observation/export-debug-log/stdout.log
100644 blob 9abe235ef5f22682a18adba73dd60f6a4a81926c	docs/spikes/s08-windows-evidence/fixed-observation/export-release-log/command.json
100644 blob 16eefa00b9c1cd5e2194c6fe9c7dc7975d434b8b	docs/spikes/s08-windows-evidence/fixed-observation/export-release-log/engine.log
100644 blob e69de29bb2d1d6434b8b29ae775ad8c2e48c5391	docs/spikes/s08-windows-evidence/fixed-observation/export-release-log/stderr.log
100644 blob 341729e3a5a3f1c5f812a278cc22893675e70e96	docs/spikes/s08-windows-evidence/fixed-observation/export-release-log/stdout.log
100644 blob 080b13dccc4ab74716c1189492f7cde600a2389a	docs/spikes/s08-windows-evidence/fixed-observation/import/command.json
100644 blob e4abe297c714e9fbb81a47db9193b821b94b6844	docs/spikes/s08-windows-evidence/fixed-observation/import/engine.log
100644 blob e69de29bb2d1d6434b8b29ae775ad8c2e48c5391	docs/spikes/s08-windows-evidence/fixed-observation/import/stderr.log
100644 blob 8bf4009d3aa1b4c392c3f5b5a86009c824bfebc4	docs/spikes/s08-windows-evidence/fixed-observation/import/stdout.log
100644 blob 29720793092b68e3d4c6f1decbc71c23f7ec3d2a	docs/spikes/s08-windows-evidence/fixed-observation/scratch-config.json
100644 blob 4d093e085f793470d155fcd0d370e03d9824f500	docs/spikes/s08-windows-evidence/fixed-observation/set-debug/client/engine.log
100644 blob e69de29bb2d1d6434b8b29ae775ad8c2e48c5391	docs/spikes/s08-windows-evidence/fixed-observation/set-debug/client/stderr.log
100644 blob 4d093e085f793470d155fcd0d370e03d9824f500	docs/spikes/s08-windows-evidence/fixed-observation/set-debug/client/stdout.log
100644 blob 5479890a0ffc1cf5785fc6a752d672152c83e95a	docs/spikes/s08-windows-evidence/fixed-observation/set-debug/host/engine.log
100644 blob e69de29bb2d1d6434b8b29ae775ad8c2e48c5391	docs/spikes/s08-windows-evidence/fixed-observation/set-debug/host/stderr.log
100644 blob 5479890a0ffc1cf5785fc6a752d672152c83e95a	docs/spikes/s08-windows-evidence/fixed-observation/set-debug/host/stdout.log
100644 blob 5443f93fea8f215b703e5844c34117f9baea7115	docs/spikes/s08-windows-evidence/fixed-observation/set-debug/proxy.jsonl
100644 blob 37b448f655611c8710023a3390968d017747ce6e	docs/spikes/s08-windows-evidence/fixed-observation/set-debug/result.json
100644 blob 45eaec673958bbdc7c485951bf85fe381ade9f42	docs/spikes/s08-windows-evidence/fixed-observation/set-release/client/engine.log
100644 blob e69de29bb2d1d6434b8b29ae775ad8c2e48c5391	docs/spikes/s08-windows-evidence/fixed-observation/set-release/client/stderr.log
100644 blob 45eaec673958bbdc7c485951bf85fe381ade9f42	docs/spikes/s08-windows-evidence/fixed-observation/set-release/client/stdout.log
100644 blob 10a719f9a8d3914fb537e9051c7974cfc37d9e37	docs/spikes/s08-windows-evidence/fixed-observation/set-release/host/engine.log
100644 blob e69de29bb2d1d6434b8b29ae775ad8c2e48c5391	docs/spikes/s08-windows-evidence/fixed-observation/set-release/host/stderr.log
100644 blob 10a719f9a8d3914fb537e9051c7974cfc37d9e37	docs/spikes/s08-windows-evidence/fixed-observation/set-release/host/stdout.log
100644 blob 007ae6436ffeb5d3ab908b881e8662323c361859	docs/spikes/s08-windows-evidence/fixed-observation/set-release/proxy.jsonl
100644 blob 024c7d1badb8e5faf711c182a0b20367f93840e4	docs/spikes/s08-windows-evidence/fixed-observation/set-release/result.json
100644 blob 6952648c1ad9072da951e6d097cfed137eaad6bf	docs/spikes/s08-windows-evidence/fixed-observation/staged-input.json
100644 blob c84b62d3f2879b7bd37d6a037f5944225f5b94b4	docs/spikes/s08-windows-evidence/fixed-observation/summary.json
100644 blob 6f8bfb34e59ff2a4b7c7221f094d0132f8d9b4db	docs/spikes/s08-windows-evidence/fixed-observation/template-binding.json
100644 blob d8bed8772b63f0beae5599e9526d5673fd87372e	docs/spikes/s08-windows-evidence/prefix-observation/export-debug-log/command.json
100644 blob 16eefa00b9c1cd5e2194c6fe9c7dc7975d434b8b	docs/spikes/s08-windows-evidence/prefix-observation/export-debug-log/engine.log
100644 blob e69de29bb2d1d6434b8b29ae775ad8c2e48c5391	docs/spikes/s08-windows-evidence/prefix-observation/export-debug-log/stderr.log
100644 blob 341729e3a5a3f1c5f812a278cc22893675e70e96	docs/spikes/s08-windows-evidence/prefix-observation/export-debug-log/stdout.log
100644 blob 3e87d487e088617c0a2ee47a41056d0385b724cf	docs/spikes/s08-windows-evidence/prefix-observation/export-release-log/command.json
100644 blob 16eefa00b9c1cd5e2194c6fe9c7dc7975d434b8b	docs/spikes/s08-windows-evidence/prefix-observation/export-release-log/engine.log
100644 blob e69de29bb2d1d6434b8b29ae775ad8c2e48c5391	docs/spikes/s08-windows-evidence/prefix-observation/export-release-log/stderr.log
100644 blob 341729e3a5a3f1c5f812a278cc22893675e70e96	docs/spikes/s08-windows-evidence/prefix-observation/export-release-log/stdout.log
100644 blob e6711cd6f419667a390d361dcd0509a2f5a015bf	docs/spikes/s08-windows-evidence/prefix-observation/import/command.json
100644 blob e4abe297c714e9fbb81a47db9193b821b94b6844	docs/spikes/s08-windows-evidence/prefix-observation/import/engine.log
100644 blob e69de29bb2d1d6434b8b29ae775ad8c2e48c5391	docs/spikes/s08-windows-evidence/prefix-observation/import/stderr.log
100644 blob 8bf4009d3aa1b4c392c3f5b5a86009c824bfebc4	docs/spikes/s08-windows-evidence/prefix-observation/import/stdout.log
100644 blob 468938dd58354762ad93f4ed0dac4852144b652f	docs/spikes/s08-windows-evidence/prefix-observation/scratch-config.json
100644 blob 0129719e0578e33097a2b14f9c00316ad25e041c	docs/spikes/s08-windows-evidence/prefix-observation/set-debug/client/engine.log
100644 blob e69de29bb2d1d6434b8b29ae775ad8c2e48c5391	docs/spikes/s08-windows-evidence/prefix-observation/set-debug/client/stderr.log
100644 blob 0129719e0578e33097a2b14f9c00316ad25e041c	docs/spikes/s08-windows-evidence/prefix-observation/set-debug/client/stdout.log
100644 blob 094c99812651433872cdd68936d45f42df52b43c	docs/spikes/s08-windows-evidence/prefix-observation/set-debug/host/engine.log
100644 blob e69de29bb2d1d6434b8b29ae775ad8c2e48c5391	docs/spikes/s08-windows-evidence/prefix-observation/set-debug/host/stderr.log
100644 blob 094c99812651433872cdd68936d45f42df52b43c	docs/spikes/s08-windows-evidence/prefix-observation/set-debug/host/stdout.log
100644 blob e69de29bb2d1d6434b8b29ae775ad8c2e48c5391	docs/spikes/s08-windows-evidence/prefix-observation/set-debug/proxy.jsonl
100644 blob 435a69269dade0df4e92573e03f73947ce4ddc68	docs/spikes/s08-windows-evidence/prefix-observation/set-debug/result.json
100644 blob 8f78e7fe6c525a1896a7758d9718c76bebdcb97a	docs/spikes/s08-windows-evidence/prefix-observation/set-release/client/engine.log
100644 blob e69de29bb2d1d6434b8b29ae775ad8c2e48c5391	docs/spikes/s08-windows-evidence/prefix-observation/set-release/client/stderr.log
100644 blob 8f78e7fe6c525a1896a7758d9718c76bebdcb97a	docs/spikes/s08-windows-evidence/prefix-observation/set-release/client/stdout.log
100644 blob 51b8d22c603c257982508843a8be8a61a9fc23ee	docs/spikes/s08-windows-evidence/prefix-observation/set-release/host/engine.log
100644 blob e69de29bb2d1d6434b8b29ae775ad8c2e48c5391	docs/spikes/s08-windows-evidence/prefix-observation/set-release/host/stderr.log
100644 blob 51b8d22c603c257982508843a8be8a61a9fc23ee	docs/spikes/s08-windows-evidence/prefix-observation/set-release/host/stdout.log
100644 blob e69de29bb2d1d6434b8b29ae775ad8c2e48c5391	docs/spikes/s08-windows-evidence/prefix-observation/set-release/proxy.jsonl
100644 blob 046dc946fd7dff3087ed1d04337258326bd14de1	docs/spikes/s08-windows-evidence/prefix-observation/set-release/result.json
100644 blob 43352f6e9a7a585adb6c835460df2f02128fb02a	docs/spikes/s08-windows-evidence/prefix-observation/staged-input.json
100644 blob 3a6068b90d8b078e66d1eacb9ada9ad8a3d2215b	docs/spikes/s08-windows-evidence/prefix-observation/summary.json
100644 blob 0232d34b88ab6f3837520acce8145a70ba70c439	docs/spikes/s08-windows-evidence/prefix-observation/template-binding.json
100644 blob d89795a1a7ca62b61bf09717c00bf4284059b113	docs/spikes/s08-windows-evidence/s03-runner-fixed-1/client/logs/stdout.log
100644 blob 11bc1d6ae9bb8c5bbdfeb402580c25c623f8d012	docs/spikes/s08-windows-evidence/s03-runner-fixed-1/host/logs/stdout.log
100644 blob 79878aa19837054f461377283775b3ce701c544d	docs/spikes/s08-windows-evidence/s03-runner-fixed-1/proxy.jsonl
100644 blob 3e969fa25d8bcc67ccc85fc96b05b1d1f51e24c3	docs/spikes/s08-windows-evidence/s03-runner-fixed-1/result.json
100644 blob f08b7d510f7bdaa22efd0c38503ca93507e2bc74	docs/spikes/s08-windows-evidence/s03-runner-fixed-2/client/logs/stdout.log
100644 blob 14e60ed6e787f9a472d2167096c017ccc6b890bd	docs/spikes/s08-windows-evidence/s03-runner-fixed-2/host/logs/stdout.log
100644 blob 45fff2f62c6323bb1d392442b2db913b8e756dba	docs/spikes/s08-windows-evidence/s03-runner-fixed-2/proxy.jsonl
100644 blob d5218f1effc506561067ac4af2898a87f82234b6	docs/spikes/s08-windows-evidence/s03-runner-fixed-2/result.json
100644 blob 285c5e4042ac35b2d2d49305939248c85c6d9db2	docs/spikes/s08-windows-evidence/s03-runner-fixed-3/client/logs/stdout.log
100644 blob 667c8b290ba6119695f47b861d7287f84f4f6ab4	docs/spikes/s08-windows-evidence/s03-runner-fixed-3/host/logs/stdout.log
100644 blob 78331265da1548e1b9dd9357924b7e924aa8e79b	docs/spikes/s08-windows-evidence/s03-runner-fixed-3/proxy.jsonl
100644 blob 56d14c255c051937ca730077f9d1962fb7e2c141	docs/spikes/s08-windows-evidence/s03-runner-fixed-3/result.json
100644 blob fd25d1a7539689a308f4de1143a8966baf45c219	docs/spikes/s08-windows-evidence/s03-runner-fixed-4/client/logs/stdout.log
100644 blob c12f74e17a97db03ee7c758e08bdd7cac756720a	docs/spikes/s08-windows-evidence/s03-runner-fixed-4/host/logs/stdout.log
100644 blob 769756e6dfa34c6621c08605c110a6033459a627	docs/spikes/s08-windows-evidence/s03-runner-fixed-4/proxy.jsonl
100644 blob 0c2d9f96985780322c8792ff31a9fa8212c2a862	docs/spikes/s08-windows-evidence/s03-runner-fixed-4/result.json
100644 blob bb3c82ff77ad9431ea0c0f29a4a6832a3101df0c	docs/spikes/s08-windows-evidence/s03-runner-fixed-5/client/logs/stdout.log
100644 blob d7113002538f9a4e2b7b499c5bfc2ce4688d5b6a	docs/spikes/s08-windows-evidence/s03-runner-fixed-5/host/logs/stdout.log
100644 blob c75a7f0c0e25c4832285e556ab4ec234e2cfaeea	docs/spikes/s08-windows-evidence/s03-runner-fixed-5/proxy.jsonl
100644 blob 293ddfc9c441848fb1f63e8c09d99a68525eb0f0	docs/spikes/s08-windows-evidence/s03-runner-fixed-5/result.json
100644 blob 7015d7cbc1950e812de8e7b3c5bef8afe765f2cf	docs/spikes/s08-windows-evidence/s03-runner-prefix/client/logs/stdout.log
100644 blob 8137f24d6d98c42e6d95ad1cdc7706c268edb550	docs/spikes/s08-windows-evidence/s03-runner-prefix/host/logs/stdout.log
100644 blob e69de29bb2d1d6434b8b29ae775ad8c2e48c5391	docs/spikes/s08-windows-evidence/s03-runner-prefix/proxy.jsonl
100644 blob 126840e5c5dd5fcc7746c00e31fab291bb3a228a	docs/spikes/s08-windows-evidence/s03-runner-prefix/result.json
100644 blob 0bc6754ca7c521c3c70a829e219bf03c4ae31497	docs/spikes/s08-windows-evidence/s03r-fixed-01/adverse/result.json
100644 blob d015f20ff1adb4fdfc2aa279724e654fbb96b65c	docs/spikes/s08-windows-evidence/s03r-fixed-01/analyze_jitter.json
100644 blob c212075dd8e7fce04c28cbea4f171f6012974585	docs/spikes/s08-windows-evidence/s03r-fixed-01/analyze_jitter.py
100644 blob 35789b30325fe9782c552b2ebd3d032ae092b0d4	docs/spikes/s08-windows-evidence/s03r-fixed-01/baseline/client-stdout.log
100644 blob 5ac5bdbaf9979232b251458c9a01631955e78fe5	docs/spikes/s08-windows-evidence/s03r-fixed-01/baseline/host-stdout.log
100644 blob 4699505016f181659346a1c695c3054bf88616d7	docs/spikes/s08-windows-evidence/s03r-fixed-01/baseline/result.json
100644 blob b7d2c91dc12b7e622d49a72436624871ab1ac658	docs/spikes/s08-windows-evidence/s03r-fixed-01/normal/result.json
100644 blob f703d2221d3590d04c50f7c4d1a11decbb6057ef	docs/spikes/s08-windows-evidence/s03r-fixed-01/result.json
100644 blob 546bfc01ec30aa274037ae364da07588c270e3f0	docs/spikes/s08-windows-evidence/s03r-prefix-baseline/baseline/result.json
100644 blob 28d414d4ea0a0fa7034854d5f76d3f64e513c67f	docs/spikes/s08-windows-evidence/s03r-prefix-baseline/result.json
100644 blob b0c072904360077a468a1ad12201623cc1fce934	docs/spikes/s08-windows-evidence/s03r-scratch-no-deceleration/result.json
100644 blob 2b4330891e4d01f336ca71489aeff5519207f3ea	docs/spikes/s08-windows-evidence/s03r-scratch-no-deceleration/transport-scratch.diff
100644 blob 2307e0581ce46b52dd5d6f4b21d537ba55b85382	docs/spikes/s08-windows-evidence/s03r-windowed-01/adverse/result.json
100644 blob 3afff56c5a93269089c31a37da60f9a240c6bd11	docs/spikes/s08-windows-evidence/s03r-windowed-01/baseline/result.json
100644 blob 41a590c67c84221574d4b8cf9bc1dbac909da28f	docs/spikes/s08-windows-evidence/s03r-windowed-01/normal-client-01-after.png
100644 blob f6318f9d4c2314f5f5faa9c4f0aa8c1dbc21247c	docs/spikes/s08-windows-evidence/s03r-windowed-01/normal-client-01-before.png
100644 blob ab52f9cae146a35b95d84e9de6c2b2bb6f4ff247	docs/spikes/s08-windows-evidence/s03r-windowed-01/normal/result.json
100644 blob e2c4adc043a77f394dd2fd5a36e0137e5018207a	docs/spikes/s08-windows-evidence/s03r-windowed-01/result.json
100644 blob d8576ba12b7761a242f53949dde2c55ad435e693	docs/spikes/s08-windows-evidence/s03r-windowed-baseline/baseline/result.json
100644 blob 2dd249fcace808f661933fe3e88353edcf609f1e	docs/spikes/s08-windows-evidence/s03r-windowed-baseline/result.json
100644 blob eb6f1693c772e2fe4e0f6687ea36d07e2ec04f87	docs/spikes/s08-windows-evidence/s04-fixed-01/baseline/result.json
100644 blob a3cf76ff04df79a0c675783a7d6b167c94abafad	docs/spikes/s08-windows-evidence/s04-fixed-01/normal/result.json
100644 blob ae277b499a469f09101673d610d6d22aa77c3e8c	docs/spikes/s08-windows-evidence/s04-fixed-01/result.json
100644 blob 18121c2230c176ea77db68a17a8ed938d89ac6f2	docs/spikes/s08-windows-evidence/s04-fixed-02/normal/result.json
100644 blob 007bba654b5df2c4c05475ea8a6c07e37720689f	docs/spikes/s08-windows-evidence/s04-fixed-02/result.json
100644 blob 6dc39bc67f46966d4aabeafc682a890804cc977b	docs/spikes/s08-windows-evidence/s04-windowed-01/adverse-client-01-after.png
100644 blob 63299f5f73f147683dfb71c1eb2aa81bf2b5af22	docs/spikes/s08-windows-evidence/s04-windowed-01/adverse/result.json
100644 blob beec70c63ef47a2337650370bd7462956f0d82de	docs/spikes/s08-windows-evidence/s04-windowed-01/baseline/result.json
100644 blob 7fbabca412c715df2ded62fa9fbe1eed6753ed5d	docs/spikes/s08-windows-evidence/s04-windowed-01/normal/result.json
100644 blob 7a52c6d6f0a1bd3b9d4473b20f423df368e8ee45	docs/spikes/s08-windows-evidence/s04-windowed-01/result.json
100644 blob 69c81992e742d8efe1d6e0ffc512aefcd37b849b	docs/spikes/s08-windows-evidence/throttle-telemetry/client/logs/stdout.log
100644 blob 27baf8473663d8d91201a0482e91ddde3441b0a9	docs/spikes/s08-windows-evidence/throttle-telemetry/host/logs/stdout.log
100644 blob 8b256ad00ba200c75f21c4e1f8c19c09abc018a3	docs/spikes/s08-windows-evidence/throttle-telemetry/proof-scratch-telemetry.diff
100644 blob e69de29bb2d1d6434b8b29ae775ad8c2e48c5391	docs/spikes/s08-windows-evidence/throttle-telemetry/proxy.jsonl
100644 blob 126840e5c5dd5fcc7746c00e31fab291bb3a228a	docs/spikes/s08-windows-evidence/throttle-telemetry/result.json
100644 blob 1271af28169c69a461ed73b60f03e674c7919835	docs/spikes/s08-windows-observation.md
100644 blob 8e1c95ba36d190f8cd94a5e1d475d62a54029ce8	docs/spikes/s08-x-evidence/README.md
100644 blob bd1377f5759b61c9e9fabc11ea3274e58ff8ca90	docs/spikes/s08-x-evidence/commands.json
100644 blob 50af793a8fb4e4d7ee6481c0b737ff25954931bd	docs/spikes/s08-x-evidence/export-contention.txt
100644 blob 8e0f37870baae1b67568bd30867e79e6e0f26411	docs/spikes/s08-x-evidence/export-diagnostics.log
100644 blob 46545d1b0f508a2534d725aeecf8d63479528573	docs/spikes/s08-x-evidence/godotsteam-removal-receipt.json
100644 blob 0399eb49781d48f06556faceaa1838c779a9beee	docs/spikes/s08-x-evidence/native-dependency-negative.json
100644 blob 4d56c8a34d069da1d093e06d0bcc37db6e287c8c	docs/spikes/s08-x-evidence/package-inspection.json
100644 blob 32c616a2b0f9888642bba1286f2fafea202abc61	docs/spikes/s08-x-evidence/template-archive.sha256
100644 blob d4836e3324256a084791a42ec85c332411e39928	docs/spikes/s08-x-evidence/template-members.sha256
100644 blob 6c5b63b33af22115f38f5491451674db9694b172	docs/spikes/s08-x-evidence/template-version.txt
100644 blob a75852e5ab9f316ec4f5c1b28903dc45a62877ea	docs/spikes/s08-x-evidence/windows-smoke-environment.txt
100644 blob 58272185bdc18cc3b4fd71411d40b6106d7950cf	docs/spikes/s08-x-evidence/windows-smoke.engine.log
100644 blob 9200c2a7b292d47e4d2ba23a1c10b8bb334331c9	docs/spikes/s08-x-evidence/windows-smoke.exit
100644 blob e69de29bb2d1d6434b8b29ae775ad8c2e48c5391	docs/spikes/s08-x-evidence/windows-smoke.stderr
100644 blob 58272185bdc18cc3b4fd71411d40b6106d7950cf	docs/spikes/s08-x-evidence/windows-smoke.stdout
100644 blob ab55a42adec00bf993109cfbd24b0a592f005f69	docs/spikes/s08-x.md
100644 blob 373408c5254fb8f4a3b9bd905cee213c12051ff7	docs/spikes/s08.md
100644 blob c299c2a06a1a4ddd3f8cba45c65411555b7ae261	docs/spikes/s09-evidence/README.md
100644 blob 8d0f1123c22cf4811f77f9b5a18addd578535172	docs/spikes/s09-evidence/cases/population-24-seed-11.engine.log
100644 blob d57e9bfb53712ea79f66b06b881251b326c6d1ce	docs/spikes/s09-evidence/cases/population-24-seed-11.json
100644 blob 8d0f1123c22cf4811f77f9b5a18addd578535172	docs/spikes/s09-evidence/cases/population-24-seed-11.log
100644 blob 8d0f1123c22cf4811f77f9b5a18addd578535172	docs/spikes/s09-evidence/cases/population-24-seed-29.engine.log
100644 blob 6b4d3a0ffc9072004fdfb5ff4c4d2bbcdaeaf1f3	docs/spikes/s09-evidence/cases/population-24-seed-29.json
100644 blob 8d0f1123c22cf4811f77f9b5a18addd578535172	docs/spikes/s09-evidence/cases/population-24-seed-29.log
100644 blob 8d0f1123c22cf4811f77f9b5a18addd578535172	docs/spikes/s09-evidence/cases/population-24-seed-47.engine.log
100644 blob 4f5368ae1c93b8b18ba017947cd83f123f566686	docs/spikes/s09-evidence/cases/population-24-seed-47.json
100644 blob 8d0f1123c22cf4811f77f9b5a18addd578535172	docs/spikes/s09-evidence/cases/population-24-seed-47.log
100644 blob 8d0f1123c22cf4811f77f9b5a18addd578535172	docs/spikes/s09-evidence/cases/population-32-seed-11.engine.log
100644 blob e7e714c50e39478cbf3f318d6a6781253654a811	docs/spikes/s09-evidence/cases/population-32-seed-11.json
100644 blob 8d0f1123c22cf4811f77f9b5a18addd578535172	docs/spikes/s09-evidence/cases/population-32-seed-11.log
100644 blob 8d0f1123c22cf4811f77f9b5a18addd578535172	docs/spikes/s09-evidence/cases/population-32-seed-29.engine.log
100644 blob afab81accce61021958284a68ef01100986432cf	docs/spikes/s09-evidence/cases/population-32-seed-29.json
100644 blob 8d0f1123c22cf4811f77f9b5a18addd578535172	docs/spikes/s09-evidence/cases/population-32-seed-29.log
100644 blob 8d0f1123c22cf4811f77f9b5a18addd578535172	docs/spikes/s09-evidence/cases/population-32-seed-47.engine.log
100644 blob 4225a1898c444123ecf2a17c67e0afa19fdcafec	docs/spikes/s09-evidence/cases/population-32-seed-47.json
100644 blob 8d0f1123c22cf4811f77f9b5a18addd578535172	docs/spikes/s09-evidence/cases/population-32-seed-47.log
100644 blob cf91ac46634a02d546429d56b0d3fb3941c05c5a	docs/spikes/s09-evidence/import.engine.log
100644 blob b7c3f29caa02768301f42409d48480510013865c	docs/spikes/s09-evidence/import.log
100644 blob 2aa9ac729231dd252727d5c97f49c7aba3eb9284	docs/spikes/s09-evidence/summary.json
100644 blob 07041fa5ede1c831b141377676682f312f302bd9	docs/spikes/s09.md
100644 blob f6d2e0c2f7ebad6c15758a33acae634f49f32389	docs/spikes/s10-evidence/README.md
100644 blob 45b17a01a222ceff30a8a5f6bc8ef03989e85f4b	docs/spikes/s10-evidence/history/initial-boundary-failure.json
100644 blob 6836a7bc85468891f8447748346ec50c3a4c9cc1	docs/spikes/s10-evidence/history/round1-requested-changes-result.json
100644 blob 2c3d222af7284da6cbe84b0522ec1b2c3517e020	docs/spikes/s10-evidence/logs/import.log
100644 blob 3492aa3a6b1e01d5cda4f150b33f5e5e0c0053cd	docs/spikes/s10-evidence/logs/seed-101.log
100644 blob 2d9f96175702c56450d5183980246731ee1c9849	docs/spikes/s10-evidence/logs/seed-202.log
100644 blob b95b9ea2d949acfd1fc3d9a8d65d27a095283617	docs/spikes/s10-evidence/logs/seed-303.log
100644 blob 8677d3f420135c8bd24b821244239133fc6f8e6f	docs/spikes/s10-evidence/result.json
100644 blob e9d8e6c83628c54de1fc5bcb61f41b95c3d77068	docs/spikes/s10.md
100644 blob 4aa42ebe40abb61dd03c54a70fc63f23d69a4eac	docs/spikes/s11-evidence/README.md
100644 blob 1732a5015b8ca88ba25a5505501244d59a057899	docs/spikes/s11-evidence/console.log
100644 blob 2dd1a659e2e5e7d8518e6b4830f45b3a94801bae	docs/spikes/s11-evidence/probe.log
100644 blob 0f6818ebe502868605b689c34c37787bb52db315	docs/spikes/s11-evidence/result.json
100644 blob 8176c33f53cc555c44051f6ec97221b042d6eb4b	docs/spikes/s11-evidence/summary.json
100644 blob eb297c4c73be5208d7000b5b3cc64b4920945991	docs/spikes/s11.md
100644 blob eab1760e1b519895a3129d3a78f23dcdec6f25fe	docs/spikes/s12-evidence/README.md
100644 blob 2d33658d27dcefd239c8e47dafa26e2c412de242	docs/spikes/s12-evidence/aggregate.json
100644 blob 55b94b9f71e947ade737076624e93fc0df3ff8d6	docs/spikes/s12-evidence/canonical01/adverse/client.log
100644 blob 037d947455b568ecf3923ce5f984db7bba564e3f	docs/spikes/s12-evidence/canonical01/adverse/host.log
100644 blob 4d7bcce649be1c2fe429c159f99dac51ac99e6fe	docs/spikes/s12-evidence/canonical01/adverse/proxy.jsonl
100644 blob c91f407cd9e7c811d1aefe88c43d166c9d1d84d8	docs/spikes/s12-evidence/canonical01/adverse/result.json
100644 blob d54317b446da2648362b70ecd2da81cfc935b35c	docs/spikes/s12-evidence/canonical01/normal/client.log
100644 blob c7d2fffeb9cace87e81db9be1592da1dde080510	docs/spikes/s12-evidence/canonical01/normal/host.log
100644 blob a54a5a49711a4c572feb4642fc89791879c85a67	docs/spikes/s12-evidence/canonical01/normal/proxy.jsonl
100644 blob 90a4ab8f5f18734269775d601f287fe41abed8ea	docs/spikes/s12-evidence/canonical01/normal/result.json
100644 blob 8ea237af1ea46e42584f0337d7311482bd39d13f	docs/spikes/s12-evidence/canonical01/result.json
100644 blob db058c474b02d48817ab8fdc38c68dca9672d5c0	docs/spikes/s12-evidence/canonical02/adverse/client.log
100644 blob 285ec30aeffeaefcae073c638471323bd952124f	docs/spikes/s12-evidence/canonical02/adverse/host.log
100644 blob 1b99bdf56a19d4a3c2f253a87f1a2d288d4debcb	docs/spikes/s12-evidence/canonical02/adverse/proxy.jsonl
100644 blob a0b4be3422e81934b9e8637e6758361559430c95	docs/spikes/s12-evidence/canonical02/adverse/result.json
100644 blob cad2a3c8b1a2c7b6777e6c409d06ad1310750fc7	docs/spikes/s12-evidence/canonical02/normal/client.log
100644 blob 2f09abd6159184656de2f27e50449bcc2fdf84d3	docs/spikes/s12-evidence/canonical02/normal/host.log
100644 blob 827509d740b37468603f7f1c68242c7b337b7a6a	docs/spikes/s12-evidence/canonical02/normal/proxy.jsonl
100644 blob 7ef684c0468c51352e3e7b3ec1eca8fd939926c9	docs/spikes/s12-evidence/canonical02/normal/result.json
100644 blob e8d48e8d27240a65da5901a95a89b25c5712025d	docs/spikes/s12-evidence/canonical02/result.json
100644 blob 137caa03822f0129f653746826053fcf6e19a708	docs/spikes/s12-evidence/canonical03/adverse/client.log
100644 blob 749e3af919ed2f97d6b59f32d0a133135021729c	docs/spikes/s12-evidence/canonical03/adverse/host.log
100644 blob 502c39d550b7f2b7aa5f92d097119173c5f23b72	docs/spikes/s12-evidence/canonical03/adverse/proxy.jsonl
100644 blob bf76894445d5523c7c98b71f7af76b15e08ad6dd	docs/spikes/s12-evidence/canonical03/adverse/result.json
100644 blob bab01c1785b81a76c47bb05a1e2204eaede78ae5	docs/spikes/s12-evidence/canonical03/normal/client.log
100644 blob 35b693781a5e484086aa6a4195a5b42ac281f697	docs/spikes/s12-evidence/canonical03/normal/host.log
100644 blob 7597e90b0a15fe6bbc008bb0ec69ad10ed49608c	docs/spikes/s12-evidence/canonical03/normal/proxy.jsonl
100644 blob 468f88d92f96019cde133f1677b7835539151fce	docs/spikes/s12-evidence/canonical03/normal/result.json
100644 blob 1e1ffcda3f65373d4b33958dd6add5b9cc826ab7	docs/spikes/s12-evidence/canonical03/result.json
100644 blob 4c26d4540ac52d425f675287066b2204d7d3e174	docs/spikes/s12-evidence/manifest.sha256
100644 blob 52602d4e54c3991001ff274c2aa351d8c09a3984	docs/spikes/s12.md
100644 blob d3aed58952164597baffd0cec04e4bd5e006d8d2	docs/spikes/s13-evidence/crowd-throttled.png
100644 blob 71f38cd2438577cd95e61d2c6352ef62ef700614	docs/spikes/s13-evidence/reexport.json
100644 blob 104d2a8fad75ea0a859c94978a4dab44962edf75	docs/spikes/s13-evidence/results.json
100644 blob b0f02f2640e9cadaeeb00739bb1a4451bcae5e9d	docs/spikes/s13.md
100644 blob a4bbf368ea6bc0c684840143b6fbf9acde5ebcb0	docs/spikes/s14-evidence/README.md
100644 blob 818e8228c5e02f55bb9e81886e46530718cd64fb	docs/spikes/s14-evidence/resource-roundtrip-import.log
100644 blob 5d5bddcc669db97e94ab1667595ba01eb0a154c2	docs/spikes/s14-evidence/resource-roundtrip-save.log
100644 blob 947046d4abe881795d60542752d9f4adfef7af17	docs/spikes/s14-evidence/resource-roundtrip.json
100644 blob 533fcf95baf0a7771484476bea7d4a5f6e45fa23	docs/spikes/s14-evidence/run02-dummy-teardown.log
100644 blob fbcbfc343c6e558a825322e3dab9fdd2a9359ba7	docs/spikes/s14-evidence/run09-headless-1.log
100644 blob 818e8228c5e02f55bb9e81886e46530718cd64fb	docs/spikes/s14-evidence/run09-import.log
100644 blob dc0e2f920d8e1654934686c837af5de10d127f33	docs/spikes/s14-evidence/run09-summary.json
100644 blob cc3c534aedfad59de6d906f70071782d6ec16146	docs/spikes/s14-evidence/run09-windowed-1.log
100644 blob 74590ba6d95bfd8e8cb71d388a9486917df9a9da	docs/spikes/s14.md
100644 blob 2459988280cd38ab01688ac5b0dcc826adfc314b	docs/spikes/s15-evidence/12-full.png
100644 blob ec1f5cd53c86c1ca97d0d1d987990271110b67d5	docs/spikes/s15-evidence/24-full.png
100644 blob 10461fe78cf4a3640b3d7a98b6bb4c2592567464	docs/spikes/s15-evidence/failed-contended-run.json
100644 blob cfcd5a60f8afb4019d8fddab8abc6e26522036f3	docs/spikes/s15-evidence/measurement-summary.json
100644 blob 9d4f8d62671f16b4a8e461b8161ac76583a86bd0	docs/spikes/s15.md
100644 blob 83ff45d98e07291ea4f81936f08d1b3a34854d3c	docs/spikes/s17-evidence/README.md
100644 blob fee3937f6edd1abef4466b8dcf85e3c199940a31	docs/spikes/s17-evidence/SHA256SUMS.txt
100644 blob 4040aa412617e69ea263063e8250957dafb2ba7e	docs/spikes/s17-evidence/import.engine.log
100644 blob 7dd118e53280afcd4b254902946be23c8a6d6509	docs/spikes/s17-evidence/import.log
100644 blob 43a269bf2e6dbe6b03516d61c5dde4482181d125	docs/spikes/s17-evidence/result.json
100644 blob 411ad014c6f36012312bab509705df030fe03969	docs/spikes/s17-evidence/seed-171.engine.log
100644 blob bb8aa80a7f7527acf368cbb0be769c3538452dbd	docs/spikes/s17-evidence/seed-171.json
100644 blob 411ad014c6f36012312bab509705df030fe03969	docs/spikes/s17-evidence/seed-171.log
100644 blob e0ec081c30265e1048d0b5f6c948a1cf2a5d771b	docs/spikes/s17-evidence/seed-272.engine.log
100644 blob d43b4df144c582d5227a3bd646284fad62927101	docs/spikes/s17-evidence/seed-272.json
100644 blob e0ec081c30265e1048d0b5f6c948a1cf2a5d771b	docs/spikes/s17-evidence/seed-272.log
100644 blob 1a9c9eed2b705b280659bbba0bd7b649918ef965	docs/spikes/s17-evidence/seed-373.engine.log
100644 blob 06c0c200fd833a17518e4db9a2e905c5a1d64692	docs/spikes/s17-evidence/seed-373.json
100644 blob 1a9c9eed2b705b280659bbba0bd7b649918ef965	docs/spikes/s17-evidence/seed-373.log
100644 blob cd0a48a5264728c0b8b2a1a88a530a088f19d609	docs/spikes/s17.md
100644 blob e69de29bb2d1d6434b8b29ae775ad8c2e48c5391	docs/spikes/ui-v1-evidence/.gdignore
100644 blob 36e4dbba502553712119dd5a8f3c70ea63cfc796	docs/spikes/ui-v1-evidence/README.md
100644 blob ab426b85fa2333d7862ab34b654a0c5b941c1548	docs/spikes/ui-v1-evidence/changed-files.txt
100644 blob f45a2956b7137a71d6157d375989783ec3082f54	docs/spikes/ui-v1-evidence/checks/compilation.json
100644 blob 0c19de417c31a0373b4a5b7a127fedd5d85bfe6f	docs/spikes/ui-v1-evidence/checks/compiler-import.log
100644 blob bb663e7083fc264f9465e905e1466f86ec787b76	docs/spikes/ui-v1-evidence/checks/compiler-setup.json
100644 blob 7472ef8721c40ecbc2d30f67987ee913ca6df3ba	docs/spikes/ui-v1-evidence/checks/formatting.log
100644 blob a1a19b7ae8f50be9212783c2ba395b469382b2a8	docs/spikes/ui-v1-evidence/checks/script-checks.log
100644 blob d25e5857657bf0b8eacf3be4f701771eeb70071e	docs/spikes/ui-v1-evidence/checks/scripts.json
100644 blob 601971c5f95a78709298e16b69b5a0df378e0b57	docs/spikes/ui-v1-evidence/checks/style.log
100644 blob 83ad505f0ff1ade59a648f2e2ef7b8087f5fc2cb	docs/spikes/ui-v1-evidence/checks/unittest.log
100644 blob 5f49d08f4dac73fce4a67153be393ad6f067442b	docs/spikes/ui-v1-evidence/initial-attempt/01-foot-compact.log
100644 blob 53bad8c6a5aa12f14de85e0af4f1bd324ed7e134	docs/spikes/ui-v1-evidence/initial-attempt/02-foot-balanced.log
100644 blob 1bbbee01729d5942066eb3e5774615058792c4dd	docs/spikes/ui-v1-evidence/initial-attempt/03-foot-wide.png
100644 blob 29b632998dbe4dec52a8663b0ff13316c7d3703f	docs/spikes/ui-v1-evidence/initial-attempt/README.md
100644 blob bfae33601582d318158380d71aa81dbfeb9f5fc0	docs/spikes/ui-v1-evidence/renders/01-foot-compact.log
100644 blob e9812e687b50c1cd8c496fd4b7f9b44d81c3f1bf	docs/spikes/ui-v1-evidence/renders/02-foot-balanced.log
100644 blob 72ea5de35b4e6d0b83b975773f0b4857db2ab2b2	docs/spikes/ui-v1-evidence/renders/03-foot-wide.log
100644 blob 96f1c6751ef44782da7be92667a3b80d9c79bb80	docs/spikes/ui-v1-evidence/renders/04-foot-art-context.log
100644 blob cedf47f619e5e6cede7ce4ff7ca150d91c36cf30	docs/spikes/ui-v1-evidence/renders/05-foot-damage.log
100644 blob 9819a1ac1fbb4b57d774db6bad322d95f3f8170a	docs/spikes/ui-v1-evidence/renders/06-car-moving.log
100644 blob 92cc8a31aca8f4ddfcfc710617b24fb9b067291b	docs/spikes/ui-v1-evidence/renders/07-car-stopped.log
100644 blob c5b6527ea221c0cce00fbe10fdb40d4d48cf9940	docs/spikes/ui-v1-evidence/renders/08-minimap-directions.log
100644 blob ecc49a19c19ad78ef4ddc5531fc404a59668ff5b	docs/spikes/ui-v1-evidence/renders/09-main-menu.log
100644 blob afa7376906963fa0947ba965a0f520157cdd17d8	docs/spikes/ui-v1-evidence/renders/10-host.log
100644 blob 321759544bba93ba2db9d9b997017bd766061394	docs/spikes/ui-v1-evidence/renders/11-join-steam.log
100644 blob 5049ab224f680400df79f460f4adc0052a7ddc45	docs/spikes/ui-v1-evidence/renders/12-join-direct.log
100644 blob ccf7b6d629ef101afa3e20a1407f39750830c56d	docs/spikes/ui-v1-evidence/renders/13-lobby.log
100644 blob b643977ad89c85ddafb139ddb8315763f49c066f	docs/spikes/ui-v1-evidence/renders/14-pause.log
100644 blob 130c5caaedde51f459206bfab4c26c56dc4e7bfb	docs/spikes/ui-v1-evidence/renders/15-audio-settings.log
100644 blob 9be0d033a3412d9cda7797eba95406600d31e43f	docs/spikes/ui-v1-evidence/renders/16-host-lost.log
100644 blob c804f6b67230fdb79cb6f66ab0525d8686cb0b94	docs/spikes/ui-v1-evidence/renders/17-join-error.log
100644 blob 1ddeb69f082d79cec6c0ea3ae32c1e5823d8aa12	docs/spikes/ui-v1-evidence/renders/18-join-loading.log
100644 blob 35a46639d30f3ec1bf66d67eb545aee1aaf71525	docs/spikes/ui-v1-evidence/renders/render-results.json
100644 blob c32685c3c7971d1e903eb7de7a4a74ef333c88e4	docs/spikes/ui-v1-evidence/revision-01/10-host.log
100644 blob 85f56626563c28f60388c354a5addc63bdfe1ada	docs/spikes/ui-v1-evidence/revision-01/11-join-steam.log
100644 blob 8d803ebd466073ff9cdeb3be71dec24c43c09aa9	docs/spikes/ui-v1-evidence/revision-01/12-join-direct.log
100644 blob 8b5acf13f0022919d5876c97d0751cbbaea00d88	docs/spikes/ui-v1-evidence/revision-01/13-lobby.log
100644 blob 522e41cc792e6f51370b040a3f5f25114c401de8	docs/spikes/ui-v1-evidence/revision-01/18-join-loading.log
100644 blob 79aeb7e99250663f9b9a6465c55210664a6749ec	docs/spikes/ui-v1-evidence/revision-01/19-host-steam-future.log
100644 blob 64d772e746ad07f5eb1ee6736b9feec77397ed82	docs/spikes/ui-v1-evidence/revision-01/20-lobby-steam-future.log
100644 blob 54c0942d18ca2abf4951496af4e7e63b475b3713	docs/spikes/ui-v1-evidence/revision-01/21-loading-steam-future.log
100644 blob f49f66aee71b65192c68591b0ee10ef0ba72830d	docs/spikes/ui-v1-evidence/revision-01/README.md
100644 blob f5310259959ccdb256e43385af3ab77bd514919d	docs/spikes/ui-v1-evidence/revision-01/post-rebase-unittest.log
100644 blob a48c9a99b34441b050f4d36bcbcbd4dceb35bed2	docs/spikes/ui-v1-evidence/revision-01/post-rebase.json
100644 blob 973fd1aeefb5f12bb8376c7fc62e69b7d6dcac72	docs/spikes/ui-v1-evidence/revision-01/render-results.json
100644 blob 4e246bcda8ffe20e7189df91d88ae27fd879d9c7	docs/spikes/ui-v1-evidence/revision-01/static-validation.json
100644 blob 8ca8786a5484b7dff266abbefa60957925db0b67	docs/spikes/ui-v1-evidence/revision-01/text-bounds.json
100644 blob 81479cc7e728161378c4b74577817126d8aeee66	docs/spikes/ui-v1-evidence/revision-01/text-bounds.log
100644 blob 664658b850b24de8331650b0dee47bc131cc8921	docs/spikes/ui-v1-evidence/static-validation.json
100644 blob 604371d4cb16bf833b36239e080f4b55f6411012	docs/spikes/ui-v1-evidence/text-bounds.json
100644 blob 6daf80d646963a2520b8eab2bb70fd06e366b8e4	docs/spikes/ui-v1-evidence/text-bounds.log
100644 blob 37dda220c6bee1e948c5595047df33489225b016	docs/spikes/ui-v1-evidence/validate.py.txt
100644 blob f6521fef07db9ad8d0471d3be7d3ada499ebf98b	docs/templates/asset-handoff.md
100644 blob e69de29bb2d1d6434b8b29ae775ad8c2e48c5391	docs/upstream/.gdignore
100644 blob cb9ae2cc4b026abe33f943ca42127decaf8c9347	docs/upstream/godot-enet-create-server-bandwidth-mrp/defect.log
100644 blob 208ce4a0e8cea18062e59e57ef46fe883536ad5a	docs/upstream/godot-enet-create-server-bandwidth-mrp/main.gd
100644 blob fe3726bb397fb2d65670cb6aee0ebad7d42c1e25	docs/upstream/godot-enet-create-server-bandwidth-mrp/main.gd.uid
100644 blob 5c104af3505a11907e8a3d0bcec956908d9a8e5a	docs/upstream/godot-enet-create-server-bandwidth-mrp/project.godot
100644 blob 748ed6af786a380d5a6d3c727703e9e9ccbbd148	docs/upstream/godot-enet-create-server-bandwidth-mrp/workaround.log
100644 blob 53fe75fdf5f567bbdb2ed3dd9b75c3ed2d2a30ea	docs/upstream/godot-enet-create-server-bandwidth.md
100644 blob 91763a5a22c59e373fab0b24520b43bf4ae957b4	docs/workflows/orchestration-workflow-audit-evidence.json
100644 blob 94d41593bbbc54cef0f3cde7d94d0055d71a3412	docs/workflows/orchestration-workflow-audit.md
100644 blob 42cc3b53368a0fa681a094afcb069b9137397e7b	docs/workflows/p0-profiles-evidence.md
100644 blob ed88d2da3e78186c990f7a18259f96007cb28efb	docs/workflows/p0-profiles-evidence/check.py
100644 blob 95c27c8c056f4211b9ca907e608c4c28ad9bd756	docs/workflows/p0-profiles-evidence/discovery.json
100644 blob 68578b4fe040d0767fd1bd942dfa923f9745ec3a	docs/workflows/p0-profiles-evidence/proposed.patch.json
100644 blob a6de2f2e9e6adc74a5fa4b784bf0863b2b1d36e6	docs/workflows/p0-profiles-evidence/sample-coverage.json
100644 blob 47391c868e3969decfaf6552ab23e92e0f040af4	docs/workflows/p0-profiles-evidence/schema-source.json
100644 blob 2e9edcdd4cb93d2bdb008b7ab10d44a5967818ca	docs/workflows/p0-profiles-evidence/worker-checks-ed4550d.txt
100644 blob 395f57d5831629558e03bc1f094765e4e311f60f	docs/workflows/p0-profiles-final-0f10dbb.md
100644 blob 20177466900f753576e59efb47a6bb3e4f3c0742	docs/workflows/p0-profiles-proposal.md
100644 blob cc1e86628a580bc5753f4535ff8c77701c551631	docs/workflows/p0-profiles-review.md
100644 blob ba90bc6ce0b75377ac9348802ce3d5b7db6862c6	docs/workflows/parallel-art-production.md
100644 blob a91521cd91be02f53ac2b7106e6d329f793452e5	docs/workflows/root-handover.md
100644 blob 02224f40f49a105de02d68ee56e71eca7648ab60	docs/workflows/world-concept-handover.md
100644 blob 4cdcab99075132931ea3976498f5dd0963b49e73	docs/world-layout.md
100644 blob 76934873515bdeaf96aad765d1a96ad91553053c	export_presets.cfg
100644 blob ae454594621a04142a163a6281ffe24e15a4a485	gdstyle.toml
100644 blob c6bbb7d820dd72528b71ac28bab9f45ec7613e6d	icon.svg
100644 blob d3be4ed0525c2abc08bfbac76d211186d2119dbf	icon.svg.import
100644 blob d238c9dbc14b02c124d51042e390d01dc7e32a80	mise.toml
100644 blob 182c1f1a7b2e901e4309aa04fbfd4c05ff619c87	paseo.json
100644 blob d8185cecc3b71f285843edcf953454db1c0963f4	project.godot
100644 blob 647c7c5762de927bcf5f1895765dce832259d207	scenes/boot/boot.tscn
100644 blob a8e6916532710400c0ea3391a8d9d11211e464f4	scenes/effects/weapon_effects/author.gd
100644 blob 7b338a1b65b41ea34ce1f7e369e7ba35c296f6eb	scenes/effects/weapon_effects/author.gd.uid
100644 blob b20b1d894168afd06e5a4651e492c6c506aea9fd	scenes/effects/weapon_effects/authoring.tscn
100644 blob caf8bf8a1aaaffb4d77cbd25d6b3068536f2f726	scenes/effects/weapon_effects/effect.gd
100644 blob cf720997e7a9d21a5e7408024212e144091eed51	scenes/effects/weapon_effects/effect.gd.uid
100644 blob 34f808d2b174097080cd0ad55183a77c536d93f5	scenes/effects/weapon_effects/preview.gd
100644 blob c275709a8717ef0e74a098bae67f1c051bae5916	scenes/effects/weapon_effects/preview.gd.uid
100644 blob 3b0e71350886aeb2b6d57b9a1062fc69e2384cf4	scenes/effects/weapon_effects/verify.gd
100644 blob ba912f55615126d7a324fc4794119c462ea6c58f	scenes/effects/weapon_effects/verify.gd.uid
100644 blob 627d274193e3ba5c8a51ba1c9d3afacb5b32bdb5	scenes/effects/weapon_effects/weapon_effects_a_explosion.tscn
100644 blob 0192953d1793dcfce54dbca23723b551878eb7ff	scenes/effects/weapon_effects/weapon_effects_a_hit.tscn
100644 blob 43eb3154b0f62c422a5beb5e467cfba5f0357c0b	scenes/effects/weapon_effects/weapon_effects_a_muzzle.tscn
100644 blob fdeacfbffc024eb7cf9f0b123accab6f1322ba78	scenes/effects/weapon_effects/weapon_effects_a_preview.tscn
100644 blob ebabbcacc165246dde6b8ca834b6cb30c6ae1436	scenes/effects/weapon_effects/weapon_effects_a_trail.tscn
100644 blob 49fc47aafe4cf9ea95a6a7ddea843265b14cb31a	scenes/prefabs/city_cars/car_crate_a.tscn
100644 blob 76a2fd37d912e5d183434b1bd89a24fe6af70583	scenes/prefabs/city_cars/car_latch_a.tscn
100644 blob b0a04219f79a7ea129f96c26126aae87b569dcfd	scenes/prefabs/city_cars/car_sable_a.tscn
100644 blob 043890d90f8bcaac4ea23f1927b5ff43b44e45ee	scenes/prefabs/environment/city_lights_01.tscn
100644 blob 8a854dc54282bb31e24b0f6ab599f5fa150eef0a	scenes/prefabs/environment/city_lights_01_cool.tscn
100644 blob 8c229e40fe259ab40c391d683273adb71624a674	scenes/prefabs/environment/city_lights_02.tscn
100644 blob 13d409573a54a58237049774140d7b27088aadea	scenes/prefabs/environment/city_lights_02_cool.tscn
100644 blob f5922204dd888ad3b542024a8392cb1be3d5e3ff	scenes/prefabs/environment/city_lights_04.tscn
100644 blob 9d9dae7dac7c698609e0b877c0b0b8b98ff60ebb	scenes/prefabs/environment/city_lights_04_cool.tscn
100644 blob a49ee85938d21579bea64592c0fd9c947b829cbd	scenes/prefabs/environment/city_planting_01.tscn
100644 blob d21b30bb51d99d0f649c92f928f9668ff0c9373e	scenes/prefabs/environment/city_planting_02.tscn
100644 blob f7d6db598f78e47069a189f262fac30c1e507da8	scenes/prefabs/environment/city_sign_supports_01.tscn
100644 blob c6fd6498d40cbde7dda128502fdf51c299b11715	scenes/prefabs/pedestrian_civilian/pedestrian_worker_a.tscn
100644 blob b864fdca5cc2640f31fcb3779c299ac085162011	scenes/prefabs/pistol_coral_stub/pistol_coral_stub.tscn
100644 blob f486316493425060d0cff334db8ad1df51637077	scenes/prefabs/pistol_coral_stub/preview.tscn
100644 blob 47a6a320fb152d3caf3e281f3f2e438b1a5019cc	scenes/prefabs/pistol_coral_stub/preview_environment.tres
100644 blob b08121558c147e5778310a3ab83a8c70cbafc71f	scenes/prefabs/pistol_coral_stub/preview_game_camera.tscn
100644 blob 57e2eb1c6e50b2ccc9de81f1d260f716e46858ff	scenes/prefabs/player_character/coral_courier.tscn
100644 blob 43ada16d3da33537bf5412cc47452f978d012098	scenes/prefabs/player_character/player_character_visual.gd
100644 blob 07b4810597b6a592d0199d1caffee69779ab1733	scenes/prefabs/player_character/player_character_visual.gd.uid
100644 blob 6a5788ab3977c57549703030afc8d977fa895e29	scenes/prefabs/player_character/player_preview.gd
100644 blob 9d4cb5a6c0ecb196627de6ffcb884d04c5e5a66a	scenes/prefabs/player_character/player_preview.gd.uid
100644 blob 622b30390ee54fe15c7d6935695b70fd65838a17	scenes/prefabs/player_character/preview.tscn
100644 blob 8fe989f043d0306140f0d6dd9518484a58a21d6b	scenes/prefabs/rocket_launcher/dock_thumper_launcher_a.tscn
100644 blob 6475f8d0720f129ffb67dd1b35d22287022d9ec0	scenes/prefabs/rocket_launcher/dock_thumper_rocket_a.tscn
100644 blob 59cf7d453ddbe2f4ce3b8ef5a0b667f8671bd228	scenes/prefabs/weapons_smg/smg_wedgewire_a.tscn
100644 blob 26fa6a76f1f1111fdae2d2fbf96e3f7a2fe966bd	scenes/ui/main_menu.tscn
100644 blob 1abaf4c3fd959330253fe200c55294194a9a8893	scenes/ui/session_status.tscn
100644 blob b7bfb94013ff596d64fbeee471fd3e1bce46142b	scenes/world/brackett_greybox/city.tscn
100644 blob 16656deab4adbc4409f051091acc846098989a79	scenes/world/brackett_greybox/placement.gd
100644 blob c0be6abde841eb516132fe992ccc9447e3072274	scenes/world/brackett_greybox/placement.gd.uid
100644 blob a6c4811c0d517a720d9308cce91241458ef43bd6	scenes/world/brackett_greybox/prefabs/apartment.tscn
100644 blob c68aeead18d8d61a05724f774e26b97a35002842	scenes/world/brackett_greybox/prefabs/apartment_slab.tscn
100644 blob 2e4b09b7e8914fbe33bcf28612581a177e868564	scenes/world/brackett_greybox/prefabs/apartment_small.tscn
100644 blob 59ea0b322246bb0d333b8a798932598e033bbc6d	scenes/world/brackett_greybox/prefabs/campus_annex.tscn
100644 blob e66e2748d499ec952765b5a4627cc323ab859266	scenes/world/brackett_greybox/prefabs/campus_classroom.tscn
100644 blob d407a62680d57759b15d061afbe6c41a4b21d977	scenes/world/brackett_greybox/prefabs/campus_hall.tscn
100644 blob 89e3b7556697d72d6c3ea1d2f7ab4f756e94233b	scenes/world/brackett_greybox/prefabs/dock_shed.tscn
100644 blob 19d5be2f606a79292cd4e61b6f5edcf499e988de	scenes/world/brackett_greybox/prefabs/entertainment_hall.tscn
100644 blob ea8b9fdfd068366c65c4fce6bb8898a1fddfb564	scenes/world/brackett_greybox/prefabs/house.tscn
100644 blob 66c4d6e85e3d0635453e7622ed2d21ef611a2c88	scenes/world/brackett_greybox/prefabs/office.tscn
100644 blob 4ca913281416f8908479eb08a9647943b759fb52	scenes/world/brackett_greybox/prefabs/quay_hall.tscn
100644 blob ab82b33f44f9c1afc209c7f852c0e4601b16a778	scenes/world/brackett_greybox/prefabs/quay_house.tscn
100644 blob 53e683ebed0884b056ca86cbd19ee8c339ef4b28	scenes/world/brackett_greybox/prefabs/quay_row.tscn
100644 blob 037a7a1c8222262f375fb49329f81203272f8fac	scenes/world/brackett_greybox/prefabs/repair_shed.tscn
100644 blob bccb1102e42b91bfe049beb319c51b7e9b57f130	scenes/world/brackett_greybox/prefabs/retail_box.tscn
100644 blob f8388238fe791b4ab1fb8c26d30d180410c4b7a4	scenes/world/brackett_greybox/prefabs/retail_large.tscn
100644 blob 4da9c0d21c63523ddf07723d62af1a27d643e385	scenes/world/brackett_greybox/prefabs/retail_small.tscn
100644 blob 2beac39ec8f92c12794cb3034bb54cd815dced4e	scenes/world/brackett_greybox/prefabs/semi.tscn
100644 blob 65b1a558ebae236aae52b9ed5df78cda53c06626	scenes/world/brackett_greybox/prefabs/shop.tscn
100644 blob d9c5785486cddbee40f33181358cdcdf50b1f266	scenes/world/brackett_greybox/prefabs/shop_row.tscn
100644 blob d2fea2c7a1d476907d0a29898f61b9b2180aa4f7	scenes/world/brackett_greybox/prefabs/terrace.tscn
100644 blob ec697e6ea78797b2a522fc171b3343b1b27e2c63	scenes/world/brackett_greybox/prefabs/tower_high.tscn
100644 blob 030d963e83e8087f402456592c6b59e95683c291	scenes/world/brackett_greybox/prefabs/tower_mid.tscn
100644 blob be1283f4d2b045abccd7488b007f53042ac4224d	scenes/world/brackett_greybox/prefabs/warehouse.tscn
100644 blob fb1502801268ef5d6687e8e90638da656c82941d	scenes/world/brackett_greybox/prefabs/warehouse_small.tscn
100644 blob f361cbabb27e669eaa22b8e7c03b35610853d95e	scenes/world/brackett_greybox/prefabs/workshop.tscn
100644 blob fa6481770021e2981f5b1b10dfc21a3bc43502d5	scenes/world/brackett_greybox/prefabs/workshop_large.tscn
100644 blob e807abf839cbc7bac03cac8ea64b40b9bfab8db2	scenes/world/brackett_greybox/preview.gd
100644 blob 5570aadd32e3a2f0d35fc8e887995d2ead33d957	scenes/world/brackett_greybox/preview.gd.uid
100644 blob 11320f13d4a4589f5fe7f344872d99e15576561c	scenes/world/brackett_greybox/preview.tscn
100644 blob 9f5ca0a2bf5a61ee368736dcda0d00d0f1f52fb3	scenes/world/brackett_greybox/sectors/district_01.tscn
100644 blob 1e25851cf792c82bc342773f1f36c62323c1962f	scenes/world/brackett_greybox/sectors/district_02.tscn
100644 blob fbd5c15faf76390399447028008b85b038a9765d	scenes/world/brackett_greybox/sectors/district_03.tscn
100644 blob 2a7b7b810c1efa582d758cd9597c59604db114fc	scenes/world/brackett_greybox/sectors/district_04.tscn
100644 blob 48110005798221fc083800fcae4c0615f317f7c5	scenes/world/brackett_greybox/sectors/district_05.tscn
100644 blob ce58234c17a93b3fec7e8c11af71470e4c040ae6	scenes/world/brackett_greybox/sectors/district_06.tscn
100644 blob 608c7bbdc51bdc01b5530e07364f5f418664c86f	scenes/world/brackett_greybox/sectors/district_07.tscn
100644 blob 85f70457ef3b8ead0155be472f3b830c96c38e06	scenes/world/brackett_greybox/sectors/district_08.tscn
100644 blob 7dcad4a0daeda046a4bedba5da7e3f6e8f36f9e2	scenes/world/brackett_greybox/sectors/district_09.tscn
100644 blob 9ea8f5b9b991a0c90665412256f9001abe955b21	scenes/world/brackett_greybox/sectors/ground_00_00.tscn
100644 blob a51224a140e5f4dcfd2aa9143ac78d7d30fe3faf	scenes/world/brackett_greybox/sectors/ground_00_01.tscn
100644 blob fefc42d9b88773b907d8fe54fbf36137fcc2dd3c	scenes/world/brackett_greybox/sectors/ground_00_02.tscn
100644 blob 07c4fd8afa21f569be06dd8f860aee0378b59f6c	scenes/world/brackett_greybox/sectors/ground_01_00.tscn
100644 blob f23ae13aac888f2a6e09b5baf77134a5f0e51ed8	scenes/world/brackett_greybox/sectors/ground_01_01.tscn
100644 blob 4f07362f0da756de1bd04c57bb1ecafb201d7a9f	scenes/world/brackett_greybox/sectors/ground_01_02.tscn
100644 blob 159edb77a6c3bb9d6b753093d383a36ed660c7e3	scenes/world/brackett_greybox/sectors/ground_02_00.tscn
100644 blob 5a3699afddd8caec0f899ee44729e381bda8ed9a	scenes/world/brackett_greybox/sectors/ground_02_01.tscn
100644 blob b48ad8df663a3b7430ffbdb7afa27464afa2a819	scenes/world/brackett_greybox/sectors/ground_02_02.tscn
100644 blob b696911ebfb745c741d73bc6bb91a55f04e04d07	scenes/world/brackett_greybox/sectors/ground_03_00.tscn
100644 blob 10a9d1f2503dcfe61c555ae0c751433e09082ff7	scenes/world/brackett_greybox/sectors/ground_03_01.tscn
100644 blob 56001bb63e00e933f4b32dc1998bddb9af30f16e	scenes/world/brackett_greybox/sectors/ground_03_02.tscn
100644 blob 13d2d86c6ff2f083ed8b1b5fa8fc24806628da38	scripts/boot/boot.gd
100644 blob 4f7739e6ccaa5ff4c8861cf0df01538086d109aa	scripts/boot/boot.gd.uid
100644 blob 56e53c76cb59222a3de6af83f42b59f7916a7e07	scripts/presentation/pedestrian_civilian/pedestrian_worker_visual.gd
100644 blob 0b47118c009575b48eed358ed924c81496fd65a3	scripts/presentation/pedestrian_civilian/pedestrian_worker_visual.gd.uid
100644 blob d6609083fa1fddcf825770e11afc23cf41c3f5d0	scripts/session/session_service.gd
100644 blob 204f1ae2416437d17f9524926c0810208076db36	scripts/session/session_service.gd.uid
100644 blob 8a152abcb2330f739a8b3c2d02944a6c28b91da1	scripts/session/session_transport.gd
100644 blob 7b5d406a1d430566141e52c40efd78b149792ecb	scripts/session/session_transport.gd.uid
100644 blob 7072d0be04fb073a16f67ac9a7a4ad448098875e	scripts/ui/main_menu.gd
100644 blob a9c8c92e4b82aba661248cc5691d56d0cac3d9a0	scripts/ui/main_menu.gd.uid
100644 blob b307abc915a9a4be1901a450968ca16b0e46af4e	scripts/ui/session_status.gd
100644 blob cb17b843884c89044bf28bd9f7d73e24b81057be	scripts/ui/session_status.gd.uid
100644 blob 568fdb1c03e94ab994e91047db29bfe63e8e4385	tests/diagnostic/gut_failure/test_intentional_failure.gd
100644 blob 0b374148420247f5280d26e40b24e039b16e996c	tests/diagnostic/gut_failure/test_intentional_failure.gd.uid
100644 blob 19dd1f93ea0232b7fa1e59d1306321ab46160b09	tests/fixtures/asset_production/batch_01_camera.tscn
100644 blob 3e7873725242fccf60ecee2320ab201989ae0b31	tests/fixtures/asset_production/batch_01_close.tscn
100644 blob 0b66e6445aac4704611a2597726e90a760078216	tests/fixtures/asset_production/batch_01_repeat.tscn
100644 blob 2fbe90f1b215f375968acf601c35441124d944ab	tests/fixtures/asset_production/batch_observation.gd
100644 blob 8cb16d40fec687b77085b50c8804afd733f79120	tests/fixtures/asset_production/batch_observation.gd.uid
100644 blob f8b9c41268d11132a396a6f62cbda3e340b4a4b5	tests/fixtures/asset_production/lights_camera.tscn
100644 blob 080216c9da84faebf5d7079e82b7c7910788d674	tests/fixtures/pedestrian_civilian/pedestrian_worker_a_preview.tscn
100644 blob bd61f803da834a3d686e6181a271e3504139f0e7	tests/fixtures/pedestrian_civilian/pedestrian_worker_preview.gd
100644 blob fe8ef25147994ce76aee7ec015c4f09a9ae602c7	tests/fixtures/pedestrian_civilian/pedestrian_worker_preview.gd.uid
100644 blob ba1eff8fb80aba1dada89ddabede3fc442972670	tests/fixtures/pistol_coral_stub/check_asset.gd
100644 blob f38cb8c47df52085244a0bb4988b2e312db3f814	tests/fixtures/pistol_coral_stub/check_asset.gd.uid
100644 blob a351e96904a566848eb11e448a5d74cf575676b5	tests/fixtures/rocket_launcher/editor_harness.tscn
100644 blob 7f9c1f491126ad1cfb85d6484d264bc77aa228e1	tests/fixtures/rocket_launcher/preview.gd
100644 blob 31b3d6207be6b3e0685fe00cb9e17ce156c4934f	tests/fixtures/rocket_launcher/preview.gd.uid
100644 blob 279b610763e58759776f6003c42914be8cea74a3	tests/fixtures/rocket_launcher/preview.tscn
100644 blob c6abf325b7715eb5ab9a28a31e71d1bc957ef9f0	tests/fixtures/rocket_launcher/studio_environment.tres
100644 blob f012e5696ee5610933c76eea417f4878303248de	tests/fixtures/s01/check_s01.gd
100644 blob cc91bc5818ef63a93c699c314ad3657fc7c2f602	tests/fixtures/s01/check_s01.gd.uid
100644 blob bf787af2305e240fa5347a6555fa0d2585e3f097	tests/fixtures/s01/editor_harness.tscn
100644 blob 1a436fb823e3870c74b5beba57ad957acc390b00	tests/fixtures/s01/fixture_identity.gd
100644 blob 68119309670dbd928ea23f4352ea9eda66179c2c	tests/fixtures/s01/fixture_identity.gd.uid
100644 blob 966c8c8faf203b03770e796eade02eca7014e23e	tests/fixtures/s01/rig_prefab.tscn
100644 blob 088147b2e5f717bc002461cb514dbc5f1aa8976e	tests/fixtures/s01/roundtrip.tscn
100644 blob ece2ac8208ff7c812a0f4b5a01bccb53a931439b	tests/fixtures/s01/static_prefab.tscn
100644 blob eae801a6ca729be1d6282ca70123e2e4c8ac77e9	tests/fixtures/s01/static_variant.tscn
100644 blob d551327c84113e03ef5e4052a6c694b8fc68d522	tests/fixtures/s02/actor.tscn
100644 blob 54d4cd6917f928f0a41f2d4624af79692b2ea4a1	tests/fixtures/s02/actor_motion.gd
100644 blob fb5853c799aa2d178f607c6edf42bf637e6f3e7b	tests/fixtures/s02/actor_motion.gd.uid
100644 blob 66802298aa93561aa0e7e2a91e2bb2d152586779	tests/fixtures/s02/aim_probe.gd
100644 blob 93708358f2aa3e91de25ba99dae65f8674d13bc2	tests/fixtures/s02/aim_probe.gd.uid
100644 blob 625d57bd0a13f79c3a95b28f033c5ca03e2467d8	tests/fixtures/s02/camera_rig.gd
100644 blob d2a147ade3d2b6939dff29c4ed9b89eed821f1d3	tests/fixtures/s02/camera_rig.gd.uid
100644 blob 65163b42c63f2fa26f3aca15a8438213683be28d	tests/fixtures/s02/capture_s02.gd
100644 blob 9f654549e65af360924bf9e6094387494ce5f896	tests/fixtures/s02/capture_s02.gd.uid
100644 blob 620814f5c9f3a303e27fb3f82521afb46179ad09	tests/fixtures/s02/check_s02.gd
100644 blob d6392dbd810e29dadd744f04a990f3843cd7a1f0	tests/fixtures/s02/check_s02.gd.uid
100644 blob 87dccba95778affccd024a2c19a885425172aabd	tests/fixtures/s02/corner.tscn
100644 blob 483c6e58f731b468e6d6097d81a3487c36264f3a	tests/fixtures/s02/corner_wide.tscn
100644 blob b5f7c15963d8c96180f390fba917186603b4818a	tests/fixtures/s02/desktop_input.gd
100644 blob 54063b32317d21f2e3a59a6326cb57ccd9fb2390	tests/fixtures/s02/desktop_input.gd.uid
100644 blob 57d16b0e7c4c6869d786662e3846936de7aa303f	tests/fixtures/s02/editor_harness.tscn
100644 blob e6502d7370d5262f7fec13917beba1ef36502f4e	tests/fixtures/s02/fixture.gd
100644 blob d7c9ce4b6d363f8ffe64ab614e796140f850c8b0	tests/fixtures/s02/fixture.gd.uid
100644 blob 3057451266b5d82e39a3f559c19f7508e65821ad	tests/fixtures/s02/focus_evidence.gd
100644 blob 32e673adaacd799b282a359ee86aca48e9bbd976	tests/fixtures/s02/focus_evidence.gd.uid
100644 blob 3c64256fbd4c945cab0109f5d8ad9316db836728	tests/fixtures/s02/focus_runner.tscn
100644 blob 7c4216252fa67019477de67d103075ea9607d169	tests/fixtures/s02/ground_prefab.tscn
100644 blob 6e50b7e0a94566254bb9f161863f1907790f162d	tests/fixtures/s02/low_prefab.tscn
100644 blob 8e2306307550999ba1703f747befd34ce7d168b3	tests/fixtures/s02/motion_rules.gd
100644 blob 31f6453b711f89882a90427d1d34fc5b251cfbf4	tests/fixtures/s02/motion_rules.gd.uid
100644 blob 4c05133d821de83aebe4b4b832874e3916620915	tests/fixtures/s02/near_prefab.tscn
100644 blob 8f0fe8cedf27b00dff8f2afaa09523543b8608e4	tests/fixtures/s02/observe_windows.gd
100644 blob 75423222c79528dd5d3720c47377f3f7f6d567cf	tests/fixtures/s02/observe_windows.gd.uid
100644 blob cd7bd05becc20ab3bd8d821efba113ae243c3132	tests/fixtures/s02/probe_overlay.gd
100644 blob 8051a97b3abf8be6725eb6d4aadac47c97cc6765	tests/fixtures/s02/probe_overlay.gd.uid
100644 blob 1404c7998d27088e8b22853a258535a829e96485	tests/fixtures/s02/tall_prefab.tscn
100644 blob 0dd716f566491cc8297199c55d6e5028acb811c7	tests/fixtures/s02/target_prefab.tscn
100644 blob b5cdee7e8c5e1bf4272493eb999463f00fc31065	tests/fixtures/s02/weapon_studies.tscn
100644 blob 9fa33b1ef9e8f69d4351178de88334f6c9bdc757	tests/fixtures/s03/boot.tscn
100644 blob f9ea6b0c172e9dd1bae63ec5c22bd575bc19d902	tests/fixtures/s03/entity.gd
100644 blob a4f4eef641290fa3eb1228f18bc27a1326c39e8e	tests/fixtures/s03/entity.gd.uid
100644 blob 0ca0883d2e5606a0612162035a3c971cf1ee97b5	tests/fixtures/s03/entity.tscn
100644 blob 7c0af8a561cc8d337009613d470b7c66dc3e0ec0	tests/fixtures/s03/fake_transport.gd
100644 blob 5ca201b1bf32c59d4d49da8ae3c412f4ff0681c7	tests/fixtures/s03/fake_transport.gd.uid
100644 blob fa9591122379715d76de95c282dcf50576d34f4c	tests/fixtures/s03/local_rig.tscn
100644 blob 31c7832a165accbb8b3fccbcdd447ee1241a0b28	tests/fixtures/s03/match.gd
100644 blob cf00f0f961c521011556febbbfc5265ba5316a25	tests/fixtures/s03/match.gd.uid
100644 blob 2bb08c6ddf268e46f2f0ccc553e42f0509054ab4	tests/fixtures/s03/proof.gd
100644 blob de98b080cd91e8c41d0baadfd923dcb81538e5bb	tests/fixtures/s03/proof.gd.uid
100644 blob 86f0739dceaf562ee45883c141b89f51cecd558c	tests/fixtures/s03/replication.gd
100644 blob 84a81d08ff7b43f04582912dfe50823e3e3804f3	tests/fixtures/s03/replication.gd.uid
100644 blob d4bb47abf9084c793c39830a1f4c42b5d5550324	tests/fixtures/s03/session.gd
100644 blob 4f34ef0f6d95fdf436a318a7fda326b52a4c7402	tests/fixtures/s03/session.gd.uid
100644 blob d2cda5f79bc25dac26b801438cfc85a7638853f7	tests/fixtures/s03/transport.gd
100644 blob d4030d78418fb169756a5491d93faf7ddfb4ce37	tests/fixtures/s03/transport.gd.uid
100644 blob 3868d70158156385ada1e5dcb7fa4fda76abad08	tests/fixtures/s03_r/actor.gd
100644 blob c6f18d0f3955d4f82a7709b979e689ca98e770b4	tests/fixtures/s03_r/actor.gd.uid
100644 blob 114294394954c6e77c7bb25624a77b1204d13280	tests/fixtures/s03_r/actor.tscn
100644 blob 75d130cbc4be1dfa375fa5bc5582c4f2365ee0e2	tests/fixtures/s03_r/boot.tscn
100644 blob f3e9a16843a7adb1c3407450123fd933a5eaf345	tests/fixtures/s03_r/input_frame_queue.gd
100644 blob bcff2a977b3fe9588052137afdac15cd4a2582b2	tests/fixtures/s03_r/input_frame_queue.gd.uid
100644 blob 47153fc47298208acf93b89a3c2265987269263b	tests/fixtures/s03_r/match.gd
100644 blob 7300934f8bfaf3442a56ec1f99546f083b200dda	tests/fixtures/s03_r/match.gd.uid
100644 blob e1cdec19d7b014f2f98ecaea4e9329a1b05468b0	tests/fixtures/s03_r/pose_fence_probe.gd
100644 blob 3968bfd1646571bd9026fdd61bc5f68cfbf578a2	tests/fixtures/s03_r/pose_fence_probe.gd.uid
100644 blob cbacd3e52c75b899b452e2a7e3fb34843eefa2b6	tests/fixtures/s03_r/prediction_history.gd
100644 blob 039c7bc0e5b2c297676884a033190806c1c1e0d2	tests/fixtures/s03_r/prediction_history.gd.uid
100644 blob 833c9183cf2f562891a6cc29126945e2c273e9e8	tests/fixtures/s03_r/prediction_history_probe.gd
100644 blob a8568f5cbe5734f3344348187460e3645034833b	tests/fixtures/s03_r/prediction_history_probe.gd.uid
100644 blob 4fdaf7017cf0bac2ad6106afe75b6250affa43e2	tests/fixtures/s03_r/proof.gd
100644 blob fe7f598df6ef52ad54ea7cf03d59616c72b7b333	tests/fixtures/s03_r/proof.gd.uid
100644 blob 3ce2fd97cf18fca9125f6c8b7d19cab66735142f	tests/fixtures/s03_r/replication.gd
100644 blob a169e356505f98180b4371e045d7dad507c61c85	tests/fixtures/s03_r/replication.gd.uid
100644 blob de4c86cdfba47a2dced339d5e4f9f9a91bd6448b	tests/fixtures/s04/baseline_probe.gd
100644 blob 80f69913c9df65863b177e13b5e5940b2ec12843	tests/fixtures/s04/baseline_probe.gd.uid
100644 blob 958c335d1579324a6e78876b0d6fea04b7d9bf75	tests/fixtures/s04/body_comparison.gd
100644 blob 5aab546ba13116f5475c0d5b1650b09d9ddb41fa	tests/fixtures/s04/body_comparison.gd.uid
100644 blob 51e36a35b0cd694981989d0772089403a0cd3d27	tests/fixtures/s04/body_comparison.tscn
100644 blob ea08ece480278df74f7d950137ebdb9dec4b3f31	tests/fixtures/s04/boot.tscn
100644 blob dd45ee0ea43ca509f8886a594bc18943c802634c	tests/fixtures/s04/camera_rig.gd
100644 blob 470519e186688a0ee9174ffa8b8b961a8a0d92ac	tests/fixtures/s04/camera_rig.gd.uid
100644 blob 753cbb733cea603c00f6113c28daa3b97e62cdcb	tests/fixtures/s04/desktop_input.gd
100644 blob a9709661a5d41f264edb6ca306c002ebfb1edeb3	tests/fixtures/s04/desktop_input.gd.uid
100644 blob fa126f210ea130f1790d8cb8c1a9bf6fe7b752d7	tests/fixtures/s04/drive_rules.gd
100644 blob bafb13c865f0c9992d21031a08a3c6bce9885a8f	tests/fixtures/s04/drive_rules.gd.uid
100644 blob 8b7ba6b565501c05a0530681f245f7cb3b95fcf2	tests/fixtures/s04/dynamic.gd
100644 blob 4b0ad49e7f73c92d66b4e08068b4e02f0f052896	tests/fixtures/s04/dynamic.gd.uid
100644 blob 0bc688079dda7dbeb624334b152849b8edeefce7	tests/fixtures/s04/dynamic.tscn
100644 blob 6eeea28f6e3b83de3ab9eb3f5fb7caf14eac74d8	tests/fixtures/s04/editor_harness.tscn
100644 blob 40b2c90f362cbec6346ace7ae1822c91af86daf5	tests/fixtures/s04/kinematic.gd
100644 blob 48ac74397efd55ba28dbe22410015228330b2e36	tests/fixtures/s04/kinematic.gd.uid
100644 blob 0e13122ec5bbfdb3d25d6544ee6a0f686c24534a	tests/fixtures/s04/kinematic.tscn
100644 blob 3403bc17d81d6d7ba36029eadf3c0bb3abe81261	tests/fixtures/s04/match.gd
100644 blob 815dc62465424a1a259ea8cd3f6aef468b36d1f9	tests/fixtures/s04/match.gd.uid
100644 blob cc86dd61ba80a5d1652a5f4eebb7a0d77ac5a285	tests/fixtures/s04/pose_fence_probe.gd
100644 blob afb3130d462997871ffeb41b797e196aaf8b73b0	tests/fixtures/s04/pose_fence_probe.gd.uid
100644 blob 2940b85928c4511a8a10557727de3d112d9a78e8	tests/fixtures/s04/prediction_lifecycle_probe.gd
100644 blob 059267d45c0065427a4d4260ea6bfa2454a36c8a	tests/fixtures/s04/prediction_lifecycle_probe.gd.uid
100644 blob a682c4ec0ef8dfb1a35d66e71643140eb6fc3215	tests/fixtures/s04/producer_probe.gd
100644 blob 1804ed737495bd848968046c4e5ca98e7397ba9c	tests/fixtures/s04/producer_probe.gd.uid
100644 blob 271f753af83bc74699623113df226aa75939d4e9	tests/fixtures/s04/producer_proof.gd
100644 blob 96bfe1d1c540d93063682aa3f94a297c6f8751a1	tests/fixtures/s04/producer_proof.gd.uid
100644 blob 84859beea6d7c8b6add1f962395fc7b9c18ae4a0	tests/fixtures/s04/producer_replication.gd
100644 blob 5a3045740e13dbd300a6ef286e6c4ab8fc709bd9	tests/fixtures/s04/producer_replication.gd.uid
100644 blob 0d1af3561229bcf7fa57c99f0298bba88596ec73	tests/fixtures/s04/proof.gd
100644 blob 1864eab18a50026e962935309489c8165ccc3a33	tests/fixtures/s04/proof.gd.uid
100644 blob 33a8eb491e05dac78023cbde7436cb3acd26a90a	tests/fixtures/s04/replication.gd
100644 blob 1357b839c804e6b01ae1ba15332a8b8cb45c3099	tests/fixtures/s04/replication.gd.uid
100644 blob 08da44ec244efc121b537bba3473ff5ddbee97e9	tests/fixtures/s04/track.tscn
100644 blob 819e8c3bd825fae0a9b979ae8d0f7fdbd9fda3ed	tests/fixtures/s04_drive/camera_rig.tscn
100644 blob fe6e3bdbdf1dc02c4e2906b0fb30f9ae279f78e1	tests/fixtures/s04_drive/drive.gd
100644 blob b8c62a5fb5b8ead70d748ce956338a5d2977730a	tests/fixtures/s04_drive/drive.gd.uid
100644 blob 8d6a8430a64739771baf2eae9ab6b685455c9751	tests/fixtures/s04_drive/drive.tscn
100644 blob 85f6aff3daa61ccf18d3eb5e80837d4c77709187	tests/fixtures/s04_drive/drive_hud.gd
100644 blob ec1bd7c00f9f40125d891bab29245f5884308e41	tests/fixtures/s04_drive/drive_hud.gd.uid
100644 blob f5ede371063d81f02178128dc0603ed497b7993a	tests/fixtures/s04_drive/drive_hud.tscn
100644 blob 73f9629b8d0e4b6bd2c9544d58a3fb1f214279c3	tests/fixtures/s04_drive/drive_tuning.gd
100644 blob 6fdb1edb045478fcca49575bc1fe5c7dca19e7d1	tests/fixtures/s04_drive/drive_tuning.gd.uid
100644 blob 013664b308e01031c00298d4bc7e380bcc0d9e31	tests/fixtures/s04_drive/drive_tuning.tres
100644 blob c841e31d6a7e5f2b9044d5e11c5b4f6be5815b48	tests/fixtures/s04_drive/smoke.gd
100644 blob 953355a499afb49c4305da83f9e2a519a7c3402c	tests/fixtures/s04_drive/smoke.gd.uid
100644 blob ea704804349aa5fbb9463d27aa3a3e4c5a57bc15	tests/fixtures/s04_t/boot.tscn
100644 blob 23e392f0bd2f35eb74ef789770b8cc142ca54b72	tests/fixtures/s04_t/boundary_probe.gd
100644 blob 0f1b7f6f6e7f4f4fcabcbafbaf43830ae7a68740	tests/fixtures/s04_t/boundary_probe.gd.uid
100644 blob 100318171466c5e708dd47fae939cea559da9708	tests/fixtures/s04_t/match.gd
100644 blob 8a9011b1bf7dc9d1a625e108ecad01fc7a6e46a3	tests/fixtures/s04_t/match.gd.uid
100644 blob 046927361f1fb624f30ed37dbd51e65d9d432c7a	tests/fixtures/s05/boot.tscn
100644 blob bf0390dc02431fe660247abb18a9c67c1414ba83	tests/fixtures/s05/burst.tscn
100644 blob 149e2d30902c7256568a68256c099e2db0fb2ead	tests/fixtures/s05/car.gd
100644 blob 87e62c801f72e92cb44eafaf2353580f91c3930c	tests/fixtures/s05/car.gd.uid
100644 blob 2722c3e9d2f7d7c113d8431ab9c073597d70f74b	tests/fixtures/s05/car.tscn
100644 blob 17853a2dd0715e088f19e143813514faf8d01bf8	tests/fixtures/s05/damage.gd
100644 blob 0147cd4bb0ce6ec25cc9779c2964420f789a48df	tests/fixtures/s05/damage.gd.uid
100644 blob 190484660002a72c9fb815f75e8b58d4ccc9223c	tests/fixtures/s05/match.gd
100644 blob 8538fcabdc29c782cae6e8889e724cc867c82c99	tests/fixtures/s05/match.gd.uid
100644 blob f994d83e715920a3ff5378897e017df542923842	tests/fixtures/s05/presentation.gd
100644 blob 1ace9066b9dfca4df46208daae678b50c68c0e19	tests/fixtures/s05/presentation.gd.uid
100644 blob ad2fccc38b5bc6e7b0a786d1064b0891fba52339	tests/fixtures/s05/proof.gd
100644 blob e95278a8a4ea3b27c49fe5ae92da7d8d269d0cac	tests/fixtures/s05/proof.gd.uid
100644 blob 8d23089218880d751ca962bfce5d8d38a667bd69	tests/fixtures/s05/replication.gd
100644 blob 0c1c5b4b7bbd8157c62900d381dde3633a95656d	tests/fixtures/s05/replication.gd.uid
100644 blob 85a752124b57164a85dfe4b51931d753c9cdbf7a	tests/fixtures/s05/session.gd
100644 blob e4aa9186543921afbefa6a22c6b0ef9c1aa66a49	tests/fixtures/s05/session.gd.uid
100644 blob 0b927e529351c1eee33d1c910aeee416a6bb63a7	tests/fixtures/s05_draw/burst.tscn
100644 blob a3863ec2f44dc17834147aa03fac195040c4b641	tests/fixtures/s05_draw/camera.tscn
100644 blob a6393bdb4c4718a2ee9865efda8c051695c13d06	tests/fixtures/s05_draw/observer.gd
100644 blob 8246689960d80c863518fe34c80d0ae4f6242122	tests/fixtures/s05_draw/observer.gd.uid
100644 blob 082cdf4448d02ab66fc9bfeb969f61dc2a61aa49	tests/fixtures/s05_effect/boot.tscn
100644 blob e83180f6234410f2e472d843ea5fc34ad10186a2	tests/fixtures/s05_effect/burst.tscn
100644 blob f44c7d4ab091b6ef247867fd6e3df51f48b31c54	tests/fixtures/s05_effect/editor_harness.tscn
100644 blob 9a70f99f12106b7bd53cb9739c794bea12da6d33	tests/fixtures/s05_effect/editor_probe.gd
100644 blob c34fc2a48029a54867e5f821fc42fa20bca94536	tests/fixtures/s05_effect/editor_probe.gd.uid
100644 blob 25bef10d0cc215930916131c6f66fbc42e852f4a	tests/fixtures/s05_effect/explosion.tscn
100644 blob 1846a2f52f8a6a4d4cbecebf2db1a338bee47bfc	tests/fixtures/s05_effect/match.gd
100644 blob cb66b1af002ed5ac385a2f2ddcf2fb347002224b	tests/fixtures/s05_effect/match.gd.uid
100644 blob 5812d2e2eca63a35481fc193229b724b49daad7d	tests/fixtures/s05_effect/presentation.gd
100644 blob cf238d796891d43ab6a2d08e4684023ea8e6c351	tests/fixtures/s05_effect/presentation.gd.uid
100644 blob ffaeaea61482d6dead68d22046fe4a871ee4b804	tests/fixtures/s05_effect/proof.gd
100644 blob 13f811cae33d58151764baf9e6cdf6d782bd092f	tests/fixtures/s05_effect/proof.gd.uid
100644 blob 1917359cbf7765fd4c8b0c97d46f06f58ded6395	tests/fixtures/s06/anchor.gd
100644 blob 9bc5cd5689efb8d1ab11da414e1efc24441ff110	tests/fixtures/s06/anchor.gd.uid
100644 blob ef6e3aa18505e683371a05bbc30088a0c977dfb5	tests/fixtures/s06/bake.gd
100644 blob 8e1a6f0959ceee7cf207ec5577dffb5c835db886	tests/fixtures/s06/bake.gd.uid
100644 blob e6917b10e4c7a801899dcb801adfc700668dda8d	tests/fixtures/s06/city.gd
100644 blob f39f08899e3673a1d7318c9893efec25f4e3a426	tests/fixtures/s06/city.gd.uid
100644 blob 9caae8b55be967383bb8fd3983e6fdc2923dedf7	tests/fixtures/s06/controller.gd
100644 blob 9caa559791ccb2133d3ed1f016a5655cc23cfb7c	tests/fixtures/s06/controller.gd.uid
100644 blob c43dae6d28a4131207ff73d96b03917c6be4437c	tests/fixtures/s06/derived.tres
100644 blob 97ab6aced5441a80e71e575d731cbcae78b27f0c	tests/fixtures/s06/east.tscn
100644 blob 5e6e83afc3e9bc21fe096701bf3e9a8994bd6c53	tests/fixtures/s06/editor_harness.tscn
100644 blob 0574d4cb54c080181774baec52aecd7f570a8621	tests/fixtures/s06/fixture.gd
100644 blob 6c3ea4a5c14e3ab9dc565ac9289af0c1bb9ef2b4	tests/fixtures/s06/fixture.gd.uid
100644 blob ab017f78e05b36a38e3e39dd2b097752a43cf14c	tests/fixtures/s06/intersection.tscn
100644 blob fc5790ade9e719f682ee59a9a6fc0ec3971debda	tests/fixtures/s06/intersection_wide.tscn
100644 blob 53f879bcd030a74dae134637fdea9e769261f374	tests/fixtures/s06/link.gd
100644 blob fc410f99071ca1a47cdebae4af95bc80d1ffbbd9	tests/fixtures/s06/link.gd.uid
100644 blob 93129680f80d75ac73ba36d639c9aaae4b26c08a	tests/fixtures/s06/minimap.gd
100644 blob bd7510bca814163f0660205a90c8af5068765dca	tests/fixtures/s06/minimap.gd.uid
100644 blob 3eed1bcece7da88cfa796d21bb54dfacd4274b76	tests/fixtures/s06/proof.gd
100644 blob 2839d1f5815fe71aca323fcbfcee576aebe89ce9	tests/fixtures/s06/proof.gd.uid
100644 blob bd23b67393baf3f375637a2e928abb7ab8f2db1a	tests/fixtures/s06/sector.gd
100644 blob 4f79ed8be964cead01a51c71f38f20efe4cfd0ad	tests/fixtures/s06/sector.gd.uid
100644 blob e05da964355d84513c0cded18a5a077b40a5c645	tests/fixtures/s06/west.tscn
100644 blob 4e69eb1aea76fe4dc58cfb37689794ae958e0188	tests/fixtures/s07_comparator/run.gd
100644 blob 9b8287131ea37189b75d0287b69fb8d89fb3830e	tests/fixtures/s07_comparator/run.gd.uid
100644 blob 58b7b07d0f29e6de306761b02d65922e6de93583	tests/fixtures/s07_driver/fixture.gd
100644 blob c2c2c925bb79cc59d55a6c05af73914319d51ec4	tests/fixtures/s07_driver/fixture.gd.uid
100644 blob c3ccc456085e46a309e49a1a35c8f690c8b2ee39	tests/fixtures/s07_driver/guards.gd
100644 blob 3fc8031118fde991c5668989918b789b48a229f7	tests/fixtures/s07_driver/guards.gd.uid
100644 blob 7978d15d3b6fe28684479d7a713f0d240c0a9d04	tests/fixtures/s07_driver/intersection.tscn
100644 blob 4a25ccea6d8f6663cdebdf44d9c37b1c6e91d16b	tests/fixtures/s07_driver/run.gd
100644 blob a137f0244ab1c1fadc909334d9f12a0dea8ff2e3	tests/fixtures/s07_driver/run.gd.uid
100644 blob 51b440c148a146ee4e87a7ba84b4ec2ef771e43d	tests/fixtures/s07_env/city_192.tscn
100644 blob 6df1a2dde2ec3fdfd9984b0e9c152c7b2dc32f23	tests/fixtures/s07_env/city_24.tscn
100644 blob 83a9fe2cb97991ac923f937618172bb67ce8e9eb	tests/fixtures/s07_env/city_288.tscn
100644 blob 1d37b564de6ee4f0ade0930409fc6e7d64de5ca7	tests/fixtures/s07_env/city_384.tscn
100644 blob 4dd6b3d7f38c4f98dc112385e61eb0b7d467d314	tests/fixtures/s07_env/city_6.tscn
100644 blob 48b82486fad56685d2e649a3c469a4ce0a286133	tests/fixtures/s07_env/city_96.tscn
100644 blob dd472d9d2764f42c04a43355f1ed4087db27bbd6	tests/fixtures/s07_env/measure.gd
100644 blob 38de9dcfbe43001b7dd4b32677ccf779223e5adb	tests/fixtures/s07_env/measure.gd.uid
100644 blob 59346fbde925624c771560b4f5ad6e57c1c58196	tests/fixtures/s07_graphical/run.gd
100644 blob 1b2c22de06591bb50ad5fb7b3e427a49554879be	tests/fixtures/s07_graphical/run.gd.uid
100644 blob 5641b817741c47ff757d49cbd95b4cd44abfe9f8	tests/fixtures/s08/release_boot.gd
100644 blob 0875c79578f168bae220a60ce8f389089e86baa2	tests/fixtures/s08/release_boot.gd.uid
100644 blob 4d45362f6c1a3536660e604d429133cbddae3a9f	tests/fixtures/s08/release_boot.tscn
100644 blob 13f19a2cf3fe6bd7150de22bd681583afac57e4a	tests/fixtures/s09/gridlock_tracker.gd
100644 blob 31f795ca90ea046ff8b35782a2b9a2b0db39df71	tests/fixtures/s09/gridlock_tracker.gd.uid
100644 blob 5ef592d9a23d1da45b207ef4dc914d093852079e	tests/fixtures/s09/lane.gd
100644 blob d3e30e880907ee658575b7cc506b836fc2ba0fd7	tests/fixtures/s09/lane.gd.uid
100644 blob 40dc0876a00f81248251cfca22463aeab1d99e32	tests/fixtures/s09/network.tscn
100644 blob 1218d3696f21163b32a573601e3b99d4db2463a6	tests/fixtures/s09/proof.gd
100644 blob 797b9f4cf2c3a359bb15a08cb869ce03743ba9c1	tests/fixtures/s09/proof.gd.uid
100644 blob 15cdecec179d1a1d5774d2a21713731c7a763c7f	tests/fixtures/s09/simulation.gd
100644 blob b7d97d4ed91965125df5767a4e9d76a5db7db427	tests/fixtures/s09/simulation.gd.uid
100644 blob 132b6e7d316f152ce9ba451884207bcd99b54ba2	tests/fixtures/s09/topology.gd
100644 blob 9398c8c284c4333fbfa50303ec4d4f3f3fcbcb33	tests/fixtures/s09/topology.gd.uid
100644 blob 9abcbd1f8ad800f4ce363decb6276a07b0486b82	tests/fixtures/s10/benchmark.gd
100644 blob 8f23f3c824fc2617ed7aa4af277bd0710a1be9e3	tests/fixtures/s10/benchmark.gd.uid
100644 blob 9c0509d1d84e41e11d2413aa29712ed2aab14fe4	tests/fixtures/s10/benchmark.tscn
100644 blob a5f64dc8b5a9cca7bdf604c53ae2adf12d7b8dba	tests/fixtures/s10/pedestrian.gd
100644 blob b24aa6bad43fc48be4044e72c0bcb0df0fda9501	tests/fixtures/s10/pedestrian.gd.uid
100644 blob 2fc025b4c24f23f8b754e69eb0440ccf2a2e51a3	tests/fixtures/s10/pedestrian.tscn
100644 blob 0c9136a95dbe4b1d85913bd6ac8a234d202060b8	tests/fixtures/s10/population.gd
100644 blob 4b7ba40b6526e2312fa01ea3eac7325d5a688967	tests/fixtures/s10/population.gd.uid
100644 blob 17b44dfdd9f6e9d194d164df74c5b41edea72146	tests/fixtures/s11/api_probe.gd
100644 blob 83d04dadd093e99f22a460305828f8877f1efa7d	tests/fixtures/s11/api_probe.gd.uid
100644 blob 950d7647f5387b27ebea9dbdd0ca419205aa3f18	tests/fixtures/s11/boot.tscn
100644 blob 68d0c3711aee78aabe6ca30ea17a93826b81e0a6	tests/fixtures/s11/population_policy.gd
100644 blob d1be2fc947755c7cb785f404b901e90841429f16	tests/fixtures/s11/population_policy.gd.uid
100644 blob 3e4b87d77623933279c989dcb4c485c870a153f2	tests/fixtures/s11/proof.gd
100644 blob 6aefbc02f0d3cea54f68ce215363d5e77373f308	tests/fixtures/s11/proof.gd.uid
100644 blob fba190e694c9e1a39d1c3e8f493748a76d27c8d6	tests/fixtures/s11/snapshot_codec.gd
100644 blob 30750272c291245fc0ce80fb0c2c1421afd02542	tests/fixtures/s11/snapshot_codec.gd.uid
100644 blob 3121933985ae99812d1d768bfc502c2bb0ad9ca0	tests/fixtures/s12/boot.tscn
100644 blob 96a2586f11c22c0ae869990b8cde93823cda9c1b	tests/fixtures/s12/combat.gd
100644 blob b9370d273204a82630d652415a90f50e76e2cd0b	tests/fixtures/s12/combat.gd.uid
100644 blob d18e142fe88e5e88a0e3c071543128fb96fbfd85	tests/fixtures/s12/proof.gd
100644 blob 4f8521886cbe10bf32cac7b09fda189a681b2467	tests/fixtures/s12/proof.gd.uid
100644 blob 1efa6347ddd3a8470974e80183555213f3e5b0bf	tests/fixtures/s12/target.gd
100644 blob 49809dc0cfd32895929e68baaf26f7e8f76be82f	tests/fixtures/s12/target.gd.uid
100644 blob 6df3ed87e30e701368e77fc38669698e65dcabd1	tests/fixtures/s12/target.tscn
100644 blob 90dd4fccd8d6d8900aaa43fd810a03cc8d9f10cd	tests/fixtures/s13/benchmark.gd
100644 blob 54b6295a8008a2279081fddf357049f6e379b966	tests/fixtures/s13/benchmark.gd.uid
100644 blob 1a14d1d3c0fe0650c44a267531f9ea636b82ad6e	tests/fixtures/s13/character.gd
100644 blob 305c9e81aadfef3e80c5e67bbf0e39e63bc649f4	tests/fixtures/s13/character.gd.uid
100644 blob 3ccc7540e18d8f757af54297501d0e3bfdaaf464	tests/fixtures/s13/character.tscn
100644 blob bef9639fe02e9a1dbfaf7a56ad01d2be3f9ef979	tests/fixtures/s13/crowd.tscn
100644 blob 8452117710f66b2c56fc2cbe5c9f5f6049e12f58	tests/fixtures/s14/audio/LICENSE.md
100644 blob 72f16a3c6885bb403d4a076b0e0ea995a0c02515	tests/fixtures/s14/audio/ambience.wav
100644 blob 13bef224a817a3f1aee8b86341d135631d5b5d82	tests/fixtures/s14/audio/ambience.wav.import
100644 blob 8741249a5fdf4e0e2a1e65902f68d0653f5fb22a	tests/fixtures/s14/audio/engine_loop.wav
100644 blob a6d4a88419a0e2220ab6dd70421010acaaeb11a5	tests/fixtures/s14/audio/engine_loop.wav.import
100644 blob 463981b0c733c32f38a392b1f55d2053339ce024	tests/fixtures/s14/audio/explosion_1.wav
100644 blob a046fc9412bb9e7521b7d28bb40d894d8b48910b	tests/fixtures/s14/audio/explosion_1.wav.import
100644 blob 758834bc4b349a9c0a981e1e9b4af13687e20536	tests/fixtures/s14/audio/explosion_2.wav
100644 blob 7690523791f56db9694fc41ce65651712900629e	tests/fixtures/s14/audio/explosion_2.wav.import
100644 blob ebbacebb9bb7511889e6b3ee297b6f3fddcd1b5c	tests/fixtures/s14/audio/explosion_3.wav
100644 blob 6385858589d2f4330ac45867d607fcc2a4fe31e1	tests/fixtures/s14/audio/explosion_3.wav.import
100644 blob 164ad86479d2c6e2e672cd176a12819a2a573d19	tests/fixtures/s14/audio/music.wav
100644 blob a0f2917539c140a52a39056cbcc0fa3183ce74b5	tests/fixtures/s14/audio/music.wav.import
100644 blob 7355fd2a56c08f6afcc1fa875a16d676c0c42f1c	tests/fixtures/s14/audio/smg_1.wav
100644 blob 387263e295d5eabe170857379bbb042fd563b3e2	tests/fixtures/s14/audio/smg_1.wav.import
100644 blob 9b59a2547be0e9adcd2ec1ebbe7a9c18f458b006	tests/fixtures/s14/audio/smg_2.wav
100644 blob 0663da427cab46af71fcd30c2e6f177fa1d46724	tests/fixtures/s14/audio/smg_2.wav.import
100644 blob 23b0d6d9930f3846460ed9948fd14ed7a1654854	tests/fixtures/s14/audio_test.tscn
100644 blob 9cd71f24686b761e6343ff832f7cfe0e7b9ea9b4	tests/fixtures/s14/bus_layout.tres
100644 blob 8af7f3fc0fc8903138009a0bf5fdf672cfd4890a	tests/fixtures/s14/generate_audio.py
100644 blob 03e131a80c379ddeb87261e7828416197bf0bbe4	tests/fixtures/s14/s14_fixture.gd
100644 blob 2f44f2028a448d8dcc785daf135a5f3da4fa6e2c	tests/fixtures/s14/s14_fixture.gd.uid
100644 blob ad46c52f0be6f856a376b8f50f63a2ee972be3f9	tests/fixtures/s14/s14_settings.gd
100644 blob ceaeb5feb2df94f3d4d1c804cdca887175be9ab8	tests/fixtures/s14/s14_settings.gd.uid
100644 blob 6b9f3bc8048843db0fa3c435c6bfc3cb745960b6	tests/fixtures/s14/s14_voice_manager.gd
100644 blob f77eabf67a808912d422a69cfd92e2b1420bdc1a	tests/fixtures/s14/s14_voice_manager.gd.uid
100644 blob b2b38be3b7d05c11d03a65c0098333c88a74ada6	tests/fixtures/s15/check.gd
100644 blob f4bf55c12f7aee8e00baa72377aacb60975e5128	tests/fixtures/s15/check.gd.uid
100644 blob 1e765d691c8c60e58dc9f69b775558b2bbcd1dce	tests/fixtures/s15/explosion.gd
100644 blob ebb7e5967712108bf7d2e0e79946d67c885cb5e5	tests/fixtures/s15/explosion.gd.uid
100644 blob 1d3a7084aaf53c68721c3e79ed0f59b6f791f605	tests/fixtures/s15/explosion.tscn
100644 blob 5d5a01f7c5851e2374acc9d985d1b90e8e14dcb5	tests/fixtures/s15/impact_puff.tscn
100644 blob 7b7ad9dcf8c38e142d9003c1f849b060f5c0d2d9	tests/fixtures/s15/muzzle_flash.tscn
100644 blob d80986a5735bcf5bac7235105ba69fa37acc7b7c	tests/fixtures/s15/particle_mesh.gd
100644 blob af2d584fbca6a5ec486880a90b7b5bf112095dc2	tests/fixtures/s15/particle_mesh.gd.uid
100644 blob 2f7051614674774d4d7d30f32d1a050806a68f7c	tests/fixtures/s15/rocket.gd
100644 blob c88ddda139012fcbcfbdb17234b3e6a338c30834	tests/fixtures/s15/rocket.gd.uid
100644 blob 5c2a159f2c264afc94dbbf2604d9cec52b3f7340	tests/fixtures/s15/rocket.tscn
100644 blob 35ab8225ad8cac98abde8343170f6de6fa671286	tests/fixtures/s15/rocket_trail.tscn
100644 blob c76c9f6185317f5fc6b0e7d03f6f9a6f07b3c9e4	tests/fixtures/s15/shooter.gd
100644 blob 4e14069349307d1953a55c5dcf3071b41c2a21a4	tests/fixtures/s15/shooter.gd.uid
100644 blob 7153f8fb764a5546477bdaea84684a02068f29f1	tests/fixtures/s15/shooter.tscn
100644 blob a2ac597fa70854d0a9b72b023b356be555ff600e	tests/fixtures/s15/static_backdrop.gd
100644 blob f64fc739e59e27730a490ff0ff5704193fe27ffb	tests/fixtures/s15/static_backdrop.gd.uid
100644 blob a00fba1a619358dfec56c8cefbb042013a350dbc	tests/fixtures/s15/static_backdrop.tscn
100644 blob ba66a37e35b202ed7ef556c3392aa14732b6348f	tests/fixtures/s15/stress.gd
100644 blob 8460a107c1b6a383736ec42708a6b1a855f97557	tests/fixtures/s15/stress.gd.uid
100644 blob 058a223d05bb40459cf2fba46c13c4749316ac40	tests/fixtures/s15/stress.tscn
100644 blob c1e8bbdf100370ba0c95bf4596143fa8f8e6cfb4	tests/fixtures/s15/tracer.tscn
100644 blob 5deccf18f02044f5aefb87e39401fbeb8d43c92a	tests/fixtures/s17/combat_adapter.gd
100644 blob 3bcce404b69199fff9f5e7327641db981fdae98b	tests/fixtures/s17/combat_adapter.gd.uid
100644 blob 04d75cbc3fba6c7c708776d8b2fcfd3dc51cdbc3	tests/fixtures/s17/host.gd
100644 blob a5a7bcc04e0bb8b6c3fd9dea7df4723f902de195	tests/fixtures/s17/host.gd.uid
100644 blob bb01247c32de8d575171075aaa5802781e3cfbbf	tests/fixtures/s17/host.tscn
100644 blob 817f59de26932a4692b46087a83b1d8e0564d0c5	tests/fixtures/s17/pedestrian_adapter.gd
100644 blob ac0a4319d0ff4238e6be53112f4933964bac3632	tests/fixtures/s17/pedestrian_adapter.gd.uid
100644 blob 00063aaf8b96cc2d9d8b7d1a849d1360fc48aca9	tests/fixtures/s17/run.gd
100644 blob c84486f09ed0a3be0a77cd920af2f6160974694e	tests/fixtures/s17/run.gd.uid
100644 blob c3654f4ff15d55fae6be304c3e60a20c836dd3a8	tests/fixtures/s17/traffic_adapter.gd
100644 blob 870a3ea0095d7cb96439dcacc6a358e17b317c8f	tests/fixtures/s17/traffic_adapter.gd.uid
100644 blob dd93c7860b34ccc73b0b0450bf3467d23f66a70e	tests/unit/session/fake_session_transport.gd
100644 blob a116b98ebbdeae0dc65f60c2b406b49c755d5c03	tests/unit/session/fake_session_transport.gd.uid
100644 blob a90a744dfd1c53789c3eeb7e5da487d3293b1edc	tests/unit/session/test_session_service.gd
100644 blob 5cbe72e71ee534de4590be4b5fc9f2400f764bdb	tests/unit/session/test_session_service.gd.uid
100644 blob feecda5a89d148fd8acd71b92fad32907e9a0452	tests/unit/session/test_session_ui.gd
100644 blob 3c30ea39b94387b17e5ad458f8983ccf099623a7	tests/unit/session/test_session_ui.gd.uid
100644 blob 9cb41fee2f872cc079d66fc26c6c410622c9489e	tests/unit/tooling/test_gut_smoke.gd
100644 blob 680683f801687c42299f78564812439afac88498	tests/unit/tooling/test_gut_smoke.gd.uid
100644 blob e1d83e6f1591b5fb604ebf389f88457558e36dca	tools/asset_production/city_lights_01/author.py
100644 blob 0d11d83353f018d8ad27d0b73cad5393e7d98622	tools/asset_production/city_lights_01/check_reexport.py
100644 blob a41a786e508fd048961a2385c6c86c2f98769d68	tools/asset_production/city_lights_01/export.py
100644 blob 7d1db880813107cc8fbfd11c7417b26c7be6cf8a	tools/asset_production/city_lights_01/validate.py
100644 blob a2a9c5535ca8d35cf790b06ae068dae61bdb3ce6	tools/asset_production/city_lights_02/author.py
100644 blob af89dceec3cf41d01b6b053a79b5b0ba666231b2	tools/asset_production/city_lights_02/check_glb.py
100644 blob 230c4eae64df467ff642a60d5b3727a67a559edc	tools/asset_production/city_lights_02/export.py
100644 blob e77edd84dd43e0eda02712f7b7aee49417e2c7f3	tools/asset_production/city_lights_04/author.py
100644 blob 8272279e48de072397491aaba4759ad0bd619d7c	tools/asset_production/city_lights_04/check_glb.py
100644 blob c959c67922975e244f085b3e04762f6259df2dc9	tools/asset_production/city_lights_04/export.py
100644 blob babca77d72d4e7668b88fb219d9b88ba1ed6f749	tools/asset_production/city_lights_04/manifest.py
100644 blob 08dea5b988d20e1d9ce472508f380f3fc19fc7f4	tools/asset_production/city_lights_04/run.py
100644 blob 5b6a49689942959e59c1e23e69e099b6cbad4e73	tools/asset_production/city_planting_01/author.py
100644 blob 1d8b819896f378dce14c01593a6041ff8ccb4b42	tools/asset_production/city_planting_01/check_glb.py
100644 blob 0aa2fed6a5c47d21c76f1b2dea0c296e9d5b67a8	tools/asset_production/city_planting_01/export.py
100644 blob 4015d88307295788fd66d1a248eac8ef1da4aad3	tools/asset_production/city_planting_02/author.py
100644 blob 37fca08169a5f47e4ed76f4cf0b3170b794aad6f	tools/asset_production/city_planting_02/check_glb.py
100644 blob c0fd7e0e0e9765e147f528ce78a308d98f0c4dc0	tools/asset_production/city_planting_02/export.py
100644 blob 7e021b4db74a2460530334f31fe1015c97fb1149	tools/asset_production/city_planting_02/run.py
100644 blob a74f8643c4147aa6a840015263ce916a8bce8400	tools/asset_production/city_sign_supports_01/author.py
100644 blob b0a7985631be16501a9cc577cca11f33ab98ca6b	tools/asset_production/city_sign_supports_01/check_glb.py
100644 blob 08f42a02f44a09299b007721bfbc4e65676f0a88	tools/asset_production/city_sign_supports_01/export.py
100644 blob 7dc6358c10d1b4abaa7564931c12b8a42f8af7ae	tools/asset_production/city_sign_supports_01/final_audit.py
100644 blob 8fa2c187d529bb7ed96cb8231f9189accf28dd27	tools/asset_production/city_sign_supports_01/make_uv_diagnostic.py
100644 blob 1d39d929c91bbe7d47860d14b4d9fd3842e099c1	tools/asset_production/city_sign_supports_01/manifest.py
100644 blob 9082f0b9af9cecd9346cf7d10950b72f46d095b1	tools/asset_production/city_sign_supports_01/preview.py
100644 blob e466519b6ea04a0741aa63d5028d172240373aec	tools/asset_production/city_sign_supports_01/run.py
100644 blob df0bc771f99420869534d70e09be7727c7bc20e8	tools/asset_production/integration/calibrate_batch.py
100644 blob 21af1e059154c90aac2f7fcd65be19512854971e	tools/asset_production/integration/editor_client.mjs
100644 blob 98b7f25049ea2813e4131fe352fe712c79f3d65f	tools/asset_production/integration/inspector.gd
100644 blob 0ebd140b065be561ad74ea00ac7bea37342d257e	tools/asset_production/integration/inspector.gd.uid
100644 blob 3c109b8b6e205ac5ff1a1cf0a8e411a94edf8ca9	tools/asset_production/integration/inspector.tscn
100644 blob 59ce645cb56e3902e176547d71ad48827844b496	tools/asset_production/integration/verify_batch.py
100644 blob 7ebf0cd6e80e6d1e90e5e65fb729f3c5e0c945da	tools/brackett_greybox/author_blender.py
100644 blob 91a563ed723368a61b77d9f9c38377def1d24fa8	tools/brackett_greybox/author_editor.gd
100644 blob e4e167a0ce4a41802d558257463b9a0b31e6667c	tools/brackett_greybox/author_editor.gd.uid
100644 blob a4fb8f260ef51021b12691ed2e4f62a768b8be87	tools/brackett_greybox/capture.gd
100644 blob a5ebed33ade89a727d8de4b8e6a24d1bd0330ce5	tools/brackett_greybox/capture.gd.uid
100644 blob 8596d06fae72395e59d4fd024ecda9470f6f0e6c	tools/brackett_greybox/check_files.py
100644 blob e67962f9a0e67fb2e27784e17cc6c3e05fb10874	tools/brackett_greybox/check_scene.gd
100644 blob 3997c457c51af34628686c163e886a676c107954	tools/brackett_greybox/check_scene.gd.uid
100644 blob 26c6305ec4ae7e98d71212b3ba35570fbdc9fd08	tools/brackett_greybox/editor_call.py
100644 blob 89abac336cb11acca8211b08c227df8c756aeb8a	tools/brackett_greybox/editor_input.json
100644 blob cbd4cb545722768a8c7a1eaee11351575c8036a0	tools/brackett_greybox/prepare.py
100644 blob f5a18eca712a5f2e9db2120c6545d41567993e56	tools/brackett_greybox/raise_glassward.py
100644 blob ece91ed7a1940d06f4c36e1fd865a11fd5a31970	tools/brackett_greybox/reexport.py
100644 blob c0a7f92a9abf79f5f7805908925ad3ef6592bcd3	tools/check.py
100644 blob e96a58b16b334e1c4f234e0acf205f949648ebcd	tools/incremental_log.py
100644 blob cbd160574f2aa3145573cd2a5b988401f8a43551	tools/measurement_identity.py
100644 blob 15a4009471995b5b27cbf64227cd71b9e8e56f16	tools/pedestrian_civilian/author_scenes.gd
100644 blob cb7621abd1584d823dac11d51eddad59a59aa3e7	tools/pedestrian_civilian/author_scenes.gd.uid
100644 blob a9b072c25e34970a8e84b0673358802346c0fd30	tools/pedestrian_civilian/author_worker.py
100644 blob 393ad507535cfdf156d694471690777d4549865a	tools/pedestrian_civilian/bind_worker.py
100644 blob a9c1f3cf9e8e8589a20766d66c50a23b322448eb	tools/pedestrian_civilian/capture_motion.gd
100644 blob 3f9bd9d99065f930d9f5f2ac6b1cc34c29326926	tools/pedestrian_civilian/capture_motion.gd.uid
100644 blob b275dc5568e32998a8bf004add37ab0f3200bfcc	tools/pedestrian_civilian/check_imported_contact.gd
100644 blob 55a73030c831abb6595ee52135f8364c97c4b8e0	tools/pedestrian_civilian/check_imported_contact.gd.uid
100644 blob b1828fb4d781515c3171fb5bb0f320f8a841447a	tools/pedestrian_civilian/check_source.py
100644 blob 3cab234c54e01527afb8e83c34aeb769de92ec33	tools/pedestrian_civilian/check_worker.gd
100644 blob c345adb280998eca0684f7242a6b07a84583cacb	tools/pedestrian_civilian/check_worker.gd.uid
100644 blob 432ebcae02db15f7a61f722a53a3d57948e3271b	tools/pedestrian_civilian/editor_context.tscn
100644 blob 2def6926d74f8f941c5ac0e4879091c2dd9dc0f7	tools/pedestrian_civilian/export_worker.py
100644 blob 79c60dd4ebfc1eed0ce99fcc66aa66a853e33ec8	tools/pistol_coral_stub/author.py
100644 blob e984bc460e014b82bdf8e5d51acf7506aa700c8a	tools/pistol_coral_stub/editor_bridge.gd
100644 blob 3222067197eb369087af471d0bda05bc1d218a31	tools/pistol_coral_stub/editor_bridge.gd.uid
100644 blob c0eccc1d1289188b06c3cfdebc711f6f86bbbf6e	tools/pistol_coral_stub/manifest.json
100644 blob 414dfcbe2bb918636d9c3b2c5b65269fc670d65a	tools/pistol_coral_stub/reexport.py
100644 blob 84a104439e9b1087ba23833e123d536debb31ac1	tools/player_character/audit_player_source.py
100644 blob 8a99884df3574fd519854d4534ca08732852258f	tools/player_character/audit_weapon_contacts.py
100644 blob 1b96e617bc58ba0fbc25973fe2a88956894cfb01	tools/player_character/author_coral_courier.py
100644 blob b4d4e5b49a93ccee188c2431f7fb2edb7aea4bad	tools/player_character/author_motion.py
100644 blob 35dee5e61b1df7975ff2b7b9f72951c8f34d818f	tools/player_character/author_shared_rig.py
100644 blob 83534455ee151277afcd0aa74f8cdb1efe43f283	tools/player_character/capture_preview.gd
100644 blob 11f049d82bf3027327689c87c83c8cfef28d18e1	tools/player_character/capture_preview.gd.uid
100644 blob 813173d95ed2d3bc335ffd0956121e9eecf04174	tools/player_character/check_player_asset.gd
100644 blob 87efc9768ecce22d4082a7608d2563958d6d57b2	tools/player_character/check_player_asset.gd.uid
100644 blob b4c2dec484c345e9f93a811b150d9c4714a64a91	tools/player_character/check_shared_rig.gd
100644 blob b809d2e0ece0c35ce626a43dd88012e9c5bcb151	tools/player_character/check_shared_rig.gd.uid
100644 blob 6a299aae6813b9e922d7bab96771eed27972975f	tools/player_character/editor_bridge.gd
100644 blob 757bd77ee1d1f7afef82c3f6a1d9799c4ca9657d	tools/player_character/editor_bridge.gd.uid
100644 blob 081c1c53a37af3c4ba7bc268db81a6ddbce23896	tools/player_character/private_editor.mjs
100644 blob ffb0daad3acaf83eac9449cf3ec01f9845d292e5	tools/player_character/reexport.py
100644 blob 06e993a84e737c6049a07899d63c2be8d0298e69	tools/player_character/stage_weapon_fits.py
100644 blob dcb77e9598674af0c2e1ecb45d502013a3bda966	tools/player_character/verify_delivery.py
100644 blob d52844b5ad44feb57d0dcbb876d846649ea1af3c	tools/probe_s03_s_compatibility.py
100644 blob d11028856e511c8c58390b8a3e541eeec272d73c	tools/production_checks.py
100644 blob 23b08da0d287d351f0d04c1b0bd6d1511d947c2f	tools/rocket_launcher/capture_check.gd
100644 blob 62dfb66d306326f22da8086b58fa5dedf85cc210	tools/rocket_launcher/capture_check.gd.uid
100644 blob dca54e5f2a35c83be7a1ab007deccc62e06ad28b	tools/rocket_launcher/check_files.py
100644 blob 0481a58de90a34a490a710ebb6c8f703bac07718	tools/rocket_launcher/prepare_clean.py
100644 blob 89a36644cba24bd9da4d65207b1c7b5ca929842f	tools/run_s03.py
100644 blob 28073acae5cb41f61f37ba9372c9fe189f3fdc9c	tools/run_s03_r.py
100644 blob d6d0ea15ec68cfed1f3fb495ae84def318d24fb6	tools/run_s04.py
100644 blob 119478c7d56708f563399893e29ead1f78c95d64	tools/run_s05.py
100644 blob 81fa144600c13bb45f22024b4c18dc7bb4ae0a3e	tools/run_s08_linux.py
100644 blob fee80d765b636240031d82cde0bc434de9d1541c	tools/run_s11.py
100644 blob 4579a9c5eae7022fa3622417428bb86cbda04bf0	tools/run_s12.py
100644 blob 4892e7baff96eba17a2440c231f2f2cd596bf292	tools/s01/clean_import.py
100644 blob 30f3dfc88d0774af58915c9060e181515e47f117	tools/s01/create_sources.py
100644 blob 899730568af0572fd0a2124da77199fc3be23a8a	tools/s01/editor_probe.gd
100644 blob 8e8b1ed108a8458279284827c811e830ffba2517	tools/s01/editor_probe.gd.uid
100644 blob f488dca2e732ac0a61336b243be9a1a2ec712542	tools/s01/export.py
100644 blob 6aac65fcecc8e0db6447abf8fa288ade3aefc8cb	tools/s01/export_settings.json
100644 blob 9dc00ff6b1a92c1fbee5187cde52a77ce417b030	tools/s01/reexport.py
100644 blob 9103a8ad544f91838007bfbb418998b143bdaab8	tools/s02/create_sources.py
100644 blob 94f0ae44be2b03b35b01caa52fa6f4e880f26b66	tools/s02/editor_probe.gd
100644 blob 5f9576e7e87ff2a8e24e6951d35b80e65cef0e69	tools/s02/editor_probe.gd.uid
100644 blob 8e976db813f419ddea4cd1aeef3251042ea49525	tools/s02/export.py
100644 blob 4f8c422c4cdfd54de6f11294da4e03a2dedea63b	tools/s02/export_members.json
100644 blob 1ef59c7e8cdd04689fda5ecea4e133274e34f769	tools/s02/observe_windows.py
100644 blob edfad985080aaa46f8bc67bc005cfb0451920409	tools/s02/reexport.py
100644 blob 973d773bf96d6b3e9f4f136fb1846dac43b1d243	tools/s02/run.py
100644 blob 04b2a2fd1102bbe5f7e313c972a0ad1fbdb66cd2	tools/s04/__init__.py
100644 blob de833fb21953a20a8c668e1b778d931a08e8a21c	tools/s04/create_sources.py
100644 blob 3942d24bff174811d2cffe60719492a3e5ec8424	tools/s04/editor_probe.gd
100644 blob 2f25dfdef3b2491d711f39ecd82fab4af58fefc1	tools/s04/editor_probe.gd.uid
100644 blob 5511ae06bd4c4883e54b590674c54cfc4cf7b52b	tools/s04/export.py
100644 blob 837bd8baf421a46714b56c55cfb271c312a9f708	tools/s04/export_members.json
100644 blob a281774141685e27b57ff8d646e7eeda9228e475	tools/s04/reexport.py
100644 blob eb5839ef6ee58bd195cc62f7bf4b1fdcffaa2d0a	tools/s04/run_checks.py
100644 blob a384f11c1bdd54e168016611c223e2aaa3e6c290	tools/s04/run_lifecycle.py
100644 blob 777de0c0c9a4d8488c9fc9acefa45108037d8d1f	tools/s04/test_runner.py
100644 blob 6fd43a143bc816e4c4b7e458b63dffa08e585114	tools/s04_t/__init__.py
100644 blob 8ab74d3b030c5c60c13eb7c2c5670c2780e335a0	tools/s04_t/run.py
100644 blob 2e2dd3f0c390455e2686b6f256258ecd27f828dc	tools/s04_t/test_runner.py
100644 blob c7e8ffb7ee171c291a8ba293a94d17dea111bb75	tools/s05/check_resources.py
100644 blob 3e68843d5eeb907c026b1ebf0cb432b8a38b925a	tools/s05_draw/author_camera.py
100644 blob 9b19ba09ab3e4d84c1bcf6bb075286c88432281a	tools/s05_draw/budget_check.py
100644 blob 1939756c7d619e6f648b47fc66863d6eb34cf9e5	tools/s05_draw/check.py
100644 blob 0d369624eca542baefbd066c513cefaa34e6e448	tools/s05_draw/observe.py
100644 blob 6636f2ea6fcd0972c1a7af92763a2f0135c6b937	tools/s05_draw/observe_windows.py
100644 blob 77390a02476d1d6c66ef9fd07a12b2a272d8844c	tools/s05_draw/private_author.py
100644 blob babe3f0a40f607bd76a8c2e006229f250a308816	tools/s05_draw/request.py
100644 blob 68b707840c46bbd5ed30d30ec438ea821ae233a5	tools/s05_draw/retain.py
100644 blob 8ec8eaccf7707e79381eb6c552d1b84280fe800c	tools/s05_effect/check_network.py
100644 blob cd7c7403e7e3bb682c46f0cb8299c562093d20d5	tools/s05_effect/check_resources.py
100644 blob 511b03fbe3829e80e0d94afdd655c72b6b853299	tools/s05_effect/private_author.py
100644 blob a90e37d7ef3b9b99f9d92991d8bdf90fce0d541e	tools/s05_effect/retain.py
100644 blob 552077760ba8ae5f6a76a559332d7cc6656df944	tools/s05_vsync_image/__init__.py
100644 blob 3799d93068807256c70aafd3e08a6e3443a22830	tools/s05_vsync_image/check.py
100644 blob 521c197da82f298708f41f62c5bc03cfb07a20e6	tools/s05_vsync_image/record.py
100644 blob 4f8b691f100400ef11788903f1e2a59aafe55e63	tools/s05_vsync_image/retain.py
100644 blob 6aa82f0534cdfa35d756692375a850248c0f5627	tools/s05_vsync_image/run.py
100644 blob 6846cc407c033d2187226de48e4f5acb7c4ccfc3	tools/s05_vsync_image/test_offline.py
100644 blob 83e2d761352cd08651b9bc52766558e406e06c63	tools/s06/analyze.py
100644 blob f4428fcd701e14afe8dff8d159a4e50b6b99bfea	tools/s06/capture_observer.gd
100644 blob db4b04d7e9380fc0544fdb395c4937746632d12a	tools/s06/capture_observer.gd.uid
100644 blob 24fcec008858b47b1b7086a361650e47b8e5cd10	tools/s06/capture_source.py
100644 blob ad5afce4ca9c4c61cc4bb138640cc0a4524055b3	tools/s06/capture_windows.py
100644 blob 5162da273963b86ca8c45cf2deb7afa83df50e77	tools/s06/check_resources.py
100644 blob cecca5890b5dc3f5c71ecaf72cb99440bee8dd60	tools/s06/create_source.py
100644 blob 9efcf8fb06042a0cc7ab76697f8d721c6f330933	tools/s06/editor_probe.gd
100644 blob 0e95d5a5ce35e4630d72e3a6fc7d5b352a29d24c	tools/s06/editor_probe.gd.uid
100644 blob 72db60cdaf0201674bc6520f763c633b13a020af	tools/s06/export.py
100644 blob 3b37ac22bbf011b285d01c9637eeb513170d6e2f	tools/s06/export_members.json
100644 blob 78d75e16a3b61256b5933d0e2f45914d2cb2d8d6	tools/s06/run.py
100644 blob 3fe554989970246c38df7d9d8ef029c2564a165b	tools/s07/inventory.py
100644 blob 3f168599927dcb09aa2bc2fc15e6fa5ad6a32b99	tools/s07_comparator/__init__.py
100644 blob ae2383cb92653329446c0a22b8a2d7d639dfc2ab	tools/s07_comparator/run.py
100644 blob 96af8a530a5b6611cd80432e6761c75f0ee5d5f4	tools/s07_comparator/test_offline.py
100644 blob 9ca778553929615c99a96b2a12345baa4185cbc7	tools/s07_driver/__init__.py
100644 blob 05ea6170000f247740725380d22978c8a4a355da	tools/s07_driver/analyze.py
100644 blob 0df2cb18876d75819551a253f306bbd86152bad4	tools/s07_driver/author.py
100644 blob 6e0d8824960a0f479ff960a5231cec959ce02e58	tools/s07_driver/check_resources.py
100644 blob 425680fcf1f0d4c526fa92b625d8828b494b81be	tools/s07_driver/fixture.gd.txt
100644 blob 6dfcfca395d482ea1249706114fa1eed16638a52	tools/s07_driver/guards.gd.txt
100644 blob f45d61403f2e950f183053a02cb0e033186a7ff2	tools/s07_driver/retain.py
100644 blob ab20938b2f8025d3070c10f48455b14f3f2eb334	tools/s07_driver/run.gd.txt
100644 blob 9644bcfdaecc684f91449ed7437d3ccdb49b5bc5	tools/s07_driver/run.py
100644 blob dd44214d49e04e3897b4d7d243c02c58530328d6	tools/s07_driver/static_checks.py
100644 blob a0a131c09fb444e8b767251c7dff7382af910a7d	tools/s07_driver/support.py
100644 blob 0ac5739e92888ebd88b208a7491cb4a55dc0bca2	tools/s07_driver/test_offline.py
100644 blob c340574bfebbf2610d7d5028c52d2d379bf1d6eb	tools/s07_env/README.md
100644 blob 0c8f864c64ed78683e919484c31019dd9c394d28	tools/s07_env/author_city.gd
100644 blob 21fb603e6399a68848de52a5d41e1d1c0555a587	tools/s07_env/author_city.gd.uid
100644 blob 30350b83c78057a0d9ba4c021cb2b4243031b6b6	tools/s07_env/run.py
100644 blob fd596eee132a7f522de2908da5ae866752d4d64d	tools/s07_env/run_with_wer_dumps.sh
100644 blob 7ae0764c08e4741923c5b2bc2e80ed25b344204e	tools/s07_graphical/run.py
100644 blob 248d768cc444bbbf3301ecf8c32e7272d1a6f6f5	tools/s08/__init__.py
100644 blob 116f5ff2ace6e9d900d07a4f263736e373c7d162	tools/s08/api_probe.gd
100644 blob 94e482256fb40bd175655f6a3a840f8f0a71be34	tools/s08/api_probe.gd.uid
100644 blob 08a0f599894128612bd32497484e72e644eee42a	tools/s08/author.py
100644 blob a4fd02211407d8b875095e92d5d9a4f945bef0f1	tools/s08/cleanup_private.py
100644 blob 7da6ab009e91675f84228064de3caa6a4fb08b8a	tools/s08/editor_context.gd
100644 blob 96b226f61a5bcf2a13a1c934e027abd065939286	tools/s08/editor_context.gd.uid
100644 blob 949b99887bb5dc75b12c1c174261c14b3b90bece	tools/s08/exported_handoff.py
100644 blob 86dcb33ecdef28dac617ab20214f7bd12f7d567a	tools/s08/handoff_boundaries.py
100644 blob 5a32cbf77cae12d508e5b418d5b0c19a76a25556	tools/s08/handoff_cleanup.py
100644 blob e84cba7cefde5bf51c084c4ed5fb6ecf0281c047	tools/s08/handoff_offline.py
100644 blob be61eabb0c4ace4aaf330267cc750edfef46dd01	tools/s08/initialize_settings.gd
100644 blob 1d6e146d09e46597f451458a13163eacb81d4704	tools/s08/initialize_settings.gd.uid
100644 blob 12e171bb9fa26355f0a081a7ddd6cad4dc31d3f2	tools/s08/initialize_settings_scan.gd
100644 blob 45d91c70fbaad15957dc9fa249b3454deee3ad10	tools/s08/initialize_settings_scan.gd.uid
100644 blob 4cfb17b05fbf69a08ac7d619dfc12dd346693bed	tools/s08/lifecycle_analyze.py
100644 blob 6307aa25d29838555eac7f9ca6c6cd0eb67359d0	tools/s08/lifecycle_author.py
100644 blob d3fe496de4284f82f5857cfa0fb7813e3a95e477	tools/s08/lifecycle_cadence_test.py
100644 blob bd993c4b81d08e86a455ac4e5f919de4213a6701	tools/s08/lifecycle_diagnostic.py
100644 blob b11ed0ec16086f62f7d92c5ed41645c5a3344a4f	tools/s08/lifecycle_edits.py
100644 blob 4fa6cec81234fbe2ffd2c7dc1a15269487cae342	tools/s08/lifecycle_release.py
100644 blob 947636326377973af3b4d5dea6c675d3a9632705	tools/s08/observe.py
100644 blob 4c5973d0fd9c8ca58d1d1feb31783ed74a8b4226	tools/s08/request_file.py
100644 blob 7948a6eb3364ef2f529533b9f7ef5806f933e1ae	tools/s08/route_check.mjs
100644 blob ca4ece2d80d2ef6f6e292c9a06fa4436824c69f0	tools/s08/standard_bridge.mjs
100644 blob 156f1ea72e7ff5ef619504719ffada7ca43ba1cf	tools/s08/windows_observation.py
100644 blob d4bd2301f41bcda6030edb8273b15dd754e3ce8b	tools/s08_receipt.gd
100644 blob 56f0681c61646bde92d995ce531742f138256e0d	tools/s08_receipt.gd.uid
100644 blob 7c025ee62c9c506e9ae6279e4db216c726015740	tools/s08_x/inspect_exports.py
100644 blob 415a132b2807f7a0a859902ec17cb633e1fd9895	tools/s09/run.py
100644 blob 506082edcc05cbd3fb568ee741feb1a6675adc99	tools/s10/run.py
100644 blob 3543e8c399f8b8f54a1d92a4cd38f7fc92d4d0fd	tools/s13/author_fixture.py
100644 blob 4dea3e7c3cc0aa9007adb3574163da9d81b60bce	tools/s13/author_humanoid.py
100644 blob 455b54ad68c7dd0f51351b52e82a75151b4b4648	tools/s13/export_humanoid.py
100644 blob 65f480e19ee17c0442fd142a9afd0f4bdb2d8c88	tools/s13/reexport.py
100644 blob 07e4004fef5b59022b64d4a64dca490b1aa8e695	tools/s13/run.py
100644 blob fae244a2f64a9a827eb1699a74f34bcb035f6efb	tools/s14/run.py
100644 blob 2b9ace81e5b447015e8e1a7b1f803a9418cc8ff1	tools/s15/author_vfx_assets.py
100644 blob 05f31a7cb3672d3ef1f901337119c28e81ef3f78	tools/s15/run.py
100644 blob 3ab4fe0eb587eb7a92a59dea1fe2ba5fa85a6379	tools/s17/run.py
100644 blob 1b84b1d10f26df6e0d4c1fafdc3fdd201eb6429d	tools/script_checks.py
100644 blob 54fce7a4b03481ca58219a89cfab873ddbdb38e4	tools/smg_wedgewire_a/author_source.py
100644 blob 96ad40be0cfd224ac26ae418e40b9efe6ad5d8c5	tools/smg_wedgewire_a/check_asset.gd
100644 blob 17f7b08b5092bb70a4b19b31eff3c818010b3244	tools/smg_wedgewire_a/check_asset.gd.uid
100644 blob 0278db07f7d35223e302068fba610a1d5cf21914	tools/smg_wedgewire_a/editor_author.gd
100644 blob b7d034d9f236bd3b1f79977ef309f253010f555d	tools/smg_wedgewire_a/editor_author.gd.uid
100644 blob 38ad57b7ee2ab56092edb308b82f16e55ee277f1	tools/smg_wedgewire_a/export.py
100644 blob 231b227b1a7b52241b74371e3268f9fbaf72fe02	tools/smg_wedgewire_a/finish_contact_surface.py
100644 blob 7eab84fba053c825c8ab8c9034c321d3d93f087b	tools/smg_wedgewire_a/refine_source.py
100644 blob 209fb87cda4827844e97ccea2168457516393077	tools/test_foundation_tools.py
100644 blob f6e8a0919f57d813cd5c4ddbdd79bf5562a8b47c	tools/test_measurement_identity.py
100644 blob 33a1f7cebd592b03b82c35d9fd0c73576ac0aa4d	tools/test_production_checks.py
100644 blob 0070f7c68cd7fbe9dcf07499792b6b2a5805537e	tools/test_runner_safety.py
100644 blob a37ca04d52e69a78f95c0a0c1c9ae0cb5289844a	tools/test_s02_windows_observation.py
100644 blob 924ea9105ec5a767f042d8c7a7581cfd8f1ad20d	tools/test_s03_r_analysis.py
100644 blob ba37d622ef8b0d6f5d60ba719180dc3725223f07	tools/test_s07_env.py
100644 blob 1fe4147111416f9591dfbedacc003c683ddba390	tools/test_s07_graphical.py
100644 blob de7c28843b87e009a030197e0cd01930ea720843	tools/test_s08_x.py
100644 blob db076369a7db2e2819c9befac106e2228c496c9d	tools/test_s09.py
100644 blob 97b96b9f70cb89c2e1ca087cc42b1ae979df2275	tools/test_s10_runner.py
100644 blob 7cbe125bc50b815bd8dc9b3af30d4c2f15d1feb7	tools/test_s11.py
100644 blob cf30a1e2b203ebfe3ea8a391edf7d604a4982de9	tools/test_s12_analysis.py
100644 blob 7c0661ebb6a64ac6cbc88b48925e9e8a3c075783	tools/test_s13_runner.py
100644 blob 0333f397826bcb40813d0721857c4de6c48d8865	tools/test_s14_audio.py
100644 blob 715126582d34a482302cdc9f2913fb6dda0567da	tools/test_s15_vfx.py
100644 blob 3f40f4ad18f1102c8c1e198debb6e623be9cb978	tools/test_s17.py
100644 blob cd50eaa43a98c2be3bcbb42995ef9a43b0ff1333	tools/test_windows_observation.py
100644 blob ac7307af05f9703dc8c841d6a8adec17c42f964f	tools/vehicle_assets/author_blender.py
100644 blob 6d95f5c78ebcd89ea6dd4ca18a183dc55f040bfe	tools/vehicle_assets/editor_author.gd
100644 blob 3aadf80d5d2379d86bf5ce917ee70a2200ca93d8	tools/vehicle_assets/editor_author.gd.uid
100644 blob 69339a08641e7f28129161203846e35f864ad700	tools/vehicle_assets/editor_client.mjs
100644 blob 960b79bc32c1ad6e723e0d1b5c82333917664ee9	tools/vehicle_assets/editor_harness.tscn
100644 blob 51a95eba08a241bf2d38dd622777bd1069d76e42	tools/vehicle_assets/polish_blender.py
100644 blob c918c5725f048638b962fdae872ea73b63bf3a3b	tools/vehicle_assets/reexport.py
100644 blob 4ca90620b0f91e9d6c62f20970885a72c6c61b4b	tools/vehicle_assets/refine_blender.py
100644 blob 8cfa13e7be0740628c818e2640bbec76daecb334	tools/vehicle_assets/shorten_latch_doors.py
100644 blob a569c48e9322cd5eed3c01becb2e49ce383504a4	tools/window_safety.py
