Godot Engine v4.8.dev7.official.c971f93e7 - https://godotengine.org

S04 {"case":"handbrake","combined_brake_speed_mps":11.0000066757202,"event":"rule_case","one_second_speed_mps":10.0000038146973,"throttle_held_speed_mps":2.50000023841858,"time_ms":204}
S04 {"case":"sideways_handbrake","event":"rule_case","one_second_speed_mps":4.99998998641968,"ordinary_yaw_rate":0.0,"time_ms":209,"yaw_rate":-1.5}
S04 {"body":"Kinematic","case":"acceleration","event":"body_case","state":{"position":[15.0,0.00100000004749745,-13.4990854263306],"velocity":[0.0,0.0,-19.999979019165],"yaw":0.0},"time_ms":2141}
S04 {"body":"Kinematic","case":"braking","distance_m":2.6949462890625,"event":"body_case","state":{"position":[15.0,0.00100000004749745,7.3050537109375],"velocity":[0.0,0.0,0.0],"yaw":0.0},"time_ms":3153}
S04 {"body":"Kinematic","case":"turning","event":"body_case","extent_m":13.6088209152222,"state":{"position":[22.9913024902344,0.00100000004749745,-1.01540148258209],"velocity":[17.4692916870117,0.0,-5.47055101394653],"yaw":-1.49999892711639},"time_ms":4138}
S04 {"body":"Kinematic","case":"slide","event":"body_case","handbrake_lateral_mps":1.07048034667969,"handbrake_slip_share":0.516919574170416,"ordinary_lateral_mps":0.211944565176964,"ordinary_slip_share":0.0704695965873738,"time_ms":5137}
S04 {"body":"Kinematic","case":"wall_recovery","contact":{"position":[0.0,0.00100000004749745,-17.7999877929688],"velocity":[0.0,0.0,0.0],"yaw":0.0},"event":"body_case","recovered":{"position":[0.0,0.00100000004749745,-13.2247200012207],"velocity":[0.0,0.0,6.00002241134644],"yaw":0.0},"time_ms":8209}
S04 {"contacts":0,"event":"solver_sample","phase":"solver_entry_prior_interval","sequence":0,"state":{"position":[15.0,0.000999987125396729,10.0],"velocity":[0.0,0.0,0.0],"yaw":0.0},"tick":1,"time_ms":8216}
S04 {"contacts":0,"event":"solver_sample","phase":"solver_entry_prior_interval","sequence":0,"state":{"position":[15.0,0.000999987125396729,10.0],"velocity":[0.0,0.0,0.0],"yaw":0.0},"tick":2,"time_ms":8219}
S04 {"contacts":0,"event":"solver_sample","phase":"solver_entry_prior_interval","sequence":1,"state":{"position":[15.0,0.000999987125396729,9.99666690826416],"velocity":[0.0,0.0,-0.200000017881393],"yaw":0.0},"tick":3,"time_ms":8234}
S04 {"contacts":0,"event":"solver_sample","phase":"solver_entry_prior_interval","sequence":2,"state":{"position":[15.0,0.000999987125396729,9.98999977111816],"velocity":[0.0,0.0,-0.400000035762787],"yaw":0.0},"tick":4,"time_ms":8249}
S04 {"contacts":0,"event":"solver_sample","phase":"solver_entry_prior_interval","sequence":3,"state":{"position":[15.0,0.000999987125396729,9.97999954223633],"velocity":[0.0,0.0,-0.600000023841858],"yaw":0.0},"tick":5,"time_ms":8264}
S04 {"contacts":0,"event":"solver_sample","phase":"solver_entry_prior_interval","sequence":4,"state":{"position":[15.0,0.000999987125396729,9.96666622161865],"velocity":[0.0,0.0,-0.800000011920929],"yaw":0.0},"tick":6,"time_ms":8280}
S04 {"contacts":0,"event":"solver_sample","phase":"solver_entry_prior_interval","sequence":5,"state":{"position":[15.0,0.000999987125396729,9.94999980926514],"velocity":[0.0,0.0,-1.0],"yaw":0.0},"tick":7,"time_ms":8295}
S04 {"contacts":0,"event":"solver_sample","phase":"solver_entry_prior_interval","sequence":6,"state":{"position":[15.0,0.000999987125396729,9.92999935150146],"velocity":[0.0,0.0,-1.20000004768372],"yaw":0.0},"tick":8,"time_ms":8314}
S04 {"contacts":0,"event":"solver_sample","phase":"solver_entry_prior_interval","sequence":7,"state":{"position":[15.0,0.000999987125396729,9.90666580200195],"velocity":[0.0,0.0,-1.40000009536743],"yaw":0.0},"tick":9,"time_ms":8343}
S04 {"contacts":0,"event":"solver_sample","phase":"solver_entry_prior_interval","sequence":8,"state":{"position":[15.0,0.000999987125396729,9.8799991607666],"velocity":[0.0,0.0,-1.60000014305115],"yaw":0.0},"tick":10,"time_ms":8359}
S04 {"contacts":0,"event":"solver_sample","phase":"solver_entry_prior_interval","sequence":9,"state":{"position":[15.0,0.000999987125396729,9.84999942779541],"velocity":[0.0,0.0,-1.80000019073486],"yaw":0.0},"tick":11,"time_ms":8391}
S04 {"contacts":0,"event":"solver_sample","phase":"solver_entry_prior_interval","sequence":10,"state":{"position":[15.0,0.000999987125396729,9.81666564941406],"velocity":[0.0,0.0,-2.00000023841858],"yaw":0.0},"tick":12,"time_ms":8406}
S04 {"contacts":0,"event":"solver_sample","phase":"solver_entry_prior_interval","sequence":11,"state":{"position":[15.0,0.000999987125396729,9.77999877929688],"velocity":[0.0,0.0,-2.20000028610229],"yaw":0.0},"tick":13,"time_ms":8421}
S04 {"contacts":0,"event":"solver_sample","phase":"solver_entry_prior_interval","sequence":12,"state":{"position":[15.0,0.000999987125396729,9.73999881744385],"velocity":[0.0,0.0,-2.40000033378601],"yaw":0.0},"tick":14,"time_ms":8433}
S04 {"contacts":0,"event":"solver_sample","phase":"solver_entry_prior_interval","sequence":13,"state":{"position":[15.0,0.000999987125396729,9.69666576385498],"velocity":[0.0,0.0,-2.60000038146973],"yaw":0.0},"tick":15,"time_ms":8452}
S04 {"contacts":0,"event":"solver_sample","phase":"solver_entry_prior_interval","sequence":14,"state":{"position":[15.0,0.000999987125396729,9.64999866485596],"velocity":[0.0,0.0,-2.80000042915344],"yaw":0.0},"tick":16,"time_ms":8467}
S04 {"contacts":0,"event":"solver_sample","phase":"solver_entry_prior_interval","sequence":15,"state":{"position":[15.0,0.000999987125396729,9.59999847412109],"velocity":[0.0,0.0,-3.00000047683716],"yaw":0.0},"tick":17,"time_ms":8482}
S04 {"contacts":0,"event":"solver_sample","phase":"solver_entry_prior_interval","sequence":16,"state":{"position":[15.0,0.000999987125396729,9.54666519165039],"velocity":[0.0,0.0,-3.20000052452087],"yaw":0.0},"tick":18,"time_ms":8498}
S04 {"contacts":0,"event":"solver_sample","phase":"solver_entry_prior_interval","sequence":17,"state":{"position":[15.0,0.000999987125396729,9.48999881744385],"velocity":[0.0,0.0,-3.40000057220459],"yaw":0.0},"tick":19,"time_ms":8513}
S04 {"contacts":0,"event":"solver_sample","phase":"solver_entry_prior_interval","sequence":18,"state":{"position":[15.0,0.000999987125396729,9.42999839782715],"velocity":[0.0,0.0,-3.60000061988831],"yaw":0.0},"tick":20,"time_ms":8529}
S04 {"contacts":0,"event":"solver_sample","phase":"solver_entry_prior_interval","sequence":19,"state":{"position":[15.0,0.000999987125396729,9.36666488647461],"velocity":[0.0,0.0,-3.80000066757202],"yaw":0.0},"tick":21,"time_ms":8545}
S04 {"contacts":0,"event":"solver_sample","phase":"solver_entry_prior_interval","sequence":20,"state":{"position":[15.0,0.000999987125396729,9.29999828338623],"velocity":[0.0,0.0,-4.00000047683716],"yaw":0.0},"tick":22,"time_ms":8560}
S04 {"contacts":0,"event":"solver_sample","phase":"solver_entry_prior_interval","sequence":21,"state":{"position":[15.0,0.000999987125396729,9.22999858856201],"velocity":[0.0,0.0,-4.20000028610229],"yaw":0.0},"tick":23,"time_ms":8567}
S04 {"contacts":0,"event":"solver_sample","phase":"solver_entry_prior_interval","sequence":22,"state":{"position":[15.0,0.000999987125396729,9.15666484832764],"velocity":[0.0,0.0,-4.40000009536743],"yaw":0.0},"tick":24,"time_ms":8591}
S04 {"contacts":0,"event":"solver_sample","phase":"solver_entry_prior_interval","sequence":23,"state":{"position":[15.0,0.000999987125396729,9.07999801635742],"velocity":[0.0,0.0,-4.59999990463257],"yaw":0.0},"tick":25,"time_ms":8608}
S04 {"contacts":0,"event":"solver_sample","phase":"solver_entry_prior_interval","sequence":24,"state":{"position":[15.0,0.000999987125396729,8.99999809265137],"velocity":[0.0,0.0,-4.79999971389771],"yaw":0.0},"tick":26,"time_ms":8618}
S04 {"contacts":0,"event":"solver_sample","phase":"solver_entry_prior_interval","sequence":25,"state":{"position":[15.0,0.000999987125396729,8.91666507720947],"velocity":[0.0,0.0,-4.99999952316284],"yaw":0.0},"tick":27,"time_ms":8638}
S04 {"contacts":0,"event":"solver_sample","phase":"solver_entry_prior_interval","sequence":26,"state":{"position":[15.0,0.000999987125396729,8.82999801635742],"velocity":[0.0,0.0,-5.19999933242798],"yaw":0.0},"tick":28,"time_ms":8654}
S04 {"contacts":0,"event":"solver_sample","phase":"solver_entry_prior_interval","sequence":27,"state":{"position":[15.0,0.000999987125396729,8.73999786376953],"velocity":[0.0,0.0,-5.39999914169312],"yaw":0.0},"tick":29,"time_ms":8670}
S04 {"contacts":0,"event":"solver_sample","phase":"solver_entry_prior_interval","sequence":28,"state":{"position":[15.0,0.000999987125396729,8.6466646194458],"velocity":[0.0,0.0,-5.59999895095825],"yaw":0.0},"tick":30,"time_ms":8685}
S04 {"contacts":0,"event":"solver_sample","phase":"solver_entry_prior_interval","sequence":29,"state":{"position":[15.0,0.000999987125396729,8.54999828338623],"velocity":[0.0,0.0,-5.79999876022339],"yaw":0.0},"tick":31,"time_ms":8702}
S04 {"contacts":0,"event":"solver_sample","phase":"solver_entry_prior_interval","sequence":30,"state":{"position":[15.0,0.000999987125396729,8.4499979019165],"velocity":[0.0,0.0,-5.99999856948853],"yaw":0.0},"tick":32,"time_ms":8717}
S04 {"contacts":0,"event":"solver_sample","phase":"solver_entry_prior_interval","sequence":31,"state":{"position":[15.0,0.000999987125396729,8.34666442871094],"velocity":[0.0,0.0,-6.19999837875366],"yaw":0.0},"tick":33,"time_ms":8733}
S04 {"contacts":0,"event":"solver_sample","phase":"solver_entry_prior_interval","sequence":32,"state":{"position":[15.0,0.000999987125396729,8.23999786376953],"velocity":[0.0,0.0,-6.3999981880188],"yaw":0.0},"tick":34,"time_ms":8750}
S04 {"contacts":0,"event":"solver_sample","phase":"solver_entry_prior_interval","sequence":33,"state":{"position":[15.0,0.000999987125396729,8.12999820709229],"velocity":[0.0,0.0,-6.59999799728394],"yaw":0.0},"tick":35,"time_ms":8765}
S04 {"contacts":0,"event":"solver_sample","phase":"solver_entry_prior_interval","sequence":34,"state":{"position":[15.0,0.000999987125396729,8.01666450500488],"velocity":[0.0,0.0,-6.79999780654907],"yaw":0.0},"tick":36,"time_ms":8781}
S04 {"contacts":0,"event":"solver_sample","phase":"solver_entry_prior_interval","sequence":35,"state":{"position":[15.0,0.000999987125396729,7.89999771118164],"velocity":[0.0,0.0,-6.99999761581421],"yaw":0.0},"tick":37,"time_ms":8796}
S04 {"contacts":0,"event":"solver_sample","phase":"solver_entry_prior_interval","sequence":36,"state":{"position":[15.0,0.000999987125396729,7.77999782562256],"velocity":[0.0,0.0,-7.19999742507935],"yaw":0.0},"tick":38,"time_ms":8812}
S04 {"contacts":0,"event":"solver_sample","phase":"solver_entry_prior_interval","sequence":37,"state":{"position":[15.0,0.000999987125396729,7.65666437149048],"velocity":[0.0,0.0,-7.39999723434448],"yaw":0.0},"tick":39,"time_ms":8844}
S04 {"contacts":0,"event":"solver_sample","phase":"solver_entry_prior_interval","sequence":38,"state":{"position":[15.0,0.000999987125396729,7.52999782562256],"velocity":[0.0,0.0,-7.59999704360962],"yaw":0.0},"tick":40,"time_ms":8859}
S04 {"contacts":0,"event":"solver_sample","phase":"solver_entry_prior_interval","sequence":39,"state":{"position":[15.0,0.000999987125396729,7.39999771118164],"velocity":[0.0,0.0,-7.79999685287476],"yaw":0.0},"tick":41,"time_ms":8875}
S04 {"contacts":0,"event":"solver_sample","phase":"solver_entry_prior_interval","sequence":40,"state":{"position":[15.0,0.000999987125396729,7.26666450500488],"velocity":[0.0,0.0,-7.99999666213989],"yaw":0.0},"tick":42,"time_ms":8891}
S04 {"contacts":0,"event":"solver_sample","phase":"solver_entry_prior_interval","sequence":41,"state":{"position":[15.0,0.000999987125396729,7.12999773025513],"velocity":[0.0,0.0,-8.19999694824219],"yaw":0.0},"tick":43,"time_ms":8921}
S04 {"contacts":0,"event":"solver_sample","phase":"solver_entry_prior_interval","sequence":42,"state":{"position":[15.0,0.000999987125396729,6.98999786376953],"velocity":[0.0,0.0,-8.39999675750732],"yaw":0.0},"tick":44,"time_ms":8936}
S04 {"contacts":0,"event":"solver_sample","phase":"solver_entry_prior_interval","sequence":43,"state":{"position":[15.0,0.000999987125396729,6.84666442871094],"velocity":[0.0,0.0,-8.59999656677246],"yaw":0.0},"tick":45,"time_ms":8953}
S04 {"contacts":0,"event":"solver_sample","phase":"solver_entry_prior_interval","sequence":44,"state":{"position":[15.0,0.000999987125396729,6.6999979019165],"velocity":[0.0,0.0,-8.7999963760376],"yaw":0.0},"tick":46,"time_ms":8968}
S04 {"contacts":0,"event":"solver_sample","phase":"solver_entry_prior_interval","sequence":45,"state":{"position":[15.0,0.000999987125396729,6.54999780654907],"velocity":[0.0,0.0,-8.99999618530273],"yaw":0.0},"tick":47,"time_ms":8984}
S04 {"contacts":0,"event":"solver_sample","phase":"solver_entry_prior_interval","sequence":46,"state":{"position":[15.0,0.000999987125396729,6.3966646194458],"velocity":[0.0,0.0,-9.19999599456787],"yaw":0.0},"tick":48,"time_ms":9001}
S04 {"contacts":0,"event":"solver_sample","phase":"solver_entry_prior_interval","sequence":47,"state":{"position":[15.0,0.000999987125396729,6.23999786376953],"velocity":[0.0,0.0,-9.39999580383301],"yaw":0.0},"tick":49,"time_ms":9016}
S04 {"contacts":0,"event":"solver_sample","phase":"solver_entry_prior_interval","sequence":48,"state":{"position":[15.0,0.000999987125396729,6.07999801635742],"velocity":[0.0,0.0,-9.59999561309814],"yaw":0.0},"tick":50,"time_ms":9031}
S04 {"contacts":0,"event":"solver_sample","phase":"solver_entry_prior_interval","sequence":49,"state":{"position":[15.0,0.000999987125396729,5.91666460037231],"velocity":[0.0,0.0,-9.79999542236328],"yaw":0.0},"tick":51,"time_ms":9047}
S04 {"contacts":0,"event":"solver_sample","phase":"solver_entry_prior_interval","sequence":50,"state":{"position":[15.0,0.000999987125396729,5.74999809265137],"velocity":[0.0,0.0,-9.99999523162842],"yaw":0.0},"tick":52,"time_ms":9062}
S04 {"contacts":0,"event":"solver_sample","phase":"solver_entry_prior_interval","sequence":51,"state":{"position":[15.0,0.000999987125396729,5.57999801635742],"velocity":[0.0,0.0,-10.1999950408936],"yaw":0.0},"tick":53,"time_ms":9077}
S04 {"contacts":0,"event":"solver_sample","phase":"solver_entry_prior_interval","sequence":52,"state":{"position":[15.0,0.000999987125396729,5.40666484832764],"velocity":[0.0,0.0,-10.3999948501587],"yaw":0.0},"tick":54,"time_ms":9093}
S04 {"contacts":0,"event":"solver_sample","phase":"solver_entry_prior_interval","sequence":53,"state":{"position":[15.0,0.000999987125396729,5.22999811172485],"velocity":[0.0,0.0,-10.5999946594238],"yaw":0.0},"tick":55,"time_ms":9114}
S04 {"contacts":0,"event":"solver_sample","phase":"solver_entry_prior_interval","sequence":54,"state":{"position":[15.0,0.000999987125396729,5.04999828338623],"velocity":[0.0,0.0,-10.799994468689],"yaw":0.0},"tick":56,"time_ms":9125}
S04 {"contacts":0,"event":"solver_sample","phase":"solver_entry_prior_interval","sequence":55,"state":{"position":[15.0,0.000999987125396729,4.86666488647461],"velocity":[0.0,0.0,-10.9999942779541],"yaw":0.0},"tick":57,"time_ms":9140}
S04 {"contacts":0,"event":"solver_sample","phase":"solver_entry_prior_interval","sequence":56,"state":{"position":[15.0,0.000999987125396729,4.67999839782715],"velocity":[0.0,0.0,-11.1999940872192],"yaw":0.0},"tick":58,"time_ms":9171}
S04 {"contacts":0,"event":"solver_sample","phase":"solver_entry_prior_interval","sequence":57,"state":{"position":[15.0,0.000999987125396729,4.48999834060669],"velocity":[0.0,0.0,-11.3999938964844],"yaw":0.0},"tick":59,"time_ms":9187}
S04 {"contacts":0,"event":"solver_sample","phase":"solver_entry_prior_interval","sequence":58,"state":{"position":[15.0,0.000999987125396729,4.29666519165039],"velocity":[0.0,0.0,-11.5999937057495],"yaw":0.0},"tick":60,"time_ms":9203}
S04 {"contacts":0,"event":"solver_sample","phase":"solver_entry_prior_interval","sequence":59,"state":{"position":[15.0,0.000999987125396729,4.09999847412109],"velocity":[0.0,0.0,-11.7999935150146],"yaw":0.0},"tick":61,"time_ms":9218}
S04 {"contacts":0,"event":"solver_sample","phase":"solver_entry_prior_interval","sequence":60,"state":{"position":[15.0,0.000999987125396729,3.89999866485596],"velocity":[0.0,0.0,-11.9999933242798],"yaw":0.0},"tick":62,"time_ms":9234}
S04 {"contacts":0,"event":"solver_sample","phase":"solver_entry_prior_interval","sequence":61,"state":{"position":[15.0,0.000999987125396729,3.6966655254364],"velocity":[0.0,0.0,-12.1999931335449],"yaw":0.0},"tick":63,"time_ms":9251}
S04 {"contacts":0,"event":"solver_sample","phase":"solver_entry_prior_interval","sequence":62,"state":{"position":[15.0,0.000999987125396729,3.48999905586243],"velocity":[0.0,0.0,-12.3999929428101],"yaw":0.0},"tick":64,"time_ms":9258}
S04 {"contacts":0,"event":"solver_sample","phase":"solver_entry_prior_interval","sequence":63,"state":{"position":[15.0,0.000999987125396729,3.27999925613403],"velocity":[0.0,0.0,-12.5999927520752],"yaw":0.0},"tick":65,"time_ms":9282}
S04 {"contacts":0,"event":"solver_sample","phase":"solver_entry_prior_interval","sequence":64,"state":{"position":[15.0,0.000999987125396729,3.06666612625122],"velocity":[0.0,0.0,-12.7999925613403],"yaw":0.0},"tick":66,"time_ms":9289}
S04 {"contacts":0,"event":"solver_sample","phase":"solver_entry_prior_interval","sequence":65,"state":{"position":[15.0,0.000999987125396729,2.84999966621399],"velocity":[0.0,0.0,-12.9999923706055],"yaw":0.0},"tick":67,"time_ms":9313}
S04 {"contacts":0,"event":"solver_sample","phase":"solver_entry_prior_interval","sequence":66,"state":{"position":[15.0,0.000999987125396729,2.62999987602234],"velocity":[0.0,0.0,-13.1999921798706],"yaw":0.0},"tick":68,"time_ms":9329}
S04 {"contacts":0,"event":"solver_sample","phase":"solver_entry_prior_interval","sequence":67,"state":{"position":[15.0,0.000999987125396729,2.40666675567627],"velocity":[0.0,0.0,-13.3999919891357],"yaw":0.0},"tick":69,"time_ms":9340}
S04 {"contacts":0,"event":"solver_sample","phase":"solver_entry_prior_interval","sequence":68,"state":{"position":[15.0,0.000999987125396729,2.18000030517578],"velocity":[0.0,0.0,-13.5999917984009],"yaw":0.0},"tick":70,"time_ms":9360}
S04 {"contacts":0,"event":"solver_sample","phase":"solver_entry_prior_interval","sequence":69,"state":{"position":[15.0,0.000999987125396729,1.95000040531158],"velocity":[0.0,0.0,-13.799991607666],"yaw":0.0},"tick":71,"time_ms":9376}
S04 {"contacts":0,"event":"solver_sample","phase":"solver_entry_prior_interval","sequence":70,"state":{"position":[15.0,0.000999987125396729,1.71666717529297],"velocity":[0.0,0.0,-13.9999914169312],"yaw":0.0},"tick":72,"time_ms":9392}
S04 {"contacts":0,"event":"solver_sample","phase":"solver_entry_prior_interval","sequence":71,"state":{"position":[15.0,0.000999987125396729,1.48000061511993],"velocity":[0.0,0.0,-14.1999912261963],"yaw":0.0},"tick":73,"time_ms":9407}
S04 {"contacts":0,"event":"solver_sample","phase":"solver_entry_prior_interval","sequence":72,"state":{"position":[15.0,0.000999987125396729,1.24000072479248],"velocity":[0.0,0.0,-14.3999910354614],"yaw":0.0},"tick":74,"time_ms":9424}
S04 {"contacts":0,"event":"solver_sample","phase":"solver_entry_prior_interval","sequence":73,"state":{"position":[15.0,0.000999987125396729,0.996667504310608],"velocity":[0.0,0.0,-14.5999908447266],"yaw":0.0},"tick":75,"time_ms":9445}
S04 {"contacts":0,"event":"solver_sample","phase":"solver_entry_prior_interval","sequence":74,"state":{"position":[15.0,0.000999987125396729,0.750000953674316],"velocity":[0.0,0.0,-14.7999906539917],"yaw":0.0},"tick":76,"time_ms":9452}
S04 {"contacts":0,"event":"solver_sample","phase":"solver_entry_prior_interval","sequence":75,"state":{"position":[15.0,0.000999987125396729,0.500001072883606],"velocity":[0.0,0.0,-14.9999904632568],"yaw":0.0},"tick":77,"time_ms":9469}
S04 {"contacts":0,"event":"solver_sample","phase":"solver_entry_prior_interval","sequence":76,"state":{"position":[15.0,0.000999987125396729,0.246667891740799],"velocity":[0.0,0.0,-15.199990272522],"yaw":0.0},"tick":78,"time_ms":9486}
S04 {"contacts":0,"event":"solver_sample","phase":"solver_entry_prior_interval","sequence":77,"state":{"position":[15.0,0.000999987125396729,-0.009998619556427],"velocity":[0.0,0.0,-15.3999900817871],"yaw":0.0},"tick":79,"time_ms":9500}
S04 {"contacts":0,"event":"solver_sample","phase":"solver_entry_prior_interval","sequence":78,"state":{"position":[15.0,0.000999987125396729,-0.269998461008072],"velocity":[0.0,0.0,-15.5999898910522],"yaw":0.0},"tick":80,"time_ms":9513}
S04 {"contacts":0,"event":"solver_sample","phase":"solver_entry_prior_interval","sequence":79,"state":{"position":[15.0,0.000999987125396729,-0.533331632614136],"velocity":[0.0,0.0,-15.7999897003174],"yaw":0.0},"tick":81,"time_ms":9529}
S04 {"contacts":0,"event":"solver_sample","phase":"solver_entry_prior_interval","sequence":80,"state":{"position":[15.0,0.000999987125396729,-0.799998164176941],"velocity":[0.0,0.0,-15.9999895095825],"yaw":0.0},"tick":82,"time_ms":9545}
S04 {"contacts":0,"event":"solver_sample","phase":"solver_entry_prior_interval","sequence":81,"state":{"position":[15.0,0.000999987125396729,-1.06999802589417],"velocity":[0.0,0.0,-16.1999893188477],"yaw":0.0},"tick":83,"time_ms":9576}
S04 {"contacts":0,"event":"solver_sample","phase":"solver_entry_prior_interval","sequence":82,"state":{"position":[15.0,0.000999987125396729,-1.34333121776581],"velocity":[0.0,0.0,-16.3999900817871],"yaw":0.0},"tick":84,"time_ms":9592}
S04 {"contacts":0,"event":"solver_sample","phase":"solver_entry_prior_interval","sequence":83,"state":{"position":[15.0,0.000999987125396729,-1.61999773979187],"velocity":[0.0,0.0,-16.5999908447266],"yaw":0.0},"tick":85,"time_ms":9622}
S04 {"contacts":0,"event":"solver_sample","phase":"solver_entry_prior_interval","sequence":84,"state":{"position":[15.0,0.000999987125396729,-1.89999759197235],"velocity":[0.0,0.0,-16.799991607666],"yaw":0.0},"tick":86,"time_ms":9638}
S04 {"contacts":0,"event":"solver_sample","phase":"solver_entry_prior_interval","sequence":85,"state":{"position":[15.0,0.000999987125396729,-2.18333077430725],"velocity":[0.0,0.0,-16.9999923706055],"yaw":0.0},"tick":87,"time_ms":9653}
S04 {"contacts":0,"event":"solver_sample","phase":"solver_entry_prior_interval","sequence":86,"state":{"position":[15.0,0.000999987125396729,-2.46999740600586],"velocity":[0.0,0.0,-17.1999931335449],"yaw":0.0},"tick":88,"time_ms":9669}
S04 {"contacts":0,"event":"solver_sample","phase":"solver_entry_prior_interval","sequence":87,"state":{"position":[15.0,0.000999987125396729,-2.75999736785889],"velocity":[0.0,0.0,-17.3999938964844],"yaw":0.0},"tick":89,"time_ms":9685}
S04 {"contacts":0,"event":"solver_sample","phase":"solver_entry_prior_interval","sequence":88,"state":{"position":[15.0,0.000999987125396729,-3.05333065986633],"velocity":[0.0,0.0,-17.5999946594238],"yaw":0.0},"tick":90,"time_ms":9703}
S04 {"contacts":0,"event":"solver_sample","phase":"solver_entry_prior_interval","sequence":89,"state":{"position":[15.0,0.000999987125396729,-3.3499972820282],"velocity":[0.0,0.0,-17.7999954223633],"yaw":0.0},"tick":91,"time_ms":9717}
S04 {"contacts":0,"event":"solver_sample","phase":"solver_entry_prior_interval","sequence":90,"state":{"position":[15.0,0.000999987125396729,-3.64999723434448],"velocity":[0.0,0.0,-17.9999961853027],"yaw":0.0},"tick":92,"time_ms":9731}
S04 {"contacts":0,"event":"solver_sample","phase":"solver_entry_prior_interval","sequence":91,"state":{"position":[15.0,0.000999987125396729,-3.95333051681519],"velocity":[0.0,0.0,-18.1999969482422],"yaw":0.0},"tick":93,"time_ms":9747}
S04 {"contacts":0,"event":"solver_sample","phase":"solver_entry_prior_interval","sequence":92,"state":{"position":[15.0,0.000999987125396729,-4.25999736785889],"velocity":[0.0,0.0,-18.3999977111816],"yaw":0.0},"tick":94,"time_ms":9762}
S04 {"contacts":0,"event":"solver_sample","phase":"solver_entry_prior_interval","sequence":93,"state":{"position":[15.0,0.000999987125396729,-4.56999731063843],"velocity":[0.0,0.0,-18.5999984741211],"yaw":0.0},"tick":95,"time_ms":9778}
S04 {"contacts":0,"event":"solver_sample","phase":"solver_entry_prior_interval","sequence":94,"state":{"position":[15.0,0.000999987125396729,-4.88333082199097],"velocity":[0.0,0.0,-18.7999992370605],"yaw":0.0},"tick":96,"time_ms":9793}
S04 {"contacts":0,"event":"solver_sample","phase":"solver_entry_prior_interval","sequence":95,"state":{"position":[15.0,0.000999987125396729,-5.19999742507935],"velocity":[0.0,0.0,-19.0],"yaw":0.0},"tick":97,"time_ms":9809}
S04 {"contacts":0,"event":"solver_sample","phase":"solver_entry_prior_interval","sequence":96,"state":{"position":[15.0,0.000999987125396729,-5.51999759674072],"velocity":[0.0,0.0,-19.2000007629395],"yaw":0.0},"tick":98,"time_ms":9824}
S04 {"contacts":0,"event":"solver_sample","phase":"solver_entry_prior_interval","sequence":97,"state":{"position":[15.0,0.000999987125396729,-5.84333086013794],"velocity":[0.0,0.0,-19.4000015258789],"yaw":0.0},"tick":99,"time_ms":9840}
S04 {"contacts":0,"event":"solver_sample","phase":"solver_entry_prior_interval","sequence":98,"state":{"position":[15.0,0.000999987125396729,-6.16999769210815],"velocity":[0.0,0.0,-19.6000022888184],"yaw":0.0},"tick":100,"time_ms":9872}
S04 {"contacts":0,"event":"solver_sample","phase":"solver_entry_prior_interval","sequence":99,"state":{"position":[15.0,0.000999987125396729,-6.49999761581421],"velocity":[0.0,0.0,-19.8000030517578],"yaw":0.0},"tick":101,"time_ms":9886}
S04 {"contacts":0,"event":"solver_sample","phase":"solver_entry_prior_interval","sequence":100,"state":{"position":[15.0,0.000999987125396729,-6.83333110809326],"velocity":[0.0,0.0,-20.0],"yaw":0.0},"tick":102,"time_ms":9901}
S04 {"contacts":0,"event":"solver_sample","phase":"solver_entry_prior_interval","sequence":101,"state":{"position":[15.0,0.000999987125396729,-7.16666460037231],"velocity":[0.0,0.0,-20.0],"yaw":0.0},"tick":103,"time_ms":9918}
S04 {"contacts":0,"event":"solver_sample","phase":"solver_entry_prior_interval","sequence":102,"state":{"position":[15.0,0.000999987125396729,-7.49999809265137],"velocity":[0.0,0.0,-20.0],"yaw":0.0},"tick":104,"time_ms":9933}
S04 {"contacts":0,"event":"solver_sample","phase":"solver_entry_prior_interval","sequence":103,"state":{"position":[15.0,0.000999987125396729,-7.83333158493042],"velocity":[0.0,0.0,-20.0],"yaw":0.0},"tick":105,"time_ms":9949}
S04 {"contacts":0,"event":"solver_sample","phase":"solver_entry_prior_interval","sequence":104,"state":{"position":[15.0,0.000999987125396729,-8.16666507720947],"velocity":[0.0,0.0,-20.0],"yaw":0.0},"tick":106,"time_ms":9965}
S04 {"contacts":0,"event":"solver_sample","phase":"solver_entry_prior_interval","sequence":105,"state":{"position":[15.0,0.000999987125396729,-8.49999809265137],"velocity":[0.0,0.0,-20.0],"yaw":0.0},"tick":107,"time_ms":9971}
S04 {"contacts":0,"event":"solver_sample","phase":"solver_entry_prior_interval","sequence":106,"state":{"position":[15.0,0.000999987125396729,-8.83333110809326],"velocity":[0.0,0.0,-20.0],"yaw":0.0},"tick":108,"time_ms":9996}
S04 {"contacts":0,"event":"solver_sample","phase":"solver_entry_prior_interval","sequence":107,"state":{"position":[15.0,0.000999987125396729,-9.16666412353516],"velocity":[0.0,0.0,-20.0],"yaw":0.0},"tick":109,"time_ms":10011}
S04 {"contacts":0,"event":"solver_sample","phase":"solver_entry_prior_interval","sequence":108,"state":{"position":[15.0,0.000999987125396729,-9.49999713897705],"velocity":[0.0,0.0,-20.0],"yaw":0.0},"tick":110,"time_ms":10025}
S04 {"contacts":0,"event":"solver_sample","phase":"solver_entry_prior_interval","sequence":109,"state":{"position":[15.0,0.000999987125396729,-9.83333015441895],"velocity":[0.0,0.0,-20.0],"yaw":0.0},"tick":111,"time_ms":10041}
S04 {"contacts":0,"event":"solver_sample","phase":"solver_entry_prior_interval","sequence":110,"state":{"position":[15.0,0.000999987125396729,-10.1666631698608],"velocity":[0.0,0.0,-20.0],"yaw":0.0},"tick":112,"time_ms":10056}
S04 {"contacts":0,"event":"solver_sample","phase":"solver_entry_prior_interval","sequence":111,"state":{"position":[15.0,0.000999987125396729,-10.4999961853027],"velocity":[0.0,0.0,-20.0],"yaw":0.0},"tick":113,"time_ms":10071}
S04 {"contacts":0,"event":"solver_sample","phase":"solver_entry_prior_interval","sequence":112,"state":{"position":[15.0,0.000999987125396729,-10.8333292007446],"velocity":[0.0,0.0,-20.0],"yaw":0.0},"tick":114,"time_ms":10086}
S04 {"contacts":0,"event":"solver_sample","phase":"solver_entry_prior_interval","sequence":113,"state":{"position":[15.0,0.000999987125396729,-11.1666622161865],"velocity":[0.0,0.0,-20.0],"yaw":0.0},"tick":115,"time_ms":10103}
S04 {"contacts":0,"event":"solver_sample","phase":"solver_entry_prior_interval","sequence":114,"state":{"position":[15.0,0.000999987125396729,-11.4999952316284],"velocity":[0.0,0.0,-20.0],"yaw":0.0},"tick":116,"time_ms":10117}
S04 {"contacts":0,"event":"solver_sample","phase":"solver_entry_prior_interval","sequence":115,"state":{"position":[15.0,0.000999987125396729,-11.8333282470703],"velocity":[0.0,0.0,-20.0],"yaw":0.0},"tick":117,"time_ms":10133}
S04 {"contacts":0,"event":"solver_sample","phase":"solver_entry_prior_interval","sequence":116,"state":{"position":[15.0,0.000999987125396729,-12.1666612625122],"velocity":[0.0,0.0,-20.0],"yaw":0.0},"tick":118,"time_ms":10149}
S04 {"contacts":0,"event":"solver_sample","phase":"solver_entry_prior_interval","sequence":117,"state":{"position":[15.0,0.000999987125396729,-12.4999942779541],"velocity":[0.0,0.0,-20.0],"yaw":0.0},"tick":119,"time_ms":10165}
S04 {"contacts":0,"event":"solver_sample","phase":"solver_entry_prior_interval","sequence":118,"state":{"position":[15.0,0.000999987125396729,-12.833327293396],"velocity":[0.0,0.0,-20.0],"yaw":0.0},"tick":120,"time_ms":10181}
S04 {"body":"Dynamic","case":"acceleration","event":"body_case","state":{"position":[15.0,0.000999987125396729,-12.833327293396],"velocity":[0.0,0.0,-20.0],"yaw":0.0},"time_ms":10184}
S04 {"contacts":0,"event":"solver_sample","phase":"solver_entry_prior_interval","sequence":119,"state":{"position":[15.0,0.000999987125396729,9.83333301544189],"velocity":[0.0,0.0,-10.0],"yaw":0.0},"tick":121,"time_ms":10212}
S04 {"contacts":0,"event":"solver_sample","phase":"solver_entry_prior_interval","sequence":120,"state":{"position":[15.0,0.000999987125396729,9.6677770614624],"velocity":[0.0,0.0,-9.93333339691162],"yaw":0.0},"tick":122,"time_ms":10226}
S04 {"contacts":0,"event":"solver_sample","phase":"solver_entry_prior_interval","sequence":1,"state":{"position":[15.0,0.000999987125396729,9.50722122192383],"velocity":[0.0,0.0,-9.63333320617676],"yaw":0.0},"tick":123,"time_ms":10243}
S04 {"contacts":0,"event":"solver_sample","phase":"solver_entry_prior_interval","sequence":2,"state":{"position":[15.0,0.000999987125396729,9.35166549682617],"velocity":[0.0,0.0,-9.33333301544189],"yaw":0.0},"tick":124,"time_ms":10258}
S04 {"contacts":0,"event":"solver_sample","phase":"solver_entry_prior_interval","sequence":3,"state":{"position":[15.0,0.000999987125396729,9.20110988616943],"velocity":[0.0,0.0,-9.03333282470703],"yaw":0.0},"tick":125,"time_ms":10273}
S04 {"contacts":0,"event":"solver_sample","phase":"solver_entry_prior_interval","sequence":4,"state":{"position":[15.0,0.000999987125396729,9.05555438995361],"velocity":[0.0,0.0,-8.73333263397217],"yaw":0.0},"tick":126,"time_ms":10290}
S04 {"contacts":0,"event":"solver_sample","phase":"solver_entry_prior_interval","sequence":5,"state":{"position":[15.0,0.000999987125396729,8.91499900817871],"velocity":[0.0,0.0,-8.4333324432373],"yaw":0.0},"tick":127,"time_ms":10321}
S04 {"contacts":0,"event":"solver_sample","phase":"solver_entry_prior_interval","sequence":6,"state":{"position":[15.0,0.000999987125396729,8.77944374084473],"velocity":[0.0,0.0,-8.13333225250244],"yaw":0.0},"tick":128,"time_ms":10336}
S04 {"contacts":0,"event":"solver_sample","phase":"solver_entry_prior_interval","sequence":7,"state":{"position":[15.0,0.000999987125396729,8.64888858795166],"velocity":[0.0,0.0,-7.83333206176758],"yaw":0.0},"tick":129,"time_ms":10352}
S04 {"contacts":0,"event":"solver_sample","phase":"solver_entry_prior_interval","sequence":8,"state":{"position":[15.0,0.000999987125396729,8.5233325958252],"velocity":[0.0,0.0,-7.53333187103271],"yaw":0.0},"tick":130,"time_ms":10368}
S04 {"contacts":0,"event":"solver_sample","phase":"solver_entry_prior_interval","sequence":9,"state":{"position":[15.0,0.000999987125396729,8.40277671813965],"velocity":[0.0,0.0,-7.23333168029785],"yaw":0.0},"tick":131,"time_ms":10383}
S04 {"contacts":0,"event":"solver_sample","phase":"solver_entry_prior_interval","sequence":10,"state":{"position":[15.0,0.000999987125396729,8.28722095489502],"velocity":[0.0,0.0,-6.93333148956299],"yaw":0.0},"tick":132,"time_ms":10397}
S04 {"contacts":0,"event":"solver_sample","phase":"solver_entry_prior_interval","sequence":11,"state":{"position":[15.0,0.000999987125396729,8.17666530609131],"velocity":[0.0,0.0,-6.63333129882813],"yaw":0.0},"tick":133,"time_ms":10414}
S04 {"contacts":0,"event":"solver_sample","phase":"solver_entry_prior_interval","sequence":12,"state":{"position":[15.0,0.000999987125396729,8.07110977172852],"velocity":[0.0,0.0,-6.33333110809326],"yaw":0.0},"tick":134,"time_ms":10440}
S04 {"contacts":0,"event":"solver_sample","phase":"solver_entry_prior_interval","sequence":13,"state":{"position":[15.0,0.000999987125396729,7.97055435180664],"velocity":[0.0,0.0,-6.0333309173584],"yaw":0.0},"tick":135,"time_ms":10460}
S04 {"contacts":0,"event":"solver_sample","phase":"solver_entry_prior_interval","sequence":14,"state":{"position":[15.0,0.000999987125396729,7.87499904632568],"velocity":[0.0,0.0,-5.73333072662354],"yaw":0.0},"tick":136,"time_ms":10464}
S04 {"contacts":0,"event":"solver_sample","phase":"solver_entry_prior_interval","sequence":15,"state":{"position":[15.0,0.000999987125396729,7.78444337844849],"velocity":[0.0,0.0,-5.43333053588867],"yaw":0.0},"tick":137,"time_ms":10476}
S04 {"contacts":0,"event":"solver_sample","phase":"solver_entry_prior_interval","sequence":16,"state":{"position":[15.0,0.000999987125396729,7.69888782501221],"velocity":[0.0,0.0,-5.13333034515381],"yaw":0.0},"tick":138,"time_ms":10491}
S04 {"contacts":0,"event":"solver_sample","phase":"solver_entry_prior_interval","sequence":17,"state":{"position":[15.0,0.000999987125396729,7.61833238601685],"velocity":[0.0,0.0,-4.83333015441895],"yaw":0.0},"tick":139,"time_ms":10507}
S04 {"contacts":0,"event":"solver_sample","phase":"solver_entry_prior_interval","sequence":18,"state":{"position":[15.0,0.000999987125396729,7.5427770614624],"velocity":[0.0,0.0,-4.53332996368408],"yaw":0.0},"tick":140,"time_ms":10522}
S04 {"contacts":0,"event":"solver_sample","phase":"solver_entry_prior_interval","sequence":19,"state":{"position":[15.0,0.000999987125396729,7.47222137451172],"velocity":[0.0,0.0,-4.23332977294922],"yaw":0.0},"tick":141,"time_ms":10537}
S04 {"contacts":0,"event":"solver_sample","phase":"solver_entry_prior_interval","sequence":20,"state":{"position":[15.0,0.000999987125396729,7.40666580200195],"velocity":[0.0,0.0,-3.93332982063293],"yaw":0.0},"tick":142,"time_ms":10552}
S04 {"contacts":0,"event":"solver_sample","phase":"solver_entry_prior_interval","sequence":21,"state":{"position":[15.0,0.000999987125396729,7.34611034393311],"velocity":[0.0,0.0,-3.63332986831665],"yaw":0.0},"tick":143,"time_ms":10563}
S04 {"contacts":0,"event":"solver_sample","phase":"solver_entry_prior_interval","sequence":22,"state":{"position":[15.0,0.000999987125396729,7.29055500030518],"velocity":[0.0,0.0,-3.33332991600037],"yaw":0.0},"tick":144,"time_ms":10585}
S04 {"contacts":0,"event":"solver_sample","phase":"solver_entry_prior_interval","sequence":23,"state":{"position":[15.0,0.000999987125396729,7.23999929428101],"velocity":[0.0,0.0,-3.03332996368408],"yaw":0.0},"tick":145,"time_ms":10599}
S04 {"contacts":0,"event":"solver_sample","phase":"solver_entry_prior_interval","sequence":24,"state":{"position":[15.0,0.000999987125396729,7.19444370269775],"velocity":[0.0,0.0,-2.7333300113678],"yaw":0.0},"tick":146,"time_ms":10616}
S04 {"contacts":0,"event":"solver_sample","phase":"solver_entry_prior_interval","sequence":25,"state":{"position":[15.0,0.000999987125396729,7.15388822555542],"velocity":[0.0,0.0,-2.43333005905151],"yaw":0.0},"tick":147,"time_ms":10630}
S04 {"contacts":0,"event":"solver_sample","phase":"solver_entry_prior_interval","sequence":26,"state":{"position":[15.0,0.000999987125396729,7.118332862854],"velocity":[0.0,0.0,-2.13333010673523],"yaw":0.0},"tick":148,"time_ms":10646}
S04 {"contacts":0,"event":"solver_sample","phase":"solver_entry_prior_interval","sequence":27,"state":{"position":[15.0,0.000999987125396729,7.08777713775635],"velocity":[0.0,0.0,-1.83333003520966],"yaw":0.0},"tick":149,"time_ms":10662}
S04 {"contacts":0,"event":"solver_sample","phase":"solver_entry_prior_interval","sequence":28,"state":{"position":[15.0,0.000999987125396729,7.06222152709961],"velocity":[0.0,0.0,-1.53332996368408],"yaw":0.0},"tick":150,"time_ms":10692}
S04 {"contacts":0,"event":"solver_sample","phase":"solver_entry_prior_interval","sequence":29,"state":{"position":[15.0,0.000999987125396729,7.04166603088379],"velocity":[0.0,0.0,-1.23332989215851],"yaw":0.0},"tick":151,"time_ms":10709}
S04 {"contacts":0,"event":"solver_sample","phase":"solver_entry_prior_interval","sequence":30,"state":{"position":[15.0,0.000999987125396729,7.02611064910889],"velocity":[0.0,0.0,-0.933329880237579],"yaw":0.0},"tick":152,"time_ms":10725}
S04 {"contacts":0,"event":"solver_sample","phase":"solver_entry_prior_interval","sequence":31,"state":{"position":[15.0,0.000999987125396729,7.0155553817749],"velocity":[0.0,0.0,-0.63332986831665],"yaw":0.0},"tick":153,"time_ms":10740}
S04 {"contacts":0,"event":"solver_sample","phase":"solver_entry_prior_interval","sequence":32,"state":{"position":[15.0,0.000999987125396729,7.00999975204468],"velocity":[0.0,0.0,-0.333329856395721],"yaw":0.0},"tick":154,"time_ms":10771}
S04 {"contacts":0,"event":"solver_sample","phase":"solver_entry_prior_interval","sequence":33,"state":{"position":[15.0,0.000999987125396729,7.00944423675537],"velocity":[0.0,0.0,-0.0333298407495022],"yaw":0.0},"tick":155,"time_ms":10787}
S04 {"contacts":0,"event":"solver_sample","phase":"solver_entry_prior_interval","sequence":34,"state":{"position":[15.0,0.000999987125396729,7.00944423675537],"velocity":[0.0,0.0,0.0],"yaw":0.0},"tick":156,"time_ms":10803}
S04 {"contacts":0,"event":"solver_sample","phase":"solver_entry_prior_interval","sequence":35,"state":{"position":[15.0,0.000999987125396729,7.00944423675537],"velocity":[0.0,0.0,0.0],"yaw":0.0},"tick":157,"time_ms":10817}
S04 {"contacts":0,"event":"solver_sample","phase":"solver_entry_prior_interval","sequence":36,"state":{"position":[15.0,0.000999987125396729,7.00944423675537],"velocity":[0.0,0.0,0.0],"yaw":0.0},"tick":158,"time_ms":10833}
S04 {"contacts":0,"event":"solver_sample","phase":"solver_entry_prior_interval","sequence":37,"state":{"position":[15.0,0.000999987125396729,7.00944423675537],"velocity":[0.0,0.0,0.0],"yaw":0.0},"tick":159,"time_ms":10849}
S04 {"contacts":0,"event":"solver_sample","phase":"solver_entry_prior_interval","sequence":38,"state":{"position":[15.0,0.000999987125396729,7.00944423675537],"velocity":[0.0,0.0,0.0],"yaw":0.0},"tick":160,"time_ms":10864}
S04 {"contacts":0,"event":"solver_sample","phase":"solver_entry_prior_interval","sequence":39,"state":{"position":[15.0,0.000999987125396729,7.00944423675537],"velocity":[0.0,0.0,0.0],"yaw":0.0},"tick":161,"time_ms":10882}
S04 {"contacts":0,"event":"solver_sample","phase":"solver_entry_prior_interval","sequence":40,"state":{"position":[15.0,0.000999987125396729,7.00944423675537],"velocity":[0.0,0.0,0.0],"yaw":0.0},"tick":162,"time_ms":10896}
S04 {"contacts":0,"event":"solver_sample","phase":"solver_entry_prior_interval","sequence":41,"state":{"position":[15.0,0.000999987125396729,7.00944423675537],"velocity":[0.0,0.0,0.0],"yaw":0.0},"tick":163,"time_ms":10912}
S04 {"contacts":0,"event":"solver_sample","phase":"solver_entry_prior_interval","sequence":42,"state":{"position":[15.0,0.000999987125396729,7.00944423675537],"velocity":[0.0,0.0,0.0],"yaw":0.0},"tick":164,"time_ms":10927}
S04 {"contacts":0,"event":"solver_sample","phase":"solver_entry_prior_interval","sequence":43,"state":{"position":[15.0,0.000999987125396729,7.00944423675537],"velocity":[0.0,0.0,0.0],"yaw":0.0},"tick":165,"time_ms":10943}
S04 {"contacts":0,"event":"solver_sample","phase":"solver_entry_prior_interval","sequence":44,"state":{"position":[15.0,0.000999987125396729,7.00944423675537],"velocity":[0.0,0.0,0.0],"yaw":0.0},"tick":166,"time_ms":10959}
S04 {"contacts":0,"event":"solver_sample","phase":"solver_entry_prior_interval","sequence":45,"state":{"position":[15.0,0.000999987125396729,7.00944423675537],"velocity":[0.0,0.0,0.0],"yaw":0.0},"tick":167,"time_ms":10975}
S04 {"contacts":0,"event":"solver_sample","phase":"solver_entry_prior_interval","sequence":46,"state":{"position":[15.0,0.000999987125396729,7.00944423675537],"velocity":[0.0,0.0,0.0],"yaw":0.0},"tick":168,"time_ms":10986}
S04 {"contacts":0,"event":"solver_sample","phase":"solver_entry_prior_interval","sequence":47,"state":{"position":[15.0,0.000999987125396729,7.00944423675537],"velocity":[0.0,0.0,0.0],"yaw":0.0},"tick":169,"time_ms":11007}
S04 {"contacts":0,"event":"solver_sample","phase":"solver_entry_prior_interval","sequence":48,"state":{"position":[15.0,0.000999987125396729,7.00944423675537],"velocity":[0.0,0.0,0.0],"yaw":0.0},"tick":170,"time_ms":11022}
S04 {"contacts":0,"event":"solver_sample","phase":"solver_entry_prior_interval","sequence":49,"state":{"position":[15.0,0.000999987125396729,7.00944423675537],"velocity":[0.0,0.0,0.0],"yaw":0.0},"tick":171,"time_ms":11038}
S04 {"contacts":0,"event":"solver_sample","phase":"solver_entry_prior_interval","sequence":50,"state":{"position":[15.0,0.000999987125396729,7.00944423675537],"velocity":[0.0,0.0,0.0],"yaw":0.0},"tick":172,"time_ms":11053}
S04 {"contacts":0,"event":"solver_sample","phase":"solver_entry_prior_interval","sequence":51,"state":{"position":[15.0,0.000999987125396729,7.00944423675537],"velocity":[0.0,0.0,0.0],"yaw":0.0},"tick":173,"time_ms":11085}
S04 {"contacts":0,"event":"solver_sample","phase":"solver_entry_prior_interval","sequence":52,"state":{"position":[15.0,0.000999987125396729,7.00944423675537],"velocity":[0.0,0.0,0.0],"yaw":0.0},"tick":174,"time_ms":11099}
S04 {"contacts":0,"event":"solver_sample","phase":"solver_entry_prior_interval","sequence":53,"state":{"position":[15.0,0.000999987125396729,7.00944423675537],"velocity":[0.0,0.0,0.0],"yaw":0.0},"tick":175,"time_ms":11115}
S04 {"contacts":0,"event":"solver_sample","phase":"solver_entry_prior_interval","sequence":54,"state":{"position":[15.0,0.000999987125396729,7.00944423675537],"velocity":[0.0,0.0,0.0],"yaw":0.0},"tick":176,"time_ms":11130}
S04 {"contacts":0,"event":"solver_sample","phase":"solver_entry_prior_interval","sequence":55,"state":{"position":[15.0,0.000999987125396729,7.00944423675537],"velocity":[0.0,0.0,0.0],"yaw":0.0},"tick":177,"time_ms":11146}
S04 {"contacts":0,"event":"solver_sample","phase":"solver_entry_prior_interval","sequence":56,"state":{"position":[15.0,0.000999987125396729,7.00944423675537],"velocity":[0.0,0.0,0.0],"yaw":0.0},"tick":178,"time_ms":11162}
S04 {"contacts":0,"event":"solver_sample","phase":"solver_entry_prior_interval","sequence":57,"state":{"position":[15.0,0.000999987125396729,7.00944423675537],"velocity":[0.0,0.0,0.0],"yaw":0.0},"tick":179,"time_ms":11178}
S04 {"contacts":0,"event":"solver_sample","phase":"solver_entry_prior_interval","sequence":58,"state":{"position":[15.0,0.000999987125396729,7.00944423675537],"velocity":[0.0,0.0,0.0],"yaw":0.0},"tick":180,"time_ms":11193}
S04 {"body":"Dynamic","case":"braking","distance_m":2.99055576324463,"event":"body_case","state":{"position":[15.0,0.000999987125396729,7.00944423675537],"velocity":[0.0,0.0,0.0],"yaw":0.0},"time_ms":11197}
S04 {"contacts":0,"event":"solver_sample","phase":"solver_entry_prior_interval","sequence":59,"state":{"position":[15.0,0.000999987125396729,9.83333301544189],"velocity":[0.0,0.0,-10.0],"yaw":0.0},"tick":181,"time_ms":11208}
S04 {"contacts":0,"event":"solver_sample","phase":"solver_entry_prior_interval","sequence":60,"state":{"position":[15.0,0.000999987125396729,9.6677770614624],"velocity":[0.0,0.0,-9.93333339691162],"yaw":0.0},"tick":182,"time_ms":11224}
S04 {"contacts":0,"event":"solver_sample","phase":"solver_entry_prior_interval","sequence":1,"state":{"position":[15.0,0.000999987125396729,9.49888801574707],"velocity":[0.0,0.0,-10.1333332061768],"yaw":-0.025000000372529},"tick":183,"time_ms":11239}
S04 {"contacts":0,"event":"solver_sample","phase":"solver_entry_prior_interval","sequence":2,"state":{"position":[15.0005054473877,0.000999987125396729,9.3266773223877],"velocity":[0.0303222388029099,0.0,-10.3326368331909],"yaw":-0.0500000007450581},"tick":184,"time_ms":11254}
S04 {"contacts":0,"event":"solver_sample","phase":"solver_entry_prior_interval","sequence":3,"state":{"position":[15.0019865036011,0.000999987125396729,9.15117835998535],"velocity":[0.0888705253601074,0.0,-10.5299577713013],"yaw":-0.0750000104308128},"tick":185,"time_ms":11269}
S04 {"contacts":0,"event":"solver_sample","phase":"solver_entry_prior_interval","sequence":4,"state":{"position":[15.0048818588257,0.000999987125396729,8.97244262695313],"velocity":[0.17369818687439,0.0,-10.7241468429565],"yaw":-0.100000001490116},"tick":186,"time_ms":11301}
S04 {"contacts":0,"event":"solver_sample","phase":"solver_entry_prior_interval","sequence":5,"state":{"position":[15.0095987319946,0.000999987125396729,8.79053974151611],"velocity":[0.282996118068695,0.0,-10.9141855239868],"yaw":-0.125000014901161},"tick":187,"time_ms":11316}
S04 {"contacts":0,"event":"solver_sample","phase":"solver_entry_prior_interval","sequence":6,"state":{"position":[15.0165166854858,0.000999987125396729,8.60555362701416],"velocity":[0.415082037448883,0.0,-11.0991611480713],"yaw":-0.150000005960464},"tick":188,"time_ms":11332}
S04 {"contacts":0,"event":"solver_sample","phase":"solver_entry_prior_interval","sequence":7,"state":{"position":[15.0259895324707,0.000999987125396729,8.41758251190186],"velocity":[0.568389654159546,0.0,-11.2782621383667],"yaw":-0.175000011920929},"tick":189,"time_ms":11347}
S04 {"contacts":0,"event":"solver_sample","phase":"solver_entry_prior_interval","sequence":8,"state":{"position":[15.0383472442627,0.000999987125396729,8.22673606872559],"velocity":[0.741459727287292,0.0,-11.4507627487183],"yaw":-0.200000002980232},"tick":190,"time_ms":11363}
S04 {"contacts":0,"event":"solver_sample","phase":"solver_entry_prior_interval","sequence":9,"state":{"position":[15.0538959503174,0.000999987125396729,8.03313541412354],"velocity":[0.932930946350098,0.0,-11.6160173416138],"yaw":-0.225000023841858},"tick":191,"time_ms":11378}
S04 {"contacts":0,"event":"solver_sample","phase":"solver_entry_prior_interval","sequence":10,"state":{"position":[15.0729217529297,0.000999987125396729,7.83691120147705],"velocity":[1.14153134822845,0.0,-11.7734451293945],"yaw":-0.250000059604645},"tick":192,"time_ms":11393}
S04 {"contacts":0,"event":"solver_sample","phase":"solver_entry_prior_interval","sequence":11,"state":{"position":[15.0956897735596,0.000999987125396729,7.63820219039917],"velocity":[1.36607086658478,0.0,-11.9225273132324],"yaw":-0.275000035762787},"tick":193,"time_ms":11409}
S04 {"contacts":0,"event":"solver_sample","phase":"solver_entry_prior_interval","sequence":12,"state":{"position":[15.122447013855,0.000999987125396729,7.43715572357178],"velocity":[1.60543394088745,0.0,-12.0627994537354],"yaw":-0.300000041723251},"tick":194,"time_ms":11424}
S04 {"contacts":0,"event":"solver_sample","phase":"solver_entry_prior_interval","sequence":13,"state":{"position":[15.1534233093262,0.000999987125396729,7.23392486572266],"velocity":[1.85857355594635,0.0,-12.1938438415527],"yaw":-0.325000017881393},"tick":195,"time_ms":11440}
S04 {"contacts":0,"event":"solver_sample","phase":"solver_entry_prior_interval","sequence":14,"state":{"position":[15.1888313293457,0.000999987125396729,7.02867031097412],"velocity":[2.12450504302979,0.0,-12.3152866363525],"yaw":-0.350000083446503},"tick":196,"time_ms":11455}
S04 {"contacts":0,"event":"solver_sample","phase":"solver_entry_prior_interval","sequence":15,"state":{"position":[15.2288694381714,0.000999987125396729,6.82155704498291],"velocity":[2.4023003578186,0.0,-12.4267911911011],"yaw":-0.375000059604645},"tick":197,"time_ms":11470}
S04 {"contacts":0,"event":"solver_sample","phase":"solver_entry_prior_interval","sequence":16,"state":{"position":[15.273720741272,0.000999987125396729,6.61275625228882],"velocity":[2.69108247756958,0.0,-12.52805519104],"yaw":-0.400000125169754},"tick":198,"time_ms":11486}
S04 {"contacts":0,"event":"solver_sample","phase":"solver_entry_prior_interval","sequence":17,"state":{"position":[15.3235540390015,0.000999987125396729,6.40244293212891],"velocity":[2.99002075195313,0.0,-12.6188058853149],"yaw":-0.425000101327896},"tick":199,"time_ms":11502}
S04 {"contacts":0,"event":"solver_sample","phase":"solver_entry_prior_interval","sequence":18,"state":{"position":[15.3785257339478,0.000999987125396729,6.19079637527466],"velocity":[3.29832911491394,0.0,-12.6988010406494],"yaw":-0.450000166893005},"tick":200,"time_ms":11517}
S04 {"contacts":0,"event":"solver_sample","phase":"solver_entry_prior_interval","sequence":19,"state":{"position":[15.4387798309326,0.000999987125396729,5.97799921035767],"velocity":[3.61525774002075,0.0,-12.7678174972534],"yaw":-0.47500017285347},"tick":201,"time_ms":11533}
S04 {"contacts":0,"event":"solver_sample","phase":"solver_entry_prior_interval","sequence":20,"state":{"position":[15.5044479370117,0.000999987125396729,5.76423835754395],"velocity":[3.94009304046631,0.0,-12.8256616592407],"yaw":-0.50000011920929},"tick":202,"time_ms":11564}
S04 {"contacts":0,"event":"solver_sample","phase":"solver_entry_prior_interval","sequence":21,"state":{"position":[15.5756502151489,0.000999987125396729,5.54970264434814],"velocity":[4.2721529006958,0.0,-12.8721542358398],"yaw":-0.525000154972076},"tick":203,"time_ms":11570}
S04 {"contacts":0,"event":"solver_sample","phase":"solver_entry_prior_interval","sequence":22,"state":{"position":[15.6524963378906,0.000999987125396729,5.33458375930786],"velocity":[4.61078310012817,0.0,-12.9071388244629],"yaw":-0.550000190734863},"tick":204,"time_ms":11595}
S04 {"contacts":0,"event":"solver_sample","phase":"solver_entry_prior_interval","sequence":23,"state":{"position":[15.7350854873657,0.000999987125396729,5.11907577514648],"velocity":[4.95535659790039,0.0,-12.9304752349854],"yaw":-0.57500022649765},"tick":205,"time_ms":11610}
S04 {"contacts":0,"event":"solver_sample","phase":"solver_entry_prior_interval","sequence":24,"state":{"position":[15.8235063552856,0.000999987125396729,4.90337514877319],"velocity":[5.30526876449585,0.0,-12.9420394897461],"yaw":-0.600000202655792},"tick":206,"time_ms":11626}
S04 {"contacts":0,"event":"solver_sample","phase":"solver_entry_prior_interval","sequence":25,"state":{"position":[15.917839050293,0.000999987125396729,4.68767976760864],"velocity":[5.65993785858154,0.0,-12.9417219161987],"yaw":-0.625000238418579},"tick":207,"time_ms":11642}
S04 {"contacts":0,"event":"solver_sample","phase":"solver_entry_prior_interval","sequence":26,"state":{"position":[16.0181522369385,0.000999987125396729,4.47218942642212],"velocity":[6.01880025863647,0.0,-12.9294290542603],"yaw":-0.650000214576721},"tick":208,"time_ms":11657}
S04 {"contacts":0,"event":"solver_sample","phase":"solver_entry_prior_interval","sequence":27,"state":{"position":[16.1245079040527,0.000999987125396729,4.25710487365723],"velocity":[6.38130950927734,0.0,-12.9050779342651],"yaw":-0.675000190734863},"tick":209,"time_ms":11672}
S04 {"contacts":0,"event":"solver_sample","phase":"solver_entry_prior_interval","sequence":28,"state":{"position":[16.2369575500488,0.000999987125396729,4.04262828826904],"velocity":[6.74693584442139,0.0,-12.8686008453369],"yaw":-0.700000286102295},"tick":210,"time_ms":11688}
S04 {"contacts":0,"event":"solver_sample","phase":"solver_entry_prior_interval","sequence":29,"state":{"position":[16.3555431365967,0.000999987125396729,3.82896256446838],"velocity":[7.11516284942627,0.0,-12.819938659668],"yaw":-0.725000202655792},"tick":211,"time_ms":11703}
S04 {"contacts":0,"event":"solver_sample","phase":"solver_entry_prior_interval","sequence":30,"state":{"position":[16.4803009033203,0.000999987125396729,3.61631178855896],"velocity":[7.48548698425293,0.0,-12.7590484619141],"yaw":-0.750000298023224},"tick":212,"time_ms":11719}
S04 {"contacts":0,"event":"solver_sample","phase":"solver_entry_prior_interval","sequence":31,"state":{"position":[16.6112575531006,0.000999987125396729,3.40488004684448],"velocity":[7.85742044448853,0.0,-12.6858968734741],"yaw":-0.775000333786011},"tick":213,"time_ms":11734}
S04 {"contacts":0,"event":"solver_sample","phase":"solver_entry_prior_interval","sequence":32,"state":{"position":[16.7484321594238,0.000999987125396729,3.19487237930298],"velocity":[8.23048114776611,0.0,-12.6004619598389],"yaw":-0.800000190734863},"tick":214,"time_ms":11750}
S04 {"contacts":0,"event":"solver_sample","phase":"solver_entry_prior_interval","sequence":33,"state":{"position":[16.8918361663818,0.000999987125396729,2.9864935874939],"velocity":[8.60419940948486,0.0,-12.5027313232422],"yaw":-0.825000286102295},"tick":215,"time_ms":11765}
S04 {"contacts":0,"event":"solver_sample","phase":"solver_entry_prior_interval","sequence":34,"state":{"position":[17.0414714813232,0.000999987125396729,2.77994847297668],"velocity":[8.97811412811279,0.0,-12.3927049636841],"yaw":-0.850000262260437},"tick":216,"time_ms":11781}
S04 {"contacts":0,"event":"solver_sample","phase":"solver_entry_prior_interval","sequence":35,"state":{"position":[17.1973342895508,0.000999987125396729,2.57544183731079],"velocity":[9.35177326202393,0.0,-12.270393371582],"yaw":-0.875000357627869},"tick":217,"time_ms":11812}
S04 {"contacts":0,"event":"solver_sample","phase":"solver_entry_prior_interval","sequence":36,"state":{"position":[17.3594131469727,0.000999987125396729,2.37317824363709],"velocity":[9.72473430633545,0.0,-12.135814666748],"yaw":-0.900000333786011},"tick":218,"time_ms":11828}
S04 {"contacts":0,"event":"solver_sample","phase":"solver_entry_prior_interval","sequence":37,"state":{"position":[17.5276889801025,0.000999987125396729,2.1733615398407],"velocity":[10.0965585708618,0.0,-11.9890012741089],"yaw":-0.925000369548798},"tick":219,"time_ms":11844}
S04 {"contacts":0,"event":"solver_sample","phase":"solver_entry_prior_interval","sequence":38,"state":{"position":[17.7021350860596,0.000999987125396729,1.97619497776031],"velocity":[10.466817855835,0.0,-11.8299942016602],"yaw":-0.95000034570694},"tick":220,"time_ms":11859}
S04 {"contacts":0,"event":"solver_sample","phase":"solver_entry_prior_interval","sequence":39,"state":{"position":[17.882719039917,0.000999987125396729,1.78188097476959],"velocity":[10.8350868225098,0.0,-11.658842086792],"yaw":-0.975000381469727},"tick":221,"time_ms":11875}
S04 {"contacts":0,"event":"solver_sample","phase":"solver_entry_prior_interval","sequence":40,"state":{"position":[18.0694007873535,0.000999987125396729,1.59062087535858],"velocity":[11.2009496688843,0.0,-11.475606918335],"yaw":-1.00000035762787},"tick":222,"time_ms":11890}
S04 {"contacts":0,"event":"solver_sample","phase":"solver_entry_prior_interval","sequence":41,"state":{"position":[18.262134552002,0.000999987125396729,1.40261483192444],"velocity":[11.5639953613281,0.0,-11.2803592681885],"yaw":-1.02500033378601},"tick":223,"time_ms":11906}
S04 {"contacts":0,"event":"solver_sample","phase":"solver_entry_prior_interval","sequence":42,"state":{"position":[18.460865020752,0.000999987125396729,1.21806180477142],"velocity":[11.9238185882568,0.0,-11.0731792449951],"yaw":-1.05000042915344},"tick":224,"time_ms":11921}
S04 {"contacts":0,"event":"solver_sample","phase":"solver_entry_prior_interval","sequence":43,"state":{"position":[18.6655311584473,0.000999987125396729,1.03715920448303],"velocity":[12.2800197601318,0.0,-10.8541584014893],"yaw":-1.07500040531158},"tick":225,"time_ms":11936}
S04 {"contacts":0,"event":"solver_sample","phase":"solver_entry_prior_interval","sequence":44,"state":{"position":[18.8760681152344,0.000999987125396729,0.860102534294128],"velocity":[12.6322069168091,0.0,-10.6233978271484],"yaw":-1.10000038146973},"tick":226,"time_ms":11952}
S04 {"contacts":0,"event":"solver_sample","phase":"solver_entry_prior_interval","sequence":45,"state":{"position":[19.0924015045166,0.000999987125396729,0.687085747718811],"velocity":[12.9799890518188,0.0,-10.381007194519],"yaw":-1.12500059604645},"tick":227,"time_ms":11968}
S04 {"contacts":0,"event":"solver_sample","phase":"solver_entry_prior_interval","sequence":46,"state":{"position":[19.3144512176514,0.000999987125396729,0.518300652503967],"velocity":[13.3229875564575,0.0,-10.1271066665649],"yaw":-1.15000057220459},"tick":228,"time_ms":11983}
S04 {"contacts":0,"event":"solver_sample","phase":"solver_entry_prior_interval","sequence":47,"state":{"position":[19.5421314239502,0.000999987125396729,0.353936851024628],"velocity":[13.6608247756958,0.0,-9.86182689666748],"yaw":-1.17500066757202},"tick":229,"time_ms":12000}
S04 {"contacts":0,"event":"solver_sample","phase":"solver_entry_prior_interval","sequence":48,"state":{"position":[19.7753505706787,0.000999987125396729,0.194181725382805],"velocity":[13.9931259155273,0.0,-9.58530712127686],"yaw":-1.20000052452087},"tick":230,"time_ms":12031}
S04 {"contacts":0,"event":"solver_sample","phase":"solver_entry_prior_interval","sequence":49,"state":{"position":[20.014009475708,0.000999987125396729,0.0392200946807861],"velocity":[14.3195276260376,0.0,-9.29769706726074],"yaw":-1.22500061988831},"tick":231,"time_ms":12046}
S04 {"contacts":0,"event":"solver_sample","phase":"solver_entry_prior_interval","sequence":50,"state":{"position":[20.2580032348633,0.000999987125396729,-0.110765844583511],"velocity":[14.6396684646606,0.0,-8.99915599822998],"yaw":-1.25000047683716},"tick":232,"time_ms":12061}
S04 {"contacts":0,"event":"solver_sample","phase":"solver_entry_prior_interval","sequence":51,"state":{"position":[20.5072231292725,0.000999987125396729,-0.255596727132797],"velocity":[14.9531927108765,0.0,-8.68985271453857],"yaw":-1.27500057220459},"tick":233,"time_ms":12076}
S04 {"contacts":0,"event":"solver_sample","phase":"solver_entry_prior_interval","sequence":52,"state":{"position":[20.7615528106689,0.000999987125396729,-0.395096182823181],"velocity":[15.2597570419312,0.0,-8.36996650695801],"yaw":-1.30000078678131},"tick":234,"time_ms":12091}
S04 {"contacts":0,"event":"solver_sample","phase":"solver_entry_prior_interval","sequence":53,"state":{"position":[21.0208702087402,0.000999987125396729,-0.529090881347656],"velocity":[15.5590143203735,0.0,-8.03968143463135],"yaw":-1.32500088214874},"tick":235,"time_ms":12107}
S04 {"contacts":0,"event":"solver_sample","phase":"solver_entry_prior_interval","sequence":54,"state":{"position":[21.2850475311279,0.000999987125396729,-0.657410800457001],"velocity":[15.8506298065186,0.0,-7.69919586181641],"yaw":-1.35000085830688},"tick":236,"time_ms":12122}
S04 {"contacts":0,"event":"solver_sample","phase":"solver_entry_prior_interval","sequence":55,"state":{"position":[21.5539512634277,0.000999987125396729,-0.779889404773712],"velocity":[16.1342735290527,0.0,-7.34871673583984],"yaw":-1.37500095367432},"tick":237,"time_ms":12138}
S04 {"contacts":0,"event":"solver_sample","phase":"solver_entry_prior_interval","sequence":56,"state":{"position":[21.8274440765381,0.000999987125396729,-0.896363735198975],"velocity":[16.4096221923828,0.0,-6.98845863342285],"yaw":-1.40000092983246},"tick":238,"time_ms":12154}
S04 {"contacts":0,"event":"solver_sample","phase":"solver_entry_prior_interval","sequence":57,"state":{"position":[22.1053829193115,0.000999987125396729,-1.00667452812195],"velocity":[16.6763591766357,0.0,-6.61864471435547],"yaw":-1.42500102519989},"tick":239,"time_ms":12170}
S04 {"contacts":0,"event":"solver_sample","phase":"solver_entry_prior_interval","sequence":58,"state":{"position":[22.3876190185547,0.000999987125396729,-1.11066627502441],"velocity":[16.934175491333,0.0,-6.2395076751709],"yaw":-1.45000100135803},"tick":240,"time_ms":12186}
S04 {"body":"Dynamic","case":"turning","event":"body_case","extent_m":13.3425569534302,"state":{"position":[22.3876190185547,0.000999987125396729,-1.11066627502441],"velocity":[17.182767868042,0.0,-5.85128974914551],"yaw":-1.45000100135803},"time_ms":12189}
S04 {"contacts":0,"event":"solver_sample","phase":"solver_entry_prior_interval","sequence":59,"state":{"position":[15.0833330154419,0.000999987125396729,9.91666698455811],"velocity":[5.0,0.0,-5.0],"yaw":0.0},"tick":241,"time_ms":12202}
S04 {"contacts":0,"event":"solver_sample","phase":"solver_entry_prior_interval","sequence":60,"state":{"position":[15.158332824707,0.000999987125396729,9.83444499969482],"velocity":[4.5,0.0,-4.93333339691162],"yaw":0.0},"tick":242,"time_ms":12218}
S04 {"contacts":0,"event":"solver_sample","phase":"solver_entry_prior_interval","sequence":1,"state":{"position":[15.2258329391479,0.000999987125396729,9.75333404541016],"velocity":[4.05000019073486,0.0,-4.86666679382324],"yaw":0.0},"tick":243,"time_ms":12234}
S04 {"contacts":0,"event":"solver_sample","phase":"solver_entry_prior_interval","sequence":2,"state":{"position":[15.2865829467773,0.000999987125396729,9.6733341217041],"velocity":[3.64500021934509,0.0,-4.80000019073486],"yaw":0.0},"tick":244,"time_ms":12250}
S04 {"contacts":0,"event":"solver_sample","phase":"solver_entry_prior_interval","sequence":3,"state":{"position":[15.3412580490112,0.000999987125396729,9.59444522857666],"velocity":[3.28050017356873,0.0,-4.73333358764648],"yaw":0.0},"tick":245,"time_ms":12265}
S04 {"contacts":0,"event":"solver_sample","phase":"solver_entry_prior_interval","sequence":4,"state":{"position":[15.3904657363892,0.000999987125396729,9.51666736602783],"velocity":[2.95245003700256,0.0,-4.66666698455811],"yaw":0.0},"tick":246,"time_ms":12280}
S04 {"contacts":0,"event":"solver_sample","phase":"solver_entry_prior_interval","sequence":5,"state":{"position":[15.4347524642944,0.000999987125396729,9.44000053405762],"velocity":[2.65720510482788,0.0,-4.60000038146973],"yaw":0.0},"tick":247,"time_ms":12296}
S04 {"contacts":0,"event":"solver_sample","phase":"solver_entry_prior_interval","sequence":6,"state":{"position":[15.4746103286743,0.000999987125396729,9.36444473266602],"velocity":[2.39148449897766,0.0,-4.53333377838135],"yaw":0.0},"tick":248,"time_ms":12327}
S04 {"contacts":0,"event":"solver_sample","phase":"solver_entry_prior_interval","sequence":7,"state":{"position":[15.5104827880859,0.000999987125396729,9.28999996185303],"velocity":[2.15233612060547,0.0,-4.46666717529297],"yaw":0.0},"tick":249,"time_ms":12343}
S04 {"contacts":0,"event":"solver_sample","phase":"solver_entry_prior_interval","sequence":8,"state":{"position":[15.5427675247192,0.000999987125396729,9.21666622161865],"velocity":[1.93710255622864,0.0,-4.40000057220459],"yaw":0.0},"tick":250,"time_ms":12358}
S04 {"contacts":0,"event":"solver_sample","phase":"solver_entry_prior_interval","sequence":9,"state":{"position":[15.5718240737915,0.000999987125396729,9.14444351196289],"velocity":[1.74339234828949,0.0,-4.33333396911621],"yaw":0.0},"tick":251,"time_ms":12373}
S04 {"contacts":0,"event":"solver_sample","phase":"solver_entry_prior_interval","sequence":10,"state":{"position":[15.5979747772217,0.000999987125396729,9.07333278656006],"velocity":[1.5690530538559,0.0,-4.26666736602783],"yaw":0.0},"tick":252,"time_ms":12389}
S04 {"contacts":0,"event":"solver_sample","phase":"solver_entry_prior_interval","sequence":11,"state":{"position":[15.6215105056763,0.000999987125396729,9.00333309173584],"velocity":[1.41214776039124,0.0,-4.20000076293945],"yaw":0.0},"tick":253,"time_ms":12405}
S04 {"contacts":0,"event":"solver_sample","phase":"solver_entry_prior_interval","sequence":12,"state":{"position":[15.642692565918,0.000999987125396729,8.93444442749023],"velocity":[1.27093303203583,0.0,-4.13333415985107],"yaw":0.0},"tick":254,"time_ms":12421}
S04 {"contacts":0,"event":"solver_sample","phase":"solver_entry_prior_interval","sequence":13,"state":{"position":[15.6617565155029,0.000999987125396729,8.86666679382324],"velocity":[1.14383971691132,0.0,-4.0666675567627],"yaw":0.0},"tick":255,"time_ms":12437}
S04 {"contacts":0,"event":"solver_sample","phase":"solver_entry_prior_interval","sequence":14,"state":{"position":[15.6789140701294,0.000999987125396729,8.80000019073486],"velocity":[1.02945578098297,0.0,-4.00000095367432],"yaw":0.0},"tick":256,"time_ms":12452}
S04 {"contacts":0,"event":"solver_sample","phase":"solver_entry_prior_interval","sequence":15,"state":{"position":[15.6943559646606,0.000999987125396729,8.7344446182251],"velocity":[0.926510214805603,0.0,-3.93333435058594],"yaw":0.0},"tick":257,"time_ms":12483}
S04 {"contacts":0,"event":"solver_sample","phase":"solver_entry_prior_interval","sequence":16,"state":{"position":[15.7082538604736,0.000999987125396729,8.67000007629395],"velocity":[0.833859205245972,0.0,-3.86666774749756],"yaw":0.0},"tick":258,"time_ms":12500}
S04 {"contacts":0,"event":"solver_sample","phase":"solver_entry_prior_interval","sequence":17,"state":{"position":[15.7207612991333,0.000999987125396729,8.60666656494141],"velocity":[0.750473260879517,0.0,-3.80000114440918],"yaw":0.0},"tick":259,"time_ms":12516}
S04 {"contacts":0,"event":"solver_sample","phase":"solver_entry_prior_interval","sequence":18,"state":{"position":[15.7320184707642,0.000999987125396729,8.54444408416748],"velocity":[0.675425946712494,0.0,-3.7333345413208],"yaw":0.0},"tick":260,"time_ms":12531}
S04 {"contacts":0,"event":"solver_sample","phase":"solver_entry_prior_interval","sequence":19,"state":{"position":[15.7421503067017,0.000999987125396729,8.48333263397217],"velocity":[0.607883334159851,0.0,-3.66666793823242],"yaw":0.0},"tick":261,"time_ms":12546}
S04 {"contacts":0,"event":"solver_sample","phase":"solver_entry_prior_interval","sequence":20,"state":{"position":[15.7512683868408,0.000999987125396729,8.42333221435547],"velocity":[0.547095000743866,0.0,-3.60000133514404],"yaw":0.0},"tick":262,"time_ms":12562}
S04 {"contacts":0,"event":"solver_sample","phase":"solver_entry_prior_interval","sequence":21,"state":{"position":[15.7594747543335,0.000999987125396729,8.36444282531738],"velocity":[0.492385506629944,0.0,-3.53333473205566],"yaw":0.0},"tick":263,"time_ms":12578}
S04 {"contacts":0,"event":"solver_sample","phase":"solver_entry_prior_interval","sequence":22,"state":{"position":[15.7668609619141,0.000999987125396729,8.30666542053223],"velocity":[0.443146944046021,0.0,-3.46666812896729],"yaw":0.0},"tick":264,"time_ms":12594}
S04 {"contacts":0,"event":"solver_sample","phase":"solver_entry_prior_interval","sequence":23,"state":{"position":[15.7735080718994,0.000999987125396729,8.24999904632568],"velocity":[0.398832261562347,0.0,-3.40000152587891],"yaw":0.0},"tick":265,"time_ms":12604}
S04 {"contacts":0,"event":"solver_sample","phase":"solver_entry_prior_interval","sequence":24,"state":{"position":[15.7794904708862,0.000999987125396729,8.19444370269775],"velocity":[0.358949035406113,0.0,-3.33333492279053],"yaw":0.0},"tick":266,"time_ms":12625}
S04 {"contacts":0,"event":"solver_sample","phase":"solver_entry_prior_interval","sequence":25,"state":{"position":[15.7848749160767,0.000999987125396729,8.13999938964844],"velocity":[0.323054134845734,0.0,-3.26666831970215],"yaw":0.0},"tick":267,"time_ms":12640}
S04 {"contacts":0,"event":"solver_sample","phase":"solver_entry_prior_interval","sequence":26,"state":{"position":[15.7897205352783,0.000999987125396729,8.08666610717773],"velocity":[0.290748715400696,0.0,-3.20000171661377],"yaw":0.0},"tick":268,"time_ms":12656}
S04 {"contacts":0,"event":"solver_sample","phase":"solver_entry_prior_interval","sequence":27,"state":{"position":[15.7940816879272,0.000999987125396729,8.03444385528564],"velocity":[0.261673837900162,0.0,-3.13333511352539],"yaw":0.0},"tick":269,"time_ms":12670}
S04 {"contacts":0,"event":"solver_sample","phase":"solver_entry_prior_interval","sequence":28,"state":{"position":[15.7980070114136,0.000999987125396729,7.98333263397217],"velocity":[0.23550646007061,0.0,-3.06666851043701],"yaw":0.0},"tick":270,"time_ms":12686}
S04 {"contacts":0,"event":"solver_sample","phase":"solver_entry_prior_interval","sequence":29,"state":{"position":[15.0833330154419,0.000999987125396729,9.91666698455811],"velocity":[5.0,0.0,-5.0],"yaw":0.0},"tick":271,"time_ms":12702}
S04 {"contacts":0,"event":"solver_sample","phase":"solver_entry_prior_interval","sequence":30,"state":{"position":[15.158332824707,0.000999987125396729,9.83444499969482],"velocity":[4.5,0.0,-4.93333339691162],"yaw":0.0},"tick":272,"time_ms":12718}
S04 {"contacts":0,"event":"solver_sample","phase":"solver_entry_prior_interval","sequence":1,"state":{"position":[15.230788230896,0.000999987125396729,9.75366592407227],"velocity":[4.34730863571167,0.0,-4.8467173576355],"yaw":0.0},"tick":273,"time_ms":12734}
S04 {"contacts":0,"event":"solver_sample","phase":"solver_entry_prior_interval","sequence":2,"state":{"position":[15.3007287979126,0.000999987125396729,9.6743688583374],"velocity":[4.19646072387695,0.0,-4.75783729553223],"yaw":0.0},"tick":274,"time_ms":12749}
S04 {"contacts":0,"event":"solver_sample","phase":"solver_entry_prior_interval","sequence":3,"state":{"position":[15.3681869506836,0.000999987125396729,9.59659004211426],"velocity":[4.04748821258545,0.0,-4.66671514511108],"yaw":0.0},"tick":275,"time_ms":12780}
S04 {"contacts":0,"event":"solver_sample","phase":"solver_entry_prior_interval","sequence":4,"state":{"position":[15.4331941604614,0.000999987125396729,9.52036762237549],"velocity":[3.9004225730896,0.0,-4.57337236404419],"yaw":0.0},"tick":276,"time_ms":12795}
S04 {"contacts":0,"event":"solver_sample","phase":"solver_entry_prior_interval","sequence":5,"state":{"position":[15.4957828521729,0.000999987125396729,9.4457368850708],"velocity":[3.75529336929321,0.0,-4.47783374786377],"yaw":0.0},"tick":277,"time_ms":12810}
S04 {"contacts":0,"event":"solver_sample","phase":"solver_entry_prior_interval","sequence":6,"state":{"position":[15.5559854507446,0.000999987125396729,9.37273502349854],"velocity":[3.6121289730072,0.0,-4.38012504577637],"yaw":0.0},"tick":278,"time_ms":12827}
S04 {"contacts":0,"event":"solver_sample","phase":"solver_entry_prior_interval","sequence":7,"state":{"position":[15.6138343811035,0.000999987125396729,9.3013973236084],"velocity":[3.47095584869385,0.0,-4.28027439117432],"yaw":0.0},"tick":279,"time_ms":12842}
S04 {"contacts":0,"event":"solver_sample","phase":"solver_entry_prior_interval","sequence":8,"state":{"position":[15.6693639755249,0.000999987125396729,9.2317590713501],"velocity":[3.33179926872253,0.0,-4.17830896377563],"yaw":0.0},"tick":280,"time_ms":12858}
S04 {"contacts":0,"event":"solver_sample","phase":"solver_entry_prior_interval","sequence":9,"state":{"position":[15.7226085662842,0.000999987125396729,9.16385459899902],"velocity":[3.19468140602112,0.0,-4.07425832748413],"yaw":0.0},"tick":281,"time_ms":12873}
S04 {"contacts":0,"event":"solver_sample","phase":"solver_entry_prior_interval","sequence":10,"state":{"position":[15.7736024856567,0.000999987125396729,9.09771919250488],"velocity":[3.05962491035461,0.0,-3.96815299987793],"yaw":0.0},"tick":282,"time_ms":12889}
S04 {"contacts":0,"event":"solver_sample","phase":"solver_entry_prior_interval","sequence":11,"state":{"position":[15.822380065918,0.000999987125396729,9.03338527679443],"velocity":[2.92664957046509,0.0,-3.86002564430237],"yaw":0.0},"tick":283,"time_ms":12905}
S04 {"contacts":0,"event":"solver_sample","phase":"solver_entry_prior_interval","sequence":12,"state":{"position":[15.8689765930176,0.000999987125396729,8.97088718414307],"velocity":[2.79577350616455,0.0,-3.7499086856842],"yaw":0.0},"tick":284,"time_ms":12921}
S04 {"contacts":0,"event":"solver_sample","phase":"solver_entry_prior_interval","sequence":13,"state":{"position":[15.913426399231,0.000999987125396729,8.91025638580322],"velocity":[2.66701316833496,0.0,-3.63783574104309],"yaw":0.0},"tick":285,"time_ms":12937}
S04 {"contacts":0,"event":"solver_sample","phase":"solver_entry_prior_interval","sequence":14,"state":{"position":[15.9557657241821,0.000999987125396729,8.85152530670166],"velocity":[2.54038286209106,0.0,-3.52384161949158],"yaw":0.0},"tick":286,"time_ms":12952}
S04 {"contacts":0,"event":"solver_sample","phase":"solver_entry_prior_interval","sequence":15,"state":{"position":[15.9960308074951,0.000999987125396729,8.79472637176514],"velocity":[2.41589641571045,0.0,-3.40796208381653],"yaw":0.0},"tick":287,"time_ms":12967}
S04 {"contacts":0,"event":"solver_sample","phase":"solver_entry_prior_interval","sequence":16,"state":{"position":[16.0342559814453,0.000999987125396729,8.73988914489746],"velocity":[2.29356455802917,0.0,-3.29023289680481],"yaw":0.0},"tick":288,"time_ms":12983}
S04 {"contacts":0,"event":"solver_sample","phase":"solver_entry_prior_interval","sequence":17,"state":{"position":[16.0704784393311,0.000999987125396729,8.68704414367676],"velocity":[2.17339682579041,0.0,-3.17069101333618],"yaw":0.0},"tick":289,"time_ms":12999}
S04 {"contacts":0,"event":"solver_sample","phase":"solver_entry_prior_interval","sequence":18,"state":{"position":[16.1047344207764,0.000999987125396729,8.63622093200684],"velocity":[2.05540084838867,0.0,-3.04937386512756],"yaw":0.0},"tick":290,"time_ms":13030}
S04 {"contacts":0,"event":"solver_sample","phase":"solver_entry_prior_interval","sequence":19,"state":{"position":[16.1370601654053,0.000999987125396729,8.5874490737915],"velocity":[1.93958294391632,0.0,-2.92631936073303],"yaw":0.0},"tick":291,"time_ms":13045}
S04 {"contacts":0,"event":"solver_sample","phase":"solver_entry_prior_interval","sequence":20,"state":{"position":[16.1674919128418,0.000999987125396729,8.54075622558594],"velocity":[1.82594752311707,0.0,-2.80156588554382],"yaw":0.0},"tick":292,"time_ms":13061}
S04 {"contacts":0,"event":"solver_sample","phase":"solver_entry_prior_interval","sequence":21,"state":{"position":[16.1960678100586,0.000999987125396729,8.49617004394531],"velocity":[1.71449685096741,0.0,-2.67515230178833],"yaw":0.0},"tick":293,"time_ms":13077}
S04 {"contacts":0,"event":"solver_sample","phase":"solver_entry_prior_interval","sequence":22,"state":{"position":[16.2228221893311,0.000999987125396729,8.4537181854248],"velocity":[1.60523235797882,0.0,-2.54711723327637],"yaw":0.0},"tick":294,"time_ms":13093}
S04 {"contacts":0,"event":"solver_sample","phase":"solver_entry_prior_interval","sequence":23,"state":{"position":[16.2477912902832,0.000999987125396729,8.41342639923096],"velocity":[1.49815356731415,0.0,-2.41750073432922],"yaw":0.0},"tick":295,"time_ms":13109}
S04 {"contacts":0,"event":"solver_sample","phase":"solver_entry_prior_interval","sequence":24,"state":{"position":[16.2710113525391,0.000999987125396729,8.37532043457031],"velocity":[1.3932580947876,0.0,-2.28634166717529],"yaw":0.0},"tick":296,"time_ms":13125}
S04 {"contacts":0,"event":"solver_sample","phase":"solver_entry_prior_interval","sequence":25,"state":{"position":[16.2925205230713,0.000999987125396729,8.33942604064941],"velocity":[1.2905421257019,0.0,-2.15367913246155],"yaw":0.0},"tick":297,"time_ms":13140}
S04 {"contacts":0,"event":"solver_sample","phase":"solver_entry_prior_interval","sequence":26,"state":{"position":[16.3123531341553,0.000999987125396729,8.30576705932617],"velocity":[1.19000053405762,0.0,-2.0195529460907],"yaw":0.0},"tick":298,"time_ms":13156}
S04 {"contacts":0,"event":"solver_sample","phase":"solver_entry_prior_interval","sequence":27,"state":{"position":[16.3305473327637,0.000999987125396729,8.2743673324585],"velocity":[1.09162676334381,0.0,-1.8840024471283],"yaw":0.0},"tick":299,"time_ms":13171}
S04 {"contacts":0,"event":"solver_sample","phase":"solver_entry_prior_interval","sequence":28,"state":{"position":[16.3471374511719,0.000999987125396729,8.24524974822998],"velocity":[0.995412170886993,0.0,-1.74706661701202],"yaw":0.0},"tick":300,"time_ms":13186}
S04 {"body":"Dynamic","case":"slide","event":"body_case","handbrake_lateral_mps":0.901347637176514,"handbrake_slip_share":0.488779987425363,"ordinary_lateral_mps":0.211955815553665,"ordinary_slip_share":0.0704762144286248,"time_ms":13189}
S04 {"contacts":0,"event":"solver_sample","phase":"solver_entry_prior_interval","sequence":29,"state":{"position":[0.0,0.000999987125396729,-10.0],"velocity":[0.0,0.0,0.0],"yaw":0.0},"tick":301,"time_ms":13202}
S04 {"contacts":0,"event":"solver_sample","phase":"solver_entry_prior_interval","sequence":30,"state":{"position":[0.0,0.000999987125396729,-10.0],"velocity":[0.0,0.0,0.0],"yaw":0.0},"tick":302,"time_ms":13218}
S04 {"contacts":0,"event":"solver_sample","phase":"solver_entry_prior_interval","sequence":1,"state":{"position":[0.0,0.000999987125396729,-10.0033330917358],"velocity":[0.0,0.0,-0.200000017881393],"yaw":0.0},"tick":303,"time_ms":13233}
S04 {"contacts":0,"event":"solver_sample","phase":"solver_entry_prior_interval","sequence":2,"state":{"position":[0.0,0.000999987125396729,-10.0100002288818],"velocity":[0.0,0.0,-0.400000035762787],"yaw":0.0},"tick":304,"time_ms":13249}
S04 {"contacts":0,"event":"solver_sample","phase":"solver_entry_prior_interval","sequence":3,"state":{"position":[0.0,0.000999987125396729,-10.0200004577637],"velocity":[0.0,0.0,-0.600000023841858],"yaw":0.0},"tick":305,"time_ms":13264}
S04 {"contacts":0,"event":"solver_sample","phase":"solver_entry_prior_interval","sequence":4,"state":{"position":[0.0,0.000999987125396729,-10.0333337783813],"velocity":[0.0,0.0,-0.800000011920929],"yaw":0.0},"tick":306,"time_ms":13279}
S04 {"contacts":0,"event":"solver_sample","phase":"solver_entry_prior_interval","sequence":5,"state":{"position":[0.0,0.000999987125396729,-10.0500001907349],"velocity":[0.0,0.0,-1.0],"yaw":0.0},"tick":307,"time_ms":13309}
S04 {"contacts":0,"event":"solver_sample","phase":"solver_entry_prior_interval","sequence":6,"state":{"position":[0.0,0.000999987125396729,-10.0700006484985],"velocity":[0.0,0.0,-1.20000004768372],"yaw":0.0},"tick":308,"time_ms":13326}
S04 {"contacts":0,"event":"solver_sample","phase":"solver_entry_prior_interval","sequence":7,"state":{"position":[0.0,0.000999987125396729,-10.093334197998],"velocity":[0.0,0.0,-1.40000009536743],"yaw":0.0},"tick":309,"time_ms":13342}
S04 {"contacts":0,"event":"solver_sample","phase":"solver_entry_prior_interval","sequence":8,"state":{"position":[0.0,0.000999987125396729,-10.1200008392334],"velocity":[0.0,0.0,-1.60000014305115],"yaw":0.0},"tick":310,"time_ms":13357}
S04 {"contacts":0,"event":"solver_sample","phase":"solver_entry_prior_interval","sequence":9,"state":{"position":[0.0,0.000999987125396729,-10.1500005722046],"velocity":[0.0,0.0,-1.80000019073486],"yaw":0.0},"tick":311,"time_ms":13373}
S04 {"contacts":0,"event":"solver_sample","phase":"solver_entry_prior_interval","sequence":10,"state":{"position":[0.0,0.000999987125396729,-10.1833343505859],"velocity":[0.0,0.0,-2.00000023841858],"yaw":0.0},"tick":312,"time_ms":13389}
S04 {"contacts":0,"event":"solver_sample","phase":"solver_entry_prior_interval","sequence":11,"state":{"position":[0.0,0.000999987125396729,-10.2200012207031],"velocity":[0.0,0.0,-2.20000028610229],"yaw":0.0},"tick":313,"time_ms":13420}
S04 {"contacts":0,"event":"solver_sample","phase":"solver_entry_prior_interval","sequence":12,"state":{"position":[0.0,0.000999987125396729,-10.2600011825562],"velocity":[0.0,0.0,-2.40000033378601],"yaw":0.0},"tick":314,"time_ms":13437}
S04 {"contacts":0,"event":"solver_sample","phase":"solver_entry_prior_interval","sequence":13,"state":{"position":[0.0,0.000999987125396729,-10.303334236145],"velocity":[0.0,0.0,-2.60000038146973],"yaw":0.0},"tick":315,"time_ms":13452}
S04 {"contacts":0,"event":"solver_sample","phase":"solver_entry_prior_interval","sequence":14,"state":{"position":[0.0,0.000999987125396729,-10.350001335144],"velocity":[0.0,0.0,-2.80000042915344],"yaw":0.0},"tick":316,"time_ms":13468}
S04 {"contacts":0,"event":"solver_sample","phase":"solver_entry_prior_interval","sequence":15,"state":{"position":[0.0,0.000999987125396729,-10.4000015258789],"velocity":[0.0,0.0,-3.00000047683716],"yaw":0.0},"tick":317,"time_ms":13484}
S04 {"contacts":0,"event":"solver_sample","phase":"solver_entry_prior_interval","sequence":16,"state":{"position":[0.0,0.000999987125396729,-10.4533348083496],"velocity":[0.0,0.0,-3.20000052452087],"yaw":0.0},"tick":318,"time_ms":13500}
S04 {"contacts":0,"event":"solver_sample","phase":"solver_entry_prior_interval","sequence":17,"state":{"position":[0.0,0.000999987125396729,-10.5100011825562],"velocity":[0.0,0.0,-3.40000057220459],"yaw":0.0},"tick":319,"time_ms":13515}
S04 {"contacts":0,"event":"solver_sample","phase":"solver_entry_prior_interval","sequence":18,"state":{"position":[0.0,0.000999987125396729,-10.5700016021729],"velocity":[0.0,0.0,-3.60000061988831],"yaw":0.0},"tick":320,"time_ms":13530}
S04 {"contacts":0,"event":"solver_sample","phase":"solver_entry_prior_interval","sequence":19,"state":{"position":[0.0,0.000999987125396729,-10.6333351135254],"velocity":[0.0,0.0,-3.80000066757202],"yaw":0.0},"tick":321,"time_ms":13546}
S04 {"contacts":0,"event":"solver_sample","phase":"solver_entry_prior_interval","sequence":20,"state":{"position":[0.0,0.000999987125396729,-10.7000017166138],"velocity":[0.0,0.0,-4.00000047683716],"yaw":0.0},"tick":322,"time_ms":13561}
S04 {"contacts":0,"event":"solver_sample","phase":"solver_entry_prior_interval","sequence":21,"state":{"position":[0.0,0.000999987125396729,-10.770001411438],"velocity":[0.0,0.0,-4.20000028610229],"yaw":0.0},"tick":323,"time_ms":13577}
S04 {"contacts":0,"event":"solver_sample","phase":"solver_entry_prior_interval","sequence":22,"state":{"position":[0.0,0.000999987125396729,-10.8433351516724],"velocity":[0.0,0.0,-4.40000009536743],"yaw":0.0},"tick":324,"time_ms":13593}
S04 {"contacts":0,"event":"solver_sample","phase":"solver_entry_prior_interval","sequence":23,"state":{"position":[0.0,0.000999987125396729,-10.9200019836426],"velocity":[0.0,0.0,-4.59999990463257],"yaw":0.0},"tick":325,"time_ms":13609}
S04 {"contacts":0,"event":"solver_sample","phase":"solver_entry_prior_interval","sequence":24,"state":{"position":[0.0,0.000999987125396729,-11.0000019073486],"velocity":[0.0,0.0,-4.79999971389771],"yaw":0.0},"tick":326,"time_ms":13624}
S04 {"contacts":0,"event":"solver_sample","phase":"solver_entry_prior_interval","sequence":25,"state":{"position":[0.0,0.000999987125396729,-11.0833349227905],"velocity":[0.0,0.0,-4.99999952316284],"yaw":0.0},"tick":327,"time_ms":13640}
S04 {"contacts":0,"event":"solver_sample","phase":"solver_entry_prior_interval","sequence":26,"state":{"position":[0.0,0.000999987125396729,-11.1700019836426],"velocity":[0.0,0.0,-5.19999933242798],"yaw":0.0},"tick":328,"time_ms":13655}
S04 {"contacts":0,"event":"solver_sample","phase":"solver_entry_prior_interval","sequence":27,"state":{"position":[0.0,0.000999987125396729,-11.2600021362305],"velocity":[0.0,0.0,-5.39999914169312],"yaw":0.0},"tick":329,"time_ms":13670}
S04 {"contacts":0,"event":"solver_sample","phase":"solver_entry_prior_interval","sequence":28,"state":{"position":[0.0,0.000999987125396729,-11.3533353805542],"velocity":[0.0,0.0,-5.59999895095825],"yaw":0.0},"tick":330,"time_ms":13687}
S04 {"contacts":0,"event":"solver_sample","phase":"solver_entry_prior_interval","sequence":29,"state":{"position":[0.0,0.000999987125396729,-11.4500017166138],"velocity":[0.0,0.0,-5.79999876022339],"yaw":0.0},"tick":331,"time_ms":13702}
S04 {"contacts":0,"event":"solver_sample","phase":"solver_entry_prior_interval","sequence":30,"state":{"position":[0.0,0.000999987125396729,-11.5500020980835],"velocity":[0.0,0.0,-5.99999856948853],"yaw":0.0},"tick":332,"time_ms":13718}
S04 {"contacts":0,"event":"solver_sample","phase":"solver_entry_prior_interval","sequence":31,"state":{"position":[0.0,0.000999987125396729,-11.6533355712891],"velocity":[0.0,0.0,-6.19999837875366],"yaw":0.0},"tick":333,"time_ms":13733}
S04 {"contacts":0,"event":"solver_sample","phase":"solver_entry_prior_interval","sequence":32,"state":{"position":[0.0,0.000999987125396729,-11.7600021362305],"velocity":[0.0,0.0,-6.3999981880188],"yaw":0.0},"tick":334,"time_ms":13749}
S04 {"contacts":0,"event":"solver_sample","phase":"solver_entry_prior_interval","sequence":33,"state":{"position":[0.0,0.000999987125396729,-11.8700017929077],"velocity":[0.0,0.0,-6.59999799728394],"yaw":0.0},"tick":335,"time_ms":13780}
S04 {"contacts":0,"event":"solver_sample","phase":"solver_entry_prior_interval","sequence":34,"state":{"position":[0.0,0.000999987125396729,-11.9833354949951],"velocity":[0.0,0.0,-6.79999780654907],"yaw":0.0},"tick":336,"time_ms":13795}
S04 {"contacts":0,"event":"solver_sample","phase":"solver_entry_prior_interval","sequence":35,"state":{"position":[0.0,0.000999987125396729,-12.1000022888184],"velocity":[0.0,0.0,-6.99999761581421],"yaw":0.0},"tick":337,"time_ms":13810}
S04 {"contacts":0,"event":"solver_sample","phase":"solver_entry_prior_interval","sequence":36,"state":{"position":[0.0,0.000999987125396729,-12.2200021743774],"velocity":[0.0,0.0,-7.19999742507935],"yaw":0.0},"tick":338,"time_ms":13826}
S04 {"contacts":0,"event":"solver_sample","phase":"solver_entry_prior_interval","sequence":37,"state":{"position":[0.0,0.000999987125396729,-12.3433351516724],"velocity":[0.0,0.0,-7.39999723434448],"yaw":0.0},"tick":339,"time_ms":13842}
S04 {"contacts":0,"event":"solver_sample","phase":"solver_entry_prior_interval","sequence":38,"state":{"position":[0.0,0.000999987125396729,-12.4700021743774],"velocity":[0.0,0.0,-7.59999704360962],"yaw":0.0},"tick":340,"time_ms":13857}
S04 {"contacts":0,"event":"solver_sample","phase":"solver_entry_prior_interval","sequence":39,"state":{"position":[0.0,0.000999987125396729,-12.6000022888184],"velocity":[0.0,0.0,-7.79999685287476],"yaw":0.0},"tick":341,"time_ms":13873}
S04 {"contacts":0,"event":"solver_sample","phase":"solver_entry_prior_interval","sequence":40,"state":{"position":[0.0,0.000999987125396729,-12.7333354949951],"velocity":[0.0,0.0,-7.99999666213989],"yaw":0.0},"tick":342,"time_ms":13889}
S04 {"contacts":0,"event":"solver_sample","phase":"solver_entry_prior_interval","sequence":41,"state":{"position":[0.0,0.000999987125396729,-12.8700017929077],"velocity":[0.0,0.0,-8.19999694824219],"yaw":0.0},"tick":343,"time_ms":13905}
S04 {"contacts":0,"event":"solver_sample","phase":"solver_entry_prior_interval","sequence":42,"state":{"position":[0.0,0.000999987125396729,-13.0100021362305],"velocity":[0.0,0.0,-8.39999675750732],"yaw":0.0},"tick":344,"time_ms":13920}
S04 {"contacts":0,"event":"solver_sample","phase":"solver_entry_prior_interval","sequence":43,"state":{"position":[0.0,0.000999987125396729,-13.1533355712891],"velocity":[0.0,0.0,-8.59999656677246],"yaw":0.0},"tick":345,"time_ms":13936}
S04 {"contacts":0,"event":"solver_sample","phase":"solver_entry_prior_interval","sequence":44,"state":{"position":[0.0,0.000999987125396729,-13.3000020980835],"velocity":[0.0,0.0,-8.7999963760376],"yaw":0.0},"tick":346,"time_ms":13951}
S04 {"contacts":0,"event":"solver_sample","phase":"solver_entry_prior_interval","sequence":45,"state":{"position":[0.0,0.000999987125396729,-13.4500017166138],"velocity":[0.0,0.0,-8.99999618530273],"yaw":0.0},"tick":347,"time_ms":13966}
S04 {"contacts":0,"event":"solver_sample","phase":"solver_entry_prior_interval","sequence":46,"state":{"position":[0.0,0.000999987125396729,-13.6033353805542],"velocity":[0.0,0.0,-9.19999599456787],"yaw":0.0},"tick":348,"time_ms":13982}
S04 {"contacts":0,"event":"solver_sample","phase":"solver_entry_prior_interval","sequence":47,"state":{"position":[0.0,0.000999987125396729,-13.7600021362305],"velocity":[0.0,0.0,-9.39999580383301],"yaw":0.0},"tick":349,"time_ms":14014}
S04 {"contacts":0,"event":"solver_sample","phase":"solver_entry_prior_interval","sequence":48,"state":{"position":[0.0,0.000999987125396729,-13.9200019836426],"velocity":[0.0,0.0,-9.59999561309814],"yaw":0.0},"tick":350,"time_ms":14029}
S04 {"contacts":0,"event":"solver_sample","phase":"solver_entry_prior_interval","sequence":49,"state":{"position":[0.0,0.000999987125396729,-14.0833349227905],"velocity":[0.0,0.0,-9.79999542236328],"yaw":0.0},"tick":351,"time_ms":14044}
S04 {"contacts":0,"event":"solver_sample","phase":"solver_entry_prior_interval","sequence":50,"state":{"position":[0.0,0.000999987125396729,-14.2500019073486],"velocity":[0.0,0.0,-9.99999523162842],"yaw":0.0},"tick":352,"time_ms":14060}
S04 {"contacts":0,"event":"solver_sample","phase":"solver_entry_prior_interval","sequence":51,"state":{"position":[0.0,0.000999987125396729,-14.4200019836426],"velocity":[0.0,0.0,-10.1999950408936],"yaw":0.0},"tick":353,"time_ms":14075}
S04 {"contacts":0,"event":"solver_sample","phase":"solver_entry_prior_interval","sequence":52,"state":{"position":[0.0,0.000999987125396729,-14.5933351516724],"velocity":[0.0,0.0,-10.3999948501587],"yaw":0.0},"tick":354,"time_ms":14091}
S04 {"contacts":0,"event":"solver_sample","phase":"solver_entry_prior_interval","sequence":53,"state":{"position":[0.0,0.000999987125396729,-14.770001411438],"velocity":[0.0,0.0,-10.5999946594238],"yaw":0.0},"tick":355,"time_ms":14106}
S04 {"contacts":0,"event":"solver_sample","phase":"solver_entry_prior_interval","sequence":54,"state":{"position":[0.0,0.000999987125396729,-14.9500017166138],"velocity":[0.0,0.0,-10.799994468689],"yaw":0.0},"tick":356,"time_ms":14121}
S04 {"contacts":0,"event":"solver_sample","phase":"solver_entry_prior_interval","sequence":55,"state":{"position":[0.0,0.000999987125396729,-15.1333351135254],"velocity":[0.0,0.0,-10.9999942779541],"yaw":0.0},"tick":357,"time_ms":14137}
S04 {"contacts":0,"event":"solver_sample","phase":"solver_entry_prior_interval","sequence":56,"state":{"position":[0.0,0.000999987125396729,-15.3200016021729],"velocity":[0.0,0.0,-11.1999940872192],"yaw":0.0},"tick":358,"time_ms":14152}
S04 {"contacts":0,"event":"solver_sample","phase":"solver_entry_prior_interval","sequence":57,"state":{"position":[0.0,0.000999987125396729,-15.5100011825562],"velocity":[0.0,0.0,-11.3999938964844],"yaw":0.0},"tick":359,"time_ms":14167}
S04 {"contacts":0,"event":"solver_sample","phase":"solver_entry_prior_interval","sequence":58,"state":{"position":[0.0,0.000999987125396729,-15.7033348083496],"velocity":[0.0,0.0,-11.5999937057495],"yaw":0.0},"tick":360,"time_ms":14183}
S04 {"contacts":0,"event":"solver_sample","phase":"solver_entry_prior_interval","sequence":59,"state":{"position":[0.0,0.000999987125396729,-15.9000015258789],"velocity":[0.0,0.0,-11.7999935150146],"yaw":0.0},"tick":361,"time_ms":14199}
S04 {"contacts":0,"event":"solver_sample","phase":"solver_entry_prior_interval","sequence":60,"state":{"position":[0.0,0.000999987125396729,-16.1000022888184],"velocity":[0.0,0.0,-11.9999933242798],"yaw":0.0},"tick":362,"time_ms":14230}
S04 {"contacts":0,"event":"solver_sample","phase":"solver_entry_prior_interval","sequence":61,"state":{"position":[0.0,0.000999987125396729,-16.3033351898193],"velocity":[0.0,0.0,-12.1999931335449],"yaw":0.0},"tick":363,"time_ms":14245}
S04 {"contacts":0,"event":"solver_sample","phase":"solver_entry_prior_interval","sequence":62,"state":{"position":[0.0,0.000999987125396729,-16.5100021362305],"velocity":[0.0,0.0,-12.3999929428101],"yaw":0.0},"tick":364,"time_ms":14260}
S04 {"contacts":0,"event":"solver_sample","phase":"solver_entry_prior_interval","sequence":63,"state":{"position":[0.0,0.000999987125396729,-16.7200012207031],"velocity":[0.0,0.0,-12.5999927520752],"yaw":0.0},"tick":365,"time_ms":14277}
S04 {"contacts":0,"event":"solver_sample","phase":"solver_entry_prior_interval","sequence":64,"state":{"position":[0.0,0.000999987125396729,-16.9333343505859],"velocity":[0.0,0.0,-12.7999925613403],"yaw":0.0},"tick":366,"time_ms":14292}
S04 {"contacts":0,"event":"solver_sample","phase":"solver_entry_prior_interval","sequence":65,"state":{"position":[0.0,0.000999987125396729,-17.1500015258789],"velocity":[0.0,0.0,-12.9999923706055],"yaw":0.0},"tick":367,"time_ms":14308}
S04 {"contacts":0,"event":"solver_sample","phase":"solver_entry_prior_interval","sequence":66,"state":{"position":[0.0,0.000999987125396729,-17.3700008392334],"velocity":[0.0,0.0,-13.1999921798706],"yaw":0.0},"tick":368,"time_ms":14324}
S04 {"contacts":0,"event":"solver_sample","phase":"solver_entry_prior_interval","sequence":67,"state":{"position":[0.0,0.000999987125396729,-17.593334197998],"velocity":[0.0,0.0,-13.3999919891357],"yaw":0.0},"tick":369,"time_ms":14339}
S04 {"contacts":0,"event":"solver_sample","phase":"solver_entry_prior_interval","sequence":68,"state":{"position":[0.0,0.000999987125396729,-17.8200016021729],"velocity":[0.0,0.0,-13.5999917984009],"yaw":0.0},"tick":370,"time_ms":14355}
S04 {"contacts":4,"event":"solver_sample","phase":"solver_entry_prior_interval","sequence":69,"state":{"position":[-0.000799393863417208,0.000999987125396729,-17.819953918457],"velocity":[-0.0479636304080486,0.0,0.00287204259075224],"yaw":-0.0000531859950569924},"tick":371,"time_ms":14386}
S04 {"contacts":4,"event":"solver_sample","phase":"solver_entry_prior_interval","sequence":70,"state":{"position":[-0.00151875556912273,0.000999987125396729,-17.819953918457],"velocity":[-0.0431617014110088,0.0,0.00000339190683007473],"yaw":-0.0000531859950569924},"tick":372,"time_ms":14402}
S04 {"contacts":4,"event":"solver_sample","phase":"solver_entry_prior_interval","sequence":71,"state":{"position":[-0.00216609891504049,0.000999987125396729,-17.819953918457],"velocity":[-0.0388406068086624,0.0,0.00000284794987237547],"yaw":-0.0000531859950569924},"tick":373,"time_ms":14417}
S04 {"contacts":4,"event":"solver_sample","phase":"solver_entry_prior_interval","sequence":72,"state":{"position":[-0.00274863420054317,0.000999987125396729,-17.819953918457],"velocity":[-0.0349521189928055,0.0,0.00000255888949141081],"yaw":-0.0000531859950569924},"tick":374,"time_ms":14433}
S04 {"contacts":4,"event":"solver_sample","phase":"solver_entry_prior_interval","sequence":73,"state":{"position":[-0.00327284960076213,0.000999987125396729,-17.819953918457],"velocity":[-0.0314529240131378,0.0,0.00000230225850827992],"yaw":-0.0000531859950569924},"tick":375,"time_ms":14449}
S04 {"contacts":4,"event":"solver_sample","phase":"solver_entry_prior_interval","sequence":74,"state":{"position":[-0.00374458380974829,0.000999987125396729,-17.819953918457],"velocity":[-0.0283040460199118,0.0,0.00000207191874324053],"yaw":-0.0000531859950569924},"tick":376,"time_ms":14465}
S04 {"contacts":4,"event":"solver_sample","phase":"solver_entry_prior_interval","sequence":75,"state":{"position":[-0.0041690906509757,0.000999987125396729,-17.819953918457],"velocity":[-0.0254704169929028,0.0,0.00000186463864793041],"yaw":-0.0000531859950569924},"tick":377,"time_ms":14481}
S04 {"contacts":4,"event":"solver_sample","phase":"solver_entry_prior_interval","sequence":76,"state":{"position":[-0.00455109868198633,0.000999987125396729,-17.819953918457],"velocity":[-0.0229204725474119,0.0,0.00000167770451753313],"yaw":-0.0000531859950569924},"tick":378,"time_ms":14496}
S04 {"contacts":4,"event":"solver_sample","phase":"solver_entry_prior_interval","sequence":77,"state":{"position":[-0.00489486195147038,0.000999987125396729,-17.819953918457],"velocity":[-0.0206258092075586,0.0,0.00000150982123159338],"yaw":-0.0000531859950569924},"tick":379,"time_ms":14511}
S04 {"contacts":4,"event":"solver_sample","phase":"solver_entry_prior_interval","sequence":78,"state":{"position":[-0.00520421005785465,0.000999987125396729,-17.819953918457],"velocity":[-0.018560878932476,0.0,0.00000135874518036871],"yaw":-0.0000531859950569924},"tick":380,"time_ms":14526}
S04 {"contacts":4,"event":"solver_sample","phase":"solver_entry_prior_interval","sequence":79,"state":{"position":[-0.00548258796334267,0.000999987125396729,-17.819953918457],"velocity":[-0.0167026743292809,0.0,0.00000122258109058748],"yaw":-0.0000531859950569924},"tick":381,"time_ms":14542}
S04 {"contacts":4,"event":"solver_sample","phase":"solver_entry_prior_interval","sequence":80,"state":{"position":[-0.0057330965064466,0.000999987125396729,-17.819953918457],"velocity":[-0.0150305042043328,0.0,0.0000011002250630554],"yaw":-0.0000531859950569924},"tick":382,"time_ms":14557}
S04 {"contacts":4,"event":"solver_sample","phase":"solver_entry_prior_interval","sequence":81,"state":{"position":[-0.00595852546393871,0.000999987125396729,-17.819953918457],"velocity":[-0.0135257411748171,0.0,0.000000990118678600993],"yaw":-0.0000531859950569924},"tick":383,"time_ms":14573}
S04 {"contacts":4,"event":"solver_sample","phase":"solver_entry_prior_interval","sequence":82,"state":{"position":[-0.00616138568148017,0.000999987125396729,-17.819953918457],"velocity":[-0.0121716242283583,0.0,0.000000891028605565225],"yaw":-0.0000531859950569924},"tick":384,"time_ms":14588}
S04 {"contacts":4,"event":"solver_sample","phase":"solver_entry_prior_interval","sequence":83,"state":{"position":[-0.00634393701329827,0.000999987125396729,-17.819953918457],"velocity":[-0.0109530752524734,0.0,0.000000801850546849892],"yaw":-0.0000531859950569924},"tick":385,"time_ms":14604}
S04 {"contacts":4,"event":"solver_sample","phase":"solver_entry_prior_interval","sequence":84,"state":{"position":[-0.00650821253657341,0.000999987125396729,-17.819953918457],"velocity":[-0.00985651835799217,0.0,0.000000721465653441555],"yaw":-0.0000531859950569924},"tick":386,"time_ms":14620}
S04 {"contacts":4,"event":"solver_sample","phase":"solver_entry_prior_interval","sequence":85,"state":{"position":[-0.00665604136884212,0.000999987125396729,-17.819953918457],"velocity":[-0.00886974297463894,0.0,0.000000649247965611721],"yaw":-0.0000531859950569924},"tick":387,"time_ms":14635}
S04 {"contacts":4,"event":"solver_sample","phase":"solver_entry_prior_interval","sequence":86,"state":{"position":[-0.00678907055407763,0.000999987125396729,-17.819953918457],"velocity":[-0.00798175856471062,0.0,0.000000584263545988506],"yaw":-0.0000531859950569924},"tick":388,"time_ms":14651}
S04 {"contacts":4,"event":"solver_sample","phase":"solver_entry_prior_interval","sequence":87,"state":{"position":[-0.00690878182649612,0.000999987125396729,-17.819953918457],"velocity":[-0.00718267308548093,0.0,0.000000525782468230318],"yaw":-0.0000531859950569924},"tick":389,"time_ms":14666}
S04 {"contacts":4,"event":"solver_sample","phase":"solver_entry_prior_interval","sequence":88,"state":{"position":[-0.00701650837436318,0.000999987125396729,-17.819953918457],"velocity":[-0.00646358728408813,0.0,0.00000047315396045633],"yaw":-0.0000531859950569924},"tick":390,"time_ms":14682}
S04 {"contacts":4,"event":"solver_sample","phase":"solver_entry_prior_interval","sequence":89,"state":{"position":[-0.00711344974115491,0.000999987125396729,-17.819953918457],"velocity":[-0.00581649178639054,0.0,0.000000425791995439795],"yaw":-0.0000531859950569924},"tick":391,"time_ms":14713}
S04 {"contacts":4,"event":"solver_sample","phase":"solver_entry_prior_interval","sequence":90,"state":{"position":[-0.00720068626105785,0.000999987125396729,-17.819953918457],"velocity":[-0.00523418001830578,0.0,0.000000383170629447704],"yaw":-0.0000531859950569924},"tick":392,"time_ms":14729}
S04 {"contacts":4,"event":"solver_sample","phase":"solver_entry_prior_interval","sequence":91,"state":{"position":[-0.00727918883785605,0.000999987125396729,-17.819953918457],"velocity":[-0.00471016578376293,0.0,0.000000344815134667442],"yaw":-0.0000531859950569924},"tick":393,"time_ms":14744}
S04 {"contacts":4,"event":"solver_sample","phase":"solver_entry_prior_interval","sequence":92,"state":{"position":[-0.00734983244910836,0.000999987125396729,-17.819953918457],"velocity":[-0.00423861294984818,0.0,0.000000310298446493107],"yaw":-0.0000531859950569924},"tick":394,"time_ms":14760}
S04 {"contacts":4,"event":"solver_sample","phase":"solver_entry_prior_interval","sequence":93,"state":{"position":[-0.00741340359672904,0.000999987125396729,-17.819953918457],"velocity":[-0.00381426862441003,0.0,0.000000279192164498454],"yaw":-0.0000531859950569924},"tick":395,"time_ms":14775}
S04 {"contacts":4,"event":"solver_sample","phase":"solver_entry_prior_interval","sequence":94,"state":{"position":[-0.00747061055153608,0.000999987125396729,-17.819953918457],"velocity":[-0.00343240704387426,0.0,0.000000251241544901859],"yaw":-0.0000531859950569924},"tick":396,"time_ms":14791}
S04 {"contacts":4,"event":"solver_sample","phase":"solver_entry_prior_interval","sequence":95,"state":{"position":[-0.00752209033817053,0.000999987125396729,-17.819953918457],"velocity":[-0.0030887748580426,0.0,0.00000022609064842527],"yaw":-0.0000531859950569924},"tick":397,"time_ms":14806}
S04 {"contacts":4,"event":"solver_sample","phase":"solver_entry_prior_interval","sequence":96,"state":{"position":[-0.00756841618567705,0.000999987125396729,-17.819953918457],"velocity":[-0.00277954549528658,0.0,0.000000203457560132847],"yaw":-0.0000531859950569924},"tick":398,"time_ms":14824}
S04 {"contacts":4,"event":"solver_sample","phase":"solver_entry_prior_interval","sequence":97,"state":{"position":[-0.00761010404676199,0.000999987125396729,-17.819953918457],"velocity":[-0.00250127422623336,0.0,0.00000018309005156425],"yaw":-0.0000531859950569924},"tick":399,"time_ms":14838}
S04 {"contacts":4,"event":"solver_sample","phase":"solver_entry_prior_interval","sequence":98,"state":{"position":[-0.00764761818572879,0.000999987125396729,-17.819953918457],"velocity":[-0.00225086137652397,0.0,0.000000164761402743352],"yaw":-0.0000531859950569924},"tick":400,"time_ms":14853}
S04 {"contacts":4,"event":"solver_sample","phase":"solver_entry_prior_interval","sequence":99,"state":{"position":[-0.00768137676641345,0.000999987125396729,-17.819953918457],"velocity":[-0.0020255190320313,0.0,0.00000014826747474217],"yaw":-0.0000531859950569924},"tick":401,"time_ms":14869}
S04 {"contacts":4,"event":"solver_sample","phase":"solver_entry_prior_interval","sequence":100,"state":{"position":[-0.00771175557747483,0.000999987125396729,-17.819953918457],"velocity":[-0.00182273623067886,0.0,0.000000133424521209236],"yaw":-0.0000531859950569924},"tick":402,"time_ms":14884}
S04 {"contacts":4,"event":"solver_sample","phase":"solver_entry_prior_interval","sequence":101,"state":{"position":[-0.00773909315466881,0.000999987125396729,-17.819953918457],"velocity":[-0.00164025474805385,0.0,0.000000120067454645323],"yaw":-0.0000531859950569924},"tick":403,"time_ms":14915}
S04 {"contacts":4,"event":"solver_sample","phase":"solver_entry_prior_interval","sequence":102,"state":{"position":[-0.00776369404047728,0.000999987125396729,-17.819953918457],"velocity":[-0.00147604243829846,0.0,0.000000108047572666692],"yaw":-0.0000531859950569924},"tick":404,"time_ms":14931}
S04 {"contacts":4,"event":"solver_sample","phase":"solver_entry_prior_interval","sequence":103,"state":{"position":[-0.00778583204373717,0.000999987125396729,-17.819953918457],"velocity":[-0.00132826971821487,0.0,0.0000000972308882296602],"yaw":-0.0000531859950569924},"tick":405,"time_ms":14946}
S04 {"contacts":4,"event":"solver_sample","phase":"solver_entry_prior_interval","sequence":104,"state":{"position":[-0.00780575349926949,0.000999987125396729,-17.819953918457],"velocity":[-0.00119529152289033,0.0,0.0000000874970638164996],"yaw":-0.0000531859950569924},"tick":406,"time_ms":14962}
S04 {"contacts":4,"event":"solver_sample","phase":"solver_entry_prior_interval","sequence":105,"state":{"position":[-0.00782368052750826,0.000999987125396729,-17.819953918457],"velocity":[-0.00107562600169331,0.0,0.0000000787376492894509],"yaw":-0.0000531859950569924},"tick":407,"time_ms":14978}
S04 {"contacts":4,"event":"solver_sample","phase":"solver_entry_prior_interval","sequence":106,"state":{"position":[-0.00783981289714575,0.000999987125396729,-17.819953918457],"velocity":[-0.000967940781265497,0.0,0.0000000708551226580312],"yaw":-0.0000531859950569924},"tick":408,"time_ms":14994}
S04 {"contacts":4,"event":"solver_sample","phase":"solver_entry_prior_interval","sequence":107,"state":{"position":[-0.00785433035343885,0.000999987125396729,-17.819953918457],"velocity":[-0.00087103625992313,0.0,0.0000000637617176835192],"yaw":-0.0000531859950569924},"tick":409,"time_ms":15009}
S04 {"contacts":4,"event":"solver_sample","phase":"solver_entry_prior_interval","sequence":108,"state":{"position":[-0.00786739401519299,0.000999987125396729,-17.819953918457],"velocity":[-0.000783833384048194,0.0,0.000000057378361617566],"yaw":-0.0000531859950569924},"tick":410,"time_ms":15025}
S04 {"contacts":4,"event":"solver_sample","phase":"solver_entry_prior_interval","sequence":109,"state":{"position":[-0.00787915010005236,0.000999987125396729,-17.819953918457],"velocity":[-0.000705360667780042,0.0,0.0000000516341032152923],"yaw":-0.0000531859950569924},"tick":411,"time_ms":15041}
S04 {"contacts":4,"event":"solver_sample","phase":"solver_entry_prior_interval","sequence":110,"state":{"position":[-0.00788972899317741,0.000999987125396729,-17.819953918457],"velocity":[-0.000634744181297719,0.0,0.0000000464649261289196],"yaw":-0.0000531859950569924},"tick":412,"time_ms":15056}
S04 {"contacts":4,"event":"solver_sample","phase":"solver_entry_prior_interval","sequence":111,"state":{"position":[-0.00789924897253513,0.000999987125396729,-17.819953918457],"velocity":[-0.000571197480894625,0.0,0.0000000418132088952916],"yaw":-0.0000531859950569924},"tick":413,"time_ms":15071}
S04 {"contacts":4,"event":"solver_sample","phase":"solver_entry_prior_interval","sequence":112,"state":{"position":[-0.00790781620889902,0.000999987125396729,-17.819953918457],"velocity":[-0.000514012644998729,0.0,0.0000000376271778179671],"yaw":-0.0000531859950569924},"tick":414,"time_ms":15087}
S04 {"contacts":4,"event":"solver_sample","phase":"solver_entry_prior_interval","sequence":113,"state":{"position":[-0.00791552569717169,0.000999987125396729,-17.819953918457],"velocity":[-0.000462552823591977,0.0,0.0000000338602283989076],"yaw":-0.0000531859950569924},"tick":415,"time_ms":15103}
S04 {"contacts":4,"event":"solver_sample","phase":"solver_entry_prior_interval","sequence":114,"state":{"position":[-0.00792246311903,0.000999987125396729,-17.819953918457],"velocity":[-0.000416244787629694,0.0,0.0000000304703995368527],"yaw":-0.0000531859950569924},"tick":416,"time_ms":15119}
S04 {"contacts":4,"event":"solver_sample","phase":"solver_entry_prior_interval","sequence":115,"state":{"position":[-0.00792870577424765,0.000999987125396729,-17.819953918457],"velocity":[-0.000374572846340016,0.0,0.00000002741992410904],"yaw":-0.0000531859950569924},"tick":417,"time_ms":15133}
S04 {"contacts":4,"event":"solver_sample","phase":"solver_entry_prior_interval","sequence":116,"state":{"position":[-0.00793432351201773,0.000999987125396729,-17.819953918457],"velocity":[-0.000337072822730988,0.0,0.0000000246748239618455],"yaw":-0.0000531859950569924},"tick":418,"time_ms":15149}
S04 {"contacts":4,"event":"solver_sample","phase":"solver_entry_prior_interval","sequence":117,"state":{"position":[-0.00793937873095274,0.000999987125396729,-17.819953918457],"velocity":[-0.000303327135043219,0.0,0.0000000222045475339883],"yaw":-0.0000531859950569924},"tick":419,"time_ms":15165}
S04 {"contacts":4,"event":"solver_sample","phase":"solver_entry_prior_interval","sequence":118,"state":{"position":[-0.00794392824172974,0.000999987125396729,-17.819953918457],"velocity":[-0.000272959878202528,0.0,0.0000000199815719525986],"yaw":-0.0000531859950569924},"tick":420,"time_ms":15196}
S04 {"contacts":4,"event":"solver_sample","phase":"solver_entry_prior_interval","sequence":119,"state":{"position":[-0.00794802233576775,0.000999987125396729,-17.819953918457],"velocity":[-0.000245632749283686,0.0,0.0000000179811525669038],"yaw":-0.0000531859950569924},"tick":421,"time_ms":15211}
S04 {"contacts":4,"event":"solver_sample","phase":"solver_entry_prior_interval","sequence":120,"state":{"position":[-0.00795170664787292,0.000999987125396729,-17.819953918457],"velocity":[-0.000221041482291184,0.0,0.0000000161810138621377],"yaw":-0.0000531859950569924},"tick":422,"time_ms":15226}
S04 {"contacts":4,"event":"solver_sample","phase":"solver_entry_prior_interval","sequence":1,"state":{"position":[-0.00795519910752773,0.000999987125396729,-17.8166198730469],"velocity":[-0.000209574529435486,0.0,0.200000017881393],"yaw":-0.0000531859950569924},"tick":423,"time_ms":15242}
S04 {"contacts":4,"event":"solver_sample","phase":"solver_entry_prior_interval","sequence":2,"state":{"position":[-0.00795853789895773,0.000999987125396729,-17.8099536895752],"velocity":[-0.000200317997951061,0.0,0.400000035762787],"yaw":-0.0000531859950569924},"tick":424,"time_ms":15258}
S04 {"contacts":4,"event":"solver_sample","phase":"solver_entry_prior_interval","sequence":3,"state":{"position":[-0.00796175561845303,0.000999987125396729,-17.7999534606934],"velocity":[-0.000193050829693675,0.0,0.600000023841858],"yaw":-0.0000531859950569924},"tick":425,"time_ms":15274}
S04 {"contacts":4,"event":"solver_sample","phase":"solver_entry_prior_interval","sequence":4,"state":{"position":[-0.00796488206833601,0.000999987125396729,-17.7866191864014],"velocity":[-0.000187574114534073,0.0,0.800000011920929],"yaw":-0.0000531859950569924},"tick":426,"time_ms":15290}
S04 {"contacts":4,"event":"solver_sample","phase":"solver_entry_prior_interval","sequence":5,"state":{"position":[-0.00796794425696135,0.000999987125396729,-17.7699527740479],"velocity":[-0.000183708791155368,0.0,1.0],"yaw":-0.0000531859950569924},"tick":427,"time_ms":15306}
S04 {"contacts":0,"event":"solver_sample","phase":"solver_entry_prior_interval","sequence":6,"state":{"position":[-0.0079709654673934,0.000999987125396729,-17.7499523162842],"velocity":[-0.000181293697096407,0.0,1.20000004768372],"yaw":-0.0000531859950569924},"tick":428,"time_ms":15321}
S04 {"contacts":0,"event":"solver_sample","phase":"solver_entry_prior_interval","sequence":7,"state":{"position":[-0.00797396898269653,0.000999987125396729,-17.726619720459],"velocity":[-0.00018018385162577,0.0,1.40000009536743],"yaw":-0.0000531859950569924},"tick":429,"time_ms":15337}
S04 {"contacts":0,"event":"solver_sample","phase":"solver_entry_prior_interval","sequence":8,"state":{"position":[-0.00797697342932224,0.000999987125396729,-17.6999530792236],"velocity":[-0.000180248709511943,0.0,1.60000014305115],"yaw":-0.0000531859950569924},"tick":430,"time_ms":15352}
S04 {"contacts":0,"event":"solver_sample","phase":"solver_entry_prior_interval","sequence":9,"state":{"position":[-0.00797999650239944,0.000999987125396729,-17.6699523925781],"velocity":[-0.000181370793143287,0.0,1.80000019073486],"yaw":-0.0000531859950569924},"tick":431,"time_ms":15367}
S04 {"contacts":0,"event":"solver_sample","phase":"solver_entry_prior_interval","sequence":10,"state":{"position":[-0.00798305403441191,0.000999987125396729,-17.6366195678711],"velocity":[-0.000183444397407584,0.0,2.00000023841858],"yaw":-0.0000531859950569924},"tick":432,"time_ms":15383}
S04 {"contacts":0,"event":"solver_sample","phase":"solver_entry_prior_interval","sequence":11,"state":{"position":[-0.00798615999519825,0.000999987125396729,-17.5999526977539],"velocity":[-0.000186374352779239,0.0,2.20000028610229],"yaw":-0.0000531859950569924},"tick":433,"time_ms":15398}
S04 {"contacts":0,"event":"solver_sample","phase":"solver_entry_prior_interval","sequence":12,"state":{"position":[-0.00798932835459709,0.000999987125396729,-17.5599517822266],"velocity":[-0.00019007503578905,0.0,2.40000033378601],"yaw":-0.0000531859950569924},"tick":434,"time_ms":15414}
S04 {"contacts":0,"event":"solver_sample","phase":"solver_entry_prior_interval","sequence":13,"state":{"position":[-0.00799256935715675,0.000999987125396729,-17.5166187286377],"velocity":[-0.000194469379493967,0.0,2.60000038146973],"yaw":-0.0000531859950569924},"tick":435,"time_ms":15445}
S04 {"contacts":0,"event":"solver_sample","phase":"solver_entry_prior_interval","sequence":14,"state":{"position":[-0.00799589417874813,0.000999987125396729,-17.4699516296387],"velocity":[-0.00019948800036218,0.0,2.80000042915344],"yaw":-0.0000531859950569924},"tick":436,"time_ms":15452}
S04 {"contacts":0,"event":"solver_sample","phase":"solver_entry_prior_interval","sequence":15,"state":{"position":[-0.00799931213259697,0.000999987125396729,-17.4199523925781],"velocity":[-0.000205068485229276,0.0,3.00000047683716],"yaw":-0.0000531859950569924},"tick":437,"time_ms":15476}
S04 {"contacts":0,"event":"solver_sample","phase":"solver_entry_prior_interval","sequence":16,"state":{"position":[-0.00800283160060644,0.000999987125396729,-17.3666191101074],"velocity":[-0.000211154634598643,0.0,3.20000052452087],"yaw":-0.0000531859950569924},"tick":438,"time_ms":15494}
S04 {"contacts":0,"event":"solver_sample","phase":"solver_entry_prior_interval","sequence":17,"state":{"position":[-0.00800646003335714,0.000999987125396729,-17.3099517822266],"velocity":[-0.000217695895116776,0.0,3.40000057220459],"yaw":-0.0000531859950569924},"tick":439,"time_ms":15507}
S04 {"contacts":0,"event":"solver_sample","phase":"solver_entry_prior_interval","sequence":18,"state":{"position":[-0.0080102039501071,0.000999987125396729,-17.2499523162842],"velocity":[-0.000224646748392843,0.0,3.60000061988831],"yaw":-0.0000531859950569924},"tick":440,"time_ms":15523}
S04 {"contacts":0,"event":"solver_sample","phase":"solver_entry_prior_interval","sequence":19,"state":{"position":[-0.00801406987011433,0.000999987125396729,-17.1866188049316],"velocity":[-0.000231966230785474,0.0,3.80000066757202],"yaw":-0.0000531859950569924},"tick":441,"time_ms":15539}
S04 {"contacts":0,"event":"solver_sample","phase":"solver_entry_prior_interval","sequence":20,"state":{"position":[-0.00801806338131428,0.000999987125396729,-17.1199512481689],"velocity":[-0.000239617482293397,0.0,4.00000047683716],"yaw":-0.0000531859950569924},"tick":442,"time_ms":15554}
S04 {"contacts":0,"event":"solver_sample","phase":"solver_entry_prior_interval","sequence":21,"state":{"position":[-0.00802218914031982,0.000999987125396729,-17.0499515533447],"velocity":[-0.000247567309997976,0.0,4.20000028610229],"yaw":-0.0000531859950569924},"tick":443,"time_ms":15570}
S04 {"contacts":0,"event":"solver_sample","phase":"solver_entry_prior_interval","sequence":22,"state":{"position":[-0.00802645180374384,0.000999987125396729,-16.9766178131104],"velocity":[-0.000255785882472992,0.0,4.40000009536743],"yaw":-0.0000531859950569924},"tick":444,"time_ms":15585}
S04 {"contacts":0,"event":"solver_sample","phase":"solver_entry_prior_interval","sequence":23,"state":{"position":[-0.0080308560281992,0.000999987125396729,-16.8999519348145],"velocity":[-0.000264246307779104,0.0,4.59999990463257],"yaw":-0.0000531859950569924},"tick":445,"time_ms":15603}
S04 {"contacts":0,"event":"solver_sample","phase":"solver_entry_prior_interval","sequence":24,"state":{"position":[-0.00803540460765362,0.000999987125396729,-16.8199520111084],"velocity":[-0.000272924429737031,0.0,4.79999971389771],"yaw":-0.0000531859950569924},"tick":446,"time_ms":15621}
S04 {"contacts":0,"event":"solver_sample","phase":"solver_entry_prior_interval","sequence":25,"state":{"position":[-0.0080401012673974,0.000999987125396729,-16.7366180419922],"velocity":[-0.000281798478681594,0.0,4.99999952316284],"yaw":-0.0000531859950569924},"tick":447,"time_ms":15647}
S04 {"contacts":0,"event":"solver_sample","phase":"solver_entry_prior_interval","sequence":26,"state":{"position":[-0.00804494880139828,0.000999987125396729,-16.6499519348145],"velocity":[-0.000290848809527233,0.0,5.19999933242798],"yaw":-0.0000531859950569924},"tick":448,"time_ms":15662}
S04 {"contacts":0,"event":"solver_sample","phase":"solver_entry_prior_interval","sequence":27,"state":{"position":[-0.00804995000362396,0.000999987125396729,-16.5599517822266],"velocity":[-0.000300057843560353,0.0,5.39999914169312],"yaw":-0.0000531859950569924},"tick":449,"time_ms":15677}
S04 {"contacts":0,"event":"solver_sample","phase":"solver_entry_prior_interval","sequence":28,"state":{"position":[-0.00805510673671961,0.000999987125396729,-16.4666175842285],"velocity":[-0.000309409690089524,0.0,5.59999895095825],"yaw":-0.0000531859950569924},"tick":450,"time_ms":15689}
S04 {"contacts":0,"event":"solver_sample","phase":"solver_entry_prior_interval","sequence":29,"state":{"position":[-0.00806042179465294,0.000999987125396729,-16.3699512481689],"velocity":[-0.000318890059133992,0.0,5.79999876022339],"yaw":-0.0000531859950569924},"tick":451,"time_ms":15709}
S04 {"contacts":0,"event":"solver_sample","phase":"solver_entry_prior_interval","sequence":30,"state":{"position":[-0.00806589610874653,0.000999987125396729,-16.2699508666992],"velocity":[-0.000328486115904525,0.0,5.99999856948853],"yaw":-0.0000531859950569924},"tick":452,"time_ms":15724}
S04 {"contacts":0,"event":"solver_sample","phase":"solver_entry_prior_interval","sequence":31,"state":{"position":[-0.00807135552167892,0.000999987125396729,-16.1699504852295],"velocity":[-0.000327549147186801,0.0,6.0],"yaw":-0.0000531859950569924},"tick":453,"time_ms":15740}
S04 {"contacts":0,"event":"solver_sample","phase":"solver_entry_prior_interval","sequence":32,"state":{"position":[-0.0080768009647727,0.000999987125396729,-16.0699501037598],"velocity":[-0.000326705834595487,0.0,6.0],"yaw":-0.0000531859950569924},"tick":454,"time_ms":15756}
S04 {"contacts":0,"event":"solver_sample","phase":"solver_entry_prior_interval","sequence":33,"state":{"position":[-0.00808223336935043,0.000999987125396729,-15.96994972229],"velocity":[-0.000325946835801005,0.0,6.0],"yaw":-0.0000531859950569924},"tick":455,"time_ms":15773}
S04 {"contacts":0,"event":"solver_sample","phase":"solver_entry_prior_interval","sequence":34,"state":{"position":[-0.00808765459805727,0.000999987125396729,-15.8699493408203],"velocity":[-0.000325263739796355,0.0,6.0],"yaw":-0.0000531859950569924},"tick":456,"time_ms":15788}
S04 {"contacts":0,"event":"solver_sample","phase":"solver_entry_prior_interval","sequence":35,"state":{"position":[-0.00809306558221579,0.000999987125396729,-15.7699489593506],"velocity":[-0.000324648950481787,0.0,6.0],"yaw":-0.0000531859950569924},"tick":457,"time_ms":15804}
S04 {"contacts":0,"event":"solver_sample","phase":"solver_entry_prior_interval","sequence":36,"state":{"position":[-0.00809846725314856,0.000999987125396729,-15.6699485778809],"velocity":[-0.000324095657560974,0.0,6.0],"yaw":-0.0000531859950569924},"tick":458,"time_ms":15821}
S04 {"contacts":0,"event":"solver_sample","phase":"solver_entry_prior_interval","sequence":37,"state":{"position":[-0.00810386054217815,0.000999987125396729,-15.5699481964111],"velocity":[-0.00032359769102186,0.0,6.0],"yaw":-0.0000531859950569924},"tick":459,"time_ms":15852}
S04 {"contacts":0,"event":"solver_sample","phase":"solver_entry_prior_interval","sequence":38,"state":{"position":[-0.00810924638062716,0.000999987125396729,-15.4699478149414],"velocity":[-0.000323149521136656,0.0,6.0],"yaw":-0.0000531859950569924},"tick":460,"time_ms":15867}
S04 {"contacts":0,"event":"solver_sample","phase":"solver_entry_prior_interval","sequence":39,"state":{"position":[-0.00811462569981813,0.000999987125396729,-15.3699474334717],"velocity":[-0.000322746171150357,0.0,6.0],"yaw":-0.0000531859950569924},"tick":461,"time_ms":15883}
S04 {"contacts":0,"event":"solver_sample","phase":"solver_entry_prior_interval","sequence":40,"state":{"position":[-0.00811999849975109,0.000999987125396729,-15.269947052002],"velocity":[-0.00032238315907307,0.0,6.0],"yaw":-0.0000531859950569924},"tick":462,"time_ms":15898}
S04 {"contacts":0,"event":"solver_sample","phase":"solver_entry_prior_interval","sequence":41,"state":{"position":[-0.0081253657117486,0.000999987125396729,-15.1699466705322],"velocity":[-0.000322056439472362,0.0,6.0],"yaw":-0.0000531859950569924},"tick":463,"time_ms":15916}
S04 {"contacts":0,"event":"solver_sample","phase":"solver_entry_prior_interval","sequence":42,"state":{"position":[-0.00813072826713324,0.000999987125396729,-15.0699462890625],"velocity":[-0.000321762403473258,0.0,6.0],"yaw":-0.0000531859950569924},"tick":464,"time_ms":15923}
S04 {"contacts":0,"event":"solver_sample","phase":"solver_entry_prior_interval","sequence":43,"state":{"position":[-0.008136086165905,0.000999987125396729,-14.9699459075928],"velocity":[-0.000321497762342915,0.0,6.0],"yaw":-0.0000531859950569924},"tick":465,"time_ms":15946}
S04 {"contacts":0,"event":"solver_sample","phase":"solver_entry_prior_interval","sequence":44,"state":{"position":[-0.00814144033938646,0.000999987125396729,-14.869945526123],"velocity":[-0.000321259576594457,0.0,6.0],"yaw":-0.0000531859950569924},"tick":466,"time_ms":15964}
S04 {"contacts":0,"event":"solver_sample","phase":"solver_entry_prior_interval","sequence":45,"state":{"position":[-0.00814679078757763,0.000999987125396729,-14.7699451446533],"velocity":[-0.000321045226883143,0.0,6.0],"yaw":-0.0000531859950569924},"tick":467,"time_ms":15977}
S04 {"contacts":0,"event":"solver_sample","phase":"solver_entry_prior_interval","sequence":46,"state":{"position":[-0.00815213844180107,0.000999987125396729,-14.6699447631836],"velocity":[-0.000320852297591046,0.0,6.0],"yaw":-0.0000531859950569924},"tick":468,"time_ms":15992}
S04 {"contacts":0,"event":"solver_sample","phase":"solver_entry_prior_interval","sequence":47,"state":{"position":[-0.00815748330205679,0.000999987125396729,-14.5699443817139],"velocity":[-0.000320678664138541,0.0,6.0],"yaw":-0.0000531859950569924},"tick":469,"time_ms":16007}
S04 {"contacts":0,"event":"solver_sample","phase":"solver_entry_prior_interval","sequence":48,"state":{"position":[-0.00816282536834478,0.000999987125396729,-14.4699440002441],"velocity":[-0.000320522405672818,0.0,6.0],"yaw":-0.0000531859950569924},"tick":470,"time_ms":16023}
S04 {"contacts":0,"event":"solver_sample","phase":"solver_entry_prior_interval","sequence":49,"state":{"position":[-0.00816816464066505,0.000999987125396729,-14.3699436187744],"velocity":[-0.000320381775964051,0.0,6.0],"yaw":-0.0000531859950569924},"tick":471,"time_ms":16040}
S04 {"contacts":0,"event":"solver_sample","phase":"solver_entry_prior_interval","sequence":50,"state":{"position":[-0.00817350205034018,0.000999987125396729,-14.2699432373047],"velocity":[-0.000320255203405395,0.0,6.0],"yaw":-0.0000531859950569924},"tick":472,"time_ms":16055}
S04 {"contacts":0,"event":"solver_sample","phase":"solver_entry_prior_interval","sequence":51,"state":{"position":[-0.00817883759737015,0.000999987125396729,-14.169942855835],"velocity":[-0.000320141291012987,0.0,6.0],"yaw":-0.0000531859950569924},"tick":473,"time_ms":16071}
S04 {"contacts":0,"event":"solver_sample","phase":"solver_entry_prior_interval","sequence":52,"state":{"position":[-0.00818417128175497,0.000999987125396729,-14.0699424743652],"velocity":[-0.000320038758218288,0.0,6.0],"yaw":-0.0000531859950569924},"tick":474,"time_ms":16087}
S04 {"contacts":0,"event":"solver_sample","phase":"solver_entry_prior_interval","sequence":53,"state":{"position":[-0.00818950403481722,0.000999987125396729,-13.9699420928955],"velocity":[-0.00031994646997191,0.0,6.0],"yaw":-0.0000531859950569924},"tick":475,"time_ms":16104}
S04 {"contacts":0,"event":"solver_sample","phase":"solver_entry_prior_interval","sequence":54,"state":{"position":[-0.00819483492523432,0.000999987125396729,-13.8699417114258],"velocity":[-0.000319863407639787,0.0,6.0],"yaw":-0.0000531859950569924},"tick":476,"time_ms":16119}
S04 {"contacts":0,"event":"solver_sample","phase":"solver_entry_prior_interval","sequence":55,"state":{"position":[-0.00820016488432884,0.000999987125396729,-13.7699413299561],"velocity":[-0.000319788669003174,0.0,6.0],"yaw":-0.0000531859950569924},"tick":477,"time_ms":16132}
S04 {"contacts":0,"event":"solver_sample","phase":"solver_entry_prior_interval","sequence":56,"state":{"position":[-0.00820549391210079,0.000999987125396729,-13.6699409484863],"velocity":[-0.000319721410050988,0.0,6.0],"yaw":-0.0000531859950569924},"tick":478,"time_ms":16150}
S04 {"contacts":0,"event":"solver_sample","phase":"solver_entry_prior_interval","sequence":57,"state":{"position":[-0.00821082200855017,0.000999987125396729,-13.5699405670166],"velocity":[-0.000319660874083638,0.0,6.0],"yaw":-0.0000531859950569924},"tick":479,"time_ms":16165}
S04 {"contacts":0,"event":"solver_sample","phase":"solver_entry_prior_interval","sequence":58,"state":{"position":[-0.00821614917367697,0.000999987125396729,-13.4699401855469],"velocity":[-0.000319606391713023,0.0,6.0],"yaw":-0.0000531859950569924},"tick":480,"time_ms":16180}
S04 {"body":"Dynamic","case":"wall_recovery","contact":{"position":[-0.00794392824172974,0.000999987125396729,-17.819953918457],"velocity":[-0.000245663890382275,0.0,-0.0000000130658781571924],"yaw":-0.0000531859950569924},"event":"body_case","recovered":{"position":[-0.00821614917367697,0.000999987125396729,-13.4699401855469],"velocity":[-0.000319557351758704,0.0,6.0],"yaw":-0.0000531859950569924},"time_ms":16184}
S04 {"event":"comparison_result","failures":[],"ok":true,"passive_unchanged":true,"solver_samples":480,"time_ms":16691}
