Godot Engine v4.8.dev7.official.c971f93e7 - https://godotengine.org

S03R {"can_draw":false,"display":"headless","engine":"4.8-dev7 (official)","event":"start","pid":37696,"profile":"baseline","renderer":"forward_plus","role":"client","time_ms":379,"user_dir":"C:/tmp/ft/s03r-01/baseline/client/user/appdata/Godot/app_userdata/Fun Things","wall_ms":1791487767738.0,"window_mode":1,"window_visible":true}
S03R {"entity":2,"event":"apply","pose":{"control":1,"durable":2,"entity":2,"position":[6.0,0.00100000004749745,14.0],"receipt_ms":372,"sequence":0,"tick":36,"velocity":[0.0,0.0,0.0],"yaw":0.0},"position":[6.0,0.00100000004749745,14.0],"time_ms":388,"wall_ms":1791487767746.0,"yaw":0.0}
S03R {"event":"input","index":1,"move":1.0,"position":[6.0,0.00100000004749745,14.0],"role":"client","sequence_floor":1,"tick":1,"time_ms":397,"turn":0.0,"wall_ms":1791487767755.0,"yaw":0.0}
S03R {"event":"keys","move":1.0,"role":"client","tick":1,"time_ms":402,"turn":0.0,"wall_ms":1791487767761.0}
S03R {"entity":1,"event":"apply","pose":{"control":1,"durable":2,"entity":1,"position":[0.0,0.00100011611357331,6.0],"receipt_ms":432,"sequence":1,"tick":39,"velocity":[0.0,0.0,0.0],"yaw":0.0},"position":[0.0,0.00100011611357331,6.0],"time_ms":454,"wall_ms":1791487767813.0,"yaw":0.0}
S03R {"entity":2,"event":"apply","pose":{"control":1,"durable":2,"entity":2,"position":[6.0,0.00100005290005356,14.0],"receipt_ms":432,"sequence":0,"tick":39,"velocity":[0.0,0.0,0.0],"yaw":0.0},"position":[6.0,0.00100005290005356,14.0],"time_ms":457,"wall_ms":1791487767816.0,"yaw":0.0}
S03R {"entity":1,"event":"apply","pose":{"control":1,"durable":2,"entity":1,"position":[0.0,0.00100011611357331,6.0],"receipt_ms":480,"sequence":2,"tick":42,"velocity":[0.0,0.0,0.0],"yaw":0.0},"position":[0.0,0.00100011611357331,6.0],"time_ms":487,"wall_ms":1791487767845.0,"yaw":0.0}
S03R {"entity":2,"event":"apply","pose":{"control":1,"durable":2,"entity":2,"position":[6.0,0.00100005290005356,13.7500009536743],"receipt_ms":480,"sequence":1,"tick":42,"velocity":[0.0,0.0,-5.0],"yaw":0.0},"position":[6.0,0.00100005290005356,13.7500009536743],"time_ms":489,"wall_ms":1791487767848.0,"yaw":0.0}
S03R {"entity":1,"event":"apply","pose":{"control":1,"durable":2,"entity":1,"position":[0.0,0.00100011611357331,6.0],"receipt_ms":542,"sequence":4,"tick":45,"velocity":[0.0,0.0,0.0],"yaw":0.0},"position":[0.0,0.00100011611357331,6.0],"time_ms":549,"wall_ms":1791487767908.0,"yaw":0.0}
S03R {"entity":2,"event":"apply","pose":{"control":1,"durable":2,"entity":2,"position":[6.0,0.00100005290005356,13.5000019073486],"receipt_ms":542,"sequence":3,"tick":45,"velocity":[0.0,0.0,-5.0],"yaw":0.0},"position":[6.0,0.00100005290005356,13.5000019073486],"time_ms":554,"wall_ms":1791487767912.0,"yaw":0.0}
S03R {"event":"keys","move":0.0,"role":"client","tick":12,"time_ms":583,"turn":0.0,"wall_ms":1791487767941.0}
S03R {"entity":1,"event":"apply","pose":{"control":1,"durable":2,"entity":1,"position":[0.0,0.00100011611357331,6.0],"receipt_ms":570,"sequence":5,"tick":48,"velocity":[0.0,0.0,0.0],"yaw":0.0},"position":[0.0,0.00100011611357331,6.0],"time_ms":586,"wall_ms":1791487767945.0,"yaw":0.0}
S03R {"entity":2,"event":"apply","pose":{"control":1,"durable":2,"entity":2,"position":[6.0,0.00100005290005356,13.2500028610229],"receipt_ms":570,"sequence":5,"tick":48,"velocity":[0.0,0.0,-5.0],"yaw":0.0},"position":[6.0,0.00100005290005356,13.2500028610229],"time_ms":591,"wall_ms":1791487767950.0,"yaw":0.0}
S03R {"entity":1,"event":"apply","pose":{"control":1,"durable":2,"entity":1,"position":[0.0,0.00100011611357331,6.0],"receipt_ms":625,"sequence":7,"tick":51,"velocity":[0.0,0.0,0.0],"yaw":0.0},"position":[0.0,0.00100011611357331,6.0],"time_ms":632,"wall_ms":1791487767991.0,"yaw":0.0}
S03R {"entity":2,"event":"apply","pose":{"control":1,"durable":2,"entity":2,"position":[6.0,0.00100005290005356,13.1666698455811],"receipt_ms":625,"sequence":6,"tick":51,"velocity":[0.0,0.0,0.0],"yaw":0.0},"position":[6.0,0.00100005290005356,13.1666698455811],"time_ms":635,"wall_ms":1791487767994.0,"yaw":0.0}
S03R {"entity":1,"event":"apply","pose":{"control":1,"durable":2,"entity":1,"position":[0.0,0.00100011611357331,6.0],"receipt_ms":680,"sequence":8,"tick":54,"velocity":[0.0,0.0,0.0],"yaw":0.0},"position":[0.0,0.00100011611357331,6.0],"time_ms":687,"wall_ms":1791487768045.0,"yaw":0.0}
S03R {"entity":2,"event":"apply","pose":{"control":1,"durable":2,"entity":2,"position":[6.0,0.00100005290005356,13.1666698455811],"receipt_ms":680,"sequence":8,"tick":54,"velocity":[0.0,0.0,0.0],"yaw":0.0},"position":[6.0,0.00100005290005356,13.1666698455811],"time_ms":689,"wall_ms":1791487768049.0,"yaw":0.0}
S03R {"entity":1,"event":"apply","pose":{"control":1,"durable":2,"entity":1,"position":[0.0,0.00100011611357331,6.0],"receipt_ms":728,"sequence":10,"tick":57,"velocity":[0.0,0.0,0.0],"yaw":0.0},"position":[0.0,0.00100011611357331,6.0],"time_ms":735,"wall_ms":1791487768094.0,"yaw":0.0}
S03R {"entity":2,"event":"apply","pose":{"control":1,"durable":2,"entity":2,"position":[6.0,0.00100005290005356,13.1666698455811],"receipt_ms":728,"sequence":8,"tick":57,"velocity":[0.0,0.0,0.0],"yaw":0.0},"position":[6.0,0.00100005290005356,13.1666698455811],"time_ms":738,"wall_ms":1791487768097.0,"yaw":0.0}
S03R {"entity":1,"event":"apply","pose":{"control":1,"durable":2,"entity":1,"position":[0.0,0.00100011611357331,6.0],"receipt_ms":776,"sequence":11,"tick":60,"velocity":[0.0,0.0,0.0],"yaw":0.0},"position":[0.0,0.00100011611357331,6.0],"time_ms":783,"wall_ms":1791487768142.0,"yaw":0.0}
S03R {"entity":2,"event":"apply","pose":{"control":1,"durable":2,"entity":2,"position":[6.0,0.00100005290005356,13.1666698455811],"receipt_ms":776,"sequence":11,"tick":60,"velocity":[0.0,0.0,0.0],"yaw":0.0},"position":[6.0,0.00100005290005356,13.1666698455811],"time_ms":786,"wall_ms":1791487768145.0,"yaw":0.0}
S03R {"entity":1,"event":"apply","pose":{"control":1,"durable":2,"entity":1,"position":[0.0,0.00100011611357331,6.0],"receipt_ms":825,"sequence":13,"tick":63,"velocity":[0.0,0.0,0.0],"yaw":0.0},"position":[0.0,0.00100011611357331,6.0],"time_ms":832,"wall_ms":1791487768191.0,"yaw":0.0}
S03R {"entity":2,"event":"apply","pose":{"control":1,"durable":2,"entity":2,"position":[6.0,0.00100005290005356,13.1666698455811],"receipt_ms":825,"sequence":12,"tick":63,"velocity":[0.0,0.0,0.0],"yaw":0.0},"position":[6.0,0.00100005290005356,13.1666698455811],"time_ms":835,"wall_ms":1791487768194.0,"yaw":0.0}
S03R {"event":"input","index":2,"move":0.0,"position":[6.0,0.00100005290005356,13.1666698455811],"role":"client","sequence_floor":15,"tick":30,"time_ms":887,"turn":1.0,"wall_ms":1791487768246.0,"yaw":0.0}
S03R {"event":"keys","move":0.0,"role":"client","tick":30,"time_ms":890,"turn":1.0,"wall_ms":1791487768249.0}
S03R {"entity":1,"event":"apply","pose":{"control":1,"durable":2,"entity":1,"position":[0.0,0.00100011611357331,6.0],"receipt_ms":873,"sequence":14,"tick":66,"velocity":[0.0,0.0,0.0],"yaw":0.0},"position":[0.0,0.00100011611357331,6.0],"time_ms":893,"wall_ms":1791487768251.0,"yaw":0.0}
S03R {"entity":2,"event":"apply","pose":{"control":1,"durable":2,"entity":2,"position":[6.0,0.00100005290005356,13.1666698455811],"receipt_ms":873,"sequence":13,"tick":66,"velocity":[0.0,0.0,0.0],"yaw":0.0},"position":[6.0,0.00100005290005356,13.1666698455811],"time_ms":895,"wall_ms":1791487768254.0,"yaw":0.0}
S03R {"entity":1,"event":"apply","pose":{"control":1,"durable":2,"entity":1,"position":[0.0,0.00100011611357331,6.0],"receipt_ms":928,"sequence":16,"tick":69,"velocity":[0.0,0.0,0.0],"yaw":0.0},"position":[0.0,0.00100011611357331,6.0],"time_ms":935,"wall_ms":1791487768293.0,"yaw":0.0}
S03R {"entity":2,"event":"apply","pose":{"control":1,"durable":2,"entity":2,"position":[6.0,0.00100005290005356,13.1666698455811],"receipt_ms":928,"sequence":15,"tick":69,"velocity":[0.0,0.0,0.0],"yaw":-0.0523598827421665},"position":[6.0,0.00100005290005356,13.1666698455811],"time_ms":938,"wall_ms":1791487768297.0,"yaw":-0.0523598827421665}
S03R {"entity":1,"event":"apply","pose":{"control":1,"durable":2,"entity":1,"position":[0.0,0.00100011611357331,6.0],"receipt_ms":977,"sequence":17,"tick":72,"velocity":[0.0,0.0,0.0],"yaw":0.0},"position":[0.0,0.00100011611357331,6.0],"time_ms":983,"wall_ms":1791487768343.0,"yaw":0.0}
S03R {"entity":2,"event":"apply","pose":{"control":1,"durable":2,"entity":2,"position":[6.0,0.00100005290005356,13.1666698455811],"receipt_ms":977,"sequence":17,"tick":72,"velocity":[0.0,0.0,0.0],"yaw":-0.209439501166344},"position":[6.0,0.00100005290005356,13.1666698455811],"time_ms":986,"wall_ms":1791487768346.0,"yaw":-0.209439501166344}
S03R {"entity":1,"event":"apply","pose":{"control":1,"durable":2,"entity":1,"position":[0.0,0.00100011611357331,6.0],"receipt_ms":1025,"sequence":19,"tick":75,"velocity":[0.0,0.0,0.0],"yaw":0.0},"position":[0.0,0.00100011611357331,6.0],"time_ms":1032,"wall_ms":1791487768390.0,"yaw":0.0}
S03R {"entity":2,"event":"apply","pose":{"control":1,"durable":2,"entity":2,"position":[6.0,0.00100005290005356,13.1666698455811],"receipt_ms":1025,"sequence":17,"tick":75,"velocity":[0.0,0.0,0.0],"yaw":-0.366519093513489},"position":[6.0,0.00100005290005356,13.1666698455811],"time_ms":1034,"wall_ms":1791487768393.0,"yaw":-0.366519093513489}
S03R {"event":"keys","move":0.0,"role":"client","tick":42,"time_ms":1087,"turn":0.0,"wall_ms":1791487768446.0}
S03R {"entity":1,"event":"apply","pose":{"control":1,"durable":2,"entity":1,"position":[0.0,0.00100011611357331,6.0],"receipt_ms":1073,"sequence":20,"tick":78,"velocity":[0.0,0.0,0.0],"yaw":0.0},"position":[0.0,0.00100011611357331,6.0],"time_ms":1090,"wall_ms":1791487768449.0,"yaw":0.0}
S03R {"entity":2,"event":"apply","pose":{"control":1,"durable":2,"entity":2,"position":[6.0,0.00100005290005356,13.1666698455811],"receipt_ms":1073,"sequence":20,"tick":78,"velocity":[0.0,0.0,0.0],"yaw":-0.523598730564117},"position":[6.0,0.00100005290005356,13.1666698455811],"time_ms":1092,"wall_ms":1791487768451.0,"yaw":-0.523598730564117}
S03R {"entity":1,"event":"apply","pose":{"control":1,"durable":2,"entity":1,"position":[0.0,0.00100011611357331,6.0],"receipt_ms":1122,"sequence":22,"tick":81,"velocity":[0.0,0.0,0.0],"yaw":0.0},"position":[0.0,0.00100011611357331,6.0],"time_ms":1135,"wall_ms":1791487768495.0,"yaw":0.0}
S03R {"entity":2,"event":"apply","pose":{"control":1,"durable":2,"entity":2,"position":[6.0,0.00100005290005356,13.1666698455811],"receipt_ms":1122,"sequence":21,"tick":81,"velocity":[0.0,0.0,0.0],"yaw":-0.628318548202515},"position":[6.0,0.00100005290005356,13.1666698455811],"time_ms":1139,"wall_ms":1791487768499.0,"yaw":-0.628318548202515}
S03R {"entity":1,"event":"apply","pose":{"control":1,"durable":2,"entity":1,"position":[0.0,0.00100011611357331,6.0],"receipt_ms":1177,"sequence":23,"tick":84,"velocity":[0.0,0.0,0.0],"yaw":0.0},"position":[0.0,0.00100011611357331,6.0],"time_ms":1184,"wall_ms":1791487768542.0,"yaw":0.0}
S03R {"entity":2,"event":"apply","pose":{"control":1,"durable":2,"entity":2,"position":[6.0,0.00100005290005356,13.1666698455811],"receipt_ms":1177,"sequence":23,"tick":84,"velocity":[0.0,0.0,0.0],"yaw":-0.628318548202515},"position":[6.0,0.00100005290005356,13.1666698455811],"time_ms":1187,"wall_ms":1791487768545.0,"yaw":-0.628318548202515}
S03R {"entity":1,"event":"apply","pose":{"control":1,"durable":2,"entity":1,"position":[0.0,0.00100011611357331,6.0],"receipt_ms":1225,"sequence":25,"tick":87,"velocity":[0.0,0.0,0.0],"yaw":0.0},"position":[0.0,0.00100011611357331,6.0],"time_ms":1232,"wall_ms":1791487768590.0,"yaw":0.0}
S03R {"entity":2,"event":"apply","pose":{"control":1,"durable":2,"entity":2,"position":[6.0,0.00100005290005356,13.1666698455811],"receipt_ms":1225,"sequence":24,"tick":87,"velocity":[0.0,0.0,0.0],"yaw":-0.628318548202515},"position":[6.0,0.00100005290005356,13.1666698455811],"time_ms":1235,"wall_ms":1791487768593.0,"yaw":-0.628318548202515}
S03R {"entity":1,"event":"apply","pose":{"control":1,"durable":2,"entity":1,"position":[0.0,0.00100011611357331,6.0],"receipt_ms":1273,"sequence":26,"tick":90,"velocity":[0.0,0.0,0.0],"yaw":0.0},"position":[0.0,0.00100011611357331,6.0],"time_ms":1287,"wall_ms":1791487768646.0,"yaw":0.0}
S03R {"entity":2,"event":"apply","pose":{"control":1,"durable":2,"entity":2,"position":[6.0,0.00100005290005356,13.1666698455811],"receipt_ms":1273,"sequence":25,"tick":90,"velocity":[0.0,0.0,0.0],"yaw":-0.628318548202515},"position":[6.0,0.00100005290005356,13.1666698455811],"time_ms":1290,"wall_ms":1791487768649.0,"yaw":-0.628318548202515}
S03R {"entity":1,"event":"apply","pose":{"control":1,"durable":2,"entity":1,"position":[0.0,0.00100011611357331,6.0],"receipt_ms":1322,"sequence":28,"tick":93,"velocity":[0.0,0.0,0.0],"yaw":0.0},"position":[0.0,0.00100011611357331,6.0],"time_ms":1335,"wall_ms":1791487768693.0,"yaw":0.0}
S03R {"entity":2,"event":"apply","pose":{"control":1,"durable":2,"entity":2,"position":[6.0,0.00100005290005356,13.1666698455811],"receipt_ms":1322,"sequence":26,"tick":93,"velocity":[0.0,0.0,0.0],"yaw":-0.628318548202515},"position":[6.0,0.00100005290005356,13.1666698455811],"time_ms":1338,"wall_ms":1791487768697.0,"yaw":-0.628318548202515}
S03R {"event":"input","index":3,"move":1.0,"position":[6.0,0.00100005290005356,13.1666698455811],"role":"client","sequence_floor":30,"tick":60,"time_ms":1384,"turn":0.0,"wall_ms":1791487768742.0,"yaw":-0.628318548202515}
S03R {"event":"keys","move":1.0,"role":"client","tick":60,"time_ms":1386,"turn":0.0,"wall_ms":1791487768745.0}
S03R {"entity":1,"event":"apply","pose":{"control":1,"durable":2,"entity":1,"position":[0.0,0.00100011611357331,6.0],"receipt_ms":1371,"sequence":29,"tick":96,"velocity":[0.0,0.0,0.0],"yaw":0.0},"position":[0.0,0.00100011611357331,6.0],"time_ms":1391,"wall_ms":1791487768750.0,"yaw":0.0}
S03R {"entity":2,"event":"apply","pose":{"control":1,"durable":2,"entity":2,"position":[6.0,0.00100005290005356,13.1666698455811],"receipt_ms":1371,"sequence":28,"tick":96,"velocity":[0.0,0.0,0.0],"yaw":-0.628318548202515},"position":[6.0,0.00100005290005356,13.1666698455811],"time_ms":1394,"wall_ms":1791487768753.0,"yaw":-0.628318548202515}
S03R {"entity":1,"event":"apply","pose":{"control":1,"durable":2,"entity":1,"position":[0.0,0.00100011611357331,6.0],"receipt_ms":1422,"sequence":31,"tick":99,"velocity":[0.0,0.0,0.0],"yaw":0.0},"position":[0.0,0.00100011611357331,6.0],"time_ms":1434,"wall_ms":1791487768794.0,"yaw":0.0}
S03R {"entity":2,"event":"apply","pose":{"control":1,"durable":2,"entity":2,"position":[6.0489821434021,0.00100005290005356,13.0992517471313],"receipt_ms":1422,"sequence":30,"tick":99,"velocity":[2.93892574310303,0.0,-4.04508447647095],"yaw":-0.628318548202515},"position":[6.0489821434021,0.00100005290005356,13.0992517471313],"time_ms":1437,"wall_ms":1791487768797.0,"yaw":-0.628318548202515}
S03R {"entity":1,"event":"apply","pose":{"control":1,"durable":2,"entity":1,"position":[0.0,0.00100011611357331,6.0],"receipt_ms":1476,"sequence":32,"tick":102,"velocity":[0.0,0.0,0.0],"yaw":0.0},"position":[0.0,0.00100011611357331,6.0],"time_ms":1490,"wall_ms":1791487768848.0,"yaw":0.0}
S03R {"entity":2,"event":"apply","pose":{"control":1,"durable":2,"entity":2,"position":[6.1959285736084,0.00100005290005356,12.8969974517822],"receipt_ms":1476,"sequence":31,"tick":102,"velocity":[2.93892574310303,0.0,-4.04508447647095],"yaw":-0.628318548202515},"position":[6.1959285736084,0.00100005290005356,12.8969974517822],"time_ms":1493,"wall_ms":1791487768851.0,"yaw":-0.628318548202515}
S03R {"entity":1,"event":"apply","pose":{"control":1,"durable":2,"entity":1,"position":[0.0,0.00100011611357331,6.0],"receipt_ms":1518,"sequence":34,"tick":105,"velocity":[0.0,0.0,0.0],"yaw":0.0},"position":[0.0,0.00100011611357331,6.0],"time_ms":1538,"wall_ms":1791487768897.0,"yaw":0.0}
S03R {"entity":2,"event":"apply","pose":{"control":1,"durable":2,"entity":2,"position":[6.3428750038147,0.00100005290005356,12.6947431564331],"receipt_ms":1518,"sequence":33,"tick":105,"velocity":[2.93892574310303,0.0,-4.04508447647095],"yaw":-0.628318548202515},"position":[6.3428750038147,0.00100005290005356,12.6947431564331],"time_ms":1542,"wall_ms":1791487768900.0,"yaw":-0.628318548202515}
S03R {"entity":1,"event":"apply","pose":{"control":1,"durable":2,"entity":1,"position":[0.0,0.00100011611357331,6.0],"receipt_ms":1566,"sequence":35,"tick":108,"velocity":[0.0,0.0,0.0],"yaw":0.0},"position":[0.0,0.00100011611357331,6.0],"time_ms":1572,"wall_ms":1791487768932.0,"yaw":0.0}
S03R {"entity":2,"event":"apply","pose":{"control":1,"durable":2,"entity":2,"position":[6.489821434021,0.00100005290005356,12.492488861084],"receipt_ms":1566,"sequence":34,"tick":108,"velocity":[2.93892574310303,0.0,-4.04508447647095],"yaw":-0.628318548202515},"position":[6.489821434021,0.00100005290005356,12.492488861084],"time_ms":1575,"wall_ms":1791487768934.0,"yaw":-0.628318548202515}
S03R {"event":"keys","move":0.0,"role":"client","tick":72,"time_ms":1586,"turn":0.0,"wall_ms":1791487768945.0}
S03R {"entity":1,"event":"apply","pose":{"control":1,"durable":2,"entity":1,"position":[0.0,0.00100011611357331,6.0],"receipt_ms":1614,"sequence":37,"tick":111,"velocity":[0.0,0.0,0.0],"yaw":0.0},"position":[0.0,0.00100011611357331,6.0],"time_ms":1621,"wall_ms":1791487768980.0,"yaw":0.0}
S03R {"entity":2,"event":"apply","pose":{"control":1,"durable":2,"entity":2,"position":[6.63676786422729,0.00100005290005356,12.2902345657349],"receipt_ms":1614,"sequence":35,"tick":111,"velocity":[2.93892574310303,0.0,-4.04508447647095],"yaw":-0.628318548202515},"position":[6.63676786422729,0.00100005290005356,12.2902345657349],"time_ms":1625,"wall_ms":1791487768984.0,"yaw":-0.628318548202515}
S03R {"entity":1,"event":"apply","pose":{"control":1,"durable":2,"entity":1,"position":[0.0,0.00100011611357331,6.0],"receipt_ms":1670,"sequence":38,"tick":114,"velocity":[0.0,0.0,0.0],"yaw":0.0},"position":[0.0,0.00100011611357331,6.0],"time_ms":1683,"wall_ms":1791487769041.0,"yaw":0.0}
S03R {"entity":2,"event":"apply","pose":{"control":1,"durable":2,"entity":2,"position":[6.68575000762939,0.00100005290005356,12.2228164672852],"receipt_ms":1670,"sequence":37,"tick":114,"velocity":[0.0,0.0,0.0],"yaw":-0.628318548202515},"position":[6.68575000762939,0.00100005290005356,12.2228164672852],"time_ms":1686,"wall_ms":1791487769044.0,"yaw":-0.628318548202515}
S03R {"entity":1,"event":"apply","pose":{"control":1,"durable":2,"entity":1,"position":[0.0,0.00100011611357331,6.0],"receipt_ms":1732,"sequence":40,"tick":117,"velocity":[0.0,0.0,0.0],"yaw":0.0},"position":[0.0,0.00100011611357331,6.0],"time_ms":1738,"wall_ms":1791487769097.0,"yaw":0.0}
S03R {"entity":2,"event":"apply","pose":{"control":1,"durable":2,"entity":2,"position":[6.68575000762939,0.00100005290005356,12.2228164672852],"receipt_ms":1732,"sequence":39,"tick":117,"velocity":[0.0,0.0,0.0],"yaw":-0.628318548202515},"position":[6.68575000762939,0.00100005290005356,12.2228164672852],"time_ms":1742,"wall_ms":1791487769100.0,"yaw":-0.628318548202515}
S03R {"entity":1,"event":"apply","pose":{"control":1,"durable":2,"entity":1,"position":[0.0,0.00100011611357331,6.0],"receipt_ms":1766,"sequence":41,"tick":120,"velocity":[0.0,0.0,0.0],"yaw":0.0},"position":[0.0,0.00100011611357331,6.0],"time_ms":1787,"wall_ms":1791487769146.0,"yaw":0.0}
S03R {"entity":2,"event":"apply","pose":{"control":1,"durable":2,"entity":2,"position":[6.68575000762939,0.00100005290005356,12.2228164672852],"receipt_ms":1766,"sequence":40,"tick":120,"velocity":[0.0,0.0,0.0],"yaw":-0.628318548202515},"position":[6.68575000762939,0.00100005290005356,12.2228164672852],"time_ms":1799,"wall_ms":1791487769158.0,"yaw":-0.628318548202515}
S03R {"entity":1,"event":"apply","pose":{"control":1,"durable":2,"entity":1,"position":[0.0,0.00100011611357331,6.0],"receipt_ms":1818,"sequence":43,"tick":123,"velocity":[0.0,0.0,0.0],"yaw":0.0},"position":[0.0,0.00100011611357331,6.0],"time_ms":1825,"wall_ms":1791487769183.0,"yaw":0.0}
S03R {"entity":2,"event":"apply","pose":{"control":1,"durable":2,"entity":2,"position":[6.68575000762939,0.00100005290005356,12.2228164672852],"receipt_ms":1818,"sequence":42,"tick":123,"velocity":[0.0,0.0,0.0],"yaw":-0.628318548202515},"position":[6.68575000762939,0.00100005290005356,12.2228164672852],"time_ms":1828,"wall_ms":1791487769187.0,"yaw":-0.628318548202515}
S03R {"entity":1,"event":"apply","pose":{"control":1,"durable":2,"entity":1,"position":[0.0,0.00100011611357331,6.0],"receipt_ms":1866,"sequence":44,"tick":126,"velocity":[0.0,0.0,0.0],"yaw":0.0},"position":[0.0,0.00100011611357331,6.0],"time_ms":1873,"wall_ms":1791487769232.0,"yaw":0.0}
S03R {"entity":2,"event":"apply","pose":{"control":1,"durable":2,"entity":2,"position":[6.68575000762939,0.00100005290005356,12.2228164672852],"receipt_ms":1866,"sequence":43,"tick":126,"velocity":[0.0,0.0,0.0],"yaw":-0.628318548202515},"position":[6.68575000762939,0.00100005290005356,12.2228164672852],"time_ms":1876,"wall_ms":1791487769234.0,"yaw":-0.628318548202515}
S03R {"event":"input","index":4,"move":0.0,"position":[6.68575000762939,0.00100005290005356,12.2228164672852],"role":"client","sequence_floor":45,"tick":90,"time_ms":1887,"turn":-1.0,"wall_ms":1791487769245.0,"yaw":-0.628318548202515}
S03R {"event":"keys","move":0.0,"role":"client","tick":90,"time_ms":1890,"turn":-1.0,"wall_ms":1791487769248.0}
S03R {"entity":1,"event":"apply","pose":{"control":1,"durable":2,"entity":1,"position":[0.0,0.00100011611357331,6.0],"receipt_ms":1922,"sequence":46,"tick":129,"velocity":[0.0,0.0,0.0],"yaw":0.0},"position":[0.0,0.00100011611357331,6.0],"time_ms":1935,"wall_ms":1791487769294.0,"yaw":0.0}
S03R {"entity":2,"event":"apply","pose":{"control":1,"durable":2,"entity":2,"position":[6.68575000762939,0.00100005290005356,12.2228164672852],"receipt_ms":1922,"sequence":44,"tick":129,"velocity":[0.0,0.0,0.0],"yaw":-0.628318548202515},"position":[6.68575000762939,0.00100005290005356,12.2228164672852],"time_ms":1938,"wall_ms":1791487769296.0,"yaw":-0.628318548202515}
S03R {"entity":1,"event":"apply","pose":{"control":1,"durable":2,"entity":1,"position":[0.0,0.00100011611357331,6.0],"receipt_ms":1970,"sequence":47,"tick":132,"velocity":[0.0,0.0,0.0],"yaw":0.0},"position":[0.0,0.00100011611357331,6.0],"time_ms":1990,"wall_ms":1791487769349.0,"yaw":0.0}
S03R {"entity":2,"event":"apply","pose":{"control":1,"durable":2,"entity":2,"position":[6.68575000762939,0.00100005290005356,12.2228164672852],"receipt_ms":1970,"sequence":46,"tick":132,"velocity":[0.0,0.0,0.0],"yaw":-0.523598790168762},"position":[6.68575000762939,0.00100005290005356,12.2228164672852],"time_ms":1993,"wall_ms":1791487769352.0,"yaw":-0.523598790168762}
S03R {"entity":1,"event":"apply","pose":{"control":1,"durable":2,"entity":1,"position":[0.0,0.00100011611357331,6.0],"receipt_ms":2018,"sequence":49,"tick":135,"velocity":[0.0,0.0,0.0],"yaw":0.0},"position":[0.0,0.00100011611357331,6.0],"time_ms":2038,"wall_ms":1791487769397.0,"yaw":0.0}
S03R {"entity":2,"event":"apply","pose":{"control":1,"durable":2,"entity":2,"position":[6.68575000762939,0.00100005290005356,12.2228164672852],"receipt_ms":2018,"sequence":48,"tick":135,"velocity":[0.0,0.0,0.0],"yaw":-0.366519123315811},"position":[6.68575000762939,0.00100005290005356,12.2228164672852],"time_ms":2041,"wall_ms":1791487769399.0,"yaw":-0.366519123315811}
S03R {"entity":1,"event":"apply","pose":{"control":1,"durable":2,"entity":1,"position":[0.0,0.00100011611357331,6.0],"receipt_ms":2066,"sequence":50,"tick":138,"velocity":[0.0,0.0,0.0],"yaw":0.0},"position":[0.0,0.00100011611357331,6.0],"time_ms":2073,"wall_ms":1791487769431.0,"yaw":0.0}
S03R {"entity":2,"event":"apply","pose":{"control":1,"durable":2,"entity":2,"position":[6.68575000762939,0.00100005290005356,12.2228164672852],"receipt_ms":2066,"sequence":49,"tick":138,"velocity":[0.0,0.0,0.0],"yaw":-0.209439486265183},"position":[6.68575000762939,0.00100005290005356,12.2228164672852],"time_ms":2076,"wall_ms":1791487769435.0,"yaw":-0.209439486265183}
S03R {"event":"keys","move":0.0,"role":"client","tick":102,"time_ms":2087,"turn":0.0,"wall_ms":1791487769446.0}
S03R {"entity":1,"event":"apply","pose":{"control":1,"durable":2,"entity":1,"position":[0.0,0.00100011611357331,6.0],"receipt_ms":2128,"sequence":52,"tick":141,"velocity":[0.0,0.0,0.0],"yaw":0.0},"position":[0.0,0.00100011611357331,6.0],"time_ms":2135,"wall_ms":1791487769494.0,"yaw":0.0}
S03R {"entity":2,"event":"apply","pose":{"control":1,"durable":2,"entity":2,"position":[6.68575000762939,0.00100005290005356,12.2228164672852],"receipt_ms":2128,"sequence":51,"tick":141,"velocity":[0.0,0.0,0.0],"yaw":-0.104719713330269},"position":[6.68575000762939,0.00100005290005356,12.2228164672852],"time_ms":2138,"wall_ms":1791487769496.0,"yaw":-0.104719713330269}
S03R {"entity":1,"event":"apply","pose":{"control":1,"durable":2,"entity":1,"position":[0.0,0.00100011611357331,6.0],"receipt_ms":2170,"sequence":53,"tick":144,"velocity":[0.0,0.0,0.0],"yaw":0.0},"position":[0.0,0.00100011611357331,6.0],"time_ms":2183,"wall_ms":1791487769542.0,"yaw":0.0}
S03R {"entity":2,"event":"apply","pose":{"control":1,"durable":2,"entity":2,"position":[6.68575000762939,0.00100005290005356,12.2228164672852],"receipt_ms":2170,"sequence":52,"tick":144,"velocity":[0.0,0.0,0.0],"yaw":-0.104719713330269},"position":[6.68575000762939,0.00100005290005356,12.2228164672852],"time_ms":2186,"wall_ms":1791487769545.0,"yaw":-0.104719713330269}
S03R {"entity":1,"event":"apply","pose":{"control":1,"durable":2,"entity":1,"position":[0.0,0.00100011611357331,6.0],"receipt_ms":2219,"sequence":55,"tick":147,"velocity":[0.0,0.0,0.0],"yaw":0.0},"position":[0.0,0.00100011611357331,6.0],"time_ms":2239,"wall_ms":1791487769597.0,"yaw":0.0}
S03R {"entity":2,"event":"apply","pose":{"control":1,"durable":2,"entity":2,"position":[6.68575000762939,0.00100005290005356,12.2228164672852],"receipt_ms":2219,"sequence":53,"tick":147,"velocity":[0.0,0.0,0.0],"yaw":-0.104719713330269},"position":[6.68575000762939,0.00100005290005356,12.2228164672852],"time_ms":2241,"wall_ms":1791487769600.0,"yaw":-0.104719713330269}
S03R {"entity":1,"event":"apply","pose":{"control":1,"durable":2,"entity":1,"position":[0.0,0.00100011611357331,6.0],"receipt_ms":2267,"sequence":56,"tick":150,"velocity":[0.0,0.0,0.0],"yaw":0.0},"position":[0.0,0.00100011611357331,6.0],"time_ms":2287,"wall_ms":1791487769646.0,"yaw":0.0}
S03R {"entity":2,"event":"apply","pose":{"control":1,"durable":2,"entity":2,"position":[6.68575000762939,0.00100005290005356,12.2228164672852],"receipt_ms":2267,"sequence":55,"tick":150,"velocity":[0.0,0.0,0.0],"yaw":-0.104719713330269},"position":[6.68575000762939,0.00100005290005356,12.2228164672852],"time_ms":2290,"wall_ms":1791487769648.0,"yaw":-0.104719713330269}
S03R {"entity":1,"event":"apply","pose":{"control":1,"durable":2,"entity":1,"position":[0.0,0.00100011611357331,6.0],"receipt_ms":2322,"sequence":58,"tick":153,"velocity":[0.0,0.0,0.0],"yaw":0.0},"position":[0.0,0.00100011611357331,6.0],"time_ms":2335,"wall_ms":1791487769694.0,"yaw":0.0}
S03R {"entity":2,"event":"apply","pose":{"control":1,"durable":2,"entity":2,"position":[6.68575000762939,0.00100005290005356,12.2228164672852],"receipt_ms":2322,"sequence":57,"tick":153,"velocity":[0.0,0.0,0.0],"yaw":-0.104719713330269},"position":[6.68575000762939,0.00100005290005356,12.2228164672852],"time_ms":2338,"wall_ms":1791487769696.0,"yaw":-0.104719713330269}
S03R {"event":"input","index":5,"move":1.0,"position":[6.68575000762939,0.00100005290005356,12.2228164672852],"role":"client","sequence_floor":60,"tick":120,"time_ms":2383,"turn":0.0,"wall_ms":1791487769743.0,"yaw":-0.104719713330269}
S03R {"event":"keys","move":1.0,"role":"client","tick":120,"time_ms":2386,"turn":0.0,"wall_ms":1791487769744.0}
S03R {"entity":1,"event":"apply","pose":{"control":1,"durable":2,"entity":1,"position":[0.0,0.00100011611357331,6.0],"receipt_ms":2370,"sequence":59,"tick":156,"velocity":[0.0,0.0,0.0],"yaw":0.0},"position":[0.0,0.00100011611357331,6.0],"time_ms":2389,"wall_ms":1791487769748.0,"yaw":0.0}
S03R {"entity":2,"event":"apply","pose":{"control":1,"durable":2,"entity":2,"position":[6.68575000762939,0.00100005290005356,12.2228164672852],"receipt_ms":2370,"sequence":58,"tick":156,"velocity":[0.0,0.0,0.0],"yaw":-0.104719713330269},"position":[6.68575000762939,0.00100005290005356,12.2228164672852],"time_ms":2392,"wall_ms":1791487769750.0,"yaw":-0.104719713330269}
S03R {"entity":1,"event":"apply","pose":{"control":1,"durable":2,"entity":1,"position":[0.0,0.00100011611357331,6.15000057220459],"receipt_ms":2419,"sequence":61,"tick":159,"velocity":[0.0,0.0,3.0],"yaw":0.0},"position":[0.0,0.00100011611357331,6.15000057220459],"time_ms":2432,"wall_ms":1791487769791.0,"yaw":0.0}
S03R {"entity":2,"event":"apply","pose":{"control":1,"durable":2,"entity":2,"position":[6.69446086883545,0.00100005290005356,12.1399393081665],"receipt_ms":2419,"sequence":60,"tick":159,"velocity":[0.522641897201538,0.0,-4.97260761260986],"yaw":-0.104719713330269},"position":[6.69446086883545,0.00100005290005356,12.1399393081665],"time_ms":2435,"wall_ms":1791487769793.0,"yaw":-0.104719713330269}
S03R {"entity":1,"event":"apply","pose":{"control":1,"durable":2,"entity":1,"position":[0.0,0.00100011611357331,6.30000114440918],"receipt_ms":2467,"sequence":62,"tick":162,"velocity":[0.0,0.0,3.0],"yaw":0.0},"position":[0.0,0.00100011611357331,6.30000114440918],"time_ms":2487,"wall_ms":1791487769846.0,"yaw":0.0}
S03R {"entity":2,"event":"apply","pose":{"control":1,"durable":2,"entity":2,"position":[6.72059345245361,0.00100005290005356,11.8913078308105],"receipt_ms":2467,"sequence":61,"tick":162,"velocity":[0.522641897201538,0.0,-4.97260761260986],"yaw":-0.104719713330269},"position":[6.72059345245361,0.00100005290005356,11.8913078308105],"time_ms":2490,"wall_ms":1791487769849.0,"yaw":-0.104719713330269}
S03R {"entity":1,"event":"apply","pose":{"control":1,"durable":2,"entity":1,"position":[0.0,0.00100011611357331,6.45000171661377],"receipt_ms":2522,"sequence":64,"tick":165,"velocity":[0.0,0.0,3.0],"yaw":0.0},"position":[0.0,0.00100011611357331,6.45000171661377],"time_ms":2535,"wall_ms":1791487769895.0,"yaw":0.0}
S03R {"entity":2,"event":"apply","pose":{"control":1,"durable":2,"entity":2,"position":[6.74672603607178,0.00100005290005356,11.6426763534546],"receipt_ms":2522,"sequence":62,"tick":165,"velocity":[0.522641897201538,0.0,-4.97260761260986],"yaw":-0.104719713330269},"position":[6.74672603607178,0.00100005290005356,11.6426763534546],"time_ms":2538,"wall_ms":1791487769897.0,"yaw":-0.104719713330269}
S03R {"event":"keys","move":0.0,"role":"client","tick":132,"time_ms":2584,"turn":0.0,"wall_ms":1791487769943.0}
S03R {"entity":1,"event":"apply","pose":{"control":1,"durable":2,"entity":1,"position":[0.0,0.00100011611357331,6.60000228881836],"receipt_ms":2570,"sequence":65,"tick":168,"velocity":[0.0,0.0,3.0],"yaw":0.0},"position":[0.0,0.00100011611357331,6.60000228881836],"time_ms":2586,"wall_ms":1791487769944.0,"yaw":0.0}
S03R {"entity":2,"event":"apply","pose":{"control":1,"durable":2,"entity":2,"position":[6.77285861968994,0.00100005290005356,11.3940448760986],"receipt_ms":2570,"sequence":65,"tick":168,"velocity":[0.522641897201538,0.0,-4.97260761260986],"yaw":-0.104719713330269},"position":[6.77285861968994,0.00100005290005356,11.3940448760986],"time_ms":2590,"wall_ms":1791487769948.0,"yaw":-0.104719713330269}
S03R {"entity":1,"event":"apply","pose":{"control":1,"durable":2,"entity":1,"position":[0.0,0.00100011611357331,6.75000286102295],"receipt_ms":2619,"sequence":67,"tick":171,"velocity":[0.0,0.0,3.0],"yaw":0.0},"position":[0.0,0.00100011611357331,6.75000286102295],"time_ms":2632,"wall_ms":1791487769991.0,"yaw":0.0}
S03R {"entity":2,"event":"apply","pose":{"control":1,"durable":2,"entity":2,"position":[6.781569480896,0.00100005290005356,11.31116771698],"receipt_ms":2619,"sequence":66,"tick":171,"velocity":[0.0,0.0,0.0],"yaw":-0.104719713330269},"position":[6.781569480896,0.00100005290005356,11.31116771698],"time_ms":2635,"wall_ms":1791487769993.0,"yaw":-0.104719713330269}
S03R {"entity":1,"event":"apply","pose":{"control":1,"durable":2,"entity":1,"position":[0.0,0.00100011611357331,6.90000343322754],"receipt_ms":2680,"sequence":68,"tick":174,"velocity":[0.0,0.0,3.0],"yaw":0.0},"position":[0.0,0.00100011611357331,6.90000343322754],"time_ms":2687,"wall_ms":1791487770046.0,"yaw":0.0}
S03R {"entity":2,"event":"apply","pose":{"control":1,"durable":2,"entity":2,"position":[6.781569480896,0.00100005290005356,11.31116771698],"receipt_ms":2680,"sequence":67,"tick":174,"velocity":[0.0,0.0,0.0],"yaw":-0.104719713330269},"position":[6.781569480896,0.00100005290005356,11.31116771698],"time_ms":2690,"wall_ms":1791487770049.0,"yaw":-0.104719713330269}
S03R {"entity":1,"event":"apply","pose":{"control":1,"durable":2,"entity":1,"position":[0.0,0.00100011611357331,7.05000400543213],"receipt_ms":2722,"sequence":70,"tick":177,"velocity":[0.0,0.0,3.0],"yaw":0.0},"position":[0.0,0.00100011611357331,7.05000400543213],"time_ms":2735,"wall_ms":1791487770094.0,"yaw":0.0}
S03R {"entity":2,"event":"apply","pose":{"control":1,"durable":2,"entity":2,"position":[6.781569480896,0.00100005290005356,11.31116771698],"receipt_ms":2722,"sequence":69,"tick":177,"velocity":[0.0,0.0,0.0],"yaw":-0.104719713330269},"position":[6.781569480896,0.00100005290005356,11.31116771698],"time_ms":2738,"wall_ms":1791487770097.0,"yaw":-0.104719713330269}
S03R {"entity":1,"event":"apply","pose":{"control":1,"durable":2,"entity":1,"position":[0.0,0.00100011611357331,7.20000457763672],"receipt_ms":2771,"sequence":71,"tick":180,"velocity":[0.0,0.0,3.0],"yaw":0.0},"position":[0.0,0.00100011611357331,7.20000457763672],"time_ms":2784,"wall_ms":1791487770143.0,"yaw":0.0}
S03R {"entity":2,"event":"apply","pose":{"control":1,"durable":2,"entity":2,"position":[6.781569480896,0.00100005290005356,11.31116771698],"receipt_ms":2771,"sequence":70,"tick":180,"velocity":[0.0,0.0,0.0],"yaw":-0.104719713330269},"position":[6.781569480896,0.00100005290005356,11.31116771698],"time_ms":2786,"wall_ms":1791487770145.0,"yaw":-0.104719713330269}
S03R {"entity":1,"event":"apply","pose":{"control":1,"durable":2,"entity":1,"position":[0.0,0.00100011611357331,7.35000514984131],"receipt_ms":2819,"sequence":73,"tick":183,"velocity":[0.0,0.0,3.0],"yaw":0.0},"position":[0.0,0.00100011611357331,7.35000514984131],"time_ms":2832,"wall_ms":1791487770191.0,"yaw":0.0}
S03R {"entity":2,"event":"apply","pose":{"control":1,"durable":2,"entity":2,"position":[6.781569480896,0.00100005290005356,11.31116771698],"receipt_ms":2819,"sequence":71,"tick":183,"velocity":[0.0,0.0,0.0],"yaw":-0.104719713330269},"position":[6.781569480896,0.00100005290005356,11.31116771698],"time_ms":2835,"wall_ms":1791487770194.0,"yaw":-0.104719713330269}
S03R {"event":"input","index":6,"move":0.0,"position":[6.781569480896,0.00100005290005356,11.31116771698],"role":"client","sequence_floor":75,"tick":150,"time_ms":2887,"turn":1.0,"wall_ms":1791487770246.0,"yaw":-0.104719713330269}
S03R {"event":"keys","move":0.0,"role":"client","tick":150,"time_ms":2890,"turn":1.0,"wall_ms":1791487770248.0}
S03R {"entity":1,"event":"apply","pose":{"control":1,"durable":2,"entity":1,"position":[0.0,0.00100011611357331,7.5000057220459],"receipt_ms":2880,"sequence":74,"tick":186,"velocity":[0.0,0.0,3.0],"yaw":0.0},"position":[0.0,0.00100011611357331,7.5000057220459],"time_ms":2892,"wall_ms":1791487770251.0,"yaw":0.0}
S03R {"entity":2,"event":"apply","pose":{"control":1,"durable":2,"entity":2,"position":[6.781569480896,0.00100005290005356,11.31116771698],"receipt_ms":2880,"sequence":71,"tick":186,"velocity":[0.0,0.0,0.0],"yaw":-0.104719713330269},"position":[6.781569480896,0.00100005290005356,11.31116771698],"time_ms":2895,"wall_ms":1791487770254.0,"yaw":-0.104719713330269}
S03R {"entity":1,"event":"apply","pose":{"control":1,"durable":2,"entity":1,"position":[0.0,0.00100011611357331,7.65000629425049],"receipt_ms":2929,"sequence":76,"tick":189,"velocity":[0.0,0.0,3.0],"yaw":0.0},"position":[0.0,0.00100011611357331,7.65000629425049],"time_ms":2935,"wall_ms":1791487770295.0,"yaw":0.0}
S03R {"entity":2,"event":"apply","pose":{"control":1,"durable":2,"entity":2,"position":[6.781569480896,0.00100005290005356,11.31116771698],"receipt_ms":2929,"sequence":75,"tick":189,"velocity":[0.0,0.0,0.0],"yaw":-0.157079577445984},"position":[6.781569480896,0.00100005290005356,11.31116771698],"time_ms":2938,"wall_ms":1791487770296.0,"yaw":-0.157079577445984}
S03R {"entity":1,"event":"apply","pose":{"control":1,"durable":2,"entity":1,"position":[0.0,0.00100011611357331,7.80000686645508],"receipt_ms":2977,"sequence":77,"tick":192,"velocity":[0.0,0.0,3.0],"yaw":0.0},"position":[0.0,0.00100011611357331,7.80000686645508],"time_ms":2992,"wall_ms":1791487770351.0,"yaw":0.0}
S03R {"entity":2,"event":"apply","pose":{"control":1,"durable":2,"entity":2,"position":[6.781569480896,0.00100005290005356,11.31116771698],"receipt_ms":2977,"sequence":76,"tick":192,"velocity":[0.0,0.0,0.0],"yaw":-0.31415918469429},"position":[6.781569480896,0.00100005290005356,11.31116771698],"time_ms":2995,"wall_ms":1791487770353.0,"yaw":-0.31415918469429}
S03R {"entity":1,"event":"apply","pose":{"control":1,"durable":2,"entity":1,"position":[0.0,0.00100011611357331,7.95000743865967],"receipt_ms":3025,"sequence":79,"tick":195,"velocity":[0.0,0.0,3.0],"yaw":0.0},"position":[0.0,0.00100011611357331,7.95000743865967],"time_ms":3040,"wall_ms":1791487770399.0,"yaw":0.0}
S03R {"entity":2,"event":"apply","pose":{"control":1,"durable":2,"entity":2,"position":[6.781569480896,0.00100005290005356,11.31116771698],"receipt_ms":3025,"sequence":78,"tick":195,"velocity":[0.0,0.0,0.0],"yaw":-0.471238851547241},"position":[6.781569480896,0.00100005290005356,11.31116771698],"time_ms":3045,"wall_ms":1791487770403.0,"yaw":-0.471238851547241}
S03R {"entity":1,"event":"apply","pose":{"control":1,"durable":2,"entity":1,"position":[0.0,0.00100011611357331,8.10000801086426],"receipt_ms":3072,"sequence":80,"tick":198,"velocity":[0.0,0.0,3.0],"yaw":0.0},"position":[0.0,0.00100011611357331,8.10000801086426],"time_ms":3072,"wall_ms":1791487770431.0,"yaw":0.0}
S03R {"entity":2,"event":"apply","pose":{"control":1,"durable":2,"entity":2,"position":[6.781569480896,0.00100005290005356,11.31116771698],"receipt_ms":3072,"sequence":79,"tick":198,"velocity":[0.0,0.0,0.0],"yaw":-0.628318548202515},"position":[6.781569480896,0.00100005290005356,11.31116771698],"time_ms":3074,"wall_ms":1791487770433.0,"yaw":-0.628318548202515}
S03R {"event":"keys","move":0.0,"role":"client","tick":162,"time_ms":3086,"turn":0.0,"wall_ms":1791487770445.0}
S03R {"entity":1,"event":"apply","pose":{"control":1,"durable":2,"entity":1,"position":[0.0,0.00100011611357331,8.25000858306885],"receipt_ms":3117,"sequence":82,"tick":201,"velocity":[0.0,0.0,3.0],"yaw":0.0},"position":[0.0,0.00100011611357331,8.25000858306885],"time_ms":3132,"wall_ms":1791487770491.0,"yaw":0.0}
S03R {"entity":2,"event":"apply","pose":{"control":1,"durable":2,"entity":2,"position":[6.781569480896,0.00100005290005356,11.31116771698],"receipt_ms":3117,"sequence":80,"tick":201,"velocity":[0.0,0.0,0.0],"yaw":-0.785398185253143},"position":[6.781569480896,0.00100005290005356,11.31116771698],"time_ms":3136,"wall_ms":1791487770496.0,"yaw":-0.785398185253143}
S03R {"entity":1,"event":"apply","pose":{"control":1,"durable":2,"entity":1,"position":[0.0,0.00100011611357331,8.40000915527344],"receipt_ms":3164,"sequence":83,"tick":204,"velocity":[0.0,0.0,3.0],"yaw":0.0},"position":[0.0,0.00100011611357331,8.40000915527344],"time_ms":3180,"wall_ms":1791487770539.0,"yaw":0.0}
S03R {"entity":2,"event":"apply","pose":{"control":1,"durable":2,"entity":2,"position":[6.781569480896,0.00100005290005356,11.31116771698],"receipt_ms":3164,"sequence":80,"tick":204,"velocity":[0.0,0.0,0.0],"yaw":-0.942477941513062},"position":[6.781569480896,0.00100005290005356,11.31116771698],"time_ms":3186,"wall_ms":1791487770545.0,"yaw":-0.942477941513062}
S03R {"entity":1,"event":"apply","pose":{"control":1,"durable":2,"entity":1,"position":[0.0,0.00100011611357331,8.55000972747803],"receipt_ms":3226,"sequence":85,"tick":207,"velocity":[0.0,0.0,3.0],"yaw":0.0},"position":[0.0,0.00100011611357331,8.55000972747803],"time_ms":3227,"wall_ms":1791487770585.0,"yaw":0.0}
S03R {"entity":2,"event":"apply","pose":{"control":1,"durable":2,"entity":2,"position":[6.781569480896,0.00100005290005356,11.31116771698],"receipt_ms":3226,"sequence":84,"tick":207,"velocity":[0.0,0.0,0.0],"yaw":-0.942477941513062},"position":[6.781569480896,0.00100005290005356,11.31116771698],"time_ms":3229,"wall_ms":1791487770588.0,"yaw":-0.942477941513062}
S03R {"entity":1,"event":"apply","pose":{"control":1,"durable":2,"entity":1,"position":[0.0,0.00100011611357331,8.85001087188721],"receipt_ms":3337,"sequence":88,"tick":213,"velocity":[0.0,0.0,3.0],"yaw":0.0},"position":[0.0,0.00100011611357331,8.85001087188721],"time_ms":3354,"wall_ms":1791487770712.0,"yaw":0.0}
S03R {"entity":2,"event":"apply","pose":{"control":1,"durable":2,"entity":2,"position":[6.781569480896,0.00100005290005356,11.31116771698],"receipt_ms":3337,"sequence":87,"tick":213,"velocity":[0.0,0.0,0.0],"yaw":-0.942477941513062},"position":[6.781569480896,0.00100005290005356,11.31116771698],"time_ms":3358,"wall_ms":1791487770718.0,"yaw":-0.942477941513062}
S03R {"event":"input","index":7,"move":1.0,"position":[6.781569480896,0.00100005290005356,11.31116771698],"role":"client","sequence_floor":90,"tick":180,"time_ms":3396,"turn":0.0,"wall_ms":1791487770755.0,"yaw":-0.942477941513062}
S03R {"event":"keys","move":1.0,"role":"client","tick":180,"time_ms":3400,"turn":0.0,"wall_ms":1791487770759.0}
S03R {"entity":1,"event":"apply","pose":{"control":1,"durable":2,"entity":1,"position":[0.0,0.00100011611357331,9.0000114440918],"receipt_ms":3404,"sequence":89,"tick":216,"velocity":[0.0,0.0,3.0],"yaw":0.0},"position":[0.0,0.00100011611357331,9.0000114440918],"time_ms":3404,"wall_ms":1791487770763.0,"yaw":0.0}
S03R {"entity":2,"event":"apply","pose":{"control":1,"durable":2,"entity":2,"position":[6.781569480896,0.00100005290005356,11.31116771698],"receipt_ms":3404,"sequence":89,"tick":216,"velocity":[0.0,0.0,0.0],"yaw":-0.942477941513062},"position":[6.781569480896,0.00100005290005356,11.31116771698],"time_ms":3409,"wall_ms":1791487770768.0,"yaw":-0.942477941513062}
S03R {"entity":1,"event":"apply","pose":{"control":1,"durable":2,"entity":1,"position":[0.0,0.00100011611357331,9.0000114440918],"receipt_ms":3427,"sequence":91,"tick":219,"velocity":[0.0,0.0,0.0],"yaw":0.0},"position":[0.0,0.00100011611357331,9.0000114440918],"time_ms":3442,"wall_ms":1791487770801.0,"yaw":0.0}
S03R {"entity":2,"event":"apply","pose":{"control":1,"durable":2,"entity":2,"position":[6.781569480896,0.00100005290005356,11.31116771698],"receipt_ms":3427,"sequence":89,"tick":219,"velocity":[0.0,0.0,0.0],"yaw":-0.942477941513062},"position":[6.781569480896,0.00100005290005356,11.31116771698],"time_ms":3445,"wall_ms":1791487770804.0,"yaw":-0.942477941513062}
S03R {"entity":1,"event":"apply","pose":{"control":1,"durable":2,"entity":1,"position":[0.0,0.00100011611357331,9.0000114440918],"receipt_ms":3525,"sequence":94,"tick":225,"velocity":[0.0,0.0,0.0],"yaw":0.0},"position":[0.0,0.00100011611357331,9.0000114440918],"time_ms":3536,"wall_ms":1791487770894.0,"yaw":0.0}
S03R {"entity":2,"event":"apply","pose":{"control":1,"durable":2,"entity":2,"position":[7.05124187469482,0.00100005290005356,11.1152410507202],"receipt_ms":3525,"sequence":93,"tick":225,"velocity":[4.04508352279663,0.0,-2.93892431259155],"yaw":-0.942477941513062},"position":[7.05124187469482,0.00100005290005356,11.1152410507202],"time_ms":3540,"wall_ms":1791487770898.0,"yaw":-0.942477941513062}
S03R {"entity":1,"event":"apply","pose":{"control":1,"durable":2,"entity":1,"position":[0.0,0.00100011611357331,9.0000114440918],"receipt_ms":3566,"sequence":95,"tick":228,"velocity":[0.0,0.0,0.0],"yaw":0.0},"position":[0.0,0.00100011611357331,9.0000114440918],"time_ms":3584,"wall_ms":1791487770943.0,"yaw":0.0}
S03R {"entity":2,"event":"apply","pose":{"control":1,"durable":2,"entity":2,"position":[7.25349617004395,0.00100005290005356,10.9682960510254],"receipt_ms":3566,"sequence":94,"tick":228,"velocity":[4.04508352279663,0.0,-2.93892431259155],"yaw":-0.942477941513062},"position":[7.25349617004395,0.00100005290005356,10.9682960510254],"time_ms":3589,"wall_ms":1791487770948.0,"yaw":-0.942477941513062}
S03R {"event":"keys","move":0.0,"role":"client","tick":192,"time_ms":3594,"turn":0.0,"wall_ms":1791487770953.0}
S03R {"entity":1,"event":"apply","pose":{"control":1,"durable":2,"entity":1,"position":[0.0,0.00100011611357331,9.0000114440918],"receipt_ms":3614,"sequence":97,"tick":231,"velocity":[0.0,0.0,0.0],"yaw":0.0},"position":[0.0,0.00100011611357331,9.0000114440918],"time_ms":3628,"wall_ms":1791487770987.0,"yaw":0.0}
S03R {"entity":2,"event":"apply","pose":{"control":1,"durable":2,"entity":2,"position":[7.45575046539307,0.00100005290005356,10.8213510513306],"receipt_ms":3614,"sequence":94,"tick":231,"velocity":[4.04508352279663,0.0,-2.93892431259155],"yaw":-0.942477941513062},"position":[7.45575046539307,0.00100005290005356,10.8213510513306],"time_ms":3631,"wall_ms":1791487770991.0,"yaw":-0.942477941513062}
S03R {"entity":1,"event":"apply","pose":{"control":1,"durable":2,"entity":1,"position":[0.0,0.00100011611357331,9.0000114440918],"receipt_ms":3785,"sequence":101,"tick":240,"velocity":[0.0,0.0,0.0],"yaw":0.0},"position":[0.0,0.00100011611357331,9.0000114440918],"time_ms":3785,"wall_ms":1791487771144.0,"yaw":0.0}
S03R {"entity":2,"event":"apply","pose":{"control":1,"durable":2,"entity":2,"position":[7.45575046539307,0.00100005290005356,10.8213510513306],"receipt_ms":3785,"sequence":101,"tick":240,"velocity":[0.0,0.0,0.0],"yaw":-0.942477941513062},"position":[7.45575046539307,0.00100005290005356,10.8213510513306],"time_ms":3790,"wall_ms":1791487771149.0,"yaw":-0.942477941513062}
S03R {"entity":1,"event":"apply","pose":{"control":1,"durable":2,"entity":1,"position":[0.0,0.00100011611357331,9.0000114440918],"receipt_ms":3828,"sequence":103,"tick":243,"velocity":[0.0,0.0,0.0],"yaw":0.0},"position":[0.0,0.00100011611357331,9.0000114440918],"time_ms":3843,"wall_ms":1791487771202.0,"yaw":0.0}
S03R {"entity":2,"event":"apply","pose":{"control":1,"durable":2,"entity":2,"position":[7.45575046539307,0.00100005290005356,10.8213510513306],"receipt_ms":3828,"sequence":102,"tick":243,"velocity":[0.0,0.0,0.0],"yaw":-0.942477941513062},"position":[7.45575046539307,0.00100005290005356,10.8213510513306],"time_ms":3846,"wall_ms":1791487771205.0,"yaw":-0.942477941513062}
S03R {"event":"input","index":8,"move":0.0,"position":[7.45575046539307,0.00100005290005356,10.8213510513306],"role":"client","sequence_floor":105,"tick":210,"time_ms":3874,"turn":-1.0,"wall_ms":1791487771234.0,"yaw":-0.942477941513062}
S03R {"event":"keys","move":0.0,"role":"client","tick":210,"time_ms":3877,"turn":-1.0,"wall_ms":1791487771236.0}
S03R {"entity":1,"event":"apply","pose":{"control":1,"durable":2,"entity":1,"position":[0.0,0.00100011611357331,9.0000114440918],"receipt_ms":4018,"sequence":109,"tick":255,"velocity":[0.0,0.0,0.0],"yaw":0.0},"position":[0.0,0.00100011611357331,9.0000114440918],"time_ms":4032,"wall_ms":1791487771390.0,"yaw":0.0}
S03R {"entity":2,"event":"apply","pose":{"control":1,"durable":2,"entity":2,"position":[7.45575046539307,0.00100005290005356,10.8213510513306],"receipt_ms":4018,"sequence":107,"tick":255,"velocity":[0.0,0.0,0.0],"yaw":-0.680678486824036},"position":[7.45575046539307,0.00100005290005356,10.8213510513306],"time_ms":4035,"wall_ms":1791487771394.0,"yaw":-0.680678486824036}
S03R {"event":"keys","move":0.0,"role":"client","tick":222,"time_ms":4093,"turn":0.0,"wall_ms":1791487771452.0}
S03R {"entity":1,"event":"apply","pose":{"control":1,"durable":2,"entity":1,"position":[0.0,0.00100011611357331,9.0000114440918],"receipt_ms":4221,"sequence":115,"tick":267,"velocity":[0.0,0.0,0.0],"yaw":0.0},"position":[0.0,0.00100011611357331,9.0000114440918],"time_ms":4234,"wall_ms":1791487771593.0,"yaw":0.0}
S03R {"entity":2,"event":"apply","pose":{"control":1,"durable":2,"entity":2,"position":[7.45575046539307,0.00100005290005356,10.8213510513306],"receipt_ms":4221,"sequence":112,"tick":267,"velocity":[0.0,0.0,0.0],"yaw":-0.418879151344299},"position":[7.45575046539307,0.00100005290005356,10.8213510513306],"time_ms":4239,"wall_ms":1791487771598.0,"yaw":-0.418879151344299}
S03R {"entity":1,"event":"apply","pose":{"control":1,"durable":2,"entity":1,"position":[0.0,0.00100011611357331,9.0000114440918],"receipt_ms":4265,"sequence":116,"tick":270,"velocity":[0.0,0.0,0.0],"yaw":0.0},"position":[0.0,0.00100011611357331,9.0000114440918],"time_ms":4265,"wall_ms":1791487771624.0,"yaw":0.0}
S03R {"entity":2,"event":"apply","pose":{"control":1,"durable":2,"entity":2,"position":[7.45575046539307,0.00100005290005356,10.8213510513306],"receipt_ms":4265,"sequence":115,"tick":270,"velocity":[0.0,0.0,0.0],"yaw":-0.418879151344299},"position":[7.45575046539307,0.00100005290005356,10.8213510513306],"time_ms":4271,"wall_ms":1791487771630.0,"yaw":-0.418879151344299}
S03R {"event":"input","index":9,"move":1.0,"position":[7.45575046539307,0.00100005290005356,10.8213510513306],"role":"client","sequence_floor":120,"tick":240,"time_ms":4374,"turn":0.0,"wall_ms":1791487771732.0,"yaw":-0.418879151344299}
S03R {"event":"keys","move":1.0,"role":"client","tick":240,"time_ms":4378,"turn":0.0,"wall_ms":1791487771738.0}
S03R {"entity":1,"event":"apply","pose":{"control":1,"durable":2,"entity":1,"position":[0.0,0.00100011611357331,9.0000114440918],"receipt_ms":4468,"sequence":122,"tick":282,"velocity":[0.0,0.0,0.0],"yaw":0.0},"position":[0.0,0.00100011611357331,9.0000114440918],"time_ms":4482,"wall_ms":1791487771842.0,"yaw":0.0}
S03R {"entity":2,"event":"apply","pose":{"control":1,"durable":2,"entity":2,"position":[7.59132862091064,0.00100005290005356,10.5168352127075],"receipt_ms":4468,"sequence":121,"tick":282,"velocity":[2.03368306159973,0.0,-4.56772565841675],"yaw":-0.418879151344299},"position":[7.59132862091064,0.00100005290005356,10.5168352127075],"time_ms":4486,"wall_ms":1791487771845.0,"yaw":-0.418879151344299}
S03R {"event":"keys","move":0.0,"role":"client","tick":252,"time_ms":4593,"turn":0.0,"wall_ms":1791487771952.0}
S03R {"entity":1,"event":"apply","pose":{"control":1,"durable":2,"entity":1,"position":[0.0,0.00100011611357331,9.0000114440918],"receipt_ms":4658,"sequence":128,"tick":294,"velocity":[0.0,0.0,0.0],"yaw":0.0},"position":[0.0,0.00100011611357331,9.0000114440918],"time_ms":4671,"wall_ms":1791487772030.0,"yaw":0.0}
S03R {"entity":2,"event":"apply","pose":{"control":1,"durable":2,"entity":2,"position":[7.99806308746338,0.00100005290005356,9.60328769683838],"receipt_ms":4658,"sequence":125,"tick":294,"velocity":[2.03368306159973,0.0,-4.56772565841675],"yaw":-0.418879151344299},"position":[7.99806308746338,0.00100005290005356,9.60328769683838],"time_ms":4674,"wall_ms":1791487772033.0,"yaw":-0.418879151344299}
S03R {"entity":1,"event":"apply","pose":{"control":1,"durable":2,"entity":1,"position":[0.0,0.00100011611357331,9.0000114440918],"receipt_ms":4720,"sequence":130,"tick":297,"velocity":[0.0,0.0,0.0],"yaw":0.0},"position":[0.0,0.00100011611357331,9.0000114440918],"time_ms":4732,"wall_ms":1791487772091.0,"yaw":0.0}
S03R {"entity":2,"event":"apply","pose":{"control":1,"durable":2,"entity":2,"position":[7.99806308746338,0.00100005290005356,9.60328769683838],"receipt_ms":4720,"sequence":129,"tick":297,"velocity":[0.0,0.0,0.0],"yaw":-0.418879151344299},"position":[7.99806308746338,0.00100005290005356,9.60328769683838],"time_ms":4737,"wall_ms":1791487772097.0,"yaw":-0.418879151344299}
S03R {"event":"input","index":10,"move":0.0,"position":[7.99806308746338,0.00100005290005356,9.60328769683838],"role":"client","sequence_floor":135,"tick":270,"time_ms":4889,"turn":1.0,"wall_ms":1791487772248.0,"yaw":-0.418879151344299}
S03R {"event":"keys","move":0.0,"role":"client","tick":270,"time_ms":4893,"turn":1.0,"wall_ms":1791487772251.0}
S03R {"entity":1,"event":"apply","pose":{"control":1,"durable":2,"entity":1,"position":[0.0,0.00100011611357331,9.0000114440918],"receipt_ms":4921,"sequence":136,"tick":309,"velocity":[0.0,0.0,0.0],"yaw":0.0},"position":[0.0,0.00100011611357331,9.0000114440918],"time_ms":4921,"wall_ms":1791487772280.0,"yaw":0.0}
S03R {"entity":2,"event":"apply","pose":{"control":1,"durable":2,"entity":2,"position":[7.99806308746338,0.00100005290005356,9.60328769683838],"receipt_ms":4921,"sequence":134,"tick":309,"velocity":[0.0,0.0,0.0],"yaw":-0.418879151344299},"position":[7.99806308746338,0.00100005290005356,9.60328769683838],"time_ms":4929,"wall_ms":1791487772288.0,"yaw":-0.418879151344299}
S03R {"event":"keys","move":0.0,"role":"client","tick":282,"time_ms":5092,"turn":0.0,"wall_ms":1791487772451.0}
S03R {"entity":1,"event":"apply","pose":{"control":1,"durable":2,"entity":1,"position":[0.0,0.00100011611357331,9.0000114440918],"receipt_ms":5125,"sequence":142,"tick":321,"velocity":[0.0,0.0,0.0],"yaw":0.0},"position":[0.0,0.00100011611357331,9.0000114440918],"time_ms":5140,"wall_ms":1791487772499.0,"yaw":0.0}
S03R {"entity":2,"event":"apply","pose":{"control":1,"durable":2,"entity":2,"position":[7.99806308746338,0.00100005290005356,9.60328769683838],"receipt_ms":5125,"sequence":139,"tick":321,"velocity":[0.0,0.0,0.0],"yaw":-0.785398244857788},"position":[7.99806308746338,0.00100005290005356,9.60328769683838],"time_ms":5143,"wall_ms":1791487772502.0,"yaw":-0.785398244857788}
S03R {"entity":1,"event":"apply","pose":{"control":1,"durable":2,"entity":1,"position":[0.0,0.00100011611357331,9.0000114440918],"receipt_ms":5170,"sequence":143,"tick":324,"velocity":[0.0,0.0,0.0],"yaw":0.0},"position":[0.0,0.00100011611357331,9.0000114440918],"time_ms":5170,"wall_ms":1791487772528.0,"yaw":0.0}
S03R {"entity":2,"event":"apply","pose":{"control":1,"durable":2,"entity":2,"position":[7.99806308746338,0.00100005290005356,9.60328769683838],"receipt_ms":5170,"sequence":143,"tick":324,"velocity":[0.0,0.0,0.0],"yaw":-0.837758123874664},"position":[7.99806308746338,0.00100005290005356,9.60328769683838],"time_ms":5173,"wall_ms":1791487772531.0,"yaw":-0.837758123874664}
S03R {"event":"input","index":11,"move":1.0,"position":[7.99806308746338,0.00100005290005356,9.60328769683838],"role":"client","sequence_floor":150,"tick":300,"time_ms":5387,"turn":0.0,"wall_ms":1791487772746.0,"yaw":-0.837758123874664}
S03R {"event":"keys","move":1.0,"role":"client","tick":300,"time_ms":5393,"turn":0.0,"wall_ms":1791487772751.0}
S03R {"entity":1,"event":"apply","pose":{"control":1,"durable":2,"entity":1,"position":[0.0,0.00100011611357331,9.0000114440918],"receipt_ms":5399,"sequence":149,"tick":336,"velocity":[0.0,0.0,0.0],"yaw":0.0},"position":[0.0,0.00100011611357331,9.0000114440918],"time_ms":5399,"wall_ms":1791487772758.0,"yaw":0.0}
S03R {"entity":2,"event":"apply","pose":{"control":1,"durable":2,"entity":2,"position":[7.99806308746338,0.00100005290005356,9.60328769683838],"receipt_ms":5399,"sequence":148,"tick":336,"velocity":[0.0,0.0,0.0],"yaw":-0.837758123874664},"position":[7.99806308746338,0.00100005290005356,9.60328769683838],"time_ms":5402,"wall_ms":1791487772760.0,"yaw":-0.837758123874664}
S03R {"event":"keys","move":0.0,"role":"client","tick":312,"time_ms":5594,"turn":0.0,"wall_ms":1791487772952.0}
S03R {"entity":1,"event":"apply","pose":{"control":1,"durable":2,"entity":1,"position":[0.0,0.00100011611357331,9.0000114440918],"receipt_ms":5623,"sequence":157,"tick":351,"velocity":[0.0,0.0,0.0],"yaw":0.0},"position":[0.0,0.00100011611357331,9.0000114440918],"time_ms":5639,"wall_ms":1791487772998.0,"yaw":0.0}
S03R {"entity":2,"event":"apply","pose":{"control":1,"durable":2,"entity":2,"position":[8.67927932739258,0.00100005290005356,8.98991394042969],"receipt_ms":5623,"sequence":152,"tick":351,"velocity":[3.71572256088257,0.0,-3.34565138816834],"yaw":-0.837758123874664},"position":[8.67927932739258,0.00100005290005356,8.98991394042969],"time_ms":5642,"wall_ms":1791487773001.0,"yaw":-0.837758123874664}
S03R {"entity":1,"event":"apply","pose":{"control":1,"durable":2,"entity":1,"position":[0.0,0.00100011611357331,9.0000114440918],"receipt_ms":5826,"sequence":163,"tick":363,"velocity":[0.0,0.0,0.0],"yaw":0.0},"position":[0.0,0.00100011611357331,9.0000114440918],"time_ms":5841,"wall_ms":1791487773201.0,"yaw":0.0}
S03R {"entity":2,"event":"apply","pose":{"control":1,"durable":2,"entity":2,"position":[8.67927932739258,0.00100005290005356,8.98991394042969],"receipt_ms":5826,"sequence":162,"tick":363,"velocity":[0.0,0.0,0.0],"yaw":-0.837758123874664},"position":[8.67927932739258,0.00100005290005356,8.98991394042969],"time_ms":5846,"wall_ms":1791487773204.0,"yaw":-0.837758123874664}
S03R {"event":"input","index":12,"move":0.0,"position":[8.67927932739258,0.00100005290005356,8.98991394042969],"role":"client","sequence_floor":165,"tick":330,"time_ms":5889,"turn":-1.0,"wall_ms":1791487773247.0,"yaw":-0.837758123874664}
S03R {"event":"keys","move":0.0,"role":"client","tick":330,"time_ms":5894,"turn":-1.0,"wall_ms":1791487773252.0}
S03R {"event":"keys","move":0.0,"role":"client","tick":342,"time_ms":6090,"turn":0.0,"wall_ms":1791487773448.0}
S03R {"entity":1,"event":"apply","pose":{"control":1,"durable":2,"entity":1,"position":[0.0,0.00100011611357331,9.0000114440918],"receipt_ms":6095,"sequence":170,"tick":378,"velocity":[0.0,0.0,0.0],"yaw":0.0},"position":[0.0,0.00100011611357331,9.0000114440918],"time_ms":6105,"wall_ms":1791487773463.0,"yaw":0.0}
S03R {"entity":2,"event":"apply","pose":{"control":1,"durable":2,"entity":2,"position":[8.67927932739258,0.00100005290005356,8.98991394042969],"receipt_ms":6095,"sequence":170,"tick":378,"velocity":[0.0,0.0,0.0],"yaw":-0.31415930390358},"position":[8.67927932739258,0.00100005290005356,8.98991394042969],"time_ms":6109,"wall_ms":1791487773469.0,"yaw":-0.31415930390358}
S03R {"entity":1,"event":"apply","pose":{"control":1,"durable":2,"entity":1,"position":[0.0,0.00100011611357331,9.0000114440918],"receipt_ms":6276,"sequence":176,"tick":390,"velocity":[0.0,0.0,0.0],"yaw":0.0},"position":[0.0,0.00100011611357331,9.0000114440918],"time_ms":6293,"wall_ms":1791487773651.0,"yaw":0.0}
S03R {"entity":2,"event":"apply","pose":{"control":1,"durable":2,"entity":2,"position":[8.67927932739258,0.00100005290005356,8.98991394042969],"receipt_ms":6276,"sequence":175,"tick":390,"velocity":[0.0,0.0,0.0],"yaw":-0.209439635276794},"position":[8.67927932739258,0.00100005290005356,8.98991394042969],"time_ms":6298,"wall_ms":1791487773656.0,"yaw":-0.209439635276794}
S03R {"entity":1,"event":"apply","pose":{"control":1,"durable":2,"entity":1,"position":[0.0,0.00100011611357331,9.0000114440918],"receipt_ms":6322,"sequence":178,"tick":393,"velocity":[0.0,0.0,0.0],"yaw":0.0},"position":[0.0,0.00100011611357331,9.0000114440918],"time_ms":6323,"wall_ms":1791487773682.0,"yaw":0.0}
S03R {"entity":2,"event":"apply","pose":{"control":1,"durable":2,"entity":2,"position":[8.67927932739258,0.00100005290005356,8.98991394042969],"receipt_ms":6322,"sequence":177,"tick":393,"velocity":[0.0,0.0,0.0],"yaw":-0.209439665079117},"position":[8.67927932739258,0.00100005290005356,8.98991394042969],"time_ms":6328,"wall_ms":1791487773686.0,"yaw":-0.209439665079117}
S03R {"event":"input","index":13,"move":1.0,"position":[8.67927932739258,0.00100005290005356,8.98991394042969],"role":"client","sequence_floor":180,"tick":360,"time_ms":6385,"turn":0.0,"wall_ms":1791487773744.0,"yaw":-0.209439665079117}
S03R {"event":"keys","move":1.0,"role":"client","tick":360,"time_ms":6389,"turn":0.0,"wall_ms":1791487773748.0}
S03R {"entity":1,"event":"apply","pose":{"control":1,"durable":2,"entity":1,"position":[0.0,0.00100011611357331,9.0000114440918],"receipt_ms":6540,"sequence":184,"tick":405,"velocity":[0.0,0.0,0.0],"yaw":0.0},"position":[0.0,0.00100011611357331,9.0000114440918],"time_ms":6553,"wall_ms":1791487773912.0,"yaw":0.0}
S03R {"entity":2,"event":"apply","pose":{"control":1,"durable":2,"entity":2,"position":[8.80056381225586,0.00100005290005356,8.41932678222656],"receipt_ms":6540,"sequence":183,"tick":405,"velocity":[1.03955781459808,0.0,-4.89073133468628],"yaw":-0.209439665079117},"position":[8.80056381225586,0.00100005290005356,8.41932678222656],"time_ms":6556,"wall_ms":1791487773916.0,"yaw":-0.209439665079117}
S03R {"event":"keys","move":0.0,"role":"client","tick":372,"time_ms":6585,"turn":0.0,"wall_ms":1791487773943.0}
S03R {"entity":1,"event":"apply","pose":{"control":1,"durable":2,"entity":1,"position":[0.0,0.00100011611357331,9.0000114440918],"receipt_ms":6569,"sequence":185,"tick":408,"velocity":[0.0,0.0,0.0],"yaw":0.0},"position":[0.0,0.00100011611357331,9.0000114440918],"time_ms":6589,"wall_ms":1791487773947.0,"yaw":0.0}
S03R {"entity":2,"event":"apply","pose":{"control":1,"durable":2,"entity":2,"position":[8.85254287719727,0.00100005290005356,8.17478942871094],"receipt_ms":6569,"sequence":184,"tick":408,"velocity":[1.03955781459808,0.0,-4.89073133468628],"yaw":-0.209439665079117},"position":[8.85254287719727,0.00100005290005356,8.17478942871094],"time_ms":6592,"wall_ms":1791487773951.0,"yaw":-0.209439665079117}
S03R {"entity":1,"event":"apply","pose":{"control":1,"durable":2,"entity":1,"position":[0.0,0.00100011611357331,9.0000114440918],"receipt_ms":6615,"sequence":187,"tick":411,"velocity":[0.0,0.0,0.0],"yaw":0.0},"position":[0.0,0.00100011611357331,9.0000114440918],"time_ms":6615,"wall_ms":1791487773974.0,"yaw":0.0}
S03R {"entity":2,"event":"apply","pose":{"control":1,"durable":2,"entity":2,"position":[8.8871955871582,0.00100005290005356,8.01176452636719],"receipt_ms":6615,"sequence":186,"tick":411,"velocity":[0.0,0.0,0.0],"yaw":-0.209439665079117},"position":[8.8871955871582,0.00100005290005356,8.01176452636719],"time_ms":6621,"wall_ms":1791487773980.0,"yaw":-0.209439665079117}
S03R {"entity":1,"event":"apply","pose":{"control":1,"durable":2,"entity":1,"position":[0.0,0.00100011611357331,9.0000114440918],"receipt_ms":6727,"sequence":190,"tick":417,"velocity":[0.0,0.0,0.0],"yaw":0.0},"position":[0.0,0.00100011611357331,9.0000114440918],"time_ms":6738,"wall_ms":1791487774097.0,"yaw":0.0}
S03R {"entity":2,"event":"apply","pose":{"control":1,"durable":2,"entity":2,"position":[8.8871955871582,0.00100005290005356,8.01176452636719],"receipt_ms":6727,"sequence":188,"tick":417,"velocity":[0.0,0.0,0.0],"yaw":-0.209439665079117},"position":[8.8871955871582,0.00100005290005356,8.01176452636719],"time_ms":6742,"wall_ms":1791487774100.0,"yaw":-0.209439665079117}
S03R {"entity":1,"event":"apply","pose":{"control":1,"durable":2,"entity":1,"position":[0.0,0.00100011611357331,9.0000114440918],"receipt_ms":6770,"sequence":191,"tick":420,"velocity":[0.0,0.0,0.0],"yaw":0.0},"position":[0.0,0.00100011611357331,9.0000114440918],"time_ms":6785,"wall_ms":1791487774144.0,"yaw":0.0}
S03R {"entity":2,"event":"apply","pose":{"control":1,"durable":2,"entity":2,"position":[8.8871955871582,0.00100005290005356,8.01176452636719],"receipt_ms":6770,"sequence":190,"tick":420,"velocity":[0.0,0.0,0.0],"yaw":-0.209439665079117},"position":[8.8871955871582,0.00100005290005356,8.01176452636719],"time_ms":6792,"wall_ms":1791487774151.0,"yaw":-0.209439665079117}
S03R {"entity":1,"event":"apply","pose":{"control":1,"durable":2,"entity":1,"position":[0.0,0.00100011611357331,9.0000114440918],"receipt_ms":6815,"sequence":193,"tick":423,"velocity":[0.0,0.0,0.0],"yaw":0.0},"position":[0.0,0.00100011611357331,9.0000114440918],"time_ms":6832,"wall_ms":1791487774191.0,"yaw":0.0}
S03R {"entity":2,"event":"apply","pose":{"control":1,"durable":2,"entity":2,"position":[8.8871955871582,0.00100005290005356,8.01176452636719],"receipt_ms":6815,"sequence":191,"tick":423,"velocity":[0.0,0.0,0.0],"yaw":-0.209439665079117},"position":[8.8871955871582,0.00100005290005356,8.01176452636719],"time_ms":6837,"wall_ms":1791487774195.0,"yaw":-0.209439665079117}
S03R {"event":"input","index":14,"move":0.0,"position":[8.8871955871582,0.00100005290005356,8.01176452636719],"role":"client","sequence_floor":195,"tick":390,"time_ms":6894,"turn":1.0,"wall_ms":1791487774253.0,"yaw":-0.209439665079117}
S03R {"event":"keys","move":0.0,"role":"client","tick":390,"time_ms":6899,"turn":1.0,"wall_ms":1791487774258.0}
S03R {"entity":1,"event":"apply","pose":{"control":1,"durable":2,"entity":1,"position":[0.0,0.00100011611357331,9.0000114440918],"receipt_ms":6971,"sequence":197,"tick":432,"velocity":[0.0,0.0,0.0],"yaw":0.0},"position":[0.0,0.00100011611357331,9.0000114440918],"time_ms":6985,"wall_ms":1791487774344.0,"yaw":0.0}
S03R {"entity":2,"event":"apply","pose":{"control":1,"durable":2,"entity":2,"position":[8.8871955871582,0.00100005290005356,8.01176452636719],"receipt_ms":6971,"sequence":197,"tick":432,"velocity":[0.0,0.0,0.0],"yaw":-0.418879151344299},"position":[8.8871955871582,0.00100005290005356,8.01176452636719],"time_ms":6990,"wall_ms":1791487774350.0,"yaw":-0.418879151344299}
S03R {"entity":1,"event":"apply","pose":{"control":1,"durable":2,"entity":1,"position":[0.0,0.00100011611357331,9.0000114440918],"receipt_ms":7033,"sequence":199,"tick":435,"velocity":[0.0,0.0,0.0],"yaw":0.0},"position":[0.0,0.00100011611357331,9.0000114440918],"time_ms":7033,"wall_ms":1791487774392.0,"yaw":0.0}
S03R {"entity":2,"event":"apply","pose":{"control":1,"durable":2,"entity":2,"position":[8.8871955871582,0.00100005290005356,8.01176452636719],"receipt_ms":7033,"sequence":198,"tick":435,"velocity":[0.0,0.0,0.0],"yaw":-0.575958788394928},"position":[8.8871955871582,0.00100005290005356,8.01176452636719],"time_ms":7036,"wall_ms":1791487774395.0,"yaw":-0.575958788394928}
S03R {"event":"keys","move":0.0,"role":"client","tick":402,"time_ms":7095,"turn":0.0,"wall_ms":1791487774454.0}
S03R {"entity":1,"event":"apply","pose":{"control":1,"durable":2,"entity":1,"position":[0.0,0.00100011611357331,9.0000114440918],"receipt_ms":7227,"sequence":205,"tick":447,"velocity":[0.0,0.0,0.0],"yaw":0.0},"position":[0.0,0.00100011611357331,9.0000114440918],"time_ms":7236,"wall_ms":1791487774595.0,"yaw":0.0}
S03R {"entity":2,"event":"apply","pose":{"control":1,"durable":2,"entity":2,"position":[8.8871955871582,0.00100005290005356,8.01176452636719],"receipt_ms":7227,"sequence":204,"tick":447,"velocity":[0.0,0.0,0.0],"yaw":-0.890118002891541},"position":[8.8871955871582,0.00100005290005356,8.01176452636719],"time_ms":7239,"wall_ms":1791487774599.0,"yaw":-0.890118002891541}
S03R {"entity":1,"event":"apply","pose":{"control":1,"durable":2,"entity":1,"position":[0.0,0.00100011611357331,9.0000114440918],"receipt_ms":7284,"sequence":206,"tick":450,"velocity":[0.0,0.0,0.0],"yaw":0.0},"position":[0.0,0.00100011611357331,9.0000114440918],"time_ms":7301,"wall_ms":1791487774659.0,"yaw":0.0}
S03R {"entity":2,"event":"apply","pose":{"control":1,"durable":2,"entity":2,"position":[8.8871955871582,0.00100005290005356,8.01176452636719],"receipt_ms":7284,"sequence":205,"tick":450,"velocity":[0.0,0.0,0.0],"yaw":-0.890118002891541},"position":[8.8871955871582,0.00100005290005356,8.01176452636719],"time_ms":7307,"wall_ms":1791487774665.0,"yaw":-0.890118002891541}
S03R {"event":"input","index":15,"move":1.0,"position":[8.8871955871582,0.00100005290005356,8.01176452636719],"role":"client","sequence_floor":210,"tick":420,"time_ms":7391,"turn":0.0,"wall_ms":1791487774751.0,"yaw":-0.890118002891541}
S03R {"event":"keys","move":1.0,"role":"client","tick":420,"time_ms":7395,"turn":0.0,"wall_ms":1791487774754.0}
S03R {"entity":1,"event":"apply","pose":{"control":1,"durable":2,"entity":1,"position":[0.0,0.00100011611357331,9.0000114440918],"receipt_ms":7425,"sequence":211,"tick":459,"velocity":[0.0,0.0,0.0],"yaw":0.0},"position":[0.0,0.00100011611357331,9.0000114440918],"time_ms":7439,"wall_ms":1791487774798.0,"yaw":0.0}
S03R {"entity":2,"event":"apply","pose":{"control":1,"durable":2,"entity":2,"position":[8.8871955871582,0.00100005290005356,8.01176452636719],"receipt_ms":7425,"sequence":209,"tick":459,"velocity":[0.0,0.0,0.0],"yaw":-0.890118002891541},"position":[8.8871955871582,0.00100005290005356,8.01176452636719],"time_ms":7442,"wall_ms":1791487774801.0,"yaw":-0.890118002891541}
S03R {"entity":1,"event":"apply","pose":{"control":1,"durable":2,"entity":1,"position":[0.0,0.00100011611357331,9.0000114440918],"receipt_ms":7469,"sequence":212,"tick":462,"velocity":[0.0,0.0,0.0],"yaw":0.0},"position":[0.0,0.00100011611357331,9.0000114440918],"time_ms":7484,"wall_ms":1791487774843.0,"yaw":0.0}
S03R {"entity":2,"event":"apply","pose":{"control":1,"durable":2,"entity":2,"position":[9.08148193359375,0.00100005290005356,7.8544340133667],"receipt_ms":7469,"sequence":212,"tick":462,"velocity":[3.8857250213623,0.0,-3.14659738540649],"yaw":-0.890118002891541},"position":[9.08148193359375,0.00100005290005356,7.8544340133667],"time_ms":7489,"wall_ms":1791487774848.0,"yaw":-0.890118002891541}
S03R {"entity":1,"event":"apply","pose":{"control":1,"durable":2,"entity":1,"position":[0.0,0.00100011611357331,9.0000114440918],"receipt_ms":7516,"sequence":214,"tick":465,"velocity":[0.0,0.0,0.0],"yaw":0.0},"position":[0.0,0.00100011611357331,9.0000114440918],"time_ms":7533,"wall_ms":1791487774892.0,"yaw":0.0}
S03R {"entity":2,"event":"apply","pose":{"control":1,"durable":2,"entity":2,"position":[9.2757682800293,0.00100005290005356,7.69710350036621],"receipt_ms":7516,"sequence":213,"tick":465,"velocity":[3.8857250213623,0.0,-3.14659738540649],"yaw":-0.890118002891541},"position":[9.2757682800293,0.00100005290005356,7.69710350036621],"time_ms":7538,"wall_ms":1791487774896.0,"yaw":-0.890118002891541}
S03R {"event":"keys","move":0.0,"role":"client","tick":432,"time_ms":7579,"turn":0.0,"wall_ms":1791487774938.0}
S03R {"entity":1,"event":"apply","pose":{"control":1,"durable":2,"entity":1,"position":[0.0,0.00100011611357331,9.0000114440918],"receipt_ms":7674,"sequence":218,"tick":474,"velocity":[0.0,0.0,0.0],"yaw":0.0},"position":[0.0,0.00100011611357331,9.0000114440918],"time_ms":7674,"wall_ms":1791487775033.0,"yaw":0.0}
S03R {"entity":2,"event":"apply","pose":{"control":1,"durable":2,"entity":2,"position":[9.59957885742188,0.00100005290005356,7.43488597869873],"receipt_ms":7674,"sequence":217,"tick":474,"velocity":[0.0,0.0,0.0],"yaw":-0.890118002891541},"position":[9.59957885742188,0.00100005290005356,7.43488597869873],"time_ms":7677,"wall_ms":1791487775035.0,"yaw":-0.890118002891541}
S03R {"entity":1,"event":"apply","pose":{"control":1,"durable":2,"entity":1,"position":[0.0,0.00100011611357331,9.0000114440918],"receipt_ms":7723,"sequence":220,"tick":477,"velocity":[0.0,0.0,0.0],"yaw":0.0},"position":[0.0,0.00100011611357331,9.0000114440918],"time_ms":7738,"wall_ms":1791487775097.0,"yaw":0.0}
S03R {"entity":2,"event":"apply","pose":{"control":1,"durable":2,"entity":2,"position":[9.59957885742188,0.00100005290005356,7.43488597869873],"receipt_ms":7723,"sequence":219,"tick":477,"velocity":[0.0,0.0,0.0],"yaw":-0.890118002891541},"position":[9.59957885742188,0.00100005290005356,7.43488597869873],"time_ms":7742,"wall_ms":1791487775101.0,"yaw":-0.890118002891541}
S03R {"event":"input","index":16,"move":0.0,"position":[9.59957885742188,0.00100005290005356,7.43488597869873],"role":"client","sequence_floor":225,"tick":450,"time_ms":7891,"turn":-1.0,"wall_ms":1791487775250.0,"yaw":-0.890118002891541}
S03R {"event":"keys","move":0.0,"role":"client","tick":450,"time_ms":7894,"turn":-1.0,"wall_ms":1791487775252.0}
S03R {"entity":1,"event":"apply","pose":{"control":1,"durable":2,"entity":1,"position":[0.0,0.00100011611357331,9.0000114440918],"receipt_ms":7877,"sequence":224,"tick":486,"velocity":[0.0,0.0,0.0],"yaw":0.0},"position":[0.0,0.00100011611357331,9.0000114440918],"time_ms":7896,"wall_ms":1791487775255.0,"yaw":0.0}
S03R {"entity":2,"event":"apply","pose":{"control":1,"durable":2,"entity":2,"position":[9.59957885742188,0.00100005290005356,7.43488597869873],"receipt_ms":7877,"sequence":223,"tick":486,"velocity":[0.0,0.0,0.0],"yaw":-0.890118002891541},"position":[9.59957885742188,0.00100005290005356,7.43488597869873],"time_ms":7899,"wall_ms":1791487775258.0,"yaw":-0.890118002891541}
S03R {"entity":1,"event":"apply","pose":{"control":1,"durable":2,"entity":1,"position":[0.0,0.00100011611357331,9.0000114440918],"receipt_ms":7938,"sequence":226,"tick":489,"velocity":[0.0,0.0,0.0],"yaw":0.0},"position":[0.0,0.00100011611357331,9.0000114440918],"time_ms":7958,"wall_ms":1791487775317.0,"yaw":0.0}
S03R {"entity":2,"event":"apply","pose":{"control":1,"durable":2,"entity":2,"position":[9.59957885742188,0.00100005290005356,7.43488597869873],"receipt_ms":7938,"sequence":225,"tick":489,"velocity":[0.0,0.0,0.0],"yaw":-0.837758123874664},"position":[9.59957885742188,0.00100005290005356,7.43488597869873],"time_ms":7962,"wall_ms":1791487775320.0,"yaw":-0.837758123874664}
S03R {"entity":1,"event":"apply","pose":{"control":1,"durable":2,"entity":1,"position":[0.0,0.00100011611357331,9.0000114440918],"receipt_ms":7967,"sequence":227,"tick":492,"velocity":[0.0,0.0,0.0],"yaw":0.0},"position":[0.0,0.00100011611357331,9.0000114440918],"time_ms":7967,"wall_ms":1791487775326.0,"yaw":0.0}
S03R {"entity":2,"event":"apply","pose":{"control":1,"durable":2,"entity":2,"position":[9.59957885742188,0.00100005290005356,7.43488597869873],"receipt_ms":7967,"sequence":226,"tick":492,"velocity":[0.0,0.0,0.0],"yaw":-0.680678486824036},"position":[9.59957885742188,0.00100005290005356,7.43488597869873],"time_ms":7973,"wall_ms":1791487775332.0,"yaw":-0.680678486824036}
S03R {"entity":1,"event":"apply","pose":{"control":1,"durable":2,"entity":1,"position":[0.0,0.00100011611357331,9.0000114440918],"receipt_ms":8017,"sequence":229,"tick":495,"velocity":[0.0,0.0,0.0],"yaw":0.0},"position":[0.0,0.00100011611357331,9.0000114440918],"time_ms":8032,"wall_ms":1791487775391.0,"yaw":0.0}
S03R {"entity":2,"event":"apply","pose":{"control":1,"durable":2,"entity":2,"position":[9.59957885742188,0.00100005290005356,7.43488597869873],"receipt_ms":8017,"sequence":228,"tick":495,"velocity":[0.0,0.0,0.0],"yaw":-0.523598849773407},"position":[9.59957885742188,0.00100005290005356,7.43488597869873],"time_ms":8036,"wall_ms":1791487775395.0,"yaw":-0.523598849773407}
S03R {"event":"keys","move":0.0,"role":"client","tick":462,"time_ms":8077,"turn":0.0,"wall_ms":1791487775436.0}
S03R {"entity":1,"event":"apply","pose":{"control":1,"durable":2,"entity":1,"position":[0.0,0.00100011611357331,9.0000114440918],"receipt_ms":8124,"sequence":232,"tick":501,"velocity":[0.0,0.0,0.0],"yaw":0.0},"position":[0.0,0.00100011611357331,9.0000114440918],"time_ms":8124,"wall_ms":1791487775484.0,"yaw":0.0}
S03R {"entity":2,"event":"apply","pose":{"control":1,"durable":2,"entity":2,"position":[9.59957885742188,0.00100005290005356,7.43488597869873],"receipt_ms":8124,"sequence":231,"tick":501,"velocity":[0.0,0.0,0.0],"yaw":-0.314159393310547},"position":[9.59957885742188,0.00100005290005356,7.43488597869873],"time_ms":8129,"wall_ms":1791487775487.0,"yaw":-0.314159393310547}
S03R {"entity":1,"event":"apply","pose":{"control":1,"durable":2,"entity":1,"position":[0.0,0.00100011611357331,9.0000114440918],"receipt_ms":8170,"sequence":233,"tick":504,"velocity":[0.0,0.0,0.0],"yaw":0.0},"position":[0.0,0.00100011611357331,9.0000114440918],"time_ms":8185,"wall_ms":1791487775544.0,"yaw":0.0}
S03R {"entity":2,"event":"apply","pose":{"control":1,"durable":2,"entity":2,"position":[9.59957885742188,0.00100005290005356,7.43488597869873],"receipt_ms":8170,"sequence":232,"tick":504,"velocity":[0.0,0.0,0.0],"yaw":-0.314159393310547},"position":[9.59957885742188,0.00100005290005356,7.43488597869873],"time_ms":8189,"wall_ms":1791487775548.0,"yaw":-0.314159393310547}
S03R {"entity":1,"event":"apply","pose":{"control":1,"durable":2,"entity":1,"position":[0.0,0.00100011611357331,9.0000114440918],"receipt_ms":8233,"sequence":235,"tick":507,"velocity":[0.0,0.0,0.0],"yaw":0.0},"position":[0.0,0.00100011611357331,9.0000114440918],"time_ms":8249,"wall_ms":1791487775608.0,"yaw":0.0}
S03R {"entity":2,"event":"apply","pose":{"control":1,"durable":2,"entity":2,"position":[9.59957885742188,0.00100005290005356,7.43488597869873],"receipt_ms":8233,"sequence":234,"tick":507,"velocity":[0.0,0.0,0.0],"yaw":-0.314159393310547},"position":[9.59957885742188,0.00100005290005356,7.43488597869873],"time_ms":8253,"wall_ms":1791487775612.0,"yaw":-0.314159393310547}
S03R {"entity":1,"event":"apply","pose":{"control":1,"durable":2,"entity":1,"position":[0.0,0.00100011611357331,9.0000114440918],"receipt_ms":8326,"sequence":238,"tick":513,"velocity":[0.0,0.0,0.0],"yaw":0.0},"position":[0.0,0.00100011611357331,9.0000114440918],"time_ms":8341,"wall_ms":1791487775700.0,"yaw":0.0}
S03R {"entity":2,"event":"apply","pose":{"control":1,"durable":2,"entity":2,"position":[9.59957885742188,0.00100005290005356,7.43488597869873],"receipt_ms":8326,"sequence":237,"tick":513,"velocity":[0.0,0.0,0.0],"yaw":-0.314159393310547},"position":[9.59957885742188,0.00100005290005356,7.43488597869873],"time_ms":8356,"wall_ms":1791487775714.0,"yaw":-0.314159393310547}
S03R {"event":"input","index":17,"move":1.0,"position":[9.59957885742188,0.00100005290005356,7.43488597869873],"role":"client","sequence_floor":240,"tick":480,"time_ms":8388,"turn":0.0,"wall_ms":1791487775747.0,"yaw":-0.314159393310547}
S03R {"event":"keys","move":1.0,"role":"client","tick":480,"time_ms":8390,"turn":0.0,"wall_ms":1791487775749.0}
S03R {"entity":1,"event":"apply","pose":{"control":1,"durable":2,"entity":1,"position":[0.0,0.00100011611357331,9.0000114440918],"receipt_ms":8374,"sequence":239,"tick":516,"velocity":[0.0,0.0,0.0],"yaw":0.0},"position":[0.0,0.00100011611357331,9.0000114440918],"time_ms":8393,"wall_ms":1791487775752.0,"yaw":0.0}
S03R {"entity":2,"event":"apply","pose":{"control":1,"durable":2,"entity":2,"position":[9.59957885742188,0.00100005290005356,7.43488597869873],"receipt_ms":8374,"sequence":238,"tick":516,"velocity":[0.0,0.0,0.0],"yaw":-0.314159393310547},"position":[9.59957885742188,0.00100005290005356,7.43488597869873],"time_ms":8396,"wall_ms":1791487775755.0,"yaw":-0.314159393310547}
S03R {"entity":1,"event":"apply","pose":{"control":1,"durable":2,"entity":1,"position":[0.0,0.00100011611357331,9.0000114440918],"receipt_ms":8418,"sequence":241,"tick":519,"velocity":[0.0,0.0,0.0],"yaw":0.0},"position":[0.0,0.00100011611357331,9.0000114440918],"time_ms":8418,"wall_ms":1791487775777.0,"yaw":0.0}
S03R {"entity":2,"event":"apply","pose":{"control":1,"durable":2,"entity":2,"position":[9.62532997131348,0.00100005290005356,7.35563135147095],"receipt_ms":8418,"sequence":240,"tick":519,"velocity":[1.54508340358734,0.0,-4.75527572631836],"yaw":-0.314159393310547},"position":[9.62532997131348,0.00100005290005356,7.35563135147095],"time_ms":8421,"wall_ms":1791487775780.0,"yaw":-0.314159393310547}
S03R {"entity":1,"event":"apply","pose":{"control":1,"durable":2,"entity":1,"position":[0.0,0.00100011611357331,9.0000114440918],"receipt_ms":8482,"sequence":242,"tick":522,"velocity":[0.0,0.0,0.0],"yaw":0.0},"position":[0.0,0.00100011611357331,9.0000114440918],"time_ms":8496,"wall_ms":1791487775855.0,"yaw":0.0}
S03R {"entity":2,"event":"apply","pose":{"control":1,"durable":2,"entity":2,"position":[9.70258331298828,0.00100005290005356,7.1178674697876],"receipt_ms":8482,"sequence":242,"tick":522,"velocity":[1.54508340358734,0.0,-4.75527572631836],"yaw":-0.314159393310547},"position":[9.70258331298828,0.00100005290005356,7.1178674697876],"time_ms":8504,"wall_ms":1791487775862.0,"yaw":-0.314159393310547}
S03R {"entity":1,"event":"apply","pose":{"control":1,"durable":2,"entity":1,"position":[0.0,0.00100011611357331,9.0000114440918],"receipt_ms":8553,"sequence":244,"tick":525,"velocity":[0.0,0.0,0.0],"yaw":0.0},"position":[0.0,0.00100011611357331,9.0000114440918],"time_ms":8562,"wall_ms":1791487775921.0,"yaw":0.0}
S03R {"entity":2,"event":"apply","pose":{"control":1,"durable":2,"entity":2,"position":[9.77983665466309,0.00100005290005356,6.88010358810425],"receipt_ms":8553,"sequence":243,"tick":525,"velocity":[1.54508340358734,0.0,-4.75527572631836],"yaw":-0.314159393310547},"position":[9.77983665466309,0.00100005290005356,6.88010358810425],"time_ms":8567,"wall_ms":1791487775926.0,"yaw":-0.314159393310547}
S03R {"event":"keys","move":0.0,"role":"client","tick":492,"time_ms":8591,"turn":0.0,"wall_ms":1791487775950.0}
S03R {"entity":1,"event":"apply","pose":{"control":1,"durable":2,"entity":1,"position":[0.0,0.00100011611357331,9.0000114440918],"receipt_ms":8594,"sequence":245,"tick":528,"velocity":[0.0,0.0,0.0],"yaw":0.0},"position":[0.0,0.00100011611357331,9.0000114440918],"time_ms":8607,"wall_ms":1791487775966.0,"yaw":0.0}
S03R {"entity":2,"event":"apply","pose":{"control":1,"durable":2,"entity":2,"position":[9.85708999633789,0.00100005290005356,6.6423397064209],"receipt_ms":8594,"sequence":245,"tick":528,"velocity":[1.54508340358734,0.0,-4.75527572631836],"yaw":-0.314159393310547},"position":[9.85708999633789,0.00100005290005356,6.6423397064209],"time_ms":8610,"wall_ms":1791487775969.0,"yaw":-0.314159393310547}
S03R {"entity":1,"event":"apply","pose":{"control":1,"durable":2,"entity":1,"position":[0.0,0.00100011611357331,9.0000114440918],"receipt_ms":8623,"sequence":247,"tick":531,"velocity":[0.0,0.0,0.0],"yaw":0.0},"position":[0.0,0.00100011611357331,9.0000114440918],"time_ms":8638,"wall_ms":1791487775997.0,"yaw":0.0}
S03R {"entity":2,"event":"apply","pose":{"control":1,"durable":2,"entity":2,"position":[9.9343433380127,0.00100005290005356,6.40457582473755],"receipt_ms":8623,"sequence":245,"tick":531,"velocity":[1.54508340358734,0.0,-4.75527572631836],"yaw":-0.314159393310547},"position":[9.9343433380127,0.00100005290005356,6.40457582473755],"time_ms":8643,"wall_ms":1791487776002.0,"yaw":-0.314159393310547}
S03R {"entity":1,"event":"apply","pose":{"control":1,"durable":2,"entity":1,"position":[0.0,0.00100011611357331,9.0000114440918],"receipt_ms":8670,"sequence":248,"tick":534,"velocity":[0.0,0.0,0.0],"yaw":0.0},"position":[0.0,0.00100011611357331,9.0000114440918],"time_ms":8670,"wall_ms":1791487776029.0,"yaw":0.0}
S03R {"entity":2,"event":"apply","pose":{"control":1,"durable":2,"entity":2,"position":[9.9343433380127,0.00100005290005356,6.40457582473755],"receipt_ms":8670,"sequence":247,"tick":534,"velocity":[0.0,0.0,0.0],"yaw":-0.314159393310547},"position":[9.9343433380127,0.00100005290005356,6.40457582473755],"time_ms":8675,"wall_ms":1791487776033.0,"yaw":-0.314159393310547}
S03R {"entity":1,"event":"apply","pose":{"control":1,"durable":2,"entity":1,"position":[0.0,0.00100011611357331,9.0000114440918],"receipt_ms":8717,"sequence":250,"tick":537,"velocity":[0.0,0.0,0.0],"yaw":0.0},"position":[0.0,0.00100011611357331,9.0000114440918],"time_ms":8718,"wall_ms":1791487776077.0,"yaw":0.0}
S03R {"entity":2,"event":"apply","pose":{"control":1,"durable":2,"entity":2,"position":[9.9343433380127,0.00100005290005356,6.40457582473755],"receipt_ms":8717,"sequence":249,"tick":537,"velocity":[0.0,0.0,0.0],"yaw":-0.314159393310547},"position":[9.9343433380127,0.00100005290005356,6.40457582473755],"time_ms":8721,"wall_ms":1791487776080.0,"yaw":-0.314159393310547}
S03R {"entity":1,"event":"apply","pose":{"control":1,"durable":2,"entity":1,"position":[0.0,0.00100011611357331,9.0000114440918],"receipt_ms":8812,"sequence":253,"tick":543,"velocity":[0.0,0.0,0.0],"yaw":0.0},"position":[0.0,0.00100011611357331,9.0000114440918],"time_ms":8826,"wall_ms":1791487776185.0,"yaw":0.0}
S03R {"entity":2,"event":"apply","pose":{"control":1,"durable":2,"entity":2,"position":[9.9343433380127,0.00100005290005356,6.40457582473755],"receipt_ms":8812,"sequence":252,"tick":543,"velocity":[0.0,0.0,0.0],"yaw":-0.314159393310547},"position":[9.9343433380127,0.00100005290005356,6.40457582473755],"time_ms":8831,"wall_ms":1791487776190.0,"yaw":-0.314159393310547}
S03R {"event":"input","index":18,"move":0.0,"position":[9.9343433380127,0.00100005290005356,6.40457582473755],"role":"client","sequence_floor":255,"tick":510,"time_ms":8887,"turn":1.0,"wall_ms":1791487776246.0,"yaw":-0.314159393310547}
S03R {"event":"keys","move":0.0,"role":"client","tick":510,"time_ms":8891,"turn":1.0,"wall_ms":1791487776250.0}
S03R {"entity":1,"event":"apply","pose":{"control":1,"durable":2,"entity":1,"position":[0.0,0.00100011611357331,9.0000114440918],"receipt_ms":8897,"sequence":254,"tick":546,"velocity":[0.0,0.0,0.0],"yaw":0.0},"position":[0.0,0.00100011611357331,9.0000114440918],"time_ms":8897,"wall_ms":1791487776255.0,"yaw":0.0}
S03R {"entity":2,"event":"apply","pose":{"control":1,"durable":2,"entity":2,"position":[9.9343433380127,0.00100005290005356,6.40457582473755],"receipt_ms":8897,"sequence":253,"tick":546,"velocity":[0.0,0.0,0.0],"yaw":-0.314159393310547},"position":[9.9343433380127,0.00100005290005356,6.40457582473755],"time_ms":8900,"wall_ms":1791487776258.0,"yaw":-0.314159393310547}
S03R {"entity":1,"event":"apply","pose":{"control":1,"durable":2,"entity":1,"position":[0.0,0.00100011611357331,9.0000114440918],"receipt_ms":8922,"sequence":256,"tick":549,"velocity":[0.0,0.0,0.0],"yaw":0.0},"position":[0.0,0.00100011611357331,9.0000114440918],"time_ms":8933,"wall_ms":1791487776292.0,"yaw":0.0}
S03R {"entity":2,"event":"apply","pose":{"control":1,"durable":2,"entity":2,"position":[9.9343433380127,0.00100005290005356,6.40457582473755],"receipt_ms":8922,"sequence":254,"tick":549,"velocity":[0.0,0.0,0.0],"yaw":-0.314159393310547},"position":[9.9343433380127,0.00100005290005356,6.40457582473755],"time_ms":8936,"wall_ms":1791487776294.0,"yaw":-0.314159393310547}
S03R {"entity":1,"event":"apply","pose":{"control":1,"durable":2,"entity":1,"position":[0.0,0.00100011611357331,9.0000114440918],"receipt_ms":8967,"sequence":257,"tick":552,"velocity":[0.0,0.0,0.0],"yaw":0.0},"position":[0.0,0.00100011611357331,9.0000114440918],"time_ms":8981,"wall_ms":1791487776340.0,"yaw":0.0}
S03R {"entity":2,"event":"apply","pose":{"control":1,"durable":2,"entity":2,"position":[9.9343433380127,0.00100005290005356,6.40457582473755],"receipt_ms":8967,"sequence":256,"tick":552,"velocity":[0.0,0.0,0.0],"yaw":-0.471239030361176},"position":[9.9343433380127,0.00100005290005356,6.40457582473755],"time_ms":8986,"wall_ms":1791487776344.0,"yaw":-0.471239030361176}
S03R {"entity":1,"event":"apply","pose":{"control":1,"durable":2,"entity":1,"position":[0.0,0.00100011611357331,9.0000114440918],"receipt_ms":9011,"sequence":259,"tick":555,"velocity":[0.0,0.0,0.0],"yaw":0.0},"position":[0.0,0.00100011611357331,9.0000114440918],"time_ms":9011,"wall_ms":1791487776370.0,"yaw":0.0}
S03R {"entity":2,"event":"apply","pose":{"control":1,"durable":2,"entity":2,"position":[9.9343433380127,0.00100005290005356,6.40457582473755],"receipt_ms":9011,"sequence":258,"tick":555,"velocity":[0.0,0.0,0.0],"yaw":-0.628318667411804},"position":[9.9343433380127,0.00100005290005356,6.40457582473755],"time_ms":9016,"wall_ms":1791487776375.0,"yaw":-0.628318667411804}
S03R {"event":"keys","move":0.0,"role":"client","tick":522,"time_ms":9077,"turn":0.0,"wall_ms":1791487776435.0}
S03R {"entity":1,"event":"apply","pose":{"control":1,"durable":2,"entity":1,"position":[0.0,0.00100011611357331,9.0000114440918],"receipt_ms":9076,"sequence":260,"tick":558,"velocity":[0.0,0.0,0.0],"yaw":0.0},"position":[0.0,0.00100011611357331,9.0000114440918],"time_ms":9080,"wall_ms":1791487776439.0,"yaw":0.0}
S03R {"entity":2,"event":"apply","pose":{"control":1,"durable":2,"entity":2,"position":[9.9343433380127,0.00100005290005356,6.40457582473755],"receipt_ms":9076,"sequence":260,"tick":558,"velocity":[0.0,0.0,0.0],"yaw":-0.785398244857788},"position":[9.9343433380127,0.00100005290005356,6.40457582473755],"time_ms":9084,"wall_ms":1791487776443.0,"yaw":-0.785398244857788}
S03R {"entity":1,"event":"apply","pose":{"control":1,"durable":2,"entity":1,"position":[0.0,0.00100011611357331,9.0000114440918],"receipt_ms":9123,"sequence":262,"tick":561,"velocity":[0.0,0.0,0.0],"yaw":0.0},"position":[0.0,0.00100011611357331,9.0000114440918],"time_ms":9123,"wall_ms":1791487776482.0,"yaw":0.0}
S03R {"entity":2,"event":"apply","pose":{"control":1,"durable":2,"entity":2,"position":[9.9343433380127,0.00100005290005356,6.40457582473755],"receipt_ms":9123,"sequence":262,"tick":561,"velocity":[0.0,0.0,0.0],"yaw":-0.837758123874664},"position":[9.9343433380127,0.00100005290005356,6.40457582473755],"time_ms":9127,"wall_ms":1791487776486.0,"yaw":-0.837758123874664}
S03R {"entity":1,"event":"apply","pose":{"control":1,"durable":2,"entity":1,"position":[0.0,0.00100011611357331,9.0000114440918],"receipt_ms":9171,"sequence":263,"tick":564,"velocity":[0.0,0.0,0.0],"yaw":0.0},"position":[0.0,0.00100011611357331,9.0000114440918],"time_ms":9186,"wall_ms":1791487776544.0,"yaw":0.0}
S03R {"entity":2,"event":"apply","pose":{"control":1,"durable":2,"entity":2,"position":[9.9343433380127,0.00100005290005356,6.40457582473755],"receipt_ms":9171,"sequence":262,"tick":564,"velocity":[0.0,0.0,0.0],"yaw":-0.837758123874664},"position":[9.9343433380127,0.00100005290005356,6.40457582473755],"time_ms":9190,"wall_ms":1791487776549.0,"yaw":-0.837758123874664}
S03R {"entity":1,"event":"apply","pose":{"control":1,"durable":2,"entity":1,"position":[0.0,0.00100011611357331,9.0000114440918],"receipt_ms":9268,"sequence":266,"tick":570,"velocity":[0.0,0.0,0.0],"yaw":0.0},"position":[0.0,0.00100011611357331,9.0000114440918],"time_ms":9282,"wall_ms":1791487776641.0,"yaw":0.0}
S03R {"entity":2,"event":"apply","pose":{"control":1,"durable":2,"entity":2,"position":[9.9343433380127,0.00100005290005356,6.40457582473755],"receipt_ms":9268,"sequence":265,"tick":570,"velocity":[0.0,0.0,0.0],"yaw":-0.837758123874664},"position":[9.9343433380127,0.00100005290005356,6.40457582473755],"time_ms":9289,"wall_ms":1791487776648.0,"yaw":-0.837758123874664}
S03R {"entity":1,"event":"apply","pose":{"control":1,"durable":2,"entity":1,"position":[0.0,0.00100011611357331,9.0000114440918],"receipt_ms":9346,"sequence":268,"tick":573,"velocity":[0.0,0.0,0.0],"yaw":0.0},"position":[0.0,0.00100011611357331,9.0000114440918],"time_ms":9346,"wall_ms":1791487776706.0,"yaw":0.0}
S03R {"entity":2,"event":"apply","pose":{"control":1,"durable":2,"entity":2,"position":[9.9343433380127,0.00100005290005356,6.40457582473755],"receipt_ms":9346,"sequence":266,"tick":573,"velocity":[0.0,0.0,0.0],"yaw":-0.837758123874664},"position":[9.9343433380127,0.00100005290005356,6.40457582473755],"time_ms":9350,"wall_ms":1791487776709.0,"yaw":-0.837758123874664}
S03R {"event":"input","index":19,"move":1.0,"position":[9.9343433380127,0.00100005290005356,6.40457582473755],"role":"client","sequence_floor":270,"tick":540,"time_ms":9385,"turn":0.0,"wall_ms":1791487776744.0,"yaw":-0.837758123874664}
S03R {"event":"keys","move":1.0,"role":"client","tick":540,"time_ms":9394,"turn":0.0,"wall_ms":1791487776753.0}
S03R {"entity":1,"event":"apply","pose":{"control":1,"durable":2,"entity":1,"position":[0.0,0.00100011611357331,9.0000114440918],"receipt_ms":9405,"sequence":269,"tick":576,"velocity":[0.0,0.0,0.0],"yaw":0.0},"position":[0.0,0.00100011611357331,9.0000114440918],"time_ms":9406,"wall_ms":1791487776764.0,"yaw":0.0}
S03R {"entity":2,"event":"apply","pose":{"control":1,"durable":2,"entity":2,"position":[9.9343433380127,0.00100005290005356,6.40457582473755],"receipt_ms":9405,"sequence":269,"tick":576,"velocity":[0.0,0.0,0.0],"yaw":-0.837758123874664},"position":[9.9343433380127,0.00100005290005356,6.40457582473755],"time_ms":9419,"wall_ms":1791487776778.0,"yaw":-0.837758123874664}
S03R {"entity":1,"event":"apply","pose":{"control":1,"durable":2,"entity":1,"position":[0.0,0.00100011611357331,9.0000114440918],"receipt_ms":9605,"sequence":271,"tick":579,"velocity":[0.0,0.0,0.0],"yaw":0.0},"position":[0.0,0.00100011611357331,9.0000114440918],"time_ms":9606,"wall_ms":1791487776965.0,"yaw":0.0}
S03R {"entity":2,"event":"apply","pose":{"control":1,"durable":2,"entity":2,"position":[9.9343433380127,0.00100005290005356,6.40457582473755],"receipt_ms":9605,"sequence":269,"tick":579,"velocity":[0.0,0.0,0.0],"yaw":-0.837758123874664},"position":[9.9343433380127,0.00100005290005356,6.40457582473755],"time_ms":9613,"wall_ms":1791487776972.0,"yaw":-0.837758123874664}
S03R {"event":"keys","move":0.0,"role":"client","tick":552,"time_ms":9655,"turn":0.0,"wall_ms":1791487777014.0}
S03R {"entity":1,"event":"apply","pose":{"control":1,"durable":2,"entity":1,"position":[0.0,0.00100011611357331,9.0000114440918],"receipt_ms":9659,"sequence":277,"tick":591,"velocity":[0.0,0.0,0.0],"yaw":0.0},"position":[0.0,0.00100011611357331,9.0000114440918],"time_ms":9660,"wall_ms":1791487777019.0,"yaw":0.0}
S03R {"entity":2,"event":"apply","pose":{"control":1,"durable":2,"entity":2,"position":[10.5536308288574,0.00100005290005356,5.8469672203064],"receipt_ms":9659,"sequence":272,"tick":591,"velocity":[3.71571922302246,0.0,-3.34564828872681],"yaw":-0.837758123874664},"position":[10.5536308288574,0.00100005290005356,5.8469672203064],"time_ms":9662,"wall_ms":1791487777021.0,"yaw":-0.837758123874664}
S03R {"entity":1,"event":"apply","pose":{"control":1,"durable":2,"entity":1,"position":[0.0,0.00100011611357331,9.0000114440918],"receipt_ms":9719,"sequence":280,"tick":597,"velocity":[0.0,0.0,0.0],"yaw":0.0},"position":[0.0,0.00100011611357331,9.0000114440918],"time_ms":9732,"wall_ms":1791487777091.0,"yaw":0.0}
S03R {"entity":2,"event":"apply","pose":{"control":1,"durable":2,"entity":2,"position":[10.8632745742798,0.00100005290005356,5.56816291809082],"receipt_ms":9719,"sequence":278,"tick":597,"velocity":[0.0,0.0,0.0],"yaw":-0.837758123874664},"position":[10.8632745742798,0.00100005290005356,5.56816291809082],"time_ms":9735,"wall_ms":1791487777094.0,"yaw":-0.837758123874664}
S03R {"entity":1,"event":"apply","pose":{"control":1,"durable":2,"entity":1,"position":[0.0,0.00100011611357331,9.0000114440918],"receipt_ms":9825,"sequence":281,"tick":600,"velocity":[0.0,0.0,0.0],"yaw":0.0},"position":[0.0,0.00100011611357331,9.0000114440918],"time_ms":9825,"wall_ms":1791487777184.0,"yaw":0.0}
S03R {"entity":2,"event":"apply","pose":{"control":1,"durable":2,"entity":2,"position":[10.8632745742798,0.00100005290005356,5.56816291809082],"receipt_ms":9825,"sequence":280,"tick":600,"velocity":[0.0,0.0,0.0],"yaw":-0.837758123874664},"position":[10.8632745742798,0.00100005290005356,5.56816291809082],"time_ms":9831,"wall_ms":1791487777190.0,"yaw":-0.837758123874664}
S03R {"event":"input","index":20,"move":0.0,"position":[10.8632745742798,0.00100005290005356,5.56816291809082],"role":"client","sequence_floor":285,"tick":570,"time_ms":9888,"turn":-1.0,"wall_ms":1791487777247.0,"yaw":-0.837758123874664}
S03R {"event":"keys","move":0.0,"role":"client","tick":570,"time_ms":9892,"turn":-1.0,"wall_ms":1791487777251.0}
S03R {"entity":1,"event":"apply","pose":{"control":1,"durable":2,"entity":1,"position":[0.0,0.00100011611357331,9.0000114440918],"receipt_ms":9917,"sequence":286,"tick":609,"velocity":[0.0,0.0,0.0],"yaw":0.0},"position":[0.0,0.00100011611357331,9.0000114440918],"time_ms":9931,"wall_ms":1791487777290.0,"yaw":0.0}
S03R {"entity":2,"event":"apply","pose":{"control":1,"durable":2,"entity":2,"position":[10.8632745742798,0.00100005290005356,5.56816291809082],"receipt_ms":9917,"sequence":285,"tick":609,"velocity":[0.0,0.0,0.0],"yaw":-0.785398244857788},"position":[10.8632745742798,0.00100005290005356,5.56816291809082],"time_ms":9936,"wall_ms":1791487777295.0,"yaw":-0.785398244857788}
S03R {"entity":1,"event":"apply","pose":{"control":1,"durable":2,"entity":1,"position":[0.0,0.00100011611357331,9.0000114440918],"receipt_ms":9980,"sequence":287,"tick":612,"velocity":[0.0,0.0,0.0],"yaw":0.0},"position":[0.0,0.00100011611357331,9.0000114440918],"time_ms":9995,"wall_ms":1791487777354.0,"yaw":0.0}
S03R {"entity":2,"event":"apply","pose":{"control":1,"durable":2,"entity":2,"position":[10.8632745742798,0.00100005290005356,5.56816291809082],"receipt_ms":9980,"sequence":287,"tick":612,"velocity":[0.0,0.0,0.0],"yaw":-0.628318607807159},"position":[10.8632745742798,0.00100005290005356,5.56816291809082],"time_ms":9998,"wall_ms":1791487777356.0,"yaw":-0.628318607807159}
S03R {"entity":1,"event":"apply","pose":{"control":1,"durable":2,"entity":1,"position":[0.0,0.00100011611357331,9.0000114440918],"receipt_ms":10026,"sequence":289,"tick":615,"velocity":[0.0,0.0,0.0],"yaw":0.0},"position":[0.0,0.00100011611357331,9.0000114440918],"time_ms":10026,"wall_ms":1791487777385.0,"yaw":0.0}
S03R {"entity":2,"event":"apply","pose":{"control":1,"durable":2,"entity":2,"position":[10.8632745742798,0.00100005290005356,5.56816291809082],"receipt_ms":10026,"sequence":288,"tick":615,"velocity":[0.0,0.0,0.0],"yaw":-0.471239000558853},"position":[10.8632745742798,0.00100005290005356,5.56816291809082],"time_ms":10031,"wall_ms":1791487777390.0,"yaw":-0.471239000558853}
S03R {"event":"keys","move":0.0,"role":"client","tick":582,"time_ms":10091,"turn":0.0,"wall_ms":1791487777450.0}
S03R {"entity":1,"event":"apply","pose":{"control":1,"durable":2,"entity":1,"position":[0.0,0.00100011611357331,9.0000114440918],"receipt_ms":10184,"sequence":293,"tick":624,"velocity":[0.0,0.0,0.0],"yaw":0.0},"position":[0.0,0.00100011611357331,9.0000114440918],"time_ms":10184,"wall_ms":1791487777543.0,"yaw":0.0}
S03R {"entity":2,"event":"apply","pose":{"control":1,"durable":2,"entity":2,"position":[10.8632745742798,0.00100005290005356,5.56816291809082],"receipt_ms":10184,"sequence":293,"tick":624,"velocity":[0.0,0.0,0.0],"yaw":-0.2094397097826},"position":[10.8632745742798,0.00100005290005356,5.56816291809082],"time_ms":10188,"wall_ms":1791487777547.0,"yaw":-0.2094397097826}
S03R {"entity":1,"event":"apply","pose":{"control":1,"durable":2,"entity":1,"position":[0.0,0.00100011611357331,9.0000114440918],"receipt_ms":10227,"sequence":295,"tick":627,"velocity":[0.0,0.0,0.0],"yaw":0.0},"position":[0.0,0.00100011611357331,9.0000114440918],"time_ms":10243,"wall_ms":1791487777602.0,"yaw":0.0}
S03R {"entity":2,"event":"apply","pose":{"control":1,"durable":2,"entity":2,"position":[10.8632745742798,0.00100005290005356,5.56816291809082],"receipt_ms":10227,"sequence":294,"tick":627,"velocity":[0.0,0.0,0.0],"yaw":-0.209439679980278},"position":[10.8632745742798,0.00100005290005356,5.56816291809082],"time_ms":10247,"wall_ms":1791487777605.0,"yaw":-0.209439679980278}
S03R {"entity":1,"event":"apply","pose":{"control":1,"durable":2,"entity":1,"position":[0.0,0.00100011611357331,9.0000114440918],"receipt_ms":10276,"sequence":296,"tick":630,"velocity":[0.0,0.0,0.0],"yaw":0.0},"position":[0.0,0.00100011611357331,9.0000114440918],"time_ms":10290,"wall_ms":1791487777649.0,"yaw":0.0}
S03R {"entity":2,"event":"apply","pose":{"control":1,"durable":2,"entity":2,"position":[10.8632745742798,0.00100005290005356,5.56816291809082],"receipt_ms":10276,"sequence":295,"tick":630,"velocity":[0.0,0.0,0.0],"yaw":-0.209439679980278},"position":[10.8632745742798,0.00100005290005356,5.56816291809082],"time_ms":10292,"wall_ms":1791487777651.0,"yaw":-0.209439679980278}
S03R {"event":"input","index":21,"move":1.0,"position":[10.8632745742798,0.00100005290005356,5.56816291809082],"role":"client","sequence_floor":300,"tick":600,"time_ms":10382,"turn":0.0,"wall_ms":1791487777741.0,"yaw":-0.209439679980278}
S03R {"event":"keys","move":1.0,"role":"client","tick":600,"time_ms":10386,"turn":0.0,"wall_ms":1791487777745.0}
S03R {"entity":1,"event":"apply","pose":{"control":1,"durable":2,"entity":1,"position":[0.0,0.00100011611357331,9.0000114440918],"receipt_ms":10433,"sequence":301,"tick":639,"velocity":[0.0,0.0,0.0],"yaw":0.0},"position":[0.0,0.00100011611357331,9.0000114440918],"time_ms":10444,"wall_ms":1791487777803.0,"yaw":0.0}
S03R {"entity":2,"event":"apply","pose":{"control":1,"durable":2,"entity":2,"position":[6.0,0.00100011611357331,5.91666698455811],"receipt_ms":10433,"sequence":300,"tick":639,"velocity":[0.0,0.0,-4.99999332427979],"yaw":0.0},"position":[6.0,0.00100011611357331,5.91666698455811],"time_ms":10447,"wall_ms":1791487777806.0,"yaw":0.0}
S03R {"entity":1,"event":"apply","pose":{"control":1,"durable":2,"entity":1,"position":[0.0,0.00100011611357331,9.0000114440918],"receipt_ms":10477,"sequence":302,"tick":642,"velocity":[0.0,0.0,0.0],"yaw":0.0},"position":[0.0,0.00100011611357331,9.0000114440918],"time_ms":10478,"wall_ms":1791487777836.0,"yaw":0.0}
S03R {"entity":2,"event":"apply","pose":{"control":1,"durable":2,"entity":2,"position":[6.0,0.00100011611357331,5.66666793823242],"receipt_ms":10477,"sequence":302,"tick":642,"velocity":[0.0,0.0,-4.99999332427979],"yaw":0.0},"position":[6.0,0.00100011611357331,5.66666793823242],"time_ms":10486,"wall_ms":1791487777844.0,"yaw":0.0}
S03R {"entity":1,"event":"apply","pose":{"control":1,"durable":2,"entity":1,"position":[0.0,0.00100011611357331,9.0000114440918],"receipt_ms":10523,"sequence":304,"tick":645,"velocity":[0.0,0.0,0.0],"yaw":0.0},"position":[0.0,0.00100011611357331,9.0000114440918],"time_ms":10524,"wall_ms":1791487777883.0,"yaw":0.0}
S03R {"entity":2,"event":"apply","pose":{"control":1,"durable":2,"entity":2,"position":[6.0,0.00100011611357331,5.41666889190674],"receipt_ms":10523,"sequence":303,"tick":645,"velocity":[0.0,0.0,-4.99999332427979],"yaw":0.0},"position":[6.0,0.00100011611357331,5.41666889190674],"time_ms":10528,"wall_ms":1791487777886.0,"yaw":0.0}
S03R {"entity":1,"event":"apply","pose":{"control":1,"durable":2,"entity":1,"position":[0.0,0.00100011611357331,9.0000114440918],"receipt_ms":10573,"sequence":305,"tick":648,"velocity":[0.0,0.0,0.0],"yaw":0.0},"position":[0.0,0.00100011611357331,9.0000114440918],"time_ms":10593,"wall_ms":1791487777953.0,"yaw":0.0}
S03R {"entity":2,"event":"apply","pose":{"control":1,"durable":2,"entity":2,"position":[6.0,0.00100011611357331,5.16666984558105],"receipt_ms":10573,"sequence":304,"tick":648,"velocity":[0.0,0.0,-4.99999332427979],"yaw":0.0},"position":[6.0,0.00100011611357331,5.16666984558105],"time_ms":10599,"wall_ms":1791487777959.0,"yaw":0.0}
S03R {"entity":1,"event":"apply","pose":{"control":1,"durable":2,"entity":1,"position":[0.0,0.00100011611357331,9.0000114440918],"receipt_ms":10617,"sequence":307,"tick":651,"velocity":[0.0,0.0,0.0],"yaw":0.0},"position":[0.0,0.00100011611357331,9.0000114440918],"time_ms":10633,"wall_ms":1791487777992.0,"yaw":0.0}
S03R {"entity":2,"event":"apply","pose":{"control":1,"durable":2,"entity":2,"position":[6.0,0.00100011611357331,4.91667079925537],"receipt_ms":10617,"sequence":306,"tick":651,"velocity":[0.0,0.0,-4.99999332427979],"yaw":0.0},"position":[6.0,0.00100011611357331,4.91667079925537],"time_ms":10637,"wall_ms":1791487777996.0,"yaw":0.0}
S03R {"entity":1,"event":"apply","pose":{"control":1,"durable":2,"entity":1,"position":[0.0,0.00100011611357331,9.0000114440918],"receipt_ms":10678,"sequence":308,"tick":654,"velocity":[0.0,0.0,0.0],"yaw":0.0},"position":[0.0,0.00100011611357331,9.0000114440918],"time_ms":10678,"wall_ms":1791487778037.0,"yaw":0.0}
S03R {"entity":2,"event":"apply","pose":{"control":1,"durable":2,"entity":2,"position":[6.0,0.00100011611357331,4.66667175292969],"receipt_ms":10678,"sequence":307,"tick":654,"velocity":[0.0,0.0,-4.99999332427979],"yaw":0.0},"position":[6.0,0.00100011611357331,4.66667175292969],"time_ms":10684,"wall_ms":1791487778044.0,"yaw":0.0}
S03R {"entity":1,"event":"apply","pose":{"control":1,"durable":2,"entity":1,"position":[0.0,0.00100011611357331,9.0000114440918],"receipt_ms":10726,"sequence":310,"tick":657,"velocity":[0.0,0.0,0.0],"yaw":0.0},"position":[0.0,0.00100011611357331,9.0000114440918],"time_ms":10726,"wall_ms":1791487778085.0,"yaw":0.0}
S03R {"entity":2,"event":"apply","pose":{"control":1,"durable":2,"entity":2,"position":[6.0,0.00100011611357331,4.416672706604],"receipt_ms":10726,"sequence":309,"tick":657,"velocity":[0.0,0.0,-4.99999332427979],"yaw":0.0},"position":[6.0,0.00100011611357331,4.416672706604],"time_ms":10729,"wall_ms":1791487778088.0,"yaw":0.0}
S03R {"entity":1,"event":"apply","pose":{"control":1,"durable":2,"entity":1,"position":[0.0,0.00100011611357331,9.0000114440918],"receipt_ms":10773,"sequence":311,"tick":660,"velocity":[0.0,0.0,0.0],"yaw":0.0},"position":[0.0,0.00100011611357331,9.0000114440918],"time_ms":10792,"wall_ms":1791487778151.0,"yaw":0.0}
S03R {"entity":2,"event":"apply","pose":{"control":1,"durable":2,"entity":2,"position":[6.0,0.00100011611357331,4.16667366027832],"receipt_ms":10773,"sequence":311,"tick":660,"velocity":[0.0,0.0,-4.99999332427979],"yaw":0.0},"position":[6.0,0.00100011611357331,4.16667366027832],"time_ms":10795,"wall_ms":1791487778154.0,"yaw":0.0}
S03R {"entity":1,"event":"apply","pose":{"control":1,"durable":2,"entity":1,"position":[0.0,0.00100011611357331,9.0000114440918],"receipt_ms":10820,"sequence":313,"tick":663,"velocity":[0.0,0.0,0.0],"yaw":0.0},"position":[0.0,0.00100011611357331,9.0000114440918],"time_ms":10821,"wall_ms":1791487778180.0,"yaw":0.0}
S03R {"entity":2,"event":"apply","pose":{"control":1,"durable":2,"entity":2,"position":[6.0,0.00100011611357331,3.91667437553406],"receipt_ms":10820,"sequence":312,"tick":663,"velocity":[0.0,0.0,-4.99999332427979],"yaw":0.0},"position":[6.0,0.00100011611357331,3.91667437553406],"time_ms":10823,"wall_ms":1791487778182.0,"yaw":0.0}
S03R {"entity":1,"event":"apply","pose":{"control":1,"durable":2,"entity":1,"position":[0.0,0.00100011611357331,9.0000114440918],"receipt_ms":10866,"sequence":314,"tick":666,"velocity":[0.0,0.0,0.0],"yaw":0.0},"position":[0.0,0.00100011611357331,9.0000114440918],"time_ms":10866,"wall_ms":1791487778224.0,"yaw":0.0}
S03R {"entity":2,"event":"apply","pose":{"control":1,"durable":2,"entity":2,"position":[6.0,0.00100011611357331,3.66667461395264],"receipt_ms":10866,"sequence":313,"tick":666,"velocity":[0.0,0.0,-4.99999332427979],"yaw":0.0},"position":[6.0,0.00100011611357331,3.66667461395264],"time_ms":10869,"wall_ms":1791487778228.0,"yaw":0.0}
S03R {"entity":1,"event":"apply","pose":{"control":1,"durable":2,"entity":1,"position":[0.0,0.00100011611357331,9.0000114440918],"receipt_ms":10931,"sequence":316,"tick":669,"velocity":[0.0,0.0,0.0],"yaw":0.0},"position":[0.0,0.00100011611357331,9.0000114440918],"time_ms":10947,"wall_ms":1791487778305.0,"yaw":0.0}
S03R {"entity":2,"event":"apply","pose":{"control":1,"durable":2,"entity":2,"position":[6.0,0.00100011611357331,3.41667485237122],"receipt_ms":10931,"sequence":314,"tick":669,"velocity":[0.0,0.0,-4.99999332427979],"yaw":0.0},"position":[6.0,0.00100011611357331,3.41667485237122],"time_ms":10952,"wall_ms":1791487778311.0,"yaw":0.0}
S03R {"entity":1,"event":"apply","pose":{"control":1,"durable":2,"entity":1,"position":[0.0,0.00100011611357331,9.0000114440918],"receipt_ms":10977,"sequence":317,"tick":672,"velocity":[0.0,0.0,0.0],"yaw":0.0},"position":[0.0,0.00100011611357331,9.0000114440918],"time_ms":10993,"wall_ms":1791487778352.0,"yaw":0.0}
S03R {"entity":2,"event":"apply","pose":{"control":1,"durable":2,"entity":2,"position":[6.0,0.00100011611357331,3.16667509078979],"receipt_ms":10977,"sequence":316,"tick":672,"velocity":[0.0,0.0,-4.99999332427979],"yaw":0.0},"position":[6.0,0.00100011611357331,3.16667509078979],"time_ms":10997,"wall_ms":1791487778356.0,"yaw":0.0}
S03R {"entity":1,"event":"apply","pose":{"control":1,"durable":2,"entity":1,"position":[0.0,0.00100011611357331,9.0000114440918],"receipt_ms":11025,"sequence":319,"tick":675,"velocity":[0.0,0.0,0.0],"yaw":0.0},"position":[0.0,0.00100011611357331,9.0000114440918],"time_ms":11040,"wall_ms":1791487778400.0,"yaw":0.0}
S03R {"entity":2,"event":"apply","pose":{"control":1,"durable":2,"entity":2,"position":[6.0,0.00100011611357331,2.91667532920837],"receipt_ms":11025,"sequence":318,"tick":675,"velocity":[0.0,0.0,-4.99999332427979],"yaw":0.0},"position":[6.0,0.00100011611357331,2.91667532920837],"time_ms":11044,"wall_ms":1791487778402.0,"yaw":0.0}
S03R {"entity":1,"event":"apply","pose":{"control":1,"durable":2,"entity":1,"position":[0.0,0.00100011611357331,9.0000114440918],"receipt_ms":11088,"sequence":320,"tick":678,"velocity":[0.0,0.0,0.0],"yaw":0.0},"position":[0.0,0.00100011611357331,9.0000114440918],"time_ms":11102,"wall_ms":1791487778461.0,"yaw":0.0}
S03R {"entity":2,"event":"apply","pose":{"control":1,"durable":2,"entity":2,"position":[6.0,0.00100011611357331,2.66667556762695],"receipt_ms":11088,"sequence":320,"tick":678,"velocity":[0.0,0.0,-4.99999332427979],"yaw":0.0},"position":[6.0,0.00100011611357331,2.66667556762695],"time_ms":11106,"wall_ms":1791487778465.0,"yaw":0.0}
S03R {"entity":1,"event":"apply","pose":{"control":1,"durable":2,"entity":1,"position":[0.0,0.00100011611357331,9.0000114440918],"receipt_ms":11136,"sequence":322,"tick":681,"velocity":[0.0,0.0,0.0],"yaw":0.0},"position":[0.0,0.00100011611357331,9.0000114440918],"time_ms":11149,"wall_ms":1791487778508.0,"yaw":0.0}
S03R {"entity":2,"event":"apply","pose":{"control":1,"durable":2,"entity":2,"position":[6.0,0.00100011611357331,2.41667580604553],"receipt_ms":11136,"sequence":321,"tick":681,"velocity":[0.0,0.0,-4.99999332427979],"yaw":0.0},"position":[6.0,0.00100011611357331,2.41667580604553],"time_ms":11152,"wall_ms":1791487778511.0,"yaw":0.0}
S03R {"entity":1,"event":"apply","pose":{"control":1,"durable":2,"entity":1,"position":[0.0,0.00100011611357331,9.0000114440918],"receipt_ms":11195,"sequence":323,"tick":684,"velocity":[0.0,0.0,0.0],"yaw":0.0},"position":[0.0,0.00100011611357331,9.0000114440918],"time_ms":11195,"wall_ms":1791487778554.0,"yaw":0.0}
S03R {"entity":2,"event":"apply","pose":{"control":1,"durable":2,"entity":2,"position":[6.0,0.00100011611357331,2.16667604446411],"receipt_ms":11195,"sequence":322,"tick":684,"velocity":[0.0,0.0,-4.99999332427979],"yaw":0.0},"position":[6.0,0.00100011611357331,2.16667604446411],"time_ms":11198,"wall_ms":1791487778557.0,"yaw":0.0}
S03R {"entity":1,"event":"apply","pose":{"control":1,"durable":2,"entity":1,"position":[0.0,0.00100011611357331,9.0000114440918],"receipt_ms":11227,"sequence":325,"tick":687,"velocity":[0.0,0.0,0.0],"yaw":0.0},"position":[0.0,0.00100011611357331,9.0000114440918],"time_ms":11227,"wall_ms":1791487778586.0,"yaw":0.0}
S03R {"entity":2,"event":"apply","pose":{"control":1,"durable":2,"entity":2,"position":[6.0,0.00100011611357331,1.91667628288269],"receipt_ms":11227,"sequence":324,"tick":687,"velocity":[0.0,0.0,-4.99999332427979],"yaw":0.0},"position":[6.0,0.00100011611357331,1.91667628288269],"time_ms":11233,"wall_ms":1791487778592.0,"yaw":0.0}
S03R {"entity":1,"event":"apply","pose":{"control":1,"durable":2,"entity":1,"position":[0.0,0.00100011611357331,9.0000114440918],"receipt_ms":11274,"sequence":326,"tick":690,"velocity":[0.0,0.0,0.0],"yaw":0.0},"position":[0.0,0.00100011611357331,9.0000114440918],"time_ms":11291,"wall_ms":1791487778650.0,"yaw":0.0}
S03R {"entity":2,"event":"apply","pose":{"control":1,"durable":2,"entity":2,"position":[6.0,0.00100011611357331,1.66667652130127],"receipt_ms":11274,"sequence":325,"tick":690,"velocity":[0.0,0.0,-4.99999332427979],"yaw":0.0},"position":[6.0,0.00100011611357331,1.66667652130127],"time_ms":11294,"wall_ms":1791487778653.0,"yaw":0.0}
S03R {"entity":1,"event":"apply","pose":{"control":1,"durable":2,"entity":1,"position":[0.0,0.00100011611357331,9.0000114440918],"receipt_ms":11324,"sequence":328,"tick":693,"velocity":[0.0,0.0,0.0],"yaw":0.0},"position":[0.0,0.00100011611357331,9.0000114440918],"time_ms":11337,"wall_ms":1791487778696.0,"yaw":0.0}
S03R {"entity":2,"event":"apply","pose":{"control":1,"durable":2,"entity":2,"position":[6.0,0.00100011611357331,1.41667675971985],"receipt_ms":11324,"sequence":327,"tick":693,"velocity":[0.0,0.0,-4.99999332427979],"yaw":0.0},"position":[6.0,0.00100011611357331,1.41667675971985],"time_ms":11342,"wall_ms":1791487778700.0,"yaw":0.0}
S03R {"entity":1,"event":"apply","pose":{"control":1,"durable":2,"entity":1,"position":[0.0,0.00100011611357331,9.0000114440918],"receipt_ms":11370,"sequence":329,"tick":696,"velocity":[0.0,0.0,0.0],"yaw":0.0},"position":[0.0,0.00100011611357331,9.0000114440918],"time_ms":11370,"wall_ms":1791487778728.0,"yaw":0.0}
S03R {"entity":2,"event":"apply","pose":{"control":1,"durable":2,"entity":2,"position":[6.0,0.00100011611357331,1.16667699813843],"receipt_ms":11370,"sequence":328,"tick":696,"velocity":[0.0,0.0,-4.99999332427979],"yaw":0.0},"position":[6.0,0.00100011611357331,1.16667699813843],"time_ms":11375,"wall_ms":1791487778734.0,"yaw":0.0}
S03R {"entity":1,"event":"apply","pose":{"control":1,"durable":2,"entity":1,"position":[0.0,0.00100011611357331,9.0000114440918],"receipt_ms":11418,"sequence":331,"tick":699,"velocity":[0.0,0.0,0.0],"yaw":0.0},"position":[0.0,0.00100011611357331,9.0000114440918],"time_ms":11418,"wall_ms":1791487778777.0,"yaw":0.0}
S03R {"entity":2,"event":"apply","pose":{"control":1,"durable":2,"entity":2,"position":[6.0,0.00100011611357331,0.916677236557007],"receipt_ms":11418,"sequence":330,"tick":699,"velocity":[0.0,0.0,-4.99999332427979],"yaw":0.0},"position":[6.0,0.00100011611357331,0.916677236557007],"time_ms":11423,"wall_ms":1791487778782.0,"yaw":0.0}
S03R {"entity":1,"event":"apply","pose":{"control":1,"durable":2,"entity":1,"position":[0.0,0.00100011611357331,9.0000114440918],"receipt_ms":11464,"sequence":332,"tick":702,"velocity":[0.0,0.0,0.0],"yaw":0.0},"position":[0.0,0.00100011611357331,9.0000114440918],"time_ms":11478,"wall_ms":1791487778837.0,"yaw":0.0}
S03R {"entity":2,"event":"apply","pose":{"control":1,"durable":2,"entity":2,"position":[6.0,0.00100011611357331,0.666677474975586],"receipt_ms":11465,"sequence":331,"tick":702,"velocity":[0.0,0.0,-4.99999332427979],"yaw":0.0},"position":[6.0,0.00100011611357331,0.666677474975586],"time_ms":11481,"wall_ms":1791487778840.0,"yaw":0.0}
S03R {"entity":1,"event":"apply","pose":{"control":1,"durable":2,"entity":1,"position":[0.0,0.00100011611357331,9.0000114440918],"receipt_ms":11526,"sequence":334,"tick":705,"velocity":[0.0,0.0,0.0],"yaw":0.0},"position":[0.0,0.00100011611357331,9.0000114440918],"time_ms":11540,"wall_ms":1791487778899.0,"yaw":0.0}
S03R {"entity":2,"event":"apply","pose":{"control":1,"durable":2,"entity":2,"position":[6.0,0.00100011611357331,0.416677743196487],"receipt_ms":11526,"sequence":333,"tick":705,"velocity":[0.0,0.0,-4.99999332427979],"yaw":0.0},"position":[6.0,0.00100011611357331,0.416677743196487],"time_ms":11542,"wall_ms":1791487778901.0,"yaw":0.0}
S03R {"entity":1,"event":"apply","pose":{"control":1,"durable":2,"entity":1,"position":[0.0,0.00100011611357331,9.0000114440918],"receipt_ms":11571,"sequence":335,"tick":708,"velocity":[0.0,0.0,0.0],"yaw":0.0},"position":[0.0,0.00100011611357331,9.0000114440918],"time_ms":11571,"wall_ms":1791487778930.0,"yaw":0.0}
S03R {"entity":2,"event":"apply","pose":{"control":1,"durable":2,"entity":2,"position":[6.0,0.00100011611357331,0.380219459533691],"receipt_ms":11571,"sequence":334,"tick":708,"velocity":[0.0,0.0,-4.99999332427979],"yaw":0.0},"position":[6.0,0.00100011611357331,0.380219459533691],"time_ms":11576,"wall_ms":1791487778935.0,"yaw":0.0}
S03R {"entity":1,"event":"apply","pose":{"control":1,"durable":2,"entity":1,"position":[0.0,0.00100011611357331,9.0000114440918],"receipt_ms":11619,"sequence":337,"tick":711,"velocity":[0.0,0.0,0.0],"yaw":0.0},"position":[0.0,0.00100011611357331,9.0000114440918],"time_ms":11619,"wall_ms":1791487778978.0,"yaw":0.0}
S03R {"entity":2,"event":"apply","pose":{"control":1,"durable":2,"entity":2,"position":[6.0,0.00100011611357331,0.380219459533691],"receipt_ms":11619,"sequence":336,"tick":711,"velocity":[0.0,0.0,-4.99999332427979],"yaw":0.0},"position":[6.0,0.00100011611357331,0.380219459533691],"time_ms":11624,"wall_ms":1791487778983.0,"yaw":0.0}
S03R {"entity":1,"event":"apply","pose":{"control":1,"durable":2,"entity":1,"position":[0.0,0.00100011611357331,9.0000114440918],"receipt_ms":11666,"sequence":338,"tick":714,"velocity":[0.0,0.0,0.0],"yaw":0.0},"position":[0.0,0.00100011611357331,9.0000114440918],"time_ms":11679,"wall_ms":1791487779038.0,"yaw":0.0}
S03R {"entity":2,"event":"apply","pose":{"control":1,"durable":2,"entity":2,"position":[6.0,0.00100011611357331,0.380219459533691],"receipt_ms":11666,"sequence":337,"tick":714,"velocity":[0.0,0.0,-4.99999332427979],"yaw":0.0},"position":[6.0,0.00100011611357331,0.380219459533691],"time_ms":11684,"wall_ms":1791487779043.0,"yaw":0.0}
S03R {"entity":1,"event":"apply","pose":{"control":1,"durable":2,"entity":1,"position":[0.0,0.00100011611357331,9.0000114440918],"receipt_ms":11724,"sequence":340,"tick":717,"velocity":[0.0,0.0,0.0],"yaw":0.0},"position":[0.0,0.00100011611357331,9.0000114440918],"time_ms":11740,"wall_ms":1791487779099.0,"yaw":0.0}
S03R {"entity":2,"event":"apply","pose":{"control":1,"durable":2,"entity":2,"position":[6.0,0.00100011611357331,0.380219459533691],"receipt_ms":11724,"sequence":339,"tick":717,"velocity":[0.0,0.0,-4.99999332427979],"yaw":0.0},"position":[6.0,0.00100011611357331,0.380219459533691],"time_ms":11744,"wall_ms":1791487779102.0,"yaw":0.0}
S03R {"entity":1,"event":"apply","pose":{"control":1,"durable":2,"entity":1,"position":[0.0,0.00100011611357331,9.0000114440918],"receipt_ms":11773,"sequence":341,"tick":720,"velocity":[0.0,0.0,0.0],"yaw":0.0},"position":[0.0,0.00100011611357331,9.0000114440918],"time_ms":11786,"wall_ms":1791487779146.0,"yaw":0.0}
S03R {"entity":2,"event":"apply","pose":{"control":1,"durable":2,"entity":2,"position":[6.0,0.00100011611357331,0.380219459533691],"receipt_ms":11773,"sequence":341,"tick":720,"velocity":[0.0,0.0,-4.99999332427979],"yaw":0.0},"position":[6.0,0.00100011611357331,0.380219459533691],"time_ms":11790,"wall_ms":1791487779150.0,"yaw":0.0}
S03R {"entity":1,"event":"apply","pose":{"control":1,"durable":2,"entity":1,"position":[0.0,0.00100011611357331,9.0000114440918],"receipt_ms":11823,"sequence":343,"tick":723,"velocity":[0.0,0.0,0.0],"yaw":0.0},"position":[0.0,0.00100011611357331,9.0000114440918],"time_ms":11834,"wall_ms":1791487779193.0,"yaw":0.0}
S03R {"entity":2,"event":"apply","pose":{"control":1,"durable":2,"entity":2,"position":[6.0,0.00100011611357331,0.380219459533691],"receipt_ms":11823,"sequence":342,"tick":723,"velocity":[0.0,0.0,-4.99999332427979],"yaw":0.0},"position":[6.0,0.00100011611357331,0.380219459533691],"time_ms":11839,"wall_ms":1791487779197.0,"yaw":0.0}
S03R {"entity":1,"event":"apply","pose":{"control":1,"durable":2,"entity":1,"position":[0.0,0.00100011611357331,9.0000114440918],"receipt_ms":11864,"sequence":344,"tick":726,"velocity":[0.0,0.0,0.0],"yaw":0.0},"position":[0.0,0.00100011611357331,9.0000114440918],"time_ms":11864,"wall_ms":1791487779223.0,"yaw":0.0}
S03R {"entity":2,"event":"apply","pose":{"control":1,"durable":2,"entity":2,"position":[6.0,0.00100011611357331,0.380219459533691],"receipt_ms":11864,"sequence":343,"tick":726,"velocity":[0.0,0.0,-4.99999332427979],"yaw":0.0},"position":[6.0,0.00100011611357331,0.380219459533691],"time_ms":11869,"wall_ms":1791487779228.0,"yaw":0.0}
S03R {"entity":1,"event":"apply","pose":{"control":1,"durable":2,"entity":1,"position":[0.0,0.00100011611357331,9.0000114440918],"receipt_ms":11926,"sequence":346,"tick":729,"velocity":[0.0,0.0,0.0],"yaw":0.0},"position":[0.0,0.00100011611357331,9.0000114440918],"time_ms":11926,"wall_ms":1791487779286.0,"yaw":0.0}
S03R {"entity":2,"event":"apply","pose":{"control":1,"durable":2,"entity":2,"position":[6.0,0.00100011611357331,0.380219459533691],"receipt_ms":11926,"sequence":345,"tick":729,"velocity":[0.0,0.0,-4.99999332427979],"yaw":0.0},"position":[6.0,0.00100011611357331,0.380219459533691],"time_ms":11929,"wall_ms":1791487779288.0,"yaw":0.0}
S03R {"entity":1,"event":"apply","pose":{"control":1,"durable":2,"entity":1,"position":[0.0,0.00100011611357331,9.0000114440918],"receipt_ms":11978,"sequence":347,"tick":732,"velocity":[0.0,0.0,0.0],"yaw":0.0},"position":[0.0,0.00100011611357331,9.0000114440918],"time_ms":11979,"wall_ms":1791487779338.0,"yaw":0.0}
S03R {"entity":2,"event":"apply","pose":{"control":1,"durable":2,"entity":2,"position":[6.0,0.00100011611357331,0.380219459533691],"receipt_ms":11978,"sequence":347,"tick":732,"velocity":[0.0,0.0,-4.99999332427979],"yaw":0.0},"position":[6.0,0.00100011611357331,0.380219459533691],"time_ms":11996,"wall_ms":1791487779354.0,"yaw":0.0}
S03R {"entity":1,"event":"apply","pose":{"control":1,"durable":2,"entity":1,"position":[0.0,0.00100011611357331,9.0000114440918],"receipt_ms":12116,"sequence":350,"tick":738,"velocity":[0.0,0.0,0.0],"yaw":0.0},"position":[0.0,0.00100011611357331,9.0000114440918],"time_ms":12116,"wall_ms":1791487779474.0,"yaw":0.0}
S03R {"entity":2,"event":"apply","pose":{"control":1,"durable":2,"entity":2,"position":[6.0,0.00100011611357331,0.380219459533691],"receipt_ms":12116,"sequence":349,"tick":738,"velocity":[0.0,0.0,-4.99999332427979],"yaw":0.0},"position":[6.0,0.00100011611357331,0.380219459533691],"time_ms":12144,"wall_ms":1791487779502.0,"yaw":0.0}
S03R {"entity":1,"event":"apply","pose":{"control":1,"durable":2,"entity":1,"position":[0.0,0.00100011611357331,9.0000114440918],"receipt_ms":12191,"sequence":353,"tick":744,"velocity":[0.0,0.0,0.0],"yaw":0.0},"position":[0.0,0.00100011611357331,9.0000114440918],"time_ms":12206,"wall_ms":1791487779565.0,"yaw":0.0}
S03R {"entity":2,"event":"apply","pose":{"control":1,"durable":2,"entity":2,"position":[6.0,0.00100011611357331,0.380219459533691],"receipt_ms":12191,"sequence":351,"tick":744,"velocity":[0.0,0.0,-4.99999332427979],"yaw":0.0},"position":[6.0,0.00100011611357331,0.380219459533691],"time_ms":12229,"wall_ms":1791487779588.0,"yaw":0.0}
S03R {"entity":1,"event":"apply","pose":{"control":1,"durable":2,"entity":1,"position":[0.0,0.00100011611357331,9.0000114440918],"receipt_ms":12253,"sequence":355,"tick":747,"velocity":[0.0,0.0,0.0],"yaw":0.0},"position":[0.0,0.00100011611357331,9.0000114440918],"time_ms":12268,"wall_ms":1791487779628.0,"yaw":0.0}
S03R {"entity":2,"event":"apply","pose":{"control":1,"durable":2,"entity":2,"position":[6.0,0.00100011611357331,0.380219459533691],"receipt_ms":12253,"sequence":353,"tick":747,"velocity":[0.0,0.0,-4.99999332427979],"yaw":0.0},"position":[6.0,0.00100011611357331,0.380219459533691],"time_ms":12273,"wall_ms":1791487779633.0,"yaw":0.0}
S03R {"entity":1,"event":"apply","pose":{"control":1,"durable":2,"entity":1,"position":[0.0,0.00100011611357331,9.0000114440918],"receipt_ms":12278,"sequence":356,"tick":750,"velocity":[0.0,0.0,0.0],"yaw":0.0},"position":[0.0,0.00100011611357331,9.0000114440918],"time_ms":12278,"wall_ms":1791487779637.0,"yaw":0.0}
S03R {"entity":2,"event":"apply","pose":{"control":1,"durable":2,"entity":2,"position":[6.0,0.00100011611357331,0.380219459533691],"receipt_ms":12278,"sequence":355,"tick":750,"velocity":[0.0,0.0,-4.99999332427979],"yaw":0.0},"position":[6.0,0.00100011611357331,0.380219459533691],"time_ms":12282,"wall_ms":1791487779641.0,"yaw":0.0}
S03R {"entity":1,"event":"apply","pose":{"control":1,"durable":2,"entity":1,"position":[0.0,0.00100011611357331,9.0000114440918],"receipt_ms":12332,"sequence":358,"tick":753,"velocity":[0.0,0.0,0.0],"yaw":0.0},"position":[0.0,0.00100011611357331,9.0000114440918],"time_ms":12347,"wall_ms":1791487779706.0,"yaw":0.0}
S03R {"entity":2,"event":"apply","pose":{"control":1,"durable":2,"entity":2,"position":[6.0,0.00100011611357331,0.380219459533691],"receipt_ms":12332,"sequence":357,"tick":753,"velocity":[0.0,0.0,-4.99999332427979],"yaw":0.0},"position":[6.0,0.00100011611357331,0.380219459533691],"time_ms":12350,"wall_ms":1791487779709.0,"yaw":0.0}
S03R {"event":"keys","move":-1.0,"role":"client","tick":720,"time_ms":12379,"turn":0.0,"wall_ms":1791487779738.0}
S03R {"entity":1,"event":"apply","pose":{"control":1,"durable":2,"entity":1,"position":[0.0,0.00100011611357331,9.0000114440918],"receipt_ms":12379,"sequence":359,"tick":756,"velocity":[0.0,0.0,0.0],"yaw":0.0},"position":[0.0,0.00100011611357331,9.0000114440918],"time_ms":12384,"wall_ms":1791487779743.0,"yaw":0.0}
S03R {"entity":2,"event":"apply","pose":{"control":1,"durable":2,"entity":2,"position":[6.0,0.00100011611357331,0.380219459533691],"receipt_ms":12379,"sequence":359,"tick":756,"velocity":[0.0,0.0,-4.99999332427979],"yaw":0.0},"position":[6.0,0.00100011611357331,0.380219459533691],"time_ms":12388,"wall_ms":1791487779746.0,"yaw":0.0}
S03R {"entity":1,"event":"apply","pose":{"control":1,"durable":2,"entity":1,"position":[0.0,0.00100011611357331,9.0000114440918],"receipt_ms":12409,"sequence":361,"tick":759,"velocity":[0.0,0.0,0.0],"yaw":0.0},"position":[0.0,0.00100011611357331,9.0000114440918],"time_ms":12409,"wall_ms":1791487779768.0,"yaw":0.0}
S03R {"entity":2,"event":"apply","pose":{"control":1,"durable":2,"entity":2,"position":[6.0,0.00100011611357331,0.430898755788803],"receipt_ms":12409,"sequence":360,"tick":759,"velocity":[0.0,0.0,2.99999618530273],"yaw":0.0},"position":[6.0,0.00100011611357331,0.430898755788803],"time_ms":12412,"wall_ms":1791487779772.0,"yaw":0.0}
S03R {"entity":1,"event":"apply","pose":{"control":1,"durable":2,"entity":1,"position":[0.0,0.00100011611357331,9.0000114440918],"receipt_ms":12473,"sequence":362,"tick":762,"velocity":[0.0,0.0,0.0],"yaw":0.0},"position":[0.0,0.00100011611357331,9.0000114440918],"time_ms":12488,"wall_ms":1791487779847.0,"yaw":0.0}
S03R {"entity":2,"event":"apply","pose":{"control":1,"durable":2,"entity":2,"position":[6.0,0.00100011611357331,0.580898582935333],"receipt_ms":12473,"sequence":361,"tick":762,"velocity":[0.0,0.0,2.99999618530273],"yaw":0.0},"position":[6.0,0.00100011611357331,0.580898582935333],"time_ms":12491,"wall_ms":1791487779850.0,"yaw":0.0}
S03R {"entity":1,"event":"apply","pose":{"control":1,"durable":2,"entity":1,"position":[0.0,0.00100011611357331,9.0000114440918],"receipt_ms":12536,"sequence":364,"tick":765,"velocity":[0.0,0.0,0.0],"yaw":0.0},"position":[0.0,0.00100011611357331,9.0000114440918],"time_ms":12552,"wall_ms":1791487779911.0,"yaw":0.0}
S03R {"entity":2,"event":"apply","pose":{"control":1,"durable":2,"entity":2,"position":[6.0,0.00100011611357331,0.730898439884186],"receipt_ms":12536,"sequence":363,"tick":765,"velocity":[0.0,0.0,2.99999618530273],"yaw":0.0},"position":[6.0,0.00100011611357331,0.730898439884186],"time_ms":12556,"wall_ms":1791487779915.0,"yaw":0.0}
S03R {"entity":1,"event":"apply","pose":{"control":1,"durable":2,"entity":1,"position":[0.0,0.00100011611357331,9.0000114440918],"receipt_ms":12581,"sequence":365,"tick":768,"velocity":[0.0,0.0,0.0],"yaw":0.0},"position":[0.0,0.00100011611357331,9.0000114440918],"time_ms":12597,"wall_ms":1791487779955.0,"yaw":0.0}
S03R {"entity":2,"event":"apply","pose":{"control":1,"durable":2,"entity":2,"position":[6.0,0.00100011611357331,0.880898296833038],"receipt_ms":12581,"sequence":365,"tick":768,"velocity":[0.0,0.0,2.99999618530273],"yaw":0.0},"position":[6.0,0.00100011611357331,0.880898296833038],"time_ms":12601,"wall_ms":1791487779960.0,"yaw":0.0}
S03R {"entity":1,"event":"apply","pose":{"control":1,"durable":2,"entity":1,"position":[0.0,0.00100011611357331,9.0000114440918],"receipt_ms":12628,"sequence":367,"tick":771,"velocity":[0.0,0.0,0.0],"yaw":0.0},"position":[0.0,0.00100011611357331,9.0000114440918],"time_ms":12644,"wall_ms":1791487780004.0,"yaw":0.0}
S03R {"entity":2,"event":"apply","pose":{"control":1,"durable":2,"entity":2,"position":[6.0,0.00100011611357331,1.03089809417725],"receipt_ms":12628,"sequence":365,"tick":771,"velocity":[0.0,0.0,2.99999618530273],"yaw":0.0},"position":[6.0,0.00100011611357331,1.03089809417725],"time_ms":12651,"wall_ms":1791487780010.0,"yaw":0.0}
S03R {"entity":1,"event":"apply","pose":{"control":1,"durable":2,"entity":1,"position":[0.0,0.00100011611357331,9.0000114440918],"receipt_ms":12675,"sequence":368,"tick":774,"velocity":[0.0,0.0,0.0],"yaw":0.0},"position":[0.0,0.00100011611357331,9.0000114440918],"time_ms":12690,"wall_ms":1791487780049.0,"yaw":0.0}
S03R {"entity":2,"event":"apply","pose":{"control":1,"durable":2,"entity":2,"position":[6.0,0.00100011611357331,1.1808979511261],"receipt_ms":12675,"sequence":367,"tick":774,"velocity":[0.0,0.0,2.99999618530273],"yaw":0.0},"position":[6.0,0.00100011611357331,1.1808979511261],"time_ms":12695,"wall_ms":1791487780054.0,"yaw":0.0}
S03R {"entity":1,"event":"apply","pose":{"control":1,"durable":2,"entity":1,"position":[0.0,0.00100011611357331,9.0000114440918],"receipt_ms":12723,"sequence":370,"tick":777,"velocity":[0.0,0.0,0.0],"yaw":0.0},"position":[0.0,0.00100011611357331,9.0000114440918],"time_ms":12739,"wall_ms":1791487780098.0,"yaw":0.0}
S03R {"entity":2,"event":"apply","pose":{"control":1,"durable":2,"entity":2,"position":[6.0,0.00100011611357331,1.33089780807495],"receipt_ms":12723,"sequence":369,"tick":777,"velocity":[0.0,0.0,2.99999618530273],"yaw":0.0},"position":[6.0,0.00100011611357331,1.33089780807495],"time_ms":12742,"wall_ms":1791487780100.0,"yaw":0.0}
S03R {"entity":1,"event":"apply","pose":{"control":1,"durable":2,"entity":1,"position":[0.0,0.00100011611357331,9.0000114440918],"receipt_ms":12769,"sequence":371,"tick":780,"velocity":[0.0,0.0,0.0],"yaw":0.0},"position":[0.0,0.00100011611357331,9.0000114440918],"time_ms":12783,"wall_ms":1791487780142.0,"yaw":0.0}
S03R {"entity":2,"event":"apply","pose":{"control":1,"durable":2,"entity":2,"position":[6.0,0.00100011611357331,1.4808976650238],"receipt_ms":12769,"sequence":370,"tick":780,"velocity":[0.0,0.0,2.99999618530273],"yaw":0.0},"position":[6.0,0.00100011611357331,1.4808976650238],"time_ms":12786,"wall_ms":1791487780145.0,"yaw":0.0}
S03R {"entity":1,"event":"apply","pose":{"control":1,"durable":2,"entity":1,"position":[0.0,0.00100011611357331,9.0000114440918],"receipt_ms":12832,"sequence":373,"tick":783,"velocity":[0.0,0.0,0.0],"yaw":0.0},"position":[0.0,0.00100011611357331,9.0000114440918],"time_ms":12848,"wall_ms":1791487780207.0,"yaw":0.0}
S03R {"entity":2,"event":"apply","pose":{"control":1,"durable":2,"entity":2,"position":[6.0,0.00100011611357331,1.63089752197266],"receipt_ms":12832,"sequence":372,"tick":783,"velocity":[0.0,0.0,2.99999618530273],"yaw":0.0},"position":[6.0,0.00100011611357331,1.63089752197266],"time_ms":12853,"wall_ms":1791487780212.0,"yaw":0.0}
S03R {"entity":1,"event":"apply","pose":{"control":1,"durable":2,"entity":1,"position":[0.0,0.00100011611357331,9.0000114440918],"receipt_ms":12893,"sequence":374,"tick":786,"velocity":[0.0,0.0,0.0],"yaw":0.0},"position":[0.0,0.00100011611357331,9.0000114440918],"time_ms":12893,"wall_ms":1791487780252.0,"yaw":0.0}
S03R {"entity":2,"event":"apply","pose":{"control":1,"durable":2,"entity":2,"position":[6.0,0.00100011611357331,1.78089737892151],"receipt_ms":12893,"sequence":374,"tick":786,"velocity":[0.0,0.0,2.99999618530273],"yaw":0.0},"position":[6.0,0.00100011611357331,1.78089737892151],"time_ms":12897,"wall_ms":1791487780256.0,"yaw":0.0}
S03R {"entity":1,"event":"apply","pose":{"control":1,"durable":2,"entity":1,"position":[0.0,0.00100011611357331,9.0000114440918],"receipt_ms":12923,"sequence":376,"tick":789,"velocity":[0.0,0.0,0.0],"yaw":0.0},"position":[0.0,0.00100011611357331,9.0000114440918],"time_ms":12940,"wall_ms":1791487780299.0,"yaw":0.0}
S03R {"entity":2,"event":"apply","pose":{"control":1,"durable":2,"entity":2,"position":[6.0,0.00100011611357331,1.93089723587036],"receipt_ms":12923,"sequence":375,"tick":789,"velocity":[0.0,0.0,2.99999618530273],"yaw":0.0},"position":[6.0,0.00100011611357331,1.93089723587036],"time_ms":12952,"wall_ms":1791487780311.0,"yaw":0.0}
S03R {"entity":1,"event":"apply","pose":{"control":1,"durable":2,"entity":1,"position":[0.0,0.00100011611357331,9.0000114440918],"receipt_ms":12972,"sequence":377,"tick":792,"velocity":[0.0,0.0,0.0],"yaw":0.0},"position":[0.0,0.00100011611357331,9.0000114440918],"time_ms":12992,"wall_ms":1791487780351.0,"yaw":0.0}
S03R {"entity":2,"event":"apply","pose":{"control":1,"durable":2,"entity":2,"position":[6.0,0.00100011611357331,2.08089709281921],"receipt_ms":12972,"sequence":376,"tick":792,"velocity":[0.0,0.0,2.99999618530273],"yaw":0.0},"position":[6.0,0.00100011611357331,2.08089709281921],"time_ms":12996,"wall_ms":1791487780354.0,"yaw":0.0}
S03R {"entity":1,"event":"apply","pose":{"control":1,"durable":2,"entity":1,"position":[0.0,0.00100011611357331,9.0000114440918],"receipt_ms":13020,"sequence":379,"tick":795,"velocity":[0.0,0.0,0.0],"yaw":0.0},"position":[0.0,0.00100011611357331,9.0000114440918],"time_ms":13020,"wall_ms":1791487780379.0,"yaw":0.0}
S03R {"entity":2,"event":"apply","pose":{"control":1,"durable":2,"entity":2,"position":[6.0,0.00100011611357331,2.23089694976807],"receipt_ms":13020,"sequence":378,"tick":795,"velocity":[0.0,0.0,2.99999618530273],"yaw":0.0},"position":[6.0,0.00100011611357331,2.23089694976807],"time_ms":13024,"wall_ms":1791487780383.0,"yaw":0.0}
S03R {"entity":1,"event":"apply","pose":{"control":1,"durable":2,"entity":1,"position":[0.0,0.00100011611357331,9.0000114440918],"receipt_ms":13083,"sequence":380,"tick":798,"velocity":[0.0,0.0,0.0],"yaw":0.0},"position":[0.0,0.00100011611357331,9.0000114440918],"time_ms":13098,"wall_ms":1791487780457.0,"yaw":0.0}
S03R {"entity":2,"event":"apply","pose":{"control":1,"durable":2,"entity":2,"position":[6.0,0.00100011611357331,2.38089680671692],"receipt_ms":13083,"sequence":379,"tick":798,"velocity":[0.0,0.0,2.99999618530273],"yaw":0.0},"position":[6.0,0.00100011611357331,2.38089680671692],"time_ms":13102,"wall_ms":1791487780460.0,"yaw":0.0}
S03R {"entity":1,"event":"apply","pose":{"control":1,"durable":2,"entity":1,"position":[0.0,0.00100011611357331,9.0000114440918],"receipt_ms":13132,"sequence":382,"tick":801,"velocity":[0.0,0.0,0.0],"yaw":0.0},"position":[0.0,0.00100011611357331,9.0000114440918],"time_ms":13146,"wall_ms":1791487780505.0,"yaw":0.0}
S03R {"entity":2,"event":"apply","pose":{"control":1,"durable":2,"entity":2,"position":[6.0,0.00100011611357331,2.53089666366577],"receipt_ms":13132,"sequence":381,"tick":801,"velocity":[0.0,0.0,2.99999618530273],"yaw":0.0},"position":[6.0,0.00100011611357331,2.53089666366577],"time_ms":13149,"wall_ms":1791487780508.0,"yaw":0.0}
S03R {"event":"keys","move":0.0,"role":"client","tick":768,"time_ms":13177,"turn":0.0,"wall_ms":1791487780536.0}
S03R {"entity":1,"event":"apply","pose":{"control":1,"durable":2,"entity":1,"position":[0.0,0.00100011611357331,9.0000114440918],"receipt_ms":13177,"sequence":383,"tick":804,"velocity":[0.0,0.0,0.0],"yaw":0.0},"position":[0.0,0.00100011611357331,9.0000114440918],"time_ms":13181,"wall_ms":1791487780539.0,"yaw":0.0}
S03R {"entity":2,"event":"apply","pose":{"control":1,"durable":2,"entity":2,"position":[6.0,0.00100011611357331,2.68089652061462],"receipt_ms":13177,"sequence":382,"tick":804,"velocity":[0.0,0.0,2.99999618530273],"yaw":0.0},"position":[6.0,0.00100011611357331,2.68089652061462],"time_ms":13183,"wall_ms":1791487780542.0,"yaw":0.0}
S03R {"entity":1,"event":"apply","pose":{"control":1,"durable":2,"entity":1,"position":[0.0,0.00100011611357331,9.0000114440918],"receipt_ms":13209,"sequence":385,"tick":807,"velocity":[0.0,0.0,0.0],"yaw":0.0},"position":[0.0,0.00100011611357331,9.0000114440918],"time_ms":13210,"wall_ms":1791487780568.0,"yaw":0.0}
S03R {"entity":2,"event":"apply","pose":{"control":1,"durable":2,"entity":2,"position":[6.0,0.00100011611357331,2.78089642524719],"receipt_ms":13209,"sequence":384,"tick":807,"velocity":[0.0,0.0,0.0],"yaw":0.0},"position":[6.0,0.00100011611357331,2.78089642524719],"time_ms":13214,"wall_ms":1791487780572.0,"yaw":0.0}
S03R {"entity":1,"event":"apply","pose":{"control":1,"durable":2,"entity":1,"position":[0.0,0.00100011611357331,9.0000114440918],"receipt_ms":13271,"sequence":386,"tick":810,"velocity":[0.0,0.0,0.0],"yaw":0.0},"position":[0.0,0.00100011611357331,9.0000114440918],"time_ms":13287,"wall_ms":1791487780646.0,"yaw":0.0}
S03R {"entity":2,"event":"apply","pose":{"control":1,"durable":2,"entity":2,"position":[6.0,0.00100011611357331,2.78089642524719],"receipt_ms":13271,"sequence":385,"tick":810,"velocity":[0.0,0.0,0.0],"yaw":0.0},"position":[6.0,0.00100011611357331,2.78089642524719],"time_ms":13292,"wall_ms":1791487780650.0,"yaw":0.0}
S03R {"entity":1,"event":"apply","pose":{"control":1,"durable":2,"entity":1,"position":[0.0,0.00100011611357331,9.0000114440918],"receipt_ms":13320,"sequence":388,"tick":813,"velocity":[0.0,0.0,0.0],"yaw":0.0},"position":[0.0,0.00100011611357331,9.0000114440918],"time_ms":13320,"wall_ms":1791487780679.0,"yaw":0.0}
S03R {"entity":2,"event":"apply","pose":{"control":1,"durable":2,"entity":2,"position":[6.0,0.00100011611357331,2.78089642524719],"receipt_ms":13320,"sequence":387,"tick":813,"velocity":[0.0,0.0,0.0],"yaw":0.0},"position":[6.0,0.00100011611357331,2.78089642524719],"time_ms":13324,"wall_ms":1791487780682.0,"yaw":0.0}
S03R {"entity":1,"event":"apply","pose":{"control":1,"durable":2,"entity":1,"position":[0.0,0.00100011611357331,9.0000114440918],"receipt_ms":13381,"sequence":389,"tick":816,"velocity":[0.0,0.0,0.0],"yaw":0.0},"position":[0.0,0.00100011611357331,9.0000114440918],"time_ms":13395,"wall_ms":1791487780754.0,"yaw":0.0}
S03R {"entity":2,"event":"apply","pose":{"control":1,"durable":2,"entity":2,"position":[6.0,0.00100011611357331,2.78089642524719],"receipt_ms":13381,"sequence":388,"tick":816,"velocity":[0.0,0.0,0.0],"yaw":0.0},"position":[6.0,0.00100011611357331,2.78089642524719],"time_ms":13400,"wall_ms":1791487780758.0,"yaw":0.0}
S03R {"entity":1,"event":"apply","pose":{"control":1,"durable":2,"entity":1,"position":[0.0,0.00100011611357331,9.0000114440918],"receipt_ms":13428,"sequence":391,"tick":819,"velocity":[0.0,0.0,0.0],"yaw":0.0},"position":[0.0,0.00100011611357331,9.0000114440918],"time_ms":13442,"wall_ms":1791487780802.0,"yaw":0.0}
S03R {"entity":2,"event":"apply","pose":{"control":1,"durable":2,"entity":2,"position":[6.0,0.00100011611357331,2.78089642524719],"receipt_ms":13428,"sequence":390,"tick":819,"velocity":[0.0,0.0,0.0],"yaw":0.0},"position":[6.0,0.00100011611357331,2.78089642524719],"time_ms":13449,"wall_ms":1791487780808.0,"yaw":0.0}
S03R {"entity":1,"event":"apply","pose":{"control":1,"durable":2,"entity":1,"position":[0.0,0.00100011611357331,9.0000114440918],"receipt_ms":13474,"sequence":392,"tick":822,"velocity":[0.0,0.0,0.0],"yaw":0.0},"position":[0.0,0.00100011611357331,9.0000114440918],"time_ms":13490,"wall_ms":1791487780849.0,"yaw":0.0}
S03R {"entity":2,"event":"apply","pose":{"control":1,"durable":2,"entity":2,"position":[6.0,0.00100011611357331,2.78089642524719],"receipt_ms":13474,"sequence":391,"tick":822,"velocity":[0.0,0.0,0.0],"yaw":0.0},"position":[6.0,0.00100011611357331,2.78089642524719],"time_ms":13493,"wall_ms":1791487780852.0,"yaw":0.0}
S03R {"entity":1,"event":"apply","pose":{"control":1,"durable":2,"entity":1,"position":[0.0,0.00100011611357331,9.0000114440918],"receipt_ms":13521,"sequence":394,"tick":825,"velocity":[0.0,0.0,0.0],"yaw":0.0},"position":[0.0,0.00100011611357331,9.0000114440918],"time_ms":13534,"wall_ms":1791487780894.0,"yaw":0.0}
S03R {"entity":2,"event":"apply","pose":{"control":1,"durable":2,"entity":2,"position":[6.0,0.00100011611357331,2.78089642524719],"receipt_ms":13521,"sequence":393,"tick":825,"velocity":[0.0,0.0,0.0],"yaw":0.0},"position":[6.0,0.00100011611357331,2.78089642524719],"time_ms":13537,"wall_ms":1791487780896.0,"yaw":0.0}
S03R {"entity":1,"event":"apply","pose":{"control":1,"durable":2,"entity":1,"position":[0.0,0.00100011611357331,9.0000114440918],"receipt_ms":13582,"sequence":395,"tick":828,"velocity":[0.0,0.0,0.0],"yaw":0.0},"position":[0.0,0.00100011611357331,9.0000114440918],"time_ms":13583,"wall_ms":1791487780942.0,"yaw":0.0}
S03R {"entity":2,"event":"apply","pose":{"control":1,"durable":2,"entity":2,"position":[6.0,0.00100011611357331,2.78089642524719],"receipt_ms":13582,"sequence":395,"tick":828,"velocity":[0.0,0.0,0.0],"yaw":0.0},"position":[6.0,0.00100011611357331,2.78089642524719],"time_ms":13587,"wall_ms":1791487780946.0,"yaw":0.0}
S03R {"entity":1,"event":"apply","pose":{"control":1,"durable":2,"entity":1,"position":[0.0,0.00100011611357331,9.0000114440918],"receipt_ms":13630,"sequence":397,"tick":831,"velocity":[0.0,0.0,0.0],"yaw":0.0},"position":[0.0,0.00100011611357331,9.0000114440918],"time_ms":13630,"wall_ms":1791487780989.0,"yaw":0.0}
S03R {"entity":2,"event":"apply","pose":{"control":1,"durable":2,"entity":2,"position":[6.0,0.00100011611357331,2.78089642524719],"receipt_ms":13630,"sequence":396,"tick":831,"velocity":[0.0,0.0,0.0],"yaw":0.0},"position":[6.0,0.00100011611357331,2.78089642524719],"time_ms":13636,"wall_ms":1791487780995.0,"yaw":0.0}
S03R {"entity":1,"event":"apply","pose":{"control":1,"durable":2,"entity":1,"position":[0.0,0.00100011611357331,9.0000114440918],"receipt_ms":13676,"sequence":398,"tick":834,"velocity":[0.0,0.0,0.0],"yaw":0.0},"position":[0.0,0.00100011611357331,9.0000114440918],"time_ms":13693,"wall_ms":1791487781052.0,"yaw":0.0}
S03R {"entity":2,"event":"apply","pose":{"control":1,"durable":2,"entity":2,"position":[6.0,0.00100011611357331,2.78089642524719],"receipt_ms":13676,"sequence":397,"tick":834,"velocity":[0.0,0.0,0.0],"yaw":0.0},"position":[6.0,0.00100011611357331,2.78089642524719],"time_ms":13696,"wall_ms":1791487781055.0,"yaw":0.0}
S03R {"entity":1,"event":"apply","pose":{"control":1,"durable":2,"entity":1,"position":[0.0,0.00100011611357331,9.0000114440918],"receipt_ms":13741,"sequence":400,"tick":837,"velocity":[0.0,0.0,0.0],"yaw":0.0},"position":[0.0,0.00100011611357331,9.0000114440918],"time_ms":13754,"wall_ms":1791487781113.0,"yaw":0.0}
S03R {"entity":2,"event":"apply","pose":{"control":1,"durable":2,"entity":2,"position":[6.0,0.00100011611357331,2.78089642524719],"receipt_ms":13741,"sequence":399,"tick":837,"velocity":[0.0,0.0,0.0],"yaw":0.0},"position":[6.0,0.00100011611357331,2.78089642524719],"time_ms":13759,"wall_ms":1791487781118.0,"yaw":0.0}
S03R {"entity":1,"event":"apply","pose":{"control":1,"durable":2,"entity":1,"position":[0.0,0.00100011611357331,9.0000114440918],"receipt_ms":13786,"sequence":401,"tick":840,"velocity":[0.0,0.0,0.0],"yaw":0.0},"position":[0.0,0.00100011611357331,9.0000114440918],"time_ms":13800,"wall_ms":1791487781159.0,"yaw":0.0}
S03R {"entity":2,"event":"apply","pose":{"control":1,"durable":2,"entity":2,"position":[6.0,0.00100011611357331,2.78089642524719],"receipt_ms":13786,"sequence":400,"tick":840,"velocity":[0.0,0.0,0.0],"yaw":0.0},"position":[6.0,0.00100011611357331,2.78089642524719],"time_ms":13803,"wall_ms":1791487781160.0,"yaw":0.0}
S03R {"entity":1,"event":"apply","pose":{"control":1,"durable":2,"entity":1,"position":[0.0,0.00100011611357331,9.0000114440918],"receipt_ms":13816,"sequence":403,"tick":843,"velocity":[0.0,0.0,0.0],"yaw":0.0},"position":[0.0,0.00100011611357331,9.0000114440918],"time_ms":13831,"wall_ms":1791487781191.0,"yaw":0.0}
S03R {"entity":2,"event":"apply","pose":{"control":1,"durable":2,"entity":2,"position":[6.0,0.00100011611357331,2.78089642524719],"receipt_ms":13816,"sequence":401,"tick":843,"velocity":[0.0,0.0,0.0],"yaw":0.0},"position":[6.0,0.00100011611357331,2.78089642524719],"time_ms":13834,"wall_ms":1791487781193.0,"yaw":0.0}
S03R {"entity":1,"event":"apply","pose":{"control":1,"durable":2,"entity":1,"position":[0.0,0.00100011611357331,9.0000114440918],"receipt_ms":13863,"sequence":404,"tick":846,"velocity":[0.0,0.0,0.0],"yaw":0.0},"position":[0.0,0.00100011611357331,9.0000114440918],"time_ms":13863,"wall_ms":1791487781223.0,"yaw":0.0}
S03R {"entity":2,"event":"apply","pose":{"control":1,"durable":2,"entity":2,"position":[6.0,0.00100011611357331,2.78089642524719],"receipt_ms":13863,"sequence":403,"tick":846,"velocity":[0.0,0.0,0.0],"yaw":0.0},"position":[6.0,0.00100011611357331,2.78089642524719],"time_ms":13878,"wall_ms":1791487781236.0,"yaw":0.0}
S03R {"entity":1,"event":"apply","pose":{"control":1,"durable":2,"entity":1,"position":[0.0,0.00100011611357331,9.0000114440918],"receipt_ms":13949,"sequence":406,"tick":849,"velocity":[0.0,0.0,0.0],"yaw":0.0},"position":[0.0,0.00100011611357331,9.0000114440918],"time_ms":13956,"wall_ms":1791487781316.0,"yaw":0.0}
S03R {"entity":2,"event":"apply","pose":{"control":1,"durable":2,"entity":2,"position":[6.0,0.00100011611357331,2.78089642524719],"receipt_ms":13949,"sequence":404,"tick":849,"velocity":[0.0,0.0,0.0],"yaw":0.0},"position":[6.0,0.00100011611357331,2.78089642524719],"time_ms":13959,"wall_ms":1791487781318.0,"yaw":0.0}
S03R {"entity":1,"event":"apply","pose":{"control":1,"durable":2,"entity":1,"position":[0.0,0.00100011611357331,9.0000114440918],"receipt_ms":13962,"sequence":407,"tick":852,"velocity":[0.0,0.0,0.0],"yaw":0.0},"position":[0.0,0.00100011611357331,9.0000114440918],"time_ms":13987,"wall_ms":1791487781346.0,"yaw":0.0}
S03R {"entity":2,"event":"apply","pose":{"control":1,"durable":2,"entity":2,"position":[6.0,0.00100011611357331,2.78089642524719],"receipt_ms":13962,"sequence":407,"tick":852,"velocity":[0.0,0.0,0.0],"yaw":0.0},"position":[6.0,0.00100011611357331,2.78089642524719],"time_ms":13992,"wall_ms":1791487781351.0,"yaw":0.0}
S03R {"entity":1,"event":"apply","pose":{"control":1,"durable":2,"entity":1,"position":[0.0,0.00100011611357331,9.0000114440918],"receipt_ms":14020,"sequence":409,"tick":855,"velocity":[0.0,0.0,0.0],"yaw":0.0},"position":[0.0,0.00100011611357331,9.0000114440918],"time_ms":14020,"wall_ms":1791487781378.0,"yaw":0.0}
S03R {"entity":2,"event":"apply","pose":{"control":1,"durable":2,"entity":2,"position":[6.0,0.00100011611357331,2.78089642524719],"receipt_ms":14020,"sequence":408,"tick":855,"velocity":[0.0,0.0,0.0],"yaw":0.0},"position":[6.0,0.00100011611357331,2.78089642524719],"time_ms":14024,"wall_ms":1791487781382.0,"yaw":0.0}
S03R {"entity":1,"event":"apply","pose":{"control":1,"durable":2,"entity":1,"position":[0.0,0.00100011611357331,9.0000114440918],"receipt_ms":14066,"sequence":410,"tick":858,"velocity":[0.0,0.0,0.0],"yaw":0.0},"position":[0.0,0.00100011611357331,9.0000114440918],"time_ms":14067,"wall_ms":1791487781426.0,"yaw":0.0}
S03R {"entity":2,"event":"apply","pose":{"control":1,"durable":2,"entity":2,"position":[6.0,0.00100011611357331,2.78089642524719],"receipt_ms":14066,"sequence":409,"tick":858,"velocity":[0.0,0.0,0.0],"yaw":0.0},"position":[6.0,0.00100011611357331,2.78089642524719],"time_ms":14071,"wall_ms":1791487781430.0,"yaw":0.0}
S03R {"entity":1,"event":"apply","pose":{"control":1,"durable":2,"entity":1,"position":[0.0,0.00100011611357331,9.0000114440918],"receipt_ms":14130,"sequence":412,"tick":861,"velocity":[0.0,0.0,0.0],"yaw":0.0},"position":[0.0,0.00100011611357331,9.0000114440918],"time_ms":14143,"wall_ms":1791487781502.0,"yaw":0.0}
S03R {"entity":2,"event":"apply","pose":{"control":1,"durable":2,"entity":2,"position":[6.0,0.00100011611357331,2.78089642524719],"receipt_ms":14130,"sequence":411,"tick":861,"velocity":[0.0,0.0,0.0],"yaw":0.0},"position":[6.0,0.00100011611357331,2.78089642524719],"time_ms":14146,"wall_ms":1791487781505.0,"yaw":0.0}
S03R {"entity":1,"event":"apply","pose":{"control":1,"durable":2,"entity":1,"position":[0.0,0.00100011611357331,9.0000114440918],"receipt_ms":14175,"sequence":413,"tick":864,"velocity":[0.0,0.0,0.0],"yaw":0.0},"position":[0.0,0.00100011611357331,9.0000114440918],"time_ms":14193,"wall_ms":1791487781552.0,"yaw":0.0}
S03R {"entity":2,"event":"apply","pose":{"control":1,"durable":2,"entity":2,"position":[6.0,0.00100011611357331,2.78089642524719],"receipt_ms":14175,"sequence":412,"tick":864,"velocity":[0.0,0.0,0.0],"yaw":0.0},"position":[6.0,0.00100011611357331,2.78089642524719],"time_ms":14197,"wall_ms":1791487781556.0,"yaw":0.0}
S03R {"entity":1,"event":"apply","pose":{"control":1,"durable":2,"entity":1,"position":[0.0,0.00100011611357331,9.0000114440918],"receipt_ms":14236,"sequence":415,"tick":867,"velocity":[0.0,0.0,0.0],"yaw":0.0},"position":[0.0,0.00100011611357331,9.0000114440918],"time_ms":14251,"wall_ms":1791487781611.0,"yaw":0.0}
S03R {"entity":2,"event":"apply","pose":{"control":1,"durable":2,"entity":2,"position":[6.0,0.00100011611357331,2.78089642524719],"receipt_ms":14236,"sequence":414,"tick":867,"velocity":[0.0,0.0,0.0],"yaw":0.0},"position":[6.0,0.00100011611357331,2.78089642524719],"time_ms":14255,"wall_ms":1791487781614.0,"yaw":0.0}
S03R {"entity":1,"event":"apply","pose":{"control":1,"durable":2,"entity":1,"position":[0.0,0.00100011611357331,9.0000114440918],"receipt_ms":14260,"sequence":416,"tick":870,"velocity":[0.0,0.0,0.0],"yaw":0.0},"position":[0.0,0.00100011611357331,9.0000114440918],"time_ms":14281,"wall_ms":1791487781640.0,"yaw":0.0}
S03R {"entity":2,"event":"apply","pose":{"control":1,"durable":2,"entity":2,"position":[6.0,0.00100011611357331,2.78089642524719],"receipt_ms":14260,"sequence":415,"tick":870,"velocity":[0.0,0.0,0.0],"yaw":0.0},"position":[6.0,0.00100011611357331,2.78089642524719],"time_ms":14286,"wall_ms":1791487781645.0,"yaw":0.0}
S03R {"entity":1,"event":"apply","pose":{"control":1,"durable":2,"entity":1,"position":[0.0,0.00100011611357331,9.0000114440918],"receipt_ms":14313,"sequence":418,"tick":873,"velocity":[0.0,0.0,0.0],"yaw":0.0},"position":[0.0,0.00100011611357331,9.0000114440918],"time_ms":14313,"wall_ms":1791487781672.0,"yaw":0.0}
S03R {"entity":2,"event":"apply","pose":{"control":1,"durable":2,"entity":2,"position":[6.0,0.00100011611357331,2.78089642524719],"receipt_ms":14313,"sequence":417,"tick":873,"velocity":[0.0,0.0,0.0],"yaw":0.0},"position":[6.0,0.00100011611357331,2.78089642524719],"time_ms":14317,"wall_ms":1791487781677.0,"yaw":0.0}
S03R {"entity":1,"event":"apply","pose":{"control":1,"durable":2,"entity":1,"position":[0.0,0.00100011611357331,9.0000114440918],"receipt_ms":14361,"sequence":419,"tick":876,"velocity":[0.0,0.0,0.0],"yaw":0.0},"position":[0.0,0.00100011611357331,9.0000114440918],"time_ms":14374,"wall_ms":1791487781733.0,"yaw":0.0}
S03R {"entity":2,"event":"apply","pose":{"control":1,"durable":2,"entity":2,"position":[6.0,0.00100011611357331,2.78089642524719],"receipt_ms":14361,"sequence":419,"tick":876,"velocity":[0.0,0.0,0.0],"yaw":0.0},"position":[6.0,0.00100011611357331,2.78089642524719],"time_ms":14377,"wall_ms":1791487781736.0,"yaw":0.0}
S03R {"entity":1,"event":"apply","pose":{"control":1,"durable":2,"entity":1,"position":[0.0,0.00100011611357331,9.0000114440918],"receipt_ms":14426,"sequence":421,"tick":879,"velocity":[0.0,0.0,0.0],"yaw":0.0},"position":[0.0,0.00100011611357331,9.0000114440918],"time_ms":14436,"wall_ms":1791487781796.0,"yaw":0.0}
S03R {"entity":2,"event":"apply","pose":{"control":1,"durable":2,"entity":2,"position":[6.0,0.00100011611357331,2.78089642524719],"receipt_ms":14426,"sequence":420,"tick":879,"velocity":[0.0,0.0,0.0],"yaw":0.0},"position":[6.0,0.00100011611357331,2.78089642524719],"time_ms":14442,"wall_ms":1791487781801.0,"yaw":0.0}
S03R {"entity":1,"event":"apply","pose":{"control":1,"durable":2,"entity":1,"position":[0.0,0.00100011611357331,9.0000114440918],"receipt_ms":14487,"sequence":422,"tick":882,"velocity":[0.0,0.0,0.0],"yaw":0.0},"position":[0.0,0.00100011611357331,9.0000114440918],"time_ms":14500,"wall_ms":1791487781859.0,"yaw":0.0}
S03R {"entity":2,"event":"apply","pose":{"control":1,"durable":2,"entity":2,"position":[6.0,0.00100011611357331,2.78089642524719],"receipt_ms":14487,"sequence":421,"tick":882,"velocity":[0.0,0.0,0.0],"yaw":0.0},"position":[6.0,0.00100011611357331,2.78089642524719],"time_ms":14503,"wall_ms":1791487781862.0,"yaw":0.0}
S03R {"entity":1,"event":"apply","pose":{"control":1,"durable":2,"entity":1,"position":[0.0,0.00100011611357331,9.0000114440918],"receipt_ms":14532,"sequence":424,"tick":885,"velocity":[0.0,0.0,0.0],"yaw":0.0},"position":[0.0,0.00100011611357331,9.0000114440918],"time_ms":14548,"wall_ms":1791487781907.0,"yaw":0.0}
S03R {"entity":2,"event":"apply","pose":{"control":1,"durable":2,"entity":2,"position":[6.0,0.00100011611357331,2.78089642524719],"receipt_ms":14532,"sequence":423,"tick":885,"velocity":[0.0,0.0,0.0],"yaw":0.0},"position":[6.0,0.00100011611357331,2.78089642524719],"time_ms":14553,"wall_ms":1791487781911.0,"yaw":0.0}
S03R {"entity":1,"event":"apply","pose":{"control":1,"durable":2,"entity":1,"position":[0.0,0.00100011611357331,9.0000114440918],"receipt_ms":14578,"sequence":425,"tick":888,"velocity":[0.0,0.0,0.0],"yaw":0.0},"position":[0.0,0.00100011611357331,9.0000114440918],"time_ms":14578,"wall_ms":1791487781936.0,"yaw":0.0}
S03R {"entity":2,"event":"apply","pose":{"control":1,"durable":2,"entity":2,"position":[6.0,0.00100011611357331,2.78089642524719],"receipt_ms":14578,"sequence":425,"tick":888,"velocity":[0.0,0.0,0.0],"yaw":0.0},"position":[6.0,0.00100011611357331,2.78089642524719],"time_ms":14583,"wall_ms":1791487781941.0,"yaw":0.0}
S03R {"entity":1,"event":"apply","pose":{"control":1,"durable":2,"entity":1,"position":[0.0,0.00100011611357331,9.0000114440918],"receipt_ms":14627,"sequence":427,"tick":891,"velocity":[0.0,0.0,0.0],"yaw":0.0},"position":[0.0,0.00100011611357331,9.0000114440918],"time_ms":14627,"wall_ms":1791487781986.0,"yaw":0.0}
S03R {"entity":2,"event":"apply","pose":{"control":1,"durable":2,"entity":2,"position":[6.0,0.00100011611357331,2.78089642524719],"receipt_ms":14627,"sequence":426,"tick":891,"velocity":[0.0,0.0,0.0],"yaw":0.0},"position":[6.0,0.00100011611357331,2.78089642524719],"time_ms":14633,"wall_ms":1791487781991.0,"yaw":0.0}
S03R {"entity":1,"event":"apply","pose":{"control":1,"durable":2,"entity":1,"position":[0.0,0.00100011611357331,9.0000114440918],"receipt_ms":14675,"sequence":428,"tick":894,"velocity":[0.0,0.0,0.0],"yaw":0.0},"position":[0.0,0.00100011611357331,9.0000114440918],"time_ms":14686,"wall_ms":1791487782046.0,"yaw":0.0}
S03R {"entity":2,"event":"apply","pose":{"control":1,"durable":2,"entity":2,"position":[6.0,0.00100011611357331,2.78089642524719],"receipt_ms":14675,"sequence":428,"tick":894,"velocity":[0.0,0.0,0.0],"yaw":0.0},"position":[6.0,0.00100011611357331,2.78089642524719],"time_ms":14692,"wall_ms":1791487782051.0,"yaw":0.0}
S03R {"entity":1,"event":"apply","pose":{"control":1,"durable":2,"entity":1,"position":[0.0,0.00100011611357331,9.0000114440918],"receipt_ms":14718,"sequence":430,"tick":897,"velocity":[0.0,0.0,0.0],"yaw":0.0},"position":[0.0,0.00100011611357331,9.0000114440918],"time_ms":14735,"wall_ms":1791487782094.0,"yaw":0.0}
S03R {"entity":2,"event":"apply","pose":{"control":1,"durable":2,"entity":2,"position":[6.0,0.00100011611357331,2.78089642524719],"receipt_ms":14718,"sequence":429,"tick":897,"velocity":[0.0,0.0,0.0],"yaw":0.0},"position":[6.0,0.00100011611357331,2.78089642524719],"time_ms":14739,"wall_ms":1791487782097.0,"yaw":0.0}
S03R {"entity":1,"event":"apply","pose":{"control":1,"durable":2,"entity":1,"position":[0.0,0.00100011611357331,9.0000114440918],"receipt_ms":14766,"sequence":431,"tick":900,"velocity":[0.0,0.0,0.0],"yaw":0.0},"position":[0.0,0.00100011611357331,9.0000114440918],"time_ms":14780,"wall_ms":1791487782139.0,"yaw":0.0}
S03R {"entity":2,"event":"apply","pose":{"control":1,"durable":2,"entity":2,"position":[6.0,0.00100011611357331,2.78089642524719],"receipt_ms":14766,"sequence":430,"tick":900,"velocity":[0.0,0.0,0.0],"yaw":0.0},"position":[6.0,0.00100011611357331,2.78089642524719],"time_ms":14783,"wall_ms":1791487782143.0,"yaw":0.0}
S03R {"entity":1,"event":"apply","pose":{"control":1,"durable":2,"entity":1,"position":[0.0,0.00100011611357331,9.0000114440918],"receipt_ms":14828,"sequence":433,"tick":903,"velocity":[0.0,0.0,0.0],"yaw":0.0},"position":[0.0,0.00100011611357331,9.0000114440918],"time_ms":14847,"wall_ms":1791487782206.0,"yaw":0.0}
S03R {"entity":2,"event":"apply","pose":{"control":1,"durable":2,"entity":2,"position":[6.0,0.00100011611357331,2.78089642524719],"receipt_ms":14828,"sequence":432,"tick":903,"velocity":[0.0,0.0,0.0],"yaw":0.0},"position":[6.0,0.00100011611357331,2.78089642524719],"time_ms":14852,"wall_ms":1791487782211.0,"yaw":0.0}
S03R {"entity":1,"event":"apply","pose":{"control":1,"durable":2,"entity":1,"position":[0.0,0.00100011611357331,9.0000114440918],"receipt_ms":14874,"sequence":434,"tick":906,"velocity":[0.0,0.0,0.0],"yaw":0.0},"position":[0.0,0.00100011611357331,9.0000114440918],"time_ms":14890,"wall_ms":1791487782250.0,"yaw":0.0}
S03R {"entity":2,"event":"apply","pose":{"control":1,"durable":2,"entity":2,"position":[6.0,0.00100011611357331,2.78089642524719],"receipt_ms":14874,"sequence":433,"tick":906,"velocity":[0.0,0.0,0.0],"yaw":0.0},"position":[6.0,0.00100011611357331,2.78089642524719],"time_ms":14894,"wall_ms":1791487782253.0,"yaw":0.0}
S03R {"entity":1,"event":"apply","pose":{"control":1,"durable":2,"entity":1,"position":[0.0,0.00100011611357331,9.0000114440918],"receipt_ms":14920,"sequence":436,"tick":909,"velocity":[0.0,0.0,0.0],"yaw":0.0},"position":[0.0,0.00100011611357331,9.0000114440918],"time_ms":14921,"wall_ms":1791487782280.0,"yaw":0.0}
S03R {"entity":2,"event":"apply","pose":{"control":1,"durable":2,"entity":2,"position":[6.0,0.00100011611357331,2.78089642524719],"receipt_ms":14920,"sequence":435,"tick":909,"velocity":[0.0,0.0,0.0],"yaw":0.0},"position":[6.0,0.00100011611357331,2.78089642524719],"time_ms":14927,"wall_ms":1791487782286.0,"yaw":0.0}
S03R {"entity":1,"event":"apply","pose":{"control":1,"durable":2,"entity":1,"position":[0.0,0.00100011611357331,9.0000114440918],"receipt_ms":14970,"sequence":437,"tick":912,"velocity":[0.0,0.0,0.0],"yaw":0.0},"position":[0.0,0.00100011611357331,9.0000114440918],"time_ms":14981,"wall_ms":1791487782340.0,"yaw":0.0}
S03R {"entity":2,"event":"apply","pose":{"control":1,"durable":2,"entity":2,"position":[6.0,0.00100011611357331,2.78089642524719],"receipt_ms":14970,"sequence":436,"tick":912,"velocity":[0.0,0.0,0.0],"yaw":0.0},"position":[6.0,0.00100011611357331,2.78089642524719],"time_ms":14987,"wall_ms":1791487782346.0,"yaw":0.0}
S03R {"entity":1,"event":"apply","pose":{"control":1,"durable":2,"entity":1,"position":[0.0,0.00100011611357331,9.0000114440918],"receipt_ms":15015,"sequence":439,"tick":915,"velocity":[0.0,0.0,0.0],"yaw":0.0},"position":[0.0,0.00100011611357331,9.0000114440918],"time_ms":15015,"wall_ms":1791487782374.0,"yaw":0.0}
S03R {"entity":2,"event":"apply","pose":{"control":1,"durable":2,"entity":2,"position":[6.0,0.00100011611357331,2.78089642524719],"receipt_ms":15015,"sequence":438,"tick":915,"velocity":[0.0,0.0,0.0],"yaw":0.0},"position":[6.0,0.00100011611357331,2.78089642524719],"time_ms":15022,"wall_ms":1791487782380.0,"yaw":0.0}
S03R {"entity":1,"event":"apply","pose":{"control":1,"durable":2,"entity":1,"position":[0.0,0.00100011611357331,9.0000114440918],"receipt_ms":15075,"sequence":440,"tick":918,"velocity":[0.0,0.0,0.0],"yaw":0.0},"position":[0.0,0.00100011611357331,9.0000114440918],"time_ms":15075,"wall_ms":1791487782434.0,"yaw":0.0}
S03R {"entity":2,"event":"apply","pose":{"control":1,"durable":2,"entity":2,"position":[6.0,0.00100011611357331,2.78089642524719],"receipt_ms":15075,"sequence":440,"tick":918,"velocity":[0.0,0.0,0.0],"yaw":0.0},"position":[6.0,0.00100011611357331,2.78089642524719],"time_ms":15079,"wall_ms":1791487782437.0,"yaw":0.0}
S03R {"entity":1,"event":"apply","pose":{"control":1,"durable":2,"entity":1,"position":[0.0,0.00100011611357331,9.0000114440918],"receipt_ms":15140,"sequence":442,"tick":921,"velocity":[0.0,0.0,0.0],"yaw":0.0},"position":[0.0,0.00100011611357331,9.0000114440918],"time_ms":15155,"wall_ms":1791487782514.0,"yaw":0.0}
S03R {"entity":2,"event":"apply","pose":{"control":1,"durable":2,"entity":2,"position":[6.0,0.00100011611357331,2.78089642524719],"receipt_ms":15140,"sequence":441,"tick":921,"velocity":[0.0,0.0,0.0],"yaw":0.0},"position":[6.0,0.00100011611357331,2.78089642524719],"time_ms":15160,"wall_ms":1791487782519.0,"yaw":0.0}
S03R {"event":"input","index":22,"move":-1.0,"position":[6.0,0.00100011611357331,2.78089642524719],"role":"client","sequence_floor":444,"tick":888,"time_ms":15183,"turn":0.0,"wall_ms":1791487782541.0,"yaw":0.0}
S03R {"event":"keys","move":-1.0,"role":"client","tick":888,"time_ms":15186,"turn":0.0,"wall_ms":1791487782545.0}
S03R {"entity":1,"event":"apply","pose":{"control":1,"durable":2,"entity":1,"position":[0.0,0.00100011611357331,9.0000114440918],"receipt_ms":15183,"sequence":443,"tick":924,"velocity":[0.0,0.0,0.0],"yaw":0.0},"position":[0.0,0.00100011611357331,9.0000114440918],"time_ms":15188,"wall_ms":1791487782546.0,"yaw":0.0}
S03R {"entity":2,"event":"apply","pose":{"control":1,"durable":2,"entity":2,"position":[6.0,0.00100011611357331,2.78089642524719],"receipt_ms":15183,"sequence":443,"tick":924,"velocity":[0.0,0.0,0.0],"yaw":0.0},"position":[6.0,0.00100011611357331,2.78089642524719],"time_ms":15191,"wall_ms":1791487782550.0,"yaw":0.0}
S03R {"entity":1,"event":"apply","pose":{"control":1,"durable":2,"entity":1,"position":[0.0,0.00100011611357331,9.0000114440918],"receipt_ms":15230,"sequence":445,"tick":927,"velocity":[0.0,0.0,0.0],"yaw":0.0},"position":[0.0,0.00100011611357331,9.0000114440918],"time_ms":15247,"wall_ms":1791487782606.0,"yaw":0.0}
S03R {"entity":2,"event":"apply","pose":{"control":1,"durable":2,"entity":2,"position":[6.0,0.00100011611357331,2.83089637756348],"receipt_ms":15230,"sequence":444,"tick":927,"velocity":[0.0,0.0,2.99999618530273],"yaw":0.0},"position":[6.0,0.00100011611357331,2.83089637756348],"time_ms":15251,"wall_ms":1791487782610.0,"yaw":0.0}
S03R {"entity":1,"event":"apply","pose":{"control":1,"durable":2,"entity":1,"position":[0.0,0.00100011611357331,9.0000114440918],"receipt_ms":15277,"sequence":446,"tick":930,"velocity":[0.0,0.0,0.0],"yaw":0.0},"position":[0.0,0.00100011611357331,9.0000114440918],"time_ms":15291,"wall_ms":1791487782650.0,"yaw":0.0}
S03R {"entity":2,"event":"apply","pose":{"control":1,"durable":2,"entity":2,"position":[6.0,0.00100011611357331,2.98089623451233],"receipt_ms":15277,"sequence":445,"tick":930,"velocity":[0.0,0.0,2.99999618530273],"yaw":0.0},"position":[6.0,0.00100011611357331,2.98089623451233],"time_ms":15295,"wall_ms":1791487782653.0,"yaw":0.0}
S03R {"entity":1,"event":"apply","pose":{"control":1,"durable":2,"entity":1,"position":[0.0,0.00100011611357331,9.0000114440918],"receipt_ms":15327,"sequence":448,"tick":933,"velocity":[0.0,0.0,0.0],"yaw":0.0},"position":[0.0,0.00100011611357331,9.0000114440918],"time_ms":15340,"wall_ms":1791487782700.0,"yaw":0.0}
S03R {"entity":2,"event":"apply","pose":{"control":1,"durable":2,"entity":2,"position":[6.0,0.00100011611357331,3.13089609146118],"receipt_ms":15327,"sequence":447,"tick":933,"velocity":[0.0,0.0,2.99999618530273],"yaw":0.0},"position":[6.0,0.00100011611357331,3.13089609146118],"time_ms":15343,"wall_ms":1791487782702.0,"yaw":0.0}
S03R {"entity":1,"event":"apply","pose":{"control":1,"durable":2,"entity":1,"position":[0.0,0.00100011611357331,9.0000114440918],"receipt_ms":15376,"sequence":449,"tick":936,"velocity":[0.0,0.0,0.0],"yaw":0.0},"position":[0.0,0.00100011611357331,9.0000114440918],"time_ms":15391,"wall_ms":1791487782750.0,"yaw":0.0}
S03R {"entity":2,"event":"apply","pose":{"control":1,"durable":2,"entity":2,"position":[6.0,0.00100011611357331,3.28089594841003],"receipt_ms":15376,"sequence":448,"tick":936,"velocity":[0.0,0.0,2.99999618530273],"yaw":0.0},"position":[6.0,0.00100011611357331,3.28089594841003],"time_ms":15394,"wall_ms":1791487782752.0,"yaw":0.0}
S03R {"entity":1,"event":"apply","pose":{"control":1,"durable":2,"entity":1,"position":[0.0,0.00100011611357331,9.0000114440918],"receipt_ms":15420,"sequence":451,"tick":939,"velocity":[0.0,0.0,0.0],"yaw":0.0},"position":[0.0,0.00100011611357331,9.0000114440918],"time_ms":15435,"wall_ms":1791487782794.0,"yaw":0.0}
S03R {"entity":2,"event":"apply","pose":{"control":1,"durable":2,"entity":2,"position":[6.0,0.00100011611357331,3.43089580535889],"receipt_ms":15420,"sequence":450,"tick":939,"velocity":[0.0,0.0,2.99999618530273],"yaw":0.0},"position":[6.0,0.00100011611357331,3.43089580535889],"time_ms":15439,"wall_ms":1791487782798.0,"yaw":0.0}
S03R {"entity":1,"event":"apply","pose":{"control":1,"durable":2,"entity":1,"position":[0.0,0.00100011611357331,9.0000114440918],"receipt_ms":15463,"sequence":452,"tick":942,"velocity":[0.0,0.0,0.0],"yaw":0.0},"position":[0.0,0.00100011611357331,9.0000114440918],"time_ms":15463,"wall_ms":1791487782822.0,"yaw":0.0}
S03R {"entity":2,"event":"apply","pose":{"control":1,"durable":2,"entity":2,"position":[6.0,0.00100011611357331,3.58089566230774],"receipt_ms":15463,"sequence":451,"tick":942,"velocity":[0.0,0.0,2.99999618530273],"yaw":0.0},"position":[6.0,0.00100011611357331,3.58089566230774],"time_ms":15468,"wall_ms":1791487782826.0,"yaw":0.0}
S03R {"entity":1,"event":"apply","pose":{"control":1,"durable":2,"entity":1,"position":[0.0,0.00100011611357331,9.0000114440918],"receipt_ms":15528,"sequence":454,"tick":945,"velocity":[0.0,0.0,0.0],"yaw":0.0},"position":[0.0,0.00100011611357331,9.0000114440918],"time_ms":15528,"wall_ms":1791487782888.0,"yaw":0.0}
S03R {"entity":2,"event":"apply","pose":{"control":1,"durable":2,"entity":2,"position":[6.0,0.00100011611357331,3.73089551925659],"receipt_ms":15528,"sequence":453,"tick":945,"velocity":[0.0,0.0,2.99999618530273],"yaw":0.0},"position":[6.0,0.00100011611357331,3.73089551925659],"time_ms":15532,"wall_ms":1791487782892.0,"yaw":0.0}
S03R {"entity":1,"event":"apply","pose":{"control":1,"durable":2,"entity":1,"position":[0.0,0.00100011611357331,9.0000114440918],"receipt_ms":15591,"sequence":455,"tick":948,"velocity":[0.0,0.0,0.0],"yaw":0.0},"position":[0.0,0.00100011611357331,9.0000114440918],"time_ms":15591,"wall_ms":1791487782950.0,"yaw":0.0}
S03R {"entity":2,"event":"apply","pose":{"control":1,"durable":2,"entity":2,"position":[6.0,0.00100011611357331,3.88089537620544],"receipt_ms":15591,"sequence":455,"tick":948,"velocity":[0.0,0.0,2.99999618530273],"yaw":0.0},"position":[6.0,0.00100011611357331,3.88089537620544],"time_ms":15594,"wall_ms":1791487782953.0,"yaw":0.0}
S03R {"entity":1,"event":"apply","pose":{"control":1,"durable":2,"entity":1,"position":[0.0,0.00100011611357331,9.0000114440918],"receipt_ms":15622,"sequence":457,"tick":951,"velocity":[0.0,0.0,0.0],"yaw":0.0},"position":[0.0,0.00100011611357331,9.0000114440918],"time_ms":15635,"wall_ms":1791487782994.0,"yaw":0.0}
S03R {"entity":2,"event":"apply","pose":{"control":1,"durable":2,"entity":2,"position":[6.0,0.00100011611357331,4.0308952331543],"receipt_ms":15622,"sequence":456,"tick":951,"velocity":[0.0,0.0,2.99999618530273],"yaw":0.0},"position":[6.0,0.00100011611357331,4.0308952331543],"time_ms":15641,"wall_ms":1791487783001.0,"yaw":0.0}
S03R {"entity":1,"event":"apply","pose":{"control":1,"durable":2,"entity":1,"position":[0.0,0.00100011611357331,9.0000114440918],"receipt_ms":15666,"sequence":458,"tick":954,"velocity":[0.0,0.0,0.0],"yaw":0.0},"position":[0.0,0.00100011611357331,9.0000114440918],"time_ms":15666,"wall_ms":1791487783026.0,"yaw":0.0}
S03R {"entity":2,"event":"apply","pose":{"control":1,"durable":2,"entity":2,"position":[6.0,0.00100011611357331,4.18089437484741],"receipt_ms":15666,"sequence":457,"tick":954,"velocity":[0.0,0.0,2.99999618530273],"yaw":0.0},"position":[6.0,0.00100011611357331,4.18089437484741],"time_ms":15672,"wall_ms":1791487783031.0,"yaw":0.0}
S03R {"entity":1,"event":"apply","pose":{"control":1,"durable":2,"entity":1,"position":[0.0,0.00100011611357331,9.0000114440918],"receipt_ms":15716,"sequence":460,"tick":957,"velocity":[0.0,0.0,0.0],"yaw":0.0},"position":[0.0,0.00100011611357331,9.0000114440918],"time_ms":15727,"wall_ms":1791487783086.0,"yaw":0.0}
S03R {"entity":2,"event":"apply","pose":{"control":1,"durable":2,"entity":2,"position":[6.0,0.00100011611357331,4.33089351654053],"receipt_ms":15716,"sequence":459,"tick":957,"velocity":[0.0,0.0,2.99999618530273],"yaw":0.0},"position":[6.0,0.00100011611357331,4.33089351654053],"time_ms":15730,"wall_ms":1791487783089.0,"yaw":0.0}
S03R {"entity":1,"event":"apply","pose":{"control":1,"durable":2,"entity":1,"position":[0.0,0.00100011611357331,9.0000114440918],"receipt_ms":15781,"sequence":461,"tick":960,"velocity":[0.0,0.0,0.0],"yaw":0.0},"position":[0.0,0.00100011611357331,9.0000114440918],"time_ms":15790,"wall_ms":1791487783149.0,"yaw":0.0}
S03R {"entity":2,"event":"apply","pose":{"control":1,"durable":2,"entity":2,"position":[6.0,0.00100011611357331,4.48089265823364],"receipt_ms":15781,"sequence":460,"tick":960,"velocity":[0.0,0.0,2.99999618530273],"yaw":0.0},"position":[6.0,0.00100011611357331,4.48089265823364],"time_ms":15794,"wall_ms":1791487783153.0,"yaw":0.0}
S03R {"entity":1,"event":"apply","pose":{"control":1,"durable":2,"entity":1,"position":[0.0,0.00100011611357331,9.0000114440918],"receipt_ms":15820,"sequence":463,"tick":963,"velocity":[0.0,0.0,0.0],"yaw":0.0},"position":[0.0,0.00100011611357331,9.0000114440918],"time_ms":15820,"wall_ms":1791487783180.0,"yaw":0.0}
S03R {"entity":2,"event":"apply","pose":{"control":1,"durable":2,"entity":2,"position":[6.0,0.00100011611357331,4.63089179992676],"receipt_ms":15820,"sequence":462,"tick":963,"velocity":[0.0,0.0,2.99999618530273],"yaw":0.0},"position":[6.0,0.00100011611357331,4.63089179992676],"time_ms":15823,"wall_ms":1791487783183.0,"yaw":0.0}
S03R {"event":"keys","move":0.0,"role":"client","tick":930,"time_ms":15884,"turn":0.0,"wall_ms":1791487783243.0}
S03R {"entity":1,"event":"apply","pose":{"control":1,"durable":2,"entity":1,"position":[0.0,0.00100011611357331,9.0000114440918],"receipt_ms":15884,"sequence":464,"tick":966,"velocity":[0.0,0.0,0.0],"yaw":0.0},"position":[0.0,0.00100011611357331,9.0000114440918],"time_ms":15887,"wall_ms":1791487783245.0,"yaw":0.0}
S03R {"entity":2,"event":"apply","pose":{"control":1,"durable":2,"entity":2,"position":[6.0,0.00100011611357331,4.78089094161987],"receipt_ms":15884,"sequence":463,"tick":966,"velocity":[0.0,0.0,2.99999618530273],"yaw":0.0},"position":[6.0,0.00100011611357331,4.78089094161987],"time_ms":15890,"wall_ms":1791487783248.0,"yaw":0.0}
S03R {"entity":1,"event":"apply","pose":{"control":1,"durable":2,"entity":1,"position":[0.0,0.00100011611357331,9.0000114440918],"receipt_ms":15931,"sequence":466,"tick":969,"velocity":[0.0,0.0,0.0],"yaw":0.0},"position":[0.0,0.00100011611357331,9.0000114440918],"time_ms":15944,"wall_ms":1791487783303.0,"yaw":0.0}
S03R {"entity":2,"event":"apply","pose":{"control":1,"durable":2,"entity":2,"position":[6.0,0.00100011611357331,4.88089036941528],"receipt_ms":15931,"sequence":465,"tick":969,"velocity":[0.0,0.0,0.0],"yaw":0.0},"position":[6.0,0.00100011611357331,4.88089036941528],"time_ms":15950,"wall_ms":1791487783308.0,"yaw":0.0}
S03R {"entity":1,"event":"apply","pose":{"control":1,"durable":2,"entity":1,"position":[0.0,0.00100011611357331,9.0000114440918],"receipt_ms":15977,"sequence":467,"tick":972,"velocity":[0.0,0.0,0.0],"yaw":0.0},"position":[0.0,0.00100011611357331,9.0000114440918],"time_ms":15994,"wall_ms":1791487783353.0,"yaw":0.0}
S03R {"entity":2,"event":"apply","pose":{"control":1,"durable":2,"entity":2,"position":[6.0,0.00100011611357331,4.88089036941528],"receipt_ms":15977,"sequence":466,"tick":972,"velocity":[0.0,0.0,0.0],"yaw":0.0},"position":[6.0,0.00100011611357331,4.88089036941528],"time_ms":16002,"wall_ms":1791487783361.0,"yaw":0.0}
S03R {"entity":1,"event":"apply","pose":{"control":1,"durable":2,"entity":1,"position":[0.0,0.00100011611357331,9.0000114440918],"receipt_ms":16023,"sequence":469,"tick":975,"velocity":[0.0,0.0,0.0],"yaw":0.0},"position":[0.0,0.00100011611357331,9.0000114440918],"time_ms":16037,"wall_ms":1791487783396.0,"yaw":0.0}
S03R {"entity":2,"event":"apply","pose":{"control":1,"durable":2,"entity":2,"position":[6.0,0.00100011611357331,4.88089036941528],"receipt_ms":16023,"sequence":467,"tick":975,"velocity":[0.0,0.0,0.0],"yaw":0.0},"position":[6.0,0.00100011611357331,4.88089036941528],"time_ms":16044,"wall_ms":1791487783402.0,"yaw":0.0}
S03R {"entity":1,"event":"apply","pose":{"control":1,"durable":2,"entity":1,"position":[0.0,0.00100011611357331,9.0000114440918],"receipt_ms":16070,"sequence":470,"tick":978,"velocity":[0.0,0.0,0.0],"yaw":0.0},"position":[0.0,0.00100011611357331,9.0000114440918],"time_ms":16070,"wall_ms":1791487783429.0,"yaw":0.0}
S03R {"entity":2,"event":"apply","pose":{"control":1,"durable":2,"entity":2,"position":[6.0,0.00100011611357331,4.88089036941528],"receipt_ms":16070,"sequence":469,"tick":978,"velocity":[0.0,0.0,0.0],"yaw":0.0},"position":[6.0,0.00100011611357331,4.88089036941528],"time_ms":16074,"wall_ms":1791487783433.0,"yaw":0.0}
S03R {"entity":1,"event":"apply","pose":{"control":1,"durable":2,"entity":1,"position":[0.0,0.00100011611357331,9.0000114440918],"receipt_ms":16117,"sequence":472,"tick":981,"velocity":[0.0,0.0,0.0],"yaw":0.0},"position":[0.0,0.00100011611357331,9.0000114440918],"time_ms":16133,"wall_ms":1791487783491.0,"yaw":0.0}
S03R {"entity":2,"event":"apply","pose":{"control":1,"durable":2,"entity":2,"position":[6.0,0.00100011611357331,4.88089036941528],"receipt_ms":16117,"sequence":471,"tick":981,"velocity":[0.0,0.0,0.0],"yaw":0.0},"position":[6.0,0.00100011611357331,4.88089036941528],"time_ms":16138,"wall_ms":1791487783497.0,"yaw":0.0}
S03R {"entity":1,"event":"apply","pose":{"control":1,"durable":2,"entity":1,"position":[0.0,0.00100011611357331,9.0000114440918],"receipt_ms":16176,"sequence":473,"tick":984,"velocity":[0.0,0.0,0.0],"yaw":0.0},"position":[0.0,0.00100011611357331,9.0000114440918],"time_ms":16180,"wall_ms":1791487783539.0,"yaw":0.0}
S03R {"entity":2,"event":"apply","pose":{"control":1,"durable":2,"entity":2,"position":[6.0,0.00100011611357331,4.88089036941528],"receipt_ms":16176,"sequence":472,"tick":984,"velocity":[0.0,0.0,0.0],"yaw":0.0},"position":[6.0,0.00100011611357331,4.88089036941528],"time_ms":16183,"wall_ms":1791487783542.0,"yaw":0.0}
S03R {"event":"focus_api","neutral":true,"role":"client","time_ms":16207,"wall_ms":1791487783566.0}
S03R {"entity":1,"event":"apply","pose":{"control":1,"durable":2,"entity":1,"position":[0.0,0.00100011611357331,9.0000114440918],"receipt_ms":16211,"sequence":475,"tick":987,"velocity":[0.0,0.0,0.0],"yaw":0.0},"position":[0.0,0.00100011611357331,9.0000114440918],"time_ms":16225,"wall_ms":1791487783583.0,"yaw":0.0}
S03R {"entity":2,"event":"apply","pose":{"control":1,"durable":2,"entity":2,"position":[6.0,0.00100011611357331,4.88089036941528],"receipt_ms":16211,"sequence":474,"tick":987,"velocity":[0.0,0.0,0.0],"yaw":0.0},"position":[6.0,0.00100011611357331,4.88089036941528],"time_ms":16229,"wall_ms":1791487783588.0,"yaw":0.0}
S03R {"entity":1,"event":"apply","pose":{"control":1,"durable":2,"entity":1,"position":[0.0,0.00100011611357331,9.0000114440918],"receipt_ms":16285,"sequence":476,"tick":990,"velocity":[0.0,0.0,0.0],"yaw":0.0},"position":[0.0,0.00100011611357331,9.0000114440918],"time_ms":16300,"wall_ms":1791487783659.0,"yaw":0.0}
S03R {"entity":2,"event":"apply","pose":{"control":1,"durable":2,"entity":2,"position":[6.0,0.00100011611357331,4.88089036941528],"receipt_ms":16285,"sequence":476,"tick":990,"velocity":[0.0,0.0,0.0],"yaw":0.0},"position":[6.0,0.00100011611357331,4.88089036941528],"time_ms":16303,"wall_ms":1791487783661.0,"yaw":0.0}
S03R {"entity":1,"event":"apply","pose":{"control":1,"durable":2,"entity":1,"position":[0.0,0.00100011611357331,9.0000114440918],"receipt_ms":16331,"sequence":478,"tick":993,"velocity":[0.0,0.0,0.0],"yaw":0.0},"position":[0.0,0.00100011611357331,9.0000114440918],"time_ms":16331,"wall_ms":1791487783690.0,"yaw":0.0}
S03R {"entity":2,"event":"apply","pose":{"control":1,"durable":2,"entity":2,"position":[6.0,0.00100011611357331,4.88089036941528],"receipt_ms":16331,"sequence":477,"tick":993,"velocity":[0.0,0.0,0.0],"yaw":0.0},"position":[6.0,0.00100011611357331,4.88089036941528],"time_ms":16334,"wall_ms":1791487783692.0,"yaw":0.0}
S03R {"entity":1,"event":"apply","pose":{"control":1,"durable":2,"entity":1,"position":[0.0,0.00100011611357331,9.0000114440918],"receipt_ms":16377,"sequence":479,"tick":996,"velocity":[0.0,0.0,0.0],"yaw":0.0},"position":[0.0,0.00100011611357331,9.0000114440918],"time_ms":16377,"wall_ms":1791487783737.0,"yaw":0.0}
S03R {"entity":2,"event":"apply","pose":{"control":1,"durable":2,"entity":2,"position":[6.0,0.00100011611357331,4.88089036941528],"receipt_ms":16377,"sequence":479,"tick":996,"velocity":[0.0,0.0,0.0],"yaw":0.0},"position":[6.0,0.00100011611357331,4.88089036941528],"time_ms":16381,"wall_ms":1791487783740.0,"yaw":0.0}
S03R {"entity":1,"event":"apply","pose":{"control":1,"durable":2,"entity":1,"position":[0.0,0.00100011611357331,9.0000114440918],"receipt_ms":16410,"sequence":481,"tick":999,"velocity":[0.0,0.0,0.0],"yaw":0.0},"position":[0.0,0.00100011611357331,9.0000114440918],"time_ms":16426,"wall_ms":1791487783785.0,"yaw":0.0}
S03R {"entity":2,"event":"apply","pose":{"control":1,"durable":2,"entity":2,"position":[6.0,0.00100011611357331,4.88089036941528],"receipt_ms":16410,"sequence":480,"tick":999,"velocity":[0.0,0.0,0.0],"yaw":0.0},"position":[6.0,0.00100011611357331,4.88089036941528],"time_ms":16430,"wall_ms":1791487783789.0,"yaw":0.0}
S03R {"entity":1,"event":"apply","pose":{"control":1,"durable":2,"entity":1,"position":[0.0,0.00100011611357331,9.0000114440918],"receipt_ms":16474,"sequence":482,"tick":1002,"velocity":[0.0,0.0,0.0],"yaw":0.0},"position":[0.0,0.00100011611357331,9.0000114440918],"time_ms":16490,"wall_ms":1791487783848.0,"yaw":0.0}
S03R {"entity":2,"event":"apply","pose":{"control":1,"durable":2,"entity":2,"position":[6.0,0.00100011611357331,4.88089036941528],"receipt_ms":16474,"sequence":481,"tick":1002,"velocity":[0.0,0.0,0.0],"yaw":0.0},"position":[6.0,0.00100011611357331,4.88089036941528],"time_ms":16494,"wall_ms":1791487783852.0,"yaw":0.0}
S03R {"entity":1,"event":"apply","pose":{"control":1,"durable":2,"entity":1,"position":[0.0,0.00100011611357331,9.0000114440918],"receipt_ms":16519,"sequence":484,"tick":1005,"velocity":[0.0,0.0,0.0],"yaw":0.0},"position":[0.0,0.00100011611357331,9.0000114440918],"time_ms":16519,"wall_ms":1791487783878.0,"yaw":0.0}
S03R {"entity":2,"event":"apply","pose":{"control":1,"durable":2,"entity":2,"position":[6.0,0.00100011611357331,4.88089036941528],"receipt_ms":16519,"sequence":483,"tick":1005,"velocity":[0.0,0.0,0.0],"yaw":0.0},"position":[6.0,0.00100011611357331,4.88089036941528],"time_ms":16526,"wall_ms":1791487783885.0,"yaw":0.0}
S03R {"entity":1,"event":"apply","pose":{"control":1,"durable":2,"entity":1,"position":[0.0,0.00100011611357331,9.0000114440918],"receipt_ms":16565,"sequence":485,"tick":1008,"velocity":[0.0,0.0,0.0],"yaw":0.0},"position":[0.0,0.00100011611357331,9.0000114440918],"time_ms":16565,"wall_ms":1791487783924.0,"yaw":0.0}
S03R {"entity":2,"event":"apply","pose":{"control":1,"durable":2,"entity":2,"position":[6.0,0.00100011611357331,4.88089036941528],"receipt_ms":16565,"sequence":484,"tick":1008,"velocity":[0.0,0.0,0.0],"yaw":0.0},"position":[6.0,0.00100011611357331,4.88089036941528],"time_ms":16567,"wall_ms":1791487783927.0,"yaw":0.0}
S03R {"entity":1,"event":"apply","pose":{"control":1,"durable":2,"entity":1,"position":[0.0,0.00100011611357331,9.0000114440918],"receipt_ms":16631,"sequence":487,"tick":1011,"velocity":[0.0,0.0,0.0],"yaw":0.0},"position":[0.0,0.00100011611357331,9.0000114440918],"time_ms":16644,"wall_ms":1791487784003.0,"yaw":0.0}
S03R {"entity":2,"event":"apply","pose":{"control":1,"durable":2,"entity":2,"position":[6.0,0.00100011611357331,4.88089036941528],"receipt_ms":16631,"sequence":485,"tick":1011,"velocity":[0.0,0.0,0.0],"yaw":0.0},"position":[6.0,0.00100011611357331,4.88089036941528],"time_ms":16649,"wall_ms":1791487784008.0,"yaw":0.0}
S03R {"entity":1,"event":"apply","pose":{"control":1,"durable":2,"entity":1,"position":[0.0,0.00100011611357331,9.0000114440918],"receipt_ms":16673,"sequence":488,"tick":1014,"velocity":[0.0,0.0,0.0],"yaw":0.0},"position":[0.0,0.00100011611357331,9.0000114440918],"time_ms":16673,"wall_ms":1791487784032.0,"yaw":0.0}
S03R {"entity":2,"event":"apply","pose":{"control":1,"durable":2,"entity":2,"position":[6.0,0.00100011611357331,4.88089036941528],"receipt_ms":16673,"sequence":487,"tick":1014,"velocity":[0.0,0.0,0.0],"yaw":0.0},"position":[6.0,0.00100011611357331,4.88089036941528],"time_ms":16676,"wall_ms":1791487784035.0,"yaw":0.0}
S03R {"entity":1,"event":"apply","pose":{"control":1,"durable":2,"entity":1,"position":[0.0,0.00100011611357331,9.0000114440918],"receipt_ms":16737,"sequence":490,"tick":1017,"velocity":[0.0,0.0,0.0],"yaw":0.0},"position":[0.0,0.00100011611357331,9.0000114440918],"time_ms":16737,"wall_ms":1791487784096.0,"yaw":0.0}
S03R {"entity":2,"event":"apply","pose":{"control":1,"durable":2,"entity":2,"position":[6.0,0.00100011611357331,4.88089036941528],"receipt_ms":16737,"sequence":489,"tick":1017,"velocity":[0.0,0.0,0.0],"yaw":0.0},"position":[6.0,0.00100011611357331,4.88089036941528],"time_ms":16745,"wall_ms":1791487784103.0,"yaw":0.0}
S03R {"entity":1,"event":"apply","pose":{"control":1,"durable":2,"entity":1,"position":[0.0,0.00100011611357331,9.0000114440918],"receipt_ms":16784,"sequence":491,"tick":1020,"velocity":[0.0,0.0,0.0],"yaw":0.0},"position":[0.0,0.00100011611357331,9.0000114440918],"time_ms":16784,"wall_ms":1791487784143.0,"yaw":0.0}
S03R {"entity":2,"event":"apply","pose":{"control":1,"durable":2,"entity":2,"position":[6.0,0.00100011611357331,4.88089036941528],"receipt_ms":16784,"sequence":491,"tick":1020,"velocity":[0.0,0.0,0.0],"yaw":0.0},"position":[6.0,0.00100011611357331,4.88089036941528],"time_ms":16788,"wall_ms":1791487784146.0,"yaw":0.0}
S03R {"entity":1,"event":"apply","pose":{"control":1,"durable":2,"entity":1,"position":[0.0,0.00100011611357331,9.0000114440918],"receipt_ms":16845,"sequence":493,"tick":1023,"velocity":[0.0,0.0,0.0],"yaw":0.0},"position":[0.0,0.00100011611357331,9.0000114440918],"time_ms":16859,"wall_ms":1791487784217.0,"yaw":0.0}
S03R {"entity":2,"event":"apply","pose":{"control":1,"durable":2,"entity":2,"position":[6.0,0.00100011611357331,4.88089036941528],"receipt_ms":16845,"sequence":492,"tick":1023,"velocity":[0.0,0.0,0.0],"yaw":0.0},"position":[6.0,0.00100011611357331,4.88089036941528],"time_ms":16862,"wall_ms":1791487784221.0,"yaw":0.0}
S03R {"entity":1,"event":"apply","pose":{"control":1,"durable":2,"entity":1,"position":[0.0,0.00100011611357331,9.0000114440918],"receipt_ms":16865,"sequence":494,"tick":1026,"velocity":[0.0,0.0,0.0],"yaw":0.0},"position":[0.0,0.00100011611357331,9.0000114440918],"time_ms":16865,"wall_ms":1791487784224.0,"yaw":0.0}
S03R {"entity":2,"event":"apply","pose":{"control":1,"durable":2,"entity":2,"position":[6.0,0.00100011611357331,4.88089036941528],"receipt_ms":16865,"sequence":493,"tick":1026,"velocity":[0.0,0.0,0.0],"yaw":0.0},"position":[6.0,0.00100011611357331,4.88089036941528],"time_ms":16868,"wall_ms":1791487784226.0,"yaw":0.0}
S03R {"entity":1,"event":"apply","pose":{"control":1,"durable":2,"entity":1,"position":[0.0,0.00100011611357331,9.0000114440918],"receipt_ms":16925,"sequence":496,"tick":1029,"velocity":[0.0,0.0,0.0],"yaw":0.0},"position":[0.0,0.00100011611357331,9.0000114440918],"time_ms":16939,"wall_ms":1791487784298.0,"yaw":0.0}
S03R {"entity":2,"event":"apply","pose":{"control":1,"durable":2,"entity":2,"position":[6.0,0.00100011611357331,4.88089036941528],"receipt_ms":16925,"sequence":494,"tick":1029,"velocity":[0.0,0.0,0.0],"yaw":0.0},"position":[6.0,0.00100011611357331,4.88089036941528],"time_ms":16944,"wall_ms":1791487784303.0,"yaw":0.0}
S03R {"entity":1,"event":"apply","pose":{"control":1,"durable":2,"entity":1,"position":[0.0,0.00100011611357331,9.0000114440918],"receipt_ms":16972,"sequence":497,"tick":1032,"velocity":[0.0,0.0,0.0],"yaw":0.0},"position":[0.0,0.00100011611357331,9.0000114440918],"time_ms":16987,"wall_ms":1791487784346.0,"yaw":0.0}
S03R {"entity":2,"event":"apply","pose":{"control":1,"durable":2,"entity":2,"position":[6.0,0.00100011611357331,4.88089036941528],"receipt_ms":16972,"sequence":496,"tick":1032,"velocity":[0.0,0.0,0.0],"yaw":0.0},"position":[6.0,0.00100011611357331,4.88089036941528],"time_ms":16996,"wall_ms":1791487784355.0,"yaw":0.0}
S03R {"entity":1,"event":"apply","pose":{"control":1,"durable":2,"entity":1,"position":[0.0,0.00100011611357331,9.0000114440918],"receipt_ms":17017,"sequence":499,"tick":1035,"velocity":[0.0,0.0,0.0],"yaw":0.0},"position":[0.0,0.00100011611357331,9.0000114440918],"time_ms":17017,"wall_ms":1791487784376.0,"yaw":0.0}
S03R {"entity":2,"event":"apply","pose":{"control":1,"durable":2,"entity":2,"position":[6.0,0.00100011611357331,4.88089036941528],"receipt_ms":17017,"sequence":498,"tick":1035,"velocity":[0.0,0.0,0.0],"yaw":0.0},"position":[6.0,0.00100011611357331,4.88089036941528],"time_ms":17021,"wall_ms":1791487784379.0,"yaw":0.0}
S03R {"event":"input","index":23,"move":-1.0,"position":[6.0,0.00100011611357331,4.88089036941528],"role":"client","sequence_floor":500,"tick":1000,"time_ms":17063,"turn":0.0,"wall_ms":1791487784422.0,"yaw":0.0}
S03R {"event":"keys","move":-1.0,"role":"client","tick":1000,"time_ms":17069,"turn":0.0,"wall_ms":1791487784428.0}
S03R {"entity":1,"event":"apply","pose":{"control":1,"durable":2,"entity":1,"position":[0.0,0.00100011611357331,9.0000114440918],"receipt_ms":17076,"sequence":500,"tick":1038,"velocity":[0.0,0.0,0.0],"yaw":0.0},"position":[0.0,0.00100011611357331,9.0000114440918],"time_ms":17076,"wall_ms":1791487784434.0,"yaw":0.0}
S03R {"entity":2,"event":"apply","pose":{"control":1,"durable":2,"entity":2,"position":[6.0,0.00100011611357331,4.88089036941528],"receipt_ms":17076,"sequence":499,"tick":1038,"velocity":[0.0,0.0,0.0],"yaw":0.0},"position":[6.0,0.00100011611357331,4.88089036941528],"time_ms":17080,"wall_ms":1791487784438.0,"yaw":0.0}
S03R {"event":"keys","move":0.0,"role":"client","tick":1002,"time_ms":17087,"turn":0.0,"wall_ms":1791487784445.0}
S03R {"entity":1,"event":"apply","pose":{"control":1,"durable":2,"entity":1,"position":[0.0,0.00100011611357331,9.0000114440918],"receipt_ms":17126,"sequence":502,"tick":1041,"velocity":[0.0,0.0,0.0],"yaw":0.0},"position":[0.0,0.00100011611357331,9.0000114440918],"time_ms":17140,"wall_ms":1791487784499.0,"yaw":0.0}
S03R {"entity":2,"event":"apply","pose":{"control":1,"durable":2,"entity":2,"position":[6.0,0.00100011611357331,4.93089008331299],"receipt_ms":17126,"sequence":500,"tick":1041,"velocity":[0.0,0.0,2.99999618530273],"yaw":0.0},"position":[6.0,0.00100011611357331,4.93089008331299],"time_ms":17143,"wall_ms":1791487784503.0,"yaw":0.0}
S03R {"entity":1,"event":"apply","pose":{"control":1,"durable":2,"entity":1,"position":[0.0,0.00100011611357331,9.0000114440918],"receipt_ms":17171,"sequence":503,"tick":1044,"velocity":[0.0,0.0,0.0],"yaw":0.0},"position":[0.0,0.00100011611357331,9.0000114440918],"time_ms":17188,"wall_ms":1791487784547.0,"yaw":0.0}
S03R {"entity":2,"event":"apply","pose":{"control":1,"durable":2,"entity":2,"position":[6.0,0.00100011611357331,5.0808892250061],"receipt_ms":17171,"sequence":500,"tick":1044,"velocity":[0.0,0.0,2.99999618530273],"yaw":0.0},"position":[6.0,0.00100011611357331,5.0808892250061],"time_ms":17192,"wall_ms":1791487784550.0,"yaw":0.0}
S03R {"entity":1,"event":"apply","pose":{"control":1,"durable":2,"entity":1,"position":[0.0,0.00100011611357331,9.0000114440918],"receipt_ms":17233,"sequence":505,"tick":1047,"velocity":[0.0,0.0,0.0],"yaw":0.0},"position":[0.0,0.00100011611357331,9.0000114440918],"time_ms":17247,"wall_ms":1791487784606.0,"yaw":0.0}
S03R {"entity":2,"event":"apply","pose":{"control":1,"durable":2,"entity":2,"position":[6.0,0.00100011611357331,5.23088836669922],"receipt_ms":17233,"sequence":500,"tick":1047,"velocity":[0.0,0.0,2.99999618530273],"yaw":0.0},"position":[6.0,0.00100011611357331,5.23088836669922],"time_ms":17252,"wall_ms":1791487784612.0,"yaw":0.0}
S03R {"entity":1,"event":"apply","pose":{"control":1,"durable":2,"entity":1,"position":[0.0,0.00100011611357331,9.0000114440918],"receipt_ms":17281,"sequence":506,"tick":1050,"velocity":[0.0,0.0,0.0],"yaw":0.0},"position":[0.0,0.00100011611357331,9.0000114440918],"time_ms":17281,"wall_ms":1791487784640.0,"yaw":0.0}
S03R {"entity":2,"event":"apply","pose":{"control":1,"durable":2,"entity":2,"position":[6.0,0.00100011611357331,5.38088750839233],"receipt_ms":17281,"sequence":500,"tick":1050,"velocity":[0.0,0.0,2.99999618530273],"yaw":0.0},"position":[6.0,0.00100011611357331,5.38088750839233],"time_ms":17286,"wall_ms":1791487784645.0,"yaw":0.0}
S03R {"entity":1,"event":"apply","pose":{"control":1,"durable":2,"entity":1,"position":[0.0,0.00100011611357331,9.0000114440918],"receipt_ms":17327,"sequence":508,"tick":1053,"velocity":[0.0,0.0,0.0],"yaw":0.0},"position":[0.0,0.00100011611357331,9.0000114440918],"time_ms":17327,"wall_ms":1791487784686.0,"yaw":0.0}
S03R {"entity":2,"event":"apply","pose":{"control":1,"durable":2,"entity":2,"position":[6.0,0.00100011611357331,5.53088665008545],"receipt_ms":17327,"sequence":500,"tick":1053,"velocity":[0.0,0.0,2.99999618530273],"yaw":0.0},"position":[6.0,0.00100011611357331,5.53088665008545],"time_ms":17332,"wall_ms":1791487784691.0,"yaw":0.0}
S03R {"entity":1,"event":"apply","pose":{"control":1,"durable":2,"entity":1,"position":[0.0,0.00100011611357331,9.0000114440918],"receipt_ms":17357,"sequence":509,"tick":1056,"velocity":[0.0,0.0,0.0],"yaw":0.0},"position":[0.0,0.00100011611357331,9.0000114440918],"time_ms":17357,"wall_ms":1791487784716.0,"yaw":0.0}
S03R {"entity":2,"event":"apply","pose":{"control":1,"durable":2,"entity":2,"position":[6.0,0.00100011611357331,5.58088636398315],"receipt_ms":17357,"sequence":500,"tick":1056,"velocity":[0.0,0.0,0.0],"yaw":0.0},"position":[6.0,0.00100011611357331,5.58088636398315],"time_ms":17360,"wall_ms":1791487784719.0,"yaw":0.0}
S03R {"entity":1,"event":"apply","pose":{"control":1,"durable":2,"entity":1,"position":[0.0,0.00100011611357331,9.0000114440918],"receipt_ms":17420,"sequence":511,"tick":1059,"velocity":[0.0,0.0,0.0],"yaw":0.0},"position":[0.0,0.00100011611357331,9.0000114440918],"time_ms":17435,"wall_ms":1791487784793.0,"yaw":0.0}
S03R {"entity":2,"event":"apply","pose":{"control":1,"durable":2,"entity":2,"position":[6.0,0.00100011611357331,5.58088636398315],"receipt_ms":17420,"sequence":500,"tick":1059,"velocity":[0.0,0.0,0.0],"yaw":0.0},"position":[6.0,0.00100011611357331,5.58088636398315],"time_ms":17438,"wall_ms":1791487784797.0,"yaw":0.0}
S03R {"entity":1,"event":"apply","pose":{"control":1,"durable":2,"entity":1,"position":[0.0,0.00100011611357331,9.0000114440918],"receipt_ms":17469,"sequence":512,"tick":1062,"velocity":[0.0,0.0,0.0],"yaw":0.0},"position":[0.0,0.00100011611357331,9.0000114440918],"time_ms":17483,"wall_ms":1791487784842.0,"yaw":0.0}
S03R {"entity":2,"event":"apply","pose":{"control":1,"durable":2,"entity":2,"position":[6.0,0.00100011611357331,5.58088636398315],"receipt_ms":17470,"sequence":500,"tick":1062,"velocity":[0.0,0.0,0.0],"yaw":0.0},"position":[6.0,0.00100011611357331,5.58088636398315],"time_ms":17485,"wall_ms":1791487784845.0,"yaw":0.0}
S03R {"entity":1,"event":"apply","pose":{"control":1,"durable":2,"entity":1,"position":[0.0,0.00100011611357331,9.0000114440918],"receipt_ms":17517,"sequence":514,"tick":1065,"velocity":[0.0,0.0,0.0],"yaw":0.0},"position":[0.0,0.00100011611357331,9.0000114440918],"time_ms":17517,"wall_ms":1791487784876.0,"yaw":0.0}
S03R {"entity":2,"event":"apply","pose":{"control":1,"durable":2,"entity":2,"position":[6.0,0.00100011611357331,5.58088636398315],"receipt_ms":17517,"sequence":500,"tick":1065,"velocity":[0.0,0.0,0.0],"yaw":0.0},"position":[6.0,0.00100011611357331,5.58088636398315],"time_ms":17520,"wall_ms":1791487784879.0,"yaw":0.0}
S03R {"entity":1,"event":"apply","pose":{"control":1,"durable":2,"entity":1,"position":[0.0,0.00100011611357331,9.0000114440918],"receipt_ms":17578,"sequence":515,"tick":1068,"velocity":[0.0,0.0,0.0],"yaw":0.0},"position":[0.0,0.00100011611357331,9.0000114440918],"time_ms":17593,"wall_ms":1791487784952.0,"yaw":0.0}
S03R {"entity":2,"event":"apply","pose":{"control":1,"durable":2,"entity":2,"position":[6.0,0.00100011611357331,5.58088636398315],"receipt_ms":17578,"sequence":500,"tick":1068,"velocity":[0.0,0.0,0.0],"yaw":0.0},"position":[6.0,0.00100011611357331,5.58088636398315],"time_ms":17600,"wall_ms":1791487784958.0,"yaw":0.0}
S03R {"entity":1,"event":"apply","pose":{"control":1,"durable":2,"entity":1,"position":[0.0,0.00100011611357331,9.0000114440918],"receipt_ms":17621,"sequence":517,"tick":1071,"velocity":[0.0,0.0,0.0],"yaw":0.0},"position":[0.0,0.00100011611357331,9.0000114440918],"time_ms":17636,"wall_ms":1791487784995.0,"yaw":0.0}
S03R {"entity":2,"event":"apply","pose":{"control":1,"durable":2,"entity":2,"position":[6.0,0.00100011611357331,5.58088636398315],"receipt_ms":17621,"sequence":500,"tick":1071,"velocity":[0.0,0.0,0.0],"yaw":0.0},"position":[6.0,0.00100011611357331,5.58088636398315],"time_ms":17640,"wall_ms":1791487784999.0,"yaw":0.0}
S03R {"entity":1,"event":"apply","pose":{"control":1,"durable":2,"entity":1,"position":[0.0,0.00100011611357331,9.0000114440918],"receipt_ms":17667,"sequence":518,"tick":1074,"velocity":[0.0,0.0,0.0],"yaw":0.0},"position":[0.0,0.00100011611357331,9.0000114440918],"time_ms":17667,"wall_ms":1791487785026.0,"yaw":0.0}
S03R {"entity":2,"event":"apply","pose":{"control":1,"durable":2,"entity":2,"position":[6.0,0.00100011611357331,5.58088636398315],"receipt_ms":17667,"sequence":500,"tick":1074,"velocity":[0.0,0.0,0.0],"yaw":0.0},"position":[6.0,0.00100011611357331,5.58088636398315],"time_ms":17670,"wall_ms":1791487785030.0,"yaw":0.0}
S03R {"entity":1,"event":"apply","pose":{"control":1,"durable":2,"entity":1,"position":[0.0,0.00100011611357331,9.0000114440918],"receipt_ms":17751,"sequence":520,"tick":1077,"velocity":[0.0,0.0,0.0],"yaw":0.0},"position":[0.0,0.00100011611357331,9.0000114440918],"time_ms":17779,"wall_ms":1791487785137.0,"yaw":0.0}
S03R {"entity":2,"event":"apply","pose":{"control":1,"durable":2,"entity":2,"position":[6.0,0.00100011611357331,5.58088636398315],"receipt_ms":17751,"sequence":500,"tick":1077,"velocity":[0.0,0.0,0.0],"yaw":0.0},"position":[6.0,0.00100011611357331,5.58088636398315],"time_ms":17875,"wall_ms":1791487785235.0,"yaw":0.0}
S03R {"entity":1,"event":"apply","pose":{"control":1,"durable":2,"entity":1,"position":[0.0,0.00100011611357331,9.0000114440918],"receipt_ms":17913,"sequence":524,"tick":1086,"velocity":[0.0,0.0,0.0],"yaw":0.0},"position":[0.0,0.00100011611357331,9.0000114440918],"time_ms":17913,"wall_ms":1791487785271.0,"yaw":0.0}
S03R {"entity":2,"event":"apply","pose":{"control":1,"durable":2,"entity":2,"position":[6.0,0.00100011611357331,5.58088636398315],"receipt_ms":17913,"sequence":521,"tick":1086,"velocity":[0.0,0.0,0.0],"yaw":0.0},"position":[6.0,0.00100011611357331,5.58088636398315],"time_ms":17918,"wall_ms":1791487785277.0,"yaw":0.0}
S03R {"entity":1,"event":"apply","pose":{"control":1,"durable":2,"entity":1,"position":[0.0,0.00100011611357331,9.0000114440918],"receipt_ms":17957,"sequence":526,"tick":1089,"velocity":[0.0,0.0,0.0],"yaw":0.0},"position":[0.0,0.00100011611357331,9.0000114440918],"time_ms":17976,"wall_ms":1791487785335.0,"yaw":0.0}
S03R {"entity":2,"event":"apply","pose":{"control":1,"durable":2,"entity":2,"position":[6.0,0.00100011611357331,5.58088636398315],"receipt_ms":17957,"sequence":523,"tick":1089,"velocity":[0.0,0.0,0.0],"yaw":0.0},"position":[6.0,0.00100011611357331,5.58088636398315],"time_ms":17979,"wall_ms":1791487785337.0,"yaw":0.0}
S03R {"entity":1,"event":"apply","pose":{"control":1,"durable":2,"entity":1,"position":[0.0,0.00100011611357331,9.0000114440918],"receipt_ms":17981,"sequence":527,"tick":1092,"velocity":[0.0,0.0,0.0],"yaw":0.0},"position":[0.0,0.00100011611357331,9.0000114440918],"time_ms":17983,"wall_ms":1791487785341.0,"yaw":0.0}
S03R {"entity":2,"event":"apply","pose":{"control":1,"durable":2,"entity":2,"position":[6.0,0.00100011611357331,5.58088636398315],"receipt_ms":17981,"sequence":526,"tick":1092,"velocity":[0.0,0.0,0.0],"yaw":0.0},"position":[6.0,0.00100011611357331,5.58088636398315],"time_ms":17985,"wall_ms":1791487785345.0,"yaw":0.0}
S03R {"entity":1,"event":"apply","pose":{"control":1,"durable":2,"entity":1,"position":[0.0,0.00100011611357331,9.0000114440918],"receipt_ms":18009,"sequence":529,"tick":1095,"velocity":[0.0,0.0,0.0],"yaw":0.0},"position":[0.0,0.00100011611357331,9.0000114440918],"time_ms":18025,"wall_ms":1791487785383.0,"yaw":0.0}
S03R {"entity":2,"event":"apply","pose":{"control":1,"durable":2,"entity":2,"position":[6.0,0.00100011611357331,5.58088636398315],"receipt_ms":18009,"sequence":528,"tick":1095,"velocity":[0.0,0.0,0.0],"yaw":0.0},"position":[6.0,0.00100011611357331,5.58088636398315],"time_ms":18031,"wall_ms":1791487785390.0,"yaw":0.0}
S03R {"entity":1,"event":"apply","pose":{"control":1,"durable":2,"entity":1,"position":[0.0,0.00100011611357331,9.0000114440918],"receipt_ms":18073,"sequence":530,"tick":1098,"velocity":[0.0,0.0,0.0],"yaw":0.0},"position":[0.0,0.00100011611357331,9.0000114440918],"time_ms":18088,"wall_ms":1791487785447.0,"yaw":0.0}
S03R {"entity":2,"event":"apply","pose":{"control":1,"durable":2,"entity":2,"position":[6.0,0.00100011611357331,5.58088636398315],"receipt_ms":18073,"sequence":529,"tick":1098,"velocity":[0.0,0.0,0.0],"yaw":0.0},"position":[6.0,0.00100011611357331,5.58088636398315],"time_ms":18094,"wall_ms":1791487785453.0,"yaw":0.0}
S03R {"entity":1,"event":"apply","pose":{"control":1,"durable":2,"entity":1,"position":[0.0,0.00100011611357331,9.0000114440918],"receipt_ms":18119,"sequence":532,"tick":1101,"velocity":[0.0,0.0,0.0],"yaw":0.0},"position":[0.0,0.00100011611357331,9.0000114440918],"time_ms":18119,"wall_ms":1791487785478.0,"yaw":0.0}
S03R {"entity":2,"event":"apply","pose":{"control":1,"durable":2,"entity":2,"position":[6.0,0.00100011611357331,5.58088636398315],"receipt_ms":18119,"sequence":531,"tick":1101,"velocity":[0.0,0.0,0.0],"yaw":0.0},"position":[6.0,0.00100011611357331,5.58088636398315],"time_ms":18126,"wall_ms":1791487785485.0,"yaw":0.0}
S03R {"entity":1,"event":"apply","pose":{"control":1,"durable":2,"entity":1,"position":[0.0,0.00100011611357331,9.0000114440918],"receipt_ms":18167,"sequence":533,"tick":1104,"velocity":[0.0,0.0,0.0],"yaw":0.0},"position":[0.0,0.00100011611357331,9.0000114440918],"time_ms":18183,"wall_ms":1791487785542.0,"yaw":0.0}
S03R {"entity":2,"event":"apply","pose":{"control":1,"durable":2,"entity":2,"position":[6.0,0.00100011611357331,5.58088636398315],"receipt_ms":18167,"sequence":532,"tick":1104,"velocity":[0.0,0.0,0.0],"yaw":0.0},"position":[6.0,0.00100011611357331,5.58088636398315],"time_ms":18187,"wall_ms":1791487785545.0,"yaw":0.0}
S03R {"entity":1,"event":"apply","pose":{"control":1,"durable":2,"entity":1,"position":[0.0,0.00100011611357331,9.0000114440918],"receipt_ms":18213,"sequence":535,"tick":1107,"velocity":[0.0,0.0,0.0],"yaw":0.0},"position":[0.0,0.00100011611357331,9.0000114440918],"time_ms":18213,"wall_ms":1791487785572.0,"yaw":0.0}
S03R {"entity":2,"event":"apply","pose":{"control":1,"durable":2,"entity":2,"position":[6.0,0.00100011611357331,5.58088636398315],"receipt_ms":18213,"sequence":534,"tick":1107,"velocity":[0.0,0.0,0.0],"yaw":0.0},"position":[6.0,0.00100011611357331,5.58088636398315],"time_ms":18218,"wall_ms":1791487785577.0,"yaw":0.0}
S03R {"entity":1,"event":"apply","pose":{"control":1,"durable":2,"entity":1,"position":[0.0,0.00100011611357331,9.0000114440918],"receipt_ms":18259,"sequence":536,"tick":1110,"velocity":[0.0,0.0,0.0],"yaw":0.0},"position":[0.0,0.00100011611357331,9.0000114440918],"time_ms":18259,"wall_ms":1791487785618.0,"yaw":0.0}
S03R {"entity":2,"event":"apply","pose":{"control":1,"durable":2,"entity":2,"position":[6.0,0.00100011611357331,5.58088636398315],"receipt_ms":18259,"sequence":536,"tick":1110,"velocity":[0.0,0.0,0.0],"yaw":0.0},"position":[6.0,0.00100011611357331,5.58088636398315],"time_ms":18262,"wall_ms":1791487785621.0,"yaw":0.0}
S03R {"entity":1,"event":"apply","pose":{"control":1,"durable":2,"entity":1,"position":[0.0,0.00100011611357331,9.0000114440918],"receipt_ms":18324,"sequence":538,"tick":1113,"velocity":[0.0,0.0,0.0],"yaw":0.0},"position":[0.0,0.00100011611357331,9.0000114440918],"time_ms":18338,"wall_ms":1791487785697.0,"yaw":0.0}
S03R {"entity":2,"event":"apply","pose":{"control":1,"durable":2,"entity":2,"position":[6.0,0.00100011611357331,5.58088636398315],"receipt_ms":18324,"sequence":537,"tick":1113,"velocity":[0.0,0.0,0.0],"yaw":0.0},"position":[6.0,0.00100011611357331,5.58088636398315],"time_ms":18344,"wall_ms":1791487785703.0,"yaw":0.0}
S03R {"entity":1,"event":"apply","pose":{"control":1,"durable":2,"entity":1,"position":[0.0,0.00100011611357331,9.0000114440918],"receipt_ms":18369,"sequence":539,"tick":1116,"velocity":[0.0,0.0,0.0],"yaw":0.0},"position":[0.0,0.00100011611357331,9.0000114440918],"time_ms":18369,"wall_ms":1791487785728.0,"yaw":0.0}
S03R {"entity":2,"event":"apply","pose":{"control":1,"durable":2,"entity":2,"position":[6.0,0.00100011611357331,5.58088636398315],"receipt_ms":18369,"sequence":538,"tick":1116,"velocity":[0.0,0.0,0.0],"yaw":0.0},"position":[6.0,0.00100011611357331,5.58088636398315],"time_ms":18373,"wall_ms":1791487785732.0,"yaw":0.0}
S03R {"entity":2,"event":"resync_request","health":70,"role":"client","time_ms":18388,"wall_ms":1791487785747.0}
S03R {"control":2,"entity":2,"event":"resync_applied","health":70,"role":"client","time_ms":18497,"wall_ms":1791487785856.0}
S03R {"entity":2,"event":"apply","pose":{"control":2,"durable":4,"entity":2,"position":[6.0,0.00100011611357331,5.58088636398315],"receipt_ms":18481,"sequence":0,"tick":1122,"velocity":[0.0,0.0,0.0],"yaw":0.0},"position":[6.0,0.00100011611357331,5.58088636398315],"time_ms":18501,"wall_ms":1791487785860.0,"yaw":0.0}
S03R {"entity":1,"event":"apply","pose":{"control":1,"durable":4,"entity":1,"position":[0.0,0.00100011611357331,9.0000114440918],"receipt_ms":18528,"sequence":544,"tick":1125,"velocity":[0.0,0.0,0.0],"yaw":0.0},"position":[0.0,0.00100011611357331,9.0000114440918],"time_ms":18542,"wall_ms":1791487785901.0,"yaw":0.0}
S03R {"entity":2,"event":"apply","pose":{"control":2,"durable":4,"entity":2,"position":[6.0,0.00100011611357331,5.58088636398315],"receipt_ms":18528,"sequence":1,"tick":1125,"velocity":[0.0,0.0,0.0],"yaw":0.0},"position":[6.0,0.00100011611357331,5.58088636398315],"time_ms":18545,"wall_ms":1791487785904.0,"yaw":0.0}
S03R {"entity":1,"event":"apply","pose":{"control":1,"durable":4,"entity":1,"position":[0.0,0.00100011611357331,9.0000114440918],"receipt_ms":18577,"sequence":545,"tick":1128,"velocity":[0.0,0.0,0.0],"yaw":0.0},"position":[0.0,0.00100011611357331,9.0000114440918],"time_ms":18591,"wall_ms":1791487785950.0,"yaw":0.0}
S03R {"entity":2,"event":"apply","pose":{"control":2,"durable":4,"entity":2,"position":[6.0,0.00100011611357331,5.58088636398315],"receipt_ms":18577,"sequence":2,"tick":1128,"velocity":[0.0,0.0,0.0],"yaw":0.0},"position":[6.0,0.00100011611357331,5.58088636398315],"time_ms":18593,"wall_ms":1791487785953.0,"yaw":0.0}
S03R {"entity":1,"event":"apply","pose":{"control":1,"durable":4,"entity":1,"position":[0.0,0.00100011611357331,9.0000114440918],"receipt_ms":18622,"sequence":547,"tick":1131,"velocity":[0.0,0.0,0.0],"yaw":0.0},"position":[0.0,0.00100011611357331,9.0000114440918],"time_ms":18622,"wall_ms":1791487785981.0,"yaw":0.0}
S03R {"entity":2,"event":"apply","pose":{"control":2,"durable":4,"entity":2,"position":[6.0,0.00100011611357331,5.58088636398315],"receipt_ms":18622,"sequence":3,"tick":1131,"velocity":[0.0,0.0,0.0],"yaw":0.0},"position":[6.0,0.00100011611357331,5.58088636398315],"time_ms":18625,"wall_ms":1791487785984.0,"yaw":0.0}
S03R {"entity":1,"event":"apply","pose":{"control":1,"durable":4,"entity":1,"position":[0.0,0.00100011611357331,9.0000114440918],"receipt_ms":18667,"sequence":548,"tick":1134,"velocity":[0.0,0.0,0.0],"yaw":0.0},"position":[0.0,0.00100011611357331,9.0000114440918],"time_ms":18667,"wall_ms":1791487786026.0,"yaw":0.0}
S03R {"entity":2,"event":"apply","pose":{"control":2,"durable":4,"entity":2,"position":[6.0,0.00100011611357331,5.58088636398315],"receipt_ms":18667,"sequence":5,"tick":1134,"velocity":[0.0,0.0,0.0],"yaw":0.0},"position":[6.0,0.00100011611357331,5.58088636398315],"time_ms":18670,"wall_ms":1791487786029.0,"yaw":0.0}
S03R {"entity":1,"event":"apply","pose":{"control":1,"durable":4,"entity":1,"position":[0.0,0.00100011611357331,9.0000114440918],"receipt_ms":18731,"sequence":550,"tick":1137,"velocity":[0.0,0.0,0.0],"yaw":0.0},"position":[0.0,0.00100011611357331,9.0000114440918],"time_ms":18732,"wall_ms":1791487786091.0,"yaw":0.0}
S03R {"entity":2,"event":"apply","pose":{"control":2,"durable":4,"entity":2,"position":[6.0,0.00100011611357331,5.58088636398315],"receipt_ms":18731,"sequence":7,"tick":1137,"velocity":[0.0,0.0,0.0],"yaw":0.0},"position":[6.0,0.00100011611357331,5.58088636398315],"time_ms":18750,"wall_ms":1791487786110.0,"yaw":0.0}
S03R {"entity":1,"event":"apply","pose":{"control":1,"durable":4,"entity":1,"position":[0.0,0.00100011611357331,9.0000114440918],"receipt_ms":18777,"sequence":551,"tick":1140,"velocity":[0.0,0.0,0.0],"yaw":0.0},"position":[0.0,0.00100011611357331,9.0000114440918],"time_ms":18791,"wall_ms":1791487786150.0,"yaw":0.0}
S03R {"entity":2,"event":"apply","pose":{"control":2,"durable":4,"entity":2,"position":[6.0,0.00100011611357331,5.58088636398315],"receipt_ms":18777,"sequence":9,"tick":1140,"velocity":[0.0,0.0,0.0],"yaw":0.0},"position":[6.0,0.00100011611357331,5.58088636398315],"time_ms":18796,"wall_ms":1791487786155.0,"yaw":0.0}
S03R {"entity":1,"event":"apply","pose":{"control":1,"durable":4,"entity":1,"position":[0.0,0.00100011611357331,9.0000114440918],"receipt_ms":18823,"sequence":553,"tick":1143,"velocity":[0.0,0.0,0.0],"yaw":0.0},"position":[0.0,0.00100011611357331,9.0000114440918],"time_ms":18823,"wall_ms":1791487786182.0,"yaw":0.0}
S03R {"entity":2,"event":"apply","pose":{"control":2,"durable":4,"entity":2,"position":[6.0,0.00100011611357331,5.58088636398315],"receipt_ms":18823,"sequence":10,"tick":1143,"velocity":[0.0,0.0,0.0],"yaw":0.0},"position":[6.0,0.00100011611357331,5.58088636398315],"time_ms":18827,"wall_ms":1791487786186.0,"yaw":0.0}
S03R {"entity":1,"event":"apply","pose":{"control":1,"durable":4,"entity":1,"position":[0.0,0.00100011611357331,9.0000114440918],"receipt_ms":18871,"sequence":554,"tick":1146,"velocity":[0.0,0.0,0.0],"yaw":0.0},"position":[0.0,0.00100011611357331,9.0000114440918],"time_ms":18886,"wall_ms":1791487786245.0,"yaw":0.0}
S03R {"entity":2,"event":"apply","pose":{"control":2,"durable":4,"entity":2,"position":[6.0,0.00100011611357331,5.58088636398315],"receipt_ms":18871,"sequence":11,"tick":1146,"velocity":[0.0,0.0,0.0],"yaw":0.0},"position":[6.0,0.00100011611357331,5.58088636398315],"time_ms":18893,"wall_ms":1791487786252.0,"yaw":0.0}
S03R {"entity":1,"event":"apply","pose":{"control":1,"durable":4,"entity":1,"position":[0.0,0.00100011611357331,9.0000114440918],"receipt_ms":18917,"sequence":556,"tick":1149,"velocity":[0.0,0.0,0.0],"yaw":0.0},"position":[0.0,0.00100011611357331,9.0000114440918],"time_ms":18918,"wall_ms":1791487786277.0,"yaw":0.0}
S03R {"entity":2,"event":"apply","pose":{"control":2,"durable":4,"entity":2,"position":[6.0,0.00100011611357331,5.58088636398315],"receipt_ms":18917,"sequence":13,"tick":1149,"velocity":[0.0,0.0,0.0],"yaw":0.0},"position":[6.0,0.00100011611357331,5.58088636398315],"time_ms":18924,"wall_ms":1791487786283.0,"yaw":0.0}
S03R {"entity":1,"event":"apply","pose":{"control":1,"durable":4,"entity":1,"position":[0.0,0.00100011611357331,9.0000114440918],"receipt_ms":18964,"sequence":557,"tick":1152,"velocity":[0.0,0.0,0.0],"yaw":0.0},"position":[0.0,0.00100011611357331,9.0000114440918],"time_ms":18980,"wall_ms":1791487786339.0,"yaw":0.0}
S03R {"entity":2,"event":"apply","pose":{"control":2,"durable":4,"entity":2,"position":[6.0,0.00100011611357331,5.58088636398315],"receipt_ms":18965,"sequence":15,"tick":1152,"velocity":[0.0,0.0,0.0],"yaw":0.0},"position":[6.0,0.00100011611357331,5.58088636398315],"time_ms":18985,"wall_ms":1791487786344.0,"yaw":0.0}
S03R {"entity":1,"event":"apply","pose":{"control":1,"durable":4,"entity":1,"position":[0.0,0.00100011611357331,9.0000114440918],"receipt_ms":19023,"sequence":559,"tick":1155,"velocity":[0.0,0.0,0.0],"yaw":0.0},"position":[0.0,0.00100011611357331,9.0000114440918],"time_ms":19023,"wall_ms":1791487786382.0,"yaw":0.0}
S03R {"entity":2,"event":"apply","pose":{"control":2,"durable":4,"entity":2,"position":[6.0,0.00100011611357331,5.58088636398315],"receipt_ms":19023,"sequence":16,"tick":1155,"velocity":[0.0,0.0,0.0],"yaw":0.0},"position":[6.0,0.00100011611357331,5.58088636398315],"time_ms":19028,"wall_ms":1791487786387.0,"yaw":0.0}
S03R {"entity":1,"event":"apply","pose":{"control":1,"durable":4,"entity":1,"position":[0.0,0.00100011611357331,9.0000114440918],"receipt_ms":19073,"sequence":560,"tick":1158,"velocity":[0.0,0.0,0.0],"yaw":0.0},"position":[0.0,0.00100011611357331,9.0000114440918],"time_ms":19089,"wall_ms":1791487786448.0,"yaw":0.0}
S03R {"entity":2,"event":"apply","pose":{"control":2,"durable":4,"entity":2,"position":[6.0,0.00100011611357331,5.58088636398315],"receipt_ms":19073,"sequence":17,"tick":1158,"velocity":[0.0,0.0,0.0],"yaw":0.0},"position":[6.0,0.00100011611357331,5.58088636398315],"time_ms":19094,"wall_ms":1791487786453.0,"yaw":0.0}
S03R {"entity":1,"event":"apply","pose":{"control":1,"durable":4,"entity":1,"position":[0.0,0.00100011611357331,9.0000114440918],"receipt_ms":19118,"sequence":562,"tick":1161,"velocity":[0.0,0.0,0.0],"yaw":0.0},"position":[0.0,0.00100011611357331,9.0000114440918],"time_ms":19118,"wall_ms":1791487786477.0,"yaw":0.0}
S03R {"entity":2,"event":"apply","pose":{"control":2,"durable":4,"entity":2,"position":[6.0,0.00100011611357331,5.58088636398315],"receipt_ms":19118,"sequence":19,"tick":1161,"velocity":[0.0,0.0,0.0],"yaw":0.0},"position":[6.0,0.00100011611357331,5.58088636398315],"time_ms":19123,"wall_ms":1791487786482.0,"yaw":0.0}
S03R {"entity":1,"event":"apply","pose":{"control":1,"durable":4,"entity":1,"position":[0.0,0.00100011611357331,9.0000114440918],"receipt_ms":19181,"sequence":563,"tick":1164,"velocity":[0.0,0.0,0.0],"yaw":0.0},"position":[0.0,0.00100011611357331,9.0000114440918],"time_ms":19195,"wall_ms":1791487786554.0,"yaw":0.0}
S03R {"entity":2,"event":"apply","pose":{"control":2,"durable":4,"entity":2,"position":[6.0,0.00100011611357331,5.58088636398315],"receipt_ms":19181,"sequence":20,"tick":1164,"velocity":[0.0,0.0,0.0],"yaw":0.0},"position":[6.0,0.00100011611357331,5.58088636398315],"time_ms":19198,"wall_ms":1791487786557.0,"yaw":0.0}
S03R {"entity":1,"event":"apply","pose":{"control":1,"durable":4,"entity":1,"position":[0.0,0.00100011611357331,9.0000114440918],"receipt_ms":19243,"sequence":565,"tick":1167,"velocity":[0.0,0.0,0.0],"yaw":0.0},"position":[0.0,0.00100011611357331,9.0000114440918],"time_ms":19257,"wall_ms":1791487786616.0,"yaw":0.0}
S03R {"entity":2,"event":"apply","pose":{"control":2,"durable":4,"entity":2,"position":[6.0,0.00100011611357331,5.58088636398315],"receipt_ms":19243,"sequence":22,"tick":1167,"velocity":[0.0,0.0,0.0],"yaw":0.0},"position":[6.0,0.00100011611357331,5.58088636398315],"time_ms":19261,"wall_ms":1791487786619.0,"yaw":0.0}
S03R {"entity":1,"event":"apply","pose":{"control":1,"durable":4,"entity":1,"position":[0.0,0.00100011611357331,9.0000114440918],"receipt_ms":19266,"sequence":566,"tick":1170,"velocity":[0.0,0.0,0.0],"yaw":0.0},"position":[0.0,0.00100011611357331,9.0000114440918],"time_ms":19289,"wall_ms":1791487786648.0,"yaw":0.0}
S03R {"entity":2,"event":"apply","pose":{"control":2,"durable":4,"entity":2,"position":[6.0,0.00100011611357331,5.58088636398315],"receipt_ms":19266,"sequence":23,"tick":1170,"velocity":[0.0,0.0,0.0],"yaw":0.0},"position":[6.0,0.00100011611357331,5.58088636398315],"time_ms":19293,"wall_ms":1791487786652.0,"yaw":0.0}
S03R {"entity":1,"event":"apply","pose":{"control":1,"durable":4,"entity":1,"position":[0.0,0.00100011611357331,9.0000114440918],"receipt_ms":19319,"sequence":568,"tick":1173,"velocity":[0.0,0.0,0.0],"yaw":0.0},"position":[0.0,0.00100011611357331,9.0000114440918],"time_ms":19320,"wall_ms":1791487786678.0,"yaw":0.0}
S03R {"entity":2,"event":"apply","pose":{"control":2,"durable":4,"entity":2,"position":[6.0,0.00100011611357331,5.58088636398315],"receipt_ms":19319,"sequence":25,"tick":1173,"velocity":[0.0,0.0,0.0],"yaw":0.0},"position":[6.0,0.00100011611357331,5.58088636398315],"time_ms":19326,"wall_ms":1791487786684.0,"yaw":0.0}
S03R {"entity":1,"event":"apply","pose":{"control":1,"durable":4,"entity":1,"position":[0.0,0.00100011611357331,9.0000114440918],"receipt_ms":19366,"sequence":569,"tick":1176,"velocity":[0.0,0.0,0.0],"yaw":0.0},"position":[0.0,0.00100011611357331,9.0000114440918],"time_ms":19366,"wall_ms":1791487786725.0,"yaw":0.0}
S03R {"entity":2,"event":"apply","pose":{"control":2,"durable":4,"entity":2,"position":[6.0,0.00100011611357331,5.58088636398315],"receipt_ms":19366,"sequence":26,"tick":1176,"velocity":[0.0,0.0,0.0],"yaw":0.0},"position":[6.0,0.00100011611357331,5.58088636398315],"time_ms":19370,"wall_ms":1791487786730.0,"yaw":0.0}
S03R {"entity":1,"event":"apply","pose":{"control":1,"durable":4,"entity":1,"position":[0.0,0.00100011611357331,9.0000114440918],"receipt_ms":19416,"sequence":571,"tick":1179,"velocity":[0.0,0.0,0.0],"yaw":0.0},"position":[0.0,0.00100011611357331,9.0000114440918],"time_ms":19430,"wall_ms":1791487786789.0,"yaw":0.0}
S03R {"entity":2,"event":"apply","pose":{"control":2,"durable":4,"entity":2,"position":[6.0,0.00100011611357331,5.58088636398315],"receipt_ms":19416,"sequence":28,"tick":1179,"velocity":[0.0,0.0,0.0],"yaw":0.0},"position":[6.0,0.00100011611357331,5.58088636398315],"time_ms":19434,"wall_ms":1791487786793.0,"yaw":0.0}
S03R {"entity":1,"event":"apply","pose":{"control":1,"durable":4,"entity":1,"position":[0.0,0.00100011611357331,9.0000114440918],"receipt_ms":19490,"sequence":572,"tick":1182,"velocity":[0.0,0.0,0.0],"yaw":0.0},"position":[0.0,0.00100011611357331,9.0000114440918],"time_ms":19507,"wall_ms":1791487786865.0,"yaw":0.0}
S03R {"entity":2,"event":"apply","pose":{"control":2,"durable":4,"entity":2,"position":[6.0,0.00100011611357331,5.58088636398315],"receipt_ms":19490,"sequence":29,"tick":1182,"velocity":[0.0,0.0,0.0],"yaw":0.0},"position":[6.0,0.00100011611357331,5.58088636398315],"time_ms":19510,"wall_ms":1791487786869.0,"yaw":0.0}
S03R {"entity":1,"event":"apply","pose":{"control":1,"durable":4,"entity":1,"position":[0.0,0.00100011611357331,9.0000114440918],"receipt_ms":19537,"sequence":574,"tick":1185,"velocity":[0.0,0.0,0.0],"yaw":0.0},"position":[0.0,0.00100011611357331,9.0000114440918],"time_ms":19537,"wall_ms":1791487786896.0,"yaw":0.0}
S03R {"entity":2,"event":"apply","pose":{"control":2,"durable":4,"entity":2,"position":[6.0,0.00100011611357331,5.58088636398315],"receipt_ms":19537,"sequence":31,"tick":1185,"velocity":[0.0,0.0,0.0],"yaw":0.0},"position":[6.0,0.00100011611357331,5.58088636398315],"time_ms":19542,"wall_ms":1791487786900.0,"yaw":0.0}
S03R {"entity":1,"event":"apply","pose":{"control":1,"durable":4,"entity":1,"position":[0.0,0.00100011611357331,9.0000114440918],"receipt_ms":19567,"sequence":575,"tick":1188,"velocity":[0.0,0.0,0.0],"yaw":0.0},"position":[0.0,0.00100011611357331,9.0000114440918],"time_ms":19585,"wall_ms":1791487786943.0,"yaw":0.0}
S03R {"entity":2,"event":"apply","pose":{"control":2,"durable":4,"entity":2,"position":[6.0,0.00100011611357331,5.58088636398315],"receipt_ms":19567,"sequence":32,"tick":1188,"velocity":[0.0,0.0,0.0],"yaw":0.0},"position":[6.0,0.00100011611357331,5.58088636398315],"time_ms":19589,"wall_ms":1791487786948.0,"yaw":0.0}
S03R {"entity":1,"event":"apply","pose":{"control":1,"durable":4,"entity":1,"position":[0.0,0.00100011611357331,9.0000114440918],"receipt_ms":19630,"sequence":577,"tick":1191,"velocity":[0.0,0.0,0.0],"yaw":0.0},"position":[0.0,0.00100011611357331,9.0000114440918],"time_ms":19630,"wall_ms":1791487786990.0,"yaw":0.0}
S03R {"entity":2,"event":"apply","pose":{"control":2,"durable":4,"entity":2,"position":[6.0,0.00100011611357331,5.58088636398315],"receipt_ms":19630,"sequence":34,"tick":1191,"velocity":[0.0,0.0,0.0],"yaw":0.0},"position":[6.0,0.00100011611357331,5.58088636398315],"time_ms":19633,"wall_ms":1791487786992.0,"yaw":0.0}
S03R {"entity":1,"event":"apply","pose":{"control":1,"durable":4,"entity":1,"position":[0.0,0.00100011611357331,9.0000114440918],"receipt_ms":19676,"sequence":578,"tick":1194,"velocity":[0.0,0.0,0.0],"yaw":0.0},"position":[0.0,0.00100011611357331,9.0000114440918],"time_ms":19678,"wall_ms":1791487787037.0,"yaw":0.0}
S03R {"entity":2,"event":"apply","pose":{"control":2,"durable":4,"entity":2,"position":[6.0,0.00100011611357331,5.58088636398315],"receipt_ms":19676,"sequence":36,"tick":1194,"velocity":[0.0,0.0,0.0],"yaw":0.0},"position":[6.0,0.00100011611357331,5.58088636398315],"time_ms":19685,"wall_ms":1791487787044.0,"yaw":0.0}
S03R {"entity":1,"event":"apply","pose":{"control":1,"durable":4,"entity":1,"position":[0.0,0.00100011611357331,9.0000114440918],"receipt_ms":19723,"sequence":580,"tick":1197,"velocity":[0.0,0.0,0.0],"yaw":0.0},"position":[0.0,0.00100011611357331,9.0000114440918],"time_ms":19739,"wall_ms":1791487787098.0,"yaw":0.0}
S03R {"entity":2,"event":"apply","pose":{"control":2,"durable":4,"entity":2,"position":[6.0,0.00100011611357331,5.58088636398315],"receipt_ms":19723,"sequence":37,"tick":1197,"velocity":[0.0,0.0,0.0],"yaw":0.0},"position":[6.0,0.00100011611357331,5.58088636398315],"time_ms":19744,"wall_ms":1791487787103.0,"yaw":0.0}
S03R {"entity":1,"event":"apply","pose":{"control":1,"durable":4,"entity":1,"position":[0.0,0.00100011611357331,9.0000114440918],"receipt_ms":19771,"sequence":581,"tick":1200,"velocity":[0.0,0.0,0.0],"yaw":0.0},"position":[0.0,0.00100011611357331,9.0000114440918],"time_ms":19772,"wall_ms":1791487787130.0,"yaw":0.0}
S03R {"entity":2,"event":"apply","pose":{"control":2,"durable":4,"entity":2,"position":[6.0,0.00100011611357331,5.58088636398315],"receipt_ms":19772,"sequence":38,"tick":1200,"velocity":[0.0,0.0,0.0],"yaw":0.0},"position":[6.0,0.00100011611357331,5.58088636398315],"time_ms":19777,"wall_ms":1791487787135.0,"yaw":0.0}
S03R {"entity":1,"event":"apply","pose":{"control":1,"durable":4,"entity":1,"position":[0.0,0.00100011611357331,9.0000114440918],"receipt_ms":19816,"sequence":583,"tick":1203,"velocity":[0.0,0.0,0.0],"yaw":0.0},"position":[0.0,0.00100011611357331,9.0000114440918],"time_ms":19816,"wall_ms":1791487787174.0,"yaw":0.0}
S03R {"entity":2,"event":"apply","pose":{"control":2,"durable":4,"entity":2,"position":[6.0,0.00100011611357331,5.58088636398315],"receipt_ms":19816,"sequence":40,"tick":1203,"velocity":[0.0,0.0,0.0],"yaw":0.0},"position":[6.0,0.00100011611357331,5.58088636398315],"time_ms":19819,"wall_ms":1791487787178.0,"yaw":0.0}
S03R {"entity":1,"event":"apply","pose":{"control":1,"durable":4,"entity":1,"position":[0.0,0.00100011611357331,9.0000114440918],"receipt_ms":19880,"sequence":584,"tick":1206,"velocity":[0.0,0.0,0.0],"yaw":0.0},"position":[0.0,0.00100011611357331,9.0000114440918],"time_ms":19895,"wall_ms":1791487787254.0,"yaw":0.0}
S03R {"entity":2,"event":"apply","pose":{"control":2,"durable":4,"entity":2,"position":[6.0,0.00100011611357331,5.58088636398315],"receipt_ms":19880,"sequence":41,"tick":1206,"velocity":[0.0,0.0,0.0],"yaw":0.0},"position":[6.0,0.00100011611357331,5.58088636398315],"time_ms":19901,"wall_ms":1791487787261.0,"yaw":0.0}
S03R {"entity":1,"event":"apply","pose":{"control":1,"durable":4,"entity":1,"position":[0.0,0.00100011611357331,9.0000114440918],"receipt_ms":19956,"sequence":586,"tick":1209,"velocity":[0.0,0.0,0.0],"yaw":0.0},"position":[0.0,0.00100011611357331,9.0000114440918],"time_ms":19957,"wall_ms":1791487787315.0,"yaw":0.0}
S03R {"entity":2,"event":"apply","pose":{"control":2,"durable":4,"entity":2,"position":[6.0,0.00100011611357331,5.58088636398315],"receipt_ms":19956,"sequence":43,"tick":1209,"velocity":[0.0,0.0,0.0],"yaw":0.0},"position":[6.0,0.00100011611357331,5.58088636398315],"time_ms":19970,"wall_ms":1791487787329.0,"yaw":0.0}
S03R {"entity":1,"event":"apply","pose":{"control":1,"durable":4,"entity":1,"position":[0.0,0.00100011611357331,9.0000114440918],"receipt_ms":19989,"sequence":587,"tick":1212,"velocity":[0.0,0.0,0.0],"yaw":0.0},"position":[0.0,0.00100011611357331,9.0000114440918],"time_ms":20002,"wall_ms":1791487787361.0,"yaw":0.0}
S03R {"entity":2,"event":"apply","pose":{"control":2,"durable":4,"entity":2,"position":[6.0,0.00100011611357331,5.58088636398315],"receipt_ms":19989,"sequence":44,"tick":1212,"velocity":[0.0,0.0,0.0],"yaw":0.0},"position":[6.0,0.00100011611357331,5.58088636398315],"time_ms":20007,"wall_ms":1791487787366.0,"yaw":0.0}
S03R {"entity":1,"event":"apply","pose":{"control":1,"durable":4,"entity":1,"position":[0.0,0.00100011611357331,9.0000114440918],"receipt_ms":20034,"sequence":589,"tick":1215,"velocity":[0.0,0.0,0.0],"yaw":0.0},"position":[0.0,0.00100011611357331,9.0000114440918],"time_ms":20056,"wall_ms":1791487787415.0,"yaw":0.0}
S03R {"entity":2,"event":"apply","pose":{"control":2,"durable":4,"entity":2,"position":[6.0,0.00100011611357331,5.58088636398315],"receipt_ms":20034,"sequence":46,"tick":1215,"velocity":[0.0,0.0,0.0],"yaw":0.0},"position":[6.0,0.00100011611357331,5.58088636398315],"time_ms":20063,"wall_ms":1791487787422.0,"yaw":0.0}
S03R {"entity":1,"event":"apply","pose":{"control":1,"durable":4,"entity":1,"position":[0.0,0.00100011611357331,9.0000114440918],"receipt_ms":20081,"sequence":590,"tick":1218,"velocity":[0.0,0.0,0.0],"yaw":0.0},"position":[0.0,0.00100011611357331,9.0000114440918],"time_ms":20081,"wall_ms":1791487787440.0,"yaw":0.0}
S03R {"entity":2,"event":"apply","pose":{"control":2,"durable":4,"entity":2,"position":[6.0,0.00100011611357331,5.58088636398315],"receipt_ms":20081,"sequence":47,"tick":1218,"velocity":[0.0,0.0,0.0],"yaw":0.0},"position":[6.0,0.00100011611357331,5.58088636398315],"time_ms":20086,"wall_ms":1791487787445.0,"yaw":0.0}
S03R {"entity":1,"event":"apply","pose":{"control":1,"durable":4,"entity":1,"position":[0.0,0.00100011611357331,9.0000114440918],"receipt_ms":20131,"sequence":592,"tick":1221,"velocity":[0.0,0.0,0.0],"yaw":0.0},"position":[0.0,0.00100011611357331,9.0000114440918],"time_ms":20142,"wall_ms":1791487787501.0,"yaw":0.0}
S03R {"entity":2,"event":"apply","pose":{"control":2,"durable":4,"entity":2,"position":[6.0,0.00100011611357331,5.58088636398315],"receipt_ms":20131,"sequence":49,"tick":1221,"velocity":[0.0,0.0,0.0],"yaw":0.0},"position":[6.0,0.00100011611357331,5.58088636398315],"time_ms":20147,"wall_ms":1791487787505.0,"yaw":0.0}
S03R {"entity":1,"event":"apply","pose":{"control":1,"durable":4,"entity":1,"position":[0.0,0.00100011611357331,9.0000114440918],"receipt_ms":20173,"sequence":593,"tick":1224,"velocity":[0.0,0.0,0.0],"yaw":0.0},"position":[0.0,0.00100011611357331,9.0000114440918],"time_ms":20188,"wall_ms":1791487787547.0,"yaw":0.0}
S03R {"entity":2,"event":"apply","pose":{"control":2,"durable":4,"entity":2,"position":[6.0,0.00100011611357331,5.58088636398315],"receipt_ms":20173,"sequence":51,"tick":1224,"velocity":[0.0,0.0,0.0],"yaw":0.0},"position":[6.0,0.00100011611357331,5.58088636398315],"time_ms":20194,"wall_ms":1791487787553.0,"yaw":0.0}
S03R {"entity":1,"event":"apply","pose":{"control":1,"durable":4,"entity":1,"position":[0.0,0.00100011611357331,9.0000114440918],"receipt_ms":20219,"sequence":595,"tick":1227,"velocity":[0.0,0.0,0.0],"yaw":0.0},"position":[0.0,0.00100011611357331,9.0000114440918],"time_ms":20220,"wall_ms":1791487787578.0,"yaw":0.0}
S03R {"entity":2,"event":"apply","pose":{"control":2,"durable":4,"entity":2,"position":[6.0,0.00100011611357331,5.58088636398315],"receipt_ms":20219,"sequence":52,"tick":1227,"velocity":[0.0,0.0,0.0],"yaw":0.0},"position":[6.0,0.00100011611357331,5.58088636398315],"time_ms":20223,"wall_ms":1791487787582.0,"yaw":0.0}
S03R {"entity":1,"event":"apply","pose":{"control":1,"durable":4,"entity":1,"position":[0.0,0.00100011611357331,9.0000114440918],"receipt_ms":20287,"sequence":596,"tick":1230,"velocity":[0.0,0.0,0.0],"yaw":0.0},"position":[0.0,0.00100011611357331,9.0000114440918],"time_ms":20290,"wall_ms":1791487787648.0,"yaw":0.0}
S03R {"entity":2,"event":"apply","pose":{"control":2,"durable":4,"entity":2,"position":[6.0,0.00100011611357331,5.58088636398315],"receipt_ms":20287,"sequence":54,"tick":1230,"velocity":[0.0,0.0,0.0],"yaw":0.0},"position":[6.0,0.00100011611357331,5.58088636398315],"time_ms":20292,"wall_ms":1791487787651.0,"yaw":0.0}
S03R {"entity":1,"event":"apply","pose":{"control":1,"durable":4,"entity":1,"position":[0.0,0.00100011611357331,9.0000114440918],"receipt_ms":20327,"sequence":598,"tick":1233,"velocity":[0.0,0.0,0.0],"yaw":0.0},"position":[0.0,0.00100011611357331,9.0000114440918],"time_ms":20341,"wall_ms":1791487787700.0,"yaw":0.0}
S03R {"entity":2,"event":"apply","pose":{"control":2,"durable":4,"entity":2,"position":[6.0,0.00100011611357331,5.58088636398315],"receipt_ms":20327,"sequence":55,"tick":1233,"velocity":[0.0,0.0,0.0],"yaw":0.0},"position":[6.0,0.00100011611357331,5.58088636398315],"time_ms":20348,"wall_ms":1791487787707.0,"yaw":0.0}
S03R {"entity":1,"event":"apply","pose":{"control":1,"durable":4,"entity":1,"position":[0.0,0.00100011611357331,9.0000114440918],"receipt_ms":20372,"sequence":599,"tick":1236,"velocity":[0.0,0.0,0.0],"yaw":0.0},"position":[0.0,0.00100011611357331,9.0000114440918],"time_ms":20372,"wall_ms":1791487787732.0,"yaw":0.0}
S03R {"entity":2,"event":"apply","pose":{"control":2,"durable":4,"entity":2,"position":[6.0,0.00100011611357331,5.58088636398315],"receipt_ms":20372,"sequence":56,"tick":1236,"velocity":[0.0,0.0,0.0],"yaw":0.0},"position":[6.0,0.00100011611357331,5.58088636398315],"time_ms":20378,"wall_ms":1791487787737.0,"yaw":0.0}
S03R {"entity":1,"event":"apply","pose":{"control":1,"durable":4,"entity":1,"position":[0.0,0.00100011611357331,9.0000114440918],"receipt_ms":20419,"sequence":601,"tick":1239,"velocity":[0.0,0.0,0.0],"yaw":0.0},"position":[0.0,0.00100011611357331,9.0000114440918],"time_ms":20422,"wall_ms":1791487787780.0,"yaw":0.0}
S03R {"entity":2,"event":"apply","pose":{"control":2,"durable":4,"entity":2,"position":[6.0,0.00100011611357331,5.58088636398315],"receipt_ms":20419,"sequence":58,"tick":1239,"velocity":[0.0,0.0,0.0],"yaw":0.0},"position":[6.0,0.00100011611357331,5.58088636398315],"time_ms":20425,"wall_ms":1791487787784.0,"yaw":0.0}
S03R {"entity":1,"event":"apply","pose":{"control":1,"durable":4,"entity":1,"position":[0.0,0.00100011611357331,9.0000114440918],"receipt_ms":20482,"sequence":602,"tick":1242,"velocity":[0.0,0.0,0.0],"yaw":0.0},"position":[0.0,0.00100011611357331,9.0000114440918],"time_ms":20482,"wall_ms":1791487787841.0,"yaw":0.0}
S03R {"entity":2,"event":"apply","pose":{"control":2,"durable":4,"entity":2,"position":[6.0,0.00100011611357331,5.58088636398315],"receipt_ms":20482,"sequence":59,"tick":1242,"velocity":[0.0,0.0,0.0],"yaw":0.0},"position":[6.0,0.00100011611357331,5.58088636398315],"time_ms":20485,"wall_ms":1791487787844.0,"yaw":0.0}
S03R {"entity":1,"event":"apply","pose":{"control":1,"durable":4,"entity":1,"position":[0.0,0.00100011611357331,9.0000114440918],"receipt_ms":20529,"sequence":604,"tick":1245,"velocity":[0.0,0.0,0.0],"yaw":0.0},"position":[0.0,0.00100011611357331,9.0000114440918],"time_ms":20549,"wall_ms":1791487787908.0,"yaw":0.0}
S03R {"entity":2,"event":"apply","pose":{"control":2,"durable":4,"entity":2,"position":[6.0,0.00100011611357331,5.58088636398315],"receipt_ms":20529,"sequence":61,"tick":1245,"velocity":[0.0,0.0,0.0],"yaw":0.0},"position":[6.0,0.00100011611357331,5.58088636398315],"time_ms":20556,"wall_ms":1791487787915.0,"yaw":0.0}
S03R {"entity":1,"event":"apply","pose":{"control":1,"durable":4,"entity":1,"position":[0.0,0.00100011611357331,9.0000114440918],"receipt_ms":20590,"sequence":605,"tick":1248,"velocity":[0.0,0.0,0.0],"yaw":0.0},"position":[0.0,0.00100011611357331,9.0000114440918],"time_ms":20607,"wall_ms":1791487787966.0,"yaw":0.0}
S03R {"entity":2,"event":"apply","pose":{"control":2,"durable":4,"entity":2,"position":[6.0,0.00100011611357331,5.58088636398315],"receipt_ms":20590,"sequence":63,"tick":1248,"velocity":[0.0,0.0,0.0],"yaw":0.0},"position":[6.0,0.00100011611357331,5.58088636398315],"time_ms":20610,"wall_ms":1791487787970.0,"yaw":0.0}
S03R {"entity":1,"event":"apply","pose":{"control":1,"durable":4,"entity":1,"position":[0.0,0.00100011611357331,9.0000114440918],"receipt_ms":20636,"sequence":607,"tick":1251,"velocity":[0.0,0.0,0.0],"yaw":0.0},"position":[0.0,0.00100011611357331,9.0000114440918],"time_ms":20636,"wall_ms":1791487787995.0,"yaw":0.0}
S03R {"entity":2,"event":"apply","pose":{"control":2,"durable":4,"entity":2,"position":[6.0,0.00100011611357331,5.58088636398315],"receipt_ms":20636,"sequence":64,"tick":1251,"velocity":[0.0,0.0,0.0],"yaw":0.0},"position":[6.0,0.00100011611357331,5.58088636398315],"time_ms":20641,"wall_ms":1791487788000.0,"yaw":0.0}
S03R {"entity":1,"event":"apply","pose":{"control":1,"durable":4,"entity":1,"position":[0.0,0.00100011611357331,9.0000114440918],"receipt_ms":20665,"sequence":608,"tick":1254,"velocity":[0.0,0.0,0.0],"yaw":0.0},"position":[0.0,0.00100011611357331,9.0000114440918],"time_ms":20665,"wall_ms":1791487788024.0,"yaw":0.0}
S03R {"entity":2,"event":"apply","pose":{"control":2,"durable":4,"entity":2,"position":[6.0,0.00100011611357331,5.58088636398315],"receipt_ms":20665,"sequence":65,"tick":1254,"velocity":[0.0,0.0,0.0],"yaw":0.0},"position":[6.0,0.00100011611357331,5.58088636398315],"time_ms":20668,"wall_ms":1791487788027.0,"yaw":0.0}
S03R {"entity":1,"event":"apply","pose":{"control":1,"durable":4,"entity":1,"position":[0.0,0.00100011611357331,9.0000114440918],"receipt_ms":20726,"sequence":610,"tick":1257,"velocity":[0.0,0.0,0.0],"yaw":0.0},"position":[0.0,0.00100011611357331,9.0000114440918],"time_ms":20727,"wall_ms":1791487788085.0,"yaw":0.0}
S03R {"entity":2,"event":"apply","pose":{"control":2,"durable":4,"entity":2,"position":[6.0,0.00100011611357331,5.58088636398315],"receipt_ms":20726,"sequence":67,"tick":1257,"velocity":[0.0,0.0,0.0],"yaw":0.0},"position":[6.0,0.00100011611357331,5.58088636398315],"time_ms":20731,"wall_ms":1791487788090.0,"yaw":0.0}
S03R {"entity":1,"event":"apply","pose":{"control":1,"durable":4,"entity":1,"position":[0.0,0.00100011611357331,9.0000114440918],"receipt_ms":20775,"sequence":611,"tick":1260,"velocity":[0.0,0.0,0.0],"yaw":0.0},"position":[0.0,0.00100011611357331,9.0000114440918],"time_ms":20775,"wall_ms":1791487788133.0,"yaw":0.0}
S03R {"entity":2,"event":"apply","pose":{"control":2,"durable":4,"entity":2,"position":[6.0,0.00100011611357331,5.58088636398315],"receipt_ms":20775,"sequence":68,"tick":1260,"velocity":[0.0,0.0,0.0],"yaw":0.0},"position":[6.0,0.00100011611357331,5.58088636398315],"time_ms":20777,"wall_ms":1791487788137.0,"yaw":0.0}
S03R {"entity":1,"event":"apply","pose":{"control":1,"durable":4,"entity":1,"position":[0.0,0.00100011611357331,9.0000114440918],"receipt_ms":20822,"sequence":613,"tick":1263,"velocity":[0.0,0.0,0.0],"yaw":0.0},"position":[0.0,0.00100011611357331,9.0000114440918],"time_ms":20836,"wall_ms":1791487788195.0,"yaw":0.0}
S03R {"entity":2,"event":"apply","pose":{"control":2,"durable":4,"entity":2,"position":[6.0,0.00100011611357331,5.58088636398315],"receipt_ms":20822,"sequence":70,"tick":1263,"velocity":[0.0,0.0,0.0],"yaw":0.0},"position":[6.0,0.00100011611357331,5.58088636398315],"time_ms":20841,"wall_ms":1791487788200.0,"yaw":0.0}
S03R {"entity":1,"event":"apply","pose":{"control":1,"durable":4,"entity":1,"position":[0.0,0.00100011611357331,9.0000114440918],"receipt_ms":20867,"sequence":614,"tick":1266,"velocity":[0.0,0.0,0.0],"yaw":0.0},"position":[0.0,0.00100011611357331,9.0000114440918],"time_ms":20868,"wall_ms":1791487788226.0,"yaw":0.0}
S03R {"entity":2,"event":"apply","pose":{"control":2,"durable":4,"entity":2,"position":[6.0,0.00100011611357331,5.58088636398315],"receipt_ms":20867,"sequence":71,"tick":1266,"velocity":[0.0,0.0,0.0],"yaw":0.0},"position":[6.0,0.00100011611357331,5.58088636398315],"time_ms":20871,"wall_ms":1791487788230.0,"yaw":0.0}
S03R {"entity":1,"event":"apply","pose":{"control":1,"durable":4,"entity":1,"position":[0.0,0.00100011611357331,9.0000114440918],"receipt_ms":20931,"sequence":616,"tick":1269,"velocity":[0.0,0.0,0.0],"yaw":0.0},"position":[0.0,0.00100011611357331,9.0000114440918],"time_ms":20944,"wall_ms":1791487788303.0,"yaw":0.0}
S03R {"entity":2,"event":"apply","pose":{"control":2,"durable":4,"entity":2,"position":[6.0,0.00100011611357331,5.58088636398315],"receipt_ms":20931,"sequence":73,"tick":1269,"velocity":[0.0,0.0,0.0],"yaw":0.0},"position":[6.0,0.00100011611357331,5.58088636398315],"time_ms":20948,"wall_ms":1791487788307.0,"yaw":0.0}
S03R {"entity":1,"event":"apply","pose":{"control":1,"durable":4,"entity":1,"position":[0.0,0.00100011611357331,9.0000114440918],"receipt_ms":20960,"sequence":617,"tick":1272,"velocity":[0.0,0.0,0.0],"yaw":0.0},"position":[0.0,0.00100011611357331,9.0000114440918],"time_ms":20976,"wall_ms":1791487788335.0,"yaw":0.0}
S03R {"entity":2,"event":"apply","pose":{"control":2,"durable":4,"entity":2,"position":[6.0,0.00100011611357331,5.58088636398315],"receipt_ms":20960,"sequence":74,"tick":1272,"velocity":[0.0,0.0,0.0],"yaw":0.0},"position":[6.0,0.00100011611357331,5.58088636398315],"time_ms":20980,"wall_ms":1791487788339.0,"yaw":0.0}
S03R {"entity":1,"event":"apply","pose":{"control":1,"durable":4,"entity":1,"position":[0.0,0.00100011611357331,9.0000114440918],"receipt_ms":21023,"sequence":619,"tick":1275,"velocity":[0.0,0.0,0.0],"yaw":0.0},"position":[0.0,0.00100011611357331,9.0000114440918],"time_ms":21040,"wall_ms":1791487788399.0,"yaw":0.0}
S03R {"entity":2,"event":"apply","pose":{"control":2,"durable":4,"entity":2,"position":[6.0,0.00100011611357331,5.58088636398315],"receipt_ms":21023,"sequence":75,"tick":1275,"velocity":[0.0,0.0,0.0],"yaw":0.0},"position":[6.0,0.00100011611357331,5.58088636398315],"time_ms":21044,"wall_ms":1791487788403.0,"yaw":0.0}
S03R {"entity":1,"event":"apply","pose":{"control":1,"durable":4,"entity":1,"position":[0.0,0.00100011611357331,9.0000114440918],"receipt_ms":21072,"sequence":620,"tick":1278,"velocity":[0.0,0.0,0.0],"yaw":0.0},"position":[0.0,0.00100011611357331,9.0000114440918],"time_ms":21072,"wall_ms":1791487788432.0,"yaw":0.0}
S03R {"entity":2,"event":"apply","pose":{"control":2,"durable":4,"entity":2,"position":[6.0,0.00100011611357331,5.58088636398315],"receipt_ms":21072,"sequence":77,"tick":1278,"velocity":[0.0,0.0,0.0],"yaw":0.0},"position":[6.0,0.00100011611357331,5.58088636398315],"time_ms":21078,"wall_ms":1791487788437.0,"yaw":0.0}
S03R {"entity":1,"event":"apply","pose":{"control":1,"durable":4,"entity":1,"position":[0.0,0.00100011611357331,9.0000114440918],"receipt_ms":21121,"sequence":622,"tick":1281,"velocity":[0.0,0.0,0.0],"yaw":0.0},"position":[0.0,0.00100011611357331,9.0000114440918],"time_ms":21132,"wall_ms":1791487788491.0,"yaw":0.0}
S03R {"entity":2,"event":"apply","pose":{"control":2,"durable":4,"entity":2,"position":[6.0,0.00100011611357331,5.58088636398315],"receipt_ms":21121,"sequence":79,"tick":1281,"velocity":[0.0,0.0,0.0],"yaw":0.0},"position":[6.0,0.00100011611357331,5.58088636398315],"time_ms":21137,"wall_ms":1791487788496.0,"yaw":0.0}
S03R {"entity":1,"event":"apply","pose":{"control":1,"durable":4,"entity":1,"position":[0.0,0.00100011611357331,9.0000114440918],"receipt_ms":21164,"sequence":623,"tick":1284,"velocity":[0.0,0.0,0.0],"yaw":0.0},"position":[0.0,0.00100011611357331,9.0000114440918],"time_ms":21164,"wall_ms":1791487788523.0,"yaw":0.0}
S03R {"entity":2,"event":"apply","pose":{"control":2,"durable":4,"entity":2,"position":[6.0,0.00100011611357331,5.58088636398315],"receipt_ms":21164,"sequence":80,"tick":1284,"velocity":[0.0,0.0,0.0],"yaw":0.0},"position":[6.0,0.00100011611357331,5.58088636398315],"time_ms":21169,"wall_ms":1791487788528.0,"yaw":0.0}
S03R {"entity":1,"event":"apply","pose":{"control":1,"durable":4,"entity":1,"position":[0.0,0.00100011611357331,9.0000114440918],"receipt_ms":21225,"sequence":625,"tick":1287,"velocity":[0.0,0.0,0.0],"yaw":0.0},"position":[0.0,0.00100011611357331,9.0000114440918],"time_ms":21225,"wall_ms":1791487788584.0,"yaw":0.0}
S03R {"entity":2,"event":"apply","pose":{"control":2,"durable":4,"entity":2,"position":[6.0,0.00100011611357331,5.58088636398315],"receipt_ms":21225,"sequence":82,"tick":1287,"velocity":[0.0,0.0,0.0],"yaw":0.0},"position":[6.0,0.00100011611357331,5.58088636398315],"time_ms":21228,"wall_ms":1791487788587.0,"yaw":0.0}
S03R {"entity":1,"event":"apply","pose":{"control":1,"durable":4,"entity":1,"position":[0.0,0.00100011611357331,9.0000114440918],"receipt_ms":21271,"sequence":626,"tick":1290,"velocity":[0.0,0.0,0.0],"yaw":0.0},"position":[0.0,0.00100011611357331,9.0000114440918],"time_ms":21286,"wall_ms":1791487788645.0,"yaw":0.0}
S03R {"entity":2,"event":"apply","pose":{"control":2,"durable":4,"entity":2,"position":[6.0,0.00100011611357331,5.58088636398315],"receipt_ms":21271,"sequence":84,"tick":1290,"velocity":[0.0,0.0,0.0],"yaw":0.0},"position":[6.0,0.00100011611357331,5.58088636398315],"time_ms":21291,"wall_ms":1791487788650.0,"yaw":0.0}
S03R {"entity":1,"event":"apply","pose":{"control":1,"durable":4,"entity":1,"position":[0.0,0.00100011611357331,9.0000114440918],"receipt_ms":21333,"sequence":628,"tick":1293,"velocity":[0.0,0.0,0.0],"yaw":0.0},"position":[0.0,0.00100011611357331,9.0000114440918],"time_ms":21333,"wall_ms":1791487788692.0,"yaw":0.0}
S03R {"entity":2,"event":"apply","pose":{"control":2,"durable":4,"entity":2,"position":[6.0,0.00100011611357331,5.58088636398315],"receipt_ms":21333,"sequence":85,"tick":1293,"velocity":[0.0,0.0,0.0],"yaw":0.0},"position":[6.0,0.00100011611357331,5.58088636398315],"time_ms":21337,"wall_ms":1791487788695.0,"yaw":0.0}
S03R {"entity":1,"event":"apply","pose":{"control":1,"durable":4,"entity":1,"position":[0.0,0.00100011611357331,9.0000114440918],"receipt_ms":21380,"sequence":629,"tick":1296,"velocity":[0.0,0.0,0.0],"yaw":0.0},"position":[0.0,0.00100011611357331,9.0000114440918],"time_ms":21395,"wall_ms":1791487788754.0,"yaw":0.0}
S03R {"entity":2,"event":"apply","pose":{"control":2,"durable":4,"entity":2,"position":[6.0,0.00100011611357331,5.58088636398315],"receipt_ms":21380,"sequence":86,"tick":1296,"velocity":[0.0,0.0,0.0],"yaw":0.0},"position":[6.0,0.00100011611357331,5.58088636398315],"time_ms":21400,"wall_ms":1791487788759.0,"yaw":0.0}
S03R {"entity":1,"event":"apply","pose":{"control":1,"durable":4,"entity":1,"position":[0.0,0.00100011611357331,9.0000114440918],"receipt_ms":21427,"sequence":631,"tick":1299,"velocity":[0.0,0.0,0.0],"yaw":0.0},"position":[0.0,0.00100011611357331,9.0000114440918],"time_ms":21442,"wall_ms":1791487788801.0,"yaw":0.0}
S03R {"entity":2,"event":"apply","pose":{"control":2,"durable":4,"entity":2,"position":[6.0,0.00100011611357331,5.58088636398315],"receipt_ms":21427,"sequence":88,"tick":1299,"velocity":[0.0,0.0,0.0],"yaw":0.0},"position":[6.0,0.00100011611357331,5.58088636398315],"time_ms":21446,"wall_ms":1791487788805.0,"yaw":0.0}
S03R {"entity":1,"event":"apply","pose":{"control":1,"durable":4,"entity":1,"position":[0.0,0.00100011611357331,9.0000114440918],"receipt_ms":21476,"sequence":632,"tick":1302,"velocity":[0.0,0.0,0.0],"yaw":0.0},"position":[0.0,0.00100011611357331,9.0000114440918],"time_ms":21490,"wall_ms":1791487788848.0,"yaw":0.0}
S03R {"entity":2,"event":"apply","pose":{"control":2,"durable":4,"entity":2,"position":[6.0,0.00100011611357331,5.58088636398315],"receipt_ms":21476,"sequence":90,"tick":1302,"velocity":[0.0,0.0,0.0],"yaw":0.0},"position":[6.0,0.00100011611357331,5.58088636398315],"time_ms":21496,"wall_ms":1791487788855.0,"yaw":0.0}
S03R {"entity":1,"event":"apply","pose":{"control":1,"durable":4,"entity":1,"position":[0.0,0.00100011611357331,9.0000114440918],"receipt_ms":21523,"sequence":634,"tick":1305,"velocity":[0.0,0.0,0.0],"yaw":0.0},"position":[0.0,0.00100011611357331,9.0000114440918],"time_ms":21523,"wall_ms":1791487788883.0,"yaw":0.0}
S03R {"entity":2,"event":"apply","pose":{"control":2,"durable":4,"entity":2,"position":[6.0,0.00100011611357331,5.58088636398315],"receipt_ms":21523,"sequence":91,"tick":1305,"velocity":[0.0,0.0,0.0],"yaw":0.0},"position":[6.0,0.00100011611357331,5.58088636398315],"time_ms":21526,"wall_ms":1791487788885.0,"yaw":0.0}
S03R {"entity":1,"event":"apply","pose":{"control":1,"durable":4,"entity":1,"position":[0.0,0.00100011611357331,9.0000114440918],"receipt_ms":21580,"sequence":635,"tick":1308,"velocity":[0.0,0.0,0.0],"yaw":0.0},"position":[0.0,0.00100011611357331,9.0000114440918],"time_ms":21581,"wall_ms":1791487788940.0,"yaw":0.0}
S03R {"entity":2,"event":"apply","pose":{"control":2,"durable":4,"entity":2,"position":[6.0,0.00100011611357331,5.58088636398315],"receipt_ms":21580,"sequence":92,"tick":1308,"velocity":[0.0,0.0,0.0],"yaw":0.0},"position":[6.0,0.00100011611357331,5.58088636398315],"time_ms":21586,"wall_ms":1791487788945.0,"yaw":0.0}
S03R {"entity":1,"event":"apply","pose":{"control":1,"durable":4,"entity":1,"position":[0.0,0.00100011611357331,9.0000114440918],"receipt_ms":21613,"sequence":637,"tick":1311,"velocity":[0.0,0.0,0.0],"yaw":0.0},"position":[0.0,0.00100011611357331,9.0000114440918],"time_ms":21627,"wall_ms":1791487788986.0,"yaw":0.0}
S03R {"entity":2,"event":"apply","pose":{"control":2,"durable":4,"entity":2,"position":[6.0,0.00100011611357331,5.58088636398315],"receipt_ms":21613,"sequence":94,"tick":1311,"velocity":[0.0,0.0,0.0],"yaw":0.0},"position":[6.0,0.00100011611357331,5.58088636398315],"time_ms":21631,"wall_ms":1791487788991.0,"yaw":0.0}
S03R {"entity":1,"event":"apply","pose":{"control":1,"durable":4,"entity":1,"position":[0.0,0.00100011611357331,9.0000114440918],"receipt_ms":21673,"sequence":638,"tick":1314,"velocity":[0.0,0.0,0.0],"yaw":0.0},"position":[0.0,0.00100011611357331,9.0000114440918],"time_ms":21673,"wall_ms":1791487789033.0,"yaw":0.0}
S03R {"entity":2,"event":"apply","pose":{"control":2,"durable":4,"entity":2,"position":[6.0,0.00100011611357331,5.58088636398315],"receipt_ms":21673,"sequence":96,"tick":1314,"velocity":[0.0,0.0,0.0],"yaw":0.0},"position":[6.0,0.00100011611357331,5.58088636398315],"time_ms":21676,"wall_ms":1791487789035.0,"yaw":0.0}
S03R {"entity":1,"event":"apply","pose":{"control":1,"durable":4,"entity":1,"position":[0.0,0.00100011611357331,9.0000114440918],"receipt_ms":21736,"sequence":640,"tick":1317,"velocity":[0.0,0.0,0.0],"yaw":0.0},"position":[0.0,0.00100011611357331,9.0000114440918],"time_ms":21750,"wall_ms":1791487789109.0,"yaw":0.0}
S03R {"entity":2,"event":"apply","pose":{"control":2,"durable":4,"entity":2,"position":[6.0,0.00100011611357331,5.58088636398315],"receipt_ms":21736,"sequence":97,"tick":1317,"velocity":[0.0,0.0,0.0],"yaw":0.0},"position":[6.0,0.00100011611357331,5.58088636398315],"time_ms":21756,"wall_ms":1791487789116.0,"yaw":0.0}
S03R {"entity":1,"event":"apply","pose":{"control":1,"durable":4,"entity":1,"position":[0.0,0.00100011611357331,9.0000114440918],"receipt_ms":21782,"sequence":641,"tick":1320,"velocity":[0.0,0.0,0.0],"yaw":0.0},"position":[0.0,0.00100011611357331,9.0000114440918],"time_ms":21797,"wall_ms":1791487789156.0,"yaw":0.0}
S03R {"entity":2,"event":"apply","pose":{"control":2,"durable":4,"entity":2,"position":[6.0,0.00100011611357331,5.58088636398315],"receipt_ms":21782,"sequence":99,"tick":1320,"velocity":[0.0,0.0,0.0],"yaw":0.0},"position":[6.0,0.00100011611357331,5.58088636398315],"time_ms":21800,"wall_ms":1791487789159.0,"yaw":0.0}
S03R {"entity":1,"event":"apply","pose":{"control":1,"durable":4,"entity":1,"position":[0.0,0.00100011611357331,9.0000114440918],"receipt_ms":21846,"sequence":643,"tick":1323,"velocity":[0.0,0.0,0.0],"yaw":0.0},"position":[0.0,0.00100011611357331,9.0000114440918],"time_ms":21859,"wall_ms":1791487789218.0,"yaw":0.0}
S03R {"entity":2,"event":"apply","pose":{"control":2,"durable":4,"entity":2,"position":[6.0,0.00100011611357331,5.58088636398315],"receipt_ms":21846,"sequence":99,"tick":1323,"velocity":[0.0,0.0,0.0],"yaw":0.0},"position":[6.0,0.00100011611357331,5.58088636398315],"time_ms":21862,"wall_ms":1791487789221.0,"yaw":0.0}
S03R {"entity":1,"event":"apply","pose":{"control":1,"durable":4,"entity":1,"position":[0.0,0.00100011611357331,9.0000114440918],"receipt_ms":21875,"sequence":644,"tick":1326,"velocity":[0.0,0.0,0.0],"yaw":0.0},"position":[0.0,0.00100011611357331,9.0000114440918],"time_ms":21890,"wall_ms":1791487789249.0,"yaw":0.0}
S03R {"entity":2,"event":"apply","pose":{"control":2,"durable":4,"entity":2,"position":[6.0,0.00100011611357331,5.58088636398315],"receipt_ms":21875,"sequence":101,"tick":1326,"velocity":[0.0,0.0,0.0],"yaw":0.0},"position":[6.0,0.00100011611357331,5.58088636398315],"time_ms":21893,"wall_ms":1791487789252.0,"yaw":0.0}
S03R {"entity":1,"event":"apply","pose":{"control":1,"durable":4,"entity":1,"position":[0.0,0.00100011611357331,9.0000114440918],"receipt_ms":21922,"sequence":646,"tick":1329,"velocity":[0.0,0.0,0.0],"yaw":0.0},"position":[0.0,0.00100011611357331,9.0000114440918],"time_ms":21937,"wall_ms":1791487789296.0,"yaw":0.0}
S03R {"entity":2,"event":"apply","pose":{"control":2,"durable":4,"entity":2,"position":[6.0,0.00100011611357331,5.58088636398315],"receipt_ms":21922,"sequence":103,"tick":1329,"velocity":[0.0,0.0,0.0],"yaw":0.0},"position":[6.0,0.00100011611357331,5.58088636398315],"time_ms":21940,"wall_ms":1791487789299.0,"yaw":0.0}
S03R {"entity":1,"event":"apply","pose":{"control":1,"durable":4,"entity":1,"position":[0.0,0.00100011611357331,9.0000114440918],"receipt_ms":21968,"sequence":647,"tick":1332,"velocity":[0.0,0.0,0.0],"yaw":0.0},"position":[0.0,0.00100011611357331,9.0000114440918],"time_ms":21968,"wall_ms":1791487789327.0,"yaw":0.0}
S03R {"entity":2,"event":"apply","pose":{"control":2,"durable":4,"entity":2,"position":[6.0,0.00100011611357331,5.58088636398315],"receipt_ms":21968,"sequence":104,"tick":1332,"velocity":[0.0,0.0,0.0],"yaw":0.0},"position":[6.0,0.00100011611357331,5.58088636398315],"time_ms":21972,"wall_ms":1791487789331.0,"yaw":0.0}
S03R {"entity":1,"event":"apply","pose":{"control":1,"durable":4,"entity":1,"position":[0.0,0.00100011611357331,9.0000114440918],"receipt_ms":22017,"sequence":649,"tick":1335,"velocity":[0.0,0.0,0.0],"yaw":0.0},"position":[0.0,0.00100011611357331,9.0000114440918],"time_ms":22017,"wall_ms":1791487789376.0,"yaw":0.0}
S03R {"entity":2,"event":"apply","pose":{"control":2,"durable":4,"entity":2,"position":[6.0,0.00100011611357331,5.58088636398315],"receipt_ms":22017,"sequence":106,"tick":1335,"velocity":[0.0,0.0,0.0],"yaw":0.0},"position":[6.0,0.00100011611357331,5.58088636398315],"time_ms":22020,"wall_ms":1791487789379.0,"yaw":0.0}
S03R {"entity":1,"event":"apply","pose":{"control":1,"durable":4,"entity":1,"position":[0.0,0.00100011611357331,9.0000114440918],"receipt_ms":22076,"sequence":650,"tick":1338,"velocity":[0.0,0.0,0.0],"yaw":0.0},"position":[0.0,0.00100011611357331,9.0000114440918],"time_ms":22092,"wall_ms":1791487789451.0,"yaw":0.0}
S03R {"entity":2,"event":"apply","pose":{"control":2,"durable":4,"entity":2,"position":[6.0,0.00100011611357331,5.58088636398315],"receipt_ms":22076,"sequence":107,"tick":1338,"velocity":[0.0,0.0,0.0],"yaw":0.0},"position":[6.0,0.00100011611357331,5.58088636398315],"time_ms":22095,"wall_ms":1791487789454.0,"yaw":0.0}
S03R {"entity":1,"event":"apply","pose":{"control":1,"durable":4,"entity":1,"position":[0.0,0.00100011611357331,9.0000114440918],"receipt_ms":22121,"sequence":652,"tick":1341,"velocity":[0.0,0.0,0.0],"yaw":0.0},"position":[0.0,0.00100011611357331,9.0000114440918],"time_ms":22121,"wall_ms":1791487789480.0,"yaw":0.0}
S03R {"entity":2,"event":"apply","pose":{"control":2,"durable":4,"entity":2,"position":[6.0,0.00100011611357331,5.58088636398315],"receipt_ms":22121,"sequence":109,"tick":1341,"velocity":[0.0,0.0,0.0],"yaw":0.0},"position":[6.0,0.00100011611357331,5.58088636398315],"time_ms":22124,"wall_ms":1791487789483.0,"yaw":0.0}
S03R {"entity":1,"event":"apply","pose":{"control":1,"durable":4,"entity":1,"position":[0.0,0.00100011611357331,9.0000114440918],"receipt_ms":22183,"sequence":653,"tick":1344,"velocity":[0.0,0.0,0.0],"yaw":0.0},"position":[0.0,0.00100011611357331,9.0000114440918],"time_ms":22183,"wall_ms":1791487789542.0,"yaw":0.0}
S03R {"entity":2,"event":"apply","pose":{"control":2,"durable":4,"entity":2,"position":[6.0,0.00100011611357331,5.58088636398315],"receipt_ms":22183,"sequence":111,"tick":1344,"velocity":[0.0,0.0,0.0],"yaw":0.0},"position":[6.0,0.00100011611357331,5.58088636398315],"time_ms":22188,"wall_ms":1791487789547.0,"yaw":0.0}
S03R {"entity":1,"event":"apply","pose":{"control":1,"durable":4,"entity":1,"position":[0.0,0.00100011611357331,9.0000114440918],"receipt_ms":22214,"sequence":655,"tick":1347,"velocity":[0.0,0.0,0.0],"yaw":0.0},"position":[0.0,0.00100011611357331,9.0000114440918],"time_ms":22229,"wall_ms":1791487789588.0,"yaw":0.0}
S03R {"entity":2,"event":"apply","pose":{"control":2,"durable":4,"entity":2,"position":[6.0,0.00100011611357331,5.58088636398315],"receipt_ms":22214,"sequence":112,"tick":1347,"velocity":[0.0,0.0,0.0],"yaw":0.0},"position":[6.0,0.00100011611357331,5.58088636398315],"time_ms":22235,"wall_ms":1791487789594.0,"yaw":0.0}
S03R {"entity":1,"event":"apply","pose":{"control":1,"durable":4,"entity":1,"position":[0.0,0.00100011611357331,9.0000114440918],"receipt_ms":22276,"sequence":656,"tick":1350,"velocity":[0.0,0.0,0.0],"yaw":0.0},"position":[0.0,0.00100011611357331,9.0000114440918],"time_ms":22290,"wall_ms":1791487789649.0,"yaw":0.0}
S03R {"entity":2,"event":"apply","pose":{"control":2,"durable":4,"entity":2,"position":[6.0,0.00100011611357331,5.58088636398315],"receipt_ms":22276,"sequence":113,"tick":1350,"velocity":[0.0,0.0,0.0],"yaw":0.0},"position":[6.0,0.00100011611357331,5.58088636398315],"time_ms":22294,"wall_ms":1791487789653.0,"yaw":0.0}
S03R {"entity":1,"event":"apply","pose":{"control":1,"durable":4,"entity":1,"position":[0.0,0.00100011611357331,9.0000114440918],"receipt_ms":22324,"sequence":658,"tick":1353,"velocity":[0.0,0.0,0.0],"yaw":0.0},"position":[0.0,0.00100011611357331,9.0000114440918],"time_ms":22338,"wall_ms":1791487789696.0,"yaw":0.0}
S03R {"entity":2,"event":"apply","pose":{"control":2,"durable":4,"entity":2,"position":[6.0,0.00100011611357331,5.58088636398315],"receipt_ms":22324,"sequence":115,"tick":1353,"velocity":[0.0,0.0,0.0],"yaw":0.0},"position":[6.0,0.00100011611357331,5.58088636398315],"time_ms":22342,"wall_ms":1791487789702.0,"yaw":0.0}
S03R {"entity":1,"event":"apply","pose":{"control":1,"durable":4,"entity":1,"position":[0.0,0.00100011611357331,9.0000114440918],"receipt_ms":22385,"sequence":659,"tick":1356,"velocity":[0.0,0.0,0.0],"yaw":0.0},"position":[0.0,0.00100011611357331,9.0000114440918],"time_ms":22400,"wall_ms":1791487789759.0,"yaw":0.0}
S03R {"entity":2,"event":"apply","pose":{"control":2,"durable":4,"entity":2,"position":[6.0,0.00100011611357331,5.58088636398315],"receipt_ms":22385,"sequence":117,"tick":1356,"velocity":[0.0,0.0,0.0],"yaw":0.0},"position":[6.0,0.00100011611357331,5.58088636398315],"time_ms":22403,"wall_ms":1791487789762.0,"yaw":0.0}
S03R {"accepted":0,"event":"result","failures":[],"max_held_bytes":0,"max_movement_bytes":0,"ok":true,"reason":"HOST_LOST","rejected":{},"role":"client","time_ms":22431,"wall_ms":1791487789790.0}
